2026-08-19 07:39:59,455 [MainThread] [web_gui.backend.server] [INFO] Starting Hypercorn server on http://0.0.0.0:5051
2026-08-19 07:39:59,459 [MainThread] [web_gui.backend.server] [INFO] Thread dump handler ready: kill -USR1 2738
2026-08-19 07:40:00,625 [MainThread] [web_gui.backend.robots.core] [INFO] Polling thread started
2026-08-19 07:40:00,634 [MainThread] [web_gui.backend.robots.core] [INFO] SSE streams started (7 new, 7 total)
2026-08-19 07:40:00,673 [MainThread] [web_gui.backend.server] [INFO] Voice event settings ready: /home/dentium/.local/share/dentium-webgui/config/voice_event_settings.json
2026-08-19 07:40:00,732 [MainThread] [web_gui.backend.server] [INFO] Browser music catalog ready in voice event settings: /home/dentium/.local/share/dentium-webgui/config/voice_event_settings.json
2026-08-19 07:40:00,893 [MainThread] [web_gui.backend.robots.ops] [INFO] Direct ROS2 node ready for latency-sensitive commands
2026-08-19 07:40:00,923 [MainThread] [web_gui.backend.robots.ops] [INFO] ROS2 callbell subscriber ready for /callbell
2026-08-19 09:07:00,016 [ThreadPoolExecutor-1_1] [web_gui.backend.robots.ops] [INFO] ROS2 path topic subscribers ready for /robot_ec2b/plan
2026-08-19 09:07:06,204 [MainThread] [web_gui.backend.robots.ops] [INFO] ROS2 path topic subscribers stopped
2026-08-19 10:30:13,957 [MainThread] [web_gui.backend.server] [INFO] Starting Hypercorn server on http://0.0.0.0:5051
2026-08-19 10:30:13,960 [MainThread] [web_gui.backend.server] [INFO] Thread dump handler ready: kill -USR1 2749
2026-08-19 10:30:15,255 [MainThread] [web_gui.backend.robots.core] [INFO] Polling thread started
2026-08-19 10:30:15,260 [MainThread] [web_gui.backend.robots.core] [INFO] SSE streams started (7 new, 7 total)
2026-08-19 10:30:15,283 [MainThread] [web_gui.backend.server] [INFO] Voice event settings ready: /home/dentium/.local/share/dentium-webgui/config/voice_event_settings.json
2026-08-19 10:30:15,347 [MainThread] [web_gui.backend.server] [INFO] Browser music catalog ready in voice event settings: /home/dentium/.local/share/dentium-webgui/config/voice_event_settings.json
2026-08-19 10:30:15,527 [MainThread] [web_gui.backend.robots.ops] [INFO] Direct ROS2 node ready for latency-sensitive commands
2026-08-19 10:30:15,537 [MainThread] [web_gui.backend.robots.ops] [INFO] ROS2 callbell subscriber ready for /callbell
2026-08-19 12:14:51,039 [MainThread] [web_gui.backend.server] [INFO] Starting Hypercorn server on http://0.0.0.0:5051
2026-08-19 12:14:51,042 [MainThread] [web_gui.backend.server] [INFO] Thread dump handler ready: kill -USR1 2732
2026-08-19 12:14:52,162 [MainThread] [web_gui.backend.robots.core] [INFO] Polling thread started
2026-08-19 12:14:52,194 [MainThread] [web_gui.backend.robots.core] [INFO] SSE streams started (7 new, 7 total)
2026-08-19 12:14:52,237 [MainThread] [web_gui.backend.server] [INFO] Voice event settings ready: /home/dentium/.local/share/dentium-webgui/config/voice_event_settings.json
2026-08-19 12:14:52,288 [MainThread] [web_gui.backend.server] [INFO] Browser music catalog ready in voice event settings: /home/dentium/.local/share/dentium-webgui/config/voice_event_settings.json
2026-08-19 12:14:52,510 [MainThread] [web_gui.backend.robots.ops] [INFO] Direct ROS2 node ready for latency-sensitive commands
2026-08-19 12:14:52,534 [MainThread] [web_gui.backend.robots.ops] [INFO] ROS2 callbell subscriber ready for /callbell
2026-08-19 13:14:27,396 [MainThread] [web_gui.backend.server] [INFO] Starting Hypercorn server on http://0.0.0.0:5051
2026-08-19 13:14:27,399 [MainThread] [web_gui.backend.server] [INFO] Thread dump handler ready: kill -USR1 2723
2026-08-19 13:14:28,559 [MainThread] [web_gui.backend.robots.core] [INFO] Polling thread started
2026-08-19 13:14:28,566 [MainThread] [web_gui.backend.robots.core] [INFO] SSE streams started (7 new, 7 total)
2026-08-19 13:14:28,581 [MainThread] [web_gui.backend.server] [INFO] Voice event settings ready: /home/dentium/.local/share/dentium-webgui/config/voice_event_settings.json
2026-08-19 13:14:28,629 [MainThread] [web_gui.backend.server] [INFO] Browser music catalog ready in voice event settings: /home/dentium/.local/share/dentium-webgui/config/voice_event_settings.json
2026-08-19 13:14:28,805 [MainThread] [web_gui.backend.robots.ops] [INFO] Direct ROS2 node ready for latency-sensitive commands
2026-08-19 13:14:28,815 [MainThread] [web_gui.backend.robots.ops] [INFO] ROS2 callbell subscriber ready for /callbell
2026-08-19 13:15:18,603 [sse-robot_status] [web_gui.backend.robots.core] [INFO] [OpHistory] Started: robot=robot_ec2b source=robot_display op_id=7259
2026-08-19 13:15:39,649 [sse-robot_status] [web_gui.backend.robots.core] [INFO] [OpHistory] Completed: robot=robot_ec2b status=success goal_status=REACHED
2026-08-19 13:15:45,105 [sse-robot_status] [web_gui.backend.robots.core] [INFO] [OpHistory] Started: robot=robot_ec2b source=robot_display op_id=7260
2026-08-19 13:16:05,647 [sse-robot_status] [web_gui.backend.robots.core] [INFO] [OpHistory] Completed: robot=robot_ec2b status=success goal_status=REACHED
2026-08-19 13:16:11,077 [sse-robot_status] [web_gui.backend.robots.core] [INFO] [OpHistory] Started: robot=robot_ec2b source=robot_display op_id=7261
2026-08-19 13:16:31,159 [sse-robot_status] [web_gui.backend.robots.core] [INFO] [OpHistory] Completed: robot=robot_ec2b status=success goal_status=REACHED
2026-08-19 13:16:36,613 [sse-robot_status] [web_gui.backend.robots.core] [INFO] [OpHistory] Started: robot=robot_ec2b source=robot_display op_id=7262
2026-08-19 13:16:57,108 [sse-robot_status] [web_gui.backend.robots.core] [INFO] [OpHistory] Completed: robot=robot_ec2b status=success goal_status=REACHED
2026-08-19 13:17:02,636 [sse-robot_status] [web_gui.backend.robots.core] [INFO] [OpHistory] Started: robot=robot_ec2b source=robot_display op_id=7263
2026-08-19 13:17:22,593 [sse-robot_status] [web_gui.backend.robots.core] [INFO] [OpHistory] Completed: robot=robot_ec2b status=success goal_status=REACHED
2026-08-19 13:17:28,664 [sse-robot_status] [web_gui.backend.robots.core] [INFO] [OpHistory] Started: robot=robot_ec2b source=robot_display op_id=7264
2026-08-19 13:17:49,656 [sse-robot_status] [web_gui.backend.robots.core] [INFO] [OpHistory] Completed: robot=robot_ec2b status=success goal_status=REACHED
2026-08-19 13:17:55,571 [sse-robot_status] [web_gui.backend.robots.core] [INFO] [OpHistory] Started: robot=robot_ec2b source=robot_display op_id=7265
2026-08-19 13:18:15,087 [sse-robot_status] [web_gui.backend.robots.core] [INFO] [OpHistory] Completed: robot=robot_ec2b status=success goal_status=REACHED
2026-08-19 13:18:20,602 [sse-robot_status] [web_gui.backend.robots.core] [INFO] [OpHistory] Started: robot=robot_ec2b source=robot_display op_id=7266
2026-08-19 13:18:40,683 [sse-robot_status] [web_gui.backend.robots.core] [INFO] [OpHistory] Completed: robot=robot_ec2b status=success goal_status=REACHED
2026-08-19 13:18:46,614 [sse-robot_status] [web_gui.backend.robots.core] [INFO] [OpHistory] Started: robot=robot_ec2b source=robot_display op_id=7267
2026-08-19 13:19:05,645 [sse-robot_status] [web_gui.backend.robots.core] [INFO] [OpHistory] Completed: robot=robot_ec2b status=success goal_status=REACHED
2026-08-19 13:19:11,164 [sse-robot_status] [web_gui.backend.robots.core] [INFO] [OpHistory] Started: robot=robot_ec2b source=robot_display op_id=7268
2026-08-19 13:19:31,710 [sse-robot_status] [web_gui.backend.robots.core] [INFO] [OpHistory] Completed: robot=robot_ec2b status=success goal_status=REACHED
2026-08-19 13:19:37,095 [sse-robot_status] [web_gui.backend.robots.core] [INFO] [OpHistory] Started: robot=robot_ec2b source=robot_display op_id=7269
2026-08-19 13:19:59,138 [sse-robot_status] [web_gui.backend.robots.core] [INFO] [OpHistory] Completed: robot=robot_ec2b status=success goal_status=REACHED
2026-08-19 13:20:04,136 [sse-robot_status] [web_gui.backend.robots.core] [INFO] [OpHistory] Started: robot=robot_ec2b source=robot_display op_id=7270
2026-08-19 13:20:24,691 [sse-robot_status] [web_gui.backend.robots.core] [INFO] [OpHistory] Completed: robot=robot_ec2b status=success goal_status=REACHED
2026-08-19 13:20:30,603 [sse-robot_status] [web_gui.backend.robots.core] [INFO] [OpHistory] Started: robot=robot_ec2b source=robot_display op_id=7271
2026-08-19 13:20:51,610 [sse-robot_status] [web_gui.backend.robots.core] [INFO] [OpHistory] Completed: robot=robot_ec2b status=success goal_status=REACHED
2026-08-19 13:20:57,597 [sse-robot_status] [web_gui.backend.robots.core] [INFO] [OpHistory] Started: robot=robot_ec2b source=robot_display op_id=7272
2026-08-19 13:21:17,679 [sse-robot_status] [web_gui.backend.robots.core] [INFO] [OpHistory] Completed: robot=robot_ec2b status=success goal_status=REACHED
2026-08-19 13:21:23,141 [sse-robot_status] [web_gui.backend.robots.core] [INFO] [OpHistory] Started: robot=robot_ec2b source=robot_display op_id=7273
2026-08-19 13:21:46,165 [sse-robot_status] [web_gui.backend.robots.core] [INFO] [OpHistory] Completed: robot=robot_ec2b status=success goal_status=REACHED
2026-08-19 13:21:52,118 [sse-robot_status] [web_gui.backend.robots.core] [INFO] [OpHistory] Started: robot=robot_ec2b source=robot_display op_id=7274
2026-08-19 13:22:13,205 [sse-robot_status] [web_gui.backend.robots.core] [INFO] [OpHistory] Completed: robot=robot_ec2b status=success goal_status=REACHED
2026-08-19 13:22:19,215 [sse-robot_status] [web_gui.backend.robots.core] [INFO] [OpHistory] Started: robot=robot_ec2b source=robot_display op_id=7275
2026-08-19 13:22:40,658 [sse-robot_status] [web_gui.backend.robots.core] [INFO] [OpHistory] Completed: robot=robot_ec2b status=success goal_status=REACHED
2026-08-19 13:22:46,098 [sse-robot_status] [web_gui.backend.robots.core] [INFO] [OpHistory] Started: robot=robot_ec2b source=robot_display op_id=7276
2026-08-19 13:23:06,099 [sse-robot_status] [web_gui.backend.robots.core] [INFO] [OpHistory] Completed: robot=robot_ec2b status=success goal_status=REACHED
2026-08-19 13:23:11,701 [ThreadPoolExecutor-1_1] [web_gui.backend.robots.ops] [INFO] ROS2 path topic subscribers ready for /robot_ec2b/plan
2026-08-19 13:23:12,106 [sse-robot_status] [web_gui.backend.robots.core] [INFO] [OpHistory] Started: robot=robot_ec2b source=robot_display op_id=7277
2026-08-19 13:23:32,109 [sse-robot_status] [web_gui.backend.robots.core] [INFO] [OpHistory] Completed: robot=robot_ec2b status=success goal_status=REACHED
2026-08-19 13:23:32,118 [ThreadPoolExecutor-1_1] [web_gui.backend.robots.ops] [INFO] ROS2 path topic subscribers stopped
2026-08-19 13:23:37,723 [ThreadPoolExecutor-1_0] [web_gui.backend.robots.ops] [INFO] ROS2 path topic subscribers ready for /robot_ec2b/plan
2026-08-19 13:23:38,160 [sse-robot_status] [web_gui.backend.robots.core] [INFO] [OpHistory] Started: robot=robot_ec2b source=robot_display op_id=7278
2026-08-19 13:23:58,692 [sse-robot_status] [web_gui.backend.robots.core] [INFO] [OpHistory] Completed: robot=robot_ec2b status=success goal_status=REACHED
2026-08-19 13:23:58,701 [ThreadPoolExecutor-1_1] [web_gui.backend.robots.ops] [INFO] ROS2 path topic subscribers stopped
2026-08-19 13:24:03,704 [ThreadPoolExecutor-1_1] [web_gui.backend.robots.ops] [INFO] ROS2 path topic subscribers ready for /robot_ec2b/plan
2026-08-19 13:24:04,221 [sse-robot_status] [web_gui.backend.robots.core] [INFO] [OpHistory] Started: robot=robot_ec2b source=robot_display op_id=7279
2026-08-19 13:24:26,206 [sse-robot_status] [web_gui.backend.robots.core] [INFO] [OpHistory] Completed: robot=robot_ec2b status=success goal_status=REACHED
2026-08-19 13:24:26,217 [ThreadPoolExecutor-1_0] [web_gui.backend.robots.ops] [INFO] ROS2 path topic subscribers stopped
2026-08-19 13:24:31,590 [sse-robot_status] [web_gui.backend.robots.core] [INFO] [OpHistory] Started: robot=robot_ec2b source=robot_display op_id=7280
2026-08-19 13:24:31,634 [ThreadPoolExecutor-1_1] [web_gui.backend.robots.ops] [INFO] ROS2 path topic subscribers ready for /robot_ec2b/plan
2026-08-19 13:24:52,612 [sse-robot_status] [web_gui.backend.robots.core] [INFO] [OpHistory] Completed: robot=robot_ec2b status=success goal_status=REACHED
2026-08-19 13:24:52,626 [ThreadPoolExecutor-1_0] [web_gui.backend.robots.ops] [INFO] ROS2 path topic subscribers stopped
2026-08-19 13:24:57,732 [sse-robot_status] [web_gui.backend.robots.core] [INFO] [OpHistory] Started: robot=robot_ec2b source=robot_display op_id=7281
2026-08-19 13:24:57,789 [ThreadPoolExecutor-1_0] [web_gui.backend.robots.ops] [INFO] ROS2 path topic subscribers ready for /robot_ec2b/plan
2026-08-19 13:25:19,125 [sse-robot_status] [web_gui.backend.robots.core] [INFO] [OpHistory] Completed: robot=robot_ec2b status=success goal_status=REACHED
2026-08-19 13:25:19,136 [ThreadPoolExecutor-1_0] [web_gui.backend.robots.ops] [INFO] ROS2 path topic subscribers stopped
2026-08-19 13:25:24,694 [sse-robot_status] [web_gui.backend.robots.core] [INFO] [OpHistory] Started: robot=robot_ec2b source=robot_display op_id=7282
2026-08-19 13:25:24,737 [ThreadPoolExecutor-1_1] [web_gui.backend.robots.ops] [INFO] ROS2 path topic subscribers ready for /robot_ec2b/plan
2026-08-19 13:25:45,201 [sse-robot_status] [web_gui.backend.robots.core] [INFO] [OpHistory] Completed: robot=robot_ec2b status=success goal_status=REACHED
2026-08-19 13:25:45,209 [ThreadPoolExecutor-1_1] [web_gui.backend.robots.ops] [INFO] ROS2 path topic subscribers stopped
2026-08-19 13:25:50,729 [sse-robot_status] [web_gui.backend.robots.core] [INFO] [OpHistory] Started: robot=robot_ec2b source=robot_display op_id=7283
2026-08-19 13:25:50,763 [ThreadPoolExecutor-1_0] [web_gui.backend.robots.ops] [INFO] ROS2 path topic subscribers ready for /robot_ec2b/plan
2026-08-19 13:26:10,640 [sse-robot_status] [web_gui.backend.robots.core] [INFO] [OpHistory] Completed: robot=robot_ec2b status=success goal_status=REACHED
2026-08-19 13:26:10,646 [ThreadPoolExecutor-1_1] [web_gui.backend.robots.ops] [INFO] ROS2 path topic subscribers stopped
2026-08-19 13:26:15,648 [sse-robot_status] [web_gui.backend.robots.core] [INFO] [OpHistory] Started: robot=robot_ec2b source=robot_display op_id=7284
2026-08-19 13:26:15,696 [ThreadPoolExecutor-1_1] [web_gui.backend.robots.ops] [INFO] ROS2 path topic subscribers ready for /robot_ec2b/plan
2026-08-19 13:26:39,126 [sse-robot_status] [web_gui.backend.robots.core] [INFO] [OpHistory] Completed: robot=robot_ec2b status=success goal_status=REACHED
2026-08-19 13:26:39,139 [ThreadPoolExecutor-1_1] [web_gui.backend.robots.ops] [INFO] ROS2 path topic subscribers stopped
2026-08-19 13:26:44,669 [sse-robot_status] [web_gui.backend.robots.core] [INFO] [OpHistory] Started: robot=robot_ec2b source=robot_display op_id=7285
2026-08-19 13:26:44,709 [ThreadPoolExecutor-1_0] [web_gui.backend.robots.ops] [INFO] ROS2 path topic subscribers ready for /robot_ec2b/plan
2026-08-19 13:27:05,690 [sse-robot_status] [web_gui.backend.robots.core] [INFO] [OpHistory] Completed: robot=robot_ec2b status=success goal_status=REACHED
2026-08-19 13:27:05,708 [ThreadPoolExecutor-1_1] [web_gui.backend.robots.ops] [INFO] ROS2 path topic subscribers stopped
2026-08-19 13:27:10,685 [ThreadPoolExecutor-1_1] [web_gui.backend.robots.ops] [INFO] ROS2 path topic subscribers ready for /robot_ec2b/plan
2026-08-19 13:27:11,247 [sse-robot_status] [web_gui.backend.robots.core] [INFO] [OpHistory] Started: robot=robot_ec2b source=robot_display op_id=7286
2026-08-19 13:27:31,199 [sse-robot_status] [web_gui.backend.robots.core] [INFO] [OpHistory] Completed: robot=robot_ec2b status=success goal_status=REACHED
2026-08-19 13:27:31,207 [ThreadPoolExecutor-1_0] [web_gui.backend.robots.ops] [INFO] ROS2 path topic subscribers stopped
2026-08-19 13:27:36,594 [sse-robot_status] [web_gui.backend.robots.core] [INFO] [OpHistory] Started: robot=robot_ec2b source=robot_display op_id=7287
2026-08-19 13:27:36,633 [ThreadPoolExecutor-1_1] [web_gui.backend.robots.ops] [INFO] ROS2 path topic subscribers ready for /robot_ec2b/plan
2026-08-19 13:27:58,144 [sse-robot_status] [web_gui.backend.robots.core] [INFO] [OpHistory] Completed: robot=robot_ec2b status=success goal_status=REACHED
2026-08-19 13:27:58,157 [ThreadPoolExecutor-1_0] [web_gui.backend.robots.ops] [INFO] ROS2 path topic subscribers stopped
2026-08-19 13:28:03,676 [sse-robot_status] [web_gui.backend.robots.core] [INFO] [OpHistory] Started: robot=robot_ec2b source=robot_display op_id=7288
2026-08-19 13:28:03,707 [ThreadPoolExecutor-1_1] [web_gui.backend.robots.ops] [INFO] ROS2 path topic subscribers ready for /robot_ec2b/plan
2026-08-19 13:28:24,165 [sse-robot_status] [web_gui.backend.robots.core] [INFO] [OpHistory] Completed: robot=robot_ec2b status=success goal_status=REACHED
2026-08-19 13:28:24,176 [ThreadPoolExecutor-1_1] [web_gui.backend.robots.ops] [INFO] ROS2 path topic subscribers stopped
2026-08-19 13:28:29,126 [ThreadPoolExecutor-1_1] [web_gui.backend.robots.ops] [INFO] ROS2 path topic subscribers ready for /robot_ec2b/plan
2026-08-19 13:28:29,682 [sse-robot_status] [web_gui.backend.robots.core] [INFO] [OpHistory] Started: robot=robot_ec2b source=robot_display op_id=7289
2026-08-19 13:28:49,212 [sse-robot_status] [web_gui.backend.robots.core] [INFO] [OpHistory] Completed: robot=robot_ec2b status=success goal_status=REACHED
2026-08-19 13:28:49,219 [ThreadPoolExecutor-1_0] [web_gui.backend.robots.ops] [INFO] ROS2 path topic subscribers stopped
2026-08-19 13:28:54,174 [ThreadPoolExecutor-1_0] [web_gui.backend.robots.ops] [INFO] ROS2 path topic subscribers ready for /robot_ec2b/plan
2026-08-19 13:28:54,767 [sse-robot_status] [web_gui.backend.robots.core] [INFO] [OpHistory] Started: robot=robot_ec2b source=robot_display op_id=7290
2026-08-19 13:29:14,646 [sse-robot_status] [web_gui.backend.robots.core] [INFO] [OpHistory] Completed: robot=robot_ec2b status=success goal_status=REACHED
2026-08-19 13:29:14,651 [ThreadPoolExecutor-1_0] [web_gui.backend.robots.ops] [INFO] ROS2 path topic subscribers stopped
2026-08-19 13:29:20,182 [ThreadPoolExecutor-1_1] [web_gui.backend.robots.ops] [INFO] ROS2 path topic subscribers ready for /robot_ec2b/plan
2026-08-19 13:29:20,587 [sse-robot_status] [web_gui.backend.robots.core] [INFO] [OpHistory] Started: robot=robot_ec2b source=robot_display op_id=7291
2026-08-19 13:29:40,650 [sse-robot_status] [web_gui.backend.robots.core] [INFO] [OpHistory] Completed: robot=robot_ec2b status=success goal_status=REACHED
2026-08-19 13:29:40,658 [ThreadPoolExecutor-1_0] [web_gui.backend.robots.ops] [INFO] ROS2 path topic subscribers stopped
2026-08-19 13:29:46,161 [sse-robot_status] [web_gui.backend.robots.core] [INFO] [OpHistory] Started: robot=robot_ec2b source=robot_display op_id=7292
2026-08-19 13:29:46,204 [ThreadPoolExecutor-1_1] [web_gui.backend.robots.ops] [INFO] ROS2 path topic subscribers ready for /robot_ec2b/plan
2026-08-19 13:30:07,203 [sse-robot_status] [web_gui.backend.robots.core] [INFO] [OpHistory] Completed: robot=robot_ec2b status=success goal_status=REACHED
2026-08-19 13:30:07,209 [ThreadPoolExecutor-1_1] [web_gui.backend.robots.ops] [INFO] ROS2 path topic subscribers stopped
2026-08-19 13:30:13,195 [ThreadPoolExecutor-1_0] [web_gui.backend.robots.ops] [INFO] ROS2 path topic subscribers ready for /robot_ec2b/plan
2026-08-19 13:30:13,613 [sse-robot_status] [web_gui.backend.robots.core] [INFO] [OpHistory] Started: robot=robot_ec2b source=robot_display op_id=7293
2026-08-19 13:30:32,608 [sse-robot_status] [web_gui.backend.robots.core] [INFO] [OpHistory] Completed: robot=robot_ec2b status=success goal_status=REACHED
2026-08-19 13:30:32,622 [ThreadPoolExecutor-1_0] [web_gui.backend.robots.ops] [INFO] ROS2 path topic subscribers stopped
2026-08-19 13:30:38,173 [sse-robot_status] [web_gui.backend.robots.core] [INFO] [OpHistory] Started: robot=robot_ec2b source=robot_display op_id=7294
2026-08-19 13:30:38,201 [ThreadPoolExecutor-1_1] [web_gui.backend.robots.ops] [INFO] ROS2 path topic subscribers ready for /robot_ec2b/plan
2026-08-19 13:30:59,220 [sse-robot_status] [web_gui.backend.robots.core] [INFO] [OpHistory] Completed: robot=robot_ec2b status=success goal_status=REACHED
2026-08-19 13:30:59,227 [ThreadPoolExecutor-1_1] [web_gui.backend.robots.ops] [INFO] ROS2 path topic subscribers stopped
2026-08-19 13:31:04,732 [ThreadPoolExecutor-1_0] [web_gui.backend.robots.ops] [INFO] ROS2 path topic subscribers ready for /robot_ec2b/plan
2026-08-19 13:31:05,218 [sse-robot_status] [web_gui.backend.robots.core] [INFO] [OpHistory] Started: robot=robot_ec2b source=robot_display op_id=7295
2026-08-19 13:31:28,703 [sse-robot_status] [web_gui.backend.robots.core] [INFO] [OpHistory] Completed: robot=robot_ec2b status=success goal_status=REACHED
2026-08-19 13:31:28,713 [ThreadPoolExecutor-1_1] [web_gui.backend.robots.ops] [INFO] ROS2 path topic subscribers stopped
2026-08-19 13:31:33,712 [ThreadPoolExecutor-1_0] [web_gui.backend.robots.ops] [INFO] ROS2 path topic subscribers ready for /robot_ec2b/plan
2026-08-19 13:31:34,123 [sse-robot_status] [web_gui.backend.robots.core] [INFO] [OpHistory] Started: robot=robot_ec2b source=robot_display op_id=7296
2026-08-19 13:31:54,640 [sse-robot_status] [web_gui.backend.robots.core] [INFO] [OpHistory] Completed: robot=robot_ec2b status=success goal_status=REACHED
2026-08-19 13:31:54,648 [ThreadPoolExecutor-1_0] [web_gui.backend.robots.ops] [INFO] ROS2 path topic subscribers stopped
2026-08-19 13:31:59,676 [ThreadPoolExecutor-1_1] [web_gui.backend.robots.ops] [INFO] ROS2 path topic subscribers ready for /robot_ec2b/plan
2026-08-19 13:32:00,196 [sse-robot_status] [web_gui.backend.robots.core] [INFO] [OpHistory] Started: robot=robot_ec2b source=robot_display op_id=7297
2026-08-19 13:32:20,608 [sse-robot_status] [web_gui.backend.robots.core] [INFO] [OpHistory] Completed: robot=robot_ec2b status=success goal_status=REACHED
2026-08-19 13:32:20,615 [ThreadPoolExecutor-1_1] [web_gui.backend.robots.ops] [INFO] ROS2 path topic subscribers stopped
2026-08-19 13:32:26,704 [sse-robot_status] [web_gui.backend.robots.core] [INFO] [OpHistory] Started: robot=robot_ec2b source=robot_display op_id=7298
2026-08-19 13:32:26,739 [ThreadPoolExecutor-1_1] [web_gui.backend.robots.ops] [INFO] ROS2 path topic subscribers ready for /robot_ec2b/plan
2026-08-19 13:32:47,164 [sse-robot_status] [web_gui.backend.robots.core] [INFO] [OpHistory] Completed: robot=robot_ec2b status=success goal_status=REACHED
2026-08-19 13:32:47,183 [ThreadPoolExecutor-1_1] [web_gui.backend.robots.ops] [INFO] ROS2 path topic subscribers stopped
2026-08-19 13:32:52,706 [sse-robot_status] [web_gui.backend.robots.core] [INFO] [OpHistory] Started: robot=robot_ec2b source=robot_display op_id=7299
2026-08-19 13:32:52,746 [ThreadPoolExecutor-1_0] [web_gui.backend.robots.ops] [INFO] ROS2 path topic subscribers ready for /robot_ec2b/plan
2026-08-19 13:33:16,191 [sse-robot_status] [web_gui.backend.robots.core] [INFO] [OpHistory] Completed: robot=robot_ec2b status=success goal_status=REACHED
2026-08-19 13:33:16,209 [ThreadPoolExecutor-1_1] [web_gui.backend.robots.ops] [INFO] ROS2 path topic subscribers stopped
2026-08-19 13:33:21,202 [ThreadPoolExecutor-1_1] [web_gui.backend.robots.ops] [INFO] ROS2 path topic subscribers ready for /robot_ec2b/plan
2026-08-19 13:33:21,612 [sse-robot_status] [web_gui.backend.robots.core] [INFO] [OpHistory] Started: robot=robot_ec2b source=robot_display op_id=7300
2026-08-19 13:33:42,157 [sse-robot_status] [web_gui.backend.robots.core] [INFO] [OpHistory] Completed: robot=robot_ec2b status=success goal_status=REACHED
2026-08-19 13:33:42,171 [ThreadPoolExecutor-1_1] [web_gui.backend.robots.ops] [INFO] ROS2 path topic subscribers stopped
2026-08-19 13:33:47,138 [ThreadPoolExecutor-1_1] [web_gui.backend.robots.ops] [INFO] ROS2 path topic subscribers ready for /robot_ec2b/plan
2026-08-19 13:33:47,707 [sse-robot_status] [web_gui.backend.robots.core] [INFO] [OpHistory] Started: robot=robot_ec2b source=robot_display op_id=7301
2026-08-19 13:34:09,205 [sse-robot_status] [web_gui.backend.robots.core] [INFO] [OpHistory] Completed: robot=robot_ec2b status=success goal_status=REACHED
2026-08-19 13:34:09,213 [ThreadPoolExecutor-1_1] [web_gui.backend.robots.ops] [INFO] ROS2 path topic subscribers stopped
2026-08-19 13:34:14,183 [ThreadPoolExecutor-1_1] [web_gui.backend.robots.ops] [INFO] ROS2 path topic subscribers ready for /robot_ec2b/plan
2026-08-19 13:34:14,744 [sse-robot_status] [web_gui.backend.robots.core] [INFO] [OpHistory] Started: robot=robot_ec2b source=robot_display op_id=7302
2026-08-19 13:34:34,725 [sse-robot_status] [web_gui.backend.robots.core] [INFO] [OpHistory] Completed: robot=robot_ec2b status=success goal_status=REACHED
2026-08-19 13:34:34,752 [ThreadPoolExecutor-1_1] [web_gui.backend.robots.ops] [INFO] ROS2 path topic subscribers stopped
2026-08-19 13:34:40,643 [sse-robot_status] [web_gui.backend.robots.core] [INFO] [OpHistory] Started: robot=robot_ec2b source=robot_display op_id=7303
2026-08-19 13:34:40,734 [ThreadPoolExecutor-1_1] [web_gui.backend.robots.ops] [INFO] ROS2 path topic subscribers ready for /robot_ec2b/plan
2026-08-19 13:35:00,663 [sse-robot_status] [web_gui.backend.robots.core] [INFO] [OpHistory] Completed: robot=robot_ec2b status=success goal_status=REACHED
2026-08-19 13:35:00,679 [ThreadPoolExecutor-1_0] [web_gui.backend.robots.ops] [INFO] ROS2 path topic subscribers stopped
2026-08-19 13:35:06,194 [ThreadPoolExecutor-1_1] [web_gui.backend.robots.ops] [INFO] ROS2 path topic subscribers ready for /robot_ec2b/plan
2026-08-19 13:35:06,624 [sse-robot_status] [web_gui.backend.robots.core] [INFO] [OpHistory] Started: robot=robot_ec2b source=robot_display op_id=7304
2026-08-19 13:35:27,692 [sse-robot_status] [web_gui.backend.robots.core] [INFO] [OpHistory] Completed: robot=robot_ec2b status=success goal_status=REACHED
2026-08-19 13:35:27,700 [ThreadPoolExecutor-1_0] [web_gui.backend.robots.ops] [INFO] ROS2 path topic subscribers stopped
2026-08-19 13:35:33,213 [ThreadPoolExecutor-1_1] [web_gui.backend.robots.ops] [INFO] ROS2 path topic subscribers ready for /robot_ec2b/plan
2026-08-19 13:35:33,628 [sse-robot_status] [web_gui.backend.robots.core] [INFO] [OpHistory] Started: robot=robot_ec2b source=robot_display op_id=7305
2026-08-19 13:35:54,131 [sse-robot_status] [web_gui.backend.robots.core] [INFO] [OpHistory] Completed: robot=robot_ec2b status=success goal_status=REACHED
2026-08-19 13:35:54,138 [ThreadPoolExecutor-1_1] [web_gui.backend.robots.ops] [INFO] ROS2 path topic subscribers stopped
2026-08-19 13:36:00,132 [sse-robot_status] [web_gui.backend.robots.core] [INFO] [OpHistory] Started: robot=robot_ec2b source=robot_display op_id=7306
2026-08-19 13:36:00,173 [ThreadPoolExecutor-1_1] [web_gui.backend.robots.ops] [INFO] ROS2 path topic subscribers ready for /robot_ec2b/plan
2026-08-19 13:36:21,089 [sse-robot_status] [web_gui.backend.robots.core] [INFO] [OpHistory] Completed: robot=robot_ec2b status=success goal_status=REACHED
2026-08-19 13:36:21,096 [ThreadPoolExecutor-1_0] [web_gui.backend.robots.ops] [INFO] ROS2 path topic subscribers stopped
2026-08-19 13:36:26,141 [sse-robot_status] [web_gui.backend.robots.core] [INFO] [OpHistory] Started: robot=robot_ec2b source=robot_display op_id=7307
2026-08-19 13:36:26,206 [ThreadPoolExecutor-1_1] [web_gui.backend.robots.ops] [INFO] ROS2 path topic subscribers ready for /robot_ec2b/plan
2026-08-19 13:36:46,611 [sse-robot_status] [web_gui.backend.robots.core] [INFO] [OpHistory] Completed: robot=robot_ec2b status=success goal_status=REACHED
2026-08-19 13:36:46,619 [ThreadPoolExecutor-1_1] [web_gui.backend.robots.ops] [INFO] ROS2 path topic subscribers stopped
2026-08-19 13:36:52,116 [ThreadPoolExecutor-1_0] [web_gui.backend.robots.ops] [INFO] ROS2 path topic subscribers ready for /robot_ec2b/plan
2026-08-19 13:36:52,683 [sse-robot_status] [web_gui.backend.robots.core] [INFO] [OpHistory] Started: robot=robot_ec2b source=robot_display op_id=7308
2026-08-19 13:37:13,115 [sse-robot_status] [web_gui.backend.robots.core] [INFO] [OpHistory] Completed: robot=robot_ec2b status=success goal_status=REACHED
2026-08-19 13:37:13,126 [ThreadPoolExecutor-1_0] [web_gui.backend.robots.ops] [INFO] ROS2 path topic subscribers stopped
2026-08-19 13:37:18,108 [sse-robot_status] [web_gui.backend.robots.core] [INFO] [OpHistory] Started: robot=robot_ec2b source=robot_display op_id=7309
2026-08-19 13:37:18,143 [ThreadPoolExecutor-1_0] [web_gui.backend.robots.ops] [INFO] ROS2 path topic subscribers ready for /robot_ec2b/plan
2026-08-19 13:37:41,706 [sse-robot_status] [web_gui.backend.robots.core] [INFO] [OpHistory] Completed: robot=robot_ec2b status=success goal_status=REACHED
2026-08-19 13:37:41,715 [ThreadPoolExecutor-1_1] [web_gui.backend.robots.ops] [INFO] ROS2 path topic subscribers stopped
2026-08-19 13:37:47,136 [sse-robot_status] [web_gui.backend.robots.core] [INFO] [OpHistory] Started: robot=robot_ec2b source=robot_display op_id=7310
2026-08-19 13:37:47,218 [ThreadPoolExecutor-1_0] [web_gui.backend.robots.ops] [INFO] ROS2 path topic subscribers ready for /robot_ec2b/plan
2026-08-19 13:38:07,602 [sse-robot_status] [web_gui.backend.robots.core] [INFO] [OpHistory] Completed: robot=robot_ec2b status=success goal_status=REACHED
2026-08-19 13:38:07,608 [ThreadPoolExecutor-1_1] [web_gui.backend.robots.ops] [INFO] ROS2 path topic subscribers stopped
2026-08-19 13:38:13,197 [sse-robot_status] [web_gui.backend.robots.core] [INFO] [OpHistory] Started: robot=robot_ec2b source=robot_display op_id=7311
2026-08-19 13:38:13,241 [ThreadPoolExecutor-1_1] [web_gui.backend.robots.ops] [INFO] ROS2 path topic subscribers ready for /robot_ec2b/plan
2026-08-19 13:38:35,221 [sse-robot_status] [web_gui.backend.robots.core] [INFO] [OpHistory] Completed: robot=robot_ec2b status=success goal_status=REACHED
2026-08-19 13:38:35,228 [ThreadPoolExecutor-1_0] [web_gui.backend.robots.ops] [INFO] ROS2 path topic subscribers stopped
2026-08-19 13:38:41,228 [sse-robot_status] [web_gui.backend.robots.core] [INFO] [OpHistory] Started: robot=robot_ec2b source=robot_display op_id=7312
2026-08-19 13:38:41,265 [ThreadPoolExecutor-1_1] [web_gui.backend.robots.ops] [INFO] ROS2 path topic subscribers ready for /robot_ec2b/plan
2026-08-19 13:39:02,170 [sse-robot_status] [web_gui.backend.robots.core] [INFO] [OpHistory] Completed: robot=robot_ec2b status=success goal_status=REACHED
2026-08-19 13:39:02,181 [ThreadPoolExecutor-1_1] [web_gui.backend.robots.ops] [INFO] ROS2 path topic subscribers stopped
2026-08-19 13:39:08,167 [sse-robot_status] [web_gui.backend.robots.core] [INFO] [OpHistory] Started: robot=robot_ec2b source=robot_display op_id=7313
2026-08-19 13:39:08,195 [ThreadPoolExecutor-1_0] [web_gui.backend.robots.ops] [INFO] ROS2 path topic subscribers ready for /robot_ec2b/plan
2026-08-19 13:39:32,177 [sse-robot_status] [web_gui.backend.robots.core] [INFO] [OpHistory] Completed: robot=robot_ec2b status=success goal_status=REACHED
2026-08-19 13:39:32,206 [ThreadPoolExecutor-1_0] [web_gui.backend.robots.ops] [INFO] ROS2 path topic subscribers stopped
2026-08-19 13:39:37,619 [ThreadPoolExecutor-1_0] [web_gui.backend.robots.ops] [INFO] ROS2 path topic subscribers ready for /robot_ec2b/plan
2026-08-19 13:39:38,167 [sse-robot_status] [web_gui.backend.robots.core] [INFO] [OpHistory] Started: robot=robot_ec2b source=robot_display op_id=7314
2026-08-19 13:39:58,646 [sse-robot_status] [web_gui.backend.robots.core] [INFO] [OpHistory] Completed: robot=robot_ec2b status=success goal_status=REACHED
2026-08-19 13:39:58,658 [ThreadPoolExecutor-1_0] [web_gui.backend.robots.ops] [INFO] ROS2 path topic subscribers stopped
2026-08-19 13:40:03,614 [ThreadPoolExecutor-1_0] [web_gui.backend.robots.ops] [INFO] ROS2 path topic subscribers ready for /robot_ec2b/plan
2026-08-19 13:40:04,175 [sse-robot_status] [web_gui.backend.robots.core] [INFO] [OpHistory] Started: robot=robot_ec2b source=robot_display op_id=7315
2026-08-19 13:40:25,696 [sse-robot_status] [web_gui.backend.robots.core] [INFO] [OpHistory] Completed: robot=robot_ec2b status=success goal_status=REACHED
2026-08-19 13:40:25,705 [ThreadPoolExecutor-1_0] [web_gui.backend.robots.ops] [INFO] ROS2 path topic subscribers stopped
2026-08-19 13:40:30,678 [sse-robot_status] [web_gui.backend.robots.core] [INFO] [OpHistory] Started: robot=robot_ec2b source=robot_display op_id=7316
2026-08-19 13:40:30,706 [ThreadPoolExecutor-1_0] [web_gui.backend.robots.ops] [INFO] ROS2 path topic subscribers ready for /robot_ec2b/plan
2026-08-19 13:40:51,725 [sse-robot_status] [web_gui.backend.robots.core] [INFO] [OpHistory] Completed: robot=robot_ec2b status=success goal_status=REACHED
2026-08-19 13:40:51,736 [ThreadPoolExecutor-1_1] [web_gui.backend.robots.ops] [INFO] ROS2 path topic subscribers stopped
2026-08-19 13:40:56,689 [ThreadPoolExecutor-1_1] [web_gui.backend.robots.ops] [INFO] ROS2 path topic subscribers ready for /robot_ec2b/plan
2026-08-19 13:40:57,132 [sse-robot_status] [web_gui.backend.robots.core] [INFO] [OpHistory] Started: robot=robot_ec2b source=robot_display op_id=7317
2026-08-19 13:41:16,693 [sse-robot_status] [web_gui.backend.robots.core] [INFO] [OpHistory] Completed: robot=robot_ec2b status=success goal_status=REACHED
2026-08-19 13:41:16,699 [ThreadPoolExecutor-1_1] [web_gui.backend.robots.ops] [INFO] ROS2 path topic subscribers stopped
2026-08-19 13:41:22,605 [sse-robot_status] [web_gui.backend.robots.core] [INFO] [OpHistory] Started: robot=robot_ec2b source=robot_display op_id=7318
2026-08-19 13:41:22,632 [ThreadPoolExecutor-1_1] [web_gui.backend.robots.ops] [INFO] ROS2 path topic subscribers ready for /robot_ec2b/plan
2026-08-19 13:41:43,188 [sse-robot_status] [web_gui.backend.robots.core] [INFO] [OpHistory] Completed: robot=robot_ec2b status=success goal_status=REACHED
2026-08-19 13:41:43,196 [ThreadPoolExecutor-1_1] [web_gui.backend.robots.ops] [INFO] ROS2 path topic subscribers stopped
2026-08-19 13:41:48,132 [ThreadPoolExecutor-1_1] [web_gui.backend.robots.ops] [INFO] ROS2 path topic subscribers ready for /robot_ec2b/plan
2026-08-19 13:41:48,728 [sse-robot_status] [web_gui.backend.robots.core] [INFO] [OpHistory] Started: robot=robot_ec2b source=robot_display op_id=7319
2026-08-19 13:42:11,208 [sse-robot_status] [web_gui.backend.robots.core] [INFO] [OpHistory] Completed: robot=robot_ec2b status=success goal_status=REACHED
2026-08-19 13:42:11,218 [ThreadPoolExecutor-1_1] [web_gui.backend.robots.ops] [INFO] ROS2 path topic subscribers stopped
2026-08-19 13:42:16,568 [sse-robot_status] [web_gui.backend.robots.core] [INFO] [OpHistory] Started: robot=robot_ec2b source=robot_display op_id=7320
2026-08-19 13:42:16,598 [ThreadPoolExecutor-1_0] [web_gui.backend.robots.ops] [INFO] ROS2 path topic subscribers ready for /robot_ec2b/plan
2026-08-19 13:42:37,609 [sse-robot_status] [web_gui.backend.robots.core] [INFO] [OpHistory] Completed: robot=robot_ec2b status=success goal_status=REACHED
2026-08-19 13:42:37,620 [ThreadPoolExecutor-1_0] [web_gui.backend.robots.ops] [INFO] ROS2 path topic subscribers stopped
2026-08-19 13:42:43,208 [ThreadPoolExecutor-1_0] [web_gui.backend.robots.ops] [INFO] ROS2 path topic subscribers ready for /robot_ec2b/plan
2026-08-19 13:42:43,603 [sse-robot_status] [web_gui.backend.robots.core] [INFO] [OpHistory] Started: robot=robot_ec2b source=robot_display op_id=7321
2026-08-19 13:43:04,103 [sse-robot_status] [web_gui.backend.robots.core] [INFO] [OpHistory] Completed: robot=robot_ec2b status=success goal_status=REACHED
2026-08-19 13:43:04,112 [ThreadPoolExecutor-1_1] [web_gui.backend.robots.ops] [INFO] ROS2 path topic subscribers stopped
2026-08-19 13:43:09,121 [ThreadPoolExecutor-1_0] [web_gui.backend.robots.ops] [INFO] ROS2 path topic subscribers ready for /robot_ec2b/plan
2026-08-19 13:43:09,679 [sse-robot_status] [web_gui.backend.robots.core] [INFO] [OpHistory] Started: robot=robot_ec2b source=robot_display op_id=7322
2026-08-19 13:43:30,177 [sse-robot_status] [web_gui.backend.robots.core] [INFO] [OpHistory] Completed: robot=robot_ec2b status=success goal_status=REACHED
2026-08-19 13:43:30,185 [ThreadPoolExecutor-1_0] [web_gui.backend.robots.ops] [INFO] ROS2 path topic subscribers stopped
2026-08-19 13:43:35,206 [sse-robot_status] [web_gui.backend.robots.core] [INFO] [OpHistory] Started: robot=robot_ec2b source=robot_display op_id=7323
2026-08-19 13:43:35,246 [ThreadPoolExecutor-1_1] [web_gui.backend.robots.ops] [INFO] ROS2 path topic subscribers ready for /robot_ec2b/plan
2026-08-19 13:43:56,110 [sse-robot_status] [web_gui.backend.robots.core] [INFO] [OpHistory] Completed: robot=robot_ec2b status=success goal_status=REACHED
2026-08-19 13:43:56,117 [ThreadPoolExecutor-1_0] [web_gui.backend.robots.ops] [INFO] ROS2 path topic subscribers stopped
2026-08-19 13:44:02,112 [sse-robot_status] [web_gui.backend.robots.core] [INFO] [OpHistory] Started: robot=robot_ec2b source=robot_display op_id=7324
2026-08-19 13:44:02,142 [ThreadPoolExecutor-1_1] [web_gui.backend.robots.ops] [INFO] ROS2 path topic subscribers ready for /robot_ec2b/plan
2026-08-19 13:44:23,203 [sse-robot_status] [web_gui.backend.robots.core] [INFO] [OpHistory] Completed: robot=robot_ec2b status=success goal_status=REACHED
2026-08-19 13:44:23,216 [ThreadPoolExecutor-1_0] [web_gui.backend.robots.ops] [INFO] ROS2 path topic subscribers stopped
2026-08-19 13:44:29,205 [sse-robot_status] [web_gui.backend.robots.core] [INFO] [OpHistory] Started: robot=robot_ec2b source=robot_display op_id=7325
2026-08-19 13:44:29,229 [ThreadPoolExecutor-1_0] [web_gui.backend.robots.ops] [INFO] ROS2 path topic subscribers ready for /robot_ec2b/plan
2026-08-19 13:44:50,096 [sse-robot_status] [web_gui.backend.robots.core] [INFO] [OpHistory] Completed: robot=robot_ec2b status=success goal_status=REACHED
2026-08-19 13:44:50,106 [ThreadPoolExecutor-1_1] [web_gui.backend.robots.ops] [INFO] ROS2 path topic subscribers stopped
2026-08-19 13:44:55,602 [ThreadPoolExecutor-1_0] [web_gui.backend.robots.ops] [INFO] ROS2 path topic subscribers ready for /robot_ec2b/plan
2026-08-19 13:44:56,209 [sse-robot_status] [web_gui.backend.robots.core] [INFO] [OpHistory] Started: robot=robot_ec2b source=robot_display op_id=7326
2026-08-19 13:45:16,618 [sse-robot_status] [web_gui.backend.robots.core] [INFO] [OpHistory] Completed: robot=robot_ec2b status=success goal_status=REACHED
2026-08-19 13:45:16,626 [ThreadPoolExecutor-1_1] [web_gui.backend.robots.ops] [INFO] ROS2 path topic subscribers stopped
2026-08-19 13:45:21,741 [ThreadPoolExecutor-1_1] [web_gui.backend.robots.ops] [INFO] ROS2 path topic subscribers ready for /robot_ec2b/plan
2026-08-19 13:45:22,216 [sse-robot_status] [web_gui.backend.robots.core] [INFO] [OpHistory] Started: robot=robot_ec2b source=robot_display op_id=7327
2026-08-19 13:45:42,609 [sse-robot_status] [web_gui.backend.robots.core] [INFO] [OpHistory] Completed: robot=robot_ec2b status=success goal_status=REACHED
2026-08-19 13:45:42,615 [ThreadPoolExecutor-1_0] [web_gui.backend.robots.ops] [INFO] ROS2 path topic subscribers stopped
2026-08-19 13:45:47,727 [sse-robot_status] [web_gui.backend.robots.core] [INFO] [OpHistory] Started: robot=robot_ec2b source=robot_display op_id=7328
2026-08-19 13:45:47,760 [ThreadPoolExecutor-1_0] [web_gui.backend.robots.ops] [INFO] ROS2 path topic subscribers ready for /robot_ec2b/plan
2026-08-19 13:46:08,161 [sse-robot_status] [web_gui.backend.robots.core] [INFO] [OpHistory] Completed: robot=robot_ec2b status=success goal_status=REACHED
2026-08-19 13:46:08,168 [ThreadPoolExecutor-1_1] [web_gui.backend.robots.ops] [INFO] ROS2 path topic subscribers stopped
2026-08-19 13:46:13,697 [ThreadPoolExecutor-1_0] [web_gui.backend.robots.ops] [INFO] ROS2 path topic subscribers ready for /robot_ec2b/plan
2026-08-19 13:46:14,109 [sse-robot_status] [web_gui.backend.robots.core] [INFO] [OpHistory] Started: robot=robot_ec2b source=robot_display op_id=7329
2026-08-19 13:46:34,100 [sse-robot_status] [web_gui.backend.robots.core] [INFO] [OpHistory] Completed: robot=robot_ec2b status=success goal_status=REACHED
2026-08-19 13:46:34,108 [ThreadPoolExecutor-1_0] [web_gui.backend.robots.ops] [INFO] ROS2 path topic subscribers stopped
2026-08-19 13:46:39,693 [sse-robot_status] [web_gui.backend.robots.core] [INFO] [OpHistory] Started: robot=robot_ec2b source=robot_display op_id=7330
2026-08-19 13:46:39,730 [ThreadPoolExecutor-1_0] [web_gui.backend.robots.ops] [INFO] ROS2 path topic subscribers ready for /robot_ec2b/plan
2026-08-19 13:47:00,707 [sse-robot_status] [web_gui.backend.robots.core] [INFO] [OpHistory] Completed: robot=robot_ec2b status=success goal_status=REACHED
2026-08-19 13:47:00,715 [ThreadPoolExecutor-1_1] [web_gui.backend.robots.ops] [INFO] ROS2 path topic subscribers stopped
2026-08-19 13:47:05,734 [ThreadPoolExecutor-1_0] [web_gui.backend.robots.ops] [INFO] ROS2 path topic subscribers ready for /robot_ec2b/plan
2026-08-19 13:47:06,132 [sse-robot_status] [web_gui.backend.robots.core] [INFO] [OpHistory] Started: robot=robot_ec2b source=robot_display op_id=7331
2026-08-19 13:47:27,194 [sse-robot_status] [web_gui.backend.robots.core] [INFO] [OpHistory] Completed: robot=robot_ec2b status=success goal_status=REACHED
2026-08-19 13:47:27,204 [ThreadPoolExecutor-1_1] [web_gui.backend.robots.ops] [INFO] ROS2 path topic subscribers stopped
2026-08-19 13:47:32,682 [sse-robot_status] [web_gui.backend.robots.core] [INFO] [OpHistory] Started: robot=robot_ec2b source=robot_display op_id=7332
2026-08-19 13:47:32,715 [ThreadPoolExecutor-1_0] [web_gui.backend.robots.ops] [INFO] ROS2 path topic subscribers ready for /robot_ec2b/plan
2026-08-19 13:47:53,608 [sse-robot_status] [web_gui.backend.robots.core] [INFO] [OpHistory] Completed: robot=robot_ec2b status=success goal_status=REACHED
2026-08-19 13:47:53,616 [ThreadPoolExecutor-1_0] [web_gui.backend.robots.ops] [INFO] ROS2 path topic subscribers stopped
2026-08-19 13:47:59,687 [sse-robot_status] [web_gui.backend.robots.core] [INFO] [OpHistory] Started: robot=robot_ec2b source=robot_display op_id=7333
2026-08-19 13:47:59,728 [ThreadPoolExecutor-1_0] [web_gui.backend.robots.ops] [INFO] ROS2 path topic subscribers ready for /robot_ec2b/plan
2026-08-19 13:48:19,193 [sse-robot_status] [web_gui.backend.robots.core] [INFO] [OpHistory] Completed: robot=robot_ec2b status=success goal_status=REACHED
2026-08-19 13:48:19,205 [ThreadPoolExecutor-1_0] [web_gui.backend.robots.ops] [INFO] ROS2 path topic subscribers stopped
2026-08-19 13:48:24,187 [ThreadPoolExecutor-1_0] [web_gui.backend.robots.ops] [INFO] ROS2 path topic subscribers ready for /robot_ec2b/plan
2026-08-19 13:48:24,743 [sse-robot_status] [web_gui.backend.robots.core] [INFO] [OpHistory] Started: robot=robot_ec2b source=robot_display op_id=7334
2026-08-19 13:48:45,211 [sse-robot_status] [web_gui.backend.robots.core] [INFO] [OpHistory] Completed: robot=robot_ec2b status=success goal_status=REACHED
2026-08-19 13:48:45,223 [ThreadPoolExecutor-1_1] [web_gui.backend.robots.ops] [INFO] ROS2 path topic subscribers stopped
2026-08-19 13:48:50,172 [ThreadPoolExecutor-1_1] [web_gui.backend.robots.ops] [INFO] ROS2 path topic subscribers ready for /robot_ec2b/plan
2026-08-19 13:48:50,730 [sse-robot_status] [web_gui.backend.robots.core] [INFO] [OpHistory] Started: robot=robot_ec2b source=robot_display op_id=7335
2026-08-19 13:49:10,710 [sse-robot_status] [web_gui.backend.robots.core] [INFO] [OpHistory] Completed: robot=robot_ec2b status=success goal_status=REACHED
2026-08-19 13:49:10,723 [ThreadPoolExecutor-1_1] [web_gui.backend.robots.ops] [INFO] ROS2 path topic subscribers stopped
2026-08-19 13:49:16,113 [sse-robot_status] [web_gui.backend.robots.core] [INFO] [OpHistory] Started: robot=robot_ec2b source=robot_display op_id=7336
2026-08-19 13:49:16,156 [ThreadPoolExecutor-1_0] [web_gui.backend.robots.ops] [INFO] ROS2 path topic subscribers ready for /robot_ec2b/plan
2026-08-19 13:49:36,703 [sse-robot_status] [web_gui.backend.robots.core] [INFO] [OpHistory] Completed: robot=robot_ec2b status=success goal_status=REACHED
2026-08-19 13:49:36,719 [ThreadPoolExecutor-1_0] [web_gui.backend.robots.ops] [INFO] ROS2 path topic subscribers stopped
2026-08-19 13:49:42,084 [sse-robot_status] [web_gui.backend.robots.core] [INFO] [OpHistory] Started: robot=robot_ec2b source=robot_display op_id=7337
2026-08-19 13:49:42,117 [ThreadPoolExecutor-1_0] [web_gui.backend.robots.ops] [INFO] ROS2 path topic subscribers ready for /robot_ec2b/plan
2026-08-19 13:50:04,639 [sse-robot_status] [web_gui.backend.robots.core] [INFO] [OpHistory] Completed: robot=robot_ec2b status=success goal_status=REACHED
2026-08-19 13:50:04,651 [ThreadPoolExecutor-1_1] [web_gui.backend.robots.ops] [INFO] ROS2 path topic subscribers stopped
2026-08-19 13:50:10,179 [sse-robot_status] [web_gui.backend.robots.core] [INFO] [OpHistory] Started: robot=robot_ec2b source=robot_display op_id=7338
2026-08-19 13:50:10,215 [ThreadPoolExecutor-1_0] [web_gui.backend.robots.ops] [INFO] ROS2 path topic subscribers ready for /robot_ec2b/plan
2026-08-19 13:50:31,194 [sse-robot_status] [web_gui.backend.robots.core] [INFO] [OpHistory] Completed: robot=robot_ec2b status=success goal_status=REACHED
2026-08-19 13:50:31,202 [ThreadPoolExecutor-1_0] [web_gui.backend.robots.ops] [INFO] ROS2 path topic subscribers stopped
2026-08-19 13:50:37,133 [sse-robot_status] [web_gui.backend.robots.core] [INFO] [OpHistory] Started: robot=robot_ec2b source=robot_display op_id=7339
2026-08-19 13:50:37,184 [ThreadPoolExecutor-1_0] [web_gui.backend.robots.ops] [INFO] ROS2 path topic subscribers ready for /robot_ec2b/plan
2026-08-19 13:50:58,602 [sse-robot_status] [web_gui.backend.robots.core] [INFO] [OpHistory] Completed: robot=robot_ec2b status=success goal_status=REACHED
2026-08-19 13:50:58,608 [ThreadPoolExecutor-1_1] [web_gui.backend.robots.ops] [INFO] ROS2 path topic subscribers stopped
2026-08-19 13:51:03,628 [ThreadPoolExecutor-1_1] [web_gui.backend.robots.ops] [INFO] ROS2 path topic subscribers ready for /robot_ec2b/plan
2026-08-19 13:51:04,165 [sse-robot_status] [web_gui.backend.robots.core] [INFO] [OpHistory] Started: robot=robot_ec2b source=robot_display op_id=7340
2026-08-19 13:51:24,730 [sse-robot_status] [web_gui.backend.robots.core] [INFO] [OpHistory] Completed: robot=robot_ec2b status=success goal_status=REACHED
2026-08-19 13:51:24,738 [ThreadPoolExecutor-1_0] [web_gui.backend.robots.ops] [INFO] ROS2 path topic subscribers stopped
2026-08-19 13:51:29,702 [ThreadPoolExecutor-1_0] [web_gui.backend.robots.ops] [INFO] ROS2 path topic subscribers ready for /robot_ec2b/plan
2026-08-19 13:51:30,213 [sse-robot_status] [web_gui.backend.robots.core] [INFO] [OpHistory] Started: robot=robot_ec2b source=robot_display op_id=7341
2026-08-19 13:51:36,585 [MainThread] [web_gui.backend.robots.ops] [INFO] ROS2 path topic subscribers stopped
2026-08-19 13:51:48,540 [ThreadPoolExecutor-1_1] [web_gui.backend.robots.ops] [INFO] ROS2 path topic subscribers ready for /robot_ec2b/plan
2026-08-19 13:51:51,604 [sse-robot_status] [web_gui.backend.robots.core] [INFO] [OpHistory] Completed: robot=robot_ec2b status=success goal_status=REACHED
2026-08-19 13:51:51,612 [ThreadPoolExecutor-1_0] [web_gui.backend.robots.ops] [INFO] ROS2 path topic subscribers stopped
2026-08-19 13:51:57,725 [ThreadPoolExecutor-1_1] [web_gui.backend.robots.ops] [INFO] ROS2 path topic subscribers ready for /robot_ec2b/plan
2026-08-19 13:51:58,086 [sse-robot_status] [web_gui.backend.robots.core] [INFO] [OpHistory] Started: robot=robot_ec2b source=robot_display op_id=7342
2026-08-19 13:52:18,181 [sse-robot_status] [web_gui.backend.robots.core] [INFO] [OpHistory] Completed: robot=robot_ec2b status=success goal_status=REACHED
2026-08-19 13:52:18,193 [ThreadPoolExecutor-1_2] [web_gui.backend.robots.ops] [INFO] ROS2 path topic subscribers stopped
2026-08-19 13:52:23,723 [ThreadPoolExecutor-1_0] [web_gui.backend.robots.ops] [INFO] ROS2 path topic subscribers ready for /robot_ec2b/plan
2026-08-19 13:52:24,161 [sse-robot_status] [web_gui.backend.robots.core] [INFO] [OpHistory] Started: robot=robot_ec2b source=robot_display op_id=7343
2026-08-19 13:52:47,163 [sse-robot_status] [web_gui.backend.robots.core] [INFO] [OpHistory] Completed: robot=robot_ec2b status=success goal_status=REACHED
2026-08-19 13:52:47,175 [ThreadPoolExecutor-1_1] [web_gui.backend.robots.ops] [INFO] ROS2 path topic subscribers stopped
2026-08-19 13:52:52,596 [sse-robot_status] [web_gui.backend.robots.core] [INFO] [OpHistory] Started: robot=robot_ec2b source=robot_display op_id=7344
2026-08-19 13:52:52,631 [ThreadPoolExecutor-1_1] [web_gui.backend.robots.ops] [INFO] ROS2 path topic subscribers ready for /robot_ec2b/plan
2026-08-19 13:53:13,747 [sse-robot_status] [web_gui.backend.robots.core] [INFO] [OpHistory] Completed: robot=robot_ec2b status=success goal_status=REACHED
2026-08-19 13:53:13,771 [ThreadPoolExecutor-1_2] [web_gui.backend.robots.ops] [INFO] ROS2 path topic subscribers stopped
2026-08-19 13:53:19,641 [sse-robot_status] [web_gui.backend.robots.core] [INFO] [OpHistory] Started: robot=robot_ec2b source=robot_display op_id=7345
2026-08-19 13:53:19,668 [ThreadPoolExecutor-1_0] [web_gui.backend.robots.ops] [INFO] ROS2 path topic subscribers ready for /robot_ec2b/plan
2026-08-19 13:53:42,191 [sse-robot_status] [web_gui.backend.robots.core] [INFO] [OpHistory] Completed: robot=robot_ec2b status=success goal_status=REACHED
2026-08-19 13:53:42,205 [ThreadPoolExecutor-1_2] [web_gui.backend.robots.ops] [INFO] ROS2 path topic subscribers stopped
2026-08-19 13:53:47,168 [ThreadPoolExecutor-1_0] [web_gui.backend.robots.ops] [INFO] ROS2 path topic subscribers ready for /robot_ec2b/plan
2026-08-19 13:53:47,739 [sse-robot_status] [web_gui.backend.robots.core] [INFO] [OpHistory] Started: robot=robot_ec2b source=robot_display op_id=7346
2026-08-19 13:54:07,722 [sse-robot_status] [web_gui.backend.robots.core] [INFO] [OpHistory] Completed: robot=robot_ec2b status=success goal_status=REACHED
2026-08-19 13:54:07,734 [ThreadPoolExecutor-1_0] [web_gui.backend.robots.ops] [INFO] ROS2 path topic subscribers stopped
2026-08-19 13:54:13,205 [ThreadPoolExecutor-1_0] [web_gui.backend.robots.ops] [INFO] ROS2 path topic subscribers ready for /robot_ec2b/plan
2026-08-19 13:54:13,622 [sse-robot_status] [web_gui.backend.robots.core] [INFO] [OpHistory] Started: robot=robot_ec2b source=robot_display op_id=7347
2026-08-19 13:54:34,222 [sse-robot_status] [web_gui.backend.robots.core] [INFO] [OpHistory] Completed: robot=robot_ec2b status=success goal_status=REACHED
2026-08-19 13:54:34,231 [ThreadPoolExecutor-1_0] [web_gui.backend.robots.ops] [INFO] ROS2 path topic subscribers stopped
2026-08-19 13:54:39,241 [sse-robot_status] [web_gui.backend.robots.core] [INFO] [OpHistory] Started: robot=robot_ec2b source=robot_display op_id=7348
2026-08-19 13:54:39,304 [ThreadPoolExecutor-1_1] [web_gui.backend.robots.ops] [INFO] ROS2 path topic subscribers ready for /robot_ec2b/plan
2026-08-19 13:55:00,121 [sse-robot_status] [web_gui.backend.robots.core] [INFO] [OpHistory] Completed: robot=robot_ec2b status=success goal_status=REACHED
2026-08-19 13:55:00,129 [ThreadPoolExecutor-1_1] [web_gui.backend.robots.ops] [INFO] ROS2 path topic subscribers stopped
2026-08-19 13:55:05,670 [sse-robot_status] [web_gui.backend.robots.core] [INFO] [OpHistory] Started: robot=robot_ec2b source=robot_display op_id=7349
2026-08-19 13:55:05,717 [ThreadPoolExecutor-1_2] [web_gui.backend.robots.ops] [INFO] ROS2 path topic subscribers ready for /robot_ec2b/plan
2026-08-19 13:55:27,591 [sse-robot_status] [web_gui.backend.robots.core] [INFO] [OpHistory] Completed: robot=robot_ec2b status=success goal_status=REACHED
2026-08-19 13:55:27,601 [ThreadPoolExecutor-1_0] [web_gui.backend.robots.ops] [INFO] ROS2 path topic subscribers stopped
2026-08-19 13:55:33,179 [ThreadPoolExecutor-1_1] [web_gui.backend.robots.ops] [INFO] ROS2 path topic subscribers ready for /robot_ec2b/plan
2026-08-19 13:55:33,734 [sse-robot_status] [web_gui.backend.robots.core] [INFO] [OpHistory] Started: robot=robot_ec2b source=robot_display op_id=7350
2026-08-19 13:55:54,215 [sse-robot_status] [web_gui.backend.robots.core] [INFO] [OpHistory] Completed: robot=robot_ec2b status=success goal_status=REACHED
2026-08-19 13:55:54,224 [ThreadPoolExecutor-1_0] [web_gui.backend.robots.ops] [INFO] ROS2 path topic subscribers stopped
2026-08-19 13:55:59,215 [ThreadPoolExecutor-1_1] [web_gui.backend.robots.ops] [INFO] ROS2 path topic subscribers ready for /robot_ec2b/plan
2026-08-19 13:55:59,715 [sse-robot_status] [web_gui.backend.robots.core] [INFO] [OpHistory] Started: robot=robot_ec2b source=robot_display op_id=7351
2026-08-19 13:56:20,679 [sse-robot_status] [web_gui.backend.robots.core] [INFO] [OpHistory] Completed: robot=robot_ec2b status=success goal_status=REACHED
2026-08-19 13:56:20,686 [ThreadPoolExecutor-1_1] [web_gui.backend.robots.ops] [INFO] ROS2 path topic subscribers stopped
2026-08-19 13:56:26,239 [sse-robot_status] [web_gui.backend.robots.core] [INFO] [OpHistory] Started: robot=robot_ec2b source=robot_display op_id=7352
2026-08-19 13:56:26,277 [ThreadPoolExecutor-1_0] [web_gui.backend.robots.ops] [INFO] ROS2 path topic subscribers ready for /robot_ec2b/plan
2026-08-19 13:56:47,105 [sse-robot_status] [web_gui.backend.robots.core] [INFO] [OpHistory] Completed: robot=robot_ec2b status=success goal_status=REACHED
2026-08-19 13:56:47,112 [ThreadPoolExecutor-1_1] [web_gui.backend.robots.ops] [INFO] ROS2 path topic subscribers stopped
2026-08-19 13:56:53,223 [sse-robot_status] [web_gui.backend.robots.core] [INFO] [OpHistory] Started: robot=robot_ec2b source=robot_display op_id=7353
2026-08-19 13:56:53,249 [ThreadPoolExecutor-1_0] [web_gui.backend.robots.ops] [INFO] ROS2 path topic subscribers ready for /robot_ec2b/plan
2026-08-19 13:57:14,130 [sse-robot_status] [web_gui.backend.robots.core] [INFO] [OpHistory] Completed: robot=robot_ec2b status=success goal_status=REACHED
2026-08-19 13:57:14,136 [ThreadPoolExecutor-1_2] [web_gui.backend.robots.ops] [INFO] ROS2 path topic subscribers stopped
2026-08-19 13:57:19,091 [sse-robot_status] [web_gui.backend.robots.core] [INFO] [OpHistory] Started: robot=robot_ec2b source=robot_display op_id=7354
2026-08-19 13:57:19,142 [ThreadPoolExecutor-1_1] [web_gui.backend.robots.ops] [INFO] ROS2 path topic subscribers ready for /robot_ec2b/plan
2026-08-19 13:57:39,636 [sse-robot_status] [web_gui.backend.robots.core] [INFO] [OpHistory] Completed: robot=robot_ec2b status=success goal_status=REACHED
2026-08-19 13:57:39,644 [ThreadPoolExecutor-1_0] [web_gui.backend.robots.ops] [INFO] ROS2 path topic subscribers stopped
2026-08-19 13:57:45,188 [sse-robot_status] [web_gui.backend.robots.core] [INFO] [OpHistory] Started: robot=robot_ec2b source=robot_display op_id=7355
2026-08-19 13:57:45,226 [ThreadPoolExecutor-1_2] [web_gui.backend.robots.ops] [INFO] ROS2 path topic subscribers ready for /robot_ec2b/plan
2026-08-19 13:58:05,631 [sse-robot_status] [web_gui.backend.robots.core] [INFO] [OpHistory] Completed: robot=robot_ec2b status=success goal_status=REACHED
2026-08-19 13:58:05,639 [ThreadPoolExecutor-1_0] [web_gui.backend.robots.ops] [INFO] ROS2 path topic subscribers stopped
2026-08-19 13:58:11,170 [sse-robot_status] [web_gui.backend.robots.core] [INFO] [OpHistory] Started: robot=robot_ec2b source=robot_display op_id=7356
2026-08-19 13:58:11,223 [ThreadPoolExecutor-1_1] [web_gui.backend.robots.ops] [INFO] ROS2 path topic subscribers ready for /robot_ec2b/plan
2026-08-19 13:58:32,201 [sse-robot_status] [web_gui.backend.robots.core] [INFO] [OpHistory] Completed: robot=robot_ec2b status=success goal_status=REACHED
2026-08-19 13:58:32,213 [ThreadPoolExecutor-1_0] [web_gui.backend.robots.ops] [INFO] ROS2 path topic subscribers stopped
2026-08-19 13:58:38,182 [sse-robot_status] [web_gui.backend.robots.core] [INFO] [OpHistory] Started: robot=robot_ec2b source=robot_display op_id=7357
2026-08-19 13:58:38,220 [ThreadPoolExecutor-1_2] [web_gui.backend.robots.ops] [INFO] ROS2 path topic subscribers ready for /robot_ec2b/plan
2026-08-19 13:58:58,593 [sse-robot_status] [web_gui.backend.robots.core] [INFO] [OpHistory] Completed: robot=robot_ec2b status=success goal_status=REACHED
2026-08-19 13:58:58,620 [ThreadPoolExecutor-1_2] [web_gui.backend.robots.ops] [INFO] ROS2 path topic subscribers stopped
2026-08-19 13:59:03,725 [ThreadPoolExecutor-1_0] [web_gui.backend.robots.ops] [INFO] ROS2 path topic subscribers ready for /robot_ec2b/plan
2026-08-19 13:59:04,140 [sse-robot_status] [web_gui.backend.robots.core] [INFO] [OpHistory] Started: robot=robot_ec2b source=robot_display op_id=7358
2026-08-19 13:59:24,124 [sse-robot_status] [web_gui.backend.robots.core] [INFO] [OpHistory] Completed: robot=robot_ec2b status=success goal_status=REACHED
2026-08-19 13:59:24,143 [ThreadPoolExecutor-1_2] [web_gui.backend.robots.ops] [INFO] ROS2 path topic subscribers stopped
2026-08-19 13:59:29,652 [ThreadPoolExecutor-1_1] [web_gui.backend.robots.ops] [INFO] ROS2 path topic subscribers ready for /robot_ec2b/plan
2026-08-19 13:59:30,214 [sse-robot_status] [web_gui.backend.robots.core] [INFO] [OpHistory] Started: robot=robot_ec2b source=robot_display op_id=7359
2026-08-19 13:59:50,117 [sse-robot_status] [web_gui.backend.robots.core] [INFO] [OpHistory] Completed: robot=robot_ec2b status=success goal_status=REACHED
2026-08-19 13:59:50,125 [ThreadPoolExecutor-1_2] [web_gui.backend.robots.ops] [INFO] ROS2 path topic subscribers stopped
2026-08-19 13:59:55,639 [sse-robot_status] [web_gui.backend.robots.core] [INFO] [OpHistory] Started: robot=robot_ec2b source=robot_display op_id=7360
2026-08-19 13:59:55,669 [ThreadPoolExecutor-1_0] [web_gui.backend.robots.ops] [INFO] ROS2 path topic subscribers ready for /robot_ec2b/plan
2026-08-19 14:00:16,215 [sse-robot_status] [web_gui.backend.robots.core] [INFO] [OpHistory] Completed: robot=robot_ec2b status=success goal_status=REACHED
2026-08-19 14:00:16,229 [ThreadPoolExecutor-1_2] [web_gui.backend.robots.ops] [INFO] ROS2 path topic subscribers stopped
2026-08-19 14:00:21,752 [sse-robot_status] [web_gui.backend.robots.core] [INFO] [OpHistory] Started: robot=robot_ec2b source=robot_display op_id=7361
2026-08-19 14:00:21,780 [ThreadPoolExecutor-1_1] [web_gui.backend.robots.ops] [INFO] ROS2 path topic subscribers ready for /robot_ec2b/plan
2026-08-19 14:00:44,608 [sse-robot_status] [web_gui.backend.robots.core] [INFO] [OpHistory] Completed: robot=robot_ec2b status=success goal_status=REACHED
2026-08-19 14:00:44,618 [ThreadPoolExecutor-1_2] [web_gui.backend.robots.ops] [INFO] ROS2 path topic subscribers stopped
2026-08-19 14:00:50,685 [sse-robot_status] [web_gui.backend.robots.core] [INFO] [OpHistory] Started: robot=robot_ec2b source=robot_display op_id=7362
2026-08-19 14:00:50,712 [ThreadPoolExecutor-1_1] [web_gui.backend.robots.ops] [INFO] ROS2 path topic subscribers ready for /robot_ec2b/plan
2026-08-19 14:01:11,636 [sse-robot_status] [web_gui.backend.robots.core] [INFO] [OpHistory] Completed: robot=robot_ec2b status=success goal_status=REACHED
2026-08-19 14:01:11,645 [ThreadPoolExecutor-1_2] [web_gui.backend.robots.ops] [INFO] ROS2 path topic subscribers stopped
2026-08-19 14:01:16,623 [sse-robot_status] [web_gui.backend.robots.core] [INFO] [OpHistory] Started: robot=robot_ec2b source=robot_display op_id=7363
2026-08-19 14:01:16,666 [ThreadPoolExecutor-1_0] [web_gui.backend.robots.ops] [INFO] ROS2 path topic subscribers ready for /robot_ec2b/plan
2026-08-19 14:01:39,152 [sse-robot_status] [web_gui.backend.robots.core] [INFO] [OpHistory] Completed: robot=robot_ec2b status=success goal_status=REACHED
2026-08-19 14:01:39,158 [ThreadPoolExecutor-1_2] [web_gui.backend.robots.ops] [INFO] ROS2 path topic subscribers stopped
2026-08-19 14:01:44,731 [sse-robot_status] [web_gui.backend.robots.core] [INFO] [OpHistory] Started: robot=robot_ec2b source=robot_display op_id=7364
2026-08-19 14:01:44,770 [ThreadPoolExecutor-1_1] [web_gui.backend.robots.ops] [INFO] ROS2 path topic subscribers ready for /robot_ec2b/plan
2026-08-19 14:02:05,225 [sse-robot_status] [web_gui.backend.robots.core] [INFO] [OpHistory] Completed: robot=robot_ec2b status=success goal_status=REACHED
2026-08-19 14:02:05,237 [ThreadPoolExecutor-1_2] [web_gui.backend.robots.ops] [INFO] ROS2 path topic subscribers stopped
2026-08-19 14:02:10,708 [sse-robot_status] [web_gui.backend.robots.core] [INFO] [OpHistory] Started: robot=robot_ec2b source=robot_display op_id=7365
2026-08-19 14:02:10,735 [ThreadPoolExecutor-1_0] [web_gui.backend.robots.ops] [INFO] ROS2 path topic subscribers ready for /robot_ec2b/plan
2026-08-19 14:02:33,173 [sse-robot_status] [web_gui.backend.robots.core] [INFO] [OpHistory] Completed: robot=robot_ec2b status=success goal_status=REACHED
2026-08-19 14:02:33,181 [ThreadPoolExecutor-1_0] [web_gui.backend.robots.ops] [INFO] ROS2 path topic subscribers stopped
2026-08-19 14:02:38,705 [sse-robot_status] [web_gui.backend.robots.core] [INFO] [OpHistory] Started: robot=robot_ec2b source=robot_display op_id=7366
2026-08-19 14:02:38,731 [ThreadPoolExecutor-1_2] [web_gui.backend.robots.ops] [INFO] ROS2 path topic subscribers ready for /robot_ec2b/plan
2026-08-19 14:02:59,159 [sse-robot_status] [web_gui.backend.robots.core] [INFO] [OpHistory] Completed: robot=robot_ec2b status=success goal_status=REACHED
2026-08-19 14:02:59,166 [ThreadPoolExecutor-1_0] [web_gui.backend.robots.ops] [INFO] ROS2 path topic subscribers stopped
2026-08-19 14:03:04,701 [sse-robot_status] [web_gui.backend.robots.core] [INFO] [OpHistory] Started: robot=robot_ec2b source=robot_display op_id=7367
2026-08-19 14:03:04,739 [ThreadPoolExecutor-1_1] [web_gui.backend.robots.ops] [INFO] ROS2 path topic subscribers ready for /robot_ec2b/plan
2026-08-19 14:03:24,591 [sse-robot_status] [web_gui.backend.robots.core] [INFO] [OpHistory] Completed: robot=robot_ec2b status=success goal_status=REACHED
2026-08-19 14:03:24,602 [ThreadPoolExecutor-1_2] [web_gui.backend.robots.ops] [INFO] ROS2 path topic subscribers stopped
2026-08-19 14:03:30,599 [sse-robot_status] [web_gui.backend.robots.core] [INFO] [OpHistory] Started: robot=robot_ec2b source=robot_display op_id=7368
2026-08-19 14:03:30,636 [ThreadPoolExecutor-1_0] [web_gui.backend.robots.ops] [INFO] ROS2 path topic subscribers ready for /robot_ec2b/plan
2026-08-19 14:03:51,169 [sse-robot_status] [web_gui.backend.robots.core] [INFO] [OpHistory] Completed: robot=robot_ec2b status=success goal_status=REACHED
2026-08-19 14:03:51,181 [ThreadPoolExecutor-1_2] [web_gui.backend.robots.ops] [INFO] ROS2 path topic subscribers stopped
2026-08-19 14:03:57,088 [ThreadPoolExecutor-1_2] [web_gui.backend.robots.ops] [INFO] ROS2 path topic subscribers ready for /robot_ec2b/plan
2026-08-19 14:03:57,679 [sse-robot_status] [web_gui.backend.robots.core] [INFO] [OpHistory] Started: robot=robot_ec2b source=robot_display op_id=7369
2026-08-19 14:04:19,200 [sse-robot_status] [web_gui.backend.robots.core] [INFO] [OpHistory] Completed: robot=robot_ec2b status=success goal_status=REACHED
2026-08-19 14:04:19,214 [ThreadPoolExecutor-1_1] [web_gui.backend.robots.ops] [INFO] ROS2 path topic subscribers stopped
2026-08-19 14:04:24,151 [sse-robot_status] [web_gui.backend.robots.core] [INFO] [OpHistory] Started: robot=robot_ec2b source=robot_display op_id=7370
2026-08-19 14:04:24,224 [ThreadPoolExecutor-1_2] [web_gui.backend.robots.ops] [INFO] ROS2 path topic subscribers ready for /robot_ec2b/plan
2026-08-19 14:04:44,660 [sse-robot_status] [web_gui.backend.robots.core] [INFO] [OpHistory] Completed: robot=robot_ec2b status=success goal_status=REACHED
2026-08-19 14:04:44,669 [ThreadPoolExecutor-1_1] [web_gui.backend.robots.ops] [INFO] ROS2 path topic subscribers stopped
2026-08-19 14:04:50,174 [ThreadPoolExecutor-1_2] [web_gui.backend.robots.ops] [INFO] ROS2 path topic subscribers ready for /robot_ec2b/plan
2026-08-19 14:04:50,738 [sse-robot_status] [web_gui.backend.robots.core] [INFO] [OpHistory] Started: robot=robot_ec2b source=robot_display op_id=7371
2026-08-19 14:05:14,187 [sse-robot_status] [web_gui.backend.robots.core] [INFO] [OpHistory] Completed: robot=robot_ec2b status=success goal_status=REACHED
2026-08-19 14:05:14,201 [ThreadPoolExecutor-1_1] [web_gui.backend.robots.ops] [INFO] ROS2 path topic subscribers stopped
2026-08-19 14:05:19,115 [ThreadPoolExecutor-1_2] [web_gui.backend.robots.ops] [INFO] ROS2 path topic subscribers ready for /robot_ec2b/plan
2026-08-19 14:05:19,709 [sse-robot_status] [web_gui.backend.robots.core] [INFO] [OpHistory] Started: robot=robot_ec2b source=robot_display op_id=7372
2026-08-19 14:05:39,597 [sse-robot_status] [web_gui.backend.robots.core] [INFO] [OpHistory] Completed: robot=robot_ec2b status=success goal_status=REACHED
2026-08-19 14:05:39,610 [ThreadPoolExecutor-1_2] [web_gui.backend.robots.ops] [INFO] ROS2 path topic subscribers stopped
2026-08-19 14:05:45,684 [sse-robot_status] [web_gui.backend.robots.core] [INFO] [OpHistory] Started: robot=robot_ec2b source=robot_display op_id=7373
2026-08-19 14:05:45,717 [ThreadPoolExecutor-1_0] [web_gui.backend.robots.ops] [INFO] ROS2 path topic subscribers ready for /robot_ec2b/plan
2026-08-19 14:06:07,600 [sse-robot_status] [web_gui.backend.robots.core] [INFO] [OpHistory] Completed: robot=robot_ec2b status=success goal_status=REACHED
2026-08-19 14:06:07,608 [ThreadPoolExecutor-1_2] [web_gui.backend.robots.ops] [INFO] ROS2 path topic subscribers stopped
2026-08-19 14:06:13,696 [sse-robot_status] [web_gui.backend.robots.core] [INFO] [OpHistory] Started: robot=robot_ec2b source=robot_display op_id=7374
2026-08-19 14:06:13,815 [ThreadPoolExecutor-1_0] [web_gui.backend.robots.ops] [INFO] ROS2 path topic subscribers ready for /robot_ec2b/plan
2026-08-19 14:06:34,139 [sse-robot_status] [web_gui.backend.robots.core] [INFO] [OpHistory] Completed: robot=robot_ec2b status=success goal_status=REACHED
2026-08-19 14:06:34,145 [ThreadPoolExecutor-1_2] [web_gui.backend.robots.ops] [INFO] ROS2 path topic subscribers stopped
2026-08-19 14:06:40,072 [sse-robot_status] [web_gui.backend.robots.core] [INFO] [OpHistory] Started: robot=robot_ec2b source=robot_display op_id=7375
2026-08-19 14:06:40,116 [ThreadPoolExecutor-1_1] [web_gui.backend.robots.ops] [INFO] ROS2 path topic subscribers ready for /robot_ec2b/plan
2026-08-19 14:07:00,156 [sse-robot_status] [web_gui.backend.robots.core] [INFO] [OpHistory] Completed: robot=robot_ec2b status=success goal_status=REACHED
2026-08-19 14:07:00,177 [ThreadPoolExecutor-1_0] [web_gui.backend.robots.ops] [INFO] ROS2 path topic subscribers stopped
2026-08-19 14:07:05,174 [sse-robot_status] [web_gui.backend.robots.core] [INFO] [OpHistory] Started: robot=robot_ec2b source=robot_display op_id=7376
2026-08-19 14:07:05,219 [ThreadPoolExecutor-1_1] [web_gui.backend.robots.ops] [INFO] ROS2 path topic subscribers ready for /robot_ec2b/plan
2026-08-19 14:07:07,863 [ThreadPoolExecutor-1_0] [web_gui.backend.robots.ops] [INFO] ROS2 path topic subscribers stopped
2026-08-19 14:07:25,608 [sse-robot_status] [web_gui.backend.robots.core] [INFO] [OpHistory] Completed: robot=robot_ec2b status=success goal_status=REACHED
2026-08-19 14:07:31,192 [sse-robot_status] [web_gui.backend.robots.core] [INFO] [OpHistory] Started: robot=robot_ec2b source=robot_display op_id=7377
2026-08-19 14:07:48,611 [ThreadPoolExecutor-1_1] [web_gui.backend.robots.ops] [INFO] ROS2 path topic subscribers ready for /robot_ec2b/plan
2026-08-19 14:07:53,226 [sse-robot_status] [web_gui.backend.robots.core] [INFO] [OpHistory] Completed: robot=robot_ec2b status=success goal_status=REACHED
2026-08-19 14:07:53,235 [ThreadPoolExecutor-1_2] [web_gui.backend.robots.ops] [INFO] ROS2 path topic subscribers stopped
2026-08-19 14:07:59,188 [sse-robot_status] [web_gui.backend.robots.core] [INFO] [OpHistory] Started: robot=robot_ec2b source=robot_display op_id=7378
2026-08-19 14:07:59,217 [ThreadPoolExecutor-1_1] [web_gui.backend.robots.ops] [INFO] ROS2 path topic subscribers ready for /robot_ec2b/plan
2026-08-19 14:08:19,634 [sse-robot_status] [web_gui.backend.robots.core] [INFO] [OpHistory] Completed: robot=robot_ec2b status=success goal_status=REACHED
2026-08-19 14:08:19,642 [ThreadPoolExecutor-1_2] [web_gui.backend.robots.ops] [INFO] ROS2 path topic subscribers stopped
2026-08-19 14:08:24,640 [ThreadPoolExecutor-1_2] [web_gui.backend.robots.ops] [INFO] ROS2 path topic subscribers ready for /robot_ec2b/plan
2026-08-19 14:08:25,163 [sse-robot_status] [web_gui.backend.robots.core] [INFO] [OpHistory] Started: robot=robot_ec2b source=robot_display op_id=7379
2026-08-19 14:08:45,083 [sse-robot_status] [web_gui.backend.robots.core] [INFO] [OpHistory] Completed: robot=robot_ec2b status=success goal_status=REACHED
2026-08-19 14:08:45,091 [ThreadPoolExecutor-1_1] [web_gui.backend.robots.ops] [INFO] ROS2 path topic subscribers stopped
2026-08-19 14:08:50,618 [ThreadPoolExecutor-1_0] [web_gui.backend.robots.ops] [INFO] ROS2 path topic subscribers ready for /robot_ec2b/plan
2026-08-19 14:08:51,197 [sse-robot_status] [web_gui.backend.robots.core] [INFO] [OpHistory] Started: robot=robot_ec2b source=robot_display op_id=7380
2026-08-19 14:09:12,176 [sse-robot_status] [web_gui.backend.robots.core] [INFO] [OpHistory] Completed: robot=robot_ec2b status=success goal_status=REACHED
2026-08-19 14:09:12,183 [ThreadPoolExecutor-1_1] [web_gui.backend.robots.ops] [INFO] ROS2 path topic subscribers stopped
2026-08-19 14:09:17,623 [sse-robot_status] [web_gui.backend.robots.core] [INFO] [OpHistory] Started: robot=robot_ec2b source=robot_display op_id=7381
2026-08-19 14:09:17,664 [ThreadPoolExecutor-1_0] [web_gui.backend.robots.ops] [INFO] ROS2 path topic subscribers ready for /robot_ec2b/plan
2026-08-19 14:09:37,687 [sse-robot_status] [web_gui.backend.robots.core] [INFO] [OpHistory] Completed: robot=robot_ec2b status=success goal_status=REACHED
2026-08-19 14:09:37,694 [ThreadPoolExecutor-1_2] [web_gui.backend.robots.ops] [INFO] ROS2 path topic subscribers stopped
2026-08-19 14:09:43,631 [sse-robot_status] [web_gui.backend.robots.core] [INFO] [OpHistory] Started: robot=robot_ec2b source=robot_display op_id=7382
2026-08-19 14:09:43,676 [ThreadPoolExecutor-1_1] [web_gui.backend.robots.ops] [INFO] ROS2 path topic subscribers ready for /robot_ec2b/plan
2026-08-19 14:10:04,080 [sse-robot_status] [web_gui.backend.robots.core] [INFO] [OpHistory] Completed: robot=robot_ec2b status=success goal_status=REACHED
2026-08-19 14:10:04,086 [ThreadPoolExecutor-1_1] [web_gui.backend.robots.ops] [INFO] ROS2 path topic subscribers stopped
2026-08-19 14:10:09,604 [sse-robot_status] [web_gui.backend.robots.core] [INFO] [OpHistory] Started: robot=robot_ec2b source=robot_display op_id=7383
2026-08-19 14:10:09,635 [ThreadPoolExecutor-1_0] [web_gui.backend.robots.ops] [INFO] ROS2 path topic subscribers ready for /robot_ec2b/plan
2026-08-19 14:10:32,670 [sse-robot_status] [web_gui.backend.robots.core] [INFO] [OpHistory] Completed: robot=robot_ec2b status=success goal_status=REACHED
2026-08-19 14:10:32,679 [ThreadPoolExecutor-1_1] [web_gui.backend.robots.ops] [INFO] ROS2 path topic subscribers stopped
2026-08-19 14:10:38,611 [sse-robot_status] [web_gui.backend.robots.core] [INFO] [OpHistory] Started: robot=robot_ec2b source=robot_display op_id=7384
2026-08-19 14:10:38,655 [ThreadPoolExecutor-1_1] [web_gui.backend.robots.ops] [INFO] ROS2 path topic subscribers ready for /robot_ec2b/plan
2026-08-19 14:10:58,706 [sse-robot_status] [web_gui.backend.robots.core] [INFO] [OpHistory] Completed: robot=robot_ec2b status=success goal_status=REACHED
2026-08-19 14:10:58,718 [ThreadPoolExecutor-1_1] [web_gui.backend.robots.ops] [INFO] ROS2 path topic subscribers stopped
2026-08-19 14:11:04,237 [ThreadPoolExecutor-1_0] [web_gui.backend.robots.ops] [INFO] ROS2 path topic subscribers ready for /robot_ec2b/plan
2026-08-19 14:11:04,701 [sse-robot_status] [web_gui.backend.robots.core] [INFO] [OpHistory] Started: robot=robot_ec2b source=robot_display op_id=7385
2026-08-19 14:11:25,104 [sse-robot_status] [web_gui.backend.robots.core] [INFO] [OpHistory] Completed: robot=robot_ec2b status=success goal_status=REACHED
2026-08-19 14:11:25,114 [ThreadPoolExecutor-1_1] [web_gui.backend.robots.ops] [INFO] ROS2 path topic subscribers stopped
2026-08-19 14:11:30,141 [ThreadPoolExecutor-1_2] [web_gui.backend.robots.ops] [INFO] ROS2 path topic subscribers ready for /robot_ec2b/plan
2026-08-19 14:11:30,718 [sse-robot_status] [web_gui.backend.robots.core] [INFO] [OpHistory] Started: robot=robot_ec2b source=robot_display op_id=7386
2026-08-19 14:11:51,211 [sse-robot_status] [web_gui.backend.robots.core] [INFO] [OpHistory] Completed: robot=robot_ec2b status=success goal_status=REACHED
2026-08-19 14:11:51,219 [ThreadPoolExecutor-1_1] [web_gui.backend.robots.ops] [INFO] ROS2 path topic subscribers stopped
2026-08-19 14:11:56,730 [sse-robot_status] [web_gui.backend.robots.core] [INFO] [OpHistory] Started: robot=robot_ec2b source=robot_display op_id=7387
2026-08-19 14:11:56,762 [ThreadPoolExecutor-1_2] [web_gui.backend.robots.ops] [INFO] ROS2 path topic subscribers ready for /robot_ec2b/plan
2026-08-19 14:12:19,746 [sse-robot_status] [web_gui.backend.robots.core] [INFO] [OpHistory] Completed: robot=robot_ec2b status=success goal_status=REACHED
2026-08-19 14:12:19,756 [ThreadPoolExecutor-1_1] [web_gui.backend.robots.ops] [INFO] ROS2 path topic subscribers stopped
2026-08-19 14:12:25,082 [ThreadPoolExecutor-1_0] [web_gui.backend.robots.ops] [INFO] ROS2 path topic subscribers ready for /robot_ec2b/plan
2026-08-19 14:12:25,626 [sse-robot_status] [web_gui.backend.robots.core] [INFO] [OpHistory] Started: robot=robot_ec2b source=robot_display op_id=7388
2026-08-19 14:12:46,203 [sse-robot_status] [web_gui.backend.robots.core] [INFO] [OpHistory] Completed: robot=robot_ec2b status=success goal_status=REACHED
2026-08-19 14:12:46,228 [ThreadPoolExecutor-1_2] [web_gui.backend.robots.ops] [INFO] ROS2 path topic subscribers stopped
2026-08-19 14:12:51,230 [ThreadPoolExecutor-1_1] [web_gui.backend.robots.ops] [INFO] ROS2 path topic subscribers ready for /robot_ec2b/plan
2026-08-19 14:12:51,630 [sse-robot_status] [web_gui.backend.robots.core] [INFO] [OpHistory] Started: robot=robot_ec2b source=robot_display op_id=7389
2026-08-19 14:13:11,592 [sse-robot_status] [web_gui.backend.robots.core] [INFO] [OpHistory] Completed: robot=robot_ec2b status=success goal_status=REACHED
2026-08-19 14:13:11,599 [ThreadPoolExecutor-1_0] [web_gui.backend.robots.ops] [INFO] ROS2 path topic subscribers stopped
2026-08-19 14:13:17,143 [sse-robot_status] [web_gui.backend.robots.core] [INFO] [OpHistory] Started: robot=robot_ec2b source=robot_display op_id=7390
2026-08-19 14:13:17,173 [ThreadPoolExecutor-1_2] [web_gui.backend.robots.ops] [INFO] ROS2 path topic subscribers ready for /robot_ec2b/plan
2026-08-19 14:13:38,157 [sse-robot_status] [web_gui.backend.robots.core] [INFO] [OpHistory] Completed: robot=robot_ec2b status=success goal_status=REACHED
2026-08-19 14:13:38,167 [ThreadPoolExecutor-1_2] [web_gui.backend.robots.ops] [INFO] ROS2 path topic subscribers stopped
2026-08-19 14:13:43,118 [sse-robot_status] [web_gui.backend.robots.core] [INFO] [OpHistory] Started: robot=robot_ec2b source=robot_display op_id=7391
2026-08-19 14:13:43,161 [ThreadPoolExecutor-1_2] [web_gui.backend.robots.ops] [INFO] ROS2 path topic subscribers ready for /robot_ec2b/plan
2026-08-19 14:14:04,648 [sse-robot_status] [web_gui.backend.robots.core] [INFO] [OpHistory] Completed: robot=robot_ec2b status=success goal_status=REACHED
2026-08-19 14:14:04,657 [ThreadPoolExecutor-1_2] [web_gui.backend.robots.ops] [INFO] ROS2 path topic subscribers stopped
2026-08-19 14:14:10,151 [sse-robot_status] [web_gui.backend.robots.core] [INFO] [OpHistory] Started: robot=robot_ec2b source=robot_display op_id=7392
2026-08-19 14:14:10,174 [ThreadPoolExecutor-1_0] [web_gui.backend.robots.ops] [INFO] ROS2 path topic subscribers ready for /robot_ec2b/plan
2026-08-19 14:14:31,120 [sse-robot_status] [web_gui.backend.robots.core] [INFO] [OpHistory] Completed: robot=robot_ec2b status=success goal_status=REACHED
2026-08-19 14:14:31,147 [ThreadPoolExecutor-1_2] [web_gui.backend.robots.ops] [INFO] ROS2 path topic subscribers stopped
2026-08-19 14:14:36,726 [ThreadPoolExecutor-1_1] [web_gui.backend.robots.ops] [INFO] ROS2 path topic subscribers ready for /robot_ec2b/plan
2026-08-19 14:14:37,209 [sse-robot_status] [web_gui.backend.robots.core] [INFO] [OpHistory] Started: robot=robot_ec2b source=robot_display op_id=7393
2026-08-19 14:14:57,129 [sse-robot_status] [web_gui.backend.robots.core] [INFO] [OpHistory] Completed: robot=robot_ec2b status=success goal_status=REACHED
2026-08-19 14:14:57,138 [ThreadPoolExecutor-1_2] [web_gui.backend.robots.ops] [INFO] ROS2 path topic subscribers stopped
2026-08-19 14:15:02,722 [ThreadPoolExecutor-1_1] [web_gui.backend.robots.ops] [INFO] ROS2 path topic subscribers ready for /robot_ec2b/plan
2026-08-19 14:15:03,130 [sse-robot_status] [web_gui.backend.robots.core] [INFO] [OpHistory] Started: robot=robot_ec2b source=robot_display op_id=7394
2026-08-19 14:15:23,676 [sse-robot_status] [web_gui.backend.robots.core] [INFO] [OpHistory] Completed: robot=robot_ec2b status=success goal_status=REACHED
2026-08-19 14:15:23,684 [ThreadPoolExecutor-1_2] [web_gui.backend.robots.ops] [INFO] ROS2 path topic subscribers stopped
2026-08-19 14:15:28,663 [sse-robot_status] [web_gui.backend.robots.core] [INFO] [OpHistory] Started: robot=robot_ec2b source=robot_display op_id=7395
2026-08-19 14:15:28,713 [ThreadPoolExecutor-1_1] [web_gui.backend.robots.ops] [INFO] ROS2 path topic subscribers ready for /robot_ec2b/plan
2026-08-19 14:15:49,614 [sse-robot_status] [web_gui.backend.robots.core] [INFO] [OpHistory] Completed: robot=robot_ec2b status=success goal_status=REACHED
2026-08-19 14:15:49,620 [ThreadPoolExecutor-1_0] [web_gui.backend.robots.ops] [INFO] ROS2 path topic subscribers stopped
2026-08-19 14:15:54,690 [ThreadPoolExecutor-1_2] [web_gui.backend.robots.ops] [INFO] ROS2 path topic subscribers ready for /robot_ec2b/plan
2026-08-19 14:15:55,093 [sse-robot_status] [web_gui.backend.robots.core] [INFO] [OpHistory] Started: robot=robot_ec2b source=robot_display op_id=7396
2026-08-19 14:16:14,677 [sse-robot_status] [web_gui.backend.robots.core] [INFO] [OpHistory] Completed: robot=robot_ec2b status=success goal_status=REACHED
2026-08-19 14:16:14,685 [ThreadPoolExecutor-1_0] [web_gui.backend.robots.ops] [INFO] ROS2 path topic subscribers stopped
2026-08-19 14:16:19,706 [ThreadPoolExecutor-1_2] [web_gui.backend.robots.ops] [INFO] ROS2 path topic subscribers ready for /robot_ec2b/plan
2026-08-19 14:16:20,118 [sse-robot_status] [web_gui.backend.robots.core] [INFO] [OpHistory] Started: robot=robot_ec2b source=robot_display op_id=7397
2026-08-19 14:16:41,668 [sse-robot_status] [web_gui.backend.robots.core] [INFO] [OpHistory] Completed: robot=robot_ec2b status=success goal_status=REACHED
2026-08-19 14:16:41,694 [ThreadPoolExecutor-1_2] [web_gui.backend.robots.ops] [INFO] ROS2 path topic subscribers stopped
2026-08-19 14:16:47,197 [sse-robot_status] [web_gui.backend.robots.core] [INFO] [OpHistory] Started: robot=robot_ec2b source=robot_display op_id=7398
2026-08-19 14:16:47,239 [ThreadPoolExecutor-1_1] [web_gui.backend.robots.ops] [INFO] ROS2 path topic subscribers ready for /robot_ec2b/plan
2026-08-19 14:17:08,160 [sse-robot_status] [web_gui.backend.robots.core] [INFO] [OpHistory] Completed: robot=robot_ec2b status=success goal_status=REACHED
2026-08-19 14:17:08,176 [ThreadPoolExecutor-1_2] [web_gui.backend.robots.ops] [INFO] ROS2 path topic subscribers stopped
2026-08-19 14:17:14,093 [sse-robot_status] [web_gui.backend.robots.core] [INFO] [OpHistory] Started: robot=robot_ec2b source=robot_display op_id=7399
2026-08-19 14:17:14,134 [ThreadPoolExecutor-1_1] [web_gui.backend.robots.ops] [INFO] ROS2 path topic subscribers ready for /robot_ec2b/plan
2026-08-19 14:17:35,588 [sse-robot_status] [web_gui.backend.robots.core] [INFO] [OpHistory] Completed: robot=robot_ec2b status=success goal_status=REACHED
2026-08-19 14:17:35,596 [ThreadPoolExecutor-1_2] [web_gui.backend.robots.ops] [INFO] ROS2 path topic subscribers stopped
2026-08-19 14:17:41,133 [sse-robot_status] [web_gui.backend.robots.core] [INFO] [OpHistory] Started: robot=robot_ec2b source=robot_display op_id=7400
2026-08-19 14:17:41,165 [ThreadPoolExecutor-1_1] [web_gui.backend.robots.ops] [INFO] ROS2 path topic subscribers ready for /robot_ec2b/plan
2026-08-19 14:18:01,692 [sse-robot_status] [web_gui.backend.robots.core] [INFO] [OpHistory] Completed: robot=robot_ec2b status=success goal_status=REACHED
2026-08-19 14:18:01,703 [ThreadPoolExecutor-1_0] [web_gui.backend.robots.ops] [INFO] ROS2 path topic subscribers stopped
2026-08-19 14:18:06,678 [ThreadPoolExecutor-1_2] [web_gui.backend.robots.ops] [INFO] ROS2 path topic subscribers ready for /robot_ec2b/plan
2026-08-19 14:18:07,231 [sse-robot_status] [web_gui.backend.robots.core] [INFO] [OpHistory] Started: robot=robot_ec2b source=robot_display op_id=7401
2026-08-19 14:18:30,747 [sse-robot_status] [web_gui.backend.robots.core] [INFO] [OpHistory] Completed: robot=robot_ec2b status=success goal_status=REACHED
2026-08-19 14:18:30,757 [ThreadPoolExecutor-1_1] [web_gui.backend.robots.ops] [INFO] ROS2 path topic subscribers stopped
2026-08-19 14:18:35,691 [ThreadPoolExecutor-1_0] [web_gui.backend.robots.ops] [INFO] ROS2 path topic subscribers ready for /robot_ec2b/plan
2026-08-19 14:18:36,094 [sse-robot_status] [web_gui.backend.robots.core] [INFO] [OpHistory] Started: robot=robot_ec2b source=robot_display op_id=7402
2026-08-19 14:18:56,643 [sse-robot_status] [web_gui.backend.robots.core] [INFO] [OpHistory] Completed: robot=robot_ec2b status=success goal_status=REACHED
2026-08-19 14:18:56,652 [ThreadPoolExecutor-1_1] [web_gui.backend.robots.ops] [INFO] ROS2 path topic subscribers stopped
2026-08-19 14:19:01,585 [sse-robot_status] [web_gui.backend.robots.core] [INFO] [OpHistory] Started: robot=robot_ec2b source=robot_display op_id=7403
2026-08-19 14:19:01,609 [ThreadPoolExecutor-1_1] [web_gui.backend.robots.ops] [INFO] ROS2 path topic subscribers ready for /robot_ec2b/plan
2026-08-19 14:19:23,167 [sse-robot_status] [web_gui.backend.robots.core] [INFO] [OpHistory] Completed: robot=robot_ec2b status=success goal_status=REACHED
2026-08-19 14:19:23,173 [ThreadPoolExecutor-1_0] [web_gui.backend.robots.ops] [INFO] ROS2 path topic subscribers stopped
2026-08-19 14:19:28,681 [sse-robot_status] [web_gui.backend.robots.core] [INFO] [OpHistory] Started: robot=robot_ec2b source=robot_display op_id=7404
2026-08-19 14:19:28,721 [ThreadPoolExecutor-1_2] [web_gui.backend.robots.ops] [INFO] ROS2 path topic subscribers ready for /robot_ec2b/plan
2026-08-19 14:19:49,714 [sse-robot_status] [web_gui.backend.robots.core] [INFO] [OpHistory] Completed: robot=robot_ec2b status=success goal_status=REACHED
2026-08-19 14:19:49,729 [ThreadPoolExecutor-1_0] [web_gui.backend.robots.ops] [INFO] ROS2 path topic subscribers stopped
2026-08-19 14:19:54,709 [sse-robot_status] [web_gui.backend.robots.core] [INFO] [OpHistory] Started: robot=robot_ec2b source=robot_display op_id=7405
2026-08-19 14:19:54,747 [ThreadPoolExecutor-1_1] [web_gui.backend.robots.ops] [INFO] ROS2 path topic subscribers ready for /robot_ec2b/plan
2026-08-19 14:20:16,176 [sse-robot_status] [web_gui.backend.robots.core] [INFO] [OpHistory] Completed: robot=robot_ec2b status=success goal_status=REACHED
2026-08-19 14:20:16,184 [ThreadPoolExecutor-1_1] [web_gui.backend.robots.ops] [INFO] ROS2 path topic subscribers stopped
2026-08-19 14:20:21,740 [sse-robot_status] [web_gui.backend.robots.core] [INFO] [OpHistory] Started: robot=robot_ec2b source=robot_display op_id=7406
2026-08-19 14:20:21,779 [ThreadPoolExecutor-1_0] [web_gui.backend.robots.ops] [INFO] ROS2 path topic subscribers ready for /robot_ec2b/plan
2026-08-19 14:20:42,688 [sse-robot_status] [web_gui.backend.robots.core] [INFO] [OpHistory] Completed: robot=robot_ec2b status=success goal_status=REACHED
2026-08-19 14:20:42,698 [ThreadPoolExecutor-1_0] [web_gui.backend.robots.ops] [INFO] ROS2 path topic subscribers stopped
2026-08-19 14:20:47,677 [sse-robot_status] [web_gui.backend.robots.core] [INFO] [OpHistory] Started: robot=robot_ec2b source=robot_display op_id=7407
2026-08-19 14:20:47,734 [ThreadPoolExecutor-1_0] [web_gui.backend.robots.ops] [INFO] ROS2 path topic subscribers ready for /robot_ec2b/plan
2026-08-19 14:21:07,072 [sse-robot_status] [web_gui.backend.robots.core] [INFO] [OpHistory] Completed: robot=robot_ec2b status=success goal_status=REACHED
2026-08-19 14:21:07,079 [ThreadPoolExecutor-1_1] [web_gui.backend.robots.ops] [INFO] ROS2 path topic subscribers stopped
2026-08-19 14:21:12,660 [sse-robot_status] [web_gui.backend.robots.core] [INFO] [OpHistory] Started: robot=robot_ec2b source=robot_display op_id=7408
2026-08-19 14:21:12,706 [ThreadPoolExecutor-1_0] [web_gui.backend.robots.ops] [INFO] ROS2 path topic subscribers ready for /robot_ec2b/plan
2026-08-19 14:21:33,178 [sse-robot_status] [web_gui.backend.robots.core] [INFO] [OpHistory] Completed: robot=robot_ec2b status=success goal_status=REACHED
2026-08-19 14:21:33,185 [ThreadPoolExecutor-1_0] [web_gui.backend.robots.ops] [INFO] ROS2 path topic subscribers stopped
2026-08-19 14:21:38,583 [sse-robot_status] [web_gui.backend.robots.core] [INFO] [OpHistory] Started: robot=robot_ec2b source=robot_display op_id=7409
2026-08-19 14:21:38,616 [ThreadPoolExecutor-1_1] [web_gui.backend.robots.ops] [INFO] ROS2 path topic subscribers ready for /robot_ec2b/plan
2026-08-19 14:21:59,724 [sse-robot_status] [web_gui.backend.robots.core] [INFO] [OpHistory] Completed: robot=robot_ec2b status=success goal_status=REACHED
2026-08-19 14:21:59,729 [ThreadPoolExecutor-1_0] [web_gui.backend.robots.ops] [INFO] ROS2 path topic subscribers stopped
2026-08-19 14:22:05,723 [sse-robot_status] [web_gui.backend.robots.core] [INFO] [OpHistory] Started: robot=robot_ec2b source=robot_display op_id=7410
2026-08-19 14:22:05,760 [ThreadPoolExecutor-1_2] [web_gui.backend.robots.ops] [INFO] ROS2 path topic subscribers ready for /robot_ec2b/plan
2026-08-19 14:22:26,128 [sse-robot_status] [web_gui.backend.robots.core] [INFO] [OpHistory] Completed: robot=robot_ec2b status=success goal_status=REACHED
2026-08-19 14:22:26,137 [ThreadPoolExecutor-1_1] [web_gui.backend.robots.ops] [INFO] ROS2 path topic subscribers stopped
2026-08-19 14:22:32,716 [sse-robot_status] [web_gui.backend.robots.core] [INFO] [OpHistory] Started: robot=robot_ec2b source=robot_display op_id=7411
2026-08-19 14:22:32,746 [ThreadPoolExecutor-1_0] [web_gui.backend.robots.ops] [INFO] ROS2 path topic subscribers ready for /robot_ec2b/plan
2026-08-19 14:22:52,128 [sse-robot_status] [web_gui.backend.robots.core] [INFO] [OpHistory] Completed: robot=robot_ec2b status=success goal_status=REACHED
2026-08-19 14:22:52,136 [ThreadPoolExecutor-1_1] [web_gui.backend.robots.ops] [INFO] ROS2 path topic subscribers stopped
2026-08-19 14:22:57,205 [ThreadPoolExecutor-1_1] [web_gui.backend.robots.ops] [INFO] ROS2 path topic subscribers ready for /robot_ec2b/plan
2026-08-19 14:22:57,606 [sse-robot_status] [web_gui.backend.robots.core] [INFO] [OpHistory] Started: robot=robot_ec2b source=robot_display op_id=7412
2026-08-19 14:23:18,161 [sse-robot_status] [web_gui.backend.robots.core] [INFO] [OpHistory] Completed: robot=robot_ec2b status=success goal_status=REACHED
2026-08-19 14:23:18,169 [ThreadPoolExecutor-1_2] [web_gui.backend.robots.ops] [INFO] ROS2 path topic subscribers stopped
2026-08-19 14:23:23,137 [sse-robot_status] [web_gui.backend.robots.core] [INFO] [OpHistory] Started: robot=robot_ec2b source=robot_display op_id=7413
2026-08-19 14:23:23,171 [ThreadPoolExecutor-1_1] [web_gui.backend.robots.ops] [INFO] ROS2 path topic subscribers ready for /robot_ec2b/plan
2026-08-19 14:23:47,139 [sse-robot_status] [web_gui.backend.robots.core] [INFO] [OpHistory] Completed: robot=robot_ec2b status=success goal_status=REACHED
2026-08-19 14:23:47,147 [ThreadPoolExecutor-1_2] [web_gui.backend.robots.ops] [INFO] ROS2 path topic subscribers stopped
2026-08-19 14:23:52,106 [ThreadPoolExecutor-1_1] [web_gui.backend.robots.ops] [INFO] ROS2 path topic subscribers ready for /robot_ec2b/plan
2026-08-19 14:23:52,655 [sse-robot_status] [web_gui.backend.robots.core] [INFO] [OpHistory] Started: robot=robot_ec2b source=robot_display op_id=7414
2026-08-19 14:24:13,204 [sse-robot_status] [web_gui.backend.robots.core] [INFO] [OpHistory] Completed: robot=robot_ec2b status=success goal_status=REACHED
2026-08-19 14:24:13,221 [ThreadPoolExecutor-1_0] [web_gui.backend.robots.ops] [INFO] ROS2 path topic subscribers stopped
2026-08-19 14:24:18,174 [sse-robot_status] [web_gui.backend.robots.core] [INFO] [OpHistory] Started: robot=robot_ec2b source=robot_display op_id=7415
2026-08-19 14:24:18,224 [ThreadPoolExecutor-1_0] [web_gui.backend.robots.ops] [INFO] ROS2 path topic subscribers ready for /robot_ec2b/plan
2026-08-19 14:24:40,176 [sse-robot_status] [web_gui.backend.robots.core] [INFO] [OpHistory] Completed: robot=robot_ec2b status=success goal_status=REACHED
2026-08-19 14:24:40,186 [ThreadPoolExecutor-1_0] [web_gui.backend.robots.ops] [INFO] ROS2 path topic subscribers stopped
2026-08-19 14:24:45,209 [sse-robot_status] [web_gui.backend.robots.core] [INFO] [OpHistory] Started: robot=robot_ec2b source=robot_display op_id=7416
2026-08-19 14:24:45,247 [ThreadPoolExecutor-1_2] [web_gui.backend.robots.ops] [INFO] ROS2 path topic subscribers ready for /robot_ec2b/plan
2026-08-19 14:25:05,665 [sse-robot_status] [web_gui.backend.robots.core] [INFO] [OpHistory] Completed: robot=robot_ec2b status=success goal_status=REACHED
2026-08-19 14:25:05,682 [ThreadPoolExecutor-1_1] [web_gui.backend.robots.ops] [INFO] ROS2 path topic subscribers stopped
2026-08-19 14:25:11,182 [sse-robot_status] [web_gui.backend.robots.core] [INFO] [OpHistory] Started: robot=robot_ec2b source=robot_display op_id=7417
2026-08-19 14:25:11,219 [ThreadPoolExecutor-1_0] [web_gui.backend.robots.ops] [INFO] ROS2 path topic subscribers ready for /robot_ec2b/plan
2026-08-19 14:25:32,072 [sse-robot_status] [web_gui.backend.robots.core] [INFO] [OpHistory] Completed: robot=robot_ec2b status=success goal_status=REACHED
2026-08-19 14:25:32,080 [ThreadPoolExecutor-1_2] [web_gui.backend.robots.ops] [INFO] ROS2 path topic subscribers stopped
2026-08-19 14:25:37,601 [ThreadPoolExecutor-1_0] [web_gui.backend.robots.ops] [INFO] ROS2 path topic subscribers ready for /robot_ec2b/plan
2026-08-19 14:25:38,164 [sse-robot_status] [web_gui.backend.robots.core] [INFO] [OpHistory] Started: robot=robot_ec2b source=robot_display op_id=7418
2026-08-19 14:25:58,643 [sse-robot_status] [web_gui.backend.robots.core] [INFO] [OpHistory] Completed: robot=robot_ec2b status=success goal_status=REACHED
2026-08-19 14:25:58,651 [ThreadPoolExecutor-1_1] [web_gui.backend.robots.ops] [INFO] ROS2 path topic subscribers stopped
2026-08-19 14:26:03,719 [ThreadPoolExecutor-1_0] [web_gui.backend.robots.ops] [INFO] ROS2 path topic subscribers ready for /robot_ec2b/plan
2026-08-19 14:26:04,126 [sse-robot_status] [web_gui.backend.robots.core] [INFO] [OpHistory] Started: robot=robot_ec2b source=robot_display op_id=7419
2026-08-19 14:26:23,725 [sse-robot_status] [web_gui.backend.robots.core] [INFO] [OpHistory] Completed: robot=robot_ec2b status=success goal_status=REACHED
2026-08-19 14:26:23,739 [ThreadPoolExecutor-1_0] [web_gui.backend.robots.ops] [INFO] ROS2 path topic subscribers stopped
2026-08-19 14:26:29,640 [sse-robot_status] [web_gui.backend.robots.core] [INFO] [OpHistory] Started: robot=robot_ec2b source=robot_display op_id=7420
2026-08-19 14:26:29,681 [ThreadPoolExecutor-1_0] [web_gui.backend.robots.ops] [INFO] ROS2 path topic subscribers ready for /robot_ec2b/plan
2026-08-19 14:26:50,194 [sse-robot_status] [web_gui.backend.robots.core] [INFO] [OpHistory] Completed: robot=robot_ec2b status=success goal_status=REACHED
2026-08-19 14:26:50,203 [ThreadPoolExecutor-1_2] [web_gui.backend.robots.ops] [INFO] ROS2 path topic subscribers stopped
2026-08-19 14:26:55,709 [sse-robot_status] [web_gui.backend.robots.core] [INFO] [OpHistory] Started: robot=robot_ec2b source=robot_display op_id=7421
2026-08-19 14:26:55,747 [ThreadPoolExecutor-1_1] [web_gui.backend.robots.ops] [INFO] ROS2 path topic subscribers ready for /robot_ec2b/plan
2026-08-19 14:27:15,730 [sse-robot_status] [web_gui.backend.robots.core] [INFO] [OpHistory] Completed: robot=robot_ec2b status=success goal_status=REACHED
2026-08-19 14:27:15,739 [ThreadPoolExecutor-1_2] [web_gui.backend.robots.ops] [INFO] ROS2 path topic subscribers stopped
2026-08-19 14:27:21,686 [sse-robot_status] [web_gui.backend.robots.core] [INFO] [OpHistory] Started: robot=robot_ec2b source=robot_display op_id=7422
2026-08-19 14:27:21,729 [ThreadPoolExecutor-1_0] [web_gui.backend.robots.ops] [INFO] ROS2 path topic subscribers ready for /robot_ec2b/plan
2026-08-19 14:27:42,230 [sse-robot_status] [web_gui.backend.robots.core] [INFO] [OpHistory] Completed: robot=robot_ec2b status=success goal_status=REACHED
2026-08-19 14:27:42,240 [ThreadPoolExecutor-1_2] [web_gui.backend.robots.ops] [INFO] ROS2 path topic subscribers stopped
2026-08-19 14:27:47,612 [sse-robot_status] [web_gui.backend.robots.core] [INFO] [OpHistory] Started: robot=robot_ec2b source=robot_display op_id=7423
2026-08-19 14:27:47,655 [ThreadPoolExecutor-1_0] [web_gui.backend.robots.ops] [INFO] ROS2 path topic subscribers ready for /robot_ec2b/plan
2026-08-19 14:28:06,731 [sse-robot_status] [web_gui.backend.robots.core] [INFO] [OpHistory] Completed: robot=robot_ec2b status=success goal_status=REACHED
2026-08-19 14:28:06,738 [ThreadPoolExecutor-1_2] [web_gui.backend.robots.ops] [INFO] ROS2 path topic subscribers stopped
2026-08-19 14:28:12,099 [ThreadPoolExecutor-1_1] [web_gui.backend.robots.ops] [INFO] ROS2 path topic subscribers ready for /robot_ec2b/plan
2026-08-19 14:28:12,667 [sse-robot_status] [web_gui.backend.robots.core] [INFO] [OpHistory] Started: robot=robot_ec2b source=robot_display op_id=7424
2026-08-19 14:28:32,718 [sse-robot_status] [web_gui.backend.robots.core] [INFO] [OpHistory] Completed: robot=robot_ec2b status=success goal_status=REACHED
2026-08-19 14:28:32,728 [ThreadPoolExecutor-1_2] [web_gui.backend.robots.ops] [INFO] ROS2 path topic subscribers stopped
2026-08-19 14:28:38,128 [ThreadPoolExecutor-1_0] [web_gui.backend.robots.ops] [INFO] ROS2 path topic subscribers ready for /robot_ec2b/plan
2026-08-19 14:28:38,711 [sse-robot_status] [web_gui.backend.robots.core] [INFO] [OpHistory] Started: robot=robot_ec2b source=robot_display op_id=7425
2026-08-19 14:29:02,171 [sse-robot_status] [web_gui.backend.robots.core] [INFO] [OpHistory] Completed: robot=robot_ec2b status=success goal_status=REACHED
2026-08-19 14:29:02,182 [ThreadPoolExecutor-1_1] [web_gui.backend.robots.ops] [INFO] ROS2 path topic subscribers stopped
2026-08-19 14:29:08,104 [sse-robot_status] [web_gui.backend.robots.core] [INFO] [OpHistory] Started: robot=robot_ec2b source=robot_display op_id=7426
2026-08-19 14:29:08,144 [ThreadPoolExecutor-1_0] [web_gui.backend.robots.ops] [INFO] ROS2 path topic subscribers ready for /robot_ec2b/plan
2026-08-19 14:29:28,723 [sse-robot_status] [web_gui.backend.robots.core] [INFO] [OpHistory] Completed: robot=robot_ec2b status=success goal_status=REACHED
2026-08-19 14:29:28,736 [ThreadPoolExecutor-1_1] [web_gui.backend.robots.ops] [INFO] ROS2 path topic subscribers stopped
2026-08-19 14:29:34,113 [ThreadPoolExecutor-1_0] [web_gui.backend.robots.ops] [INFO] ROS2 path topic subscribers ready for /robot_ec2b/plan
2026-08-19 14:29:34,649 [sse-robot_status] [web_gui.backend.robots.core] [INFO] [OpHistory] Started: robot=robot_ec2b source=robot_display op_id=7427
2026-08-19 14:29:55,589 [sse-robot_status] [web_gui.backend.robots.core] [INFO] [OpHistory] Completed: robot=robot_ec2b status=success goal_status=REACHED
2026-08-19 14:29:55,598 [ThreadPoolExecutor-1_0] [web_gui.backend.robots.ops] [INFO] ROS2 path topic subscribers stopped
2026-08-19 14:30:01,116 [sse-robot_status] [web_gui.backend.robots.core] [INFO] [OpHistory] Started: robot=robot_ec2b source=robot_display op_id=7428
2026-08-19 14:30:01,159 [ThreadPoolExecutor-1_1] [web_gui.backend.robots.ops] [INFO] ROS2 path topic subscribers ready for /robot_ec2b/plan
2026-08-19 14:30:21,591 [sse-robot_status] [web_gui.backend.robots.core] [INFO] [OpHistory] Completed: robot=robot_ec2b status=success goal_status=REACHED
2026-08-19 14:30:21,604 [ThreadPoolExecutor-1_2] [web_gui.backend.robots.ops] [INFO] ROS2 path topic subscribers stopped
2026-08-19 14:30:27,128 [sse-robot_status] [web_gui.backend.robots.core] [INFO] [OpHistory] Started: robot=robot_ec2b source=robot_display op_id=7429
2026-08-19 14:30:27,174 [ThreadPoolExecutor-1_0] [web_gui.backend.robots.ops] [INFO] ROS2 path topic subscribers ready for /robot_ec2b/plan
2026-08-19 14:30:48,659 [sse-robot_status] [web_gui.backend.robots.core] [INFO] [OpHistory] Completed: robot=robot_ec2b status=success goal_status=REACHED
2026-08-19 14:30:48,669 [ThreadPoolExecutor-1_2] [web_gui.backend.robots.ops] [INFO] ROS2 path topic subscribers stopped
2026-08-19 14:30:55,148 [sse-robot_status] [web_gui.backend.robots.core] [INFO] [OpHistory] Started: robot=robot_ec2b source=robot_display op_id=7430
2026-08-19 14:30:55,187 [ThreadPoolExecutor-1_0] [web_gui.backend.robots.ops] [INFO] ROS2 path topic subscribers ready for /robot_ec2b/plan
2026-08-19 14:31:15,610 [sse-robot_status] [web_gui.backend.robots.core] [INFO] [OpHistory] Completed: robot=robot_ec2b status=success goal_status=REACHED
2026-08-19 14:31:15,620 [ThreadPoolExecutor-1_0] [web_gui.backend.robots.ops] [INFO] ROS2 path topic subscribers stopped
2026-08-19 14:31:21,698 [ThreadPoolExecutor-1_1] [web_gui.backend.robots.ops] [INFO] ROS2 path topic subscribers ready for /robot_ec2b/plan
2026-08-19 14:31:22,107 [sse-robot_status] [web_gui.backend.robots.core] [INFO] [OpHistory] Started: robot=robot_ec2b source=robot_display op_id=7431
2026-08-19 14:31:41,592 [sse-robot_status] [web_gui.backend.robots.core] [INFO] [OpHistory] Completed: robot=robot_ec2b status=success goal_status=REACHED
2026-08-19 14:31:41,602 [ThreadPoolExecutor-1_1] [web_gui.backend.robots.ops] [INFO] ROS2 path topic subscribers stopped
2026-08-19 14:31:46,616 [sse-robot_status] [web_gui.backend.robots.core] [INFO] [OpHistory] Started: robot=robot_ec2b source=robot_display op_id=7432
2026-08-19 14:31:46,645 [ThreadPoolExecutor-1_2] [web_gui.backend.robots.ops] [INFO] ROS2 path topic subscribers ready for /robot_ec2b/plan
2026-08-19 14:32:07,645 [sse-robot_status] [web_gui.backend.robots.core] [INFO] [OpHistory] Completed: robot=robot_ec2b status=success goal_status=REACHED
2026-08-19 14:32:07,655 [ThreadPoolExecutor-1_0] [web_gui.backend.robots.ops] [INFO] ROS2 path topic subscribers stopped
2026-08-19 14:32:13,643 [sse-robot_status] [web_gui.backend.robots.core] [INFO] [OpHistory] Started: robot=robot_ec2b source=robot_display op_id=7433
2026-08-19 14:32:13,683 [ThreadPoolExecutor-1_1] [web_gui.backend.robots.ops] [INFO] ROS2 path topic subscribers ready for /robot_ec2b/plan
2026-08-19 14:32:34,198 [sse-robot_status] [web_gui.backend.robots.core] [INFO] [OpHistory] Completed: robot=robot_ec2b status=success goal_status=REACHED
2026-08-19 14:32:34,206 [ThreadPoolExecutor-1_0] [web_gui.backend.robots.ops] [INFO] ROS2 path topic subscribers stopped
2026-08-19 14:32:39,599 [sse-robot_status] [web_gui.backend.robots.core] [INFO] [OpHistory] Started: robot=robot_ec2b source=robot_display op_id=7434
2026-08-19 14:32:39,637 [ThreadPoolExecutor-1_1] [web_gui.backend.robots.ops] [INFO] ROS2 path topic subscribers ready for /robot_ec2b/plan
2026-08-19 14:33:00,143 [sse-robot_status] [web_gui.backend.robots.core] [INFO] [OpHistory] Completed: robot=robot_ec2b status=success goal_status=REACHED
2026-08-19 14:33:00,149 [ThreadPoolExecutor-1_0] [web_gui.backend.robots.ops] [INFO] ROS2 path topic subscribers stopped
2026-08-19 14:33:06,614 [sse-robot_status] [web_gui.backend.robots.core] [INFO] [OpHistory] Started: robot=robot_ec2b source=robot_display op_id=7435
2026-08-19 14:33:06,641 [ThreadPoolExecutor-1_2] [web_gui.backend.robots.ops] [INFO] ROS2 path topic subscribers ready for /robot_ec2b/plan
2026-08-19 14:33:28,203 [sse-robot_status] [web_gui.backend.robots.core] [INFO] [OpHistory] Completed: robot=robot_ec2b status=success goal_status=REACHED
2026-08-19 14:33:28,216 [ThreadPoolExecutor-1_2] [web_gui.backend.robots.ops] [INFO] ROS2 path topic subscribers stopped
2026-08-19 14:33:33,188 [ThreadPoolExecutor-1_0] [web_gui.backend.robots.ops] [INFO] ROS2 path topic subscribers ready for /robot_ec2b/plan
2026-08-19 14:33:33,585 [sse-robot_status] [web_gui.backend.robots.core] [INFO] [OpHistory] Started: robot=robot_ec2b source=robot_display op_id=7436
2026-08-19 14:33:54,121 [sse-robot_status] [web_gui.backend.robots.core] [INFO] [OpHistory] Completed: robot=robot_ec2b status=success goal_status=REACHED
2026-08-19 14:33:54,129 [ThreadPoolExecutor-1_1] [web_gui.backend.robots.ops] [INFO] ROS2 path topic subscribers stopped
2026-08-19 14:33:59,083 [sse-robot_status] [web_gui.backend.robots.core] [INFO] [OpHistory] Started: robot=robot_ec2b source=robot_display op_id=7437
2026-08-19 14:33:59,127 [ThreadPoolExecutor-1_1] [web_gui.backend.robots.ops] [INFO] ROS2 path topic subscribers ready for /robot_ec2b/plan
2026-08-19 14:34:22,098 [sse-robot_status] [web_gui.backend.robots.core] [INFO] [OpHistory] Completed: robot=robot_ec2b status=success goal_status=REACHED
2026-08-19 14:34:22,109 [ThreadPoolExecutor-1_1] [web_gui.backend.robots.ops] [INFO] ROS2 path topic subscribers stopped
2026-08-19 14:34:27,125 [ThreadPoolExecutor-1_0] [web_gui.backend.robots.ops] [INFO] ROS2 path topic subscribers ready for /robot_ec2b/plan
2026-08-19 14:34:27,695 [sse-robot_status] [web_gui.backend.robots.core] [INFO] [OpHistory] Started: robot=robot_ec2b source=robot_display op_id=7438
2026-08-19 14:34:47,659 [sse-robot_status] [web_gui.backend.robots.core] [INFO] [OpHistory] Completed: robot=robot_ec2b status=success goal_status=REACHED
2026-08-19 14:34:47,669 [ThreadPoolExecutor-1_2] [web_gui.backend.robots.ops] [INFO] ROS2 path topic subscribers stopped
2026-08-19 14:34:53,208 [sse-robot_status] [web_gui.backend.robots.core] [INFO] [OpHistory] Started: robot=robot_ec2b source=robot_display op_id=7439
2026-08-19 14:34:53,266 [ThreadPoolExecutor-1_1] [web_gui.backend.robots.ops] [INFO] ROS2 path topic subscribers ready for /robot_ec2b/plan
2026-08-19 14:35:12,627 [sse-robot_status] [web_gui.backend.robots.core] [INFO] [OpHistory] Completed: robot=robot_ec2b status=success goal_status=REACHED
2026-08-19 14:35:12,667 [ThreadPoolExecutor-1_2] [web_gui.backend.robots.ops] [INFO] ROS2 path topic subscribers stopped
2026-08-19 14:35:18,168 [sse-robot_status] [web_gui.backend.robots.core] [INFO] [OpHistory] Started: robot=robot_ec2b source=robot_display op_id=7440
2026-08-19 14:35:18,214 [ThreadPoolExecutor-1_0] [web_gui.backend.robots.ops] [INFO] ROS2 path topic subscribers ready for /robot_ec2b/plan
2026-08-19 14:35:39,131 [sse-robot_status] [web_gui.backend.robots.core] [INFO] [OpHistory] Completed: robot=robot_ec2b status=success goal_status=REACHED
2026-08-19 14:35:39,138 [ThreadPoolExecutor-1_0] [web_gui.backend.robots.ops] [INFO] ROS2 path topic subscribers stopped
2026-08-19 14:35:45,201 [sse-robot_status] [web_gui.backend.robots.core] [INFO] [OpHistory] Started: robot=robot_ec2b source=robot_display op_id=7441
2026-08-19 14:35:45,227 [ThreadPoolExecutor-1_1] [web_gui.backend.robots.ops] [INFO] ROS2 path topic subscribers ready for /robot_ec2b/plan
2026-08-19 14:36:08,725 [sse-robot_status] [web_gui.backend.robots.core] [INFO] [OpHistory] Completed: robot=robot_ec2b status=success goal_status=REACHED
2026-08-19 14:36:08,734 [ThreadPoolExecutor-1_0] [web_gui.backend.robots.ops] [INFO] ROS2 path topic subscribers stopped
2026-08-19 14:36:14,157 [sse-robot_status] [web_gui.backend.robots.core] [INFO] [OpHistory] Started: robot=robot_ec2b source=robot_display op_id=7442
2026-08-19 14:36:14,195 [ThreadPoolExecutor-1_1] [web_gui.backend.robots.ops] [INFO] ROS2 path topic subscribers ready for /robot_ec2b/plan
2026-08-19 14:36:35,127 [sse-robot_status] [web_gui.backend.robots.core] [INFO] [OpHistory] Completed: robot=robot_ec2b status=success goal_status=REACHED
2026-08-19 14:36:35,132 [ThreadPoolExecutor-1_2] [web_gui.backend.robots.ops] [INFO] ROS2 path topic subscribers stopped
2026-08-19 14:36:41,213 [sse-robot_status] [web_gui.backend.robots.core] [INFO] [OpHistory] Started: robot=robot_ec2b source=robot_display op_id=7443
2026-08-19 14:36:41,238 [ThreadPoolExecutor-1_0] [web_gui.backend.robots.ops] [INFO] ROS2 path topic subscribers ready for /robot_ec2b/plan
2026-08-19 14:37:04,146 [sse-robot_status] [web_gui.backend.robots.core] [INFO] [OpHistory] Completed: robot=robot_ec2b status=success goal_status=REACHED
2026-08-19 14:37:04,153 [ThreadPoolExecutor-1_1] [web_gui.backend.robots.ops] [INFO] ROS2 path topic subscribers stopped
2026-08-19 14:37:09,703 [sse-robot_status] [web_gui.backend.robots.core] [INFO] [OpHistory] Started: robot=robot_ec2b source=robot_display op_id=7444
2026-08-19 14:37:09,738 [ThreadPoolExecutor-1_2] [web_gui.backend.robots.ops] [INFO] ROS2 path topic subscribers ready for /robot_ec2b/plan
2026-08-19 14:37:30,124 [sse-robot_status] [web_gui.backend.robots.core] [INFO] [OpHistory] Completed: robot=robot_ec2b status=success goal_status=REACHED
2026-08-19 14:37:30,131 [ThreadPoolExecutor-1_2] [web_gui.backend.robots.ops] [INFO] ROS2 path topic subscribers stopped
2026-08-19 14:37:35,676 [sse-robot_status] [web_gui.backend.robots.core] [INFO] [OpHistory] Started: robot=robot_ec2b source=robot_display op_id=7445
2026-08-19 14:37:35,715 [ThreadPoolExecutor-1_1] [web_gui.backend.robots.ops] [INFO] ROS2 path topic subscribers ready for /robot_ec2b/plan
2026-08-19 14:37:56,121 [sse-robot_status] [web_gui.backend.robots.core] [INFO] [OpHistory] Completed: robot=robot_ec2b status=success goal_status=REACHED
2026-08-19 14:37:56,128 [ThreadPoolExecutor-1_0] [web_gui.backend.robots.ops] [INFO] ROS2 path topic subscribers stopped
2026-08-19 14:38:01,630 [sse-robot_status] [web_gui.backend.robots.core] [INFO] [OpHistory] Started: robot=robot_ec2b source=robot_display op_id=7446
2026-08-19 14:38:01,663 [ThreadPoolExecutor-1_1] [web_gui.backend.robots.ops] [INFO] ROS2 path topic subscribers ready for /robot_ec2b/plan
2026-08-19 14:38:22,604 [sse-robot_status] [web_gui.backend.robots.core] [INFO] [OpHistory] Completed: robot=robot_ec2b status=success goal_status=REACHED
2026-08-19 14:38:22,612 [ThreadPoolExecutor-1_0] [web_gui.backend.robots.ops] [INFO] ROS2 path topic subscribers stopped
2026-08-19 14:38:28,217 [ThreadPoolExecutor-1_0] [web_gui.backend.robots.ops] [INFO] ROS2 path topic subscribers ready for /robot_ec2b/plan
2026-08-19 14:38:28,657 [sse-robot_status] [web_gui.backend.robots.core] [INFO] [OpHistory] Started: robot=robot_ec2b source=robot_display op_id=7447
2026-08-19 14:38:48,230 [sse-robot_status] [web_gui.backend.robots.core] [INFO] [OpHistory] Completed: robot=robot_ec2b status=success goal_status=REACHED
2026-08-19 14:38:48,239 [ThreadPoolExecutor-1_0] [web_gui.backend.robots.ops] [INFO] ROS2 path topic subscribers stopped
2026-08-19 14:38:54,161 [sse-robot_status] [web_gui.backend.robots.core] [INFO] [OpHistory] Started: robot=robot_ec2b source=robot_display op_id=7448
2026-08-19 14:38:54,198 [ThreadPoolExecutor-1_2] [web_gui.backend.robots.ops] [INFO] ROS2 path topic subscribers ready for /robot_ec2b/plan
2026-08-19 14:39:15,122 [sse-robot_status] [web_gui.backend.robots.core] [INFO] [OpHistory] Completed: robot=robot_ec2b status=success goal_status=REACHED
2026-08-19 14:39:15,129 [ThreadPoolExecutor-1_0] [web_gui.backend.robots.ops] [INFO] ROS2 path topic subscribers stopped
2026-08-19 14:39:20,078 [sse-robot_status] [web_gui.backend.robots.core] [INFO] [OpHistory] Started: robot=robot_ec2b source=robot_display op_id=7449
2026-08-19 14:39:20,105 [ThreadPoolExecutor-1_2] [web_gui.backend.robots.ops] [INFO] ROS2 path topic subscribers ready for /robot_ec2b/plan
2026-08-19 14:39:40,100 [sse-robot_status] [web_gui.backend.robots.core] [INFO] [OpHistory] Completed: robot=robot_ec2b status=success goal_status=REACHED
2026-08-19 14:39:40,109 [ThreadPoolExecutor-1_2] [web_gui.backend.robots.ops] [INFO] ROS2 path topic subscribers stopped
2026-08-19 14:39:45,213 [ThreadPoolExecutor-1_2] [web_gui.backend.robots.ops] [INFO] ROS2 path topic subscribers ready for /robot_ec2b/plan
2026-08-19 14:39:45,630 [sse-robot_status] [web_gui.backend.robots.core] [INFO] [OpHistory] Started: robot=robot_ec2b source=robot_display op_id=7450
2026-08-19 14:40:06,192 [sse-robot_status] [web_gui.backend.robots.core] [INFO] [OpHistory] Completed: robot=robot_ec2b status=success goal_status=REACHED
2026-08-19 14:40:06,204 [ThreadPoolExecutor-1_2] [web_gui.backend.robots.ops] [INFO] ROS2 path topic subscribers stopped
2026-08-19 14:40:11,208 [sse-robot_status] [web_gui.backend.robots.core] [INFO] [OpHistory] Started: robot=robot_ec2b source=robot_display op_id=7451
2026-08-19 14:40:11,241 [ThreadPoolExecutor-1_1] [web_gui.backend.robots.ops] [INFO] ROS2 path topic subscribers ready for /robot_ec2b/plan
2026-08-19 14:40:32,175 [sse-robot_status] [web_gui.backend.robots.core] [INFO] [OpHistory] Completed: robot=robot_ec2b status=success goal_status=REACHED
2026-08-19 14:40:32,186 [ThreadPoolExecutor-1_0] [web_gui.backend.robots.ops] [INFO] ROS2 path topic subscribers stopped
2026-08-19 14:40:37,224 [ThreadPoolExecutor-1_2] [web_gui.backend.robots.ops] [INFO] ROS2 path topic subscribers ready for /robot_ec2b/plan
2026-08-19 14:40:37,627 [sse-robot_status] [web_gui.backend.robots.core] [INFO] [OpHistory] Started: robot=robot_ec2b source=robot_display op_id=7452
2026-08-19 14:40:58,107 [sse-robot_status] [web_gui.backend.robots.core] [INFO] [OpHistory] Completed: robot=robot_ec2b status=success goal_status=REACHED
2026-08-19 14:40:58,113 [ThreadPoolExecutor-1_0] [web_gui.backend.robots.ops] [INFO] ROS2 path topic subscribers stopped
2026-08-19 14:41:03,224 [sse-robot_status] [web_gui.backend.robots.core] [INFO] [OpHistory] Started: robot=robot_ec2b source=robot_display op_id=7453
2026-08-19 14:41:03,263 [ThreadPoolExecutor-1_2] [web_gui.backend.robots.ops] [INFO] ROS2 path topic subscribers ready for /robot_ec2b/plan
2026-08-19 14:41:24,697 [sse-robot_status] [web_gui.backend.robots.core] [INFO] [OpHistory] Completed: robot=robot_ec2b status=success goal_status=REACHED
2026-08-19 14:41:24,705 [ThreadPoolExecutor-1_0] [web_gui.backend.robots.ops] [INFO] ROS2 path topic subscribers stopped
2026-08-19 14:41:30,096 [sse-robot_status] [web_gui.backend.robots.core] [INFO] [OpHistory] Started: robot=robot_ec2b source=robot_display op_id=7454
2026-08-19 14:41:30,136 [ThreadPoolExecutor-1_1] [web_gui.backend.robots.ops] [INFO] ROS2 path topic subscribers ready for /robot_ec2b/plan
2026-08-19 14:41:50,730 [sse-robot_status] [web_gui.backend.robots.core] [INFO] [OpHistory] Completed: robot=robot_ec2b status=success goal_status=REACHED
2026-08-19 14:41:50,742 [ThreadPoolExecutor-1_2] [web_gui.backend.robots.ops] [INFO] ROS2 path topic subscribers stopped
2026-08-19 14:41:56,169 [sse-robot_status] [web_gui.backend.robots.core] [INFO] [OpHistory] Started: robot=robot_ec2b source=robot_display op_id=7455
2026-08-19 14:41:56,201 [ThreadPoolExecutor-1_2] [web_gui.backend.robots.ops] [INFO] ROS2 path topic subscribers ready for /robot_ec2b/plan
2026-08-19 14:42:16,575 [sse-robot_status] [web_gui.backend.robots.core] [INFO] [OpHistory] Completed: robot=robot_ec2b status=success goal_status=REACHED
2026-08-19 14:42:16,584 [ThreadPoolExecutor-1_1] [web_gui.backend.robots.ops] [INFO] ROS2 path topic subscribers stopped
2026-08-19 14:42:22,198 [sse-robot_status] [web_gui.backend.robots.core] [INFO] [OpHistory] Started: robot=robot_ec2b source=robot_display op_id=7456
2026-08-19 14:42:22,236 [ThreadPoolExecutor-1_0] [web_gui.backend.robots.ops] [INFO] ROS2 path topic subscribers ready for /robot_ec2b/plan
2026-08-19 14:42:42,608 [sse-robot_status] [web_gui.backend.robots.core] [INFO] [OpHistory] Completed: robot=robot_ec2b status=success goal_status=REACHED
2026-08-19 14:42:42,623 [ThreadPoolExecutor-1_0] [web_gui.backend.robots.ops] [INFO] ROS2 path topic subscribers stopped
2026-08-19 14:42:49,214 [sse-robot_status] [web_gui.backend.robots.core] [INFO] [OpHistory] Started: robot=robot_ec2b source=robot_display op_id=7457
2026-08-19 14:42:49,248 [ThreadPoolExecutor-1_2] [web_gui.backend.robots.ops] [INFO] ROS2 path topic subscribers ready for /robot_ec2b/plan
2026-08-19 14:43:09,122 [sse-robot_status] [web_gui.backend.robots.core] [INFO] [OpHistory] Completed: robot=robot_ec2b status=success goal_status=REACHED
2026-08-19 14:43:09,134 [ThreadPoolExecutor-1_0] [web_gui.backend.robots.ops] [INFO] ROS2 path topic subscribers stopped
2026-08-19 14:43:14,650 [sse-robot_status] [web_gui.backend.robots.core] [INFO] [OpHistory] Started: robot=robot_ec2b source=robot_display op_id=7458
2026-08-19 14:43:14,682 [ThreadPoolExecutor-1_2] [web_gui.backend.robots.ops] [INFO] ROS2 path topic subscribers ready for /robot_ec2b/plan
2026-08-19 14:43:34,720 [sse-robot_status] [web_gui.backend.robots.core] [INFO] [OpHistory] Completed: robot=robot_ec2b status=success goal_status=REACHED
2026-08-19 14:43:34,728 [ThreadPoolExecutor-1_0] [web_gui.backend.robots.ops] [INFO] ROS2 path topic subscribers stopped
2026-08-19 14:43:40,752 [sse-robot_status] [web_gui.backend.robots.core] [INFO] [OpHistory] Started: robot=robot_ec2b source=robot_display op_id=7459
2026-08-19 14:43:40,793 [ThreadPoolExecutor-1_2] [web_gui.backend.robots.ops] [INFO] ROS2 path topic subscribers ready for /robot_ec2b/plan
2026-08-19 14:44:02,733 [sse-robot_status] [web_gui.backend.robots.core] [INFO] [OpHistory] Completed: robot=robot_ec2b status=success goal_status=REACHED
2026-08-19 14:44:02,749 [ThreadPoolExecutor-1_2] [web_gui.backend.robots.ops] [INFO] ROS2 path topic subscribers stopped
2026-08-19 14:44:08,740 [sse-robot_status] [web_gui.backend.robots.core] [INFO] [OpHistory] Started: robot=robot_ec2b source=robot_display op_id=7460
2026-08-19 14:44:08,780 [ThreadPoolExecutor-1_1] [web_gui.backend.robots.ops] [INFO] ROS2 path topic subscribers ready for /robot_ec2b/plan
2026-08-19 14:44:29,202 [sse-robot_status] [web_gui.backend.robots.core] [INFO] [OpHistory] Completed: robot=robot_ec2b status=success goal_status=REACHED
2026-08-19 14:44:29,210 [ThreadPoolExecutor-1_0] [web_gui.backend.robots.ops] [INFO] ROS2 path topic subscribers stopped
2026-08-19 14:44:34,614 [sse-robot_status] [web_gui.backend.robots.core] [INFO] [OpHistory] Started: robot=robot_ec2b source=robot_display op_id=7461
2026-08-19 14:44:34,650 [ThreadPoolExecutor-1_1] [web_gui.backend.robots.ops] [INFO] ROS2 path topic subscribers ready for /robot_ec2b/plan
2026-08-19 14:44:54,134 [sse-robot_status] [web_gui.backend.robots.core] [INFO] [OpHistory] Completed: robot=robot_ec2b status=success goal_status=REACHED
2026-08-19 14:44:54,145 [ThreadPoolExecutor-1_0] [web_gui.backend.robots.ops] [INFO] ROS2 path topic subscribers stopped
2026-08-19 14:44:59,707 [sse-robot_status] [web_gui.backend.robots.core] [INFO] [OpHistory] Started: robot=robot_ec2b source=robot_display op_id=7462
2026-08-19 14:44:59,734 [ThreadPoolExecutor-1_1] [web_gui.backend.robots.ops] [INFO] ROS2 path topic subscribers ready for /robot_ec2b/plan
2026-08-19 14:45:20,123 [sse-robot_status] [web_gui.backend.robots.core] [INFO] [OpHistory] Completed: robot=robot_ec2b status=success goal_status=REACHED
2026-08-19 14:45:20,130 [ThreadPoolExecutor-1_0] [web_gui.backend.robots.ops] [INFO] ROS2 path topic subscribers stopped
2026-08-19 14:45:25,639 [sse-robot_status] [web_gui.backend.robots.core] [INFO] [OpHistory] Started: robot=robot_ec2b source=robot_display op_id=7463
2026-08-19 14:45:25,667 [ThreadPoolExecutor-1_2] [web_gui.backend.robots.ops] [INFO] ROS2 path topic subscribers ready for /robot_ec2b/plan
2026-08-19 14:45:46,676 [sse-robot_status] [web_gui.backend.robots.core] [INFO] [OpHistory] Completed: robot=robot_ec2b status=success goal_status=REACHED
2026-08-19 14:45:46,686 [ThreadPoolExecutor-1_1] [web_gui.backend.robots.ops] [INFO] ROS2 path topic subscribers stopped
2026-08-19 14:45:52,602 [sse-robot_status] [web_gui.backend.robots.core] [INFO] [OpHistory] Started: robot=robot_ec2b source=robot_display op_id=7464
2026-08-19 14:45:52,628 [ThreadPoolExecutor-1_2] [web_gui.backend.robots.ops] [INFO] ROS2 path topic subscribers ready for /robot_ec2b/plan
2026-08-19 14:46:12,648 [sse-robot_status] [web_gui.backend.robots.core] [INFO] [OpHistory] Completed: robot=robot_ec2b status=success goal_status=REACHED
2026-08-19 14:46:12,655 [ThreadPoolExecutor-1_2] [web_gui.backend.robots.ops] [INFO] ROS2 path topic subscribers stopped
2026-08-19 14:46:18,146 [ThreadPoolExecutor-1_0] [web_gui.backend.robots.ops] [INFO] ROS2 path topic subscribers ready for /robot_ec2b/plan
2026-08-19 14:46:18,714 [sse-robot_status] [web_gui.backend.robots.core] [INFO] [OpHistory] Started: robot=robot_ec2b source=robot_display op_id=7465
2026-08-19 14:46:40,165 [sse-robot_status] [web_gui.backend.robots.core] [INFO] [OpHistory] Completed: robot=robot_ec2b status=success goal_status=REACHED
2026-08-19 14:46:40,172 [ThreadPoolExecutor-1_1] [web_gui.backend.robots.ops] [INFO] ROS2 path topic subscribers stopped
2026-08-19 14:46:45,124 [sse-robot_status] [web_gui.backend.robots.core] [INFO] [OpHistory] Started: robot=robot_ec2b source=robot_display op_id=7466
2026-08-19 14:46:45,180 [ThreadPoolExecutor-1_2] [web_gui.backend.robots.ops] [INFO] ROS2 path topic subscribers ready for /robot_ec2b/plan
2026-08-19 14:47:06,249 [sse-robot_status] [web_gui.backend.robots.core] [INFO] [OpHistory] Completed: robot=robot_ec2b status=success goal_status=REACHED
2026-08-19 14:47:06,260 [ThreadPoolExecutor-1_1] [web_gui.backend.robots.ops] [INFO] ROS2 path topic subscribers stopped
2026-08-19 14:47:11,090 [ThreadPoolExecutor-1_2] [web_gui.backend.robots.ops] [INFO] ROS2 path topic subscribers ready for /robot_ec2b/plan
2026-08-19 14:47:11,659 [sse-robot_status] [web_gui.backend.robots.core] [INFO] [OpHistory] Started: robot=robot_ec2b source=robot_display op_id=7467
2026-08-19 14:47:31,166 [sse-robot_status] [web_gui.backend.robots.core] [INFO] [OpHistory] Completed: robot=robot_ec2b status=success goal_status=REACHED
2026-08-19 14:47:31,173 [ThreadPoolExecutor-1_2] [web_gui.backend.robots.ops] [INFO] ROS2 path topic subscribers stopped
2026-08-19 14:47:36,202 [ThreadPoolExecutor-1_1] [web_gui.backend.robots.ops] [INFO] ROS2 path topic subscribers ready for /robot_ec2b/plan
2026-08-19 14:47:36,589 [sse-robot_status] [web_gui.backend.robots.core] [INFO] [OpHistory] Started: robot=robot_ec2b source=robot_display op_id=7468
2026-08-19 14:47:57,153 [sse-robot_status] [web_gui.backend.robots.core] [INFO] [OpHistory] Completed: robot=robot_ec2b status=success goal_status=REACHED
2026-08-19 14:47:57,167 [ThreadPoolExecutor-1_1] [web_gui.backend.robots.ops] [INFO] ROS2 path topic subscribers stopped
2026-08-19 14:48:02,108 [sse-robot_status] [web_gui.backend.robots.core] [INFO] [OpHistory] Started: robot=robot_ec2b source=robot_display op_id=7469
2026-08-19 14:48:02,146 [ThreadPoolExecutor-1_2] [web_gui.backend.robots.ops] [INFO] ROS2 path topic subscribers ready for /robot_ec2b/plan
2026-08-19 14:48:22,204 [sse-robot_status] [web_gui.backend.robots.core] [INFO] [OpHistory] Completed: robot=robot_ec2b status=success goal_status=REACHED
2026-08-19 14:48:22,219 [ThreadPoolExecutor-1_0] [web_gui.backend.robots.ops] [INFO] ROS2 path topic subscribers stopped
2026-08-19 14:48:27,710 [sse-robot_status] [web_gui.backend.robots.core] [INFO] [OpHistory] Started: robot=robot_ec2b source=robot_display op_id=7470
2026-08-19 14:48:27,737 [ThreadPoolExecutor-1_1] [web_gui.backend.robots.ops] [INFO] ROS2 path topic subscribers ready for /robot_ec2b/plan
2026-08-19 14:48:48,686 [sse-robot_status] [web_gui.backend.robots.core] [INFO] [OpHistory] Completed: robot=robot_ec2b status=success goal_status=REACHED
2026-08-19 14:48:48,708 [ThreadPoolExecutor-1_2] [web_gui.backend.robots.ops] [INFO] ROS2 path topic subscribers stopped
2026-08-19 14:48:54,216 [ThreadPoolExecutor-1_1] [web_gui.backend.robots.ops] [INFO] ROS2 path topic subscribers ready for /robot_ec2b/plan
2026-08-19 14:48:54,617 [sse-robot_status] [web_gui.backend.robots.core] [INFO] [OpHistory] Started: robot=robot_ec2b source=robot_display op_id=7471
2026-08-19 14:49:15,710 [sse-robot_status] [web_gui.backend.robots.core] [INFO] [OpHistory] Completed: robot=robot_ec2b status=success goal_status=REACHED
2026-08-19 14:49:15,724 [ThreadPoolExecutor-1_1] [web_gui.backend.robots.ops] [INFO] ROS2 path topic subscribers stopped
2026-08-19 14:49:21,103 [sse-robot_status] [web_gui.backend.robots.core] [INFO] [OpHistory] Started: robot=robot_ec2b source=robot_display op_id=7472
2026-08-19 14:49:21,145 [ThreadPoolExecutor-1_0] [web_gui.backend.robots.ops] [INFO] ROS2 path topic subscribers ready for /robot_ec2b/plan
2026-08-19 14:49:41,610 [sse-robot_status] [web_gui.backend.robots.core] [INFO] [OpHistory] Completed: robot=robot_ec2b status=success goal_status=REACHED
2026-08-19 14:49:41,617 [ThreadPoolExecutor-1_1] [web_gui.backend.robots.ops] [INFO] ROS2 path topic subscribers stopped
2026-08-19 14:49:47,135 [sse-robot_status] [web_gui.backend.robots.core] [INFO] [OpHistory] Started: robot=robot_ec2b source=robot_display op_id=7473
2026-08-19 14:49:47,175 [ThreadPoolExecutor-1_0] [web_gui.backend.robots.ops] [INFO] ROS2 path topic subscribers ready for /robot_ec2b/plan
2026-08-19 14:50:06,714 [sse-robot_status] [web_gui.backend.robots.core] [INFO] [OpHistory] Completed: robot=robot_ec2b status=success goal_status=REACHED
2026-08-19 14:50:06,726 [ThreadPoolExecutor-1_0] [web_gui.backend.robots.ops] [INFO] ROS2 path topic subscribers stopped
2026-08-19 14:50:12,085 [sse-robot_status] [web_gui.backend.robots.core] [INFO] [OpHistory] Started: robot=robot_ec2b source=robot_display op_id=7474
2026-08-19 14:50:12,137 [ThreadPoolExecutor-1_2] [web_gui.backend.robots.ops] [INFO] ROS2 path topic subscribers ready for /robot_ec2b/plan
2026-08-19 14:50:32,665 [sse-robot_status] [web_gui.backend.robots.core] [INFO] [OpHistory] Completed: robot=robot_ec2b status=success goal_status=REACHED
2026-08-19 14:50:32,673 [ThreadPoolExecutor-1_0] [web_gui.backend.robots.ops] [INFO] ROS2 path topic subscribers stopped
2026-08-19 14:50:38,094 [sse-robot_status] [web_gui.backend.robots.core] [INFO] [OpHistory] Started: robot=robot_ec2b source=robot_display op_id=7475
2026-08-19 14:50:38,138 [ThreadPoolExecutor-1_2] [web_gui.backend.robots.ops] [INFO] ROS2 path topic subscribers ready for /robot_ec2b/plan
2026-08-19 14:51:02,138 [sse-robot_status] [web_gui.backend.robots.core] [INFO] [OpHistory] Completed: robot=robot_ec2b status=success goal_status=REACHED
2026-08-19 14:51:02,148 [ThreadPoolExecutor-1_0] [web_gui.backend.robots.ops] [INFO] ROS2 path topic subscribers stopped
2026-08-19 14:51:07,669 [ThreadPoolExecutor-1_1] [web_gui.backend.robots.ops] [INFO] ROS2 path topic subscribers ready for /robot_ec2b/plan
2026-08-19 14:51:08,114 [sse-robot_status] [web_gui.backend.robots.core] [INFO] [OpHistory] Started: robot=robot_ec2b source=robot_display op_id=7476
2026-08-19 14:51:29,181 [sse-robot_status] [web_gui.backend.robots.core] [INFO] [OpHistory] Completed: robot=robot_ec2b status=success goal_status=REACHED
2026-08-19 14:51:29,190 [ThreadPoolExecutor-1_1] [web_gui.backend.robots.ops] [INFO] ROS2 path topic subscribers stopped
2026-08-19 14:51:34,724 [sse-robot_status] [web_gui.backend.robots.core] [INFO] [OpHistory] Started: robot=robot_ec2b source=robot_display op_id=7477
2026-08-19 14:51:34,758 [ThreadPoolExecutor-1_2] [web_gui.backend.robots.ops] [INFO] ROS2 path topic subscribers ready for /robot_ec2b/plan
2026-08-19 14:51:54,136 [sse-robot_status] [web_gui.backend.robots.core] [INFO] [OpHistory] Completed: robot=robot_ec2b status=success goal_status=REACHED
2026-08-19 14:51:54,148 [ThreadPoolExecutor-1_0] [web_gui.backend.robots.ops] [INFO] ROS2 path topic subscribers stopped
2026-08-19 14:51:59,680 [sse-robot_status] [web_gui.backend.robots.core] [INFO] [OpHistory] Started: robot=robot_ec2b source=robot_display op_id=7478
2026-08-19 14:51:59,721 [ThreadPoolExecutor-1_0] [web_gui.backend.robots.ops] [INFO] ROS2 path topic subscribers ready for /robot_ec2b/plan
2026-08-19 14:52:19,620 [sse-robot_status] [web_gui.backend.robots.core] [INFO] [OpHistory] Completed: robot=robot_ec2b status=success goal_status=REACHED
2026-08-19 14:52:19,628 [ThreadPoolExecutor-1_2] [web_gui.backend.robots.ops] [INFO] ROS2 path topic subscribers stopped
2026-08-19 14:52:25,679 [sse-robot_status] [web_gui.backend.robots.core] [INFO] [OpHistory] Started: robot=robot_ec2b source=robot_display op_id=7479
2026-08-19 14:52:25,723 [ThreadPoolExecutor-1_1] [web_gui.backend.robots.ops] [INFO] ROS2 path topic subscribers ready for /robot_ec2b/plan
                                                                                                                                                                                                                                                                                                                                                                                                                                                                                                                                                                                                                                                                                                                                                                                                                                                                             2026-08-19 14:54:18,009 [MainThread] [web_gui.backend.server] [INFO] Starting Hypercorn server on http://0.0.0.0:5051
2026-08-19 14:54:18,012 [MainThread] [web_gui.backend.server] [INFO] Thread dump handler ready: kill -USR1 2735
2026-08-19 14:54:19,177 [MainThread] [web_gui.backend.robots.core] [INFO] Polling thread started
2026-08-19 14:54:19,202 [MainThread] [web_gui.backend.robots.core] [INFO] SSE streams started (7 new, 7 total)
2026-08-19 14:54:19,238 [MainThread] [web_gui.backend.server] [INFO] Voice event settings ready: /home/dentium/.local/share/dentium-webgui/config/voice_event_settings.json
2026-08-19 14:54:19,276 [MainThread] [web_gui.backend.server] [INFO] Browser music catalog ready in voice event settings: /home/dentium/.local/share/dentium-webgui/config/voice_event_settings.json
2026-08-19 14:54:19,437 [MainThread] [web_gui.backend.robots.ops] [INFO] Direct ROS2 node ready for latency-sensitive commands
2026-08-19 14:54:19,446 [MainThread] [web_gui.backend.robots.ops] [INFO] ROS2 callbell subscriber ready for /callbell
2026-08-19 14:54:24,469 [ThreadPoolExecutor-1_0] [web_gui.backend.robots.ops] [INFO] ROS2 path topic subscribers ready for /robot_ec2b/plan
2026-08-19 14:55:10,768 [ThreadPoolExecutor-1_0] [web_gui.backend.robots.ops] [INFO] ROS2 path topic subscribers stopped
2026-08-19 14:55:16,776 [ThreadPoolExecutor-1_0] [web_gui.backend.robots.ops] [INFO] ROS2 path topic subscribers ready for /robot_ec2b/plan
2026-08-19 14:55:17,169 [sse-robot_status] [web_gui.backend.robots.core] [INFO] [OpHistory] Started: robot=robot_ec2b source=robot_display op_id=7481
2026-08-19 14:55:36,221 [sse-robot_status] [web_gui.backend.robots.core] [INFO] [OpHistory] Completed: robot=robot_ec2b status=success goal_status=REACHED
2026-08-19 14:55:36,228 [ThreadPoolExecutor-1_1] [web_gui.backend.robots.ops] [INFO] ROS2 path topic subscribers stopped
2026-08-19 14:55:41,206 [sse-robot_status] [web_gui.backend.robots.core] [INFO] [OpHistory] Started: robot=robot_ec2b source=robot_display op_id=7482
2026-08-19 14:55:41,241 [ThreadPoolExecutor-1_0] [web_gui.backend.robots.ops] [INFO] ROS2 path topic subscribers ready for /robot_ec2b/plan
2026-08-19 14:56:01,202 [sse-robot_status] [web_gui.backend.robots.core] [INFO] [OpHistory] Completed: robot=robot_ec2b status=success goal_status=REACHED
2026-08-19 14:56:01,210 [ThreadPoolExecutor-1_0] [web_gui.backend.robots.ops] [INFO] ROS2 path topic subscribers stopped
2026-08-19 14:56:07,217 [ThreadPoolExecutor-1_0] [web_gui.backend.robots.ops] [INFO] ROS2 path topic subscribers ready for /robot_ec2b/plan
2026-08-19 14:56:07,257 [sse-robot_status] [web_gui.backend.robots.core] [INFO] [OpHistory] Started: robot=robot_ec2b source=robot_display op_id=7483
2026-08-19 14:56:31,261 [sse-robot_status] [web_gui.backend.robots.core] [INFO] [OpHistory] Completed: robot=robot_ec2b status=success goal_status=REACHED
2026-08-19 14:56:31,270 [ThreadPoolExecutor-1_1] [web_gui.backend.robots.ops] [INFO] ROS2 path topic subscribers stopped
2026-08-19 14:56:37,204 [ThreadPoolExecutor-1_0] [web_gui.backend.robots.ops] [INFO] ROS2 path topic subscribers ready for /robot_ec2b/plan
2026-08-19 14:56:37,257 [sse-robot_status] [web_gui.backend.robots.core] [INFO] [OpHistory] Started: robot=robot_ec2b source=robot_display op_id=7484
2026-08-19 14:56:57,219 [sse-robot_status] [web_gui.backend.robots.core] [INFO] [OpHistory] Completed: robot=robot_ec2b status=success goal_status=REACHED
2026-08-19 14:56:57,230 [ThreadPoolExecutor-1_0] [web_gui.backend.robots.ops] [INFO] ROS2 path topic subscribers stopped
2026-08-19 14:57:03,223 [ThreadPoolExecutor-1_0] [web_gui.backend.robots.ops] [INFO] ROS2 path topic subscribers ready for /robot_ec2b/plan
2026-08-19 14:57:03,272 [sse-robot_status] [web_gui.backend.robots.core] [INFO] [OpHistory] Started: robot=robot_ec2b source=robot_display op_id=7485
2026-08-19 14:57:23,235 [sse-robot_status] [web_gui.backend.robots.core] [INFO] [OpHistory] Completed: robot=robot_ec2b status=success goal_status=REACHED
2026-08-19 14:57:23,245 [ThreadPoolExecutor-1_0] [web_gui.backend.robots.ops] [INFO] ROS2 path topic subscribers stopped
2026-08-19 14:57:29,204 [ThreadPoolExecutor-1_1] [web_gui.backend.robots.ops] [INFO] ROS2 path topic subscribers ready for /robot_ec2b/plan
2026-08-19 14:57:29,259 [sse-robot_status] [web_gui.backend.robots.core] [INFO] [OpHistory] Started: robot=robot_ec2b source=robot_display op_id=7486
2026-08-19 14:57:49,234 [sse-robot_status] [web_gui.backend.robots.core] [INFO] [OpHistory] Completed: robot=robot_ec2b status=success goal_status=REACHED
2026-08-19 14:57:49,243 [ThreadPoolExecutor-1_1] [web_gui.backend.robots.ops] [INFO] ROS2 path topic subscribers stopped
2026-08-19 14:57:55,182 [ThreadPoolExecutor-1_0] [web_gui.backend.robots.ops] [INFO] ROS2 path topic subscribers ready for /robot_ec2b/plan
2026-08-19 14:57:55,226 [sse-robot_status] [web_gui.backend.robots.core] [INFO] [OpHistory] Started: robot=robot_ec2b source=robot_display op_id=7487
2026-08-19 14:58:19,180 [sse-robot_status] [web_gui.backend.robots.core] [INFO] [OpHistory] Completed: robot=robot_ec2b status=success goal_status=REACHED
2026-08-19 14:58:19,187 [ThreadPoolExecutor-1_0] [web_gui.backend.robots.ops] [INFO] ROS2 path topic subscribers stopped
2026-08-19 14:58:24,677 [ThreadPoolExecutor-1_0] [web_gui.backend.robots.ops] [INFO] ROS2 path topic subscribers ready for /robot_ec2b/plan
2026-08-19 14:58:25,210 [sse-robot_status] [web_gui.backend.robots.core] [INFO] [OpHistory] Started: robot=robot_ec2b source=robot_display op_id=7488
2026-08-19 14:58:45,243 [sse-robot_status] [web_gui.backend.robots.core] [INFO] [OpHistory] Completed: robot=robot_ec2b status=success goal_status=REACHED
2026-08-19 14:58:45,249 [ThreadPoolExecutor-1_1] [web_gui.backend.robots.ops] [INFO] ROS2 path topic subscribers stopped
2026-08-19 14:58:50,784 [ThreadPoolExecutor-1_1] [web_gui.backend.robots.ops] [INFO] ROS2 path topic subscribers ready for /robot_ec2b/plan
2026-08-19 14:58:51,206 [sse-robot_status] [web_gui.backend.robots.core] [INFO] [OpHistory] Started: robot=robot_ec2b source=robot_display op_id=7489
2026-08-19 14:59:15,226 [sse-robot_status] [web_gui.backend.robots.core] [INFO] [OpHistory] Completed: robot=robot_ec2b status=success goal_status=REACHED
2026-08-19 14:59:15,234 [ThreadPoolExecutor-1_1] [web_gui.backend.robots.ops] [INFO] ROS2 path topic subscribers stopped
2026-08-19 14:59:20,663 [ThreadPoolExecutor-1_0] [web_gui.backend.robots.ops] [INFO] ROS2 path topic subscribers ready for /robot_ec2b/plan
2026-08-19 14:59:21,225 [sse-robot_status] [web_gui.backend.robots.core] [INFO] [OpHistory] Started: robot=robot_ec2b source=robot_display op_id=7490
2026-08-19 14:59:41,298 [sse-robot_status] [web_gui.backend.robots.core] [INFO] [OpHistory] Completed: robot=robot_ec2b status=success goal_status=REACHED
2026-08-19 14:59:41,305 [ThreadPoolExecutor-1_1] [web_gui.backend.robots.ops] [INFO] ROS2 path topic subscribers stopped
2026-08-19 14:59:46,817 [ThreadPoolExecutor-1_1] [web_gui.backend.robots.ops] [INFO] ROS2 path topic subscribers ready for /robot_ec2b/plan
2026-08-19 14:59:47,202 [sse-robot_status] [web_gui.backend.robots.core] [INFO] [OpHistory] Started: robot=robot_ec2b source=robot_display op_id=7491
2026-08-19 15:00:12,194 [sse-robot_status] [web_gui.backend.robots.core] [INFO] [OpHistory] Completed: robot=robot_ec2b status=success goal_status=REACHED
2026-08-19 15:00:12,201 [ThreadPoolExecutor-1_1] [web_gui.backend.robots.ops] [INFO] ROS2 path topic subscribers stopped
2026-08-19 15:00:17,694 [ThreadPoolExecutor-1_1] [web_gui.backend.robots.ops] [INFO] ROS2 path topic subscribers ready for /robot_ec2b/plan
2026-08-19 15:00:18,256 [sse-robot_status] [web_gui.backend.robots.core] [INFO] [OpHistory] Started: robot=robot_ec2b source=robot_display op_id=7492
2026-08-19 15:00:37,244 [sse-robot_status] [web_gui.backend.robots.core] [INFO] [OpHistory] Completed: robot=robot_ec2b status=success goal_status=REACHED
2026-08-19 15:00:37,253 [ThreadPoolExecutor-1_0] [web_gui.backend.robots.ops] [INFO] ROS2 path topic subscribers stopped
2026-08-19 15:00:43,699 [ThreadPoolExecutor-1_1] [web_gui.backend.robots.ops] [INFO] ROS2 path topic subscribers ready for /robot_ec2b/plan
2026-08-19 15:00:44,207 [sse-robot_status] [web_gui.backend.robots.core] [INFO] [OpHistory] Started: robot=robot_ec2b source=robot_display op_id=7493
2026-08-19 15:01:08,228 [sse-robot_status] [web_gui.backend.robots.core] [INFO] [OpHistory] Completed: robot=robot_ec2b status=success goal_status=REACHED
2026-08-19 15:01:08,234 [ThreadPoolExecutor-1_1] [web_gui.backend.robots.ops] [INFO] ROS2 path topic subscribers stopped
2026-08-19 15:01:13,800 [ThreadPoolExecutor-1_1] [web_gui.backend.robots.ops] [INFO] ROS2 path topic subscribers ready for /robot_ec2b/plan
2026-08-19 15:01:14,197 [sse-robot_status] [web_gui.backend.robots.core] [INFO] [OpHistory] Started: robot=robot_ec2b source=robot_display op_id=7494
2026-08-19 15:01:34,228 [sse-robot_status] [web_gui.backend.robots.core] [INFO] [OpHistory] Completed: robot=robot_ec2b status=success goal_status=REACHED
2026-08-19 15:01:34,237 [ThreadPoolExecutor-1_0] [web_gui.backend.robots.ops] [INFO] ROS2 path topic subscribers stopped
2026-08-19 15:01:39,682 [ThreadPoolExecutor-1_0] [web_gui.backend.robots.ops] [INFO] ROS2 path topic subscribers ready for /robot_ec2b/plan
2026-08-19 15:01:40,214 [sse-robot_status] [web_gui.backend.robots.core] [INFO] [OpHistory] Started: robot=robot_ec2b source=robot_display op_id=7495
2026-08-19 15:02:04,268 [sse-robot_status] [web_gui.backend.robots.core] [INFO] [OpHistory] Completed: robot=robot_ec2b status=success goal_status=REACHED
2026-08-19 15:02:04,273 [ThreadPoolExecutor-1_0] [web_gui.backend.robots.ops] [INFO] ROS2 path topic subscribers stopped
2026-08-19 15:02:10,226 [ThreadPoolExecutor-1_1] [web_gui.backend.robots.ops] [INFO] ROS2 path topic subscribers ready for /robot_ec2b/plan
2026-08-19 15:02:10,272 [sse-robot_status] [web_gui.backend.robots.core] [INFO] [OpHistory] Started: robot=robot_ec2b source=robot_display op_id=7496
2026-08-19 15:02:30,246 [sse-robot_status] [web_gui.backend.robots.core] [INFO] [OpHistory] Completed: robot=robot_ec2b status=success goal_status=REACHED
2026-08-19 15:02:30,253 [ThreadPoolExecutor-1_1] [web_gui.backend.robots.ops] [INFO] ROS2 path topic subscribers stopped
2026-08-19 15:02:36,189 [ThreadPoolExecutor-1_1] [web_gui.backend.robots.ops] [INFO] ROS2 path topic subscribers ready for /robot_ec2b/plan
2026-08-19 15:02:36,265 [sse-robot_status] [web_gui.backend.robots.core] [INFO] [OpHistory] Started: robot=robot_ec2b source=robot_display op_id=7497
2026-08-19 15:03:01,198 [sse-robot_status] [web_gui.backend.robots.core] [INFO] [OpHistory] Completed: robot=robot_ec2b status=success goal_status=REACHED
2026-08-19 15:03:01,204 [ThreadPoolExecutor-1_0] [web_gui.backend.robots.ops] [INFO] ROS2 path topic subscribers stopped
2026-08-19 15:03:06,186 [ThreadPoolExecutor-1_1] [web_gui.backend.robots.ops] [INFO] ROS2 path topic subscribers ready for /robot_ec2b/plan
2026-08-19 15:03:06,248 [sse-robot_status] [web_gui.backend.robots.core] [INFO] [OpHistory] Started: robot=robot_ec2b source=robot_display op_id=7498
2026-08-19 15:03:26,215 [sse-robot_status] [web_gui.backend.robots.core] [INFO] [OpHistory] Completed: robot=robot_ec2b status=success goal_status=REACHED
2026-08-19 15:03:26,220 [ThreadPoolExecutor-1_0] [web_gui.backend.robots.ops] [INFO] ROS2 path topic subscribers stopped
2026-08-19 15:03:32,242 [ThreadPoolExecutor-1_0] [web_gui.backend.robots.ops] [INFO] ROS2 path topic subscribers ready for /robot_ec2b/plan
2026-08-19 15:03:32,298 [sse-robot_status] [web_gui.backend.robots.core] [INFO] [OpHistory] Started: robot=robot_ec2b source=robot_display op_id=7499
2026-08-19 15:03:56,248 [sse-robot_status] [web_gui.backend.robots.core] [INFO] [OpHistory] Completed: robot=robot_ec2b status=success goal_status=REACHED
2026-08-19 15:03:56,258 [ThreadPoolExecutor-1_0] [web_gui.backend.robots.ops] [INFO] ROS2 path topic subscribers stopped
2026-08-19 15:04:02,195 [ThreadPoolExecutor-1_1] [web_gui.backend.robots.ops] [INFO] ROS2 path topic subscribers ready for /robot_ec2b/plan
2026-08-19 15:04:02,264 [sse-robot_status] [web_gui.backend.robots.core] [INFO] [OpHistory] Started: robot=robot_ec2b source=robot_display op_id=7500
2026-08-19 15:04:23,240 [sse-robot_status] [web_gui.backend.robots.core] [INFO] [OpHistory] Completed: robot=robot_ec2b status=success goal_status=REACHED
2026-08-19 15:04:23,249 [ThreadPoolExecutor-1_1] [web_gui.backend.robots.ops] [INFO] ROS2 path topic subscribers stopped
2026-08-19 15:04:29,225 [sse-robot_status] [web_gui.backend.robots.core] [INFO] [OpHistory] Started: robot=robot_ec2b source=robot_display op_id=7501
2026-08-19 15:04:29,251 [ThreadPoolExecutor-1_0] [web_gui.backend.robots.ops] [INFO] ROS2 path topic subscribers ready for /robot_ec2b/plan
2026-08-19 15:04:53,206 [sse-robot_status] [web_gui.backend.robots.core] [INFO] [OpHistory] Completed: robot=robot_ec2b status=success goal_status=REACHED
2026-08-19 15:04:53,212 [ThreadPoolExecutor-1_0] [web_gui.backend.robots.ops] [INFO] ROS2 path topic subscribers stopped
2026-08-19 15:04:58,678 [ThreadPoolExecutor-1_1] [web_gui.backend.robots.ops] [INFO] ROS2 path topic subscribers ready for /robot_ec2b/plan
2026-08-19 15:04:59,225 [sse-robot_status] [web_gui.backend.robots.core] [INFO] [OpHistory] Started: robot=robot_ec2b source=robot_display op_id=7502
2026-08-19 15:05:20,200 [sse-robot_status] [web_gui.backend.robots.core] [INFO] [OpHistory] Completed: robot=robot_ec2b status=success goal_status=REACHED
2026-08-19 15:05:20,208 [ThreadPoolExecutor-1_1] [web_gui.backend.robots.ops] [INFO] ROS2 path topic subscribers stopped
2026-08-19 15:05:25,793 [ThreadPoolExecutor-1_0] [web_gui.backend.robots.ops] [INFO] ROS2 path topic subscribers ready for /robot_ec2b/plan
2026-08-19 15:05:26,191 [sse-robot_status] [web_gui.backend.robots.core] [INFO] [OpHistory] Started: robot=robot_ec2b source=robot_display op_id=7503
2026-08-19 15:05:47,239 [sse-robot_status] [web_gui.backend.robots.core] [INFO] [OpHistory] Completed: robot=robot_ec2b status=success goal_status=REACHED
2026-08-19 15:05:47,247 [ThreadPoolExecutor-1_0] [web_gui.backend.robots.ops] [INFO] ROS2 path topic subscribers stopped
2026-08-19 15:05:52,659 [ThreadPoolExecutor-1_1] [web_gui.backend.robots.ops] [INFO] ROS2 path topic subscribers ready for /robot_ec2b/plan
2026-08-19 15:05:53,213 [sse-robot_status] [web_gui.backend.robots.core] [INFO] [OpHistory] Started: robot=robot_ec2b source=robot_display op_id=7504
2026-08-19 15:06:13,229 [sse-robot_status] [web_gui.backend.robots.core] [INFO] [OpHistory] Completed: robot=robot_ec2b status=success goal_status=REACHED
2026-08-19 15:06:13,235 [ThreadPoolExecutor-1_0] [web_gui.backend.robots.ops] [INFO] ROS2 path topic subscribers stopped
2026-08-19 15:06:18,666 [ThreadPoolExecutor-1_1] [web_gui.backend.robots.ops] [INFO] ROS2 path topic subscribers ready for /robot_ec2b/plan
2026-08-19 15:06:19,253 [sse-robot_status] [web_gui.backend.robots.core] [INFO] [OpHistory] Started: robot=robot_ec2b source=robot_display op_id=7505
2026-08-19 15:06:43,258 [sse-robot_status] [web_gui.backend.robots.core] [INFO] [OpHistory] Completed: robot=robot_ec2b status=success goal_status=REACHED
2026-08-19 15:06:43,264 [ThreadPoolExecutor-1_1] [web_gui.backend.robots.ops] [INFO] ROS2 path topic subscribers stopped
2026-08-19 15:06:48,676 [ThreadPoolExecutor-1_1] [web_gui.backend.robots.ops] [INFO] ROS2 path topic subscribers ready for /robot_ec2b/plan
2026-08-19 15:06:49,191 [sse-robot_status] [web_gui.backend.robots.core] [INFO] [OpHistory] Started: robot=robot_ec2b source=robot_display op_id=7506
2026-08-19 15:07:09,187 [sse-robot_status] [web_gui.backend.robots.core] [INFO] [OpHistory] Completed: robot=robot_ec2b status=success goal_status=REACHED
2026-08-19 15:07:09,195 [ThreadPoolExecutor-1_0] [web_gui.backend.robots.ops] [INFO] ROS2 path topic subscribers stopped
2026-08-19 15:07:14,663 [ThreadPoolExecutor-1_0] [web_gui.backend.robots.ops] [INFO] ROS2 path topic subscribers ready for /robot_ec2b/plan
2026-08-19 15:07:15,226 [sse-robot_status] [web_gui.backend.robots.core] [INFO] [OpHistory] Started: robot=robot_ec2b source=robot_display op_id=7507
2026-08-19 15:07:40,182 [sse-robot_status] [web_gui.backend.robots.core] [INFO] [OpHistory] Completed: robot=robot_ec2b status=success goal_status=REACHED
2026-08-19 15:07:40,192 [ThreadPoolExecutor-1_0] [web_gui.backend.robots.ops] [INFO] ROS2 path topic subscribers stopped
2026-08-19 15:07:45,207 [ThreadPoolExecutor-1_0] [web_gui.backend.robots.ops] [INFO] ROS2 path topic subscribers ready for /robot_ec2b/plan
2026-08-19 15:07:45,253 [sse-robot_status] [web_gui.backend.robots.core] [INFO] [OpHistory] Started: robot=robot_ec2b source=robot_display op_id=7508
2026-08-19 15:08:06,197 [sse-robot_status] [web_gui.backend.robots.core] [INFO] [OpHistory] Completed: robot=robot_ec2b status=success goal_status=REACHED
2026-08-19 15:08:06,213 [ThreadPoolExecutor-1_0] [web_gui.backend.robots.ops] [INFO] ROS2 path topic subscribers stopped
2026-08-19 15:08:11,254 [sse-robot_status] [web_gui.backend.robots.core] [INFO] [OpHistory] Started: robot=robot_ec2b source=robot_display op_id=7509
2026-08-19 15:08:11,296 [ThreadPoolExecutor-1_0] [web_gui.backend.robots.ops] [INFO] ROS2 path topic subscribers ready for /robot_ec2b/plan
2026-08-19 15:08:32,264 [sse-robot_status] [web_gui.backend.robots.core] [INFO] [OpHistory] Completed: robot=robot_ec2b status=success goal_status=REACHED
2026-08-19 15:08:32,270 [ThreadPoolExecutor-1_1] [web_gui.backend.robots.ops] [INFO] ROS2 path topic subscribers stopped
2026-08-19 15:08:38,205 [ThreadPoolExecutor-1_0] [web_gui.backend.robots.ops] [INFO] ROS2 path topic subscribers ready for /robot_ec2b/plan
2026-08-19 15:08:38,265 [sse-robot_status] [web_gui.backend.robots.core] [INFO] [OpHistory] Started: robot=robot_ec2b source=robot_display op_id=7510
2026-08-19 15:08:58,221 [sse-robot_status] [web_gui.backend.robots.core] [INFO] [OpHistory] Completed: robot=robot_ec2b status=success goal_status=REACHED
2026-08-19 15:08:58,228 [ThreadPoolExecutor-1_0] [web_gui.backend.robots.ops] [INFO] ROS2 path topic subscribers stopped
2026-08-19 15:09:04,245 [sse-robot_status] [web_gui.backend.robots.core] [INFO] [OpHistory] Started: robot=robot_ec2b source=robot_display op_id=7511
2026-08-19 15:09:04,291 [ThreadPoolExecutor-1_0] [web_gui.backend.robots.ops] [INFO] ROS2 path topic subscribers ready for /robot_ec2b/plan
2026-08-19 15:09:27,241 [sse-robot_status] [web_gui.backend.robots.core] [INFO] [OpHistory] Completed: robot=robot_ec2b status=success goal_status=REACHED
2026-08-19 15:09:27,248 [ThreadPoolExecutor-1_0] [web_gui.backend.robots.ops] [INFO] ROS2 path topic subscribers stopped
2026-08-19 15:09:33,177 [ThreadPoolExecutor-1_1] [web_gui.backend.robots.ops] [INFO] ROS2 path topic subscribers ready for /robot_ec2b/plan
2026-08-19 15:09:33,248 [sse-robot_status] [web_gui.backend.robots.core] [INFO] [OpHistory] Started: robot=robot_ec2b source=robot_display op_id=7512
2026-08-19 15:09:54,171 [sse-robot_status] [web_gui.backend.robots.core] [INFO] [OpHistory] Completed: robot=robot_ec2b status=success goal_status=REACHED
2026-08-19 15:09:54,182 [ThreadPoolExecutor-1_0] [web_gui.backend.robots.ops] [INFO] ROS2 path topic subscribers stopped
2026-08-19 15:09:59,234 [sse-robot_status] [web_gui.backend.robots.core] [INFO] [OpHistory] Started: robot=robot_ec2b source=robot_display op_id=7513
2026-08-19 15:09:59,269 [ThreadPoolExecutor-1_0] [web_gui.backend.robots.ops] [INFO] ROS2 path topic subscribers ready for /robot_ec2b/plan
2026-08-19 15:10:24,185 [sse-robot_status] [web_gui.backend.robots.core] [INFO] [OpHistory] Completed: robot=robot_ec2b status=success goal_status=REACHED
2026-08-19 15:10:24,191 [ThreadPoolExecutor-1_1] [web_gui.backend.robots.ops] [INFO] ROS2 path topic subscribers stopped
2026-08-19 15:10:29,192 [ThreadPoolExecutor-1_0] [web_gui.backend.robots.ops] [INFO] ROS2 path topic subscribers ready for /robot_ec2b/plan
2026-08-19 15:10:29,261 [sse-robot_status] [web_gui.backend.robots.core] [INFO] [OpHistory] Started: robot=robot_ec2b source=robot_display op_id=7514
2026-08-19 15:10:49,221 [sse-robot_status] [web_gui.backend.robots.core] [INFO] [OpHistory] Completed: robot=robot_ec2b status=success goal_status=REACHED
2026-08-19 15:10:49,227 [ThreadPoolExecutor-1_1] [web_gui.backend.robots.ops] [INFO] ROS2 path topic subscribers stopped
2026-08-19 15:10:55,214 [ThreadPoolExecutor-1_1] [web_gui.backend.robots.ops] [INFO] ROS2 path topic subscribers ready for /robot_ec2b/plan
2026-08-19 15:10:55,262 [sse-robot_status] [web_gui.backend.robots.core] [INFO] [OpHistory] Started: robot=robot_ec2b source=robot_display op_id=7515
2026-08-19 15:11:22,245 [sse-robot_status] [web_gui.backend.robots.core] [INFO] [OpHistory] Completed: robot=robot_ec2b status=success goal_status=REACHED
2026-08-19 15:11:22,251 [ThreadPoolExecutor-1_0] [web_gui.backend.robots.ops] [INFO] ROS2 path topic subscribers stopped
2026-08-19 15:11:27,198 [ThreadPoolExecutor-1_0] [web_gui.backend.robots.ops] [INFO] ROS2 path topic subscribers ready for /robot_ec2b/plan
2026-08-19 15:11:27,246 [sse-robot_status] [web_gui.backend.robots.core] [INFO] [OpHistory] Started: robot=robot_ec2b source=robot_display op_id=7516
2026-08-19 15:11:47,228 [sse-robot_status] [web_gui.backend.robots.core] [INFO] [OpHistory] Completed: robot=robot_ec2b status=success goal_status=REACHED
2026-08-19 15:11:47,235 [ThreadPoolExecutor-1_0] [web_gui.backend.robots.ops] [INFO] ROS2 path topic subscribers stopped
2026-08-19 15:11:52,669 [ThreadPoolExecutor-1_1] [web_gui.backend.robots.ops] [INFO] ROS2 path topic subscribers ready for /robot_ec2b/plan
2026-08-19 15:11:53,230 [sse-robot_status] [web_gui.backend.robots.core] [INFO] [OpHistory] Started: robot=robot_ec2b source=robot_display op_id=7517
2026-08-19 15:12:17,222 [sse-robot_status] [web_gui.backend.robots.core] [INFO] [OpHistory] Completed: robot=robot_ec2b status=success goal_status=REACHED
2026-08-19 15:12:17,231 [ThreadPoolExecutor-1_0] [web_gui.backend.robots.ops] [INFO] ROS2 path topic subscribers stopped
2026-08-19 15:12:22,663 [ThreadPoolExecutor-1_0] [web_gui.backend.robots.ops] [INFO] ROS2 path topic subscribers ready for /robot_ec2b/plan
2026-08-19 15:12:23,234 [sse-robot_status] [web_gui.backend.robots.core] [INFO] [OpHistory] Started: robot=robot_ec2b source=robot_display op_id=7518
2026-08-19 15:12:43,249 [sse-robot_status] [web_gui.backend.robots.core] [INFO] [OpHistory] Completed: robot=robot_ec2b status=success goal_status=REACHED
2026-08-19 15:12:43,256 [ThreadPoolExecutor-1_0] [web_gui.backend.robots.ops] [INFO] ROS2 path topic subscribers stopped
2026-08-19 15:12:48,789 [ThreadPoolExecutor-1_0] [web_gui.backend.robots.ops] [INFO] ROS2 path topic subscribers ready for /robot_ec2b/plan
2026-08-19 15:12:49,216 [sse-robot_status] [web_gui.backend.robots.core] [INFO] [OpHistory] Started: robot=robot_ec2b source=robot_display op_id=7519
2026-08-19 15:13:12,222 [sse-robot_status] [web_gui.backend.robots.core] [INFO] [OpHistory] Completed: robot=robot_ec2b status=success goal_status=REACHED
2026-08-19 15:13:12,262 [ThreadPoolExecutor-1_1] [web_gui.backend.robots.ops] [INFO] ROS2 path topic subscribers stopped
2026-08-19 15:13:17,673 [ThreadPoolExecutor-1_0] [web_gui.backend.robots.ops] [INFO] ROS2 path topic subscribers ready for /robot_ec2b/plan
2026-08-19 15:13:18,224 [sse-robot_status] [web_gui.backend.robots.core] [INFO] [OpHistory] Started: robot=robot_ec2b source=robot_display op_id=7520
2026-08-19 15:13:38,189 [sse-robot_status] [web_gui.backend.robots.core] [INFO] [OpHistory] Completed: robot=robot_ec2b status=success goal_status=REACHED
2026-08-19 15:13:38,202 [ThreadPoolExecutor-1_1] [web_gui.backend.robots.ops] [INFO] ROS2 path topic subscribers stopped
2026-08-19 15:13:43,785 [ThreadPoolExecutor-1_0] [web_gui.backend.robots.ops] [INFO] ROS2 path topic subscribers ready for /robot_ec2b/plan
2026-08-19 15:13:44,204 [sse-robot_status] [web_gui.backend.robots.core] [INFO] [OpHistory] Started: robot=robot_ec2b source=robot_display op_id=7521
2026-08-19 15:14:08,222 [sse-robot_status] [web_gui.backend.robots.core] [INFO] [OpHistory] Completed: robot=robot_ec2b status=success goal_status=REACHED
2026-08-19 15:14:08,229 [ThreadPoolExecutor-1_1] [web_gui.backend.robots.ops] [INFO] ROS2 path topic subscribers stopped
2026-08-19 15:14:13,666 [ThreadPoolExecutor-1_0] [web_gui.backend.robots.ops] [INFO] ROS2 path topic subscribers ready for /robot_ec2b/plan
2026-08-19 15:14:14,214 [sse-robot_status] [web_gui.backend.robots.core] [INFO] [OpHistory] Started: robot=robot_ec2b source=robot_display op_id=7522
2026-08-19 15:14:34,244 [sse-robot_status] [web_gui.backend.robots.core] [INFO] [OpHistory] Completed: robot=robot_ec2b status=success goal_status=REACHED
2026-08-19 15:14:34,250 [ThreadPoolExecutor-1_0] [web_gui.backend.robots.ops] [INFO] ROS2 path topic subscribers stopped
2026-08-19 15:14:39,789 [ThreadPoolExecutor-1_0] [web_gui.backend.robots.ops] [INFO] ROS2 path topic subscribers ready for /robot_ec2b/plan
2026-08-19 15:14:40,206 [sse-robot_status] [web_gui.backend.robots.core] [INFO] [OpHistory] Started: robot=robot_ec2b source=robot_display op_id=7523
2026-08-19 15:15:02,246 [sse-robot_status] [web_gui.backend.robots.core] [INFO] [OpHistory] Completed: robot=robot_ec2b status=success goal_status=REACHED
2026-08-19 15:15:02,251 [ThreadPoolExecutor-1_0] [web_gui.backend.robots.ops] [INFO] ROS2 path topic subscribers stopped
2026-08-19 15:15:08,652 [ThreadPoolExecutor-1_1] [web_gui.backend.robots.ops] [INFO] ROS2 path topic subscribers ready for /robot_ec2b/plan
2026-08-19 15:15:09,212 [sse-robot_status] [web_gui.backend.robots.core] [INFO] [OpHistory] Started: robot=robot_ec2b source=robot_display op_id=7524
2026-08-19 15:15:29,226 [sse-robot_status] [web_gui.backend.robots.core] [INFO] [OpHistory] Completed: robot=robot_ec2b status=success goal_status=REACHED
2026-08-19 15:15:29,237 [ThreadPoolExecutor-1_1] [web_gui.backend.robots.ops] [INFO] ROS2 path topic subscribers stopped
2026-08-19 15:15:35,238 [sse-robot_status] [web_gui.backend.robots.core] [INFO] [OpHistory] Started: robot=robot_ec2b source=robot_display op_id=7525
2026-08-19 15:15:35,282 [ThreadPoolExecutor-1_1] [web_gui.backend.robots.ops] [INFO] ROS2 path topic subscribers ready for /robot_ec2b/plan
2026-08-19 15:16:00,217 [sse-robot_status] [web_gui.backend.robots.core] [INFO] [OpHistory] Completed: robot=robot_ec2b status=success goal_status=REACHED
2026-08-19 15:16:00,226 [ThreadPoolExecutor-1_1] [web_gui.backend.robots.ops] [INFO] ROS2 path topic subscribers stopped
2026-08-19 15:16:05,201 [ThreadPoolExecutor-1_0] [web_gui.backend.robots.ops] [INFO] ROS2 path topic subscribers ready for /robot_ec2b/plan
2026-08-19 15:16:05,247 [sse-robot_status] [web_gui.backend.robots.core] [INFO] [OpHistory] Started: robot=robot_ec2b source=robot_display op_id=7526
2026-08-19 15:16:26,238 [sse-robot_status] [web_gui.backend.robots.core] [INFO] [OpHistory] Completed: robot=robot_ec2b status=success goal_status=REACHED
2026-08-19 15:16:26,252 [ThreadPoolExecutor-1_0] [web_gui.backend.robots.ops] [INFO] ROS2 path topic subscribers stopped
2026-08-19 15:16:31,204 [ThreadPoolExecutor-1_1] [web_gui.backend.robots.ops] [INFO] ROS2 path topic subscribers ready for /robot_ec2b/plan
2026-08-19 15:16:31,283 [sse-robot_status] [web_gui.backend.robots.core] [INFO] [OpHistory] Started: robot=robot_ec2b source=robot_display op_id=7527
2026-08-19 15:16:56,194 [sse-robot_status] [web_gui.backend.robots.core] [INFO] [OpHistory] Completed: robot=robot_ec2b status=success goal_status=REACHED
2026-08-19 15:16:56,206 [ThreadPoolExecutor-1_1] [web_gui.backend.robots.ops] [INFO] ROS2 path topic subscribers stopped
2026-08-19 15:17:01,226 [sse-robot_status] [web_gui.backend.robots.core] [INFO] [OpHistory] Started: robot=robot_ec2b source=robot_display op_id=7528
2026-08-19 15:17:01,268 [ThreadPoolExecutor-1_1] [web_gui.backend.robots.ops] [INFO] ROS2 path topic subscribers ready for /robot_ec2b/plan
2026-08-19 15:17:21,269 [sse-robot_status] [web_gui.backend.robots.core] [INFO] [OpHistory] Completed: robot=robot_ec2b status=success goal_status=REACHED
2026-08-19 15:17:21,276 [ThreadPoolExecutor-1_1] [web_gui.backend.robots.ops] [INFO] ROS2 path topic subscribers stopped
2026-08-19 15:17:27,217 [ThreadPoolExecutor-1_0] [web_gui.backend.robots.ops] [INFO] ROS2 path topic subscribers ready for /robot_ec2b/plan
2026-08-19 15:17:27,250 [sse-robot_status] [web_gui.backend.robots.core] [INFO] [OpHistory] Started: robot=robot_ec2b source=robot_display op_id=7529
2026-08-19 15:17:51,204 [sse-robot_status] [web_gui.backend.robots.core] [INFO] [OpHistory] Completed: robot=robot_ec2b status=success goal_status=REACHED
2026-08-19 15:17:51,210 [ThreadPoolExecutor-1_0] [web_gui.backend.robots.ops] [INFO] ROS2 path topic subscribers stopped
2026-08-19 15:17:56,189 [ThreadPoolExecutor-1_1] [web_gui.backend.robots.ops] [INFO] ROS2 path topic subscribers ready for /robot_ec2b/plan
2026-08-19 15:17:56,267 [sse-robot_status] [web_gui.backend.robots.core] [INFO] [OpHistory] Started: robot=robot_ec2b source=robot_display op_id=7530
2026-08-19 15:18:17,210 [sse-robot_status] [web_gui.backend.robots.core] [INFO] [OpHistory] Completed: robot=robot_ec2b status=success goal_status=REACHED
2026-08-19 15:18:17,220 [ThreadPoolExecutor-1_0] [web_gui.backend.robots.ops] [INFO] ROS2 path topic subscribers stopped
2026-08-19 15:18:22,180 [ThreadPoolExecutor-1_1] [web_gui.backend.robots.ops] [INFO] ROS2 path topic subscribers ready for /robot_ec2b/plan
2026-08-19 15:18:22,267 [sse-robot_status] [web_gui.backend.robots.core] [INFO] [OpHistory] Started: robot=robot_ec2b source=robot_display op_id=7531
2026-08-19 15:18:43,207 [sse-robot_status] [web_gui.backend.robots.core] [INFO] [OpHistory] Completed: robot=robot_ec2b status=success goal_status=REACHED
2026-08-19 15:18:43,220 [ThreadPoolExecutor-1_1] [web_gui.backend.robots.ops] [INFO] ROS2 path topic subscribers stopped
2026-08-19 15:18:48,207 [ThreadPoolExecutor-1_0] [web_gui.backend.robots.ops] [INFO] ROS2 path topic subscribers ready for /robot_ec2b/plan
2026-08-19 15:18:48,266 [sse-robot_status] [web_gui.backend.robots.core] [INFO] [OpHistory] Started: robot=robot_ec2b source=robot_display op_id=7532
2026-08-19 15:19:08,253 [sse-robot_status] [web_gui.backend.robots.core] [INFO] [OpHistory] Completed: robot=robot_ec2b status=success goal_status=REACHED
2026-08-19 15:19:08,259 [ThreadPoolExecutor-1_0] [web_gui.backend.robots.ops] [INFO] ROS2 path topic subscribers stopped
2026-08-19 15:19:14,197 [ThreadPoolExecutor-1_1] [web_gui.backend.robots.ops] [INFO] ROS2 path topic subscribers ready for /robot_ec2b/plan
2026-08-19 15:19:14,236 [sse-robot_status] [web_gui.backend.robots.core] [INFO] [OpHistory] Started: robot=robot_ec2b source=robot_display op_id=7533
2026-08-19 15:19:37,241 [sse-robot_status] [web_gui.backend.robots.core] [INFO] [OpHistory] Completed: robot=robot_ec2b status=success goal_status=REACHED
2026-08-19 15:19:37,256 [ThreadPoolExecutor-1_0] [web_gui.backend.robots.ops] [INFO] ROS2 path topic subscribers stopped
2026-08-19 15:19:43,175 [ThreadPoolExecutor-1_0] [web_gui.backend.robots.ops] [INFO] ROS2 path topic subscribers ready for /robot_ec2b/plan
2026-08-19 15:19:43,231 [sse-robot_status] [web_gui.backend.robots.core] [INFO] [OpHistory] Started: robot=robot_ec2b source=robot_display op_id=7534
2026-08-19 15:20:04,196 [sse-robot_status] [web_gui.backend.robots.core] [INFO] [OpHistory] Completed: robot=robot_ec2b status=success goal_status=REACHED
2026-08-19 15:20:04,211 [ThreadPoolExecutor-1_0] [web_gui.backend.robots.ops] [INFO] ROS2 path topic subscribers stopped
2026-08-19 15:20:10,230 [sse-robot_status] [web_gui.backend.robots.core] [INFO] [OpHistory] Started: robot=robot_ec2b source=robot_display op_id=7535
2026-08-19 15:20:10,279 [ThreadPoolExecutor-1_1] [web_gui.backend.robots.ops] [INFO] ROS2 path topic subscribers ready for /robot_ec2b/plan
2026-08-19 15:20:32,268 [sse-robot_status] [web_gui.backend.robots.core] [INFO] [OpHistory] Completed: robot=robot_ec2b status=success goal_status=REACHED
2026-08-19 15:20:32,276 [ThreadPoolExecutor-1_0] [web_gui.backend.robots.ops] [INFO] ROS2 path topic subscribers stopped
2026-08-19 15:20:38,217 [sse-robot_status] [web_gui.backend.robots.core] [INFO] [OpHistory] Started: robot=robot_ec2b source=robot_display op_id=7536
2026-08-19 15:20:38,248 [ThreadPoolExecutor-1_1] [web_gui.backend.robots.ops] [INFO] ROS2 path topic subscribers ready for /robot_ec2b/plan
2026-08-19 15:20:59,207 [sse-robot_status] [web_gui.backend.robots.core] [INFO] [OpHistory] Completed: robot=robot_ec2b status=success goal_status=REACHED
2026-08-19 15:20:59,215 [ThreadPoolExecutor-1_0] [web_gui.backend.robots.ops] [INFO] ROS2 path topic subscribers stopped
2026-08-19 15:21:04,678 [ThreadPoolExecutor-1_0] [web_gui.backend.robots.ops] [INFO] ROS2 path topic subscribers ready for /robot_ec2b/plan
2026-08-19 15:21:05,217 [sse-robot_status] [web_gui.backend.robots.core] [INFO] [OpHistory] Started: robot=robot_ec2b source=robot_display op_id=7537
2026-08-19 15:21:28,216 [sse-robot_status] [web_gui.backend.robots.core] [INFO] [OpHistory] Completed: robot=robot_ec2b status=success goal_status=REACHED
2026-08-19 15:21:28,223 [ThreadPoolExecutor-1_1] [web_gui.backend.robots.ops] [INFO] ROS2 path topic subscribers stopped
2026-08-19 15:21:33,698 [ThreadPoolExecutor-1_1] [web_gui.backend.robots.ops] [INFO] ROS2 path topic subscribers ready for /robot_ec2b/plan
2026-08-19 15:21:34,238 [sse-robot_status] [web_gui.backend.robots.core] [INFO] [OpHistory] Started: robot=robot_ec2b source=robot_display op_id=7538
2026-08-19 15:21:54,249 [sse-robot_status] [web_gui.backend.robots.core] [INFO] [OpHistory] Completed: robot=robot_ec2b status=success goal_status=REACHED
2026-08-19 15:21:54,263 [ThreadPoolExecutor-1_1] [web_gui.backend.robots.ops] [INFO] ROS2 path topic subscribers stopped
2026-08-19 15:21:59,669 [ThreadPoolExecutor-1_0] [web_gui.backend.robots.ops] [INFO] ROS2 path topic subscribers ready for /robot_ec2b/plan
2026-08-19 15:22:00,199 [sse-robot_status] [web_gui.backend.robots.core] [INFO] [OpHistory] Started: robot=robot_ec2b source=robot_display op_id=7539
2026-08-19 15:22:24,200 [sse-robot_status] [web_gui.backend.robots.core] [INFO] [OpHistory] Completed: robot=robot_ec2b status=success goal_status=REACHED
2026-08-19 15:22:24,206 [ThreadPoolExecutor-1_1] [web_gui.backend.robots.ops] [INFO] ROS2 path topic subscribers stopped
2026-08-19 15:22:29,792 [ThreadPoolExecutor-1_0] [web_gui.backend.robots.ops] [INFO] ROS2 path topic subscribers ready for /robot_ec2b/plan
2026-08-19 15:22:30,206 [sse-robot_status] [web_gui.backend.robots.core] [INFO] [OpHistory] Started: robot=robot_ec2b source=robot_display op_id=7540
2026-08-19 15:22:50,213 [sse-robot_status] [web_gui.backend.robots.core] [INFO] [OpHistory] Completed: robot=robot_ec2b status=success goal_status=REACHED
2026-08-19 15:22:50,224 [ThreadPoolExecutor-1_0] [web_gui.backend.robots.ops] [INFO] ROS2 path topic subscribers stopped
2026-08-19 15:22:55,792 [ThreadPoolExecutor-1_1] [web_gui.backend.robots.ops] [INFO] ROS2 path topic subscribers ready for /robot_ec2b/plan
2026-08-19 15:22:56,205 [sse-robot_status] [web_gui.backend.robots.core] [INFO] [OpHistory] Started: robot=robot_ec2b source=robot_display op_id=7541
2026-08-19 15:23:18,213 [sse-robot_status] [web_gui.backend.robots.core] [INFO] [OpHistory] Completed: robot=robot_ec2b status=success goal_status=REACHED
2026-08-19 15:23:18,219 [ThreadPoolExecutor-1_0] [web_gui.backend.robots.ops] [INFO] ROS2 path topic subscribers stopped
2026-08-19 15:23:23,657 [ThreadPoolExecutor-1_1] [web_gui.backend.robots.ops] [INFO] ROS2 path topic subscribers ready for /robot_ec2b/plan
2026-08-19 15:23:24,191 [sse-robot_status] [web_gui.backend.robots.core] [INFO] [OpHistory] Started: robot=robot_ec2b source=robot_display op_id=7542
2026-08-19 15:23:44,208 [sse-robot_status] [web_gui.backend.robots.core] [INFO] [OpHistory] Completed: robot=robot_ec2b status=success goal_status=REACHED
2026-08-19 15:23:44,217 [ThreadPoolExecutor-1_0] [web_gui.backend.robots.ops] [INFO] ROS2 path topic subscribers stopped
2026-08-19 15:23:49,267 [sse-robot_status] [web_gui.backend.robots.core] [INFO] [OpHistory] Started: robot=robot_ec2b source=robot_display op_id=7543
2026-08-19 15:23:49,300 [ThreadPoolExecutor-1_0] [web_gui.backend.robots.ops] [INFO] ROS2 path topic subscribers ready for /robot_ec2b/plan
2026-08-19 15:24:14,189 [sse-robot_status] [web_gui.backend.robots.core] [INFO] [OpHistory] Completed: robot=robot_ec2b status=success goal_status=REACHED
2026-08-19 15:24:14,204 [ThreadPoolExecutor-1_1] [web_gui.backend.robots.ops] [INFO] ROS2 path topic subscribers stopped
2026-08-19 15:24:19,244 [ThreadPoolExecutor-1_1] [web_gui.backend.robots.ops] [INFO] ROS2 path topic subscribers ready for /robot_ec2b/plan
2026-08-19 15:24:19,294 [sse-robot_status] [web_gui.backend.robots.core] [INFO] [OpHistory] Started: robot=robot_ec2b source=robot_display op_id=7544
2026-08-19 15:24:39,216 [sse-robot_status] [web_gui.backend.robots.core] [INFO] [OpHistory] Completed: robot=robot_ec2b status=success goal_status=REACHED
2026-08-19 15:24:39,222 [ThreadPoolExecutor-1_1] [web_gui.backend.robots.ops] [INFO] ROS2 path topic subscribers stopped
2026-08-19 15:24:45,213 [sse-robot_status] [web_gui.backend.robots.core] [INFO] [OpHistory] Started: robot=robot_ec2b source=robot_display op_id=7545
2026-08-19 15:24:45,240 [ThreadPoolExecutor-1_1] [web_gui.backend.robots.ops] [INFO] ROS2 path topic subscribers ready for /robot_ec2b/plan
2026-08-19 15:25:09,257 [sse-robot_status] [web_gui.backend.robots.core] [INFO] [OpHistory] Completed: robot=robot_ec2b status=success goal_status=REACHED
2026-08-19 15:25:09,263 [ThreadPoolExecutor-1_1] [web_gui.backend.robots.ops] [INFO] ROS2 path topic subscribers stopped
2026-08-19 15:25:15,215 [ThreadPoolExecutor-1_1] [web_gui.backend.robots.ops] [INFO] ROS2 path topic subscribers ready for /robot_ec2b/plan
2026-08-19 15:25:15,263 [sse-robot_status] [web_gui.backend.robots.core] [INFO] [OpHistory] Started: robot=robot_ec2b source=robot_display op_id=7546
2026-08-19 15:25:35,252 [sse-robot_status] [web_gui.backend.robots.core] [INFO] [OpHistory] Completed: robot=robot_ec2b status=success goal_status=REACHED
2026-08-19 15:25:35,260 [ThreadPoolExecutor-1_0] [web_gui.backend.robots.ops] [INFO] ROS2 path topic subscribers stopped
2026-08-19 15:25:41,204 [ThreadPoolExecutor-1_1] [web_gui.backend.robots.ops] [INFO] ROS2 path topic subscribers ready for /robot_ec2b/plan
2026-08-19 15:25:41,242 [sse-robot_status] [web_gui.backend.robots.core] [INFO] [OpHistory] Started: robot=robot_ec2b source=robot_display op_id=7547
2026-08-19 15:26:04,209 [sse-robot_status] [web_gui.backend.robots.core] [INFO] [OpHistory] Completed: robot=robot_ec2b status=success goal_status=REACHED
2026-08-19 15:26:04,216 [ThreadPoolExecutor-1_0] [web_gui.backend.robots.ops] [INFO] ROS2 path topic subscribers stopped
2026-08-19 15:26:09,697 [ThreadPoolExecutor-1_0] [web_gui.backend.robots.ops] [INFO] ROS2 path topic subscribers ready for /robot_ec2b/plan
2026-08-19 15:26:10,227 [sse-robot_status] [web_gui.backend.robots.core] [INFO] [OpHistory] Started: robot=robot_ec2b source=robot_display op_id=7548
2026-08-19 15:26:30,217 [sse-robot_status] [web_gui.backend.robots.core] [INFO] [OpHistory] Completed: robot=robot_ec2b status=success goal_status=REACHED
2026-08-19 15:26:30,225 [ThreadPoolExecutor-1_0] [web_gui.backend.robots.ops] [INFO] ROS2 path topic subscribers stopped
2026-08-19 15:26:35,691 [ThreadPoolExecutor-1_1] [web_gui.backend.robots.ops] [INFO] ROS2 path topic subscribers ready for /robot_ec2b/plan
2026-08-19 15:26:36,224 [sse-robot_status] [web_gui.backend.robots.core] [INFO] [OpHistory] Started: robot=robot_ec2b source=robot_display op_id=7549
2026-08-19 15:26:58,245 [sse-robot_status] [web_gui.backend.robots.core] [INFO] [OpHistory] Completed: robot=robot_ec2b status=success goal_status=REACHED
2026-08-19 15:26:58,253 [ThreadPoolExecutor-1_1] [web_gui.backend.robots.ops] [INFO] ROS2 path topic subscribers stopped
2026-08-19 15:27:03,666 [ThreadPoolExecutor-1_0] [web_gui.backend.robots.ops] [INFO] ROS2 path topic subscribers ready for /robot_ec2b/plan
2026-08-19 15:27:04,228 [sse-robot_status] [web_gui.backend.robots.core] [INFO] [OpHistory] Started: robot=robot_ec2b source=robot_display op_id=7550
2026-08-19 15:27:24,232 [sse-robot_status] [web_gui.backend.robots.core] [INFO] [OpHistory] Completed: robot=robot_ec2b status=success goal_status=REACHED
2026-08-19 15:27:24,241 [ThreadPoolExecutor-1_1] [web_gui.backend.robots.ops] [INFO] ROS2 path topic subscribers stopped
2026-08-19 15:27:29,702 [ThreadPoolExecutor-1_0] [web_gui.backend.robots.ops] [INFO] ROS2 path topic subscribers ready for /robot_ec2b/plan
2026-08-19 15:27:30,222 [sse-robot_status] [web_gui.backend.robots.core] [INFO] [OpHistory] Started: robot=robot_ec2b source=robot_display op_id=7551
2026-08-19 15:28:00,222 [sse-robot_status] [web_gui.backend.robots.core] [INFO] [OpHistory] Completed: robot=robot_ec2b status=success goal_status=REACHED
2026-08-19 15:28:00,229 [ThreadPoolExecutor-1_0] [web_gui.backend.robots.ops] [INFO] ROS2 path topic subscribers stopped
2026-08-19 15:28:05,670 [ThreadPoolExecutor-1_1] [web_gui.backend.robots.ops] [INFO] ROS2 path topic subscribers ready for /robot_ec2b/plan
2026-08-19 15:28:06,245 [sse-robot_status] [web_gui.backend.robots.core] [INFO] [OpHistory] Started: robot=robot_ec2b source=robot_display op_id=7552
2026-08-19 15:28:26,208 [sse-robot_status] [web_gui.backend.robots.core] [INFO] [OpHistory] Completed: robot=robot_ec2b status=success goal_status=REACHED
2026-08-19 15:28:26,215 [ThreadPoolExecutor-1_0] [web_gui.backend.robots.ops] [INFO] ROS2 path topic subscribers stopped
2026-08-19 15:28:31,685 [ThreadPoolExecutor-1_1] [web_gui.backend.robots.ops] [INFO] ROS2 path topic subscribers ready for /robot_ec2b/plan
2026-08-19 15:28:32,213 [sse-robot_status] [web_gui.backend.robots.core] [INFO] [OpHistory] Started: robot=robot_ec2b source=robot_display op_id=7553
2026-08-19 15:28:55,203 [sse-robot_status] [web_gui.backend.robots.core] [INFO] [OpHistory] Completed: robot=robot_ec2b status=success goal_status=REACHED
2026-08-19 15:28:55,209 [ThreadPoolExecutor-1_1] [web_gui.backend.robots.ops] [INFO] ROS2 path topic subscribers stopped
2026-08-19 15:29:00,256 [sse-robot_status] [web_gui.backend.robots.core] [INFO] [OpHistory] Started: robot=robot_ec2b source=robot_display op_id=7554
2026-08-19 15:29:00,326 [ThreadPoolExecutor-1_1] [web_gui.backend.robots.ops] [INFO] ROS2 path topic subscribers ready for /robot_ec2b/plan
2026-08-19 15:29:21,222 [sse-robot_status] [web_gui.backend.robots.core] [INFO] [OpHistory] Completed: robot=robot_ec2b status=success goal_status=REACHED
2026-08-19 15:29:21,231 [ThreadPoolExecutor-1_1] [web_gui.backend.robots.ops] [INFO] ROS2 path topic subscribers stopped
2026-08-19 15:29:27,207 [ThreadPoolExecutor-1_0] [web_gui.backend.robots.ops] [INFO] ROS2 path topic subscribers ready for /robot_ec2b/plan
2026-08-19 15:29:27,251 [sse-robot_status] [web_gui.backend.robots.core] [INFO] [OpHistory] Started: robot=robot_ec2b source=robot_display op_id=7555
2026-08-19 15:29:51,174 [sse-robot_status] [web_gui.backend.robots.core] [INFO] [OpHistory] Completed: robot=robot_ec2b status=success goal_status=REACHED
2026-08-19 15:29:51,186 [ThreadPoolExecutor-1_1] [web_gui.backend.robots.ops] [INFO] ROS2 path topic subscribers stopped
2026-08-19 15:29:56,231 [ThreadPoolExecutor-1_1] [web_gui.backend.robots.ops] [INFO] ROS2 path topic subscribers ready for /robot_ec2b/plan
2026-08-19 15:29:56,268 [sse-robot_status] [web_gui.backend.robots.core] [INFO] [OpHistory] Started: robot=robot_ec2b source=robot_display op_id=7556
2026-08-19 15:30:16,226 [sse-robot_status] [web_gui.backend.robots.core] [INFO] [OpHistory] Completed: robot=robot_ec2b status=success goal_status=REACHED
2026-08-19 15:30:16,233 [ThreadPoolExecutor-1_1] [web_gui.backend.robots.ops] [INFO] ROS2 path topic subscribers stopped
2026-08-19 15:30:22,240 [sse-robot_status] [web_gui.backend.robots.core] [INFO] [OpHistory] Started: robot=robot_ec2b source=robot_display op_id=7557
2026-08-19 15:30:22,290 [ThreadPoolExecutor-1_1] [web_gui.backend.robots.ops] [INFO] ROS2 path topic subscribers ready for /robot_ec2b/plan
2026-08-19 15:30:47,209 [sse-robot_status] [web_gui.backend.robots.core] [INFO] [OpHistory] Completed: robot=robot_ec2b status=success goal_status=REACHED
2026-08-19 15:30:47,217 [ThreadPoolExecutor-1_0] [web_gui.backend.robots.ops] [INFO] ROS2 path topic subscribers stopped
2026-08-19 15:30:52,211 [ThreadPoolExecutor-1_1] [web_gui.backend.robots.ops] [INFO] ROS2 path topic subscribers ready for /robot_ec2b/plan
2026-08-19 15:30:52,683 [sse-robot_status] [web_gui.backend.robots.core] [INFO] [OpHistory] Started: robot=robot_ec2b source=robot_display op_id=7558
2026-08-19 15:31:12,260 [sse-robot_status] [web_gui.backend.robots.core] [INFO] [OpHistory] Completed: robot=robot_ec2b status=success goal_status=REACHED
2026-08-19 15:31:12,272 [ThreadPoolExecutor-1_1] [web_gui.backend.robots.ops] [INFO] ROS2 path topic subscribers stopped
2026-08-19 15:31:18,261 [ThreadPoolExecutor-1_1] [web_gui.backend.robots.ops] [INFO] ROS2 path topic subscribers ready for /robot_ec2b/plan
2026-08-19 15:31:18,679 [sse-robot_status] [web_gui.backend.robots.core] [INFO] [OpHistory] Started: robot=robot_ec2b source=robot_display op_id=7559
2026-08-19 15:31:42,779 [sse-robot_status] [web_gui.backend.robots.core] [INFO] [OpHistory] Completed: robot=robot_ec2b status=success goal_status=REACHED
2026-08-19 15:31:42,787 [ThreadPoolExecutor-1_1] [web_gui.backend.robots.ops] [INFO] ROS2 path topic subscribers stopped
2026-08-19 15:31:48,226 [ThreadPoolExecutor-1_0] [web_gui.backend.robots.ops] [INFO] ROS2 path topic subscribers ready for /robot_ec2b/plan
2026-08-19 15:31:48,770 [sse-robot_status] [web_gui.backend.robots.core] [INFO] [OpHistory] Started: robot=robot_ec2b source=robot_display op_id=7560
2026-08-19 15:32:08,645 [sse-robot_status] [web_gui.backend.robots.core] [INFO] [OpHistory] Completed: robot=robot_ec2b status=success goal_status=REACHED
2026-08-19 15:32:08,659 [ThreadPoolExecutor-1_0] [web_gui.backend.robots.ops] [INFO] ROS2 path topic subscribers stopped
2026-08-19 15:32:13,678 [ThreadPoolExecutor-1_0] [web_gui.backend.robots.ops] [INFO] ROS2 path topic subscribers ready for /robot_ec2b/plan
2026-08-19 15:32:14,305 [sse-robot_status] [web_gui.backend.robots.core] [INFO] [OpHistory] Started: robot=robot_ec2b source=robot_display op_id=7561
2026-08-19 15:32:38,208 [sse-robot_status] [web_gui.backend.robots.core] [INFO] [OpHistory] Completed: robot=robot_ec2b status=success goal_status=REACHED
2026-08-19 15:32:38,215 [ThreadPoolExecutor-1_0] [web_gui.backend.robots.ops] [INFO] ROS2 path topic subscribers stopped
2026-08-19 15:32:42,658 [ThreadPoolExecutor-1_1] [web_gui.backend.robots.ops] [INFO] ROS2 path topic subscribers ready for /robot_ec2b/plan
2026-08-19 15:32:43,237 [sse-robot_status] [web_gui.backend.robots.core] [INFO] [OpHistory] Started: robot=robot_ec2b source=robot_display op_id=7562
2026-08-19 15:33:03,658 [sse-robot_status] [web_gui.backend.robots.core] [INFO] [OpHistory] Completed: robot=robot_ec2b status=success goal_status=REACHED
2026-08-19 15:33:03,692 [ThreadPoolExecutor-1_0] [web_gui.backend.robots.ops] [INFO] ROS2 path topic subscribers stopped
2026-08-19 15:33:09,216 [ThreadPoolExecutor-1_0] [web_gui.backend.robots.ops] [INFO] ROS2 path topic subscribers ready for /robot_ec2b/plan
2026-08-19 15:33:09,700 [sse-robot_status] [web_gui.backend.robots.core] [INFO] [OpHistory] Started: robot=robot_ec2b source=robot_display op_id=7563
2026-08-19 15:33:33,652 [sse-robot_status] [web_gui.backend.robots.core] [INFO] [OpHistory] Completed: robot=robot_ec2b status=success goal_status=REACHED
2026-08-19 15:33:33,666 [ThreadPoolExecutor-1_1] [web_gui.backend.robots.ops] [INFO] ROS2 path topic subscribers stopped
2026-08-19 15:33:38,786 [ThreadPoolExecutor-1_0] [web_gui.backend.robots.ops] [INFO] ROS2 path topic subscribers ready for /robot_ec2b/plan
2026-08-19 15:33:39,211 [sse-robot_status] [web_gui.backend.robots.core] [INFO] [OpHistory] Started: robot=robot_ec2b source=robot_display op_id=7564
2026-08-19 15:33:59,665 [sse-robot_status] [web_gui.backend.robots.core] [INFO] [OpHistory] Completed: robot=robot_ec2b status=success goal_status=REACHED
2026-08-19 15:33:59,684 [ThreadPoolExecutor-1_1] [web_gui.backend.robots.ops] [INFO] ROS2 path topic subscribers stopped
2026-08-19 15:34:04,781 [ThreadPoolExecutor-1_0] [web_gui.backend.robots.ops] [INFO] ROS2 path topic subscribers ready for /robot_ec2b/plan
2026-08-19 15:34:05,198 [sse-robot_status] [web_gui.backend.robots.core] [INFO] [OpHistory] Started: robot=robot_ec2b source=robot_display op_id=7565
2026-08-19 15:34:29,221 [sse-robot_status] [web_gui.backend.robots.core] [INFO] [OpHistory] Completed: robot=robot_ec2b status=success goal_status=REACHED
2026-08-19 15:34:29,229 [ThreadPoolExecutor-1_1] [web_gui.backend.robots.ops] [INFO] ROS2 path topic subscribers stopped
2026-08-19 15:34:34,687 [ThreadPoolExecutor-1_1] [web_gui.backend.robots.ops] [INFO] ROS2 path topic subscribers ready for /robot_ec2b/plan
2026-08-19 15:34:35,225 [sse-robot_status] [web_gui.backend.robots.core] [INFO] [OpHistory] Started: robot=robot_ec2b source=robot_display op_id=7566
2026-08-19 15:34:55,779 [sse-robot_status] [web_gui.backend.robots.core] [INFO] [OpHistory] Completed: robot=robot_ec2b status=success goal_status=REACHED
2026-08-19 15:34:55,786 [ThreadPoolExecutor-1_0] [web_gui.backend.robots.ops] [INFO] ROS2 path topic subscribers stopped
2026-08-19 15:35:00,794 [ThreadPoolExecutor-1_0] [web_gui.backend.robots.ops] [INFO] ROS2 path topic subscribers ready for /robot_ec2b/plan
2026-08-19 15:35:01,221 [sse-robot_status] [web_gui.backend.robots.core] [INFO] [OpHistory] Started: robot=robot_ec2b source=robot_display op_id=7567
2026-08-19 15:35:27,226 [sse-robot_status] [web_gui.backend.robots.core] [INFO] [OpHistory] Completed: robot=robot_ec2b status=success goal_status=REACHED
2026-08-19 15:35:27,232 [ThreadPoolExecutor-1_0] [web_gui.backend.robots.ops] [INFO] ROS2 path topic subscribers stopped
2026-08-19 15:35:32,780 [ThreadPoolExecutor-1_0] [web_gui.backend.robots.ops] [INFO] ROS2 path topic subscribers ready for /robot_ec2b/plan
2026-08-19 15:35:33,191 [sse-robot_status] [web_gui.backend.robots.core] [INFO] [OpHistory] Started: robot=robot_ec2b source=robot_display op_id=7568
2026-08-19 15:35:53,217 [sse-robot_status] [web_gui.backend.robots.core] [INFO] [OpHistory] Completed: robot=robot_ec2b status=success goal_status=REACHED
2026-08-19 15:35:53,226 [ThreadPoolExecutor-1_0] [web_gui.backend.robots.ops] [INFO] ROS2 path topic subscribers stopped
2026-08-19 15:35:58,785 [ThreadPoolExecutor-1_0] [web_gui.backend.robots.ops] [INFO] ROS2 path topic subscribers ready for /robot_ec2b/plan
2026-08-19 15:35:59,235 [sse-robot_status] [web_gui.backend.robots.core] [INFO] [OpHistory] Started: robot=robot_ec2b source=robot_display op_id=7569
2026-08-19 15:36:22,213 [sse-robot_status] [web_gui.backend.robots.core] [INFO] [OpHistory] Completed: robot=robot_ec2b status=success goal_status=REACHED
2026-08-19 15:36:22,223 [ThreadPoolExecutor-1_0] [web_gui.backend.robots.ops] [INFO] ROS2 path topic subscribers stopped
2026-08-19 15:36:27,205 [ThreadPoolExecutor-1_0] [web_gui.backend.robots.ops] [INFO] ROS2 path topic subscribers ready for /robot_ec2b/plan
2026-08-19 15:36:27,818 [sse-robot_status] [web_gui.backend.robots.core] [INFO] [OpHistory] Started: robot=robot_ec2b source=robot_display op_id=7570
2026-08-19 15:36:47,784 [sse-robot_status] [web_gui.backend.robots.core] [INFO] [OpHistory] Completed: robot=robot_ec2b status=success goal_status=REACHED
2026-08-19 15:36:47,800 [ThreadPoolExecutor-1_1] [web_gui.backend.robots.ops] [INFO] ROS2 path topic subscribers stopped
2026-08-19 15:36:53,205 [ThreadPoolExecutor-1_0] [web_gui.backend.robots.ops] [INFO] ROS2 path topic subscribers ready for /robot_ec2b/plan
2026-08-19 15:36:53,646 [sse-robot_status] [web_gui.backend.robots.core] [INFO] [OpHistory] Started: robot=robot_ec2b source=robot_display op_id=7571
2026-08-19 15:37:17,681 [sse-robot_status] [web_gui.backend.robots.core] [INFO] [OpHistory] Completed: robot=robot_ec2b status=success goal_status=REACHED
2026-08-19 15:37:17,692 [ThreadPoolExecutor-1_0] [web_gui.backend.robots.ops] [INFO] ROS2 path topic subscribers stopped
2026-08-19 15:37:23,233 [ThreadPoolExecutor-1_0] [web_gui.backend.robots.ops] [INFO] ROS2 path topic subscribers ready for /robot_ec2b/plan
2026-08-19 15:37:23,816 [sse-robot_status] [web_gui.backend.robots.core] [INFO] [OpHistory] Started: robot=robot_ec2b source=robot_display op_id=7572
2026-08-19 15:37:43,646 [sse-robot_status] [web_gui.backend.robots.core] [INFO] [OpHistory] Completed: robot=robot_ec2b status=success goal_status=REACHED
2026-08-19 15:37:43,652 [ThreadPoolExecutor-1_1] [web_gui.backend.robots.ops] [INFO] ROS2 path topic subscribers stopped
2026-08-19 15:37:49,191 [ThreadPoolExecutor-1_1] [web_gui.backend.robots.ops] [INFO] ROS2 path topic subscribers ready for /robot_ec2b/plan
2026-08-19 15:37:49,805 [sse-robot_status] [web_gui.backend.robots.core] [INFO] [OpHistory] Started: robot=robot_ec2b source=robot_display op_id=7573
2026-08-19 15:38:14,207 [sse-robot_status] [web_gui.backend.robots.core] [INFO] [OpHistory] Completed: robot=robot_ec2b status=success goal_status=REACHED
2026-08-19 15:38:14,217 [ThreadPoolExecutor-1_0] [web_gui.backend.robots.ops] [INFO] ROS2 path topic subscribers stopped
2026-08-19 15:38:20,208 [ThreadPoolExecutor-1_0] [web_gui.backend.robots.ops] [INFO] ROS2 path topic subscribers ready for /robot_ec2b/plan
2026-08-19 15:38:20,647 [sse-robot_status] [web_gui.backend.robots.core] [INFO] [OpHistory] Started: robot=robot_ec2b source=robot_display op_id=7574
2026-08-19 15:38:41,213 [sse-robot_status] [web_gui.backend.robots.core] [INFO] [OpHistory] Completed: robot=robot_ec2b status=success goal_status=REACHED
2026-08-19 15:38:41,224 [ThreadPoolExecutor-1_0] [web_gui.backend.robots.ops] [INFO] ROS2 path topic subscribers stopped
2026-08-19 15:38:46,667 [ThreadPoolExecutor-1_1] [web_gui.backend.robots.ops] [INFO] ROS2 path topic subscribers ready for /robot_ec2b/plan
2026-08-19 15:38:47,233 [sse-robot_status] [web_gui.backend.robots.core] [INFO] [OpHistory] Started: robot=robot_ec2b source=robot_display op_id=7575
2026-08-19 15:39:11,241 [sse-robot_status] [web_gui.backend.robots.core] [INFO] [OpHistory] Completed: robot=robot_ec2b status=success goal_status=REACHED
2026-08-19 15:39:11,247 [ThreadPoolExecutor-1_0] [web_gui.backend.robots.ops] [INFO] ROS2 path topic subscribers stopped
2026-08-19 15:39:16,657 [ThreadPoolExecutor-1_1] [web_gui.backend.robots.ops] [INFO] ROS2 path topic subscribers ready for /robot_ec2b/plan
2026-08-19 15:39:17,223 [sse-robot_status] [web_gui.backend.robots.core] [INFO] [OpHistory] Started: robot=robot_ec2b source=robot_display op_id=7576
2026-08-19 15:39:37,654 [sse-robot_status] [web_gui.backend.robots.core] [INFO] [OpHistory] Completed: robot=robot_ec2b status=success goal_status=REACHED
2026-08-19 15:39:37,664 [ThreadPoolExecutor-1_0] [web_gui.backend.robots.ops] [INFO] ROS2 path topic subscribers stopped
2026-08-19 15:39:42,779 [ThreadPoolExecutor-1_1] [web_gui.backend.robots.ops] [INFO] ROS2 path topic subscribers ready for /robot_ec2b/plan
2026-08-19 15:39:43,186 [sse-robot_status] [web_gui.backend.robots.core] [INFO] [OpHistory] Started: robot=robot_ec2b source=robot_display op_id=7577
2026-08-19 15:40:07,222 [sse-robot_status] [web_gui.backend.robots.core] [INFO] [OpHistory] Completed: robot=robot_ec2b status=success goal_status=REACHED
2026-08-19 15:40:07,227 [ThreadPoolExecutor-1_1] [web_gui.backend.robots.ops] [INFO] ROS2 path topic subscribers stopped
2026-08-19 15:40:12,678 [ThreadPoolExecutor-1_0] [web_gui.backend.robots.ops] [INFO] ROS2 path topic subscribers ready for /robot_ec2b/plan
2026-08-19 15:40:13,247 [sse-robot_status] [web_gui.backend.robots.core] [INFO] [OpHistory] Started: robot=robot_ec2b source=robot_display op_id=7578
2026-08-19 15:40:33,790 [sse-robot_status] [web_gui.backend.robots.core] [INFO] [OpHistory] Completed: robot=robot_ec2b status=success goal_status=REACHED
2026-08-19 15:40:33,798 [ThreadPoolExecutor-1_1] [web_gui.backend.robots.ops] [INFO] ROS2 path topic subscribers stopped
2026-08-19 15:40:38,789 [ThreadPoolExecutor-1_1] [web_gui.backend.robots.ops] [INFO] ROS2 path topic subscribers ready for /robot_ec2b/plan
2026-08-19 15:40:39,216 [sse-robot_status] [web_gui.backend.robots.core] [INFO] [OpHistory] Started: robot=robot_ec2b source=robot_display op_id=7579
2026-08-19 15:41:04,227 [sse-robot_status] [web_gui.backend.robots.core] [INFO] [OpHistory] Completed: robot=robot_ec2b status=success goal_status=REACHED
2026-08-19 15:41:04,234 [ThreadPoolExecutor-1_0] [web_gui.backend.robots.ops] [INFO] ROS2 path topic subscribers stopped
2026-08-19 15:41:09,200 [ThreadPoolExecutor-1_0] [web_gui.backend.robots.ops] [INFO] ROS2 path topic subscribers ready for /robot_ec2b/plan
2026-08-19 15:41:09,808 [sse-robot_status] [web_gui.backend.robots.core] [INFO] [OpHistory] Started: robot=robot_ec2b source=robot_display op_id=7580
2026-08-19 15:41:30,217 [sse-robot_status] [web_gui.backend.robots.core] [INFO] [OpHistory] Completed: robot=robot_ec2b status=success goal_status=REACHED
2026-08-19 15:41:30,229 [ThreadPoolExecutor-1_1] [web_gui.backend.robots.ops] [INFO] ROS2 path topic subscribers stopped
2026-08-19 15:41:35,265 [ThreadPoolExecutor-1_0] [web_gui.backend.robots.ops] [INFO] ROS2 path topic subscribers ready for /robot_ec2b/plan
2026-08-19 15:41:35,813 [sse-robot_status] [web_gui.backend.robots.core] [INFO] [OpHistory] Started: robot=robot_ec2b source=robot_display op_id=7581
2026-08-19 15:41:59,794 [sse-robot_status] [web_gui.backend.robots.core] [INFO] [OpHistory] Completed: robot=robot_ec2b status=success goal_status=REACHED
2026-08-19 15:41:59,803 [ThreadPoolExecutor-1_1] [web_gui.backend.robots.ops] [INFO] ROS2 path topic subscribers stopped
2026-08-19 15:42:05,233 [ThreadPoolExecutor-1_0] [web_gui.backend.robots.ops] [INFO] ROS2 path topic subscribers ready for /robot_ec2b/plan
2026-08-19 15:42:05,661 [sse-robot_status] [web_gui.backend.robots.core] [INFO] [OpHistory] Started: robot=robot_ec2b source=robot_display op_id=7582
2026-08-19 15:42:26,207 [sse-robot_status] [web_gui.backend.robots.core] [INFO] [OpHistory] Completed: robot=robot_ec2b status=success goal_status=REACHED
2026-08-19 15:42:26,217 [ThreadPoolExecutor-1_0] [web_gui.backend.robots.ops] [INFO] ROS2 path topic subscribers stopped
2026-08-19 15:42:31,184 [ThreadPoolExecutor-1_0] [web_gui.backend.robots.ops] [INFO] ROS2 path topic subscribers ready for /robot_ec2b/plan
2026-08-19 15:42:31,653 [sse-robot_status] [web_gui.backend.robots.core] [INFO] [OpHistory] Started: robot=robot_ec2b source=robot_display op_id=7583
2026-08-19 15:42:56,225 [sse-robot_status] [web_gui.backend.robots.core] [INFO] [OpHistory] Completed: robot=robot_ec2b status=success goal_status=REACHED
2026-08-19 15:42:56,231 [ThreadPoolExecutor-1_0] [web_gui.backend.robots.ops] [INFO] ROS2 path topic subscribers stopped
2026-08-19 15:43:02,211 [ThreadPoolExecutor-1_0] [web_gui.backend.robots.ops] [INFO] ROS2 path topic subscribers ready for /robot_ec2b/plan
2026-08-19 15:43:02,664 [sse-robot_status] [web_gui.backend.robots.core] [INFO] [OpHistory] Started: robot=robot_ec2b source=robot_display op_id=7584
2026-08-19 15:43:22,811 [sse-robot_status] [web_gui.backend.robots.core] [INFO] [OpHistory] Completed: robot=robot_ec2b status=success goal_status=REACHED
2026-08-19 15:43:22,818 [ThreadPoolExecutor-1_0] [web_gui.backend.robots.ops] [INFO] ROS2 path topic subscribers stopped
2026-08-19 15:43:28,235 [ThreadPoolExecutor-1_1] [web_gui.backend.robots.ops] [INFO] ROS2 path topic subscribers ready for /robot_ec2b/plan
2026-08-19 15:43:28,783 [sse-robot_status] [web_gui.backend.robots.core] [INFO] [OpHistory] Started: robot=robot_ec2b source=robot_display op_id=7585
2026-08-19 15:43:52,198 [sse-robot_status] [web_gui.backend.robots.core] [INFO] [OpHistory] Completed: robot=robot_ec2b status=success goal_status=REACHED
2026-08-19 15:43:52,208 [ThreadPoolExecutor-1_1] [web_gui.backend.robots.ops] [INFO] ROS2 path topic subscribers stopped
2026-08-19 15:43:57,670 [ThreadPoolExecutor-1_0] [web_gui.backend.robots.ops] [INFO] ROS2 path topic subscribers ready for /robot_ec2b/plan
2026-08-19 15:43:58,214 [sse-robot_status] [web_gui.backend.robots.core] [INFO] [OpHistory] Started: robot=robot_ec2b source=robot_display op_id=7586
2026-08-19 15:44:18,651 [sse-robot_status] [web_gui.backend.robots.core] [INFO] [OpHistory] Completed: robot=robot_ec2b status=success goal_status=REACHED
2026-08-19 15:44:18,661 [ThreadPoolExecutor-1_1] [web_gui.backend.robots.ops] [INFO] ROS2 path topic subscribers stopped
2026-08-19 15:44:23,815 [ThreadPoolExecutor-1_0] [web_gui.backend.robots.ops] [INFO] ROS2 path topic subscribers ready for /robot_ec2b/plan
2026-08-19 15:44:24,219 [sse-robot_status] [web_gui.backend.robots.core] [INFO] [OpHistory] Started: robot=robot_ec2b source=robot_display op_id=7587
2026-08-19 15:44:47,653 [sse-robot_status] [web_gui.backend.robots.core] [INFO] [OpHistory] Completed: robot=robot_ec2b status=success goal_status=REACHED
2026-08-19 15:44:47,660 [ThreadPoolExecutor-1_0] [web_gui.backend.robots.ops] [INFO] ROS2 path topic subscribers stopped
2026-08-19 15:44:52,823 [ThreadPoolExecutor-1_1] [web_gui.backend.robots.ops] [INFO] ROS2 path topic subscribers ready for /robot_ec2b/plan
2026-08-19 15:44:53,227 [sse-robot_status] [web_gui.backend.robots.core] [INFO] [OpHistory] Started: robot=robot_ec2b source=robot_display op_id=7588
2026-08-19 15:45:13,798 [sse-robot_status] [web_gui.backend.robots.core] [INFO] [OpHistory] Completed: robot=robot_ec2b status=success goal_status=REACHED
2026-08-19 15:45:13,834 [ThreadPoolExecutor-1_0] [web_gui.backend.robots.ops] [INFO] ROS2 path topic subscribers stopped
2026-08-19 15:45:18,794 [ThreadPoolExecutor-1_0] [web_gui.backend.robots.ops] [INFO] ROS2 path topic subscribers ready for /robot_ec2b/plan
2026-08-19 15:45:19,225 [sse-robot_status] [web_gui.backend.robots.core] [INFO] [OpHistory] Started: robot=robot_ec2b source=robot_display op_id=7589
2026-08-19 15:45:43,689 [sse-robot_status] [web_gui.backend.robots.core] [INFO] [OpHistory] Completed: robot=robot_ec2b status=success goal_status=REACHED
2026-08-19 15:45:43,708 [ThreadPoolExecutor-1_0] [web_gui.backend.robots.ops] [INFO] ROS2 path topic subscribers stopped
2026-08-19 15:45:48,797 [ThreadPoolExecutor-1_1] [web_gui.backend.robots.ops] [INFO] ROS2 path topic subscribers ready for /robot_ec2b/plan
2026-08-19 15:45:49,183 [sse-robot_status] [web_gui.backend.robots.core] [INFO] [OpHistory] Started: robot=robot_ec2b source=robot_display op_id=7590
2026-08-19 15:46:09,186 [sse-robot_status] [web_gui.backend.robots.core] [INFO] [OpHistory] Completed: robot=robot_ec2b status=success goal_status=REACHED
2026-08-19 15:46:09,195 [ThreadPoolExecutor-1_0] [web_gui.backend.robots.ops] [INFO] ROS2 path topic subscribers stopped
2026-08-19 15:46:14,779 [ThreadPoolExecutor-1_1] [web_gui.backend.robots.ops] [INFO] ROS2 path topic subscribers ready for /robot_ec2b/plan
2026-08-19 15:46:15,174 [sse-robot_status] [web_gui.backend.robots.core] [INFO] [OpHistory] Started: robot=robot_ec2b source=robot_display op_id=7591
2026-08-19 15:46:38,639 [sse-robot_status] [web_gui.backend.robots.core] [INFO] [OpHistory] Completed: robot=robot_ec2b status=success goal_status=REACHED
2026-08-19 15:46:38,645 [ThreadPoolExecutor-1_1] [web_gui.backend.robots.ops] [INFO] ROS2 path topic subscribers stopped
2026-08-19 15:46:44,194 [ThreadPoolExecutor-1_0] [web_gui.backend.robots.ops] [INFO] ROS2 path topic subscribers ready for /robot_ec2b/plan
2026-08-19 15:46:44,777 [sse-robot_status] [web_gui.backend.robots.core] [INFO] [OpHistory] Started: robot=robot_ec2b source=robot_display op_id=7592
2026-08-19 15:47:05,210 [sse-robot_status] [web_gui.backend.robots.core] [INFO] [OpHistory] Completed: robot=robot_ec2b status=success goal_status=REACHED
2026-08-19 15:47:05,219 [ThreadPoolExecutor-1_1] [web_gui.backend.robots.ops] [INFO] ROS2 path topic subscribers stopped
2026-08-19 15:47:10,232 [ThreadPoolExecutor-1_0] [web_gui.backend.robots.ops] [INFO] ROS2 path topic subscribers ready for /robot_ec2b/plan
2026-08-19 15:47:10,775 [sse-robot_status] [web_gui.backend.robots.core] [INFO] [OpHistory] Started: robot=robot_ec2b source=robot_display op_id=7593
2026-08-19 15:47:35,825 [sse-robot_status] [web_gui.backend.robots.core] [INFO] [OpHistory] Completed: robot=robot_ec2b status=success goal_status=REACHED
2026-08-19 15:47:35,840 [ThreadPoolExecutor-1_1] [web_gui.backend.robots.ops] [INFO] ROS2 path topic subscribers stopped
2026-08-19 15:47:41,228 [ThreadPoolExecutor-1_1] [web_gui.backend.robots.ops] [INFO] ROS2 path topic subscribers ready for /robot_ec2b/plan
2026-08-19 15:47:41,823 [sse-robot_status] [web_gui.backend.robots.core] [INFO] [OpHistory] Started: robot=robot_ec2b source=robot_display op_id=7594
2026-08-19 15:48:02,255 [sse-robot_status] [web_gui.backend.robots.core] [INFO] [OpHistory] Completed: robot=robot_ec2b status=success goal_status=REACHED
2026-08-19 15:48:02,262 [ThreadPoolExecutor-1_0] [web_gui.backend.robots.ops] [INFO] ROS2 path topic subscribers stopped
2026-08-19 15:48:07,212 [ThreadPoolExecutor-1_1] [web_gui.backend.robots.ops] [INFO] ROS2 path topic subscribers ready for /robot_ec2b/plan
2026-08-19 15:48:07,677 [sse-robot_status] [web_gui.backend.robots.core] [INFO] [OpHistory] Started: robot=robot_ec2b source=robot_display op_id=7595
2026-08-19 15:48:32,662 [sse-robot_status] [web_gui.backend.robots.core] [INFO] [OpHistory] Completed: robot=robot_ec2b status=success goal_status=REACHED
2026-08-19 15:48:32,671 [ThreadPoolExecutor-1_0] [web_gui.backend.robots.ops] [INFO] ROS2 path topic subscribers stopped
2026-08-19 15:48:37,239 [ThreadPoolExecutor-1_1] [web_gui.backend.robots.ops] [INFO] ROS2 path topic subscribers ready for /robot_ec2b/plan
2026-08-19 15:48:37,658 [sse-robot_status] [web_gui.backend.robots.core] [INFO] [OpHistory] Started: robot=robot_ec2b source=robot_display op_id=7596
2026-08-19 15:48:58,174 [sse-robot_status] [web_gui.backend.robots.core] [INFO] [OpHistory] Completed: robot=robot_ec2b status=success goal_status=REACHED
2026-08-19 15:48:58,183 [ThreadPoolExecutor-1_0] [web_gui.backend.robots.ops] [INFO] ROS2 path topic subscribers stopped
2026-08-19 15:49:03,662 [ThreadPoolExecutor-1_0] [web_gui.backend.robots.ops] [INFO] ROS2 path topic subscribers ready for /robot_ec2b/plan
2026-08-19 15:49:04,238 [sse-robot_status] [web_gui.backend.robots.core] [INFO] [OpHistory] Started: robot=robot_ec2b source=robot_display op_id=7597
2026-08-19 15:49:27,795 [sse-robot_status] [web_gui.backend.robots.core] [INFO] [OpHistory] Completed: robot=robot_ec2b status=success goal_status=REACHED
2026-08-19 15:49:27,821 [ThreadPoolExecutor-1_0] [web_gui.backend.robots.ops] [INFO] ROS2 path topic subscribers stopped
2026-08-19 15:49:32,206 [ThreadPoolExecutor-1_0] [web_gui.backend.robots.ops] [INFO] ROS2 path topic subscribers ready for /robot_ec2b/plan
2026-08-19 15:49:32,788 [sse-robot_status] [web_gui.backend.robots.core] [INFO] [OpHistory] Started: robot=robot_ec2b source=robot_display op_id=7598
2026-08-19 15:49:52,829 [sse-robot_status] [web_gui.backend.robots.core] [INFO] [OpHistory] Completed: robot=robot_ec2b status=success goal_status=REACHED
2026-08-19 15:49:52,841 [ThreadPoolExecutor-1_1] [web_gui.backend.robots.ops] [INFO] ROS2 path topic subscribers stopped
2026-08-19 15:49:58,232 [ThreadPoolExecutor-1_0] [web_gui.backend.robots.ops] [INFO] ROS2 path topic subscribers ready for /robot_ec2b/plan
2026-08-19 15:49:58,773 [sse-robot_status] [web_gui.backend.robots.core] [INFO] [OpHistory] Started: robot=robot_ec2b source=robot_display op_id=7599
2026-08-19 15:50:23,662 [sse-robot_status] [web_gui.backend.robots.core] [INFO] [OpHistory] Completed: robot=robot_ec2b status=success goal_status=REACHED
2026-08-19 15:50:23,671 [ThreadPoolExecutor-1_0] [web_gui.backend.robots.ops] [INFO] ROS2 path topic subscribers stopped
2026-08-19 15:50:29,209 [ThreadPoolExecutor-1_0] [web_gui.backend.robots.ops] [INFO] ROS2 path topic subscribers ready for /robot_ec2b/plan
2026-08-19 15:50:29,654 [sse-robot_status] [web_gui.backend.robots.core] [INFO] [OpHistory] Started: robot=robot_ec2b source=robot_display op_id=7600
2026-08-19 15:50:49,813 [sse-robot_status] [web_gui.backend.robots.core] [INFO] [OpHistory] Completed: robot=robot_ec2b status=success goal_status=REACHED
2026-08-19 15:50:49,833 [ThreadPoolExecutor-1_0] [web_gui.backend.robots.ops] [INFO] ROS2 path topic subscribers stopped
2026-08-19 15:50:55,210 [ThreadPoolExecutor-1_1] [web_gui.backend.robots.ops] [INFO] ROS2 path topic subscribers ready for /robot_ec2b/plan
2026-08-19 15:50:55,700 [sse-robot_status] [web_gui.backend.robots.core] [INFO] [OpHistory] Started: robot=robot_ec2b source=robot_display op_id=7601
2026-08-19 15:51:22,785 [sse-robot_status] [web_gui.backend.robots.core] [INFO] [OpHistory] Completed: robot=robot_ec2b status=success goal_status=REACHED
2026-08-19 15:51:22,792 [ThreadPoolExecutor-1_0] [web_gui.backend.robots.ops] [INFO] ROS2 path topic subscribers stopped
2026-08-19 15:51:28,178 [ThreadPoolExecutor-1_0] [web_gui.backend.robots.ops] [INFO] ROS2 path topic subscribers ready for /robot_ec2b/plan
2026-08-19 15:51:28,807 [sse-robot_status] [web_gui.backend.robots.core] [INFO] [OpHistory] Started: robot=robot_ec2b source=robot_display op_id=7602
2026-08-19 15:51:49,213 [sse-robot_status] [web_gui.backend.robots.core] [INFO] [OpHistory] Completed: robot=robot_ec2b status=success goal_status=REACHED
2026-08-19 15:51:49,220 [ThreadPoolExecutor-1_0] [web_gui.backend.robots.ops] [INFO] ROS2 path topic subscribers stopped
2026-08-19 15:51:54,194 [ThreadPoolExecutor-1_1] [web_gui.backend.robots.ops] [INFO] ROS2 path topic subscribers ready for /robot_ec2b/plan
2026-08-19 15:51:54,655 [sse-robot_status] [web_gui.backend.robots.core] [INFO] [OpHistory] Started: robot=robot_ec2b source=robot_display op_id=7603
2026-08-19 15:52:19,220 [sse-robot_status] [web_gui.backend.robots.core] [INFO] [OpHistory] Completed: robot=robot_ec2b status=success goal_status=REACHED
2026-08-19 15:52:19,229 [ThreadPoolExecutor-1_0] [web_gui.backend.robots.ops] [INFO] ROS2 path topic subscribers stopped
2026-08-19 15:52:25,204 [ThreadPoolExecutor-1_1] [web_gui.backend.robots.ops] [INFO] ROS2 path topic subscribers ready for /robot_ec2b/plan
2026-08-19 15:52:25,804 [sse-robot_status] [web_gui.backend.robots.core] [INFO] [OpHistory] Started: robot=robot_ec2b source=robot_display op_id=7604
2026-08-19 15:52:45,654 [sse-robot_status] [web_gui.backend.robots.core] [INFO] [OpHistory] Completed: robot=robot_ec2b status=success goal_status=REACHED
2026-08-19 15:52:45,667 [ThreadPoolExecutor-1_1] [web_gui.backend.robots.ops] [INFO] ROS2 path topic subscribers stopped
2026-08-19 15:52:50,805 [ThreadPoolExecutor-1_0] [web_gui.backend.robots.ops] [INFO] ROS2 path topic subscribers ready for /robot_ec2b/plan
2026-08-19 15:52:51,184 [sse-robot_status] [web_gui.backend.robots.core] [INFO] [OpHistory] Started: robot=robot_ec2b source=robot_display op_id=7605
2026-08-19 15:53:17,177 [sse-robot_status] [web_gui.backend.robots.core] [INFO] [OpHistory] Completed: robot=robot_ec2b status=success goal_status=REACHED
2026-08-19 15:53:17,189 [ThreadPoolExecutor-1_0] [web_gui.backend.robots.ops] [INFO] ROS2 path topic subscribers stopped
2026-08-19 15:53:22,677 [ThreadPoolExecutor-1_0] [web_gui.backend.robots.ops] [INFO] ROS2 path topic subscribers ready for /robot_ec2b/plan
2026-08-19 15:53:23,237 [sse-robot_status] [web_gui.backend.robots.core] [INFO] [OpHistory] Started: robot=robot_ec2b source=robot_display op_id=7606
2026-08-19 15:53:43,667 [sse-robot_status] [web_gui.backend.robots.core] [INFO] [OpHistory] Completed: robot=robot_ec2b status=success goal_status=REACHED
2026-08-19 15:53:43,672 [ThreadPoolExecutor-1_0] [web_gui.backend.robots.ops] [INFO] ROS2 path topic subscribers stopped
2026-08-19 15:53:49,651 [ThreadPoolExecutor-1_0] [web_gui.backend.robots.ops] [INFO] ROS2 path topic subscribers ready for /robot_ec2b/plan
2026-08-19 15:53:50,215 [sse-robot_status] [web_gui.backend.robots.core] [INFO] [OpHistory] Started: robot=robot_ec2b source=robot_display op_id=7607
2026-08-19 15:54:14,214 [sse-robot_status] [web_gui.backend.robots.core] [INFO] [OpHistory] Completed: robot=robot_ec2b status=success goal_status=REACHED
2026-08-19 15:54:14,225 [ThreadPoolExecutor-1_0] [web_gui.backend.robots.ops] [INFO] ROS2 path topic subscribers stopped
2026-08-19 15:54:19,788 [ThreadPoolExecutor-1_1] [web_gui.backend.robots.ops] [INFO] ROS2 path topic subscribers ready for /robot_ec2b/plan
2026-08-19 15:54:20,211 [sse-robot_status] [web_gui.backend.robots.core] [INFO] [OpHistory] Started: robot=robot_ec2b source=robot_display op_id=7608
2026-08-19 15:54:40,221 [sse-robot_status] [web_gui.backend.robots.core] [INFO] [OpHistory] Completed: robot=robot_ec2b status=success goal_status=REACHED
2026-08-19 15:54:40,229 [ThreadPoolExecutor-1_0] [web_gui.backend.robots.ops] [INFO] ROS2 path topic subscribers stopped
2026-08-19 15:54:45,783 [ThreadPoolExecutor-1_1] [web_gui.backend.robots.ops] [INFO] ROS2 path topic subscribers ready for /robot_ec2b/plan
2026-08-19 15:54:46,187 [sse-robot_status] [web_gui.backend.robots.core] [INFO] [OpHistory] Started: robot=robot_ec2b source=robot_display op_id=7609
2026-08-19 15:55:10,191 [sse-robot_status] [web_gui.backend.robots.core] [INFO] [OpHistory] Completed: robot=robot_ec2b status=success goal_status=REACHED
2026-08-19 15:55:10,253 [ThreadPoolExecutor-1_0] [web_gui.backend.robots.ops] [INFO] ROS2 path topic subscribers stopped
2026-08-19 15:55:15,217 [ThreadPoolExecutor-1_0] [web_gui.backend.robots.ops] [INFO] ROS2 path topic subscribers ready for /robot_ec2b/plan
2026-08-19 15:55:15,753 [sse-robot_status] [web_gui.backend.robots.core] [INFO] [OpHistory] Started: robot=robot_ec2b source=robot_display op_id=7610
2026-08-19 15:55:36,209 [sse-robot_status] [web_gui.backend.robots.core] [INFO] [OpHistory] Completed: robot=robot_ec2b status=success goal_status=REACHED
2026-08-19 15:55:36,217 [ThreadPoolExecutor-1_1] [web_gui.backend.robots.ops] [INFO] ROS2 path topic subscribers stopped
2026-08-19 15:55:41,233 [ThreadPoolExecutor-1_0] [web_gui.backend.robots.ops] [INFO] ROS2 path topic subscribers ready for /robot_ec2b/plan
2026-08-19 15:55:41,685 [sse-robot_status] [web_gui.backend.robots.core] [INFO] [OpHistory] Started: robot=robot_ec2b source=robot_display op_id=7611
2026-08-19 15:56:05,193 [sse-robot_status] [web_gui.backend.robots.core] [INFO] [OpHistory] Completed: robot=robot_ec2b status=success goal_status=REACHED
2026-08-19 15:56:05,213 [ThreadPoolExecutor-1_1] [web_gui.backend.robots.ops] [INFO] ROS2 path topic subscribers stopped
2026-08-19 15:56:10,254 [ThreadPoolExecutor-1_0] [web_gui.backend.robots.ops] [INFO] ROS2 path topic subscribers ready for /robot_ec2b/plan
2026-08-19 15:56:10,804 [sse-robot_status] [web_gui.backend.robots.core] [INFO] [OpHistory] Started: robot=robot_ec2b source=robot_display op_id=7612
2026-08-19 15:56:30,660 [sse-robot_status] [web_gui.backend.robots.core] [INFO] [OpHistory] Completed: robot=robot_ec2b status=success goal_status=REACHED
2026-08-19 15:56:30,669 [ThreadPoolExecutor-1_1] [web_gui.backend.robots.ops] [INFO] ROS2 path topic subscribers stopped
2026-08-19 15:56:36,185 [ThreadPoolExecutor-1_1] [web_gui.backend.robots.ops] [INFO] ROS2 path topic subscribers ready for /robot_ec2b/plan
2026-08-19 15:56:36,789 [sse-robot_status] [web_gui.backend.robots.core] [INFO] [OpHistory] Started: robot=robot_ec2b source=robot_display op_id=7613
2026-08-19 15:57:02,650 [sse-robot_status] [web_gui.backend.robots.core] [INFO] [OpHistory] Completed: robot=robot_ec2b status=success goal_status=REACHED
2026-08-19 15:57:02,656 [ThreadPoolExecutor-1_0] [web_gui.backend.robots.ops] [INFO] ROS2 path topic subscribers stopped
2026-08-19 15:57:08,195 [ThreadPoolExecutor-1_0] [web_gui.backend.robots.ops] [INFO] ROS2 path topic subscribers ready for /robot_ec2b/plan
2026-08-19 15:57:08,675 [sse-robot_status] [web_gui.backend.robots.core] [INFO] [OpHistory] Started: robot=robot_ec2b source=robot_display op_id=7614
2026-08-19 15:57:29,205 [sse-robot_status] [web_gui.backend.robots.core] [INFO] [OpHistory] Completed: robot=robot_ec2b status=success goal_status=REACHED
2026-08-19 15:57:29,224 [ThreadPoolExecutor-1_0] [web_gui.backend.robots.ops] [INFO] ROS2 path topic subscribers stopped
2026-08-19 15:57:34,220 [ThreadPoolExecutor-1_1] [web_gui.backend.robots.ops] [INFO] ROS2 path topic subscribers ready for /robot_ec2b/plan
2026-08-19 15:57:34,798 [sse-robot_status] [web_gui.backend.robots.core] [INFO] [OpHistory] Started: robot=robot_ec2b source=robot_display op_id=7615
2026-08-19 15:57:58,766 [sse-robot_status] [web_gui.backend.robots.core] [INFO] [OpHistory] Completed: robot=robot_ec2b status=success goal_status=REACHED
2026-08-19 15:57:58,772 [ThreadPoolExecutor-1_0] [web_gui.backend.robots.ops] [INFO] ROS2 path topic subscribers stopped
2026-08-19 15:58:04,216 [ThreadPoolExecutor-1_1] [web_gui.backend.robots.ops] [INFO] ROS2 path topic subscribers ready for /robot_ec2b/plan
2026-08-19 15:58:04,672 [sse-robot_status] [web_gui.backend.robots.core] [INFO] [OpHistory] Started: robot=robot_ec2b source=robot_display op_id=7616
2026-08-19 15:58:25,228 [sse-robot_status] [web_gui.backend.robots.core] [INFO] [OpHistory] Completed: robot=robot_ec2b status=success goal_status=REACHED
2026-08-19 15:58:25,240 [ThreadPoolExecutor-1_0] [web_gui.backend.robots.ops] [INFO] ROS2 path topic subscribers stopped
2026-08-19 15:58:30,219 [ThreadPoolExecutor-1_1] [web_gui.backend.robots.ops] [INFO] ROS2 path topic subscribers ready for /robot_ec2b/plan
2026-08-19 15:58:30,762 [sse-robot_status] [web_gui.backend.robots.core] [INFO] [OpHistory] Started: robot=robot_ec2b source=robot_display op_id=7617
2026-08-19 15:58:55,231 [sse-robot_status] [web_gui.backend.robots.core] [INFO] [OpHistory] Completed: robot=robot_ec2b status=success goal_status=REACHED
2026-08-19 15:58:55,240 [ThreadPoolExecutor-1_0] [web_gui.backend.robots.ops] [INFO] ROS2 path topic subscribers stopped
2026-08-19 15:59:01,243 [ThreadPoolExecutor-1_1] [web_gui.backend.robots.ops] [INFO] ROS2 path topic subscribers ready for /robot_ec2b/plan
2026-08-19 15:59:01,679 [sse-robot_status] [web_gui.backend.robots.core] [INFO] [OpHistory] Started: robot=robot_ec2b source=robot_display op_id=7618
2026-08-19 15:59:21,649 [sse-robot_status] [web_gui.backend.robots.core] [INFO] [OpHistory] Completed: robot=robot_ec2b status=success goal_status=REACHED
2026-08-19 15:59:21,657 [ThreadPoolExecutor-1_0] [web_gui.backend.robots.ops] [INFO] ROS2 path topic subscribers stopped
2026-08-19 15:59:27,227 [ThreadPoolExecutor-1_1] [web_gui.backend.robots.ops] [INFO] ROS2 path topic subscribers ready for /robot_ec2b/plan
2026-08-19 15:59:27,805 [sse-robot_status] [web_gui.backend.robots.core] [INFO] [OpHistory] Started: robot=robot_ec2b source=robot_display op_id=7619
2026-08-19 15:59:55,770 [sse-robot_status] [web_gui.backend.robots.core] [INFO] [OpHistory] Completed: robot=robot_ec2b status=success goal_status=REACHED
2026-08-19 15:59:55,780 [ThreadPoolExecutor-1_0] [web_gui.backend.robots.ops] [INFO] ROS2 path topic subscribers stopped
2026-08-19 16:00:00,664 [ThreadPoolExecutor-1_0] [web_gui.backend.robots.ops] [INFO] ROS2 path topic subscribers ready for /robot_ec2b/plan
2026-08-19 16:00:01,192 [sse-robot_status] [web_gui.backend.robots.core] [INFO] [OpHistory] Started: robot=robot_ec2b source=robot_display op_id=7620
