2026-08-18 07:19:15,040 [MainThread] [web_gui.backend.server] [INFO] Starting Hypercorn server on http://0.0.0.0:5051
2026-08-18 07:19:15,045 [MainThread] [web_gui.backend.server] [INFO] Thread dump handler ready: kill -USR1 2741
2026-08-18 07:19:16,206 [MainThread] [web_gui.backend.robots.core] [INFO] Polling thread started
2026-08-18 07:19:16,212 [MainThread] [web_gui.backend.robots.core] [INFO] SSE streams started (7 new, 7 total)
2026-08-18 07:19:16,224 [MainThread] [web_gui.backend.server] [INFO] Voice event settings ready: /home/dentium/.local/share/dentium-webgui/config/voice_event_settings.json
2026-08-18 07:19:16,266 [MainThread] [web_gui.backend.server] [INFO] Browser music catalog ready in voice event settings: /home/dentium/.local/share/dentium-webgui/config/voice_event_settings.json
2026-08-18 07:19:16,484 [MainThread] [web_gui.backend.robots.ops] [INFO] Direct ROS2 node ready for latency-sensitive commands
2026-08-18 07:19:16,503 [MainThread] [web_gui.backend.robots.ops] [INFO] ROS2 callbell subscriber ready for /callbell
2026-08-18 09:18:19,405 [ThreadPoolExecutor-1_0] [web_gui.backend.robots.ops] [INFO] ROS2 path topic subscribers ready for /robot_ec2b/plan
2026-08-18 09:18:39,512 [flask-wsgi_3] [web_gui.backend.server] [WARNING] Falling back to local robot speed cache: ('Connection aborted.', ConnectionResetError(104, 'Connection reset by peer'))
2026-08-18 09:19:09,529 [flask-wsgi_5] [web_gui.backend.server] [WARNING] Falling back to local robot speed cache: ('Connection aborted.', RemoteDisconnected('Remote end closed connection without response'))
2026-08-18 09:39:25,926 [MainThread] [web_gui.backend.robots.ops] [INFO] ROS2 path topic subscribers stopped
2026-08-18 10:50:26,445 [ThreadPoolExecutor-1_2] [web_gui.backend.robots.ops] [INFO] ROS2 path topic subscribers ready for /robot_ec2b/plan
2026-08-18 10:50:27,644 [MainThread] [web_gui.backend.robots.ops] [INFO] ROS2 path topic subscribers stopped
2026-08-18 10:50:33,636 [ThreadPoolExecutor-1_2] [web_gui.backend.robots.ops] [INFO] ROS2 path topic subscribers ready for /robot_ec2b/plan
2026-08-18 10:50:37,665 [ThreadPoolExecutor-1_2] [web_gui.backend.robots.ops] [INFO] ROS2 path topic subscribers stopped
2026-08-18 10:50:40,112 [ThreadPoolExecutor-1_1] [web_gui.backend.robots.ops] [INFO] ROS2 manual IR subscribers ready for /robot_ec2b/ir/image_raw
2026-08-18 10:50:44,941 [ThreadPoolExecutor-1_0] [web_gui.backend.robots.ops] [INFO] ROS2 manual IR subscribers stopped
2026-08-18 10:50:50,540 [ThreadPoolExecutor-1_1] [web_gui.backend.robots.ops] [INFO] ROS2 manual scan subscribers ready for /robot_ec2b/scan_filtered
2026-08-18 10:50:52,005 [ThreadPoolExecutor-1_0] [web_gui.backend.robots.ops] [INFO] ROS2 manual IR subscribers ready for /robot_ec2b/ir/image_raw
2026-08-18 10:50:57,542 [ThreadPoolExecutor-1_0] [web_gui.backend.robots.ops] [INFO] ROS2 manual scan subscribers stopped
2026-08-18 10:50:57,638 [ThreadPoolExecutor-1_1] [web_gui.backend.robots.ops] [INFO] ROS2 manual scan subscribers ready for /robot_ec2b/scan_filtered
2026-08-18 10:50:57,681 [ThreadPoolExecutor-1_0] [web_gui.backend.robots.ops] [INFO] ROS2 manual IR subscribers stopped
2026-08-18 10:50:57,785 [ThreadPoolExecutor-1_1] [web_gui.backend.robots.ops] [INFO] ROS2 path topic subscribers ready for /robot_ec2b/plan
2026-08-18 10:53:18,328 [sse-robot_status] [web_gui.backend.robots.core] [INFO] [OpHistory] Resume existing trip: robot=robot_ec2b op_id=6389
2026-08-18 10:53:39,075 [sse-robot_status] [web_gui.backend.robots.core] [INFO] [OpHistory] Completed: robot=robot_ec2b status=success goal_status=REACHED
2026-08-18 10:53:44,008 [sse-robot_status] [web_gui.backend.robots.core] [INFO] [OpHistory] Started: robot=robot_ec2b source=robot_display op_id=6390
2026-08-18 10:53:57,765 [MainThread] [web_gui.backend.robots.ops] [INFO] ROS2 manual scan subscribers stopped
2026-08-18 10:53:57,782 [MainThread] [web_gui.backend.robots.ops] [INFO] ROS2 path topic subscribers stopped
2026-08-18 10:54:03,311 [sse-robot_status] [web_gui.backend.robots.core] [INFO] [OpHistory] Completed: robot=robot_ec2b status=success goal_status=REACHED
2026-08-18 10:54:26,070 [sse-robot_status] [web_gui.backend.robots.core] [INFO] [OpHistory] Started: robot=robot_ec2b source=robot_display op_id=6391
2026-08-18 10:54:50,358 [sse-robot_status] [web_gui.backend.robots.core] [INFO] [OpHistory] Completed: robot=robot_ec2b status=success goal_status=REACHED
2026-08-18 10:54:56,025 [sse-robot_status] [web_gui.backend.robots.core] [INFO] [OpHistory] Started: robot=robot_ec2b source=robot_display op_id=6392
2026-08-18 10:55:16,467 [sse-robot_status] [web_gui.backend.robots.core] [INFO] [OpHistory] Completed: robot=robot_ec2b status=success goal_status=REACHED
2026-08-18 10:55:22,066 [sse-robot_status] [web_gui.backend.robots.core] [INFO] [OpHistory] Started: robot=robot_ec2b source=robot_display op_id=6393
2026-08-18 10:55:45,355 [sse-robot_status] [web_gui.backend.robots.core] [INFO] [OpHistory] Completed: robot=robot_ec2b status=success goal_status=REACHED
2026-08-18 10:55:51,347 [sse-robot_status] [web_gui.backend.robots.core] [INFO] [OpHistory] Started: robot=robot_ec2b source=robot_display op_id=6394
2026-08-18 10:56:12,018 [sse-robot_status] [web_gui.backend.robots.core] [INFO] [OpHistory] Completed: robot=robot_ec2b status=success goal_status=REACHED
2026-08-18 10:56:17,105 [sse-robot_status] [web_gui.backend.robots.core] [INFO] [OpHistory] Started: robot=robot_ec2b source=robot_display op_id=6395
2026-08-18 10:56:41,304 [sse-robot_status] [web_gui.backend.robots.core] [INFO] [OpHistory] Completed: robot=robot_ec2b status=success goal_status=REACHED
2026-08-18 10:56:47,060 [sse-robot_status] [web_gui.backend.robots.core] [INFO] [OpHistory] Started: robot=robot_ec2b source=robot_display op_id=6396
2026-08-18 10:57:07,047 [sse-robot_status] [web_gui.backend.robots.core] [INFO] [OpHistory] Completed: robot=robot_ec2b status=success goal_status=REACHED
2026-08-18 10:57:13,050 [sse-robot_status] [web_gui.backend.robots.core] [INFO] [OpHistory] Started: robot=robot_ec2b source=robot_display op_id=6397
2026-08-18 10:57:38,018 [sse-robot_status] [web_gui.backend.robots.core] [INFO] [OpHistory] Completed: robot=robot_ec2b status=success goal_status=REACHED
2026-08-18 10:57:44,026 [sse-robot_status] [web_gui.backend.robots.core] [INFO] [OpHistory] Started: robot=robot_ec2b source=robot_display op_id=6398
2026-08-18 10:58:04,033 [sse-robot_status] [web_gui.backend.robots.core] [INFO] [OpHistory] Completed: robot=robot_ec2b status=success goal_status=REACHED
2026-08-18 10:58:10,057 [sse-robot_status] [web_gui.backend.robots.core] [INFO] [OpHistory] Started: robot=robot_ec2b source=robot_display op_id=6399
2026-08-18 10:58:35,329 [sse-robot_status] [web_gui.backend.robots.core] [INFO] [OpHistory] Completed: robot=robot_ec2b status=success goal_status=REACHED
2026-08-18 10:58:40,372 [sse-robot_status] [web_gui.backend.robots.core] [INFO] [OpHistory] Started: robot=robot_ec2b source=robot_display op_id=6400
2026-08-18 10:59:00,489 [sse-robot_status] [web_gui.backend.robots.core] [INFO] [OpHistory] Completed: robot=robot_ec2b status=success goal_status=REACHED
2026-08-18 10:59:06,468 [sse-robot_status] [web_gui.backend.robots.core] [INFO] [OpHistory] Started: robot=robot_ec2b source=robot_display op_id=6401
2026-08-18 10:59:31,026 [sse-robot_status] [web_gui.backend.robots.core] [INFO] [OpHistory] Completed: robot=robot_ec2b status=success goal_status=REACHED
2026-08-18 10:59:36,471 [sse-robot_status] [web_gui.backend.robots.core] [INFO] [OpHistory] Started: robot=robot_ec2b source=robot_display op_id=6402
2026-08-18 10:59:57,035 [sse-robot_status] [web_gui.backend.robots.core] [INFO] [OpHistory] Completed: robot=robot_ec2b status=success goal_status=REACHED
2026-08-18 11:00:02,394 [ThreadPoolExecutor-1_0] [web_gui.backend.robots.ops] [INFO] ROS2 path topic subscribers ready for /robot_ec2b/plan
2026-08-18 11:00:02,510 [sse-robot_status] [web_gui.backend.robots.core] [INFO] [OpHistory] Started: robot=robot_ec2b source=robot_display op_id=6403
2026-08-18 11:00:25,465 [sse-robot_status] [web_gui.backend.robots.core] [INFO] [OpHistory] Completed: robot=robot_ec2b status=success goal_status=REACHED
2026-08-18 11:00:25,475 [ThreadPoolExecutor-1_2] [web_gui.backend.robots.ops] [INFO] ROS2 path topic subscribers stopped
2026-08-18 11:00:31,186 [ThreadPoolExecutor-1_1] [web_gui.backend.robots.ops] [INFO] ROS2 path topic subscribers ready for /robot_ec2b/plan
2026-08-18 11:00:31,514 [sse-robot_status] [web_gui.backend.robots.core] [INFO] [OpHistory] Started: robot=robot_ec2b source=robot_display op_id=6404
2026-08-18 11:00:51,472 [sse-robot_status] [web_gui.backend.robots.core] [INFO] [OpHistory] Completed: robot=robot_ec2b status=success goal_status=REACHED
2026-08-18 11:00:51,485 [ThreadPoolExecutor-1_1] [web_gui.backend.robots.ops] [INFO] ROS2 path topic subscribers stopped
2026-08-18 11:00:57,057 [sse-robot_status] [web_gui.backend.robots.core] [INFO] [OpHistory] Started: robot=robot_ec2b source=robot_display op_id=6405
2026-08-18 11:00:57,199 [ThreadPoolExecutor-1_2] [web_gui.backend.robots.ops] [INFO] ROS2 path topic subscribers ready for /robot_ec2b/plan
2026-08-18 11:01:22,019 [sse-robot_status] [web_gui.backend.robots.core] [INFO] [OpHistory] Completed: robot=robot_ec2b status=success goal_status=REACHED
2026-08-18 11:01:22,028 [ThreadPoolExecutor-1_3] [web_gui.backend.robots.ops] [INFO] ROS2 path topic subscribers stopped
2026-08-18 11:01:27,079 [sse-robot_status] [web_gui.backend.robots.core] [INFO] [OpHistory] Started: robot=robot_ec2b source=robot_display op_id=6406
2026-08-18 11:01:27,176 [ThreadPoolExecutor-1_1] [web_gui.backend.robots.ops] [INFO] ROS2 path topic subscribers ready for /robot_ec2b/plan
2026-08-18 11:01:47,518 [sse-robot_status] [web_gui.backend.robots.core] [INFO] [OpHistory] Completed: robot=robot_ec2b status=success goal_status=REACHED
2026-08-18 11:01:47,526 [ThreadPoolExecutor-1_2] [web_gui.backend.robots.ops] [INFO] ROS2 path topic subscribers stopped
2026-08-18 11:01:53,081 [sse-robot_status] [web_gui.backend.robots.core] [INFO] [OpHistory] Started: robot=robot_ec2b source=robot_display op_id=6407
2026-08-18 11:01:53,142 [ThreadPoolExecutor-1_3] [web_gui.backend.robots.ops] [INFO] ROS2 path topic subscribers ready for /robot_ec2b/plan
2026-08-18 11:02:16,034 [sse-robot_status] [web_gui.backend.robots.core] [INFO] [OpHistory] Completed: robot=robot_ec2b status=success goal_status=REACHED
2026-08-18 11:02:16,049 [ThreadPoolExecutor-1_1] [web_gui.backend.robots.ops] [INFO] ROS2 path topic subscribers stopped
2026-08-18 11:02:21,016 [sse-robot_status] [web_gui.backend.robots.core] [INFO] [OpHistory] Started: robot=robot_ec2b source=robot_display op_id=6408
2026-08-18 11:02:21,069 [ThreadPoolExecutor-1_2] [web_gui.backend.robots.ops] [INFO] ROS2 path topic subscribers ready for /robot_ec2b/plan
2026-08-18 11:02:41,455 [sse-robot_status] [web_gui.backend.robots.core] [INFO] [OpHistory] Completed: robot=robot_ec2b status=success goal_status=REACHED
2026-08-18 11:02:41,466 [ThreadPoolExecutor-1_1] [web_gui.backend.robots.ops] [INFO] ROS2 path topic subscribers stopped
2026-08-18 11:02:47,091 [sse-robot_status] [web_gui.backend.robots.core] [INFO] [OpHistory] Started: robot=robot_ec2b source=robot_display op_id=6409
2026-08-18 11:02:47,155 [ThreadPoolExecutor-1_0] [web_gui.backend.robots.ops] [INFO] ROS2 path topic subscribers ready for /robot_ec2b/plan
2026-08-18 11:03:07,527 [sse-robot_status] [web_gui.backend.robots.core] [INFO] [OpHistory] Completed: robot=robot_ec2b status=success goal_status=REACHED
2026-08-18 11:03:07,538 [ThreadPoolExecutor-1_3] [web_gui.backend.robots.ops] [INFO] ROS2 path topic subscribers stopped
2026-08-18 11:03:13,038 [sse-robot_status] [web_gui.backend.robots.core] [INFO] [OpHistory] Started: robot=robot_ec2b source=robot_display op_id=6410
2026-08-18 11:03:13,133 [ThreadPoolExecutor-1_1] [web_gui.backend.robots.ops] [INFO] ROS2 path topic subscribers ready for /robot_ec2b/plan
2026-08-18 11:03:33,570 [sse-robot_status] [web_gui.backend.robots.core] [INFO] [OpHistory] Completed: robot=robot_ec2b status=success goal_status=REACHED
2026-08-18 11:03:33,595 [ThreadPoolExecutor-1_0] [web_gui.backend.robots.ops] [INFO] ROS2 path topic subscribers stopped
2026-08-18 11:03:39,072 [sse-robot_status] [web_gui.backend.robots.core] [INFO] [OpHistory] Started: robot=robot_ec2b source=robot_display op_id=6411
2026-08-18 11:03:39,159 [ThreadPoolExecutor-1_3] [web_gui.backend.robots.ops] [INFO] ROS2 path topic subscribers ready for /robot_ec2b/plan
2026-08-18 11:04:04,051 [sse-robot_status] [web_gui.backend.robots.core] [INFO] [OpHistory] Completed: robot=robot_ec2b status=success goal_status=REACHED
2026-08-18 11:04:04,151 [ThreadPoolExecutor-1_2] [web_gui.backend.robots.ops] [INFO] ROS2 path topic subscribers stopped
2026-08-18 11:04:10,052 [sse-robot_status] [web_gui.backend.robots.core] [INFO] [OpHistory] Started: robot=robot_ec2b source=robot_display op_id=6412
2026-08-18 11:04:10,188 [ThreadPoolExecutor-1_0] [web_gui.backend.robots.ops] [INFO] ROS2 path topic subscribers ready for /robot_ec2b/plan
2026-08-18 11:04:30,476 [sse-robot_status] [web_gui.backend.robots.core] [INFO] [OpHistory] Completed: robot=robot_ec2b status=success goal_status=REACHED
2026-08-18 11:04:30,489 [ThreadPoolExecutor-1_2] [web_gui.backend.robots.ops] [INFO] ROS2 path topic subscribers stopped
2026-08-18 11:04:35,505 [ThreadPoolExecutor-1_1] [web_gui.backend.robots.ops] [INFO] ROS2 path topic subscribers ready for /robot_ec2b/plan
2026-08-18 11:04:36,067 [sse-robot_status] [web_gui.backend.robots.core] [INFO] [OpHistory] Started: robot=robot_ec2b source=robot_display op_id=6413
2026-08-18 11:05:01,052 [sse-robot_status] [web_gui.backend.robots.core] [INFO] [OpHistory] Completed: robot=robot_ec2b status=success goal_status=REACHED
2026-08-18 11:05:01,059 [ThreadPoolExecutor-1_0] [web_gui.backend.robots.ops] [INFO] ROS2 path topic subscribers stopped
2026-08-18 11:05:06,344 [ThreadPoolExecutor-1_2] [web_gui.backend.robots.ops] [INFO] ROS2 path topic subscribers ready for /robot_ec2b/plan
2026-08-18 11:05:06,490 [sse-robot_status] [web_gui.backend.robots.core] [INFO] [OpHistory] Started: robot=robot_ec2b source=robot_display op_id=6414
2026-08-18 11:05:27,077 [sse-robot_status] [web_gui.backend.robots.core] [INFO] [OpHistory] Completed: robot=robot_ec2b status=success goal_status=REACHED
2026-08-18 11:05:27,086 [ThreadPoolExecutor-1_1] [web_gui.backend.robots.ops] [INFO] ROS2 path topic subscribers stopped
2026-08-18 11:05:32,333 [ThreadPoolExecutor-1_3] [web_gui.backend.robots.ops] [INFO] ROS2 path topic subscribers ready for /robot_ec2b/plan
2026-08-18 11:05:32,528 [sse-robot_status] [web_gui.backend.robots.core] [INFO] [OpHistory] Started: robot=robot_ec2b source=robot_display op_id=6415
2026-08-18 11:05:57,527 [sse-robot_status] [web_gui.backend.robots.core] [INFO] [OpHistory] Completed: robot=robot_ec2b status=success goal_status=REACHED
2026-08-18 11:05:57,538 [ThreadPoolExecutor-1_0] [web_gui.backend.robots.ops] [INFO] ROS2 path topic subscribers stopped
2026-08-18 11:06:03,444 [ThreadPoolExecutor-1_0] [web_gui.backend.robots.ops] [INFO] ROS2 path topic subscribers ready for /robot_ec2b/plan
2026-08-18 11:06:03,545 [sse-robot_status] [web_gui.backend.robots.core] [INFO] [OpHistory] Started: robot=robot_ec2b source=robot_display op_id=6416
2026-08-18 11:06:24,477 [sse-robot_status] [web_gui.backend.robots.core] [INFO] [OpHistory] Completed: robot=robot_ec2b status=success goal_status=REACHED
2026-08-18 11:06:24,492 [ThreadPoolExecutor-1_3] [web_gui.backend.robots.ops] [INFO] ROS2 path topic subscribers stopped
2026-08-18 11:06:30,348 [ThreadPoolExecutor-1_3] [web_gui.backend.robots.ops] [INFO] ROS2 path topic subscribers ready for /robot_ec2b/plan
2026-08-18 11:06:30,578 [sse-robot_status] [web_gui.backend.robots.core] [INFO] [OpHistory] Started: robot=robot_ec2b source=robot_display op_id=6417
2026-08-18 11:06:55,614 [sse-robot_status] [web_gui.backend.robots.core] [INFO] [OpHistory] Completed: robot=robot_ec2b status=success goal_status=REACHED
2026-08-18 11:06:55,632 [ThreadPoolExecutor-1_3] [web_gui.backend.robots.ops] [INFO] ROS2 path topic subscribers stopped
2026-08-18 11:07:01,092 [ThreadPoolExecutor-1_1] [web_gui.backend.robots.ops] [INFO] ROS2 path topic subscribers ready for /robot_ec2b/plan
2026-08-18 11:07:01,515 [sse-robot_status] [web_gui.backend.robots.core] [INFO] [OpHistory] Started: robot=robot_ec2b source=robot_display op_id=6418
2026-08-18 11:07:22,055 [sse-robot_status] [web_gui.backend.robots.core] [INFO] [OpHistory] Completed: robot=robot_ec2b status=success goal_status=REACHED
2026-08-18 11:07:22,065 [ThreadPoolExecutor-1_1] [web_gui.backend.robots.ops] [INFO] ROS2 path topic subscribers stopped
2026-08-18 11:07:27,022 [ThreadPoolExecutor-1_2] [web_gui.backend.robots.ops] [INFO] ROS2 path topic subscribers ready for /robot_ec2b/plan
2026-08-18 11:07:27,512 [sse-robot_status] [web_gui.backend.robots.core] [INFO] [OpHistory] Started: robot=robot_ec2b source=robot_display op_id=6419
2026-08-18 11:07:50,016 [sse-robot_status] [web_gui.backend.robots.core] [INFO] [OpHistory] Completed: robot=robot_ec2b status=success goal_status=REACHED
2026-08-18 11:07:50,025 [ThreadPoolExecutor-1_1] [web_gui.backend.robots.ops] [INFO] ROS2 path topic subscribers stopped
2026-08-18 11:07:55,048 [sse-robot_status] [web_gui.backend.robots.core] [INFO] [OpHistory] Started: robot=robot_ec2b source=robot_display op_id=6420
2026-08-18 11:07:55,095 [ThreadPoolExecutor-1_3] [web_gui.backend.robots.ops] [INFO] ROS2 path topic subscribers ready for /robot_ec2b/plan
2026-08-18 11:08:15,478 [sse-robot_status] [web_gui.backend.robots.core] [INFO] [OpHistory] Completed: robot=robot_ec2b status=success goal_status=REACHED
2026-08-18 11:08:15,491 [ThreadPoolExecutor-1_0] [web_gui.backend.robots.ops] [INFO] ROS2 path topic subscribers stopped
2026-08-18 11:08:21,044 [ThreadPoolExecutor-1_1] [web_gui.backend.robots.ops] [INFO] ROS2 path topic subscribers ready for /robot_ec2b/plan
2026-08-18 11:08:21,498 [sse-robot_status] [web_gui.backend.robots.core] [INFO] [OpHistory] Started: robot=robot_ec2b source=robot_display op_id=6421
2026-08-18 11:08:44,452 [sse-robot_status] [web_gui.backend.robots.core] [INFO] [OpHistory] Completed: robot=robot_ec2b status=success goal_status=REACHED
2026-08-18 11:08:44,491 [ThreadPoolExecutor-1_3] [web_gui.backend.robots.ops] [INFO] ROS2 path topic subscribers stopped
2026-08-18 11:08:50,049 [sse-robot_status] [web_gui.backend.robots.core] [INFO] [OpHistory] Started: robot=robot_ec2b source=robot_display op_id=6422
2026-08-18 11:08:50,083 [ThreadPoolExecutor-1_2] [web_gui.backend.robots.ops] [INFO] ROS2 path topic subscribers ready for /robot_ec2b/plan
2026-08-18 11:09:11,024 [sse-robot_status] [web_gui.backend.robots.core] [INFO] [OpHistory] Completed: robot=robot_ec2b status=success goal_status=REACHED
2026-08-18 11:09:11,033 [ThreadPoolExecutor-1_0] [web_gui.backend.robots.ops] [INFO] ROS2 path topic subscribers stopped
2026-08-18 11:09:16,047 [sse-robot_status] [web_gui.backend.robots.core] [INFO] [OpHistory] Started: robot=robot_ec2b source=robot_display op_id=6423
2026-08-18 11:09:16,092 [ThreadPoolExecutor-1_1] [web_gui.backend.robots.ops] [INFO] ROS2 path topic subscribers ready for /robot_ec2b/plan
2026-08-18 11:09:41,515 [sse-robot_status] [web_gui.backend.robots.core] [INFO] [OpHistory] Completed: robot=robot_ec2b status=success goal_status=REACHED
2026-08-18 11:09:41,520 [ThreadPoolExecutor-1_2] [web_gui.backend.robots.ops] [INFO] ROS2 path topic subscribers stopped
2026-08-18 11:09:47,124 [sse-robot_status] [web_gui.backend.robots.core] [INFO] [OpHistory] Started: robot=robot_ec2b source=robot_display op_id=6424
2026-08-18 11:09:47,195 [ThreadPoolExecutor-1_3] [web_gui.backend.robots.ops] [INFO] ROS2 path topic subscribers ready for /robot_ec2b/plan
2026-08-18 11:10:07,490 [sse-robot_status] [web_gui.backend.robots.core] [INFO] [OpHistory] Completed: robot=robot_ec2b status=success goal_status=REACHED
2026-08-18 11:10:07,543 [ThreadPoolExecutor-1_0] [web_gui.backend.robots.ops] [INFO] ROS2 path topic subscribers stopped
2026-08-18 11:10:13,050 [sse-robot_status] [web_gui.backend.robots.core] [INFO] [OpHistory] Started: robot=robot_ec2b source=robot_display op_id=6425
2026-08-18 11:10:13,108 [ThreadPoolExecutor-1_3] [web_gui.backend.robots.ops] [INFO] ROS2 path topic subscribers ready for /robot_ec2b/plan
2026-08-18 11:10:38,493 [sse-robot_status] [web_gui.backend.robots.core] [INFO] [OpHistory] Completed: robot=robot_ec2b status=success goal_status=REACHED
2026-08-18 11:10:38,536 [ThreadPoolExecutor-1_2] [web_gui.backend.robots.ops] [INFO] ROS2 path topic subscribers stopped
2026-08-18 11:10:44,070 [sse-robot_status] [web_gui.backend.robots.core] [INFO] [OpHistory] Started: robot=robot_ec2b source=robot_display op_id=6426
2026-08-18 11:10:44,114 [ThreadPoolExecutor-1_1] [web_gui.backend.robots.ops] [INFO] ROS2 path topic subscribers ready for /robot_ec2b/plan
2026-08-18 11:11:05,056 [sse-robot_status] [web_gui.backend.robots.core] [INFO] [OpHistory] Completed: robot=robot_ec2b status=success goal_status=REACHED
2026-08-18 11:11:05,062 [ThreadPoolExecutor-1_1] [web_gui.backend.robots.ops] [INFO] ROS2 path topic subscribers stopped
2026-08-18 11:11:11,064 [sse-robot_status] [web_gui.backend.robots.core] [INFO] [OpHistory] Started: robot=robot_ec2b source=robot_display op_id=6427
2026-08-18 11:11:11,109 [ThreadPoolExecutor-1_0] [web_gui.backend.robots.ops] [INFO] ROS2 path topic subscribers ready for /robot_ec2b/plan
2026-08-18 11:11:36,040 [sse-robot_status] [web_gui.backend.robots.core] [INFO] [OpHistory] Completed: robot=robot_ec2b status=success goal_status=REACHED
2026-08-18 11:11:36,055 [ThreadPoolExecutor-1_2] [web_gui.backend.robots.ops] [INFO] ROS2 path topic subscribers stopped
2026-08-18 11:11:41,609 [ThreadPoolExecutor-1_3] [web_gui.backend.robots.ops] [INFO] ROS2 path topic subscribers ready for /robot_ec2b/plan
2026-08-18 11:11:42,047 [sse-robot_status] [web_gui.backend.robots.core] [INFO] [OpHistory] Started: robot=robot_ec2b source=robot_display op_id=6428
2026-08-18 11:12:02,037 [sse-robot_status] [web_gui.backend.robots.core] [INFO] [OpHistory] Completed: robot=robot_ec2b status=success goal_status=REACHED
2026-08-18 11:12:02,044 [ThreadPoolExecutor-1_0] [web_gui.backend.robots.ops] [INFO] ROS2 path topic subscribers stopped
2026-08-18 11:12:07,507 [ThreadPoolExecutor-1_0] [web_gui.backend.robots.ops] [INFO] ROS2 path topic subscribers ready for /robot_ec2b/plan
2026-08-18 11:12:08,065 [sse-robot_status] [web_gui.backend.robots.core] [INFO] [OpHistory] Started: robot=robot_ec2b source=robot_display op_id=6429
2026-08-18 11:12:20,818 [flask-wsgi_2] [web_gui.backend.robots.inventory] [ERROR] [RobotManager] Fetch robots_home_pose error: ('Connection aborted.', RemoteDisconnected('Remote end closed connection without response'))
2026-08-18 11:12:33,003 [sse-robot_status] [web_gui.backend.robots.core] [INFO] [OpHistory] Completed: robot=robot_ec2b status=success goal_status=REACHED
2026-08-18 11:12:33,013 [ThreadPoolExecutor-1_3] [web_gui.backend.robots.ops] [INFO] ROS2 path topic subscribers stopped
2026-08-18 11:12:38,377 [ThreadPoolExecutor-1_1] [web_gui.backend.robots.ops] [INFO] ROS2 path topic subscribers ready for /robot_ec2b/plan
2026-08-18 11:12:38,493 [sse-robot_status] [web_gui.backend.robots.core] [INFO] [OpHistory] Started: robot=robot_ec2b source=robot_display op_id=6430
2026-08-18 11:12:59,040 [sse-robot_status] [web_gui.backend.robots.core] [INFO] [OpHistory] Completed: robot=robot_ec2b status=success goal_status=REACHED
2026-08-18 11:12:59,135 [ThreadPoolExecutor-1_2] [web_gui.backend.robots.ops] [INFO] ROS2 path topic subscribers stopped
2026-08-18 11:13:04,353 [ThreadPoolExecutor-1_3] [web_gui.backend.robots.ops] [INFO] ROS2 path topic subscribers ready for /robot_ec2b/plan
2026-08-18 11:13:04,519 [sse-robot_status] [web_gui.backend.robots.core] [INFO] [OpHistory] Started: robot=robot_ec2b source=robot_display op_id=6431
2026-08-18 11:13:20,903 [flask-wsgi_1] [web_gui.backend.robots.inventory] [ERROR] [RobotManager] Fetch robots_home_pose error: ('Connection aborted.', RemoteDisconnected('Remote end closed connection without response'))
2026-08-18 11:13:29,515 [sse-robot_status] [web_gui.backend.robots.core] [INFO] [OpHistory] Completed: robot=robot_ec2b status=success goal_status=REACHED
2026-08-18 11:13:29,526 [ThreadPoolExecutor-1_0] [web_gui.backend.robots.ops] [INFO] ROS2 path topic subscribers stopped
2026-08-18 11:13:35,397 [ThreadPoolExecutor-1_0] [web_gui.backend.robots.ops] [INFO] ROS2 path topic subscribers ready for /robot_ec2b/plan
2026-08-18 11:13:35,521 [sse-robot_status] [web_gui.backend.robots.core] [INFO] [OpHistory] Started: robot=robot_ec2b source=robot_display op_id=6432
2026-08-18 11:13:56,027 [sse-robot_status] [web_gui.backend.robots.core] [INFO] [OpHistory] Completed: robot=robot_ec2b status=success goal_status=REACHED
2026-08-18 11:13:56,036 [ThreadPoolExecutor-1_1] [web_gui.backend.robots.ops] [INFO] ROS2 path topic subscribers stopped
2026-08-18 11:14:01,079 [ThreadPoolExecutor-1_2] [web_gui.backend.robots.ops] [INFO] ROS2 path topic subscribers ready for /robot_ec2b/plan
2026-08-18 11:14:01,517 [sse-robot_status] [web_gui.backend.robots.core] [INFO] [OpHistory] Started: robot=robot_ec2b source=robot_display op_id=6433
2026-08-18 11:14:29,529 [sse-robot_status] [web_gui.backend.robots.core] [INFO] [OpHistory] Completed: robot=robot_ec2b status=success goal_status=REACHED
2026-08-18 11:14:29,540 [ThreadPoolExecutor-1_2] [web_gui.backend.robots.ops] [INFO] ROS2 path topic subscribers stopped
2026-08-18 11:14:35,046 [sse-robot_status] [web_gui.backend.robots.core] [INFO] [OpHistory] Started: robot=robot_ec2b source=robot_display op_id=6434
2026-08-18 11:14:35,113 [ThreadPoolExecutor-1_3] [web_gui.backend.robots.ops] [INFO] ROS2 path topic subscribers ready for /robot_ec2b/plan
2026-08-18 11:14:55,485 [sse-robot_status] [web_gui.backend.robots.core] [INFO] [OpHistory] Completed: robot=robot_ec2b status=success goal_status=REACHED
2026-08-18 11:14:55,495 [ThreadPoolExecutor-1_3] [web_gui.backend.robots.ops] [INFO] ROS2 path topic subscribers stopped
2026-08-18 11:15:01,050 [sse-robot_status] [web_gui.backend.robots.core] [INFO] [OpHistory] Started: robot=robot_ec2b source=robot_display op_id=6435
2026-08-18 11:15:01,129 [ThreadPoolExecutor-1_1] [web_gui.backend.robots.ops] [INFO] ROS2 path topic subscribers ready for /robot_ec2b/plan
2026-08-18 11:15:26,034 [sse-robot_status] [web_gui.backend.robots.core] [INFO] [OpHistory] Completed: robot=robot_ec2b status=success goal_status=REACHED
2026-08-18 11:15:26,079 [ThreadPoolExecutor-1_3] [web_gui.backend.robots.ops] [INFO] ROS2 path topic subscribers stopped
2026-08-18 11:15:32,027 [sse-robot_status] [web_gui.backend.robots.core] [INFO] [OpHistory] Started: robot=robot_ec2b source=robot_display op_id=6436
2026-08-18 11:15:32,071 [ThreadPoolExecutor-1_1] [web_gui.backend.robots.ops] [INFO] ROS2 path topic subscribers ready for /robot_ec2b/plan
2026-08-18 11:15:52,483 [sse-robot_status] [web_gui.backend.robots.core] [INFO] [OpHistory] Completed: robot=robot_ec2b status=success goal_status=REACHED
2026-08-18 11:15:52,493 [ThreadPoolExecutor-1_2] [web_gui.backend.robots.ops] [INFO] ROS2 path topic subscribers stopped
2026-08-18 11:15:58,009 [sse-robot_status] [web_gui.backend.robots.core] [INFO] [OpHistory] Started: robot=robot_ec2b source=robot_display op_id=6437
2026-08-18 11:15:58,038 [ThreadPoolExecutor-1_1] [web_gui.backend.robots.ops] [INFO] ROS2 path topic subscribers ready for /robot_ec2b/plan
2026-08-18 11:16:24,451 [sse-robot_status] [web_gui.backend.robots.core] [INFO] [OpHistory] Completed: robot=robot_ec2b status=success goal_status=REACHED
2026-08-18 11:16:24,466 [ThreadPoolExecutor-1_3] [web_gui.backend.robots.ops] [INFO] ROS2 path topic subscribers stopped
2026-08-18 11:16:29,509 [ThreadPoolExecutor-1_0] [web_gui.backend.robots.ops] [INFO] ROS2 path topic subscribers ready for /robot_ec2b/plan
2026-08-18 11:16:30,060 [sse-robot_status] [web_gui.backend.robots.core] [INFO] [OpHistory] Started: robot=robot_ec2b source=robot_display op_id=6438
2026-08-18 11:16:50,037 [sse-robot_status] [web_gui.backend.robots.core] [INFO] [OpHistory] Completed: robot=robot_ec2b status=success goal_status=REACHED
2026-08-18 11:16:50,051 [ThreadPoolExecutor-1_3] [web_gui.backend.robots.ops] [INFO] ROS2 path topic subscribers stopped
2026-08-18 11:16:55,493 [ThreadPoolExecutor-1_1] [web_gui.backend.robots.ops] [INFO] ROS2 path topic subscribers ready for /robot_ec2b/plan
2026-08-18 11:16:56,058 [sse-robot_status] [web_gui.backend.robots.core] [INFO] [OpHistory] Started: robot=robot_ec2b source=robot_display op_id=6439
2026-08-18 11:17:01,271 [flask-wsgi_4] [web_gui.backend.robots.inventory] [ERROR] [RobotManager] Fetch robots_home_pose error: ('Connection aborted.', RemoteDisconnected('Remote end closed connection without response'))
2026-08-18 11:17:21,045 [sse-robot_status] [web_gui.backend.robots.core] [INFO] [OpHistory] Completed: robot=robot_ec2b status=success goal_status=REACHED
2026-08-18 11:17:21,098 [ThreadPoolExecutor-1_2] [web_gui.backend.robots.ops] [INFO] ROS2 path topic subscribers stopped
2026-08-18 11:17:26,361 [ThreadPoolExecutor-1_1] [web_gui.backend.robots.ops] [INFO] ROS2 path topic subscribers ready for /robot_ec2b/plan
2026-08-18 11:17:26,517 [sse-robot_status] [web_gui.backend.robots.core] [INFO] [OpHistory] Started: robot=robot_ec2b source=robot_display op_id=6440
2026-08-18 11:17:47,057 [sse-robot_status] [web_gui.backend.robots.core] [INFO] [OpHistory] Completed: robot=robot_ec2b status=success goal_status=REACHED
2026-08-18 11:17:47,065 [ThreadPoolExecutor-1_1] [web_gui.backend.robots.ops] [INFO] ROS2 path topic subscribers stopped
2026-08-18 11:17:52,343 [ThreadPoolExecutor-1_3] [web_gui.backend.robots.ops] [INFO] ROS2 path topic subscribers ready for /robot_ec2b/plan
2026-08-18 11:17:52,502 [sse-robot_status] [web_gui.backend.robots.core] [INFO] [OpHistory] Started: robot=robot_ec2b source=robot_display op_id=6441
2026-08-18 11:18:15,448 [sse-robot_status] [web_gui.backend.robots.core] [INFO] [OpHistory] Completed: robot=robot_ec2b status=success goal_status=REACHED
2026-08-18 11:18:15,454 [ThreadPoolExecutor-1_1] [web_gui.backend.robots.ops] [INFO] ROS2 path topic subscribers stopped
2026-08-18 11:18:21,336 [ThreadPoolExecutor-1_1] [web_gui.backend.robots.ops] [INFO] ROS2 path topic subscribers ready for /robot_ec2b/plan
2026-08-18 11:18:21,507 [sse-robot_status] [web_gui.backend.robots.core] [INFO] [OpHistory] Started: robot=robot_ec2b source=robot_display op_id=6442
2026-08-18 11:18:41,494 [sse-robot_status] [web_gui.backend.robots.core] [INFO] [OpHistory] Completed: robot=robot_ec2b status=success goal_status=REACHED
2026-08-18 11:18:41,507 [ThreadPoolExecutor-1_1] [web_gui.backend.robots.ops] [INFO] ROS2 path topic subscribers stopped
2026-08-18 11:18:47,084 [ThreadPoolExecutor-1_0] [web_gui.backend.robots.ops] [INFO] ROS2 path topic subscribers ready for /robot_ec2b/plan
2026-08-18 11:18:47,579 [sse-robot_status] [web_gui.backend.robots.core] [INFO] [OpHistory] Started: robot=robot_ec2b source=robot_display op_id=6443
2026-08-18 11:19:10,030 [sse-robot_status] [web_gui.backend.robots.core] [INFO] [OpHistory] Completed: robot=robot_ec2b status=success goal_status=REACHED
2026-08-18 11:19:10,040 [ThreadPoolExecutor-1_1] [web_gui.backend.robots.ops] [INFO] ROS2 path topic subscribers stopped
2026-08-18 11:19:16,010 [sse-robot_status] [web_gui.backend.robots.core] [INFO] [OpHistory] Started: robot=robot_ec2b source=robot_display op_id=6444
2026-08-18 11:19:16,141 [ThreadPoolExecutor-1_3] [web_gui.backend.robots.ops] [INFO] ROS2 path topic subscribers ready for /robot_ec2b/plan
2026-08-18 11:19:36,517 [sse-robot_status] [web_gui.backend.robots.core] [INFO] [OpHistory] Completed: robot=robot_ec2b status=success goal_status=REACHED
2026-08-18 11:19:36,524 [ThreadPoolExecutor-1_2] [web_gui.backend.robots.ops] [INFO] ROS2 path topic subscribers stopped
2026-08-18 11:19:42,025 [sse-robot_status] [web_gui.backend.robots.core] [INFO] [OpHistory] Started: robot=robot_ec2b source=robot_display op_id=6445
2026-08-18 11:19:42,067 [ThreadPoolExecutor-1_1] [web_gui.backend.robots.ops] [INFO] ROS2 path topic subscribers ready for /robot_ec2b/plan
2026-08-18 11:20:02,518 [sse-robot_status] [web_gui.backend.robots.core] [INFO] [OpHistory] Completed: robot=robot_ec2b status=success goal_status=REACHED
2026-08-18 11:20:02,528 [ThreadPoolExecutor-1_3] [web_gui.backend.robots.ops] [INFO] ROS2 path topic subscribers stopped
2026-08-18 11:20:08,033 [sse-robot_status] [web_gui.backend.robots.core] [INFO] [OpHistory] Started: robot=robot_ec2b source=robot_display op_id=6446
2026-08-18 11:20:08,092 [ThreadPoolExecutor-1_0] [web_gui.backend.robots.ops] [INFO] ROS2 path topic subscribers ready for /robot_ec2b/plan
2026-08-18 11:20:28,496 [sse-robot_status] [web_gui.backend.robots.core] [INFO] [OpHistory] Completed: robot=robot_ec2b status=success goal_status=REACHED
2026-08-18 11:20:28,505 [ThreadPoolExecutor-1_2] [web_gui.backend.robots.ops] [INFO] ROS2 path topic subscribers stopped
2026-08-18 11:20:34,033 [sse-robot_status] [web_gui.backend.robots.core] [INFO] [OpHistory] Started: robot=robot_ec2b source=robot_display op_id=6447
2026-08-18 11:20:34,132 [ThreadPoolExecutor-1_3] [web_gui.backend.robots.ops] [INFO] ROS2 path topic subscribers ready for /robot_ec2b/plan
2026-08-18 11:20:58,474 [sse-robot_status] [web_gui.backend.robots.core] [INFO] [OpHistory] Completed: robot=robot_ec2b status=success goal_status=REACHED
2026-08-18 11:20:58,489 [ThreadPoolExecutor-1_3] [web_gui.backend.robots.ops] [INFO] ROS2 path topic subscribers stopped
2026-08-18 11:21:03,468 [ThreadPoolExecutor-1_1] [web_gui.backend.robots.ops] [INFO] ROS2 path topic subscribers ready for /robot_ec2b/plan
2026-08-18 11:21:04,037 [sse-robot_status] [web_gui.backend.robots.core] [INFO] [OpHistory] Started: robot=robot_ec2b source=robot_display op_id=6448
2026-08-18 11:21:24,018 [sse-robot_status] [web_gui.backend.robots.core] [INFO] [OpHistory] Completed: robot=robot_ec2b status=success goal_status=REACHED
2026-08-18 11:21:24,128 [ThreadPoolExecutor-1_3] [web_gui.backend.robots.ops] [INFO] ROS2 path topic subscribers stopped
2026-08-18 11:21:29,477 [sse-robot_status] [web_gui.backend.robots.core] [INFO] [OpHistory] Started: robot=robot_ec2b source=robot_display op_id=6449
2026-08-18 11:21:29,517 [ThreadPoolExecutor-1_0] [web_gui.backend.robots.ops] [INFO] ROS2 path topic subscribers ready for /robot_ec2b/plan
2026-08-18 11:21:55,504 [sse-robot_status] [web_gui.backend.robots.core] [INFO] [OpHistory] Completed: robot=robot_ec2b status=success goal_status=REACHED
2026-08-18 11:21:55,511 [ThreadPoolExecutor-1_1] [web_gui.backend.robots.ops] [INFO] ROS2 path topic subscribers stopped
2026-08-18 11:22:00,331 [ThreadPoolExecutor-1_0] [web_gui.backend.robots.ops] [INFO] ROS2 path topic subscribers ready for /robot_ec2b/plan
2026-08-18 11:22:00,493 [sse-robot_status] [web_gui.backend.robots.core] [INFO] [OpHistory] Started: robot=robot_ec2b source=robot_display op_id=6450
2026-08-18 11:22:21,034 [sse-robot_status] [web_gui.backend.robots.core] [INFO] [OpHistory] Completed: robot=robot_ec2b status=success goal_status=REACHED
2026-08-18 11:22:21,055 [ThreadPoolExecutor-1_1] [web_gui.backend.robots.ops] [INFO] ROS2 path topic subscribers stopped
2026-08-18 11:22:26,478 [sse-robot_status] [web_gui.backend.robots.core] [INFO] [OpHistory] Started: robot=robot_ec2b source=robot_display op_id=6451
2026-08-18 11:22:26,530 [ThreadPoolExecutor-1_0] [web_gui.backend.robots.ops] [INFO] ROS2 path topic subscribers ready for /robot_ec2b/plan
2026-08-18 11:22:52,028 [sse-robot_status] [web_gui.backend.robots.core] [INFO] [OpHistory] Completed: robot=robot_ec2b status=success goal_status=REACHED
2026-08-18 11:22:52,034 [ThreadPoolExecutor-1_3] [web_gui.backend.robots.ops] [INFO] ROS2 path topic subscribers stopped
2026-08-18 11:22:57,346 [ThreadPoolExecutor-1_2] [web_gui.backend.robots.ops] [INFO] ROS2 path topic subscribers ready for /robot_ec2b/plan
2026-08-18 11:22:57,513 [sse-robot_status] [web_gui.backend.robots.core] [INFO] [OpHistory] Started: robot=robot_ec2b source=robot_display op_id=6452
2026-08-18 11:23:18,051 [sse-robot_status] [web_gui.backend.robots.core] [INFO] [OpHistory] Completed: robot=robot_ec2b status=success goal_status=REACHED
2026-08-18 11:23:18,076 [ThreadPoolExecutor-1_0] [web_gui.backend.robots.ops] [INFO] ROS2 path topic subscribers stopped
2026-08-18 11:23:23,465 [ThreadPoolExecutor-1_2] [web_gui.backend.robots.ops] [INFO] ROS2 path topic subscribers ready for /robot_ec2b/plan
2026-08-18 11:23:23,635 [sse-robot_status] [web_gui.backend.robots.core] [INFO] [OpHistory] Started: robot=robot_ec2b source=robot_display op_id=6453
2026-08-18 11:23:46,006 [sse-robot_status] [web_gui.backend.robots.core] [INFO] [OpHistory] Completed: robot=robot_ec2b status=success goal_status=REACHED
2026-08-18 11:23:46,014 [ThreadPoolExecutor-1_2] [web_gui.backend.robots.ops] [INFO] ROS2 path topic subscribers stopped
2026-08-18 11:23:51,483 [ThreadPoolExecutor-1_0] [web_gui.backend.robots.ops] [INFO] ROS2 path topic subscribers ready for /robot_ec2b/plan
2026-08-18 11:23:51,534 [sse-robot_status] [web_gui.backend.robots.core] [INFO] [OpHistory] Started: robot=robot_ec2b source=robot_display op_id=6454
2026-08-18 11:24:12,032 [sse-robot_status] [web_gui.backend.robots.core] [INFO] [OpHistory] Completed: robot=robot_ec2b status=success goal_status=REACHED
2026-08-18 11:24:12,041 [ThreadPoolExecutor-1_2] [web_gui.backend.robots.ops] [INFO] ROS2 path topic subscribers stopped
2026-08-18 11:24:17,064 [ThreadPoolExecutor-1_0] [web_gui.backend.robots.ops] [INFO] ROS2 path topic subscribers ready for /robot_ec2b/plan
2026-08-18 11:24:17,554 [sse-robot_status] [web_gui.backend.robots.core] [INFO] [OpHistory] Started: robot=robot_ec2b source=robot_display op_id=6455
2026-08-18 11:24:44,556 [sse-robot_status] [web_gui.backend.robots.core] [INFO] [OpHistory] Completed: robot=robot_ec2b status=success goal_status=REACHED
2026-08-18 11:24:44,566 [ThreadPoolExecutor-1_2] [web_gui.backend.robots.ops] [INFO] ROS2 path topic subscribers stopped
2026-08-18 11:24:50,029 [ThreadPoolExecutor-1_0] [web_gui.backend.robots.ops] [INFO] ROS2 path topic subscribers ready for /robot_ec2b/plan
2026-08-18 11:24:50,525 [sse-robot_status] [web_gui.backend.robots.core] [INFO] [OpHistory] Started: robot=robot_ec2b source=robot_display op_id=6456
2026-08-18 11:25:11,037 [sse-robot_status] [web_gui.backend.robots.core] [INFO] [OpHistory] Completed: robot=robot_ec2b status=success goal_status=REACHED
2026-08-18 11:25:11,046 [ThreadPoolExecutor-1_0] [web_gui.backend.robots.ops] [INFO] ROS2 path topic subscribers stopped
2026-08-18 11:25:16,069 [sse-robot_status] [web_gui.backend.robots.core] [INFO] [OpHistory] Started: robot=robot_ec2b source=robot_display op_id=6457
2026-08-18 11:25:16,131 [ThreadPoolExecutor-1_1] [web_gui.backend.robots.ops] [INFO] ROS2 path topic subscribers ready for /robot_ec2b/plan
2026-08-18 11:25:40,486 [sse-robot_status] [web_gui.backend.robots.core] [INFO] [OpHistory] Completed: robot=robot_ec2b status=success goal_status=REACHED
2026-08-18 11:25:40,517 [ThreadPoolExecutor-1_0] [web_gui.backend.robots.ops] [INFO] ROS2 path topic subscribers stopped
2026-08-18 11:25:46,047 [sse-robot_status] [web_gui.backend.robots.core] [INFO] [OpHistory] Started: robot=robot_ec2b source=robot_display op_id=6458
2026-08-18 11:25:46,109 [ThreadPoolExecutor-1_3] [web_gui.backend.robots.ops] [INFO] ROS2 path topic subscribers ready for /robot_ec2b/plan
2026-08-18 11:26:06,515 [sse-robot_status] [web_gui.backend.robots.core] [INFO] [OpHistory] Completed: robot=robot_ec2b status=success goal_status=REACHED
2026-08-18 11:26:06,523 [ThreadPoolExecutor-1_0] [web_gui.backend.robots.ops] [INFO] ROS2 path topic subscribers stopped
2026-08-18 11:26:12,028 [sse-robot_status] [web_gui.backend.robots.core] [INFO] [OpHistory] Started: robot=robot_ec2b source=robot_display op_id=6459
2026-08-18 11:26:12,057 [ThreadPoolExecutor-1_3] [web_gui.backend.robots.ops] [INFO] ROS2 path topic subscribers ready for /robot_ec2b/plan
2026-08-18 11:26:35,498 [sse-robot_status] [web_gui.backend.robots.core] [INFO] [OpHistory] Completed: robot=robot_ec2b status=success goal_status=REACHED
2026-08-18 11:26:35,504 [ThreadPoolExecutor-1_0] [web_gui.backend.robots.ops] [INFO] ROS2 path topic subscribers stopped
2026-08-18 11:26:41,031 [sse-robot_status] [web_gui.backend.robots.core] [INFO] [OpHistory] Started: robot=robot_ec2b source=robot_display op_id=6460
2026-08-18 11:26:41,068 [ThreadPoolExecutor-1_1] [web_gui.backend.robots.ops] [INFO] ROS2 path topic subscribers ready for /robot_ec2b/plan
2026-08-18 11:27:01,510 [sse-robot_status] [web_gui.backend.robots.core] [INFO] [OpHistory] Completed: robot=robot_ec2b status=success goal_status=REACHED
2026-08-18 11:27:01,522 [ThreadPoolExecutor-1_3] [web_gui.backend.robots.ops] [INFO] ROS2 path topic subscribers stopped
2026-08-18 11:27:06,493 [ThreadPoolExecutor-1_1] [web_gui.backend.robots.ops] [INFO] ROS2 path topic subscribers ready for /robot_ec2b/plan
2026-08-18 11:27:07,081 [sse-robot_status] [web_gui.backend.robots.core] [INFO] [OpHistory] Started: robot=robot_ec2b source=robot_display op_id=6461
2026-08-18 11:27:31,035 [sse-robot_status] [web_gui.backend.robots.core] [INFO] [OpHistory] Completed: robot=robot_ec2b status=success goal_status=REACHED
2026-08-18 11:27:31,047 [ThreadPoolExecutor-1_1] [web_gui.backend.robots.ops] [INFO] ROS2 path topic subscribers stopped
2026-08-18 11:27:36,326 [ThreadPoolExecutor-1_0] [web_gui.backend.robots.ops] [INFO] ROS2 path topic subscribers ready for /robot_ec2b/plan
2026-08-18 11:27:36,474 [sse-robot_status] [web_gui.backend.robots.core] [INFO] [OpHistory] Started: robot=robot_ec2b source=robot_display op_id=6462
2026-08-18 11:27:57,478 [sse-robot_status] [web_gui.backend.robots.core] [INFO] [OpHistory] Completed: robot=robot_ec2b status=success goal_status=REACHED
2026-08-18 11:27:57,494 [ThreadPoolExecutor-1_1] [web_gui.backend.robots.ops] [INFO] ROS2 path topic subscribers stopped
2026-08-18 11:28:02,502 [ThreadPoolExecutor-1_2] [web_gui.backend.robots.ops] [INFO] ROS2 path topic subscribers ready for /robot_ec2b/plan
2026-08-18 11:28:02,512 [sse-robot_status] [web_gui.backend.robots.core] [INFO] [OpHistory] Started: robot=robot_ec2b source=robot_display op_id=6463
2026-08-18 11:28:30,511 [sse-robot_status] [web_gui.backend.robots.core] [INFO] [OpHistory] Completed: robot=robot_ec2b status=success goal_status=REACHED
2026-08-18 11:28:30,619 [ThreadPoolExecutor-1_1] [web_gui.backend.robots.ops] [INFO] ROS2 path topic subscribers stopped
2026-08-18 11:28:35,335 [ThreadPoolExecutor-1_0] [web_gui.backend.robots.ops] [INFO] ROS2 path topic subscribers ready for /robot_ec2b/plan
2026-08-18 11:28:35,488 [sse-robot_status] [web_gui.backend.robots.core] [INFO] [OpHistory] Started: robot=robot_ec2b source=robot_display op_id=6464
2026-08-18 11:28:56,005 [sse-robot_status] [web_gui.backend.robots.core] [INFO] [OpHistory] Completed: robot=robot_ec2b status=success goal_status=REACHED
2026-08-18 11:28:56,013 [ThreadPoolExecutor-1_2] [web_gui.backend.robots.ops] [INFO] ROS2 path topic subscribers stopped
2026-08-18 11:29:01,543 [sse-robot_status] [web_gui.backend.robots.core] [INFO] [OpHistory] Started: robot=robot_ec2b source=robot_display op_id=6465
2026-08-18 11:29:01,650 [ThreadPoolExecutor-1_2] [web_gui.backend.robots.ops] [INFO] ROS2 path topic subscribers ready for /robot_ec2b/plan
2026-08-18 11:29:26,036 [sse-robot_status] [web_gui.backend.robots.core] [INFO] [OpHistory] Completed: robot=robot_ec2b status=success goal_status=REACHED
2026-08-18 11:29:26,043 [ThreadPoolExecutor-1_3] [web_gui.backend.robots.ops] [INFO] ROS2 path topic subscribers stopped
2026-08-18 11:29:31,338 [ThreadPoolExecutor-1_0] [web_gui.backend.robots.ops] [INFO] ROS2 path topic subscribers ready for /robot_ec2b/plan
2026-08-18 11:29:31,486 [sse-robot_status] [web_gui.backend.robots.core] [INFO] [OpHistory] Started: robot=robot_ec2b source=robot_display op_id=6466
2026-08-18 11:29:52,023 [sse-robot_status] [web_gui.backend.robots.core] [INFO] [OpHistory] Completed: robot=robot_ec2b status=success goal_status=REACHED
2026-08-18 11:29:52,032 [ThreadPoolExecutor-1_2] [web_gui.backend.robots.ops] [INFO] ROS2 path topic subscribers stopped
2026-08-18 11:29:57,351 [ThreadPoolExecutor-1_3] [web_gui.backend.robots.ops] [INFO] ROS2 path topic subscribers ready for /robot_ec2b/plan
2026-08-18 11:29:57,485 [sse-robot_status] [web_gui.backend.robots.core] [INFO] [OpHistory] Started: robot=robot_ec2b source=robot_display op_id=6467
2026-08-18 11:30:18,047 [sse-robot_status] [web_gui.backend.robots.core] [INFO] [OpHistory] Completed: robot=robot_ec2b status=success goal_status=REACHED
2026-08-18 11:30:18,055 [ThreadPoolExecutor-1_0] [web_gui.backend.robots.ops] [INFO] ROS2 path topic subscribers stopped
2026-08-18 11:30:23,042 [ThreadPoolExecutor-1_2] [web_gui.backend.robots.ops] [INFO] ROS2 path topic subscribers ready for /robot_ec2b/plan
2026-08-18 11:30:23,535 [sse-robot_status] [web_gui.backend.robots.core] [INFO] [OpHistory] Started: robot=robot_ec2b source=robot_display op_id=6468
2026-08-18 11:30:44,033 [sse-robot_status] [web_gui.backend.robots.core] [INFO] [OpHistory] Completed: robot=robot_ec2b status=success goal_status=REACHED
2026-08-18 11:30:44,039 [ThreadPoolExecutor-1_2] [web_gui.backend.robots.ops] [INFO] ROS2 path topic subscribers stopped
2026-08-18 11:30:49,053 [sse-robot_status] [web_gui.backend.robots.core] [INFO] [OpHistory] Started: robot=robot_ec2b source=robot_display op_id=6469
2026-08-18 11:30:49,115 [ThreadPoolExecutor-1_1] [web_gui.backend.robots.ops] [INFO] ROS2 path topic subscribers ready for /robot_ec2b/plan
2026-08-18 11:31:14,031 [sse-robot_status] [web_gui.backend.robots.core] [INFO] [OpHistory] Completed: robot=robot_ec2b status=success goal_status=REACHED
2026-08-18 11:31:14,039 [ThreadPoolExecutor-1_0] [web_gui.backend.robots.ops] [INFO] ROS2 path topic subscribers stopped
2026-08-18 11:31:19,071 [sse-robot_status] [web_gui.backend.robots.core] [INFO] [OpHistory] Started: robot=robot_ec2b source=robot_display op_id=6470
2026-08-18 11:31:19,123 [ThreadPoolExecutor-1_3] [web_gui.backend.robots.ops] [INFO] ROS2 path topic subscribers ready for /robot_ec2b/plan
2026-08-18 11:31:39,481 [sse-robot_status] [web_gui.backend.robots.core] [INFO] [OpHistory] Completed: robot=robot_ec2b status=success goal_status=REACHED
2026-08-18 11:31:39,492 [ThreadPoolExecutor-1_2] [web_gui.backend.robots.ops] [INFO] ROS2 path topic subscribers stopped
2026-08-18 11:31:45,057 [sse-robot_status] [web_gui.backend.robots.core] [INFO] [OpHistory] Started: robot=robot_ec2b source=robot_display op_id=6471
2026-08-18 11:31:45,105 [ThreadPoolExecutor-1_1] [web_gui.backend.robots.ops] [INFO] ROS2 path topic subscribers ready for /robot_ec2b/plan
2026-08-18 11:32:09,027 [sse-robot_status] [web_gui.backend.robots.core] [INFO] [OpHistory] Completed: robot=robot_ec2b status=success goal_status=REACHED
2026-08-18 11:32:09,137 [ThreadPoolExecutor-1_0] [web_gui.backend.robots.ops] [INFO] ROS2 path topic subscribers stopped
2026-08-18 11:32:15,050 [sse-robot_status] [web_gui.backend.robots.core] [INFO] [OpHistory] Started: robot=robot_ec2b source=robot_display op_id=6472
2026-08-18 11:32:15,105 [ThreadPoolExecutor-1_1] [web_gui.backend.robots.ops] [INFO] ROS2 path topic subscribers ready for /robot_ec2b/plan
2026-08-18 11:32:35,487 [sse-robot_status] [web_gui.backend.robots.core] [INFO] [OpHistory] Completed: robot=robot_ec2b status=success goal_status=REACHED
2026-08-18 11:32:35,498 [ThreadPoolExecutor-1_2] [web_gui.backend.robots.ops] [INFO] ROS2 path topic subscribers stopped
2026-08-18 11:32:41,069 [sse-robot_status] [web_gui.backend.robots.core] [INFO] [OpHistory] Started: robot=robot_ec2b source=robot_display op_id=6473
2026-08-18 11:32:41,103 [ThreadPoolExecutor-1_0] [web_gui.backend.robots.ops] [INFO] ROS2 path topic subscribers ready for /robot_ec2b/plan
2026-08-18 11:33:01,045 [sse-robot_status] [web_gui.backend.robots.core] [INFO] [OpHistory] Completed: robot=robot_ec2b status=success goal_status=REACHED
2026-08-18 11:33:01,054 [ThreadPoolExecutor-1_2] [web_gui.backend.robots.ops] [INFO] ROS2 path topic subscribers stopped
2026-08-18 11:33:07,031 [sse-robot_status] [web_gui.backend.robots.core] [INFO] [OpHistory] Started: robot=robot_ec2b source=robot_display op_id=6474
2026-08-18 11:33:07,081 [ThreadPoolExecutor-1_1] [web_gui.backend.robots.ops] [INFO] ROS2 path topic subscribers ready for /robot_ec2b/plan
2026-08-18 11:33:27,030 [sse-robot_status] [web_gui.backend.robots.core] [INFO] [OpHistory] Completed: robot=robot_ec2b status=success goal_status=REACHED
2026-08-18 11:33:27,038 [ThreadPoolExecutor-1_3] [web_gui.backend.robots.ops] [INFO] ROS2 path topic subscribers stopped
2026-08-18 11:33:32,541 [ThreadPoolExecutor-1_3] [web_gui.backend.robots.ops] [INFO] ROS2 path topic subscribers ready for /robot_ec2b/plan
2026-08-18 11:33:33,120 [sse-robot_status] [web_gui.backend.robots.core] [INFO] [OpHistory] Started: robot=robot_ec2b source=robot_display op_id=6475
2026-08-18 11:33:58,502 [sse-robot_status] [web_gui.backend.robots.core] [INFO] [OpHistory] Completed: robot=robot_ec2b status=success goal_status=REACHED
2026-08-18 11:33:58,516 [ThreadPoolExecutor-1_2] [web_gui.backend.robots.ops] [INFO] ROS2 path topic subscribers stopped
2026-08-18 11:34:04,520 [ThreadPoolExecutor-1_2] [web_gui.backend.robots.ops] [INFO] ROS2 path topic subscribers ready for /robot_ec2b/plan
2026-08-18 11:34:05,054 [sse-robot_status] [web_gui.backend.robots.core] [INFO] [OpHistory] Started: robot=robot_ec2b source=robot_display op_id=6476
2026-08-18 11:34:25,011 [sse-robot_status] [web_gui.backend.robots.core] [INFO] [OpHistory] Completed: robot=robot_ec2b status=success goal_status=REACHED
2026-08-18 11:34:25,071 [ThreadPoolExecutor-1_1] [web_gui.backend.robots.ops] [INFO] ROS2 path topic subscribers stopped
2026-08-18 11:34:30,352 [ThreadPoolExecutor-1_3] [web_gui.backend.robots.ops] [INFO] ROS2 path topic subscribers ready for /robot_ec2b/plan
2026-08-18 11:34:30,492 [sse-robot_status] [web_gui.backend.robots.core] [INFO] [OpHistory] Started: robot=robot_ec2b source=robot_display op_id=6477
2026-08-18 11:34:55,067 [sse-robot_status] [web_gui.backend.robots.core] [INFO] [OpHistory] Completed: robot=robot_ec2b status=success goal_status=REACHED
2026-08-18 11:34:55,078 [ThreadPoolExecutor-1_3] [web_gui.backend.robots.ops] [INFO] ROS2 path topic subscribers stopped
2026-08-18 11:35:00,508 [sse-robot_status] [web_gui.backend.robots.core] [INFO] [OpHistory] Started: robot=robot_ec2b source=robot_display op_id=6478
2026-08-18 11:35:00,545 [ThreadPoolExecutor-1_0] [web_gui.backend.robots.ops] [INFO] ROS2 path topic subscribers ready for /robot_ec2b/plan
2026-08-18 11:35:21,034 [sse-robot_status] [web_gui.backend.robots.core] [INFO] [OpHistory] Completed: robot=robot_ec2b status=success goal_status=REACHED
2026-08-18 11:35:21,045 [ThreadPoolExecutor-1_3] [web_gui.backend.robots.ops] [INFO] ROS2 path topic subscribers stopped
2026-08-18 11:35:26,335 [ThreadPoolExecutor-1_2] [web_gui.backend.robots.ops] [INFO] ROS2 path topic subscribers ready for /robot_ec2b/plan
2026-08-18 11:35:26,510 [sse-robot_status] [web_gui.backend.robots.core] [INFO] [OpHistory] Started: robot=robot_ec2b source=robot_display op_id=6479
2026-08-18 11:35:51,064 [sse-robot_status] [web_gui.backend.robots.core] [INFO] [OpHistory] Completed: robot=robot_ec2b status=success goal_status=REACHED
2026-08-18 11:35:51,073 [ThreadPoolExecutor-1_0] [web_gui.backend.robots.ops] [INFO] ROS2 path topic subscribers stopped
2026-08-18 11:35:56,488 [sse-robot_status] [web_gui.backend.robots.core] [INFO] [OpHistory] Started: robot=robot_ec2b source=robot_display op_id=6480
2026-08-18 11:35:56,522 [ThreadPoolExecutor-1_1] [web_gui.backend.robots.ops] [INFO] ROS2 path topic subscribers ready for /robot_ec2b/plan
2026-08-18 11:36:17,069 [sse-robot_status] [web_gui.backend.robots.core] [INFO] [OpHistory] Completed: robot=robot_ec2b status=success goal_status=REACHED
2026-08-18 11:36:17,076 [ThreadPoolExecutor-1_0] [web_gui.backend.robots.ops] [INFO] ROS2 path topic subscribers stopped
2026-08-18 11:36:22,560 [sse-robot_status] [web_gui.backend.robots.core] [INFO] [OpHistory] Started: robot=robot_ec2b source=robot_display op_id=6481
2026-08-18 11:36:22,607 [ThreadPoolExecutor-1_1] [web_gui.backend.robots.ops] [INFO] ROS2 path topic subscribers ready for /robot_ec2b/plan
2026-08-18 11:36:46,494 [sse-robot_status] [web_gui.backend.robots.core] [INFO] [OpHistory] Completed: robot=robot_ec2b status=success goal_status=REACHED
2026-08-18 11:36:46,503 [ThreadPoolExecutor-1_2] [web_gui.backend.robots.ops] [INFO] ROS2 path topic subscribers stopped
2026-08-18 11:36:52,348 [ThreadPoolExecutor-1_0] [web_gui.backend.robots.ops] [INFO] ROS2 path topic subscribers ready for /robot_ec2b/plan
2026-08-18 11:36:52,505 [sse-robot_status] [web_gui.backend.robots.core] [INFO] [OpHistory] Started: robot=robot_ec2b source=robot_display op_id=6482
2026-08-18 11:37:13,045 [sse-robot_status] [web_gui.backend.robots.core] [INFO] [OpHistory] Completed: robot=robot_ec2b status=success goal_status=REACHED
2026-08-18 11:37:13,055 [ThreadPoolExecutor-1_0] [web_gui.backend.robots.ops] [INFO] ROS2 path topic subscribers stopped
2026-08-18 11:37:18,188 [ThreadPoolExecutor-1_3] [web_gui.backend.robots.ops] [INFO] ROS2 path topic subscribers ready for /robot_ec2b/plan
2026-08-18 11:37:18,560 [sse-robot_status] [web_gui.backend.robots.core] [INFO] [OpHistory] Started: robot=robot_ec2b source=robot_display op_id=6483
2026-08-18 11:37:41,492 [sse-robot_status] [web_gui.backend.robots.core] [INFO] [OpHistory] Completed: robot=robot_ec2b status=success goal_status=REACHED
2026-08-18 11:37:41,505 [ThreadPoolExecutor-1_2] [web_gui.backend.robots.ops] [INFO] ROS2 path topic subscribers stopped
2026-08-18 11:37:47,041 [sse-robot_status] [web_gui.backend.robots.core] [INFO] [OpHistory] Started: robot=robot_ec2b source=robot_display op_id=6484
2026-08-18 11:37:47,093 [ThreadPoolExecutor-1_1] [web_gui.backend.robots.ops] [INFO] ROS2 path topic subscribers ready for /robot_ec2b/plan
2026-08-18 11:38:07,499 [sse-robot_status] [web_gui.backend.robots.core] [INFO] [OpHistory] Completed: robot=robot_ec2b status=success goal_status=REACHED
2026-08-18 11:38:07,508 [ThreadPoolExecutor-1_1] [web_gui.backend.robots.ops] [INFO] ROS2 path topic subscribers stopped
2026-08-18 11:38:13,061 [sse-robot_status] [web_gui.backend.robots.core] [INFO] [OpHistory] Started: robot=robot_ec2b source=robot_display op_id=6485
2026-08-18 11:38:13,169 [ThreadPoolExecutor-1_3] [web_gui.backend.robots.ops] [INFO] ROS2 path topic subscribers ready for /robot_ec2b/plan
2026-08-18 11:38:37,030 [sse-robot_status] [web_gui.backend.robots.core] [INFO] [OpHistory] Completed: robot=robot_ec2b status=success goal_status=REACHED
2026-08-18 11:38:37,039 [ThreadPoolExecutor-1_0] [web_gui.backend.robots.ops] [INFO] ROS2 path topic subscribers stopped
2026-08-18 11:38:43,059 [sse-robot_status] [web_gui.backend.robots.core] [INFO] [OpHistory] Started: robot=robot_ec2b source=robot_display op_id=6486
2026-08-18 11:38:43,108 [ThreadPoolExecutor-1_2] [web_gui.backend.robots.ops] [INFO] ROS2 path topic subscribers ready for /robot_ec2b/plan
2026-08-18 11:39:03,491 [sse-robot_status] [web_gui.backend.robots.core] [INFO] [OpHistory] Completed: robot=robot_ec2b status=success goal_status=REACHED
2026-08-18 11:39:03,501 [ThreadPoolExecutor-1_1] [web_gui.backend.robots.ops] [INFO] ROS2 path topic subscribers stopped
2026-08-18 11:39:09,035 [sse-robot_status] [web_gui.backend.robots.core] [INFO] [OpHistory] Started: robot=robot_ec2b source=robot_display op_id=6487
2026-08-18 11:39:09,084 [ThreadPoolExecutor-1_3] [web_gui.backend.robots.ops] [INFO] ROS2 path topic subscribers ready for /robot_ec2b/plan
2026-08-18 11:39:34,498 [sse-robot_status] [web_gui.backend.robots.core] [INFO] [OpHistory] Completed: robot=robot_ec2b status=success goal_status=REACHED
2026-08-18 11:39:34,507 [ThreadPoolExecutor-1_2] [web_gui.backend.robots.ops] [INFO] ROS2 path topic subscribers stopped
2026-08-18 11:39:39,488 [ThreadPoolExecutor-1_0] [web_gui.backend.robots.ops] [INFO] ROS2 path topic subscribers ready for /robot_ec2b/plan
2026-08-18 11:39:40,040 [sse-robot_status] [web_gui.backend.robots.core] [INFO] [OpHistory] Started: robot=robot_ec2b source=robot_display op_id=6488
2026-08-18 11:40:00,013 [sse-robot_status] [web_gui.backend.robots.core] [INFO] [OpHistory] Completed: robot=robot_ec2b status=success goal_status=REACHED
2026-08-18 11:40:00,120 [ThreadPoolExecutor-1_1] [web_gui.backend.robots.ops] [INFO] ROS2 path topic subscribers stopped
2026-08-18 11:40:05,477 [sse-robot_status] [web_gui.backend.robots.core] [INFO] [OpHistory] Started: robot=robot_ec2b source=robot_display op_id=6489
2026-08-18 11:40:05,513 [ThreadPoolExecutor-1_1] [web_gui.backend.robots.ops] [INFO] ROS2 path topic subscribers ready for /robot_ec2b/plan
2026-08-18 11:40:30,007 [sse-robot_status] [web_gui.backend.robots.core] [INFO] [OpHistory] Completed: robot=robot_ec2b status=success goal_status=REACHED
2026-08-18 11:40:30,116 [ThreadPoolExecutor-1_1] [web_gui.backend.robots.ops] [INFO] ROS2 path topic subscribers stopped
2026-08-18 11:40:35,388 [ThreadPoolExecutor-1_3] [web_gui.backend.robots.ops] [INFO] ROS2 path topic subscribers ready for /robot_ec2b/plan
2026-08-18 11:40:35,486 [sse-robot_status] [web_gui.backend.robots.core] [INFO] [OpHistory] Started: robot=robot_ec2b source=robot_display op_id=6490
2026-08-18 11:40:55,484 [sse-robot_status] [web_gui.backend.robots.core] [INFO] [OpHistory] Completed: robot=robot_ec2b status=success goal_status=REACHED
2026-08-18 11:40:55,491 [ThreadPoolExecutor-1_1] [web_gui.backend.robots.ops] [INFO] ROS2 path topic subscribers stopped
2026-08-18 11:41:01,357 [ThreadPoolExecutor-1_0] [web_gui.backend.robots.ops] [INFO] ROS2 path topic subscribers ready for /robot_ec2b/plan
2026-08-18 11:41:01,496 [sse-robot_status] [web_gui.backend.robots.core] [INFO] [OpHistory] Started: robot=robot_ec2b source=robot_display op_id=6491
2026-08-18 11:41:29,053 [sse-robot_status] [web_gui.backend.robots.core] [INFO] [OpHistory] Completed: robot=robot_ec2b status=success goal_status=REACHED
2026-08-18 11:41:29,163 [ThreadPoolExecutor-1_1] [web_gui.backend.robots.ops] [INFO] ROS2 path topic subscribers stopped
2026-08-18 11:41:34,378 [ThreadPoolExecutor-1_2] [web_gui.backend.robots.ops] [INFO] ROS2 path topic subscribers ready for /robot_ec2b/plan
2026-08-18 11:41:34,562 [sse-robot_status] [web_gui.backend.robots.core] [INFO] [OpHistory] Started: robot=robot_ec2b source=robot_display op_id=6492
2026-08-18 11:41:54,460 [sse-robot_status] [web_gui.backend.robots.core] [INFO] [OpHistory] Completed: robot=robot_ec2b status=success goal_status=REACHED
2026-08-18 11:41:54,467 [ThreadPoolExecutor-1_3] [web_gui.backend.robots.ops] [INFO] ROS2 path topic subscribers stopped
2026-08-18 11:42:00,417 [ThreadPoolExecutor-1_3] [web_gui.backend.robots.ops] [INFO] ROS2 path topic subscribers ready for /robot_ec2b/plan
2026-08-18 11:42:00,494 [sse-robot_status] [web_gui.backend.robots.core] [INFO] [OpHistory] Started: robot=robot_ec2b source=robot_display op_id=6493
2026-08-18 11:42:21,036 [sse-robot_status] [web_gui.backend.robots.core] [INFO] [OpHistory] Completed: robot=robot_ec2b status=success goal_status=REACHED
2026-08-18 11:42:21,045 [ThreadPoolExecutor-1_2] [web_gui.backend.robots.ops] [INFO] ROS2 path topic subscribers stopped
2026-08-18 11:42:26,063 [ThreadPoolExecutor-1_1] [web_gui.backend.robots.ops] [INFO] ROS2 path topic subscribers ready for /robot_ec2b/plan
2026-08-18 11:42:26,511 [sse-robot_status] [web_gui.backend.robots.core] [INFO] [OpHistory] Started: robot=robot_ec2b source=robot_display op_id=6494
2026-08-18 11:42:46,492 [sse-robot_status] [web_gui.backend.robots.core] [INFO] [OpHistory] Completed: robot=robot_ec2b status=success goal_status=REACHED
2026-08-18 11:42:46,502 [ThreadPoolExecutor-1_0] [web_gui.backend.robots.ops] [INFO] ROS2 path topic subscribers stopped
2026-08-18 11:42:52,344 [ThreadPoolExecutor-1_0] [web_gui.backend.robots.ops] [INFO] ROS2 path topic subscribers ready for /robot_ec2b/plan
2026-08-18 11:42:52,501 [sse-robot_status] [web_gui.backend.robots.core] [INFO] [OpHistory] Started: robot=robot_ec2b source=robot_display op_id=6495
2026-08-18 11:43:17,502 [sse-robot_status] [web_gui.backend.robots.core] [INFO] [OpHistory] Completed: robot=robot_ec2b status=success goal_status=REACHED
2026-08-18 11:43:17,515 [ThreadPoolExecutor-1_0] [web_gui.backend.robots.ops] [INFO] ROS2 path topic subscribers stopped
2026-08-18 11:43:23,060 [ThreadPoolExecutor-1_2] [web_gui.backend.robots.ops] [INFO] ROS2 path topic subscribers ready for /robot_ec2b/plan
2026-08-18 11:43:23,396 [ThreadPoolExecutor-1_2] [web_gui.backend.robots.ops] [INFO] ROS2 path topic subscribers stopped
2026-08-18 12:26:50,123 [ThreadPoolExecutor-1_3] [web_gui.backend.robots.ops] [INFO] ROS2 path topic subscribers ready for /robot_ec2b/amcl_pose, /robot_ec2b/global_plan, /robot_ec2b/local_plan, /robot_ec2b/mcl_pose, /robot_ec2b/odometry/filtered, /robot_ec2b/path, /robot_ec2b/plan, /robot_ec2b/plan_smoothed, /robot_ec2b/preferred_path, /robot_ec2b/preferred_paths, /robot_ec2b/received_global_plan, /robot_ec2b/received_local_plan, /robot_ec2b/transformed_global_plan
2026-08-18 12:27:08,344 [ThreadPoolExecutor-1_1] [web_gui.backend.robots.ops] [INFO] ROS2 path topic subscribers stopped
2026-08-18 12:47:26,537 [MainThread] [web_gui.backend.server] [INFO] Starting Hypercorn server on http://0.0.0.0:5051
2026-08-18 12:47:26,540 [MainThread] [web_gui.backend.server] [INFO] Thread dump handler ready: kill -USR1 2726
2026-08-18 12:47:27,659 [MainThread] [web_gui.backend.robots.core] [INFO] Polling thread started
2026-08-18 12:47:27,667 [MainThread] [web_gui.backend.robots.core] [INFO] SSE streams started (7 new, 7 total)
2026-08-18 12:47:27,702 [MainThread] [web_gui.backend.server] [INFO] Voice event settings ready: /home/dentium/.local/share/dentium-webgui/config/voice_event_settings.json
2026-08-18 12:47:27,759 [MainThread] [web_gui.backend.server] [INFO] Browser music catalog ready in voice event settings: /home/dentium/.local/share/dentium-webgui/config/voice_event_settings.json
2026-08-18 12:47:27,925 [MainThread] [web_gui.backend.robots.ops] [INFO] Direct ROS2 node ready for latency-sensitive commands
2026-08-18 12:47:27,937 [MainThread] [web_gui.backend.robots.ops] [INFO] ROS2 callbell subscriber ready for /callbell
2026-08-18 13:45:30,895 [sse-robot_status] [web_gui.backend.robots.core] [INFO] [OpHistory] Started: robot=robot_ec2b source=robot_display op_id=6496
2026-08-18 13:45:49,314 [sse-robot_status] [web_gui.backend.robots.core] [INFO] [OpHistory] Completed: robot=robot_ec2b status=success goal_status=REACHED
2026-08-18 13:45:54,850 [sse-robot_status] [web_gui.backend.robots.core] [INFO] [OpHistory] Started: robot=robot_ec2b source=robot_display op_id=6497
2026-08-18 13:46:15,413 [sse-robot_status] [web_gui.backend.robots.core] [INFO] [OpHistory] Completed: robot=robot_ec2b status=success goal_status=REACHED
2026-08-18 13:46:20,775 [sse-robot_status] [web_gui.backend.robots.core] [INFO] [OpHistory] Started: robot=robot_ec2b source=robot_display op_id=6498
2026-08-18 13:46:41,879 [sse-robot_status] [web_gui.backend.robots.core] [INFO] [OpHistory] Completed: robot=robot_ec2b status=success goal_status=REACHED
2026-08-18 13:46:47,832 [sse-robot_status] [web_gui.backend.robots.core] [INFO] [OpHistory] Started: robot=robot_ec2b source=robot_display op_id=6499
2026-08-18 13:47:07,777 [sse-robot_status] [web_gui.backend.robots.core] [INFO] [OpHistory] Completed: robot=robot_ec2b status=success goal_status=REACHED
2026-08-18 13:47:13,875 [sse-robot_status] [web_gui.backend.robots.core] [INFO] [OpHistory] Started: robot=robot_ec2b source=robot_display op_id=6500
2026-08-18 13:47:37,901 [sse-robot_status] [web_gui.backend.robots.core] [INFO] [OpHistory] Completed: robot=robot_ec2b status=success goal_status=REACHED
2026-08-18 13:47:43,404 [sse-robot_status] [web_gui.backend.robots.core] [INFO] [OpHistory] Started: robot=robot_ec2b source=robot_display op_id=6501
2026-08-18 13:48:03,420 [sse-robot_status] [web_gui.backend.robots.core] [INFO] [OpHistory] Completed: robot=robot_ec2b status=success goal_status=REACHED
2026-08-18 13:48:09,349 [sse-robot_status] [web_gui.backend.robots.core] [INFO] [OpHistory] Started: robot=robot_ec2b source=robot_display op_id=6502
2026-08-18 13:48:31,882 [sse-robot_status] [web_gui.backend.robots.core] [INFO] [OpHistory] Completed: robot=robot_ec2b status=success goal_status=REACHED
2026-08-18 13:48:37,409 [sse-robot_status] [web_gui.backend.robots.core] [INFO] [OpHistory] Started: robot=robot_ec2b source=robot_display op_id=6503
2026-08-18 13:48:57,369 [sse-robot_status] [web_gui.backend.robots.core] [INFO] [OpHistory] Completed: robot=robot_ec2b status=success goal_status=REACHED
2026-08-18 13:49:03,352 [sse-robot_status] [web_gui.backend.robots.core] [INFO] [OpHistory] Started: robot=robot_ec2b source=robot_display op_id=6504
2026-08-18 13:49:27,421 [sse-robot_status] [web_gui.backend.robots.core] [INFO] [OpHistory] Completed: robot=robot_ec2b status=success goal_status=REACHED
2026-08-18 13:49:33,335 [sse-robot_status] [web_gui.backend.robots.core] [INFO] [OpHistory] Started: robot=robot_ec2b source=robot_display op_id=6505
2026-08-18 13:49:53,381 [sse-robot_status] [web_gui.backend.robots.core] [INFO] [OpHistory] Completed: robot=robot_ec2b status=success goal_status=REACHED
2026-08-18 13:49:58,782 [sse-robot_status] [web_gui.backend.robots.core] [INFO] [OpHistory] Started: robot=robot_ec2b source=robot_display op_id=6506
2026-08-18 13:50:23,417 [sse-robot_status] [web_gui.backend.robots.core] [INFO] [OpHistory] Completed: robot=robot_ec2b status=success goal_status=REACHED
2026-08-18 13:50:28,851 [sse-robot_status] [web_gui.backend.robots.core] [INFO] [OpHistory] Started: robot=robot_ec2b source=robot_display op_id=6507
2026-08-18 13:50:48,894 [sse-robot_status] [web_gui.backend.robots.core] [INFO] [OpHistory] Completed: robot=robot_ec2b status=success goal_status=REACHED
2026-08-18 13:50:54,811 [sse-robot_status] [web_gui.backend.robots.core] [INFO] [OpHistory] Started: robot=robot_ec2b source=robot_display op_id=6508
2026-08-18 13:51:19,422 [sse-robot_status] [web_gui.backend.robots.core] [INFO] [OpHistory] Completed: robot=robot_ec2b status=success goal_status=REACHED
2026-08-18 13:51:24,792 [sse-robot_status] [web_gui.backend.robots.core] [INFO] [OpHistory] Started: robot=robot_ec2b source=robot_display op_id=6509
2026-08-18 13:51:45,370 [sse-robot_status] [web_gui.backend.robots.core] [INFO] [OpHistory] Completed: robot=robot_ec2b status=success goal_status=REACHED
2026-08-18 13:51:50,902 [sse-robot_status] [web_gui.backend.robots.core] [INFO] [OpHistory] Started: robot=robot_ec2b source=robot_display op_id=6510
2026-08-18 13:52:15,413 [sse-robot_status] [web_gui.backend.robots.core] [INFO] [OpHistory] Completed: robot=robot_ec2b status=success goal_status=REACHED
2026-08-18 13:52:21,883 [sse-robot_status] [web_gui.backend.robots.core] [INFO] [OpHistory] Started: robot=robot_ec2b source=robot_display op_id=6511
2026-08-18 13:52:41,805 [sse-robot_status] [web_gui.backend.robots.core] [INFO] [OpHistory] Completed: robot=robot_ec2b status=success goal_status=REACHED
2026-08-18 13:52:47,392 [sse-robot_status] [web_gui.backend.robots.core] [INFO] [OpHistory] Started: robot=robot_ec2b source=robot_display op_id=6512
2026-08-18 13:53:12,332 [sse-robot_status] [web_gui.backend.robots.core] [INFO] [OpHistory] Completed: robot=robot_ec2b status=success goal_status=REACHED
2026-08-18 13:53:18,396 [sse-robot_status] [web_gui.backend.robots.core] [INFO] [OpHistory] Started: robot=robot_ec2b source=robot_display op_id=6513
2026-08-18 13:53:38,809 [sse-robot_status] [web_gui.backend.robots.core] [INFO] [OpHistory] Completed: robot=robot_ec2b status=success goal_status=REACHED
2026-08-18 13:53:44,339 [sse-robot_status] [web_gui.backend.robots.core] [INFO] [OpHistory] Started: robot=robot_ec2b source=robot_display op_id=6514
2026-08-18 13:54:08,378 [sse-robot_status] [web_gui.backend.robots.core] [INFO] [OpHistory] Completed: robot=robot_ec2b status=success goal_status=REACHED
2026-08-18 13:54:14,340 [sse-robot_status] [web_gui.backend.robots.core] [INFO] [OpHistory] Started: robot=robot_ec2b source=robot_display op_id=6515
2026-08-18 13:54:34,343 [sse-robot_status] [web_gui.backend.robots.core] [INFO] [OpHistory] Completed: robot=robot_ec2b status=success goal_status=REACHED
2026-08-18 13:54:40,325 [sse-robot_status] [web_gui.backend.robots.core] [INFO] [OpHistory] Started: robot=robot_ec2b source=robot_display op_id=6516
2026-08-18 13:55:03,911 [sse-robot_status] [web_gui.backend.robots.core] [INFO] [OpHistory] Completed: robot=robot_ec2b status=success goal_status=REACHED
2026-08-18 13:55:08,876 [sse-robot_status] [web_gui.backend.robots.core] [INFO] [OpHistory] Started: robot=robot_ec2b source=robot_display op_id=6517
2026-08-18 13:55:28,871 [sse-robot_status] [web_gui.backend.robots.core] [INFO] [OpHistory] Completed: robot=robot_ec2b status=success goal_status=REACHED
2026-08-18 13:55:33,848 [sse-robot_status] [web_gui.backend.robots.core] [INFO] [OpHistory] Started: robot=robot_ec2b source=robot_display op_id=6518
2026-08-18 13:55:58,364 [sse-robot_status] [web_gui.backend.robots.core] [INFO] [OpHistory] Completed: robot=robot_ec2b status=success goal_status=REACHED
2026-08-18 13:56:03,911 [sse-robot_status] [web_gui.backend.robots.core] [INFO] [OpHistory] Started: robot=robot_ec2b source=robot_display op_id=6519
2026-08-18 13:56:23,997 [sse-robot_status] [web_gui.backend.robots.core] [INFO] [OpHistory] Completed: robot=robot_ec2b status=success goal_status=REACHED
2026-08-18 13:56:29,841 [sse-robot_status] [web_gui.backend.robots.core] [INFO] [OpHistory] Started: robot=robot_ec2b source=robot_display op_id=6520
2026-08-18 13:56:54,388 [sse-robot_status] [web_gui.backend.robots.core] [INFO] [OpHistory] Completed: robot=robot_ec2b status=success goal_status=REACHED
2026-08-18 13:56:59,812 [sse-robot_status] [web_gui.backend.robots.core] [INFO] [OpHistory] Started: robot=robot_ec2b source=robot_display op_id=6521
2026-08-18 13:57:19,816 [sse-robot_status] [web_gui.backend.robots.core] [INFO] [OpHistory] Completed: robot=robot_ec2b status=success goal_status=REACHED
2026-08-18 13:57:25,796 [sse-robot_status] [web_gui.backend.robots.core] [INFO] [OpHistory] Started: robot=robot_ec2b source=robot_display op_id=6522
2026-08-18 13:57:49,382 [sse-robot_status] [web_gui.backend.robots.core] [INFO] [OpHistory] Completed: robot=robot_ec2b status=success goal_status=REACHED
2026-08-18 13:57:55,385 [sse-robot_status] [web_gui.backend.robots.core] [INFO] [OpHistory] Started: robot=robot_ec2b source=robot_display op_id=6523
2026-08-18 13:58:15,401 [sse-robot_status] [web_gui.backend.robots.core] [INFO] [OpHistory] Completed: robot=robot_ec2b status=success goal_status=REACHED
2026-08-18 13:58:19,839 [ThreadPoolExecutor-1_1] [web_gui.backend.robots.ops] [INFO] ROS2 path topic subscribers ready for /robot_ec2b/plan
2026-08-18 13:58:20,382 [sse-robot_status] [web_gui.backend.robots.core] [INFO] [OpHistory] Started: robot=robot_ec2b source=robot_display op_id=6524
2026-08-18 13:58:24,314 [MainThread] [web_gui.backend.robots.ops] [INFO] ROS2 path topic subscribers stopped
2026-08-18 13:58:40,792 [sse-robot_status] [web_gui.backend.robots.core] [INFO] [OpHistory] Completed: robot=robot_ec2b status=success goal_status=REACHED
2026-08-18 13:58:46,388 [sse-robot_status] [web_gui.backend.robots.core] [INFO] [OpHistory] Started: robot=robot_ec2b source=robot_display op_id=6525
2026-08-18 13:59:06,785 [sse-robot_status] [web_gui.backend.robots.core] [INFO] [OpHistory] Completed: robot=robot_ec2b status=success goal_status=REACHED
2026-08-18 13:59:12,420 [sse-robot_status] [web_gui.backend.robots.core] [INFO] [OpHistory] Started: robot=robot_ec2b source=robot_display op_id=6526
2026-08-18 13:59:34,801 [sse-robot_status] [web_gui.backend.robots.core] [INFO] [OpHistory] Completed: robot=robot_ec2b status=success goal_status=REACHED
2026-08-18 13:59:40,411 [sse-robot_status] [web_gui.backend.robots.core] [INFO] [OpHistory] Started: robot=robot_ec2b source=robot_display op_id=6527
2026-08-18 14:00:00,402 [sse-robot_status] [web_gui.backend.robots.core] [INFO] [OpHistory] Completed: robot=robot_ec2b status=success goal_status=REACHED
2026-08-18 14:00:06,424 [sse-robot_status] [web_gui.backend.robots.core] [INFO] [OpHistory] Started: robot=robot_ec2b source=robot_display op_id=6528
2026-08-18 14:00:30,401 [sse-robot_status] [web_gui.backend.robots.core] [INFO] [OpHistory] Completed: robot=robot_ec2b status=success goal_status=REACHED
2026-08-18 14:00:35,797 [sse-robot_status] [web_gui.backend.robots.core] [INFO] [OpHistory] Started: robot=robot_ec2b source=robot_display op_id=6529
2026-08-18 14:00:55,805 [sse-robot_status] [web_gui.backend.robots.core] [INFO] [OpHistory] Completed: robot=robot_ec2b status=success goal_status=REACHED
2026-08-18 14:01:01,804 [sse-robot_status] [web_gui.backend.robots.core] [INFO] [OpHistory] Started: robot=robot_ec2b source=robot_display op_id=6530
2026-08-18 14:01:28,772 [sse-robot_status] [web_gui.backend.robots.core] [INFO] [OpHistory] Completed: robot=robot_ec2b status=success goal_status=REACHED
2026-08-18 14:01:34,804 [sse-robot_status] [web_gui.backend.robots.core] [INFO] [OpHistory] Started: robot=robot_ec2b source=robot_display op_id=6531
2026-08-18 14:01:54,804 [sse-robot_status] [web_gui.backend.robots.core] [INFO] [OpHistory] Completed: robot=robot_ec2b status=success goal_status=REACHED
2026-08-18 14:02:00,795 [sse-robot_status] [web_gui.backend.robots.core] [INFO] [OpHistory] Started: robot=robot_ec2b source=robot_display op_id=6532
2026-08-18 14:02:22,389 [sse-robot_status] [web_gui.backend.robots.core] [INFO] [OpHistory] Completed: robot=robot_ec2b status=success goal_status=REACHED
2026-08-18 14:02:28,815 [sse-robot_status] [web_gui.backend.robots.core] [INFO] [OpHistory] Started: robot=robot_ec2b source=robot_display op_id=6533
2026-08-18 14:02:48,813 [sse-robot_status] [web_gui.backend.robots.core] [INFO] [OpHistory] Completed: robot=robot_ec2b status=success goal_status=REACHED
2026-08-18 14:02:54,399 [sse-robot_status] [web_gui.backend.robots.core] [INFO] [OpHistory] Started: robot=robot_ec2b source=robot_display op_id=6534
2026-08-18 14:03:19,417 [sse-robot_status] [web_gui.backend.robots.core] [INFO] [OpHistory] Completed: robot=robot_ec2b status=success goal_status=REACHED
2026-08-18 14:03:24,414 [sse-robot_status] [web_gui.backend.robots.core] [INFO] [OpHistory] Started: robot=robot_ec2b source=robot_display op_id=6535
2026-08-18 14:03:44,414 [sse-robot_status] [web_gui.backend.robots.core] [INFO] [OpHistory] Completed: robot=robot_ec2b status=success goal_status=REACHED
2026-08-18 14:03:49,386 [sse-robot_status] [web_gui.backend.robots.core] [INFO] [OpHistory] Started: robot=robot_ec2b source=robot_display op_id=6536
2026-08-18 14:04:10,432 [sse-robot_status] [web_gui.backend.robots.core] [INFO] [OpHistory] Completed: robot=robot_ec2b status=success goal_status=REACHED
2026-08-18 14:04:15,814 [sse-robot_status] [web_gui.backend.robots.core] [INFO] [OpHistory] Started: robot=robot_ec2b source=robot_display op_id=6537
2026-08-18 14:04:35,841 [sse-robot_status] [web_gui.backend.robots.core] [INFO] [OpHistory] Completed: robot=robot_ec2b status=success goal_status=REACHED
2026-08-18 14:04:41,400 [sse-robot_status] [web_gui.backend.robots.core] [INFO] [OpHistory] Started: robot=robot_ec2b source=robot_display op_id=6538
2026-08-18 14:05:01,799 [sse-robot_status] [web_gui.backend.robots.core] [INFO] [OpHistory] Completed: robot=robot_ec2b status=success goal_status=REACHED
2026-08-18 14:05:07,400 [sse-robot_status] [web_gui.backend.robots.core] [INFO] [OpHistory] Started: robot=robot_ec2b source=robot_display op_id=6539
2026-08-18 14:05:10,763 [ThreadPoolExecutor-1_2] [web_gui.backend.robots.ops] [INFO] ROS2 path topic subscribers ready for /robot_ec2b/plan
2026-08-18 14:05:16,960 [MainThread] [web_gui.backend.robots.ops] [INFO] ROS2 path topic subscribers stopped
2026-08-18 14:05:27,454 [sse-robot_status] [web_gui.backend.robots.core] [INFO] [OpHistory] Completed: robot=robot_ec2b status=success goal_status=REACHED
2026-08-18 14:05:33,399 [sse-robot_status] [web_gui.backend.robots.core] [INFO] [OpHistory] Started: robot=robot_ec2b source=robot_display op_id=6540
2026-08-18 14:05:57,829 [sse-robot_status] [web_gui.backend.robots.core] [INFO] [OpHistory] Completed: robot=robot_ec2b status=success goal_status=REACHED
2026-08-18 14:06:03,421 [sse-robot_status] [web_gui.backend.robots.core] [INFO] [OpHistory] Started: robot=robot_ec2b source=robot_display op_id=6541
2026-08-18 14:06:23,410 [sse-robot_status] [web_gui.backend.robots.core] [INFO] [OpHistory] Completed: robot=robot_ec2b status=success goal_status=REACHED
2026-08-18 14:06:29,385 [sse-robot_status] [web_gui.backend.robots.core] [INFO] [OpHistory] Started: robot=robot_ec2b source=robot_display op_id=6542
2026-08-18 14:06:52,799 [sse-robot_status] [web_gui.backend.robots.core] [INFO] [OpHistory] Completed: robot=robot_ec2b status=success goal_status=REACHED
2026-08-18 14:06:57,804 [sse-robot_status] [web_gui.backend.robots.core] [INFO] [OpHistory] Started: robot=robot_ec2b source=robot_display op_id=6543
2026-08-18 14:07:18,403 [sse-robot_status] [web_gui.backend.robots.core] [INFO] [OpHistory] Completed: robot=robot_ec2b status=success goal_status=REACHED
2026-08-18 14:07:23,832 [sse-robot_status] [web_gui.backend.robots.core] [INFO] [OpHistory] Started: robot=robot_ec2b source=robot_display op_id=6544
2026-08-18 14:07:49,831 [sse-robot_status] [web_gui.backend.robots.core] [INFO] [OpHistory] Completed: robot=robot_ec2b status=success goal_status=REACHED
2026-08-18 14:07:55,805 [sse-robot_status] [web_gui.backend.robots.core] [INFO] [OpHistory] Started: robot=robot_ec2b source=robot_display op_id=6545
2026-08-18 14:08:15,791 [sse-robot_status] [web_gui.backend.robots.core] [INFO] [OpHistory] Completed: robot=robot_ec2b status=success goal_status=REACHED
2026-08-18 14:08:21,810 [sse-robot_status] [web_gui.backend.robots.core] [INFO] [OpHistory] Started: robot=robot_ec2b source=robot_display op_id=6546
2026-08-18 14:08:45,826 [sse-robot_status] [web_gui.backend.robots.core] [INFO] [OpHistory] Completed: robot=robot_ec2b status=success goal_status=REACHED
2026-08-18 14:08:51,803 [sse-robot_status] [web_gui.backend.robots.core] [INFO] [OpHistory] Started: robot=robot_ec2b source=robot_display op_id=6547
2026-08-18 14:09:12,403 [sse-robot_status] [web_gui.backend.robots.core] [INFO] [OpHistory] Completed: robot=robot_ec2b status=success goal_status=REACHED
2026-08-18 14:09:18,422 [sse-robot_status] [web_gui.backend.robots.core] [INFO] [OpHistory] Started: robot=robot_ec2b source=robot_display op_id=6548
2026-08-18 14:09:42,791 [sse-robot_status] [web_gui.backend.robots.core] [INFO] [OpHistory] Completed: robot=robot_ec2b status=success goal_status=REACHED
2026-08-18 14:09:48,377 [sse-robot_status] [web_gui.backend.robots.core] [INFO] [OpHistory] Started: robot=robot_ec2b source=robot_display op_id=6549
2026-08-18 14:10:08,809 [sse-robot_status] [web_gui.backend.robots.core] [INFO] [OpHistory] Completed: robot=robot_ec2b status=success goal_status=REACHED
2026-08-18 14:10:14,382 [sse-robot_status] [web_gui.backend.robots.core] [INFO] [OpHistory] Started: robot=robot_ec2b source=robot_display op_id=6550
2026-08-18 14:10:38,409 [sse-robot_status] [web_gui.backend.robots.core] [INFO] [OpHistory] Completed: robot=robot_ec2b status=success goal_status=REACHED
2026-08-18 14:10:44,400 [sse-robot_status] [web_gui.backend.robots.core] [INFO] [OpHistory] Started: robot=robot_ec2b source=robot_display op_id=6551
2026-08-18 14:11:04,823 [sse-robot_status] [web_gui.backend.robots.core] [INFO] [OpHistory] Completed: robot=robot_ec2b status=success goal_status=REACHED
2026-08-18 14:11:10,400 [sse-robot_status] [web_gui.backend.robots.core] [INFO] [OpHistory] Started: robot=robot_ec2b source=robot_display op_id=6552
2026-08-18 14:11:34,411 [sse-robot_status] [web_gui.backend.robots.core] [INFO] [OpHistory] Completed: robot=robot_ec2b status=success goal_status=REACHED
2026-08-18 14:11:40,363 [sse-robot_status] [web_gui.backend.robots.core] [INFO] [OpHistory] Started: robot=robot_ec2b source=robot_display op_id=6553
2026-08-18 14:12:00,396 [sse-robot_status] [web_gui.backend.robots.core] [INFO] [OpHistory] Completed: robot=robot_ec2b status=success goal_status=REACHED
2026-08-18 14:12:06,385 [sse-robot_status] [web_gui.backend.robots.core] [INFO] [OpHistory] Started: robot=robot_ec2b source=robot_display op_id=6554
2026-08-18 14:12:32,391 [sse-robot_status] [web_gui.backend.robots.core] [INFO] [OpHistory] Completed: robot=robot_ec2b status=success goal_status=REACHED
2026-08-18 14:12:38,370 [sse-robot_status] [web_gui.backend.robots.core] [INFO] [OpHistory] Started: robot=robot_ec2b source=robot_display op_id=6555
2026-08-18 14:12:58,802 [sse-robot_status] [web_gui.backend.robots.core] [INFO] [OpHistory] Completed: robot=robot_ec2b status=success goal_status=REACHED
2026-08-18 14:13:03,837 [sse-robot_status] [web_gui.backend.robots.core] [INFO] [OpHistory] Started: robot=robot_ec2b source=robot_display op_id=6556
2026-08-18 14:13:28,398 [sse-robot_status] [web_gui.backend.robots.core] [INFO] [OpHistory] Completed: robot=robot_ec2b status=success goal_status=REACHED
2026-08-18 14:13:33,832 [sse-robot_status] [web_gui.backend.robots.core] [INFO] [OpHistory] Started: robot=robot_ec2b source=robot_display op_id=6557
2026-08-18 14:13:54,410 [sse-robot_status] [web_gui.backend.robots.core] [INFO] [OpHistory] Completed: robot=robot_ec2b status=success goal_status=REACHED
2026-08-18 14:13:59,760 [sse-robot_status] [web_gui.backend.robots.core] [INFO] [OpHistory] Started: robot=robot_ec2b source=robot_display op_id=6558
2026-08-18 14:14:02,647 [ThreadPoolExecutor-1_2] [web_gui.backend.robots.ops] [INFO] ROS2 path topic subscribers ready for /robot_ec2b/plan
2026-08-18 14:14:24,384 [sse-robot_status] [web_gui.backend.robots.core] [INFO] [OpHistory] Completed: robot=robot_ec2b status=success goal_status=REACHED
2026-08-18 14:14:24,396 [ThreadPoolExecutor-1_0] [web_gui.backend.robots.ops] [INFO] ROS2 path topic subscribers stopped
2026-08-18 14:14:29,437 [ThreadPoolExecutor-1_0] [web_gui.backend.robots.ops] [INFO] ROS2 path topic subscribers ready for /robot_ec2b/plan
2026-08-18 14:14:29,834 [sse-robot_status] [web_gui.backend.robots.core] [INFO] [OpHistory] Started: robot=robot_ec2b source=robot_display op_id=6559
2026-08-18 14:14:49,816 [sse-robot_status] [web_gui.backend.robots.core] [INFO] [OpHistory] Completed: robot=robot_ec2b status=success goal_status=REACHED
2026-08-18 14:14:49,823 [ThreadPoolExecutor-1_2] [web_gui.backend.robots.ops] [INFO] ROS2 path topic subscribers stopped
2026-08-18 14:14:55,423 [ThreadPoolExecutor-1_1] [web_gui.backend.robots.ops] [INFO] ROS2 path topic subscribers ready for /robot_ec2b/plan
2026-08-18 14:14:55,823 [sse-robot_status] [web_gui.backend.robots.core] [INFO] [OpHistory] Started: robot=robot_ec2b source=robot_display op_id=6560
2026-08-18 14:15:19,806 [sse-robot_status] [web_gui.backend.robots.core] [INFO] [OpHistory] Completed: robot=robot_ec2b status=success goal_status=REACHED
2026-08-18 14:15:19,818 [ThreadPoolExecutor-1_1] [web_gui.backend.robots.ops] [INFO] ROS2 path topic subscribers stopped
2026-08-18 14:15:25,330 [sse-robot_status] [web_gui.backend.robots.core] [INFO] [OpHistory] Started: robot=robot_ec2b source=robot_display op_id=6561
2026-08-18 14:15:25,396 [ThreadPoolExecutor-1_0] [web_gui.backend.robots.ops] [INFO] ROS2 path topic subscribers ready for /robot_ec2b/plan
2026-08-18 14:15:45,402 [sse-robot_status] [web_gui.backend.robots.core] [INFO] [OpHistory] Completed: robot=robot_ec2b status=success goal_status=REACHED
2026-08-18 14:15:45,412 [ThreadPoolExecutor-1_1] [web_gui.backend.robots.ops] [INFO] ROS2 path topic subscribers stopped
2026-08-18 14:15:50,799 [ThreadPoolExecutor-1_0] [web_gui.backend.robots.ops] [INFO] ROS2 path topic subscribers ready for /robot_ec2b/plan
2026-08-18 14:15:51,405 [sse-robot_status] [web_gui.backend.robots.core] [INFO] [OpHistory] Started: robot=robot_ec2b source=robot_display op_id=6562
2026-08-18 14:16:16,514 [sse-robot_status] [web_gui.backend.robots.core] [INFO] [OpHistory] Completed: robot=robot_ec2b status=success goal_status=REACHED
2026-08-18 14:16:16,538 [ThreadPoolExecutor-1_2] [web_gui.backend.robots.ops] [INFO] ROS2 path topic subscribers stopped
2026-08-18 14:16:21,801 [ThreadPoolExecutor-1_1] [web_gui.backend.robots.ops] [INFO] ROS2 path topic subscribers ready for /robot_ec2b/plan
2026-08-18 14:16:22,396 [sse-robot_status] [web_gui.backend.robots.core] [INFO] [OpHistory] Started: robot=robot_ec2b source=robot_display op_id=6563
2026-08-18 14:16:42,779 [sse-robot_status] [web_gui.backend.robots.core] [INFO] [OpHistory] Completed: robot=robot_ec2b status=success goal_status=REACHED
2026-08-18 14:16:42,790 [ThreadPoolExecutor-1_1] [web_gui.backend.robots.ops] [INFO] ROS2 path topic subscribers stopped
2026-08-18 14:16:47,825 [ThreadPoolExecutor-1_0] [web_gui.backend.robots.ops] [INFO] ROS2 path topic subscribers ready for /robot_ec2b/plan
2026-08-18 14:16:48,407 [sse-robot_status] [web_gui.backend.robots.core] [INFO] [OpHistory] Started: robot=robot_ec2b source=robot_display op_id=6564
2026-08-18 14:17:11,787 [sse-robot_status] [web_gui.backend.robots.core] [INFO] [OpHistory] Completed: robot=robot_ec2b status=success goal_status=REACHED
2026-08-18 14:17:11,801 [ThreadPoolExecutor-1_1] [web_gui.backend.robots.ops] [INFO] ROS2 path topic subscribers stopped
2026-08-18 14:17:17,818 [ThreadPoolExecutor-1_2] [web_gui.backend.robots.ops] [INFO] ROS2 path topic subscribers ready for /robot_ec2b/plan
2026-08-18 14:17:18,368 [sse-robot_status] [web_gui.backend.robots.core] [INFO] [OpHistory] Started: robot=robot_ec2b source=robot_display op_id=6565
2026-08-18 14:17:38,817 [sse-robot_status] [web_gui.backend.robots.core] [INFO] [OpHistory] Completed: robot=robot_ec2b status=success goal_status=REACHED
2026-08-18 14:17:38,825 [ThreadPoolExecutor-1_0] [web_gui.backend.robots.ops] [INFO] ROS2 path topic subscribers stopped
2026-08-18 14:17:44,347 [ThreadPoolExecutor-1_1] [web_gui.backend.robots.ops] [INFO] ROS2 path topic subscribers ready for /robot_ec2b/plan
2026-08-18 14:17:44,920 [sse-robot_status] [web_gui.backend.robots.core] [INFO] [OpHistory] Started: robot=robot_ec2b source=robot_display op_id=6566
2026-08-18 14:18:11,363 [sse-robot_status] [web_gui.backend.robots.core] [INFO] [OpHistory] Completed: robot=robot_ec2b status=success goal_status=REACHED
2026-08-18 14:18:11,372 [ThreadPoolExecutor-1_1] [web_gui.backend.robots.ops] [INFO] ROS2 path topic subscribers stopped
2026-08-18 14:18:16,474 [ThreadPoolExecutor-1_1] [web_gui.backend.robots.ops] [INFO] ROS2 path topic subscribers ready for /robot_ec2b/plan
2026-08-18 14:18:16,860 [sse-robot_status] [web_gui.backend.robots.core] [INFO] [OpHistory] Started: robot=robot_ec2b source=robot_display op_id=6567
2026-08-18 14:18:36,936 [sse-robot_status] [web_gui.backend.robots.core] [INFO] [OpHistory] Completed: robot=robot_ec2b status=success goal_status=REACHED
2026-08-18 14:18:36,949 [ThreadPoolExecutor-1_2] [web_gui.backend.robots.ops] [INFO] ROS2 path topic subscribers stopped
2026-08-18 14:18:42,438 [ThreadPoolExecutor-1_0] [web_gui.backend.robots.ops] [INFO] ROS2 path topic subscribers ready for /robot_ec2b/plan
2026-08-18 14:18:42,811 [sse-robot_status] [web_gui.backend.robots.core] [INFO] [OpHistory] Started: robot=robot_ec2b source=robot_display op_id=6568
2026-08-18 14:19:06,421 [sse-robot_status] [web_gui.backend.robots.core] [INFO] [OpHistory] Completed: robot=robot_ec2b status=success goal_status=REACHED
2026-08-18 14:19:06,432 [ThreadPoolExecutor-1_0] [web_gui.backend.robots.ops] [INFO] ROS2 path topic subscribers stopped
2026-08-18 14:19:11,588 [ThreadPoolExecutor-1_2] [web_gui.backend.robots.ops] [INFO] ROS2 path topic subscribers ready for /robot_ec2b/plan
2026-08-18 14:19:11,808 [sse-robot_status] [web_gui.backend.robots.core] [INFO] [OpHistory] Started: robot=robot_ec2b source=robot_display op_id=6569
2026-08-18 14:19:31,797 [sse-robot_status] [web_gui.backend.robots.core] [INFO] [OpHistory] Completed: robot=robot_ec2b status=success goal_status=REACHED
2026-08-18 14:19:31,804 [ThreadPoolExecutor-1_1] [web_gui.backend.robots.ops] [INFO] ROS2 path topic subscribers stopped
2026-08-18 14:19:37,337 [sse-robot_status] [web_gui.backend.robots.core] [INFO] [OpHistory] Started: robot=robot_ec2b source=robot_display op_id=6570
2026-08-18 14:19:37,366 [ThreadPoolExecutor-1_0] [web_gui.backend.robots.ops] [INFO] ROS2 path topic subscribers ready for /robot_ec2b/plan
2026-08-18 14:20:05,833 [sse-robot_status] [web_gui.backend.robots.core] [INFO] [OpHistory] Completed: robot=robot_ec2b status=success goal_status=REACHED
2026-08-18 14:20:05,844 [ThreadPoolExecutor-1_1] [web_gui.backend.robots.ops] [INFO] ROS2 path topic subscribers stopped
2026-08-18 14:20:10,825 [ThreadPoolExecutor-1_0] [web_gui.backend.robots.ops] [INFO] ROS2 path topic subscribers ready for /robot_ec2b/plan
2026-08-18 14:20:11,368 [sse-robot_status] [web_gui.backend.robots.core] [INFO] [OpHistory] Started: robot=robot_ec2b source=robot_display op_id=6571
2026-08-18 14:20:31,375 [sse-robot_status] [web_gui.backend.robots.core] [INFO] [OpHistory] Completed: robot=robot_ec2b status=success goal_status=REACHED
2026-08-18 14:20:31,386 [ThreadPoolExecutor-1_2] [web_gui.backend.robots.ops] [INFO] ROS2 path topic subscribers stopped
2026-08-18 14:20:36,890 [ThreadPoolExecutor-1_1] [web_gui.backend.robots.ops] [INFO] ROS2 path topic subscribers ready for /robot_ec2b/plan
2026-08-18 14:20:37,454 [sse-robot_status] [web_gui.backend.robots.core] [INFO] [OpHistory] Started: robot=robot_ec2b source=robot_display op_id=6572
2026-08-18 14:21:01,805 [sse-robot_status] [web_gui.backend.robots.core] [INFO] [OpHistory] Completed: robot=robot_ec2b status=success goal_status=REACHED
2026-08-18 14:21:01,814 [ThreadPoolExecutor-1_0] [web_gui.backend.robots.ops] [INFO] ROS2 path topic subscribers stopped
2026-08-18 14:21:06,806 [ThreadPoolExecutor-1_2] [web_gui.backend.robots.ops] [INFO] ROS2 path topic subscribers ready for /robot_ec2b/plan
2026-08-18 14:21:07,393 [sse-robot_status] [web_gui.backend.robots.core] [INFO] [OpHistory] Started: robot=robot_ec2b source=robot_display op_id=6573
2026-08-18 14:21:27,369 [sse-robot_status] [web_gui.backend.robots.core] [INFO] [OpHistory] Completed: robot=robot_ec2b status=success goal_status=REACHED
2026-08-18 14:21:27,374 [ThreadPoolExecutor-1_0] [web_gui.backend.robots.ops] [INFO] ROS2 path topic subscribers stopped
2026-08-18 14:21:32,800 [ThreadPoolExecutor-1_2] [web_gui.backend.robots.ops] [INFO] ROS2 path topic subscribers ready for /robot_ec2b/plan
2026-08-18 14:21:33,352 [sse-robot_status] [web_gui.backend.robots.core] [INFO] [OpHistory] Started: robot=robot_ec2b source=robot_display op_id=6574
2026-08-18 14:21:57,791 [sse-robot_status] [web_gui.backend.robots.core] [INFO] [OpHistory] Completed: robot=robot_ec2b status=success goal_status=REACHED
2026-08-18 14:21:57,801 [ThreadPoolExecutor-1_1] [web_gui.backend.robots.ops] [INFO] ROS2 path topic subscribers stopped
2026-08-18 14:22:03,874 [ThreadPoolExecutor-1_0] [web_gui.backend.robots.ops] [INFO] ROS2 path topic subscribers ready for /robot_ec2b/plan
2026-08-18 14:22:04,422 [sse-robot_status] [web_gui.backend.robots.core] [INFO] [OpHistory] Started: robot=robot_ec2b source=robot_display op_id=6575
2026-08-18 14:22:24,896 [sse-robot_status] [web_gui.backend.robots.core] [INFO] [OpHistory] Completed: robot=robot_ec2b status=success goal_status=REACHED
2026-08-18 14:22:24,905 [ThreadPoolExecutor-1_0] [web_gui.backend.robots.ops] [INFO] ROS2 path topic subscribers stopped
2026-08-18 14:22:29,457 [ThreadPoolExecutor-1_2] [web_gui.backend.robots.ops] [INFO] ROS2 path topic subscribers ready for /robot_ec2b/plan
2026-08-18 14:22:29,868 [sse-robot_status] [web_gui.backend.robots.core] [INFO] [OpHistory] Started: robot=robot_ec2b source=robot_display op_id=6576
2026-08-18 14:22:54,417 [sse-robot_status] [web_gui.backend.robots.core] [INFO] [OpHistory] Completed: robot=robot_ec2b status=success goal_status=REACHED
2026-08-18 14:22:54,425 [ThreadPoolExecutor-1_1] [web_gui.backend.robots.ops] [INFO] ROS2 path topic subscribers stopped
2026-08-18 14:22:59,802 [ThreadPoolExecutor-1_1] [web_gui.backend.robots.ops] [INFO] ROS2 path topic subscribers ready for /robot_ec2b/plan
2026-08-18 14:23:00,348 [sse-robot_status] [web_gui.backend.robots.core] [INFO] [OpHistory] Started: robot=robot_ec2b source=robot_display op_id=6577
2026-08-18 14:23:20,828 [sse-robot_status] [web_gui.backend.robots.core] [INFO] [OpHistory] Completed: robot=robot_ec2b status=success goal_status=REACHED
2026-08-18 14:23:20,837 [ThreadPoolExecutor-1_2] [web_gui.backend.robots.ops] [INFO] ROS2 path topic subscribers stopped
2026-08-18 14:23:25,812 [sse-robot_status] [web_gui.backend.robots.core] [INFO] [OpHistory] Started: robot=robot_ec2b source=robot_display op_id=6578
2026-08-18 14:23:25,841 [ThreadPoolExecutor-1_0] [web_gui.backend.robots.ops] [INFO] ROS2 path topic subscribers ready for /robot_ec2b/plan
2026-08-18 14:23:49,954 [sse-robot_status] [web_gui.backend.robots.core] [INFO] [OpHistory] Completed: robot=robot_ec2b status=success goal_status=REACHED
2026-08-18 14:23:49,962 [ThreadPoolExecutor-1_2] [web_gui.backend.robots.ops] [INFO] ROS2 path topic subscribers stopped
2026-08-18 14:23:55,457 [ThreadPoolExecutor-1_1] [web_gui.backend.robots.ops] [INFO] ROS2 path topic subscribers ready for /robot_ec2b/plan
2026-08-18 14:23:55,844 [sse-robot_status] [web_gui.backend.robots.core] [INFO] [OpHistory] Started: robot=robot_ec2b source=robot_display op_id=6579
2026-08-18 14:24:15,847 [sse-robot_status] [web_gui.backend.robots.core] [INFO] [OpHistory] Completed: robot=robot_ec2b status=success goal_status=REACHED
2026-08-18 14:24:15,856 [ThreadPoolExecutor-1_0] [web_gui.backend.robots.ops] [INFO] ROS2 path topic subscribers stopped
2026-08-18 14:24:21,395 [ThreadPoolExecutor-1_1] [web_gui.backend.robots.ops] [INFO] ROS2 path topic subscribers ready for /robot_ec2b/plan
2026-08-18 14:24:21,791 [sse-robot_status] [web_gui.backend.robots.core] [INFO] [OpHistory] Started: robot=robot_ec2b source=robot_display op_id=6580
2026-08-18 14:24:41,919 [sse-robot_status] [web_gui.backend.robots.core] [INFO] [OpHistory] Completed: robot=robot_ec2b status=success goal_status=REACHED
2026-08-18 14:24:41,925 [ThreadPoolExecutor-1_2] [web_gui.backend.robots.ops] [INFO] ROS2 path topic subscribers stopped
2026-08-18 14:24:47,373 [ThreadPoolExecutor-1_0] [web_gui.backend.robots.ops] [INFO] ROS2 path topic subscribers ready for /robot_ec2b/plan
2026-08-18 14:24:47,759 [sse-robot_status] [web_gui.backend.robots.core] [INFO] [OpHistory] Started: robot=robot_ec2b source=robot_display op_id=6581
2026-08-18 14:25:08,436 [sse-robot_status] [web_gui.backend.robots.core] [INFO] [OpHistory] Completed: robot=robot_ec2b status=success goal_status=REACHED
2026-08-18 14:25:08,441 [ThreadPoolExecutor-1_2] [web_gui.backend.robots.ops] [INFO] ROS2 path topic subscribers stopped
2026-08-18 14:25:13,417 [ThreadPoolExecutor-1_2] [web_gui.backend.robots.ops] [INFO] ROS2 path topic subscribers ready for /robot_ec2b/plan
2026-08-18 14:25:13,809 [sse-robot_status] [web_gui.backend.robots.core] [INFO] [OpHistory] Started: robot=robot_ec2b source=robot_display op_id=6582
2026-08-18 14:25:36,814 [sse-robot_status] [web_gui.backend.robots.core] [INFO] [OpHistory] Completed: robot=robot_ec2b status=success goal_status=REACHED
2026-08-18 14:25:36,822 [ThreadPoolExecutor-1_1] [web_gui.backend.robots.ops] [INFO] ROS2 path topic subscribers stopped
2026-08-18 14:25:41,861 [ThreadPoolExecutor-1_0] [web_gui.backend.robots.ops] [INFO] ROS2 path topic subscribers ready for /robot_ec2b/plan
2026-08-18 14:25:42,401 [sse-robot_status] [web_gui.backend.robots.core] [INFO] [OpHistory] Started: robot=robot_ec2b source=robot_display op_id=6583
2026-08-18 14:26:02,425 [sse-robot_status] [web_gui.backend.robots.core] [INFO] [OpHistory] Completed: robot=robot_ec2b status=success goal_status=REACHED
2026-08-18 14:26:02,432 [ThreadPoolExecutor-1_1] [web_gui.backend.robots.ops] [INFO] ROS2 path topic subscribers stopped
2026-08-18 14:26:07,915 [ThreadPoolExecutor-1_2] [web_gui.backend.robots.ops] [INFO] ROS2 path topic subscribers ready for /robot_ec2b/plan
2026-08-18 14:26:08,326 [sse-robot_status] [web_gui.backend.robots.core] [INFO] [OpHistory] Started: robot=robot_ec2b source=robot_display op_id=6584
2026-08-18 14:26:35,402 [sse-robot_status] [web_gui.backend.robots.core] [INFO] [OpHistory] Completed: robot=robot_ec2b status=success goal_status=REACHED
2026-08-18 14:26:35,410 [ThreadPoolExecutor-1_2] [web_gui.backend.robots.ops] [INFO] ROS2 path topic subscribers stopped
2026-08-18 14:26:40,816 [ThreadPoolExecutor-1_1] [web_gui.backend.robots.ops] [INFO] ROS2 path topic subscribers ready for /robot_ec2b/plan
2026-08-18 14:26:41,372 [sse-robot_status] [web_gui.backend.robots.core] [INFO] [OpHistory] Started: robot=robot_ec2b source=robot_display op_id=6585
2026-08-18 14:27:01,802 [sse-robot_status] [web_gui.backend.robots.core] [INFO] [OpHistory] Completed: robot=robot_ec2b status=success goal_status=REACHED
2026-08-18 14:27:01,811 [ThreadPoolExecutor-1_2] [web_gui.backend.robots.ops] [INFO] ROS2 path topic subscribers stopped
2026-08-18 14:27:06,831 [ThreadPoolExecutor-1_1] [web_gui.backend.robots.ops] [INFO] ROS2 path topic subscribers ready for /robot_ec2b/plan
2026-08-18 14:27:07,357 [sse-robot_status] [web_gui.backend.robots.core] [INFO] [OpHistory] Started: robot=robot_ec2b source=robot_display op_id=6586
2026-08-18 14:27:31,378 [sse-robot_status] [web_gui.backend.robots.core] [INFO] [OpHistory] Completed: robot=robot_ec2b status=success goal_status=REACHED
2026-08-18 14:27:31,385 [ThreadPoolExecutor-1_1] [web_gui.backend.robots.ops] [INFO] ROS2 path topic subscribers stopped
2026-08-18 14:27:36,826 [ThreadPoolExecutor-1_2] [web_gui.backend.robots.ops] [INFO] ROS2 path topic subscribers ready for /robot_ec2b/plan
2026-08-18 14:27:37,377 [sse-robot_status] [web_gui.backend.robots.core] [INFO] [OpHistory] Started: robot=robot_ec2b source=robot_display op_id=6587
2026-08-18 14:27:57,381 [sse-robot_status] [web_gui.backend.robots.core] [INFO] [OpHistory] Completed: robot=robot_ec2b status=success goal_status=REACHED
2026-08-18 14:27:57,389 [ThreadPoolExecutor-1_0] [web_gui.backend.robots.ops] [INFO] ROS2 path topic subscribers stopped
2026-08-18 14:28:02,912 [sse-robot_status] [web_gui.backend.robots.core] [INFO] [OpHistory] Started: robot=robot_ec2b source=robot_display op_id=6588
2026-08-18 14:28:02,940 [ThreadPoolExecutor-1_0] [web_gui.backend.robots.ops] [INFO] ROS2 path topic subscribers ready for /robot_ec2b/plan
2026-08-18 14:28:25,440 [sse-robot_status] [web_gui.backend.robots.core] [INFO] [OpHistory] Completed: robot=robot_ec2b status=success goal_status=REACHED
2026-08-18 14:28:25,449 [ThreadPoolExecutor-1_2] [web_gui.backend.robots.ops] [INFO] ROS2 path topic subscribers stopped
2026-08-18 14:28:30,357 [ThreadPoolExecutor-1_1] [web_gui.backend.robots.ops] [INFO] ROS2 path topic subscribers ready for /robot_ec2b/plan
2026-08-18 14:28:30,919 [sse-robot_status] [web_gui.backend.robots.core] [INFO] [OpHistory] Started: robot=robot_ec2b source=robot_display op_id=6589
2026-08-18 14:28:51,338 [sse-robot_status] [web_gui.backend.robots.core] [INFO] [OpHistory] Completed: robot=robot_ec2b status=success goal_status=REACHED
2026-08-18 14:28:51,354 [ThreadPoolExecutor-1_2] [web_gui.backend.robots.ops] [INFO] ROS2 path topic subscribers stopped
2026-08-18 14:28:56,459 [ThreadPoolExecutor-1_2] [web_gui.backend.robots.ops] [INFO] ROS2 path topic subscribers ready for /robot_ec2b/plan
2026-08-18 14:28:56,862 [sse-robot_status] [web_gui.backend.robots.core] [INFO] [OpHistory] Started: robot=robot_ec2b source=robot_display op_id=6590
2026-08-18 14:29:21,364 [sse-robot_status] [web_gui.backend.robots.core] [INFO] [OpHistory] Completed: robot=robot_ec2b status=success goal_status=REACHED
2026-08-18 14:29:21,373 [ThreadPoolExecutor-1_1] [web_gui.backend.robots.ops] [INFO] ROS2 path topic subscribers stopped
2026-08-18 14:29:26,339 [ThreadPoolExecutor-1_2] [web_gui.backend.robots.ops] [INFO] ROS2 path topic subscribers ready for /robot_ec2b/plan
2026-08-18 14:29:26,884 [sse-robot_status] [web_gui.backend.robots.core] [INFO] [OpHistory] Started: robot=robot_ec2b source=robot_display op_id=6591
2026-08-18 14:29:46,838 [sse-robot_status] [web_gui.backend.robots.core] [INFO] [OpHistory] Completed: robot=robot_ec2b status=success goal_status=REACHED
2026-08-18 14:29:46,847 [ThreadPoolExecutor-1_1] [web_gui.backend.robots.ops] [INFO] ROS2 path topic subscribers stopped
2026-08-18 14:29:52,350 [ThreadPoolExecutor-1_2] [web_gui.backend.robots.ops] [INFO] ROS2 path topic subscribers ready for /robot_ec2b/plan
2026-08-18 14:29:52,925 [sse-robot_status] [web_gui.backend.robots.core] [INFO] [OpHistory] Started: robot=robot_ec2b source=robot_display op_id=6592
2026-08-18 14:30:17,366 [sse-robot_status] [web_gui.backend.robots.core] [INFO] [OpHistory] Completed: robot=robot_ec2b status=success goal_status=REACHED
2026-08-18 14:30:17,378 [ThreadPoolExecutor-1_2] [web_gui.backend.robots.ops] [INFO] ROS2 path topic subscribers stopped
2026-08-18 14:30:22,360 [sse-robot_status] [web_gui.backend.robots.core] [INFO] [OpHistory] Started: robot=robot_ec2b source=robot_display op_id=6593
2026-08-18 14:30:22,394 [ThreadPoolExecutor-1_0] [web_gui.backend.robots.ops] [INFO] ROS2 path topic subscribers ready for /robot_ec2b/plan
2026-08-18 14:30:43,324 [sse-robot_status] [web_gui.backend.robots.core] [INFO] [OpHistory] Completed: robot=robot_ec2b status=success goal_status=REACHED
2026-08-18 14:30:43,336 [ThreadPoolExecutor-1_2] [web_gui.backend.robots.ops] [INFO] ROS2 path topic subscribers stopped
2026-08-18 14:30:47,922 [ThreadPoolExecutor-1_1] [web_gui.backend.robots.ops] [INFO] ROS2 path topic subscribers ready for /robot_ec2b/plan
2026-08-18 14:30:48,508 [sse-robot_status] [web_gui.backend.robots.core] [INFO] [OpHistory] Started: robot=robot_ec2b source=robot_display op_id=6594
2026-08-18 14:31:09,894 [sse-robot_status] [web_gui.backend.robots.core] [INFO] [OpHistory] Completed: robot=robot_ec2b status=success goal_status=REACHED
2026-08-18 14:31:09,908 [ThreadPoolExecutor-1_1] [web_gui.backend.robots.ops] [INFO] ROS2 path topic subscribers stopped
2026-08-18 14:31:14,859 [ThreadPoolExecutor-1_2] [web_gui.backend.robots.ops] [INFO] ROS2 path topic subscribers ready for /robot_ec2b/plan
2026-08-18 14:31:15,416 [sse-robot_status] [web_gui.backend.robots.core] [INFO] [OpHistory] Started: robot=robot_ec2b source=robot_display op_id=6595
2026-08-18 14:31:35,336 [sse-robot_status] [web_gui.backend.robots.core] [INFO] [OpHistory] Completed: robot=robot_ec2b status=success goal_status=REACHED
2026-08-18 14:31:35,344 [ThreadPoolExecutor-1_0] [web_gui.backend.robots.ops] [INFO] ROS2 path topic subscribers stopped
2026-08-18 14:31:40,865 [ThreadPoolExecutor-1_2] [web_gui.backend.robots.ops] [INFO] ROS2 path topic subscribers ready for /robot_ec2b/plan
2026-08-18 14:31:41,402 [sse-robot_status] [web_gui.backend.robots.core] [INFO] [OpHistory] Started: robot=robot_ec2b source=robot_display op_id=6596
2026-08-18 14:32:01,813 [sse-robot_status] [web_gui.backend.robots.core] [INFO] [OpHistory] Completed: robot=robot_ec2b status=success goal_status=REACHED
2026-08-18 14:32:01,827 [ThreadPoolExecutor-1_2] [web_gui.backend.robots.ops] [INFO] ROS2 path topic subscribers stopped
2026-08-18 14:32:06,819 [ThreadPoolExecutor-1_0] [web_gui.backend.robots.ops] [INFO] ROS2 path topic subscribers ready for /robot_ec2b/plan
2026-08-18 14:32:07,364 [sse-robot_status] [web_gui.backend.robots.core] [INFO] [OpHistory] Started: robot=robot_ec2b source=robot_display op_id=6597
2026-08-18 14:32:27,358 [sse-robot_status] [web_gui.backend.robots.core] [INFO] [OpHistory] Completed: robot=robot_ec2b status=success goal_status=REACHED
2026-08-18 14:32:27,364 [ThreadPoolExecutor-1_0] [web_gui.backend.robots.ops] [INFO] ROS2 path topic subscribers stopped
2026-08-18 14:32:32,808 [ThreadPoolExecutor-1_2] [web_gui.backend.robots.ops] [INFO] ROS2 path topic subscribers ready for /robot_ec2b/plan
2026-08-18 14:32:33,356 [sse-robot_status] [web_gui.backend.robots.core] [INFO] [OpHistory] Started: robot=robot_ec2b source=robot_display op_id=6598
2026-08-18 14:32:57,808 [sse-robot_status] [web_gui.backend.robots.core] [INFO] [OpHistory] Completed: robot=robot_ec2b status=success goal_status=REACHED
2026-08-18 14:32:57,818 [ThreadPoolExecutor-1_0] [web_gui.backend.robots.ops] [INFO] ROS2 path topic subscribers stopped
2026-08-18 14:33:03,913 [sse-robot_status] [web_gui.backend.robots.core] [INFO] [OpHistory] Started: robot=robot_ec2b source=robot_display op_id=6599
2026-08-18 14:33:03,946 [ThreadPoolExecutor-1_0] [web_gui.backend.robots.ops] [INFO] ROS2 path topic subscribers ready for /robot_ec2b/plan
2026-08-18 14:33:24,438 [sse-robot_status] [web_gui.backend.robots.core] [INFO] [OpHistory] Completed: robot=robot_ec2b status=success goal_status=REACHED
2026-08-18 14:33:24,445 [ThreadPoolExecutor-1_1] [web_gui.backend.robots.ops] [INFO] ROS2 path topic subscribers stopped
2026-08-18 14:33:29,404 [ThreadPoolExecutor-1_0] [web_gui.backend.robots.ops] [INFO] ROS2 path topic subscribers ready for /robot_ec2b/plan
2026-08-18 14:33:29,855 [sse-robot_status] [web_gui.backend.robots.core] [INFO] [OpHistory] Started: robot=robot_ec2b source=robot_display op_id=6600
2026-08-18 14:33:54,849 [sse-robot_status] [web_gui.backend.robots.core] [INFO] [OpHistory] Completed: robot=robot_ec2b status=success goal_status=REACHED
2026-08-18 14:33:54,856 [ThreadPoolExecutor-1_0] [web_gui.backend.robots.ops] [INFO] ROS2 path topic subscribers stopped
2026-08-18 14:34:00,349 [ThreadPoolExecutor-1_2] [web_gui.backend.robots.ops] [INFO] ROS2 path topic subscribers ready for /robot_ec2b/plan
2026-08-18 14:34:00,910 [sse-robot_status] [web_gui.backend.robots.core] [INFO] [OpHistory] Started: robot=robot_ec2b source=robot_display op_id=6601
2026-08-18 14:34:21,421 [sse-robot_status] [web_gui.backend.robots.core] [INFO] [OpHistory] Completed: robot=robot_ec2b status=success goal_status=REACHED
2026-08-18 14:34:21,428 [ThreadPoolExecutor-1_0] [web_gui.backend.robots.ops] [INFO] ROS2 path topic subscribers stopped
2026-08-18 14:34:26,385 [ThreadPoolExecutor-1_1] [web_gui.backend.robots.ops] [INFO] ROS2 path topic subscribers ready for /robot_ec2b/plan
2026-08-18 14:34:26,810 [sse-robot_status] [web_gui.backend.robots.core] [INFO] [OpHistory] Started: robot=robot_ec2b source=robot_display op_id=6602
2026-08-18 14:34:50,830 [sse-robot_status] [web_gui.backend.robots.core] [INFO] [OpHistory] Completed: robot=robot_ec2b status=success goal_status=REACHED
2026-08-18 14:34:50,837 [ThreadPoolExecutor-1_2] [web_gui.backend.robots.ops] [INFO] ROS2 path topic subscribers stopped
2026-08-18 14:34:55,373 [ThreadPoolExecutor-1_0] [web_gui.backend.robots.ops] [INFO] ROS2 path topic subscribers ready for /robot_ec2b/plan
2026-08-18 14:34:55,779 [sse-robot_status] [web_gui.backend.robots.core] [INFO] [OpHistory] Started: robot=robot_ec2b source=robot_display op_id=6603
2026-08-18 14:35:15,831 [sse-robot_status] [web_gui.backend.robots.core] [INFO] [OpHistory] Completed: robot=robot_ec2b status=success goal_status=REACHED
2026-08-18 14:35:15,840 [ThreadPoolExecutor-1_0] [web_gui.backend.robots.ops] [INFO] ROS2 path topic subscribers stopped
2026-08-18 14:35:21,793 [ThreadPoolExecutor-1_2] [web_gui.backend.robots.ops] [INFO] ROS2 path topic subscribers ready for /robot_ec2b/plan
2026-08-18 14:35:22,342 [sse-robot_status] [web_gui.backend.robots.core] [INFO] [OpHistory] Started: robot=robot_ec2b source=robot_display op_id=6604
2026-08-18 14:35:46,375 [sse-robot_status] [web_gui.backend.robots.core] [INFO] [OpHistory] Completed: robot=robot_ec2b status=success goal_status=REACHED
2026-08-18 14:35:46,385 [ThreadPoolExecutor-1_2] [web_gui.backend.robots.ops] [INFO] ROS2 path topic subscribers stopped
2026-08-18 14:35:51,342 [ThreadPoolExecutor-1_1] [web_gui.backend.robots.ops] [INFO] ROS2 path topic subscribers ready for /robot_ec2b/plan
2026-08-18 14:35:51,921 [sse-robot_status] [web_gui.backend.robots.core] [INFO] [OpHistory] Started: robot=robot_ec2b source=robot_display op_id=6605
2026-08-18 14:36:11,795 [sse-robot_status] [web_gui.backend.robots.core] [INFO] [OpHistory] Completed: robot=robot_ec2b status=success goal_status=REACHED
2026-08-18 14:36:11,805 [ThreadPoolExecutor-1_1] [web_gui.backend.robots.ops] [INFO] ROS2 path topic subscribers stopped
2026-08-18 14:36:17,344 [ThreadPoolExecutor-1_0] [web_gui.backend.robots.ops] [INFO] ROS2 path topic subscribers ready for /robot_ec2b/plan
2026-08-18 14:36:17,879 [sse-robot_status] [web_gui.backend.robots.core] [INFO] [OpHistory] Started: robot=robot_ec2b source=robot_display op_id=6606
2026-08-18 14:36:42,418 [sse-robot_status] [web_gui.backend.robots.core] [INFO] [OpHistory] Completed: robot=robot_ec2b status=success goal_status=REACHED
2026-08-18 14:36:42,431 [ThreadPoolExecutor-1_1] [web_gui.backend.robots.ops] [INFO] ROS2 path topic subscribers stopped
2026-08-18 14:36:47,421 [ThreadPoolExecutor-1_1] [web_gui.backend.robots.ops] [INFO] ROS2 path topic subscribers ready for /robot_ec2b/plan
2026-08-18 14:36:47,798 [sse-robot_status] [web_gui.backend.robots.core] [INFO] [OpHistory] Started: robot=robot_ec2b source=robot_display op_id=6607
2026-08-18 14:37:07,801 [sse-robot_status] [web_gui.backend.robots.core] [INFO] [OpHistory] Completed: robot=robot_ec2b status=success goal_status=REACHED
2026-08-18 14:37:07,811 [ThreadPoolExecutor-1_0] [web_gui.backend.robots.ops] [INFO] ROS2 path topic subscribers stopped
2026-08-18 14:37:13,340 [ThreadPoolExecutor-1_0] [web_gui.backend.robots.ops] [INFO] ROS2 path topic subscribers ready for /robot_ec2b/plan
2026-08-18 14:37:13,931 [sse-robot_status] [web_gui.backend.robots.core] [INFO] [OpHistory] Started: robot=robot_ec2b source=robot_display op_id=6608
2026-08-18 14:37:41,846 [sse-robot_status] [web_gui.backend.robots.core] [INFO] [OpHistory] Completed: robot=robot_ec2b status=success goal_status=REACHED
2026-08-18 14:37:41,857 [ThreadPoolExecutor-1_2] [web_gui.backend.robots.ops] [INFO] ROS2 path topic subscribers stopped
2026-08-18 14:37:47,343 [ThreadPoolExecutor-1_0] [web_gui.backend.robots.ops] [INFO] ROS2 path topic subscribers ready for /robot_ec2b/plan
2026-08-18 14:37:47,909 [sse-robot_status] [web_gui.backend.robots.core] [INFO] [OpHistory] Started: robot=robot_ec2b source=robot_display op_id=6609
2026-08-18 14:38:08,345 [sse-robot_status] [web_gui.backend.robots.core] [INFO] [OpHistory] Completed: robot=robot_ec2b status=success goal_status=REACHED
2026-08-18 14:38:08,353 [ThreadPoolExecutor-1_0] [web_gui.backend.robots.ops] [INFO] ROS2 path topic subscribers stopped
2026-08-18 14:38:13,302 [sse-robot_status] [web_gui.backend.robots.core] [INFO] [OpHistory] Started: robot=robot_ec2b source=robot_display op_id=6610
2026-08-18 14:38:13,336 [ThreadPoolExecutor-1_1] [web_gui.backend.robots.ops] [INFO] ROS2 path topic subscribers ready for /robot_ec2b/plan
2026-08-18 14:38:37,813 [sse-robot_status] [web_gui.backend.robots.core] [INFO] [OpHistory] Completed: robot=robot_ec2b status=success goal_status=REACHED
2026-08-18 14:38:37,822 [ThreadPoolExecutor-1_1] [web_gui.backend.robots.ops] [INFO] ROS2 path topic subscribers stopped
2026-08-18 14:38:42,793 [ThreadPoolExecutor-1_2] [web_gui.backend.robots.ops] [INFO] ROS2 path topic subscribers ready for /robot_ec2b/plan
2026-08-18 14:38:43,375 [sse-robot_status] [web_gui.backend.robots.core] [INFO] [OpHistory] Started: robot=robot_ec2b source=robot_display op_id=6611
2026-08-18 14:39:03,340 [sse-robot_status] [web_gui.backend.robots.core] [INFO] [OpHistory] Completed: robot=robot_ec2b status=success goal_status=REACHED
2026-08-18 14:39:03,353 [ThreadPoolExecutor-1_1] [web_gui.backend.robots.ops] [INFO] ROS2 path topic subscribers stopped
2026-08-18 14:39:08,892 [ThreadPoolExecutor-1_0] [web_gui.backend.robots.ops] [INFO] ROS2 path topic subscribers ready for /robot_ec2b/plan
2026-08-18 14:39:09,451 [sse-robot_status] [web_gui.backend.robots.core] [INFO] [OpHistory] Started: robot=robot_ec2b source=robot_display op_id=6612
2026-08-18 14:39:33,897 [sse-robot_status] [web_gui.backend.robots.core] [INFO] [OpHistory] Completed: robot=robot_ec2b status=success goal_status=REACHED
2026-08-18 14:39:33,912 [ThreadPoolExecutor-1_2] [web_gui.backend.robots.ops] [INFO] ROS2 path topic subscribers stopped
2026-08-18 14:39:38,825 [ThreadPoolExecutor-1_1] [web_gui.backend.robots.ops] [INFO] ROS2 path topic subscribers ready for /robot_ec2b/plan
2026-08-18 14:39:39,336 [sse-robot_status] [web_gui.backend.robots.core] [INFO] [OpHistory] Started: robot=robot_ec2b source=robot_display op_id=6613
2026-08-18 14:39:59,851 [sse-robot_status] [web_gui.backend.robots.core] [INFO] [OpHistory] Completed: robot=robot_ec2b status=success goal_status=REACHED
2026-08-18 14:39:59,872 [ThreadPoolExecutor-1_1] [web_gui.backend.robots.ops] [INFO] ROS2 path topic subscribers stopped
2026-08-18 14:40:04,834 [ThreadPoolExecutor-1_2] [web_gui.backend.robots.ops] [INFO] ROS2 path topic subscribers ready for /robot_ec2b/plan
2026-08-18 14:40:05,363 [sse-robot_status] [web_gui.backend.robots.core] [INFO] [OpHistory] Started: robot=robot_ec2b source=robot_display op_id=6614
2026-08-18 14:40:29,972 [sse-robot_status] [web_gui.backend.robots.core] [INFO] [OpHistory] Completed: robot=robot_ec2b status=success goal_status=REACHED
2026-08-18 14:40:30,004 [ThreadPoolExecutor-1_0] [web_gui.backend.robots.ops] [INFO] ROS2 path topic subscribers stopped
2026-08-18 14:40:34,912 [ThreadPoolExecutor-1_2] [web_gui.backend.robots.ops] [INFO] ROS2 path topic subscribers ready for /robot_ec2b/plan
2026-08-18 14:40:35,445 [sse-robot_status] [web_gui.backend.robots.core] [INFO] [OpHistory] Started: robot=robot_ec2b source=robot_display op_id=6615
2026-08-18 14:40:55,358 [sse-robot_status] [web_gui.backend.robots.core] [INFO] [OpHistory] Completed: robot=robot_ec2b status=success goal_status=REACHED
2026-08-18 14:40:55,371 [ThreadPoolExecutor-1_0] [web_gui.backend.robots.ops] [INFO] ROS2 path topic subscribers stopped
2026-08-18 14:41:00,861 [ThreadPoolExecutor-1_1] [web_gui.backend.robots.ops] [INFO] ROS2 path topic subscribers ready for /robot_ec2b/plan
2026-08-18 14:41:01,433 [sse-robot_status] [web_gui.backend.robots.core] [INFO] [OpHistory] Started: robot=robot_ec2b source=robot_display op_id=6616
2026-08-18 14:41:21,353 [sse-robot_status] [web_gui.backend.robots.core] [INFO] [OpHistory] Completed: robot=robot_ec2b status=success goal_status=REACHED
2026-08-18 14:41:21,368 [ThreadPoolExecutor-1_0] [web_gui.backend.robots.ops] [INFO] ROS2 path topic subscribers stopped
2026-08-18 14:41:26,837 [ThreadPoolExecutor-1_2] [web_gui.backend.robots.ops] [INFO] ROS2 path topic subscribers ready for /robot_ec2b/plan
2026-08-18 14:41:27,412 [sse-robot_status] [web_gui.backend.robots.core] [INFO] [OpHistory] Started: robot=robot_ec2b source=robot_display op_id=6617
2026-08-18 14:41:45,040 [MainThread] [web_gui.backend.robots.ops] [INFO] ROS2 path topic subscribers stopped
2026-08-18 14:41:47,363 [sse-robot_status] [web_gui.backend.robots.core] [INFO] [OpHistory] Completed: robot=robot_ec2b status=success goal_status=REACHED
2026-08-18 14:41:52,917 [sse-robot_status] [web_gui.backend.robots.core] [INFO] [OpHistory] Started: robot=robot_ec2b source=robot_display op_id=6618
2026-08-18 14:41:55,330 [ThreadPoolExecutor-1_0] [web_gui.backend.robots.ops] [INFO] ROS2 path topic subscribers ready for /robot_ec2b/plan
2026-08-18 14:42:01,063 [MainThread] [web_gui.backend.robots.ops] [INFO] ROS2 path topic subscribers stopped
2026-08-18 14:42:11,826 [ThreadPoolExecutor-1_0] [web_gui.backend.robots.ops] [INFO] ROS2 path topic subscribers ready for /robot_ec2b/plan
2026-08-18 14:42:17,821 [sse-robot_status] [web_gui.backend.robots.core] [INFO] [OpHistory] Completed: robot=robot_ec2b status=success goal_status=REACHED
2026-08-18 14:42:17,835 [ThreadPoolExecutor-1_3] [web_gui.backend.robots.ops] [INFO] ROS2 path topic subscribers stopped
2026-08-18 14:42:22,917 [sse-robot_status] [web_gui.backend.robots.core] [INFO] [OpHistory] Started: robot=robot_ec2b source=robot_display op_id=6619
2026-08-18 14:42:42,803 [sse-robot_status] [web_gui.backend.robots.core] [INFO] [OpHistory] Completed: robot=robot_ec2b status=success goal_status=REACHED
2026-08-18 14:42:48,353 [sse-robot_status] [web_gui.backend.robots.core] [INFO] [OpHistory] Started: robot=robot_ec2b source=robot_display op_id=6620
2026-08-18 14:43:13,405 [sse-robot_status] [web_gui.backend.robots.core] [INFO] [OpHistory] Completed: robot=robot_ec2b status=success goal_status=REACHED
2026-08-18 14:43:18,922 [sse-robot_status] [web_gui.backend.robots.core] [INFO] [OpHistory] Started: robot=robot_ec2b source=robot_display op_id=6621
2026-08-18 14:43:39,423 [sse-robot_status] [web_gui.backend.robots.core] [INFO] [OpHistory] Completed: robot=robot_ec2b status=success goal_status=REACHED
2026-08-18 14:43:44,820 [sse-robot_status] [web_gui.backend.robots.core] [INFO] [OpHistory] Started: robot=robot_ec2b source=robot_display op_id=6622
2026-08-18 14:44:08,365 [sse-robot_status] [web_gui.backend.robots.core] [INFO] [OpHistory] Completed: robot=robot_ec2b status=success goal_status=REACHED
2026-08-18 14:44:13,879 [sse-robot_status] [web_gui.backend.robots.core] [INFO] [OpHistory] Started: robot=robot_ec2b source=robot_display op_id=6623
2026-08-18 14:44:33,877 [sse-robot_status] [web_gui.backend.robots.core] [INFO] [OpHistory] Completed: robot=robot_ec2b status=success goal_status=REACHED
2026-08-18 14:44:39,846 [sse-robot_status] [web_gui.backend.robots.core] [INFO] [OpHistory] Started: robot=robot_ec2b source=robot_display op_id=6624
2026-08-18 14:45:03,891 [sse-robot_status] [web_gui.backend.robots.core] [INFO] [OpHistory] Completed: robot=robot_ec2b status=success goal_status=REACHED
2026-08-18 14:45:09,825 [sse-robot_status] [web_gui.backend.robots.core] [INFO] [OpHistory] Started: robot=robot_ec2b source=robot_display op_id=6625
2026-08-18 14:45:30,358 [sse-robot_status] [web_gui.backend.robots.core] [INFO] [OpHistory] Completed: robot=robot_ec2b status=success goal_status=REACHED
2026-08-18 14:45:35,343 [sse-robot_status] [web_gui.backend.robots.core] [INFO] [OpHistory] Started: robot=robot_ec2b source=robot_display op_id=6626
2026-08-18 14:45:58,778 [sse-robot_status] [web_gui.backend.robots.core] [INFO] [OpHistory] Completed: robot=robot_ec2b status=success goal_status=REACHED
2026-08-18 14:46:04,444 [sse-robot_status] [web_gui.backend.robots.core] [INFO] [OpHistory] Started: robot=robot_ec2b source=robot_display op_id=6627
2026-08-18 14:46:24,924 [sse-robot_status] [web_gui.backend.robots.core] [INFO] [OpHistory] Completed: robot=robot_ec2b status=success goal_status=REACHED
2026-08-18 14:46:30,437 [sse-robot_status] [web_gui.backend.robots.core] [INFO] [OpHistory] Started: robot=robot_ec2b source=robot_display op_id=6628
2026-08-18 14:46:53,861 [sse-robot_status] [web_gui.backend.robots.core] [INFO] [OpHistory] Completed: robot=robot_ec2b status=success goal_status=REACHED
2026-08-18 14:46:59,392 [sse-robot_status] [web_gui.backend.robots.core] [INFO] [OpHistory] Started: robot=robot_ec2b source=robot_display op_id=6629
2026-08-18 14:47:19,459 [sse-robot_status] [web_gui.backend.robots.core] [INFO] [OpHistory] Completed: robot=robot_ec2b status=success goal_status=REACHED
2026-08-18 14:47:25,375 [sse-robot_status] [web_gui.backend.robots.core] [INFO] [OpHistory] Started: robot=robot_ec2b source=robot_display op_id=6630
2026-08-18 14:47:47,798 [sse-robot_status] [web_gui.backend.robots.core] [INFO] [OpHistory] Completed: robot=robot_ec2b status=success goal_status=REACHED
2026-08-18 14:47:53,378 [sse-robot_status] [web_gui.backend.robots.core] [INFO] [OpHistory] Started: robot=robot_ec2b source=robot_display op_id=6631
2026-08-18 14:48:13,782 [sse-robot_status] [web_gui.backend.robots.core] [INFO] [OpHistory] Completed: robot=robot_ec2b status=success goal_status=REACHED
2026-08-18 14:48:19,371 [sse-robot_status] [web_gui.backend.robots.core] [INFO] [OpHistory] Started: robot=robot_ec2b source=robot_display op_id=6632
2026-08-18 14:48:41,859 [sse-robot_status] [web_gui.backend.robots.core] [INFO] [OpHistory] Completed: robot=robot_ec2b status=success goal_status=REACHED
2026-08-18 14:48:48,356 [sse-robot_status] [web_gui.backend.robots.core] [INFO] [OpHistory] Started: robot=robot_ec2b source=robot_display op_id=6633
2026-08-18 14:49:08,797 [sse-robot_status] [web_gui.backend.robots.core] [INFO] [OpHistory] Completed: robot=robot_ec2b status=success goal_status=REACHED
2026-08-18 14:49:14,375 [sse-robot_status] [web_gui.backend.robots.core] [INFO] [OpHistory] Started: robot=robot_ec2b source=robot_display op_id=6634
2026-08-18 14:49:38,802 [sse-robot_status] [web_gui.backend.robots.core] [INFO] [OpHistory] Completed: robot=robot_ec2b status=success goal_status=REACHED
2026-08-18 14:49:44,865 [sse-robot_status] [web_gui.backend.robots.core] [INFO] [OpHistory] Started: robot=robot_ec2b source=robot_display op_id=6635
2026-08-18 14:50:05,378 [sse-robot_status] [web_gui.backend.robots.core] [INFO] [OpHistory] Completed: robot=robot_ec2b status=success goal_status=REACHED
2026-08-18 14:50:10,903 [sse-robot_status] [web_gui.backend.robots.core] [INFO] [OpHistory] Started: robot=robot_ec2b source=robot_display op_id=6636
2026-08-18 14:50:33,353 [sse-robot_status] [web_gui.backend.robots.core] [INFO] [OpHistory] Completed: robot=robot_ec2b status=success goal_status=REACHED
2026-08-18 14:50:38,883 [sse-robot_status] [web_gui.backend.robots.core] [INFO] [OpHistory] Started: robot=robot_ec2b source=robot_display op_id=6637
2026-08-18 14:50:58,800 [sse-robot_status] [web_gui.backend.robots.core] [INFO] [OpHistory] Completed: robot=robot_ec2b status=success goal_status=REACHED
2026-08-18 14:51:04,854 [sse-robot_status] [web_gui.backend.robots.core] [INFO] [OpHistory] Started: robot=robot_ec2b source=robot_display op_id=6638
2026-08-18 14:51:28,818 [sse-robot_status] [web_gui.backend.robots.core] [INFO] [OpHistory] Completed: robot=robot_ec2b status=success goal_status=REACHED
2026-08-18 14:51:34,371 [sse-robot_status] [web_gui.backend.robots.core] [INFO] [OpHistory] Started: robot=robot_ec2b source=robot_display op_id=6639
2026-08-18 14:51:54,786 [sse-robot_status] [web_gui.backend.robots.core] [INFO] [OpHistory] Completed: robot=robot_ec2b status=success goal_status=REACHED
2026-08-18 14:52:00,399 [sse-robot_status] [web_gui.backend.robots.core] [INFO] [OpHistory] Started: robot=robot_ec2b source=robot_display op_id=6640
2026-08-18 14:52:26,385 [sse-robot_status] [web_gui.backend.robots.core] [INFO] [OpHistory] Completed: robot=robot_ec2b status=success goal_status=REACHED
2026-08-18 14:52:32,407 [sse-robot_status] [web_gui.backend.robots.core] [INFO] [OpHistory] Started: robot=robot_ec2b source=robot_display op_id=6641
2026-08-18 14:52:52,409 [sse-robot_status] [web_gui.backend.robots.core] [INFO] [OpHistory] Completed: robot=robot_ec2b status=success goal_status=REACHED
2026-08-18 14:52:58,406 [sse-robot_status] [web_gui.backend.robots.core] [INFO] [OpHistory] Started: robot=robot_ec2b source=robot_display op_id=6642
2026-08-18 14:53:18,369 [sse-robot_status] [web_gui.backend.robots.core] [INFO] [OpHistory] Completed: robot=robot_ec2b status=success goal_status=REACHED
2026-08-18 14:53:24,403 [sse-robot_status] [web_gui.backend.robots.core] [INFO] [OpHistory] Started: robot=robot_ec2b source=robot_display op_id=6643
2026-08-18 14:53:44,385 [sse-robot_status] [web_gui.backend.robots.core] [INFO] [OpHistory] Completed: robot=robot_ec2b status=success goal_status=REACHED
2026-08-18 14:53:50,401 [sse-robot_status] [web_gui.backend.robots.core] [INFO] [OpHistory] Started: robot=robot_ec2b source=robot_display op_id=6644
2026-08-18 14:54:14,833 [sse-robot_status] [web_gui.backend.robots.core] [INFO] [OpHistory] Completed: robot=robot_ec2b status=success goal_status=REACHED
2026-08-18 14:54:20,811 [sse-robot_status] [web_gui.backend.robots.core] [INFO] [OpHistory] Started: robot=robot_ec2b source=robot_display op_id=6645
2026-08-18 14:54:40,782 [sse-robot_status] [web_gui.backend.robots.core] [INFO] [OpHistory] Completed: robot=robot_ec2b status=success goal_status=REACHED
2026-08-18 14:54:46,829 [sse-robot_status] [web_gui.backend.robots.core] [INFO] [OpHistory] Started: robot=robot_ec2b source=robot_display op_id=6646
2026-08-18 14:55:07,411 [sse-robot_status] [web_gui.backend.robots.core] [INFO] [OpHistory] Completed: robot=robot_ec2b status=success goal_status=REACHED
2026-08-18 14:55:13,832 [sse-robot_status] [web_gui.backend.robots.core] [INFO] [OpHistory] Started: robot=robot_ec2b source=robot_display op_id=6647
2026-08-18 14:55:33,838 [sse-robot_status] [web_gui.backend.robots.core] [INFO] [OpHistory] Completed: robot=robot_ec2b status=success goal_status=REACHED
2026-08-18 14:55:39,772 [sse-robot_status] [web_gui.backend.robots.core] [INFO] [OpHistory] Started: robot=robot_ec2b source=robot_display op_id=6648
2026-08-18 14:56:00,405 [sse-robot_status] [web_gui.backend.robots.core] [INFO] [OpHistory] Completed: robot=robot_ec2b status=success goal_status=REACHED
2026-08-18 14:56:05,791 [sse-robot_status] [web_gui.backend.robots.core] [INFO] [OpHistory] Started: robot=robot_ec2b source=robot_display op_id=6649
2026-08-18 14:56:26,379 [sse-robot_status] [web_gui.backend.robots.core] [INFO] [OpHistory] Completed: robot=robot_ec2b status=success goal_status=REACHED
2026-08-18 14:56:32,407 [sse-robot_status] [web_gui.backend.robots.core] [INFO] [OpHistory] Started: robot=robot_ec2b source=robot_display op_id=6650
2026-08-18 14:56:59,418 [sse-robot_status] [web_gui.backend.robots.core] [INFO] [OpHistory] Completed: robot=robot_ec2b status=success goal_status=REACHED
2026-08-18 14:57:05,402 [sse-robot_status] [web_gui.backend.robots.core] [INFO] [OpHistory] Started: robot=robot_ec2b source=robot_display op_id=6651
2026-08-18 14:57:25,785 [sse-robot_status] [web_gui.backend.robots.core] [INFO] [OpHistory] Completed: robot=robot_ec2b status=success goal_status=REACHED
2026-08-18 14:57:31,403 [sse-robot_status] [web_gui.backend.robots.core] [INFO] [OpHistory] Started: robot=robot_ec2b source=robot_display op_id=6652
2026-08-18 14:57:56,400 [sse-robot_status] [web_gui.backend.robots.core] [INFO] [OpHistory] Completed: robot=robot_ec2b status=success goal_status=REACHED
2026-08-18 14:58:02,415 [sse-robot_status] [web_gui.backend.robots.core] [INFO] [OpHistory] Started: robot=robot_ec2b source=robot_display op_id=6653
2026-08-18 14:58:22,363 [sse-robot_status] [web_gui.backend.robots.core] [INFO] [OpHistory] Completed: robot=robot_ec2b status=success goal_status=REACHED
2026-08-18 14:58:28,407 [sse-robot_status] [web_gui.backend.robots.core] [INFO] [OpHistory] Started: robot=robot_ec2b source=robot_display op_id=6654
2026-08-18 14:58:52,825 [sse-robot_status] [web_gui.backend.robots.core] [INFO] [OpHistory] Completed: robot=robot_ec2b status=success goal_status=REACHED
2026-08-18 14:58:57,798 [sse-robot_status] [web_gui.backend.robots.core] [INFO] [OpHistory] Started: robot=robot_ec2b source=robot_display op_id=6655
2026-08-18 14:59:18,392 [sse-robot_status] [web_gui.backend.robots.core] [INFO] [OpHistory] Completed: robot=robot_ec2b status=success goal_status=REACHED
2026-08-18 14:59:23,829 [sse-robot_status] [web_gui.backend.robots.core] [INFO] [OpHistory] Started: robot=robot_ec2b source=robot_display op_id=6656
2026-08-18 14:59:47,780 [sse-robot_status] [web_gui.backend.robots.core] [INFO] [OpHistory] Completed: robot=robot_ec2b status=success goal_status=REACHED
2026-08-18 14:59:53,838 [sse-robot_status] [web_gui.backend.robots.core] [INFO] [OpHistory] Started: robot=robot_ec2b source=robot_display op_id=6657
2026-08-18 15:00:14,387 [sse-robot_status] [web_gui.backend.robots.core] [INFO] [OpHistory] Completed: robot=robot_ec2b status=success goal_status=REACHED
2026-08-18 15:00:19,802 [sse-robot_status] [web_gui.backend.robots.core] [INFO] [OpHistory] Started: robot=robot_ec2b source=robot_display op_id=6658
2026-08-18 15:00:43,806 [sse-robot_status] [web_gui.backend.robots.core] [INFO] [OpHistory] Completed: robot=robot_ec2b status=success goal_status=REACHED
2026-08-18 15:00:49,806 [sse-robot_status] [web_gui.backend.robots.core] [INFO] [OpHistory] Started: robot=robot_ec2b source=robot_display op_id=6659
2026-08-18 15:01:09,821 [sse-robot_status] [web_gui.backend.robots.core] [INFO] [OpHistory] Completed: robot=robot_ec2b status=success goal_status=REACHED
2026-08-18 15:01:15,397 [sse-robot_status] [web_gui.backend.robots.core] [INFO] [OpHistory] Started: robot=robot_ec2b source=robot_display op_id=6660
2026-08-18 15:01:38,398 [sse-robot_status] [web_gui.backend.robots.core] [INFO] [OpHistory] Completed: robot=robot_ec2b status=success goal_status=REACHED
2026-08-18 15:01:43,792 [ThreadPoolExecutor-1_0] [web_gui.backend.robots.ops] [INFO] ROS2 path topic subscribers ready for /robot_ec2b/plan
2026-08-18 15:01:44,401 [sse-robot_status] [web_gui.backend.robots.core] [INFO] [OpHistory] Started: robot=robot_ec2b source=robot_display op_id=6661
2026-08-18 15:01:53,984 [MainThread] [web_gui.backend.robots.ops] [INFO] ROS2 path topic subscribers stopped
2026-08-18 15:02:04,412 [sse-robot_status] [web_gui.backend.robots.core] [INFO] [OpHistory] Completed: robot=robot_ec2b status=success goal_status=REACHED
2026-08-18 15:02:10,395 [sse-robot_status] [web_gui.backend.robots.core] [INFO] [OpHistory] Started: robot=robot_ec2b source=robot_display op_id=6662
2026-08-18 15:02:35,396 [sse-robot_status] [web_gui.backend.robots.core] [INFO] [OpHistory] Completed: robot=robot_ec2b status=success goal_status=REACHED
2026-08-18 15:02:41,406 [sse-robot_status] [web_gui.backend.robots.core] [INFO] [OpHistory] Started: robot=robot_ec2b source=robot_display op_id=6663
2026-08-18 15:03:01,403 [sse-robot_status] [web_gui.backend.robots.core] [INFO] [OpHistory] Completed: robot=robot_ec2b status=success goal_status=REACHED
2026-08-18 15:03:06,814 [sse-robot_status] [web_gui.backend.robots.core] [INFO] [OpHistory] Started: robot=robot_ec2b source=robot_display op_id=6664
2026-08-18 15:03:23,475 [ThreadPoolExecutor-1_0] [web_gui.backend.robots.ops] [INFO] ROS2 path topic subscribers ready for /robot_ec2b/plan
2026-08-18 15:03:27,415 [sse-robot_status] [web_gui.backend.robots.core] [INFO] [OpHistory] Completed: robot=robot_ec2b status=success goal_status=REACHED
2026-08-18 15:03:27,424 [ThreadPoolExecutor-1_0] [web_gui.backend.robots.ops] [INFO] ROS2 path topic subscribers stopped
2026-08-18 15:03:32,399 [ThreadPoolExecutor-1_1] [web_gui.backend.robots.ops] [INFO] ROS2 path topic subscribers ready for /robot_ec2b/plan
2026-08-18 15:03:32,825 [sse-robot_status] [web_gui.backend.robots.core] [INFO] [OpHistory] Started: robot=robot_ec2b source=robot_display op_id=6665
2026-08-18 15:03:37,933 [MainThread] [web_gui.backend.robots.ops] [INFO] ROS2 path topic subscribers stopped
2026-08-18 15:03:45,781 [ThreadPoolExecutor-1_1] [web_gui.backend.robots.ops] [INFO] ROS2 path topic subscribers ready for /robot_ec2b/plan
2026-08-18 15:03:52,807 [sse-robot_status] [web_gui.backend.robots.core] [INFO] [OpHistory] Completed: robot=robot_ec2b status=success goal_status=REACHED
2026-08-18 15:03:52,817 [ThreadPoolExecutor-1_2] [web_gui.backend.robots.ops] [INFO] ROS2 path topic subscribers stopped
2026-08-18 15:03:58,811 [sse-robot_status] [web_gui.backend.robots.core] [INFO] [OpHistory] Started: robot=robot_ec2b source=robot_display op_id=6666
2026-08-18 15:04:25,367 [sse-robot_status] [web_gui.backend.robots.core] [INFO] [OpHistory] Completed: robot=robot_ec2b status=success goal_status=REACHED
2026-08-18 15:04:30,806 [sse-robot_status] [web_gui.backend.robots.core] [INFO] [OpHistory] Started: robot=robot_ec2b source=robot_display op_id=6667
2026-08-18 15:04:51,393 [sse-robot_status] [web_gui.backend.robots.core] [INFO] [OpHistory] Completed: robot=robot_ec2b status=success goal_status=REACHED
2026-08-18 15:04:56,821 [sse-robot_status] [web_gui.backend.robots.core] [INFO] [OpHistory] Started: robot=robot_ec2b source=robot_display op_id=6668
2026-08-18 15:05:17,374 [sse-robot_status] [web_gui.backend.robots.core] [INFO] [OpHistory] Completed: robot=robot_ec2b status=success goal_status=REACHED
2026-08-18 15:05:22,811 [sse-robot_status] [web_gui.backend.robots.core] [INFO] [OpHistory] Started: robot=robot_ec2b source=robot_display op_id=6669
2026-08-18 15:05:42,788 [sse-robot_status] [web_gui.backend.robots.core] [INFO] [OpHistory] Completed: robot=robot_ec2b status=success goal_status=REACHED
2026-08-18 15:05:48,816 [sse-robot_status] [web_gui.backend.robots.core] [INFO] [OpHistory] Started: robot=robot_ec2b source=robot_display op_id=6670
2026-08-18 15:06:15,391 [sse-robot_status] [web_gui.backend.robots.core] [INFO] [OpHistory] Completed: robot=robot_ec2b status=success goal_status=REACHED
2026-08-18 15:06:21,379 [sse-robot_status] [web_gui.backend.robots.core] [INFO] [OpHistory] Started: robot=robot_ec2b source=robot_display op_id=6671
2026-08-18 15:06:41,446 [sse-robot_status] [web_gui.backend.robots.core] [INFO] [OpHistory] Completed: robot=robot_ec2b status=success goal_status=REACHED
2026-08-18 15:06:47,393 [sse-robot_status] [web_gui.backend.robots.core] [INFO] [OpHistory] Started: robot=robot_ec2b source=robot_display op_id=6672
2026-08-18 15:07:11,389 [sse-robot_status] [web_gui.backend.robots.core] [INFO] [OpHistory] Completed: robot=robot_ec2b status=success goal_status=REACHED
2026-08-18 15:07:17,394 [sse-robot_status] [web_gui.backend.robots.core] [INFO] [OpHistory] Started: robot=robot_ec2b source=robot_display op_id=6673
2026-08-18 15:07:37,369 [sse-robot_status] [web_gui.backend.robots.core] [INFO] [OpHistory] Completed: robot=robot_ec2b status=success goal_status=REACHED
2026-08-18 15:07:43,430 [sse-robot_status] [web_gui.backend.robots.core] [INFO] [OpHistory] Started: robot=robot_ec2b source=robot_display op_id=6674
2026-08-18 15:08:07,364 [sse-robot_status] [web_gui.backend.robots.core] [INFO] [OpHistory] Completed: robot=robot_ec2b status=success goal_status=REACHED
2026-08-18 15:08:13,416 [sse-robot_status] [web_gui.backend.robots.core] [INFO] [OpHistory] Started: robot=robot_ec2b source=robot_display op_id=6675
2026-08-18 15:08:33,791 [sse-robot_status] [web_gui.backend.robots.core] [INFO] [OpHistory] Completed: robot=robot_ec2b status=success goal_status=REACHED
2026-08-18 15:08:38,830 [sse-robot_status] [web_gui.backend.robots.core] [INFO] [OpHistory] Started: robot=robot_ec2b source=robot_display op_id=6676
2026-08-18 15:09:02,402 [sse-robot_status] [web_gui.backend.robots.core] [INFO] [OpHistory] Completed: robot=robot_ec2b status=success goal_status=REACHED
2026-08-18 15:09:07,808 [sse-robot_status] [web_gui.backend.robots.core] [INFO] [OpHistory] Started: robot=robot_ec2b source=robot_display op_id=6677
2026-08-18 15:09:27,802 [sse-robot_status] [web_gui.backend.robots.core] [INFO] [OpHistory] Completed: robot=robot_ec2b status=success goal_status=REACHED
2026-08-18 15:09:33,813 [sse-robot_status] [web_gui.backend.robots.core] [INFO] [OpHistory] Started: robot=robot_ec2b source=robot_display op_id=6678
2026-08-18 15:09:57,811 [sse-robot_status] [web_gui.backend.robots.core] [INFO] [OpHistory] Completed: robot=robot_ec2b status=success goal_status=REACHED
2026-08-18 15:10:03,821 [sse-robot_status] [web_gui.backend.robots.core] [INFO] [OpHistory] Started: robot=robot_ec2b source=robot_display op_id=6679
2026-08-18 15:10:24,406 [sse-robot_status] [web_gui.backend.robots.core] [INFO] [OpHistory] Completed: robot=robot_ec2b status=success goal_status=REACHED
2026-08-18 15:10:29,801 [sse-robot_status] [web_gui.backend.robots.core] [INFO] [OpHistory] Started: robot=robot_ec2b source=robot_display op_id=6680
2026-08-18 15:10:54,355 [sse-robot_status] [web_gui.backend.robots.core] [INFO] [OpHistory] Completed: robot=robot_ec2b status=success goal_status=REACHED
2026-08-18 15:11:00,411 [sse-robot_status] [web_gui.backend.robots.core] [INFO] [OpHistory] Started: robot=robot_ec2b source=robot_display op_id=6681
2026-08-18 15:11:20,428 [sse-robot_status] [web_gui.backend.robots.core] [INFO] [OpHistory] Completed: robot=robot_ec2b status=success goal_status=REACHED
2026-08-18 15:11:26,427 [sse-robot_status] [web_gui.backend.robots.core] [INFO] [OpHistory] Started: robot=robot_ec2b source=robot_display op_id=6682
2026-08-18 15:11:50,409 [sse-robot_status] [web_gui.backend.robots.core] [INFO] [OpHistory] Completed: robot=robot_ec2b status=success goal_status=REACHED
2026-08-18 15:11:56,402 [sse-robot_status] [web_gui.backend.robots.core] [INFO] [OpHistory] Started: robot=robot_ec2b source=robot_display op_id=6683
2026-08-18 15:12:16,799 [sse-robot_status] [web_gui.backend.robots.core] [INFO] [OpHistory] Completed: robot=robot_ec2b status=success goal_status=REACHED
2026-08-18 15:12:22,419 [sse-robot_status] [web_gui.backend.robots.core] [INFO] [OpHistory] Started: robot=robot_ec2b source=robot_display op_id=6684
2026-08-18 15:12:46,816 [sse-robot_status] [web_gui.backend.robots.core] [INFO] [OpHistory] Completed: robot=robot_ec2b status=success goal_status=REACHED
2026-08-18 15:12:52,376 [sse-robot_status] [web_gui.backend.robots.core] [INFO] [OpHistory] Started: robot=robot_ec2b source=robot_display op_id=6685
2026-08-18 15:13:12,835 [sse-robot_status] [web_gui.backend.robots.core] [INFO] [OpHistory] Completed: robot=robot_ec2b status=success goal_status=REACHED
2026-08-18 15:13:18,422 [sse-robot_status] [web_gui.backend.robots.core] [INFO] [OpHistory] Started: robot=robot_ec2b source=robot_display op_id=6686
2026-08-18 15:13:43,344 [sse-robot_status] [web_gui.backend.robots.core] [INFO] [OpHistory] Completed: robot=robot_ec2b status=success goal_status=REACHED
2026-08-18 15:13:49,438 [sse-robot_status] [web_gui.backend.robots.core] [INFO] [OpHistory] Started: robot=robot_ec2b source=robot_display op_id=6687
2026-08-18 15:14:09,816 [sse-robot_status] [web_gui.backend.robots.core] [INFO] [OpHistory] Completed: robot=robot_ec2b status=success goal_status=REACHED
2026-08-18 15:14:15,430 [sse-robot_status] [web_gui.backend.robots.core] [INFO] [OpHistory] Started: robot=robot_ec2b source=robot_display op_id=6688
2026-08-18 15:14:37,818 [sse-robot_status] [web_gui.backend.robots.core] [INFO] [OpHistory] Completed: robot=robot_ec2b status=success goal_status=REACHED
2026-08-18 15:14:43,395 [sse-robot_status] [web_gui.backend.robots.core] [INFO] [OpHistory] Started: robot=robot_ec2b source=robot_display op_id=6689
2026-08-18 15:15:03,388 [sse-robot_status] [web_gui.backend.robots.core] [INFO] [OpHistory] Completed: robot=robot_ec2b status=success goal_status=REACHED
2026-08-18 15:15:09,368 [sse-robot_status] [web_gui.backend.robots.core] [INFO] [OpHistory] Started: robot=robot_ec2b source=robot_display op_id=6690
2026-08-18 15:15:31,404 [sse-robot_status] [web_gui.backend.robots.core] [INFO] [OpHistory] Completed: robot=robot_ec2b status=success goal_status=REACHED
2026-08-18 15:15:36,833 [sse-robot_status] [web_gui.backend.robots.core] [INFO] [OpHistory] Started: robot=robot_ec2b source=robot_display op_id=6691
2026-08-18 15:15:57,804 [sse-robot_status] [web_gui.backend.robots.core] [INFO] [OpHistory] Completed: robot=robot_ec2b status=success goal_status=REACHED
2026-08-18 15:16:02,830 [sse-robot_status] [web_gui.backend.robots.core] [INFO] [OpHistory] Started: robot=robot_ec2b source=robot_display op_id=6692
2026-08-18 15:16:28,856 [sse-robot_status] [web_gui.backend.robots.core] [INFO] [OpHistory] Completed: robot=robot_ec2b status=success goal_status=REACHED
2026-08-18 15:16:35,419 [sse-robot_status] [web_gui.backend.robots.core] [INFO] [OpHistory] Started: robot=robot_ec2b source=robot_display op_id=6693
2026-08-18 15:16:54,794 [sse-robot_status] [web_gui.backend.robots.core] [INFO] [OpHistory] Completed: robot=robot_ec2b status=success goal_status=REACHED
2026-08-18 15:17:00,876 [sse-robot_status] [web_gui.backend.robots.core] [INFO] [OpHistory] Started: robot=robot_ec2b source=robot_display op_id=6694
2026-08-18 15:17:25,338 [sse-robot_status] [web_gui.backend.robots.core] [INFO] [OpHistory] Completed: robot=robot_ec2b status=success goal_status=REACHED
2026-08-18 15:17:30,889 [sse-robot_status] [web_gui.backend.robots.core] [INFO] [OpHistory] Started: robot=robot_ec2b source=robot_display op_id=6695
2026-08-18 15:17:50,830 [sse-robot_status] [web_gui.backend.robots.core] [INFO] [OpHistory] Completed: robot=robot_ec2b status=success goal_status=REACHED
2026-08-18 15:17:56,884 [sse-robot_status] [web_gui.backend.robots.core] [INFO] [OpHistory] Started: robot=robot_ec2b source=robot_display op_id=6696
2026-08-18 15:18:23,842 [sse-robot_status] [web_gui.backend.robots.core] [INFO] [OpHistory] Completed: robot=robot_ec2b status=success goal_status=REACHED
2026-08-18 15:18:29,919 [sse-robot_status] [web_gui.backend.robots.core] [INFO] [OpHistory] Started: robot=robot_ec2b source=robot_display op_id=6697
2026-08-18 15:18:50,402 [sse-robot_status] [web_gui.backend.robots.core] [INFO] [OpHistory] Completed: robot=robot_ec2b status=success goal_status=REACHED
2026-08-18 15:18:55,357 [sse-robot_status] [web_gui.backend.robots.core] [INFO] [OpHistory] Started: robot=robot_ec2b source=robot_display op_id=6698
2026-08-18 15:19:19,359 [sse-robot_status] [web_gui.backend.robots.core] [INFO] [OpHistory] Completed: robot=robot_ec2b status=success goal_status=REACHED
2026-08-18 15:19:24,903 [sse-robot_status] [web_gui.backend.robots.core] [INFO] [OpHistory] Started: robot=robot_ec2b source=robot_display op_id=6699
2026-08-18 15:19:44,358 [sse-robot_status] [web_gui.backend.robots.core] [INFO] [OpHistory] Completed: robot=robot_ec2b status=success goal_status=REACHED
2026-08-18 15:19:50,844 [sse-robot_status] [web_gui.backend.robots.core] [INFO] [OpHistory] Started: robot=robot_ec2b source=robot_display op_id=6700
2026-08-18 15:20:14,420 [sse-robot_status] [web_gui.backend.robots.core] [INFO] [OpHistory] Completed: robot=robot_ec2b status=success goal_status=REACHED
2026-08-18 15:20:20,940 [sse-robot_status] [web_gui.backend.robots.core] [INFO] [OpHistory] Started: robot=robot_ec2b source=robot_display op_id=6701
2026-08-18 15:20:40,818 [sse-robot_status] [web_gui.backend.robots.core] [INFO] [OpHistory] Completed: robot=robot_ec2b status=success goal_status=REACHED
2026-08-18 15:20:46,901 [sse-robot_status] [web_gui.backend.robots.core] [INFO] [OpHistory] Started: robot=robot_ec2b source=robot_display op_id=6702
2026-08-18 15:21:10,877 [sse-robot_status] [web_gui.backend.robots.core] [INFO] [OpHistory] Completed: robot=robot_ec2b status=success goal_status=REACHED
2026-08-18 15:21:16,428 [sse-robot_status] [web_gui.backend.robots.core] [INFO] [OpHistory] Started: robot=robot_ec2b source=robot_display op_id=6703
2026-08-18 15:21:37,358 [sse-robot_status] [web_gui.backend.robots.core] [INFO] [OpHistory] Completed: robot=robot_ec2b status=success goal_status=REACHED
2026-08-18 15:21:43,440 [sse-robot_status] [web_gui.backend.robots.core] [INFO] [OpHistory] Started: robot=robot_ec2b source=robot_display op_id=6704
2026-08-18 15:22:05,331 [sse-robot_status] [web_gui.backend.robots.core] [INFO] [OpHistory] Completed: robot=robot_ec2b status=success goal_status=REACHED
2026-08-18 15:22:11,421 [sse-robot_status] [web_gui.backend.robots.core] [INFO] [OpHistory] Started: robot=robot_ec2b source=robot_display op_id=6705
2026-08-18 15:22:31,384 [sse-robot_status] [web_gui.backend.robots.core] [INFO] [OpHistory] Completed: robot=robot_ec2b status=success goal_status=REACHED
2026-08-18 15:22:37,349 [sse-robot_status] [web_gui.backend.robots.core] [INFO] [OpHistory] Started: robot=robot_ec2b source=robot_display op_id=6706
2026-08-18 15:23:01,360 [sse-robot_status] [web_gui.backend.robots.core] [INFO] [OpHistory] Completed: robot=robot_ec2b status=success goal_status=REACHED
2026-08-18 15:23:07,435 [sse-robot_status] [web_gui.backend.robots.core] [INFO] [OpHistory] Started: robot=robot_ec2b source=robot_display op_id=6707
2026-08-18 15:23:27,837 [sse-robot_status] [web_gui.backend.robots.core] [INFO] [OpHistory] Completed: robot=robot_ec2b status=success goal_status=REACHED
2026-08-18 15:23:32,817 [sse-robot_status] [web_gui.backend.robots.core] [INFO] [OpHistory] Started: robot=robot_ec2b source=robot_display op_id=6708
2026-08-18 15:23:55,903 [sse-robot_status] [web_gui.backend.robots.core] [INFO] [OpHistory] Completed: robot=robot_ec2b status=success goal_status=REACHED
2026-08-18 15:24:01,339 [sse-robot_status] [web_gui.backend.robots.core] [INFO] [OpHistory] Started: robot=robot_ec2b source=robot_display op_id=6709
2026-08-18 15:24:21,320 [sse-robot_status] [web_gui.backend.robots.core] [INFO] [OpHistory] Completed: robot=robot_ec2b status=success goal_status=REACHED
2026-08-18 15:24:27,434 [sse-robot_status] [web_gui.backend.robots.core] [INFO] [OpHistory] Started: robot=robot_ec2b source=robot_display op_id=6710
2026-08-18 15:24:58,311 [sse-robot_status] [web_gui.backend.robots.core] [INFO] [OpHistory] Completed: robot=robot_ec2b status=success goal_status=REACHED
2026-08-18 15:25:04,406 [sse-robot_status] [web_gui.backend.robots.core] [INFO] [OpHistory] Started: robot=robot_ec2b source=robot_display op_id=6711
2026-08-18 15:25:24,441 [sse-robot_status] [web_gui.backend.robots.core] [INFO] [OpHistory] Completed: robot=robot_ec2b status=success goal_status=REACHED
2026-08-18 15:25:29,822 [sse-robot_status] [web_gui.backend.robots.core] [INFO] [OpHistory] Started: robot=robot_ec2b source=robot_display op_id=6712
2026-08-18 15:25:55,391 [sse-robot_status] [web_gui.backend.robots.core] [INFO] [OpHistory] Completed: robot=robot_ec2b status=success goal_status=REACHED
2026-08-18 15:26:00,793 [sse-robot_status] [web_gui.backend.robots.core] [INFO] [OpHistory] Started: robot=robot_ec2b source=robot_display op_id=6713
2026-08-18 15:26:21,432 [sse-robot_status] [web_gui.backend.robots.core] [INFO] [OpHistory] Completed: robot=robot_ec2b status=success goal_status=REACHED
2026-08-18 15:26:26,792 [sse-robot_status] [web_gui.backend.robots.core] [INFO] [OpHistory] Started: robot=robot_ec2b source=robot_display op_id=6714
2026-08-18 15:26:50,435 [sse-robot_status] [web_gui.backend.robots.core] [INFO] [OpHistory] Completed: robot=robot_ec2b status=success goal_status=REACHED
2026-08-18 15:26:55,800 [sse-robot_status] [web_gui.backend.robots.core] [INFO] [OpHistory] Started: robot=robot_ec2b source=robot_display op_id=6715
2026-08-18 15:27:16,383 [sse-robot_status] [web_gui.backend.robots.core] [INFO] [OpHistory] Completed: robot=robot_ec2b status=success goal_status=REACHED
2026-08-18 15:27:21,923 [sse-robot_status] [web_gui.backend.robots.core] [INFO] [OpHistory] Started: robot=robot_ec2b source=robot_display op_id=6716
2026-08-18 15:27:45,825 [sse-robot_status] [web_gui.backend.robots.core] [INFO] [OpHistory] Completed: robot=robot_ec2b status=success goal_status=REACHED
2026-08-18 15:27:51,924 [sse-robot_status] [web_gui.backend.robots.core] [INFO] [OpHistory] Started: robot=robot_ec2b source=robot_display op_id=6717
2026-08-18 15:28:11,395 [sse-robot_status] [web_gui.backend.robots.core] [INFO] [OpHistory] Completed: robot=robot_ec2b status=success goal_status=REACHED
2026-08-18 15:28:17,916 [sse-robot_status] [web_gui.backend.robots.core] [INFO] [OpHistory] Started: robot=robot_ec2b source=robot_display op_id=6718
2026-08-18 15:28:41,895 [sse-robot_status] [web_gui.backend.robots.core] [INFO] [OpHistory] Completed: robot=robot_ec2b status=success goal_status=REACHED
2026-08-18 15:28:47,344 [sse-robot_status] [web_gui.backend.robots.core] [INFO] [OpHistory] Started: robot=robot_ec2b source=robot_display op_id=6719
2026-08-18 15:29:07,411 [sse-robot_status] [web_gui.backend.robots.core] [INFO] [OpHistory] Completed: robot=robot_ec2b status=success goal_status=REACHED
2026-08-18 15:29:13,382 [sse-robot_status] [web_gui.backend.robots.core] [INFO] [OpHistory] Started: robot=robot_ec2b source=robot_display op_id=6720
2026-08-18 15:29:33,799 [sse-robot_status] [web_gui.backend.robots.core] [INFO] [OpHistory] Completed: robot=robot_ec2b status=success goal_status=REACHED
2026-08-18 15:29:39,341 [sse-robot_status] [web_gui.backend.robots.core] [INFO] [OpHistory] Started: robot=robot_ec2b source=robot_display op_id=6721
2026-08-18 15:29:59,405 [sse-robot_status] [web_gui.backend.robots.core] [INFO] [OpHistory] Completed: robot=robot_ec2b status=success goal_status=REACHED
2026-08-18 15:30:05,332 [sse-robot_status] [web_gui.backend.robots.core] [INFO] [OpHistory] Started: robot=robot_ec2b source=robot_display op_id=6722
2026-08-18 15:30:32,384 [sse-robot_status] [web_gui.backend.robots.core] [INFO] [OpHistory] Completed: robot=robot_ec2b status=success goal_status=REACHED
2026-08-18 15:30:38,446 [sse-robot_status] [web_gui.backend.robots.core] [INFO] [OpHistory] Started: robot=robot_ec2b source=robot_display op_id=6723
2026-08-18 15:30:58,807 [sse-robot_status] [web_gui.backend.robots.core] [INFO] [OpHistory] Completed: robot=robot_ec2b status=success goal_status=REACHED
2026-08-18 15:31:04,452 [sse-robot_status] [web_gui.backend.robots.core] [INFO] [OpHistory] Started: robot=robot_ec2b source=robot_display op_id=6724
2026-08-18 15:31:28,782 [sse-robot_status] [web_gui.backend.robots.core] [INFO] [OpHistory] Completed: robot=robot_ec2b status=success goal_status=REACHED
2026-08-18 15:31:34,482 [sse-robot_status] [web_gui.backend.robots.core] [INFO] [OpHistory] Started: robot=robot_ec2b source=robot_display op_id=6725
2026-08-18 15:31:54,404 [sse-robot_status] [web_gui.backend.robots.core] [INFO] [OpHistory] Completed: robot=robot_ec2b status=success goal_status=REACHED
2026-08-18 15:32:00,930 [sse-robot_status] [web_gui.backend.robots.core] [INFO] [OpHistory] Started: robot=robot_ec2b source=robot_display op_id=6726
2026-08-18 15:32:24,923 [sse-robot_status] [web_gui.backend.robots.core] [INFO] [OpHistory] Completed: robot=robot_ec2b status=success goal_status=REACHED
2026-08-18 15:32:30,461 [sse-robot_status] [web_gui.backend.robots.core] [INFO] [OpHistory] Started: robot=robot_ec2b source=robot_display op_id=6727
2026-08-18 15:32:50,444 [sse-robot_status] [web_gui.backend.robots.core] [INFO] [OpHistory] Completed: robot=robot_ec2b status=success goal_status=REACHED
2026-08-18 15:32:56,344 [sse-robot_status] [web_gui.backend.robots.core] [INFO] [OpHistory] Started: robot=robot_ec2b source=robot_display op_id=6728
2026-08-18 15:33:16,894 [sse-robot_status] [web_gui.backend.robots.core] [INFO] [OpHistory] Completed: robot=robot_ec2b status=success goal_status=REACHED
2026-08-18 15:33:22,456 [sse-robot_status] [web_gui.backend.robots.core] [INFO] [OpHistory] Started: robot=robot_ec2b source=robot_display op_id=6729
2026-08-18 15:33:42,792 [sse-robot_status] [web_gui.backend.robots.core] [INFO] [OpHistory] Completed: robot=robot_ec2b status=success goal_status=REACHED
2026-08-18 15:33:49,397 [sse-robot_status] [web_gui.backend.robots.core] [INFO] [OpHistory] Started: robot=robot_ec2b source=robot_display op_id=6730
2026-08-18 15:34:09,949 [sse-robot_status] [web_gui.backend.robots.core] [INFO] [OpHistory] Completed: robot=robot_ec2b status=success goal_status=REACHED
2026-08-18 15:34:15,437 [sse-robot_status] [web_gui.backend.robots.core] [INFO] [OpHistory] Started: robot=robot_ec2b source=robot_display op_id=6731
2026-08-18 15:34:35,325 [sse-robot_status] [web_gui.backend.robots.core] [INFO] [OpHistory] Completed: robot=robot_ec2b status=success goal_status=REACHED
2026-08-18 15:34:41,421 [sse-robot_status] [web_gui.backend.robots.core] [INFO] [OpHistory] Started: robot=robot_ec2b source=robot_display op_id=6732
2026-08-18 15:35:01,312 [sse-robot_status] [web_gui.backend.robots.core] [INFO] [OpHistory] Completed: robot=robot_ec2b status=success goal_status=REACHED
2026-08-18 15:35:06,861 [sse-robot_status] [web_gui.backend.robots.core] [INFO] [OpHistory] Started: robot=robot_ec2b source=robot_display op_id=6733
2026-08-18 15:35:27,393 [sse-robot_status] [web_gui.backend.robots.core] [INFO] [OpHistory] Completed: robot=robot_ec2b status=success goal_status=REACHED
2026-08-18 15:35:32,803 [sse-robot_status] [web_gui.backend.robots.core] [INFO] [OpHistory] Started: robot=robot_ec2b source=robot_display op_id=6734
2026-08-18 15:35:53,946 [sse-robot_status] [web_gui.backend.robots.core] [INFO] [OpHistory] Completed: robot=robot_ec2b status=success goal_status=REACHED
2026-08-18 15:35:59,913 [sse-robot_status] [web_gui.backend.robots.core] [INFO] [OpHistory] Started: robot=robot_ec2b source=robot_display op_id=6735
2026-08-18 15:36:20,462 [sse-robot_status] [web_gui.backend.robots.core] [INFO] [OpHistory] Completed: robot=robot_ec2b status=success goal_status=REACHED
2026-08-18 15:36:26,831 [sse-robot_status] [web_gui.backend.robots.core] [INFO] [OpHistory] Started: robot=robot_ec2b source=robot_display op_id=6736
2026-08-18 15:36:55,882 [sse-robot_status] [web_gui.backend.robots.core] [INFO] [OpHistory] Completed: robot=robot_ec2b status=success goal_status=REACHED
2026-08-18 15:37:01,952 [sse-robot_status] [web_gui.backend.robots.core] [INFO] [OpHistory] Started: robot=robot_ec2b source=robot_display op_id=6737
2026-08-18 15:37:24,099 [sse-robot_status] [web_gui.backend.robots.core] [INFO] [OpHistory] Completed: robot=robot_ec2b status=success goal_status=REACHED
2026-08-18 15:37:30,066 [sse-robot_status] [web_gui.backend.robots.core] [INFO] [OpHistory] Started: robot=robot_ec2b source=robot_display op_id=6738
2026-08-18 15:37:56,051 [sse-robot_status] [web_gui.backend.robots.core] [INFO] [OpHistory] Completed: robot=robot_ec2b status=success goal_status=REACHED
2026-08-18 15:38:02,488 [sse-robot_status] [web_gui.backend.robots.core] [INFO] [OpHistory] Started: robot=robot_ec2b source=robot_display op_id=6739
2026-08-18 15:38:23,421 [sse-robot_status] [web_gui.backend.robots.core] [INFO] [OpHistory] Completed: robot=robot_ec2b status=success goal_status=REACHED
2026-08-18 15:38:29,391 [sse-robot_status] [web_gui.backend.robots.core] [INFO] [OpHistory] Started: robot=robot_ec2b source=robot_display op_id=6740
2026-08-18 15:38:51,801 [sse-robot_status] [web_gui.backend.robots.core] [INFO] [OpHistory] Completed: robot=robot_ec2b status=success goal_status=REACHED
2026-08-18 15:38:57,395 [sse-robot_status] [web_gui.backend.robots.core] [INFO] [OpHistory] Started: robot=robot_ec2b source=robot_display op_id=6741
2026-08-18 15:39:17,899 [sse-robot_status] [web_gui.backend.robots.core] [INFO] [OpHistory] Completed: robot=robot_ec2b status=success goal_status=REACHED
2026-08-18 15:39:23,846 [sse-robot_status] [web_gui.backend.robots.core] [INFO] [OpHistory] Started: robot=robot_ec2b source=robot_display op_id=6742
2026-08-18 15:39:45,396 [sse-robot_status] [web_gui.backend.robots.core] [INFO] [OpHistory] Completed: robot=robot_ec2b status=success goal_status=REACHED
2026-08-18 15:39:50,776 [sse-robot_status] [web_gui.backend.robots.core] [INFO] [OpHistory] Started: robot=robot_ec2b source=robot_display op_id=6743
2026-08-18 15:40:11,386 [sse-robot_status] [web_gui.backend.robots.core] [INFO] [OpHistory] Completed: robot=robot_ec2b status=success goal_status=REACHED
2026-08-18 15:40:16,943 [sse-robot_status] [web_gui.backend.robots.core] [INFO] [OpHistory] Started: robot=robot_ec2b source=robot_display op_id=6744
2026-08-18 15:40:41,392 [sse-robot_status] [web_gui.backend.robots.core] [INFO] [OpHistory] Completed: robot=robot_ec2b status=success goal_status=REACHED
2026-08-18 15:40:47,370 [sse-robot_status] [web_gui.backend.robots.core] [INFO] [OpHistory] Started: robot=robot_ec2b source=robot_display op_id=6745
2026-08-18 15:41:07,817 [sse-robot_status] [web_gui.backend.robots.core] [INFO] [OpHistory] Completed: robot=robot_ec2b status=success goal_status=REACHED
2026-08-18 15:41:12,934 [sse-robot_status] [web_gui.backend.robots.core] [INFO] [OpHistory] Started: robot=robot_ec2b source=robot_display op_id=6746
2026-08-18 15:41:37,413 [sse-robot_status] [web_gui.backend.robots.core] [INFO] [OpHistory] Completed: robot=robot_ec2b status=success goal_status=REACHED
2026-08-18 15:41:43,383 [sse-robot_status] [web_gui.backend.robots.core] [INFO] [OpHistory] Started: robot=robot_ec2b source=robot_display op_id=6747
2026-08-18 15:42:03,437 [sse-robot_status] [web_gui.backend.robots.core] [INFO] [OpHistory] Completed: robot=robot_ec2b status=success goal_status=REACHED
2026-08-18 15:42:09,379 [sse-robot_status] [web_gui.backend.robots.core] [INFO] [OpHistory] Started: robot=robot_ec2b source=robot_display op_id=6748
2026-08-18 15:42:36,344 [sse-robot_status] [web_gui.backend.robots.core] [INFO] [OpHistory] Completed: robot=robot_ec2b status=success goal_status=REACHED
2026-08-18 15:42:41,881 [sse-robot_status] [web_gui.backend.robots.core] [INFO] [OpHistory] Started: robot=robot_ec2b source=robot_display op_id=6749
2026-08-18 15:43:02,810 [sse-robot_status] [web_gui.backend.robots.core] [INFO] [OpHistory] Completed: robot=robot_ec2b status=success goal_status=REACHED
2026-08-18 15:43:08,903 [sse-robot_status] [web_gui.backend.robots.core] [INFO] [OpHistory] Started: robot=robot_ec2b source=robot_display op_id=6750
2026-08-18 15:43:30,445 [sse-robot_status] [web_gui.backend.robots.core] [INFO] [OpHistory] Completed: robot=robot_ec2b status=success goal_status=REACHED
2026-08-18 15:43:35,881 [sse-robot_status] [web_gui.backend.robots.core] [INFO] [OpHistory] Started: robot=robot_ec2b source=robot_display op_id=6751
2026-08-18 15:43:55,927 [sse-robot_status] [web_gui.backend.robots.core] [INFO] [OpHistory] Completed: robot=robot_ec2b status=success goal_status=REACHED
2026-08-18 15:44:01,849 [sse-robot_status] [web_gui.backend.robots.core] [INFO] [OpHistory] Started: robot=robot_ec2b source=robot_display op_id=6752
2026-08-18 15:44:30,372 [sse-robot_status] [web_gui.backend.robots.core] [INFO] [OpHistory] Completed: robot=robot_ec2b status=success goal_status=REACHED
2026-08-18 15:44:35,896 [sse-robot_status] [web_gui.backend.robots.core] [INFO] [OpHistory] Started: robot=robot_ec2b source=robot_display op_id=6753
2026-08-18 15:44:56,386 [sse-robot_status] [web_gui.backend.robots.core] [INFO] [OpHistory] Completed: robot=robot_ec2b status=success goal_status=REACHED
2026-08-18 15:45:01,890 [sse-robot_status] [web_gui.backend.robots.core] [INFO] [OpHistory] Started: robot=robot_ec2b source=robot_display op_id=6754
2026-08-18 15:45:26,325 [sse-robot_status] [web_gui.backend.robots.core] [INFO] [OpHistory] Completed: robot=robot_ec2b status=success goal_status=REACHED
2026-08-18 15:45:31,845 [sse-robot_status] [web_gui.backend.robots.core] [INFO] [OpHistory] Started: robot=robot_ec2b source=robot_display op_id=6755
2026-08-18 15:45:51,359 [sse-robot_status] [web_gui.backend.robots.core] [INFO] [OpHistory] Completed: robot=robot_ec2b status=success goal_status=REACHED
2026-08-18 15:45:56,955 [sse-robot_status] [web_gui.backend.robots.core] [INFO] [OpHistory] Started: robot=robot_ec2b source=robot_display op_id=6756
2026-08-18 15:46:23,418 [sse-robot_status] [web_gui.backend.robots.core] [INFO] [OpHistory] Completed: robot=robot_ec2b status=success goal_status=REACHED
2026-08-18 15:46:28,800 [sse-robot_status] [web_gui.backend.robots.core] [INFO] [OpHistory] Started: robot=robot_ec2b source=robot_display op_id=6757
2026-08-18 15:46:49,445 [sse-robot_status] [web_gui.backend.robots.core] [INFO] [OpHistory] Completed: robot=robot_ec2b status=success goal_status=REACHED
2026-08-18 15:46:54,789 [sse-robot_status] [web_gui.backend.robots.core] [INFO] [OpHistory] Started: robot=robot_ec2b source=robot_display op_id=6758
2026-08-18 15:47:20,360 [sse-robot_status] [web_gui.backend.robots.core] [INFO] [OpHistory] Completed: robot=robot_ec2b status=success goal_status=REACHED
2026-08-18 15:47:25,950 [sse-robot_status] [web_gui.backend.robots.core] [INFO] [OpHistory] Started: robot=robot_ec2b source=robot_display op_id=6759
2026-08-18 15:47:45,859 [sse-robot_status] [web_gui.backend.robots.core] [INFO] [OpHistory] Completed: robot=robot_ec2b status=success goal_status=REACHED
2026-08-18 15:47:51,814 [sse-robot_status] [web_gui.backend.robots.core] [INFO] [OpHistory] Started: robot=robot_ec2b source=robot_display op_id=6760
                                                                                                                                                              2026-08-18 15:49:12,558 [MainThread] [web_gui.backend.server] [INFO] Starting Hypercorn server on http://0.0.0.0:5051
2026-08-18 15:49:12,562 [MainThread] [web_gui.backend.server] [INFO] Thread dump handler ready: kill -USR1 2737
2026-08-18 15:49:13,713 [MainThread] [web_gui.backend.robots.core] [INFO] Polling thread started
2026-08-18 15:49:13,720 [MainThread] [web_gui.backend.robots.core] [INFO] SSE streams started (7 new, 7 total)
2026-08-18 15:49:13,771 [MainThread] [web_gui.backend.server] [INFO] Voice event settings ready: /home/dentium/.local/share/dentium-webgui/config/voice_event_settings.json
2026-08-18 15:49:13,821 [MainThread] [web_gui.backend.server] [INFO] Browser music catalog ready in voice event settings: /home/dentium/.local/share/dentium-webgui/config/voice_event_settings.json
2026-08-18 15:49:13,973 [MainThread] [web_gui.backend.robots.ops] [INFO] Direct ROS2 node ready for latency-sensitive commands
2026-08-18 15:49:13,982 [MainThread] [web_gui.backend.robots.ops] [INFO] ROS2 callbell subscriber ready for /callbell
2026-08-18 15:50:05,319 [sse-robot_status] [web_gui.backend.robots.core] [INFO] [OpHistory] Started: robot=robot_ec2b source=robot_display op_id=6761
2026-08-18 15:50:25,884 [sse-robot_status] [web_gui.backend.robots.core] [INFO] [OpHistory] Completed: robot=robot_ec2b status=success goal_status=REACHED
2026-08-18 15:50:31,306 [sse-robot_status] [web_gui.backend.robots.core] [INFO] [OpHistory] Started: robot=robot_ec2b source=robot_display op_id=6762
2026-08-18 15:50:37,852 [sse-robot_status] [web_gui.backend.robots.core] [INFO] [OpHistory] Completed: robot=robot_ec2b status=cancelled goal_status=CANCELED
2026-08-18 15:52:40,870 [sse-robot_status] [web_gui.backend.robots.core] [INFO] [OpHistory] Started: robot=robot_ec2b source=robot_display op_id=6763
2026-08-18 15:52:57,270 [sse-robot_status] [web_gui.backend.robots.core] [INFO] [OpHistory] Completed: robot=robot_ec2b status=success goal_status=REACHED
2026-08-18 15:53:03,327 [sse-robot_status] [web_gui.backend.robots.core] [INFO] [OpHistory] Started: robot=robot_ec2b source=robot_display op_id=6764
2026-08-18 15:53:28,270 [sse-robot_status] [web_gui.backend.robots.core] [INFO] [OpHistory] Completed: robot=robot_ec2b status=success goal_status=REACHED
2026-08-18 15:53:34,258 [sse-robot_status] [web_gui.backend.robots.core] [INFO] [OpHistory] Started: robot=robot_ec2b source=robot_display op_id=6765
2026-08-18 15:53:54,767 [sse-robot_status] [web_gui.backend.robots.core] [INFO] [OpHistory] Completed: robot=robot_ec2b status=success goal_status=REACHED
2026-08-18 15:54:00,331 [sse-robot_status] [web_gui.backend.robots.core] [INFO] [OpHistory] Started: robot=robot_ec2b source=robot_display op_id=6766
2026-08-18 15:54:20,319 [sse-robot_status] [web_gui.backend.robots.core] [INFO] [OpHistory] Completed: robot=robot_ec2b status=success goal_status=REACHED
2026-08-18 15:54:26,298 [sse-robot_status] [web_gui.backend.robots.core] [INFO] [OpHistory] Started: robot=robot_ec2b source=robot_display op_id=6767
2026-08-18 15:54:46,320 [sse-robot_status] [web_gui.backend.robots.core] [INFO] [OpHistory] Completed: robot=robot_ec2b status=success goal_status=REACHED
2026-08-18 15:54:52,322 [sse-robot_status] [web_gui.backend.robots.core] [INFO] [OpHistory] Started: robot=robot_ec2b source=robot_display op_id=6768
2026-08-18 15:55:15,792 [sse-robot_status] [web_gui.backend.robots.core] [INFO] [OpHistory] Completed: robot=robot_ec2b status=success goal_status=REACHED
2026-08-18 15:55:20,763 [sse-robot_status] [web_gui.backend.robots.core] [INFO] [OpHistory] Started: robot=robot_ec2b source=robot_display op_id=6769
2026-08-18 15:55:41,341 [sse-robot_status] [web_gui.backend.robots.core] [INFO] [OpHistory] Completed: robot=robot_ec2b status=success goal_status=REACHED
2026-08-18 15:55:46,743 [sse-robot_status] [web_gui.backend.robots.core] [INFO] [OpHistory] Started: robot=robot_ec2b source=robot_display op_id=6770
2026-08-18 15:56:09,269 [sse-robot_status] [web_gui.backend.robots.core] [INFO] [OpHistory] Completed: robot=robot_ec2b status=success goal_status=REACHED
2026-08-18 15:56:14,789 [sse-robot_status] [web_gui.backend.robots.core] [INFO] [OpHistory] Started: robot=robot_ec2b source=robot_display op_id=6771
2026-08-18 15:56:35,358 [sse-robot_status] [web_gui.backend.robots.core] [INFO] [OpHistory] Completed: robot=robot_ec2b status=success goal_status=REACHED
2026-08-18 15:56:40,866 [sse-robot_status] [web_gui.backend.robots.core] [INFO] [OpHistory] Started: robot=robot_ec2b source=robot_display op_id=6772
2026-08-18 15:57:05,366 [sse-robot_status] [web_gui.backend.robots.core] [INFO] [OpHistory] Completed: robot=robot_ec2b status=success goal_status=REACHED
2026-08-18 15:57:10,799 [sse-robot_status] [web_gui.backend.robots.core] [INFO] [OpHistory] Started: robot=robot_ec2b source=robot_display op_id=6773
2026-08-18 15:57:31,269 [sse-robot_status] [web_gui.backend.robots.core] [INFO] [OpHistory] Completed: robot=robot_ec2b status=success goal_status=REACHED
2026-08-18 15:57:36,795 [sse-robot_status] [web_gui.backend.robots.core] [INFO] [OpHistory] Started: robot=robot_ec2b source=robot_display op_id=6774
2026-08-18 15:57:59,268 [sse-robot_status] [web_gui.backend.robots.core] [INFO] [OpHistory] Completed: robot=robot_ec2b status=success goal_status=REACHED
2026-08-18 15:58:04,310 [sse-robot_status] [web_gui.backend.robots.core] [INFO] [OpHistory] Started: robot=robot_ec2b source=robot_display op_id=6775
2026-08-18 15:58:24,268 [sse-robot_status] [web_gui.backend.robots.core] [INFO] [OpHistory] Completed: robot=robot_ec2b status=success goal_status=REACHED
2026-08-18 15:58:30,365 [sse-robot_status] [web_gui.backend.robots.core] [INFO] [OpHistory] Started: robot=robot_ec2b source=robot_display op_id=6776
2026-08-18 15:58:52,827 [sse-robot_status] [web_gui.backend.robots.core] [INFO] [OpHistory] Completed: robot=robot_ec2b status=success goal_status=REACHED
2026-08-18 15:58:58,359 [sse-robot_status] [web_gui.backend.robots.core] [INFO] [OpHistory] Started: robot=robot_ec2b source=robot_display op_id=6777
2026-08-18 15:59:18,739 [sse-robot_status] [web_gui.backend.robots.core] [INFO] [OpHistory] Completed: robot=robot_ec2b status=success goal_status=REACHED
2026-08-18 15:59:24,366 [sse-robot_status] [web_gui.backend.robots.core] [INFO] [OpHistory] Started: robot=robot_ec2b source=robot_display op_id=6778
2026-08-18 15:59:46,269 [sse-robot_status] [web_gui.backend.robots.core] [INFO] [OpHistory] Completed: robot=robot_ec2b status=success goal_status=REACHED
2026-08-18 15:59:51,850 [sse-robot_status] [web_gui.backend.robots.core] [INFO] [OpHistory] Started: robot=robot_ec2b source=robot_display op_id=6779
2026-08-18 16:00:11,865 [sse-robot_status] [web_gui.backend.robots.core] [INFO] [OpHistory] Completed: robot=robot_ec2b status=success goal_status=REACHED
2026-08-18 16:00:17,775 [sse-robot_status] [web_gui.backend.robots.core] [INFO] [OpHistory] Started: robot=robot_ec2b source=robot_display op_id=6780
2026-08-18 16:00:39,787 [sse-robot_status] [web_gui.backend.robots.core] [INFO] [OpHistory] Completed: robot=robot_ec2b status=success goal_status=REACHED
2026-08-18 16:00:45,833 [sse-robot_status] [web_gui.backend.robots.core] [INFO] [OpHistory] Started: robot=robot_ec2b source=robot_display op_id=6781
2026-08-18 16:01:05,771 [sse-robot_status] [web_gui.backend.robots.core] [INFO] [OpHistory] Completed: robot=robot_ec2b status=success goal_status=REACHED
2026-08-18 16:01:11,760 [sse-robot_status] [web_gui.backend.robots.core] [INFO] [OpHistory] Started: robot=robot_ec2b source=robot_display op_id=6782
2026-08-18 16:01:32,323 [sse-robot_status] [web_gui.backend.robots.core] [INFO] [OpHistory] Completed: robot=robot_ec2b status=success goal_status=REACHED
2026-08-18 16:01:37,764 [sse-robot_status] [web_gui.backend.robots.core] [INFO] [OpHistory] Started: robot=robot_ec2b source=robot_display op_id=6783
2026-08-18 16:01:57,740 [sse-robot_status] [web_gui.backend.robots.core] [INFO] [OpHistory] Completed: robot=robot_ec2b status=success goal_status=REACHED
2026-08-18 16:02:03,340 [sse-robot_status] [web_gui.backend.robots.core] [INFO] [OpHistory] Started: robot=robot_ec2b source=robot_display op_id=6784
2026-08-18 16:02:24,245 [sse-robot_status] [web_gui.backend.robots.core] [INFO] [OpHistory] Completed: robot=robot_ec2b status=success goal_status=REACHED
2026-08-18 16:02:29,285 [sse-robot_status] [web_gui.backend.robots.core] [INFO] [OpHistory] Started: robot=robot_ec2b source=robot_display op_id=6785
2026-08-18 16:02:49,763 [sse-robot_status] [web_gui.backend.robots.core] [INFO] [OpHistory] Completed: robot=robot_ec2b status=success goal_status=REACHED
2026-08-18 16:02:55,306 [sse-robot_status] [web_gui.backend.robots.core] [INFO] [OpHistory] Started: robot=robot_ec2b source=robot_display op_id=6786
2026-08-18 16:03:15,868 [sse-robot_status] [web_gui.backend.robots.core] [INFO] [OpHistory] Completed: robot=robot_ec2b status=success goal_status=REACHED
2026-08-18 16:03:21,300 [sse-robot_status] [web_gui.backend.robots.core] [INFO] [OpHistory] Started: robot=robot_ec2b source=robot_display op_id=6787
2026-08-18 16:03:41,753 [sse-robot_status] [web_gui.backend.robots.core] [INFO] [OpHistory] Completed: robot=robot_ec2b status=success goal_status=REACHED
2026-08-18 16:03:47,280 [sse-robot_status] [web_gui.backend.robots.core] [INFO] [OpHistory] Started: robot=robot_ec2b source=robot_display op_id=6788
2026-08-18 16:04:15,827 [sse-robot_status] [web_gui.backend.robots.core] [INFO] [OpHistory] Completed: robot=robot_ec2b status=success goal_status=REACHED
2026-08-18 16:04:21,363 [sse-robot_status] [web_gui.backend.robots.core] [INFO] [OpHistory] Started: robot=robot_ec2b source=robot_display op_id=6789
2026-08-18 16:04:41,309 [sse-robot_status] [web_gui.backend.robots.core] [INFO] [OpHistory] Completed: robot=robot_ec2b status=success goal_status=REACHED
2026-08-18 16:04:47,352 [sse-robot_status] [web_gui.backend.robots.core] [INFO] [OpHistory] Started: robot=robot_ec2b source=robot_display op_id=6790
2026-08-18 16:05:10,234 [sse-robot_status] [web_gui.backend.robots.core] [INFO] [OpHistory] Completed: robot=robot_ec2b status=success goal_status=REACHED
2026-08-18 16:05:16,335 [sse-robot_status] [web_gui.backend.robots.core] [INFO] [OpHistory] Started: robot=robot_ec2b source=robot_display op_id=6791
2026-08-18 16:05:36,311 [sse-robot_status] [web_gui.backend.robots.core] [INFO] [OpHistory] Completed: robot=robot_ec2b status=success goal_status=REACHED
2026-08-18 16:05:42,309 [sse-robot_status] [web_gui.backend.robots.core] [INFO] [OpHistory] Started: robot=robot_ec2b source=robot_display op_id=6792
2026-08-18 16:06:04,875 [sse-robot_status] [web_gui.backend.robots.core] [INFO] [OpHistory] Completed: robot=robot_ec2b status=success goal_status=REACHED
2026-08-18 16:06:09,752 [sse-robot_status] [web_gui.backend.robots.core] [INFO] [OpHistory] Started: robot=robot_ec2b source=robot_display op_id=6793
2026-08-18 16:06:30,744 [sse-robot_status] [web_gui.backend.robots.core] [INFO] [OpHistory] Completed: robot=robot_ec2b status=success goal_status=REACHED
2026-08-18 16:06:35,879 [sse-robot_status] [web_gui.backend.robots.core] [INFO] [OpHistory] Started: robot=robot_ec2b source=robot_display op_id=6794
2026-08-18 16:06:56,818 [sse-robot_status] [web_gui.backend.robots.core] [INFO] [OpHistory] Completed: robot=robot_ec2b status=success goal_status=REACHED
2026-08-18 16:07:01,802 [sse-robot_status] [web_gui.backend.robots.core] [INFO] [OpHistory] Started: robot=robot_ec2b source=robot_display op_id=6795
2026-08-18 16:07:21,789 [sse-robot_status] [web_gui.backend.robots.core] [INFO] [OpHistory] Completed: robot=robot_ec2b status=success goal_status=REACHED
2026-08-18 16:07:27,791 [sse-robot_status] [web_gui.backend.robots.core] [INFO] [OpHistory] Started: robot=robot_ec2b source=robot_display op_id=6796
2026-08-18 16:07:49,331 [sse-robot_status] [web_gui.backend.robots.core] [INFO] [OpHistory] Completed: robot=robot_ec2b status=success goal_status=REACHED
2026-08-18 16:07:54,758 [sse-robot_status] [web_gui.backend.robots.core] [INFO] [OpHistory] Started: robot=robot_ec2b source=robot_display op_id=6797
2026-08-18 16:08:14,838 [sse-robot_status] [web_gui.backend.robots.core] [INFO] [OpHistory] Completed: robot=robot_ec2b status=success goal_status=REACHED
2026-08-18 16:08:20,831 [sse-robot_status] [web_gui.backend.robots.core] [INFO] [OpHistory] Started: robot=robot_ec2b source=robot_display op_id=6798
2026-08-18 16:08:49,851 [sse-robot_status] [web_gui.backend.robots.core] [INFO] [OpHistory] Completed: robot=robot_ec2b status=success goal_status=REACHED
2026-08-18 16:08:55,867 [sse-robot_status] [web_gui.backend.robots.core] [INFO] [OpHistory] Started: robot=robot_ec2b source=robot_display op_id=6799
2026-08-18 16:09:16,353 [sse-robot_status] [web_gui.backend.robots.core] [INFO] [OpHistory] Completed: robot=robot_ec2b status=success goal_status=REACHED
2026-08-18 16:09:21,735 [sse-robot_status] [web_gui.backend.robots.core] [INFO] [OpHistory] Started: robot=robot_ec2b source=robot_display op_id=6800
2026-08-18 16:09:46,246 [sse-robot_status] [web_gui.backend.robots.core] [INFO] [OpHistory] Completed: robot=robot_ec2b status=success goal_status=REACHED
2026-08-18 16:09:52,329 [sse-robot_status] [web_gui.backend.robots.core] [INFO] [OpHistory] Started: robot=robot_ec2b source=robot_display op_id=6801
2026-08-18 16:10:12,833 [sse-robot_status] [web_gui.backend.robots.core] [INFO] [OpHistory] Completed: robot=robot_ec2b status=success goal_status=REACHED
2026-08-18 16:10:18,374 [sse-robot_status] [web_gui.backend.robots.core] [INFO] [OpHistory] Started: robot=robot_ec2b source=robot_display op_id=6802
2026-08-18 16:10:42,802 [sse-robot_status] [web_gui.backend.robots.core] [INFO] [OpHistory] Completed: robot=robot_ec2b status=success goal_status=REACHED
2026-08-18 16:10:48,253 [sse-robot_status] [web_gui.backend.robots.core] [INFO] [OpHistory] Started: robot=robot_ec2b source=robot_display op_id=6803
2026-08-18 16:11:08,343 [sse-robot_status] [web_gui.backend.robots.core] [INFO] [OpHistory] Completed: robot=robot_ec2b status=success goal_status=REACHED
2026-08-18 16:11:14,287 [sse-robot_status] [web_gui.backend.robots.core] [INFO] [OpHistory] Started: robot=robot_ec2b source=robot_display op_id=6804
2026-08-18 16:11:37,236 [sse-robot_status] [web_gui.backend.robots.core] [INFO] [OpHistory] Completed: robot=robot_ec2b status=success goal_status=REACHED
2026-08-18 16:11:43,238 [sse-robot_status] [web_gui.backend.robots.core] [INFO] [OpHistory] Started: robot=robot_ec2b source=robot_display op_id=6805
2026-08-18 16:12:03,359 [sse-robot_status] [web_gui.backend.robots.core] [INFO] [OpHistory] Completed: robot=robot_ec2b status=success goal_status=REACHED
2026-08-18 16:12:08,745 [sse-robot_status] [web_gui.backend.robots.core] [INFO] [OpHistory] Started: robot=robot_ec2b source=robot_display op_id=6806
2026-08-18 16:12:34,321 [sse-robot_status] [web_gui.backend.robots.core] [INFO] [OpHistory] Completed: robot=robot_ec2b status=success goal_status=REACHED
2026-08-18 16:12:39,756 [sse-robot_status] [web_gui.backend.robots.core] [INFO] [OpHistory] Started: robot=robot_ec2b source=robot_display op_id=6807
2026-08-18 16:13:00,366 [sse-robot_status] [web_gui.backend.robots.core] [INFO] [OpHistory] Completed: robot=robot_ec2b status=success goal_status=REACHED
2026-08-18 16:13:05,767 [sse-robot_status] [web_gui.backend.robots.core] [INFO] [OpHistory] Started: robot=robot_ec2b source=robot_display op_id=6808
2026-08-18 16:13:32,353 [sse-robot_status] [web_gui.backend.robots.core] [INFO] [OpHistory] Completed: robot=robot_ec2b status=success goal_status=REACHED
2026-08-18 16:13:37,725 [sse-robot_status] [web_gui.backend.robots.core] [INFO] [OpHistory] Started: robot=robot_ec2b source=robot_display op_id=6809
2026-08-18 16:14:00,344 [sse-robot_status] [web_gui.backend.robots.core] [INFO] [OpHistory] Completed: robot=robot_ec2b status=success goal_status=REACHED
2026-08-18 16:14:06,756 [sse-robot_status] [web_gui.backend.robots.core] [INFO] [OpHistory] Started: robot=robot_ec2b source=robot_display op_id=6810
2026-08-18 16:14:25,273 [sse-robot_status] [web_gui.backend.robots.core] [INFO] [OpHistory] Completed: robot=robot_ec2b status=success goal_status=REACHED
2026-08-18 16:14:30,269 [sse-robot_status] [web_gui.backend.robots.core] [INFO] [OpHistory] Started: robot=robot_ec2b source=robot_display op_id=6811
2026-08-18 16:14:50,869 [sse-robot_status] [web_gui.backend.robots.core] [INFO] [OpHistory] Completed: robot=robot_ec2b status=success goal_status=REACHED
2026-08-18 16:14:56,770 [sse-robot_status] [web_gui.backend.robots.core] [INFO] [OpHistory] Started: robot=robot_ec2b source=robot_display op_id=6812
2026-08-18 16:15:20,853 [sse-robot_status] [web_gui.backend.robots.core] [INFO] [OpHistory] Completed: robot=robot_ec2b status=success goal_status=REACHED
2026-08-18 16:15:26,247 [sse-robot_status] [web_gui.backend.robots.core] [INFO] [OpHistory] Started: robot=robot_ec2b source=robot_display op_id=6813
2026-08-18 16:15:46,781 [sse-robot_status] [web_gui.backend.robots.core] [INFO] [OpHistory] Completed: robot=robot_ec2b status=success goal_status=REACHED
2026-08-18 16:15:52,263 [sse-robot_status] [web_gui.backend.robots.core] [INFO] [OpHistory] Started: robot=robot_ec2b source=robot_display op_id=6814
2026-08-18 16:16:16,839 [sse-robot_status] [web_gui.backend.robots.core] [INFO] [OpHistory] Completed: robot=robot_ec2b status=success goal_status=REACHED
2026-08-18 16:16:22,360 [sse-robot_status] [web_gui.backend.robots.core] [INFO] [OpHistory] Started: robot=robot_ec2b source=robot_display op_id=6815
2026-08-18 16:16:42,282 [sse-robot_status] [web_gui.backend.robots.core] [INFO] [OpHistory] Completed: robot=robot_ec2b status=success goal_status=REACHED
2026-08-18 16:16:48,369 [sse-robot_status] [web_gui.backend.robots.core] [INFO] [OpHistory] Started: robot=robot_ec2b source=robot_display op_id=6816
2026-08-18 16:17:11,728 [sse-robot_status] [web_gui.backend.robots.core] [INFO] [OpHistory] Completed: robot=robot_ec2b status=success goal_status=REACHED
2026-08-18 16:17:17,748 [sse-robot_status] [web_gui.backend.robots.core] [INFO] [OpHistory] Started: robot=robot_ec2b source=robot_display op_id=6817
2026-08-18 16:17:38,316 [sse-robot_status] [web_gui.backend.robots.core] [INFO] [OpHistory] Completed: robot=robot_ec2b status=success goal_status=REACHED
2026-08-18 16:17:43,827 [sse-robot_status] [web_gui.backend.robots.core] [INFO] [OpHistory] Started: robot=robot_ec2b source=robot_display op_id=6818
2026-08-18 16:18:07,794 [sse-robot_status] [web_gui.backend.robots.core] [INFO] [OpHistory] Completed: robot=robot_ec2b status=success goal_status=REACHED
2026-08-18 16:18:13,740 [sse-robot_status] [web_gui.backend.robots.core] [INFO] [OpHistory] Started: robot=robot_ec2b source=robot_display op_id=6819
2026-08-18 16:18:34,352 [sse-robot_status] [web_gui.backend.robots.core] [INFO] [OpHistory] Completed: robot=robot_ec2b status=success goal_status=REACHED
2026-08-18 16:18:39,784 [sse-robot_status] [web_gui.backend.robots.core] [INFO] [OpHistory] Started: robot=robot_ec2b source=robot_display op_id=6820
2026-08-18 16:19:02,820 [sse-robot_status] [web_gui.backend.robots.core] [INFO] [OpHistory] Completed: robot=robot_ec2b status=success goal_status=REACHED
2026-08-18 16:19:08,758 [sse-robot_status] [web_gui.backend.robots.core] [INFO] [OpHistory] Started: robot=robot_ec2b source=robot_display op_id=6821
2026-08-18 16:19:29,302 [sse-robot_status] [web_gui.backend.robots.core] [INFO] [OpHistory] Completed: robot=robot_ec2b status=success goal_status=REACHED
2026-08-18 16:19:34,829 [sse-robot_status] [web_gui.backend.robots.core] [INFO] [OpHistory] Started: robot=robot_ec2b source=robot_display op_id=6822
2026-08-18 16:19:59,331 [sse-robot_status] [web_gui.backend.robots.core] [INFO] [OpHistory] Completed: robot=robot_ec2b status=success goal_status=REACHED
2026-08-18 16:20:04,774 [sse-robot_status] [web_gui.backend.robots.core] [INFO] [OpHistory] Started: robot=robot_ec2b source=robot_display op_id=6823
2026-08-18 16:20:24,863 [sse-robot_status] [web_gui.backend.robots.core] [INFO] [OpHistory] Completed: robot=robot_ec2b status=success goal_status=REACHED
2026-08-18 16:20:30,313 [sse-robot_status] [web_gui.backend.robots.core] [INFO] [OpHistory] Started: robot=robot_ec2b source=robot_display op_id=6824
2026-08-18 16:20:55,835 [sse-robot_status] [web_gui.backend.robots.core] [INFO] [OpHistory] Completed: robot=robot_ec2b status=success goal_status=REACHED
2026-08-18 16:21:01,272 [sse-robot_status] [web_gui.backend.robots.core] [INFO] [OpHistory] Started: robot=robot_ec2b source=robot_display op_id=6825
2026-08-18 16:21:21,836 [sse-robot_status] [web_gui.backend.robots.core] [INFO] [OpHistory] Completed: robot=robot_ec2b status=success goal_status=REACHED
2026-08-18 16:21:27,264 [sse-robot_status] [web_gui.backend.robots.core] [INFO] [OpHistory] Started: robot=robot_ec2b source=robot_display op_id=6826
2026-08-18 16:21:53,835 [sse-robot_status] [web_gui.backend.robots.core] [INFO] [OpHistory] Completed: robot=robot_ec2b status=success goal_status=REACHED
2026-08-18 16:21:59,372 [sse-robot_status] [web_gui.backend.robots.core] [INFO] [OpHistory] Started: robot=robot_ec2b source=robot_display op_id=6827
2026-08-18 16:22:18,760 [sse-robot_status] [web_gui.backend.robots.core] [INFO] [OpHistory] Completed: robot=robot_ec2b status=success goal_status=REACHED
2026-08-18 16:22:24,749 [sse-robot_status] [web_gui.backend.robots.core] [INFO] [OpHistory] Started: robot=robot_ec2b source=robot_display op_id=6828
2026-08-18 16:22:49,308 [sse-robot_status] [web_gui.backend.robots.core] [INFO] [OpHistory] Completed: robot=robot_ec2b status=success goal_status=REACHED
2026-08-18 16:22:54,821 [sse-robot_status] [web_gui.backend.robots.core] [INFO] [OpHistory] Started: robot=robot_ec2b source=robot_display op_id=6829
2026-08-18 16:23:14,745 [sse-robot_status] [web_gui.backend.robots.core] [INFO] [OpHistory] Completed: robot=robot_ec2b status=success goal_status=REACHED
2026-08-18 16:23:20,873 [sse-robot_status] [web_gui.backend.robots.core] [INFO] [OpHistory] Started: robot=robot_ec2b source=robot_display op_id=6830
2026-08-18 16:23:44,324 [sse-robot_status] [web_gui.backend.robots.core] [INFO] [OpHistory] Completed: robot=robot_ec2b status=success goal_status=REACHED
2026-08-18 16:23:49,751 [sse-robot_status] [web_gui.backend.robots.core] [INFO] [OpHistory] Started: robot=robot_ec2b source=robot_display op_id=6831
2026-08-18 16:24:09,761 [sse-robot_status] [web_gui.backend.robots.core] [INFO] [OpHistory] Completed: robot=robot_ec2b status=success goal_status=REACHED
2026-08-18 16:24:15,870 [sse-robot_status] [web_gui.backend.robots.core] [INFO] [OpHistory] Started: robot=robot_ec2b source=robot_display op_id=6832
2026-08-18 16:24:39,831 [sse-robot_status] [web_gui.backend.robots.core] [INFO] [OpHistory] Completed: robot=robot_ec2b status=success goal_status=REACHED
2026-08-18 16:24:45,355 [sse-robot_status] [web_gui.backend.robots.core] [INFO] [OpHistory] Started: robot=robot_ec2b source=robot_display op_id=6833
2026-08-18 16:25:05,855 [sse-robot_status] [web_gui.backend.robots.core] [INFO] [OpHistory] Completed: robot=robot_ec2b status=success goal_status=REACHED
2026-08-18 16:25:11,234 [sse-robot_status] [web_gui.backend.robots.core] [INFO] [OpHistory] Started: robot=robot_ec2b source=robot_display op_id=6834
2026-08-18 16:25:35,363 [sse-robot_status] [web_gui.backend.robots.core] [INFO] [OpHistory] Completed: robot=robot_ec2b status=success goal_status=REACHED
2026-08-18 16:25:41,339 [sse-robot_status] [web_gui.backend.robots.core] [INFO] [OpHistory] Started: robot=robot_ec2b source=robot_display op_id=6835
2026-08-18 16:26:01,762 [sse-robot_status] [web_gui.backend.robots.core] [INFO] [OpHistory] Completed: robot=robot_ec2b status=success goal_status=REACHED
2026-08-18 16:26:07,349 [sse-robot_status] [web_gui.backend.robots.core] [INFO] [OpHistory] Started: robot=robot_ec2b source=robot_display op_id=6836
2026-08-18 16:26:30,738 [sse-robot_status] [web_gui.backend.robots.core] [INFO] [OpHistory] Completed: robot=robot_ec2b status=success goal_status=REACHED
2026-08-18 16:26:37,285 [sse-robot_status] [web_gui.backend.robots.core] [INFO] [OpHistory] Started: robot=robot_ec2b source=robot_display op_id=6837
2026-08-18 16:26:56,809 [sse-robot_status] [web_gui.backend.robots.core] [INFO] [OpHistory] Completed: robot=robot_ec2b status=success goal_status=REACHED
2026-08-18 16:27:02,830 [sse-robot_status] [web_gui.backend.robots.core] [INFO] [OpHistory] Started: robot=robot_ec2b source=robot_display op_id=6838
2026-08-18 16:27:26,741 [sse-robot_status] [web_gui.backend.robots.core] [INFO] [OpHistory] Completed: robot=robot_ec2b status=success goal_status=REACHED
2026-08-18 16:27:31,746 [sse-robot_status] [web_gui.backend.robots.core] [INFO] [OpHistory] Started: robot=robot_ec2b source=robot_display op_id=6839
2026-08-18 16:27:51,727 [sse-robot_status] [web_gui.backend.robots.core] [INFO] [OpHistory] Completed: robot=robot_ec2b status=success goal_status=REACHED
2026-08-18 16:27:57,823 [sse-robot_status] [web_gui.backend.robots.core] [INFO] [OpHistory] Started: robot=robot_ec2b source=robot_display op_id=6840
2026-08-18 16:28:22,762 [sse-robot_status] [web_gui.backend.robots.core] [INFO] [OpHistory] Completed: robot=robot_ec2b status=success goal_status=REACHED
2026-08-18 16:28:27,802 [sse-robot_status] [web_gui.backend.robots.core] [INFO] [OpHistory] Started: robot=robot_ec2b source=robot_display op_id=6841
2026-08-18 16:28:48,282 [sse-robot_status] [web_gui.backend.robots.core] [INFO] [OpHistory] Completed: robot=robot_ec2b status=success goal_status=REACHED
2026-08-18 16:28:53,791 [sse-robot_status] [web_gui.backend.robots.core] [INFO] [OpHistory] Started: robot=robot_ec2b source=robot_display op_id=6842
2026-08-18 16:29:18,321 [sse-robot_status] [web_gui.backend.robots.core] [INFO] [OpHistory] Completed: robot=robot_ec2b status=success goal_status=REACHED
2026-08-18 16:29:23,838 [sse-robot_status] [web_gui.backend.robots.core] [INFO] [OpHistory] Started: robot=robot_ec2b source=robot_display op_id=6843
2026-08-18 16:29:44,282 [sse-robot_status] [web_gui.backend.robots.core] [INFO] [OpHistory] Completed: robot=robot_ec2b status=success goal_status=REACHED
2026-08-18 16:29:49,807 [sse-robot_status] [web_gui.backend.robots.core] [INFO] [OpHistory] Started: robot=robot_ec2b source=robot_display op_id=6844
2026-08-18 16:30:13,340 [sse-robot_status] [web_gui.backend.robots.core] [INFO] [OpHistory] Completed: robot=robot_ec2b status=success goal_status=REACHED
2026-08-18 16:30:18,874 [sse-robot_status] [web_gui.backend.robots.core] [INFO] [OpHistory] Started: robot=robot_ec2b source=robot_display op_id=6845
2026-08-18 16:30:39,295 [sse-robot_status] [web_gui.backend.robots.core] [INFO] [OpHistory] Completed: robot=robot_ec2b status=success goal_status=REACHED
2026-08-18 16:30:44,810 [sse-robot_status] [web_gui.backend.robots.core] [INFO] [OpHistory] Started: robot=robot_ec2b source=robot_display op_id=6846
2026-08-18 16:31:09,861 [sse-robot_status] [web_gui.backend.robots.core] [INFO] [OpHistory] Completed: robot=robot_ec2b status=success goal_status=REACHED
2026-08-18 16:31:15,810 [sse-robot_status] [web_gui.backend.robots.core] [INFO] [OpHistory] Started: robot=robot_ec2b source=robot_display op_id=6847
2026-08-18 16:31:35,229 [sse-robot_status] [web_gui.backend.robots.core] [INFO] [OpHistory] Completed: robot=robot_ec2b status=success goal_status=REACHED
2026-08-18 16:31:41,322 [sse-robot_status] [web_gui.backend.robots.core] [INFO] [OpHistory] Started: robot=robot_ec2b source=robot_display op_id=6848
2026-08-18 16:32:06,314 [sse-robot_status] [web_gui.backend.robots.core] [INFO] [OpHistory] Completed: robot=robot_ec2b status=success goal_status=REACHED
2026-08-18 16:32:11,244 [sse-robot_status] [web_gui.backend.robots.core] [INFO] [OpHistory] Started: robot=robot_ec2b source=robot_display op_id=6849
2026-08-18 16:32:32,293 [sse-robot_status] [web_gui.backend.robots.core] [INFO] [OpHistory] Completed: robot=robot_ec2b status=success goal_status=REACHED
2026-08-18 16:32:38,366 [sse-robot_status] [web_gui.backend.robots.core] [INFO] [OpHistory] Started: robot=robot_ec2b source=robot_display op_id=6850
2026-08-18 16:33:02,742 [sse-robot_status] [web_gui.backend.robots.core] [INFO] [OpHistory] Completed: robot=robot_ec2b status=success goal_status=REACHED
2026-08-18 16:33:08,348 [sse-robot_status] [web_gui.backend.robots.core] [INFO] [OpHistory] Started: robot=robot_ec2b source=robot_display op_id=6851
2026-08-18 16:33:28,243 [sse-robot_status] [web_gui.backend.robots.core] [INFO] [OpHistory] Completed: robot=robot_ec2b status=success goal_status=REACHED
2026-08-18 16:33:34,327 [sse-robot_status] [web_gui.backend.robots.core] [INFO] [OpHistory] Started: robot=robot_ec2b source=robot_display op_id=6852
2026-08-18 16:33:55,264 [sse-robot_status] [web_gui.backend.robots.core] [INFO] [OpHistory] Completed: robot=robot_ec2b status=success goal_status=REACHED
2026-08-18 16:34:00,801 [sse-robot_status] [web_gui.backend.robots.core] [INFO] [OpHistory] Started: robot=robot_ec2b source=robot_display op_id=6853
2026-08-18 16:34:20,802 [sse-robot_status] [web_gui.backend.robots.core] [INFO] [OpHistory] Completed: robot=robot_ec2b status=success goal_status=REACHED
2026-08-18 16:34:26,866 [sse-robot_status] [web_gui.backend.robots.core] [INFO] [OpHistory] Started: robot=robot_ec2b source=robot_display op_id=6854
2026-08-18 16:34:51,318 [sse-robot_status] [web_gui.backend.robots.core] [INFO] [OpHistory] Completed: robot=robot_ec2b status=success goal_status=REACHED
2026-08-18 16:34:56,744 [sse-robot_status] [web_gui.backend.robots.core] [INFO] [OpHistory] Started: robot=robot_ec2b source=robot_display op_id=6855
2026-08-18 16:35:17,231 [sse-robot_status] [web_gui.backend.robots.core] [INFO] [OpHistory] Completed: robot=robot_ec2b status=success goal_status=REACHED
2026-08-18 16:35:22,760 [sse-robot_status] [web_gui.backend.robots.core] [INFO] [OpHistory] Started: robot=robot_ec2b source=robot_display op_id=6856
2026-08-18 16:35:49,238 [sse-robot_status] [web_gui.backend.robots.core] [INFO] [OpHistory] Completed: robot=robot_ec2b status=success goal_status=REACHED
2026-08-18 16:35:54,749 [sse-robot_status] [web_gui.backend.robots.core] [INFO] [OpHistory] Started: robot=robot_ec2b source=robot_display op_id=6857
2026-08-18 16:36:14,336 [sse-robot_status] [web_gui.backend.robots.core] [INFO] [OpHistory] Completed: robot=robot_ec2b status=success goal_status=REACHED
2026-08-18 16:36:19,328 [sse-robot_status] [web_gui.backend.robots.core] [INFO] [OpHistory] Started: robot=robot_ec2b source=robot_display op_id=6858
2026-08-18 16:36:44,339 [sse-robot_status] [web_gui.backend.robots.core] [INFO] [OpHistory] Completed: robot=robot_ec2b status=success goal_status=REACHED
2026-08-18 16:36:49,873 [sse-robot_status] [web_gui.backend.robots.core] [INFO] [OpHistory] Started: robot=robot_ec2b source=robot_display op_id=6859
2026-08-18 16:37:09,877 [sse-robot_status] [web_gui.backend.robots.core] [INFO] [OpHistory] Completed: robot=robot_ec2b status=success goal_status=REACHED
2026-08-18 16:37:15,782 [sse-robot_status] [web_gui.backend.robots.core] [INFO] [OpHistory] Started: robot=robot_ec2b source=robot_display op_id=6860
2026-08-18 16:37:38,835 [sse-robot_status] [web_gui.backend.robots.core] [INFO] [OpHistory] Completed: robot=robot_ec2b status=success goal_status=REACHED
2026-08-18 16:37:44,763 [sse-robot_status] [web_gui.backend.robots.core] [INFO] [OpHistory] Started: robot=robot_ec2b source=robot_display op_id=6861
2026-08-18 16:38:05,323 [sse-robot_status] [web_gui.backend.robots.core] [INFO] [OpHistory] Completed: robot=robot_ec2b status=success goal_status=REACHED
2026-08-18 16:38:10,276 [sse-robot_status] [web_gui.backend.robots.core] [INFO] [OpHistory] Started: robot=robot_ec2b source=robot_display op_id=6862
2026-08-18 16:38:36,228 [sse-robot_status] [web_gui.backend.robots.core] [INFO] [OpHistory] Completed: robot=robot_ec2b status=success goal_status=REACHED
2026-08-18 16:38:42,309 [sse-robot_status] [web_gui.backend.robots.core] [INFO] [OpHistory] Started: robot=robot_ec2b source=robot_display op_id=6863
2026-08-18 16:39:02,739 [sse-robot_status] [web_gui.backend.robots.core] [INFO] [OpHistory] Completed: robot=robot_ec2b status=success goal_status=REACHED
2026-08-18 16:39:08,304 [sse-robot_status] [web_gui.backend.robots.core] [INFO] [OpHistory] Started: robot=robot_ec2b source=robot_display op_id=6864
2026-08-18 16:39:33,799 [sse-robot_status] [web_gui.backend.robots.core] [INFO] [OpHistory] Completed: robot=robot_ec2b status=success goal_status=REACHED
2026-08-18 16:39:39,235 [sse-robot_status] [web_gui.backend.robots.core] [INFO] [OpHistory] Started: robot=robot_ec2b source=robot_display op_id=6865
2026-08-18 16:39:59,862 [sse-robot_status] [web_gui.backend.robots.core] [INFO] [OpHistory] Completed: robot=robot_ec2b status=success goal_status=REACHED
2026-08-18 16:40:05,249 [sse-robot_status] [web_gui.backend.robots.core] [INFO] [OpHistory] Started: robot=robot_ec2b source=robot_display op_id=6866
2026-08-18 16:40:29,268 [sse-robot_status] [web_gui.backend.robots.core] [INFO] [OpHistory] Completed: robot=robot_ec2b status=success goal_status=REACHED
2026-08-18 16:40:35,396 [sse-robot_status] [web_gui.backend.robots.core] [INFO] [OpHistory] Started: robot=robot_ec2b source=robot_display op_id=6867
2026-08-18 16:40:36,629 [ThreadPoolExecutor-1_0] [web_gui.backend.robots.ops] [INFO] ROS2 path topic subscribers ready for /robot_ec2b/plan
2026-08-18 16:40:55,825 [sse-robot_status] [web_gui.backend.robots.core] [INFO] [OpHistory] Completed: robot=robot_ec2b status=success goal_status=REACHED
2026-08-18 16:40:55,834 [ThreadPoolExecutor-1_1] [web_gui.backend.robots.ops] [INFO] ROS2 path topic subscribers stopped
2026-08-18 16:41:00,854 [ThreadPoolExecutor-1_0] [web_gui.backend.robots.ops] [INFO] ROS2 path topic subscribers ready for /robot_ec2b/plan
2026-08-18 16:41:01,276 [sse-robot_status] [web_gui.backend.robots.core] [INFO] [OpHistory] Started: robot=robot_ec2b source=robot_display op_id=6868
2026-08-18 16:41:24,760 [sse-robot_status] [web_gui.backend.robots.core] [INFO] [OpHistory] Completed: robot=robot_ec2b status=success goal_status=REACHED
2026-08-18 16:41:24,769 [ThreadPoolExecutor-1_1] [web_gui.backend.robots.ops] [INFO] ROS2 path topic subscribers stopped
2026-08-18 16:41:29,795 [ThreadPoolExecutor-1_2] [web_gui.backend.robots.ops] [INFO] ROS2 path topic subscribers ready for /robot_ec2b/plan
2026-08-18 16:41:30,361 [sse-robot_status] [web_gui.backend.robots.core] [INFO] [OpHistory] Started: robot=robot_ec2b source=robot_display op_id=6869
2026-08-18 16:41:50,836 [sse-robot_status] [web_gui.backend.robots.core] [INFO] [OpHistory] Completed: robot=robot_ec2b status=success goal_status=REACHED
2026-08-18 16:41:50,843 [ThreadPoolExecutor-1_1] [web_gui.backend.robots.ops] [INFO] ROS2 path topic subscribers stopped
2026-08-18 16:41:55,886 [ThreadPoolExecutor-1_2] [web_gui.backend.robots.ops] [INFO] ROS2 path topic subscribers ready for /robot_ec2b/plan
2026-08-18 16:41:56,363 [sse-robot_status] [web_gui.backend.robots.core] [INFO] [OpHistory] Started: robot=robot_ec2b source=robot_display op_id=6870
2026-08-18 16:42:19,824 [sse-robot_status] [web_gui.backend.robots.core] [INFO] [OpHistory] Completed: robot=robot_ec2b status=success goal_status=REACHED
2026-08-18 16:42:19,837 [ThreadPoolExecutor-1_2] [web_gui.backend.robots.ops] [INFO] ROS2 path topic subscribers stopped
2026-08-18 16:42:24,778 [ThreadPoolExecutor-1_0] [web_gui.backend.robots.ops] [INFO] ROS2 path topic subscribers ready for /robot_ec2b/plan
2026-08-18 16:42:25,336 [sse-robot_status] [web_gui.backend.robots.core] [INFO] [OpHistory] Started: robot=robot_ec2b source=robot_display op_id=6871
2026-08-18 16:42:46,343 [sse-robot_status] [web_gui.backend.robots.core] [INFO] [OpHistory] Completed: robot=robot_ec2b status=success goal_status=REACHED
2026-08-18 16:42:46,354 [ThreadPoolExecutor-1_2] [web_gui.backend.robots.ops] [INFO] ROS2 path topic subscribers stopped
2026-08-18 16:42:50,903 [ThreadPoolExecutor-1_1] [web_gui.backend.robots.ops] [INFO] ROS2 path topic subscribers ready for /robot_ec2b/plan
2026-08-18 16:42:51,324 [sse-robot_status] [web_gui.backend.robots.core] [INFO] [OpHistory] Started: robot=robot_ec2b source=robot_display op_id=6872
2026-08-18 16:43:11,831 [sse-robot_status] [web_gui.backend.robots.core] [INFO] [OpHistory] Completed: robot=robot_ec2b status=success goal_status=REACHED
2026-08-18 16:43:11,839 [ThreadPoolExecutor-1_0] [web_gui.backend.robots.ops] [INFO] ROS2 path topic subscribers stopped
2026-08-18 16:43:16,814 [ThreadPoolExecutor-1_2] [web_gui.backend.robots.ops] [INFO] ROS2 path topic subscribers ready for /robot_ec2b/plan
2026-08-18 16:43:17,378 [sse-robot_status] [web_gui.backend.robots.core] [INFO] [OpHistory] Started: robot=robot_ec2b source=robot_display op_id=6873
2026-08-18 16:43:37,375 [sse-robot_status] [web_gui.backend.robots.core] [INFO] [OpHistory] Completed: robot=robot_ec2b status=success goal_status=REACHED
2026-08-18 16:43:37,383 [ThreadPoolExecutor-1_1] [web_gui.backend.robots.ops] [INFO] ROS2 path topic subscribers stopped
2026-08-18 16:43:42,891 [ThreadPoolExecutor-1_2] [web_gui.backend.robots.ops] [INFO] ROS2 path topic subscribers ready for /robot_ec2b/plan
2026-08-18 16:43:43,301 [sse-robot_status] [web_gui.backend.robots.core] [INFO] [OpHistory] Started: robot=robot_ec2b source=robot_display op_id=6874
2026-08-18 16:44:05,380 [sse-robot_status] [web_gui.backend.robots.core] [INFO] [OpHistory] Completed: robot=robot_ec2b status=success goal_status=REACHED
2026-08-18 16:44:05,395 [ThreadPoolExecutor-1_2] [web_gui.backend.robots.ops] [INFO] ROS2 path topic subscribers stopped
2026-08-18 16:44:10,858 [ThreadPoolExecutor-1_1] [web_gui.backend.robots.ops] [INFO] ROS2 path topic subscribers ready for /robot_ec2b/plan
2026-08-18 16:44:11,285 [sse-robot_status] [web_gui.backend.robots.core] [INFO] [OpHistory] Started: robot=robot_ec2b source=robot_display op_id=6875
2026-08-18 16:44:31,880 [sse-robot_status] [web_gui.backend.robots.core] [INFO] [OpHistory] Completed: robot=robot_ec2b status=success goal_status=REACHED
2026-08-18 16:44:31,896 [ThreadPoolExecutor-1_1] [web_gui.backend.robots.ops] [INFO] ROS2 path topic subscribers stopped
2026-08-18 16:44:36,894 [ThreadPoolExecutor-1_2] [web_gui.backend.robots.ops] [INFO] ROS2 path topic subscribers ready for /robot_ec2b/plan
2026-08-18 16:44:37,274 [sse-robot_status] [web_gui.backend.robots.core] [INFO] [OpHistory] Started: robot=robot_ec2b source=robot_display op_id=6876
2026-08-18 16:44:57,813 [sse-robot_status] [web_gui.backend.robots.core] [INFO] [OpHistory] Completed: robot=robot_ec2b status=success goal_status=REACHED
2026-08-18 16:44:57,820 [ThreadPoolExecutor-1_1] [web_gui.backend.robots.ops] [INFO] ROS2 path topic subscribers stopped
2026-08-18 16:45:02,791 [ThreadPoolExecutor-1_2] [web_gui.backend.robots.ops] [INFO] ROS2 path topic subscribers ready for /robot_ec2b/plan
2026-08-18 16:45:03,335 [sse-robot_status] [web_gui.backend.robots.core] [INFO] [OpHistory] Started: robot=robot_ec2b source=robot_display op_id=6877
2026-08-18 16:45:24,275 [sse-robot_status] [web_gui.backend.robots.core] [INFO] [OpHistory] Completed: robot=robot_ec2b status=success goal_status=REACHED
2026-08-18 16:45:24,283 [ThreadPoolExecutor-1_0] [web_gui.backend.robots.ops] [INFO] ROS2 path topic subscribers stopped
2026-08-18 16:45:29,776 [ThreadPoolExecutor-1_2] [web_gui.backend.robots.ops] [INFO] ROS2 path topic subscribers ready for /robot_ec2b/plan
2026-08-18 16:45:30,352 [sse-robot_status] [web_gui.backend.robots.core] [INFO] [OpHistory] Started: robot=robot_ec2b source=robot_display op_id=6878
2026-08-18 16:45:58,880 [sse-robot_status] [web_gui.backend.robots.core] [INFO] [OpHistory] Completed: robot=robot_ec2b status=success goal_status=REACHED
2026-08-18 16:45:58,889 [ThreadPoolExecutor-1_0] [web_gui.backend.robots.ops] [INFO] ROS2 path topic subscribers stopped
2026-08-18 16:46:04,801 [ThreadPoolExecutor-1_0] [web_gui.backend.robots.ops] [INFO] ROS2 path topic subscribers ready for /robot_ec2b/plan
2026-08-18 16:46:05,379 [sse-robot_status] [web_gui.backend.robots.core] [INFO] [OpHistory] Started: robot=robot_ec2b source=robot_display op_id=6879
2026-08-18 16:46:16,240 [ThreadPoolExecutor-1_0] [web_gui.backend.robots.ops] [INFO] ROS2 path topic subscribers stopped
2026-08-18 16:46:25,827 [sse-robot_status] [web_gui.backend.robots.core] [INFO] [OpHistory] Completed: robot=robot_ec2b status=success goal_status=REACHED
2026-08-18 16:46:30,870 [sse-robot_status] [web_gui.backend.robots.core] [INFO] [OpHistory] Started: robot=robot_ec2b source=robot_display op_id=6880
2026-08-18 16:46:52,298 [sse-robot_status] [web_gui.backend.robots.core] [INFO] [OpHistory] Completed: robot=robot_ec2b status=success goal_status=REACHED
2026-08-18 16:46:57,878 [sse-robot_status] [web_gui.backend.robots.core] [INFO] [OpHistory] Started: robot=robot_ec2b source=robot_display op_id=6881
2026-08-18 16:47:18,883 [sse-robot_status] [web_gui.backend.robots.core] [INFO] [OpHistory] Completed: robot=robot_ec2b status=success goal_status=REACHED
2026-08-18 16:47:23,844 [sse-robot_status] [web_gui.backend.robots.core] [INFO] [OpHistory] Started: robot=robot_ec2b source=robot_display op_id=6882
2026-08-18 16:47:44,347 [sse-robot_status] [web_gui.backend.robots.core] [INFO] [OpHistory] Completed: robot=robot_ec2b status=success goal_status=REACHED
2026-08-18 16:47:49,757 [sse-robot_status] [web_gui.backend.robots.core] [INFO] [OpHistory] Started: robot=robot_ec2b source=robot_display op_id=6883
2026-08-18 16:48:10,398 [sse-robot_status] [web_gui.backend.robots.core] [INFO] [OpHistory] Completed: robot=robot_ec2b status=success goal_status=REACHED
2026-08-18 16:48:15,765 [sse-robot_status] [web_gui.backend.robots.core] [INFO] [OpHistory] Started: robot=robot_ec2b source=robot_display op_id=6884
2026-08-18 16:48:42,792 [sse-robot_status] [web_gui.backend.robots.core] [INFO] [OpHistory] Completed: robot=robot_ec2b status=success goal_status=REACHED
2026-08-18 16:48:48,863 [sse-robot_status] [web_gui.backend.robots.core] [INFO] [OpHistory] Started: robot=robot_ec2b source=robot_display op_id=6885
2026-08-18 16:49:09,363 [sse-robot_status] [web_gui.backend.robots.core] [INFO] [OpHistory] Completed: robot=robot_ec2b status=success goal_status=REACHED
2026-08-18 16:49:14,851 [sse-robot_status] [web_gui.backend.robots.core] [INFO] [OpHistory] Started: robot=robot_ec2b source=robot_display op_id=6886
2026-08-18 16:49:38,315 [sse-robot_status] [web_gui.backend.robots.core] [INFO] [OpHistory] Completed: robot=robot_ec2b status=success goal_status=REACHED
2026-08-18 16:49:43,828 [sse-robot_status] [web_gui.backend.robots.core] [INFO] [OpHistory] Started: robot=robot_ec2b source=robot_display op_id=6887
2026-08-18 16:50:04,357 [sse-robot_status] [web_gui.backend.robots.core] [INFO] [OpHistory] Completed: robot=robot_ec2b status=success goal_status=REACHED
2026-08-18 16:50:09,774 [sse-robot_status] [web_gui.backend.robots.core] [INFO] [OpHistory] Started: robot=robot_ec2b source=robot_display op_id=6888
2026-08-18 16:50:31,664 [ThreadPoolExecutor-1_1] [web_gui.backend.robots.ops] [INFO] ROS2 path topic subscribers ready for /robot_ec2b/plan
2026-08-18 16:50:34,804 [sse-robot_status] [web_gui.backend.robots.core] [INFO] [OpHistory] Completed: robot=robot_ec2b status=success goal_status=REACHED
2026-08-18 16:50:34,816 [ThreadPoolExecutor-1_0] [web_gui.backend.robots.ops] [INFO] ROS2 path topic subscribers stopped
2026-08-18 16:50:40,361 [ThreadPoolExecutor-1_1] [web_gui.backend.robots.ops] [INFO] ROS2 path topic subscribers ready for /robot_ec2b/plan
2026-08-18 16:50:40,770 [sse-robot_status] [web_gui.backend.robots.core] [INFO] [OpHistory] Started: robot=robot_ec2b source=robot_display op_id=6889
2026-08-18 16:50:43,294 [ThreadPoolExecutor-1_0] [web_gui.backend.robots.ops] [INFO] ROS2 path topic subscribers stopped
2026-08-18 16:51:00,840 [sse-robot_status] [web_gui.backend.robots.core] [INFO] [OpHistory] Completed: robot=robot_ec2b status=success goal_status=REACHED
2026-08-18 16:51:06,352 [sse-robot_status] [web_gui.backend.robots.core] [INFO] [OpHistory] Started: robot=robot_ec2b source=robot_display op_id=6890
2026-08-18 16:51:33,844 [sse-robot_status] [web_gui.backend.robots.core] [INFO] [OpHistory] Completed: robot=robot_ec2b status=success goal_status=REACHED
2026-08-18 16:51:39,278 [sse-robot_status] [web_gui.backend.robots.core] [INFO] [OpHistory] Started: robot=robot_ec2b source=robot_display op_id=6891
2026-08-18 16:51:59,375 [sse-robot_status] [web_gui.backend.robots.core] [INFO] [OpHistory] Completed: robot=robot_ec2b status=success goal_status=REACHED
2026-08-18 16:52:04,422 [sse-robot_status] [web_gui.backend.robots.core] [INFO] [OpHistory] Started: robot=robot_ec2b source=robot_display op_id=6892
2026-08-18 16:52:29,352 [sse-robot_status] [web_gui.backend.robots.core] [INFO] [OpHistory] Completed: robot=robot_ec2b status=success goal_status=REACHED
2026-08-18 16:52:34,332 [sse-robot_status] [web_gui.backend.robots.core] [INFO] [OpHistory] Started: robot=robot_ec2b source=robot_display op_id=6893
2026-08-18 16:52:54,868 [sse-robot_status] [web_gui.backend.robots.core] [INFO] [OpHistory] Completed: robot=robot_ec2b status=success goal_status=REACHED
2026-08-18 16:53:00,353 [sse-robot_status] [web_gui.backend.robots.core] [INFO] [OpHistory] Started: robot=robot_ec2b source=robot_display op_id=6894
2026-08-18 16:53:28,847 [sse-robot_status] [web_gui.backend.robots.core] [INFO] [OpHistory] Completed: robot=robot_ec2b status=success goal_status=REACHED
2026-08-18 16:53:34,357 [sse-robot_status] [web_gui.backend.robots.core] [INFO] [OpHistory] Started: robot=robot_ec2b source=robot_display op_id=6895
2026-08-18 16:53:54,357 [sse-robot_status] [web_gui.backend.robots.core] [INFO] [OpHistory] Completed: robot=robot_ec2b status=success goal_status=REACHED
2026-08-18 16:54:00,263 [sse-robot_status] [web_gui.backend.robots.core] [INFO] [OpHistory] Started: robot=robot_ec2b source=robot_display op_id=6896
2026-08-18 16:54:22,895 [sse-robot_status] [web_gui.backend.robots.core] [INFO] [OpHistory] Completed: robot=robot_ec2b status=success goal_status=REACHED
2026-08-18 16:54:28,241 [sse-robot_status] [web_gui.backend.robots.core] [INFO] [OpHistory] Started: robot=robot_ec2b source=robot_display op_id=6897
2026-08-18 16:54:48,887 [sse-robot_status] [web_gui.backend.robots.core] [INFO] [OpHistory] Completed: robot=robot_ec2b status=success goal_status=REACHED
2026-08-18 16:54:54,255 [sse-robot_status] [web_gui.backend.robots.core] [INFO] [OpHistory] Started: robot=robot_ec2b source=robot_display op_id=6898
2026-08-18 16:55:19,759 [sse-robot_status] [web_gui.backend.robots.core] [INFO] [OpHistory] Completed: robot=robot_ec2b status=success goal_status=REACHED
2026-08-18 16:55:25,296 [sse-robot_status] [web_gui.backend.robots.core] [INFO] [OpHistory] Started: robot=robot_ec2b source=robot_display op_id=6899
2026-08-18 16:55:45,856 [sse-robot_status] [web_gui.backend.robots.core] [INFO] [OpHistory] Completed: robot=robot_ec2b status=success goal_status=REACHED
2026-08-18 16:55:51,387 [sse-robot_status] [web_gui.backend.robots.core] [INFO] [OpHistory] Started: robot=robot_ec2b source=robot_display op_id=6900
2026-08-18 16:56:16,759 [sse-robot_status] [web_gui.backend.robots.core] [INFO] [OpHistory] Completed: robot=robot_ec2b status=success goal_status=REACHED
2026-08-18 16:56:22,352 [sse-robot_status] [web_gui.backend.robots.core] [INFO] [OpHistory] Started: robot=robot_ec2b source=robot_display op_id=6901
2026-08-18 16:56:42,788 [sse-robot_status] [web_gui.backend.robots.core] [INFO] [OpHistory] Completed: robot=robot_ec2b status=success goal_status=REACHED
2026-08-18 16:56:48,307 [sse-robot_status] [web_gui.backend.robots.core] [INFO] [OpHistory] Started: robot=robot_ec2b source=robot_display op_id=6902
2026-08-18 16:57:12,796 [sse-robot_status] [web_gui.backend.robots.core] [INFO] [OpHistory] Completed: robot=robot_ec2b status=success goal_status=REACHED
2026-08-18 16:57:18,381 [sse-robot_status] [web_gui.backend.robots.core] [INFO] [OpHistory] Started: robot=robot_ec2b source=robot_display op_id=6903
2026-08-18 16:57:38,870 [sse-robot_status] [web_gui.backend.robots.core] [INFO] [OpHistory] Completed: robot=robot_ec2b status=success goal_status=REACHED
2026-08-18 16:57:44,390 [sse-robot_status] [web_gui.backend.robots.core] [INFO] [OpHistory] Started: robot=robot_ec2b source=robot_display op_id=6904
2026-08-18 16:58:08,849 [sse-robot_status] [web_gui.backend.robots.core] [INFO] [OpHistory] Completed: robot=robot_ec2b status=success goal_status=REACHED
2026-08-18 16:58:14,289 [sse-robot_status] [web_gui.backend.robots.core] [INFO] [OpHistory] Started: robot=robot_ec2b source=robot_display op_id=6905
2026-08-18 16:58:34,867 [sse-robot_status] [web_gui.backend.robots.core] [INFO] [OpHistory] Completed: robot=robot_ec2b status=success goal_status=REACHED
2026-08-18 16:58:40,261 [sse-robot_status] [web_gui.backend.robots.core] [INFO] [OpHistory] Started: robot=robot_ec2b source=robot_display op_id=6906
2026-08-18 16:59:03,750 [sse-robot_status] [web_gui.backend.robots.core] [INFO] [OpHistory] Completed: robot=robot_ec2b status=success goal_status=REACHED
2026-08-18 16:59:09,396 [sse-robot_status] [web_gui.backend.robots.core] [INFO] [OpHistory] Started: robot=robot_ec2b source=robot_display op_id=6907
2026-08-18 16:59:29,779 [sse-robot_status] [web_gui.backend.robots.core] [INFO] [OpHistory] Completed: robot=robot_ec2b status=success goal_status=REACHED
2026-08-18 16:59:35,292 [sse-robot_status] [web_gui.backend.robots.core] [INFO] [OpHistory] Started: robot=robot_ec2b source=robot_display op_id=6908
2026-08-18 17:00:00,339 [sse-robot_status] [web_gui.backend.robots.core] [INFO] [OpHistory] Completed: robot=robot_ec2b status=success goal_status=REACHED
2026-08-18 17:00:06,326 [sse-robot_status] [web_gui.backend.robots.core] [INFO] [OpHistory] Started: robot=robot_ec2b source=robot_display op_id=6909
2026-08-18 17:00:26,402 [sse-robot_status] [web_gui.backend.robots.core] [INFO] [OpHistory] Completed: robot=robot_ec2b status=success goal_status=REACHED
2026-08-18 17:00:32,313 [sse-robot_status] [web_gui.backend.robots.core] [INFO] [OpHistory] Started: robot=robot_ec2b source=robot_display op_id=6910
2026-08-18 17:00:59,347 [sse-robot_status] [web_gui.backend.robots.core] [INFO] [OpHistory] Completed: robot=robot_ec2b status=success goal_status=REACHED
2026-08-18 17:01:05,333 [sse-robot_status] [web_gui.backend.robots.core] [INFO] [OpHistory] Started: robot=robot_ec2b source=robot_display op_id=6911
2026-08-18 17:01:25,255 [sse-robot_status] [web_gui.backend.robots.core] [INFO] [OpHistory] Completed: robot=robot_ec2b status=success goal_status=REACHED
2026-08-18 17:01:30,778 [sse-robot_status] [web_gui.backend.robots.core] [INFO] [OpHistory] Started: robot=robot_ec2b source=robot_display op_id=6912
2026-08-18 17:01:51,318 [sse-robot_status] [web_gui.backend.robots.core] [INFO] [OpHistory] Completed: robot=robot_ec2b status=success goal_status=REACHED
2026-08-18 17:01:56,761 [sse-robot_status] [web_gui.backend.robots.core] [INFO] [OpHistory] Started: robot=robot_ec2b source=robot_display op_id=6913
2026-08-18 17:02:17,892 [sse-robot_status] [web_gui.backend.robots.core] [INFO] [OpHistory] Completed: robot=robot_ec2b status=success goal_status=REACHED
2026-08-18 17:02:23,831 [sse-robot_status] [web_gui.backend.robots.core] [INFO] [OpHistory] Started: robot=robot_ec2b source=robot_display op_id=6914
2026-08-18 17:02:44,264 [sse-robot_status] [web_gui.backend.robots.core] [INFO] [OpHistory] Completed: robot=robot_ec2b status=success goal_status=REACHED
2026-08-18 17:02:49,846 [sse-robot_status] [web_gui.backend.robots.core] [INFO] [OpHistory] Started: robot=robot_ec2b source=robot_display op_id=6915
2026-08-18 17:03:10,258 [sse-robot_status] [web_gui.backend.robots.core] [INFO] [OpHistory] Completed: robot=robot_ec2b status=success goal_status=REACHED
2026-08-18 17:03:15,795 [sse-robot_status] [web_gui.backend.robots.core] [INFO] [OpHistory] Started: robot=robot_ec2b source=robot_display op_id=6916
2026-08-18 17:03:38,920 [sse-robot_status] [web_gui.backend.robots.core] [INFO] [OpHistory] Completed: robot=robot_ec2b status=success goal_status=REACHED
2026-08-18 17:03:44,803 [sse-robot_status] [web_gui.backend.robots.core] [INFO] [OpHistory] Started: robot=robot_ec2b source=robot_display op_id=6917
2026-08-18 17:04:05,288 [sse-robot_status] [web_gui.backend.robots.core] [INFO] [OpHistory] Completed: robot=robot_ec2b status=success goal_status=REACHED
2026-08-18 17:04:10,849 [sse-robot_status] [web_gui.backend.robots.core] [INFO] [OpHistory] Started: robot=robot_ec2b source=robot_display op_id=6918
2026-08-18 17:04:33,807 [sse-robot_status] [web_gui.backend.robots.core] [INFO] [OpHistory] Completed: robot=robot_ec2b status=success goal_status=REACHED
2026-08-18 17:04:39,748 [sse-robot_status] [web_gui.backend.robots.core] [INFO] [OpHistory] Started: robot=robot_ec2b source=robot_display op_id=6919
2026-08-18 17:04:59,798 [sse-robot_status] [web_gui.backend.robots.core] [INFO] [OpHistory] Completed: robot=robot_ec2b status=success goal_status=REACHED
2026-08-18 17:05:05,791 [sse-robot_status] [web_gui.backend.robots.core] [INFO] [OpHistory] Started: robot=robot_ec2b source=robot_display op_id=6920
2026-08-18 17:05:32,749 [sse-robot_status] [web_gui.backend.robots.core] [INFO] [OpHistory] Completed: robot=robot_ec2b status=success goal_status=REACHED
2026-08-18 17:05:38,877 [sse-robot_status] [web_gui.backend.robots.core] [INFO] [OpHistory] Started: robot=robot_ec2b source=robot_display op_id=6921
2026-08-18 17:05:59,285 [sse-robot_status] [web_gui.backend.robots.core] [INFO] [OpHistory] Completed: robot=robot_ec2b status=success goal_status=REACHED
2026-08-18 17:06:04,812 [sse-robot_status] [web_gui.backend.robots.core] [INFO] [OpHistory] Started: robot=robot_ec2b source=robot_display op_id=6922
2026-08-18 17:06:27,859 [sse-robot_status] [web_gui.backend.robots.core] [INFO] [OpHistory] Completed: robot=robot_ec2b status=success goal_status=REACHED
2026-08-18 17:06:33,368 [sse-robot_status] [web_gui.backend.robots.core] [INFO] [OpHistory] Started: robot=robot_ec2b source=robot_display op_id=6923
2026-08-18 17:06:53,759 [sse-robot_status] [web_gui.backend.robots.core] [INFO] [OpHistory] Completed: robot=robot_ec2b status=success goal_status=REACHED
2026-08-18 17:06:59,325 [sse-robot_status] [web_gui.backend.robots.core] [INFO] [OpHistory] Started: robot=robot_ec2b source=robot_display op_id=6924
2026-08-18 17:07:23,754 [sse-robot_status] [web_gui.backend.robots.core] [INFO] [OpHistory] Completed: robot=robot_ec2b status=success goal_status=REACHED
2026-08-18 17:07:29,342 [sse-robot_status] [web_gui.backend.robots.core] [INFO] [OpHistory] Started: robot=robot_ec2b source=robot_display op_id=6925
2026-08-18 17:07:49,822 [sse-robot_status] [web_gui.backend.robots.core] [INFO] [OpHistory] Completed: robot=robot_ec2b status=success goal_status=REACHED
2026-08-18 17:07:55,245 [sse-robot_status] [web_gui.backend.robots.core] [INFO] [OpHistory] Started: robot=robot_ec2b source=robot_display op_id=6926
2026-08-18 17:08:19,816 [sse-robot_status] [web_gui.backend.robots.core] [INFO] [OpHistory] Completed: robot=robot_ec2b status=success goal_status=REACHED
2026-08-18 17:08:25,264 [sse-robot_status] [web_gui.backend.robots.core] [INFO] [OpHistory] Started: robot=robot_ec2b source=robot_display op_id=6927
2026-08-18 17:08:45,853 [sse-robot_status] [web_gui.backend.robots.core] [INFO] [OpHistory] Completed: robot=robot_ec2b status=success goal_status=REACHED
2026-08-18 17:08:51,418 [sse-robot_status] [web_gui.backend.robots.core] [INFO] [OpHistory] Started: robot=robot_ec2b source=robot_display op_id=6928
2026-08-18 17:09:15,799 [sse-robot_status] [web_gui.backend.robots.core] [INFO] [OpHistory] Completed: robot=robot_ec2b status=success goal_status=REACHED
2026-08-18 17:09:21,242 [sse-robot_status] [web_gui.backend.robots.core] [INFO] [OpHistory] Started: robot=robot_ec2b source=robot_display op_id=6929
2026-08-18 17:09:41,802 [sse-robot_status] [web_gui.backend.robots.core] [INFO] [OpHistory] Completed: robot=robot_ec2b status=success goal_status=REACHED
2026-08-18 17:09:47,336 [sse-robot_status] [web_gui.backend.robots.core] [INFO] [OpHistory] Started: robot=robot_ec2b source=robot_display op_id=6930
2026-08-18 17:10:10,847 [sse-robot_status] [web_gui.backend.robots.core] [INFO] [OpHistory] Completed: robot=robot_ec2b status=success goal_status=REACHED
2026-08-18 17:10:16,298 [sse-robot_status] [web_gui.backend.robots.core] [INFO] [OpHistory] Started: robot=robot_ec2b source=robot_display op_id=6931
2026-08-18 17:10:36,861 [sse-robot_status] [web_gui.backend.robots.core] [INFO] [OpHistory] Completed: robot=robot_ec2b status=success goal_status=REACHED
2026-08-18 17:10:42,252 [sse-robot_status] [web_gui.backend.robots.core] [INFO] [OpHistory] Started: robot=robot_ec2b source=robot_display op_id=6932
2026-08-18 17:11:06,808 [sse-robot_status] [web_gui.backend.robots.core] [INFO] [OpHistory] Completed: robot=robot_ec2b status=success goal_status=REACHED
2026-08-18 17:11:12,323 [sse-robot_status] [web_gui.backend.robots.core] [INFO] [OpHistory] Started: robot=robot_ec2b source=robot_display op_id=6933
2026-08-18 17:11:32,382 [sse-robot_status] [web_gui.backend.robots.core] [INFO] [OpHistory] Completed: robot=robot_ec2b status=success goal_status=REACHED
2026-08-18 17:11:38,302 [sse-robot_status] [web_gui.backend.robots.core] [INFO] [OpHistory] Started: robot=robot_ec2b source=robot_display op_id=6934
2026-08-18 17:12:15,352 [sse-robot_status] [web_gui.backend.robots.core] [INFO] [OpHistory] Completed: robot=robot_ec2b status=success goal_status=REACHED
2026-08-18 17:12:21,294 [sse-robot_status] [web_gui.backend.robots.core] [INFO] [OpHistory] Started: robot=robot_ec2b source=robot_display op_id=6935
2026-08-18 17:12:41,827 [sse-robot_status] [web_gui.backend.robots.core] [INFO] [OpHistory] Completed: robot=robot_ec2b status=success goal_status=REACHED
2026-08-18 17:12:47,376 [sse-robot_status] [web_gui.backend.robots.core] [INFO] [OpHistory] Started: robot=robot_ec2b source=robot_display op_id=6936
2026-08-18 17:13:10,340 [sse-robot_status] [web_gui.backend.robots.core] [INFO] [OpHistory] Completed: robot=robot_ec2b status=success goal_status=REACHED
2026-08-18 17:13:16,311 [sse-robot_status] [web_gui.backend.robots.core] [INFO] [OpHistory] Started: robot=robot_ec2b source=robot_display op_id=6937
2026-08-18 17:13:37,362 [sse-robot_status] [web_gui.backend.robots.core] [INFO] [OpHistory] Completed: robot=robot_ec2b status=success goal_status=REACHED
2026-08-18 17:13:43,367 [sse-robot_status] [web_gui.backend.robots.core] [INFO] [OpHistory] Started: robot=robot_ec2b source=robot_display op_id=6938
2026-08-18 17:14:08,372 [sse-robot_status] [web_gui.backend.robots.core] [INFO] [OpHistory] Completed: robot=robot_ec2b status=success goal_status=REACHED
2026-08-18 17:14:14,288 [sse-robot_status] [web_gui.backend.robots.core] [INFO] [OpHistory] Started: robot=robot_ec2b source=robot_display op_id=6939
2026-08-18 17:14:34,760 [sse-robot_status] [web_gui.backend.robots.core] [INFO] [OpHistory] Completed: robot=robot_ec2b status=success goal_status=REACHED
2026-08-18 17:14:39,882 [sse-robot_status] [web_gui.backend.robots.core] [INFO] [OpHistory] Started: robot=robot_ec2b source=robot_display op_id=6940
2026-08-18 17:15:05,230 [sse-robot_status] [web_gui.backend.robots.core] [INFO] [OpHistory] Completed: robot=robot_ec2b status=success goal_status=REACHED
2026-08-18 17:15:10,811 [sse-robot_status] [web_gui.backend.robots.core] [INFO] [OpHistory] Started: robot=robot_ec2b source=robot_display op_id=6941
2026-08-18 17:15:31,746 [sse-robot_status] [web_gui.backend.robots.core] [INFO] [OpHistory] Completed: robot=robot_ec2b status=success goal_status=REACHED
2026-08-18 17:15:36,787 [sse-robot_status] [web_gui.backend.robots.core] [INFO] [OpHistory] Started: robot=robot_ec2b source=robot_display op_id=6942
2026-08-18 17:16:00,297 [sse-robot_status] [web_gui.backend.robots.core] [INFO] [OpHistory] Completed: robot=robot_ec2b status=success goal_status=REACHED
2026-08-18 17:16:05,811 [sse-robot_status] [web_gui.backend.robots.core] [INFO] [OpHistory] Started: robot=robot_ec2b source=robot_display op_id=6943
2026-08-18 17:16:26,898 [sse-robot_status] [web_gui.backend.robots.core] [INFO] [OpHistory] Completed: robot=robot_ec2b status=success goal_status=REACHED
2026-08-18 17:16:32,807 [sse-robot_status] [web_gui.backend.robots.core] [INFO] [OpHistory] Started: robot=robot_ec2b source=robot_display op_id=6944
2026-08-18 17:16:55,276 [sse-robot_status] [web_gui.backend.robots.core] [INFO] [OpHistory] Completed: robot=robot_ec2b status=success goal_status=REACHED
2026-08-18 17:17:00,822 [sse-robot_status] [web_gui.backend.robots.core] [INFO] [OpHistory] Started: robot=robot_ec2b source=robot_display op_id=6945
2026-08-18 17:17:20,893 [sse-robot_status] [web_gui.backend.robots.core] [INFO] [OpHistory] Completed: robot=robot_ec2b status=success goal_status=REACHED
2026-08-18 17:17:26,804 [sse-robot_status] [web_gui.backend.robots.core] [INFO] [OpHistory] Started: robot=robot_ec2b source=robot_display op_id=6946
2026-08-18 17:17:46,788 [sse-robot_status] [web_gui.backend.robots.core] [INFO] [OpHistory] Completed: robot=robot_ec2b status=success goal_status=REACHED
2026-08-18 17:17:52,911 [sse-robot_status] [web_gui.backend.robots.core] [INFO] [OpHistory] Started: robot=robot_ec2b source=robot_display op_id=6947
2026-08-18 17:18:13,306 [sse-robot_status] [web_gui.backend.robots.core] [INFO] [OpHistory] Completed: robot=robot_ec2b status=success goal_status=REACHED
2026-08-18 17:18:18,848 [sse-robot_status] [web_gui.backend.robots.core] [INFO] [OpHistory] Started: robot=robot_ec2b source=robot_display op_id=6948
2026-08-18 17:18:45,798 [sse-robot_status] [web_gui.backend.robots.core] [INFO] [OpHistory] Completed: robot=robot_ec2b status=success goal_status=REACHED
2026-08-18 17:18:51,890 [sse-robot_status] [web_gui.backend.robots.core] [INFO] [OpHistory] Started: robot=robot_ec2b source=robot_display op_id=6949
2026-08-18 17:19:12,316 [sse-robot_status] [web_gui.backend.robots.core] [INFO] [OpHistory] Completed: robot=robot_ec2b status=success goal_status=REACHED
2026-08-18 17:19:17,756 [sse-robot_status] [web_gui.backend.robots.core] [INFO] [OpHistory] Started: robot=robot_ec2b source=robot_display op_id=6950
2026-08-18 17:19:42,894 [sse-robot_status] [web_gui.backend.robots.core] [INFO] [OpHistory] Completed: robot=robot_ec2b status=success goal_status=REACHED
2026-08-18 17:19:48,862 [sse-robot_status] [web_gui.backend.robots.core] [INFO] [OpHistory] Started: robot=robot_ec2b source=robot_display op_id=6951
2026-08-18 17:20:08,760 [sse-robot_status] [web_gui.backend.robots.core] [INFO] [OpHistory] Completed: robot=robot_ec2b status=success goal_status=REACHED
2026-08-18 17:20:14,858 [sse-robot_status] [web_gui.backend.robots.core] [INFO] [OpHistory] Started: robot=robot_ec2b source=robot_display op_id=6952
2026-08-18 17:20:39,832 [sse-robot_status] [web_gui.backend.robots.core] [INFO] [OpHistory] Completed: robot=robot_ec2b status=success goal_status=REACHED
2026-08-18 17:20:45,394 [sse-robot_status] [web_gui.backend.robots.core] [INFO] [OpHistory] Started: robot=robot_ec2b source=robot_display op_id=6953
2026-08-18 17:21:05,755 [sse-robot_status] [web_gui.backend.robots.core] [INFO] [OpHistory] Completed: robot=robot_ec2b status=success goal_status=REACHED
2026-08-18 17:21:11,293 [sse-robot_status] [web_gui.backend.robots.core] [INFO] [OpHistory] Started: robot=robot_ec2b source=robot_display op_id=6954
2026-08-18 17:21:39,306 [sse-robot_status] [web_gui.backend.robots.core] [INFO] [OpHistory] Completed: robot=robot_ec2b status=success goal_status=REACHED
2026-08-18 17:21:45,341 [sse-robot_status] [web_gui.backend.robots.core] [INFO] [OpHistory] Started: robot=robot_ec2b source=robot_display op_id=6955
2026-08-18 17:22:06,330 [sse-robot_status] [web_gui.backend.robots.core] [INFO] [OpHistory] Completed: robot=robot_ec2b status=success goal_status=REACHED
2026-08-18 17:22:12,378 [sse-robot_status] [web_gui.backend.robots.core] [INFO] [OpHistory] Started: robot=robot_ec2b source=robot_display op_id=6956
2026-08-18 17:22:40,739 [sse-robot_status] [web_gui.backend.robots.core] [INFO] [OpHistory] Completed: robot=robot_ec2b status=success goal_status=REACHED
2026-08-18 17:22:46,377 [sse-robot_status] [web_gui.backend.robots.core] [INFO] [OpHistory] Started: robot=robot_ec2b source=robot_display op_id=6957
2026-08-18 17:23:06,800 [sse-robot_status] [web_gui.backend.robots.core] [INFO] [OpHistory] Completed: robot=robot_ec2b status=success goal_status=REACHED
2026-08-18 17:23:12,333 [sse-robot_status] [web_gui.backend.robots.core] [INFO] [OpHistory] Started: robot=robot_ec2b source=robot_display op_id=6958
2026-08-18 17:23:36,310 [sse-robot_status] [web_gui.backend.robots.core] [INFO] [OpHistory] Completed: robot=robot_ec2b status=success goal_status=REACHED
2026-08-18 17:23:42,282 [sse-robot_status] [web_gui.backend.robots.core] [INFO] [OpHistory] Started: robot=robot_ec2b source=robot_display op_id=6959
2026-08-18 17:24:02,834 [sse-robot_status] [web_gui.backend.robots.core] [INFO] [OpHistory] Completed: robot=robot_ec2b status=success goal_status=REACHED
2026-08-18 17:24:08,371 [sse-robot_status] [web_gui.backend.robots.core] [INFO] [OpHistory] Started: robot=robot_ec2b source=robot_display op_id=6960
2026-08-18 17:24:30,863 [sse-robot_status] [web_gui.backend.robots.core] [INFO] [OpHistory] Completed: robot=robot_ec2b status=success goal_status=REACHED
2026-08-18 17:24:36,283 [sse-robot_status] [web_gui.backend.robots.core] [INFO] [OpHistory] Started: robot=robot_ec2b source=robot_display op_id=6961
2026-08-18 17:24:56,310 [sse-robot_status] [web_gui.backend.robots.core] [INFO] [OpHistory] Completed: robot=robot_ec2b status=success goal_status=REACHED
2026-08-18 17:25:02,296 [sse-robot_status] [web_gui.backend.robots.core] [INFO] [OpHistory] Started: robot=robot_ec2b source=robot_display op_id=6962
2026-08-18 17:25:24,846 [sse-robot_status] [web_gui.backend.robots.core] [INFO] [OpHistory] Completed: robot=robot_ec2b status=success goal_status=REACHED
2026-08-18 17:25:30,395 [sse-robot_status] [web_gui.backend.robots.core] [INFO] [OpHistory] Started: robot=robot_ec2b source=robot_display op_id=6963
2026-08-18 17:25:50,891 [sse-robot_status] [web_gui.backend.robots.core] [INFO] [OpHistory] Completed: robot=robot_ec2b status=success goal_status=REACHED
2026-08-18 17:25:56,261 [sse-robot_status] [web_gui.backend.robots.core] [INFO] [OpHistory] Started: robot=robot_ec2b source=robot_display op_id=6964
2026-08-18 17:26:21,314 [sse-robot_status] [web_gui.backend.robots.core] [INFO] [OpHistory] Completed: robot=robot_ec2b status=success goal_status=REACHED
2026-08-18 17:26:27,382 [sse-robot_status] [web_gui.backend.robots.core] [INFO] [OpHistory] Started: robot=robot_ec2b source=robot_display op_id=6965
2026-08-18 17:26:47,741 [sse-robot_status] [web_gui.backend.robots.core] [INFO] [OpHistory] Completed: robot=robot_ec2b status=success goal_status=REACHED
2026-08-18 17:26:53,297 [sse-robot_status] [web_gui.backend.robots.core] [INFO] [OpHistory] Started: robot=robot_ec2b source=robot_display op_id=6966
2026-08-18 17:27:19,738 [sse-robot_status] [web_gui.backend.robots.core] [INFO] [OpHistory] Completed: robot=robot_ec2b status=success goal_status=REACHED
2026-08-18 17:27:25,301 [sse-robot_status] [web_gui.backend.robots.core] [INFO] [OpHistory] Started: robot=robot_ec2b source=robot_display op_id=6967
2026-08-18 17:27:45,361 [sse-robot_status] [web_gui.backend.robots.core] [INFO] [OpHistory] Completed: robot=robot_ec2b status=success goal_status=REACHED
2026-08-18 17:27:51,344 [sse-robot_status] [web_gui.backend.robots.core] [INFO] [OpHistory] Started: robot=robot_ec2b source=robot_display op_id=6968
2026-08-18 17:28:15,296 [sse-robot_status] [web_gui.backend.robots.core] [INFO] [OpHistory] Completed: robot=robot_ec2b status=success goal_status=REACHED
2026-08-18 17:28:21,333 [sse-robot_status] [web_gui.backend.robots.core] [INFO] [OpHistory] Started: robot=robot_ec2b source=robot_display op_id=6969
2026-08-18 17:28:41,843 [sse-robot_status] [web_gui.backend.robots.core] [INFO] [OpHistory] Completed: robot=robot_ec2b status=success goal_status=REACHED
2026-08-18 17:28:47,383 [sse-robot_status] [web_gui.backend.robots.core] [INFO] [OpHistory] Started: robot=robot_ec2b source=robot_display op_id=6970
2026-08-18 17:29:11,315 [sse-robot_status] [web_gui.backend.robots.core] [INFO] [OpHistory] Completed: robot=robot_ec2b status=success goal_status=REACHED
2026-08-18 17:29:16,768 [sse-robot_status] [web_gui.backend.robots.core] [INFO] [OpHistory] Started: robot=robot_ec2b source=robot_display op_id=6971
2026-08-18 17:29:37,353 [sse-robot_status] [web_gui.backend.robots.core] [INFO] [OpHistory] Completed: robot=robot_ec2b status=success goal_status=REACHED
2026-08-18 17:29:42,894 [sse-robot_status] [web_gui.backend.robots.core] [INFO] [OpHistory] Started: robot=robot_ec2b source=robot_display op_id=6972
2026-08-18 17:30:07,337 [sse-robot_status] [web_gui.backend.robots.core] [INFO] [OpHistory] Completed: robot=robot_ec2b status=success goal_status=REACHED
2026-08-18 17:30:12,762 [sse-robot_status] [web_gui.backend.robots.core] [INFO] [OpHistory] Started: robot=robot_ec2b source=robot_display op_id=6973
2026-08-18 17:30:33,298 [sse-robot_status] [web_gui.backend.robots.core] [INFO] [OpHistory] Completed: robot=robot_ec2b status=success goal_status=REACHED
2026-08-18 17:30:38,806 [sse-robot_status] [web_gui.backend.robots.core] [INFO] [OpHistory] Started: robot=robot_ec2b source=robot_display op_id=6974
2026-08-18 17:31:05,378 [sse-robot_status] [web_gui.backend.robots.core] [INFO] [OpHistory] Completed: robot=robot_ec2b status=success goal_status=REACHED
2026-08-18 17:31:10,933 [sse-robot_status] [web_gui.backend.robots.core] [INFO] [OpHistory] Started: robot=robot_ec2b source=robot_display op_id=6975
2026-08-18 17:31:31,353 [sse-robot_status] [web_gui.backend.robots.core] [INFO] [OpHistory] Completed: robot=robot_ec2b status=success goal_status=REACHED
2026-08-18 17:31:36,883 [sse-robot_status] [web_gui.backend.robots.core] [INFO] [OpHistory] Started: robot=robot_ec2b source=robot_display op_id=6976
2026-08-18 17:32:06,267 [sse-robot_status] [web_gui.backend.robots.core] [INFO] [OpHistory] Completed: robot=robot_ec2b status=success goal_status=REACHED
2026-08-18 17:32:11,894 [sse-robot_status] [web_gui.backend.robots.core] [INFO] [OpHistory] Started: robot=robot_ec2b source=robot_display op_id=6977
2026-08-18 17:32:32,350 [sse-robot_status] [web_gui.backend.robots.core] [INFO] [OpHistory] Completed: robot=robot_ec2b status=success goal_status=REACHED
2026-08-18 17:32:37,876 [sse-robot_status] [web_gui.backend.robots.core] [INFO] [OpHistory] Started: robot=robot_ec2b source=robot_display op_id=6978
2026-08-18 17:32:58,306 [sse-robot_status] [web_gui.backend.robots.core] [INFO] [OpHistory] Completed: robot=robot_ec2b status=success goal_status=REACHED
2026-08-18 17:33:03,834 [sse-robot_status] [web_gui.backend.robots.core] [INFO] [OpHistory] Started: robot=robot_ec2b source=robot_display op_id=6979
2026-08-18 17:33:24,287 [sse-robot_status] [web_gui.backend.robots.core] [INFO] [OpHistory] Completed: robot=robot_ec2b status=success goal_status=REACHED
2026-08-18 17:33:29,259 [sse-robot_status] [web_gui.backend.robots.core] [INFO] [OpHistory] Started: robot=robot_ec2b source=robot_display op_id=6980
2026-08-18 17:33:50,360 [sse-robot_status] [web_gui.backend.robots.core] [INFO] [OpHistory] Completed: robot=robot_ec2b status=success goal_status=REACHED
2026-08-18 17:33:55,333 [sse-robot_status] [web_gui.backend.robots.core] [INFO] [OpHistory] Started: robot=robot_ec2b source=robot_display op_id=6981
2026-08-18 17:34:16,300 [sse-robot_status] [web_gui.backend.robots.core] [INFO] [OpHistory] Completed: robot=robot_ec2b status=success goal_status=REACHED
2026-08-18 17:34:22,277 [sse-robot_status] [web_gui.backend.robots.core] [INFO] [OpHistory] Started: robot=robot_ec2b source=robot_display op_id=6982
2026-08-18 17:34:50,795 [sse-robot_status] [web_gui.backend.robots.core] [INFO] [OpHistory] Completed: robot=robot_ec2b status=success goal_status=REACHED
2026-08-18 17:34:56,319 [sse-robot_status] [web_gui.backend.robots.core] [INFO] [OpHistory] Started: robot=robot_ec2b source=robot_display op_id=6983
2026-08-18 17:35:16,825 [sse-robot_status] [web_gui.backend.robots.core] [INFO] [OpHistory] Completed: robot=robot_ec2b status=success goal_status=REACHED
2026-08-18 17:35:22,388 [sse-robot_status] [web_gui.backend.robots.core] [INFO] [OpHistory] Started: robot=robot_ec2b source=robot_display op_id=6984
2026-08-18 17:35:43,321 [sse-robot_status] [web_gui.backend.robots.core] [INFO] [OpHistory] Completed: robot=robot_ec2b status=success goal_status=REACHED
2026-08-18 17:35:48,349 [sse-robot_status] [web_gui.backend.robots.core] [INFO] [OpHistory] Started: robot=robot_ec2b source=robot_display op_id=6985
2026-08-18 17:36:09,417 [sse-robot_status] [web_gui.backend.robots.core] [INFO] [OpHistory] Completed: robot=robot_ec2b status=success goal_status=REACHED
2026-08-18 17:36:15,343 [sse-robot_status] [web_gui.backend.robots.core] [INFO] [OpHistory] Started: robot=robot_ec2b source=robot_display op_id=6986
2026-08-18 17:36:40,823 [sse-robot_status] [web_gui.backend.robots.core] [INFO] [OpHistory] Completed: robot=robot_ec2b status=success goal_status=REACHED
2026-08-18 17:36:46,257 [sse-robot_status] [web_gui.backend.robots.core] [INFO] [OpHistory] Started: robot=robot_ec2b source=robot_display op_id=6987
2026-08-18 17:37:06,838 [sse-robot_status] [web_gui.backend.robots.core] [INFO] [OpHistory] Completed: robot=robot_ec2b status=success goal_status=REACHED
2026-08-18 17:37:12,298 [sse-robot_status] [web_gui.backend.robots.core] [INFO] [OpHistory] Started: robot=robot_ec2b source=robot_display op_id=6988
2026-08-18 17:37:34,811 [sse-robot_status] [web_gui.backend.robots.core] [INFO] [OpHistory] Completed: robot=robot_ec2b status=success goal_status=REACHED
2026-08-18 17:37:40,253 [sse-robot_status] [web_gui.backend.robots.core] [INFO] [OpHistory] Started: robot=robot_ec2b source=robot_display op_id=6989
2026-08-18 17:38:00,817 [sse-robot_status] [web_gui.backend.robots.core] [INFO] [OpHistory] Completed: robot=robot_ec2b status=success goal_status=REACHED
2026-08-18 17:38:06,340 [sse-robot_status] [web_gui.backend.robots.core] [INFO] [OpHistory] Started: robot=robot_ec2b source=robot_display op_id=6990
2026-08-18 17:38:33,249 [sse-robot_status] [web_gui.backend.robots.core] [INFO] [OpHistory] Completed: robot=robot_ec2b status=success goal_status=REACHED
2026-08-18 17:38:39,316 [sse-robot_status] [web_gui.backend.robots.core] [INFO] [OpHistory] Started: robot=robot_ec2b source=robot_display op_id=6991
2026-08-18 17:38:59,804 [sse-robot_status] [web_gui.backend.robots.core] [INFO] [OpHistory] Completed: robot=robot_ec2b status=success goal_status=REACHED
2026-08-18 17:39:05,316 [sse-robot_status] [web_gui.backend.robots.core] [INFO] [OpHistory] Started: robot=robot_ec2b source=robot_display op_id=6992
2026-08-18 17:39:29,270 [sse-robot_status] [web_gui.backend.robots.core] [INFO] [OpHistory] Completed: robot=robot_ec2b status=success goal_status=REACHED
2026-08-18 17:39:35,282 [sse-robot_status] [web_gui.backend.robots.core] [INFO] [OpHistory] Started: robot=robot_ec2b source=robot_display op_id=6993
2026-08-18 17:39:55,389 [sse-robot_status] [web_gui.backend.robots.core] [INFO] [OpHistory] Completed: robot=robot_ec2b status=success goal_status=REACHED
2026-08-18 17:40:01,279 [sse-robot_status] [web_gui.backend.robots.core] [INFO] [OpHistory] Started: robot=robot_ec2b source=robot_display op_id=6994
2026-08-18 17:40:26,748 [sse-robot_status] [web_gui.backend.robots.core] [INFO] [OpHistory] Completed: robot=robot_ec2b status=success goal_status=REACHED
2026-08-18 17:40:32,299 [sse-robot_status] [web_gui.backend.robots.core] [INFO] [OpHistory] Started: robot=robot_ec2b source=robot_display op_id=6995
2026-08-18 17:40:52,895 [sse-robot_status] [web_gui.backend.robots.core] [INFO] [OpHistory] Completed: robot=robot_ec2b status=success goal_status=REACHED
2026-08-18 17:40:58,283 [sse-robot_status] [web_gui.backend.robots.core] [INFO] [OpHistory] Started: robot=robot_ec2b source=robot_display op_id=6996
2026-08-18 17:41:22,251 [sse-robot_status] [web_gui.backend.robots.core] [INFO] [OpHistory] Completed: robot=robot_ec2b status=success goal_status=REACHED
2026-08-18 17:41:28,336 [sse-robot_status] [web_gui.backend.robots.core] [INFO] [OpHistory] Started: robot=robot_ec2b source=robot_display op_id=6997
2026-08-18 17:41:48,736 [sse-robot_status] [web_gui.backend.robots.core] [INFO] [OpHistory] Completed: robot=robot_ec2b status=success goal_status=REACHED
2026-08-18 17:41:54,329 [sse-robot_status] [web_gui.backend.robots.core] [INFO] [OpHistory] Started: robot=robot_ec2b source=robot_display op_id=6998
2026-08-18 17:42:22,868 [sse-robot_status] [web_gui.backend.robots.core] [INFO] [OpHistory] Completed: robot=robot_ec2b status=success goal_status=REACHED
2026-08-18 17:42:28,382 [sse-robot_status] [web_gui.backend.robots.core] [INFO] [OpHistory] Started: robot=robot_ec2b source=robot_display op_id=6999
2026-08-18 17:42:48,878 [sse-robot_status] [web_gui.backend.robots.core] [INFO] [OpHistory] Completed: robot=robot_ec2b status=success goal_status=REACHED
2026-08-18 17:42:54,259 [sse-robot_status] [web_gui.backend.robots.core] [INFO] [OpHistory] Started: robot=robot_ec2b source=robot_display op_id=7000
2026-08-18 17:43:15,765 [sse-robot_status] [web_gui.backend.robots.core] [INFO] [OpHistory] Completed: robot=robot_ec2b status=success goal_status=REACHED
2026-08-18 17:43:21,301 [sse-robot_status] [web_gui.backend.robots.core] [INFO] [OpHistory] Started: robot=robot_ec2b source=robot_display op_id=7001
2026-08-18 17:43:42,240 [sse-robot_status] [web_gui.backend.robots.core] [INFO] [OpHistory] Completed: robot=robot_ec2b status=success goal_status=REACHED
2026-08-18 17:43:48,327 [sse-robot_status] [web_gui.backend.robots.core] [INFO] [OpHistory] Started: robot=robot_ec2b source=robot_display op_id=7002
2026-08-18 17:44:15,780 [sse-robot_status] [web_gui.backend.robots.core] [INFO] [OpHistory] Completed: robot=robot_ec2b status=success goal_status=REACHED
2026-08-18 17:44:21,340 [sse-robot_status] [web_gui.backend.robots.core] [INFO] [OpHistory] Started: robot=robot_ec2b source=robot_display op_id=7003
2026-08-18 17:44:41,754 [sse-robot_status] [web_gui.backend.robots.core] [INFO] [OpHistory] Completed: robot=robot_ec2b status=success goal_status=REACHED
2026-08-18 17:44:47,325 [sse-robot_status] [web_gui.backend.robots.core] [INFO] [OpHistory] Started: robot=robot_ec2b source=robot_display op_id=7004
2026-08-18 17:45:08,350 [sse-robot_status] [web_gui.backend.robots.core] [INFO] [OpHistory] Completed: robot=robot_ec2b status=success goal_status=REACHED
2026-08-18 17:45:14,311 [sse-robot_status] [web_gui.backend.robots.core] [INFO] [OpHistory] Started: robot=robot_ec2b source=robot_display op_id=7005
2026-08-18 17:45:35,350 [sse-robot_status] [web_gui.backend.robots.core] [INFO] [OpHistory] Completed: robot=robot_ec2b status=success goal_status=REACHED
2026-08-18 17:45:40,873 [sse-robot_status] [web_gui.backend.robots.core] [INFO] [OpHistory] Started: robot=robot_ec2b source=robot_display op_id=7006
2026-08-18 17:46:08,363 [sse-robot_status] [web_gui.backend.robots.core] [INFO] [OpHistory] Completed: robot=robot_ec2b status=success goal_status=REACHED
2026-08-18 17:46:13,901 [sse-robot_status] [web_gui.backend.robots.core] [INFO] [OpHistory] Started: robot=robot_ec2b source=robot_display op_id=7007
2026-08-18 17:46:34,802 [sse-robot_status] [web_gui.backend.robots.core] [INFO] [OpHistory] Completed: robot=robot_ec2b status=success goal_status=REACHED
2026-08-18 17:46:40,738 [sse-robot_status] [web_gui.backend.robots.core] [INFO] [OpHistory] Started: robot=robot_ec2b source=robot_display op_id=7008
2026-08-18 17:47:06,308 [sse-robot_status] [web_gui.backend.robots.core] [INFO] [OpHistory] Completed: robot=robot_ec2b status=success goal_status=REACHED
2026-08-18 17:47:11,884 [sse-robot_status] [web_gui.backend.robots.core] [INFO] [OpHistory] Started: robot=robot_ec2b source=robot_display op_id=7009
2026-08-18 17:47:32,320 [sse-robot_status] [web_gui.backend.robots.core] [INFO] [OpHistory] Completed: robot=robot_ec2b status=success goal_status=REACHED
2026-08-18 17:47:37,836 [sse-robot_status] [web_gui.backend.robots.core] [INFO] [OpHistory] Started: robot=robot_ec2b source=robot_display op_id=7010
2026-08-18 17:48:03,268 [sse-robot_status] [web_gui.backend.robots.core] [INFO] [OpHistory] Completed: robot=robot_ec2b status=success goal_status=REACHED
2026-08-18 17:48:08,848 [sse-robot_status] [web_gui.backend.robots.core] [INFO] [OpHistory] Started: robot=robot_ec2b source=robot_display op_id=7011
2026-08-18 17:48:29,342 [sse-robot_status] [web_gui.backend.robots.core] [INFO] [OpHistory] Completed: robot=robot_ec2b status=success goal_status=REACHED
2026-08-18 17:48:34,773 [sse-robot_status] [web_gui.backend.robots.core] [INFO] [OpHistory] Started: robot=robot_ec2b source=robot_display op_id=7012
2026-08-18 17:49:02,816 [sse-robot_status] [web_gui.backend.robots.core] [INFO] [OpHistory] Completed: robot=robot_ec2b status=success goal_status=REACHED
2026-08-18 17:49:07,789 [sse-robot_status] [web_gui.backend.robots.core] [INFO] [OpHistory] Started: robot=robot_ec2b source=robot_display op_id=7013
2026-08-18 17:49:28,304 [sse-robot_status] [web_gui.backend.robots.core] [INFO] [OpHistory] Completed: robot=robot_ec2b status=success goal_status=REACHED
2026-08-18 17:49:33,886 [sse-robot_status] [web_gui.backend.robots.core] [INFO] [OpHistory] Started: robot=robot_ec2b source=robot_display op_id=7014
2026-08-18 17:49:58,802 [sse-robot_status] [web_gui.backend.robots.core] [INFO] [OpHistory] Completed: robot=robot_ec2b status=success goal_status=REACHED
2026-08-18 17:50:04,834 [sse-robot_status] [web_gui.backend.robots.core] [INFO] [OpHistory] Started: robot=robot_ec2b source=robot_display op_id=7015
2026-08-18 17:50:24,835 [sse-robot_status] [web_gui.backend.robots.core] [INFO] [OpHistory] Completed: robot=robot_ec2b status=success goal_status=REACHED
2026-08-18 17:50:30,799 [sse-robot_status] [web_gui.backend.robots.core] [INFO] [OpHistory] Started: robot=robot_ec2b source=robot_display op_id=7016
2026-08-18 17:50:55,776 [sse-robot_status] [web_gui.backend.robots.core] [INFO] [OpHistory] Completed: robot=robot_ec2b status=success goal_status=REACHED
2026-08-18 17:51:01,889 [sse-robot_status] [web_gui.backend.robots.core] [INFO] [OpHistory] Started: robot=robot_ec2b source=robot_display op_id=7017
2026-08-18 17:51:22,817 [sse-robot_status] [web_gui.backend.robots.core] [INFO] [OpHistory] Completed: robot=robot_ec2b status=success goal_status=REACHED
2026-08-18 17:51:28,753 [sse-robot_status] [web_gui.backend.robots.core] [INFO] [OpHistory] Started: robot=robot_ec2b source=robot_display op_id=7018
2026-08-18 17:51:49,242 [sse-robot_status] [web_gui.backend.robots.core] [INFO] [OpHistory] Completed: robot=robot_ec2b status=success goal_status=REACHED
2026-08-18 17:51:55,795 [sse-robot_status] [web_gui.backend.robots.core] [INFO] [OpHistory] Started: robot=robot_ec2b source=robot_display op_id=7019
2026-08-18 17:52:16,262 [sse-robot_status] [web_gui.backend.robots.core] [INFO] [OpHistory] Completed: robot=robot_ec2b status=success goal_status=REACHED
2026-08-18 17:52:21,862 [sse-robot_status] [web_gui.backend.robots.core] [INFO] [OpHistory] Started: robot=robot_ec2b source=robot_display op_id=7020
2026-08-18 17:52:45,349 [sse-robot_status] [web_gui.backend.robots.core] [INFO] [OpHistory] Completed: robot=robot_ec2b status=success goal_status=REACHED
2026-08-18 17:52:51,284 [sse-robot_status] [web_gui.backend.robots.core] [INFO] [OpHistory] Started: robot=robot_ec2b source=robot_display op_id=7021
2026-08-18 17:53:11,330 [sse-robot_status] [web_gui.backend.robots.core] [INFO] [OpHistory] Completed: robot=robot_ec2b status=success goal_status=REACHED
2026-08-18 17:53:17,343 [sse-robot_status] [web_gui.backend.robots.core] [INFO] [OpHistory] Started: robot=robot_ec2b source=robot_display op_id=7022
2026-08-18 17:53:41,270 [sse-robot_status] [web_gui.backend.robots.core] [INFO] [OpHistory] Completed: robot=robot_ec2b status=success goal_status=REACHED
2026-08-18 17:53:46,275 [sse-robot_status] [web_gui.backend.robots.core] [INFO] [OpHistory] Started: robot=robot_ec2b source=robot_display op_id=7023
2026-08-18 17:54:06,841 [sse-robot_status] [web_gui.backend.robots.core] [INFO] [OpHistory] Completed: robot=robot_ec2b status=success goal_status=REACHED
2026-08-18 17:54:12,361 [sse-robot_status] [web_gui.backend.robots.core] [INFO] [OpHistory] Started: robot=robot_ec2b source=robot_display op_id=7024
2026-08-18 17:54:37,297 [sse-robot_status] [web_gui.backend.robots.core] [INFO] [OpHistory] Completed: robot=robot_ec2b status=success goal_status=REACHED
2026-08-18 17:54:43,380 [sse-robot_status] [web_gui.backend.robots.core] [INFO] [OpHistory] Started: robot=robot_ec2b source=robot_display op_id=7025
2026-08-18 17:55:04,316 [sse-robot_status] [web_gui.backend.robots.core] [INFO] [OpHistory] Completed: robot=robot_ec2b status=success goal_status=REACHED
2026-08-18 17:55:09,321 [sse-robot_status] [web_gui.backend.robots.core] [INFO] [OpHistory] Started: robot=robot_ec2b source=robot_display op_id=7026
2026-08-18 17:55:34,327 [sse-robot_status] [web_gui.backend.robots.core] [INFO] [OpHistory] Completed: robot=robot_ec2b status=success goal_status=REACHED
2026-08-18 17:55:39,293 [sse-robot_status] [web_gui.backend.robots.core] [INFO] [OpHistory] Started: robot=robot_ec2b source=robot_display op_id=7027
2026-08-18 17:55:59,763 [sse-robot_status] [web_gui.backend.robots.core] [INFO] [OpHistory] Completed: robot=robot_ec2b status=success goal_status=REACHED
2026-08-18 17:56:05,841 [sse-robot_status] [web_gui.backend.robots.core] [INFO] [OpHistory] Started: robot=robot_ec2b source=robot_display op_id=7028
2026-08-18 17:56:25,931 [sse-robot_status] [web_gui.backend.robots.core] [INFO] [OpHistory] Completed: robot=robot_ec2b status=success goal_status=REACHED
2026-08-18 17:56:31,822 [sse-robot_status] [web_gui.backend.robots.core] [INFO] [OpHistory] Started: robot=robot_ec2b source=robot_display op_id=7029
2026-08-18 17:56:51,779 [sse-robot_status] [web_gui.backend.robots.core] [INFO] [OpHistory] Completed: robot=robot_ec2b status=success goal_status=REACHED
2026-08-18 17:56:57,343 [sse-robot_status] [web_gui.backend.robots.core] [INFO] [OpHistory] Started: robot=robot_ec2b source=robot_display op_id=7030
2026-08-18 17:57:20,242 [sse-robot_status] [web_gui.backend.robots.core] [INFO] [OpHistory] Completed: robot=robot_ec2b status=success goal_status=REACHED
2026-08-18 17:57:26,246 [sse-robot_status] [web_gui.backend.robots.core] [INFO] [OpHistory] Started: robot=robot_ec2b source=robot_display op_id=7031
2026-08-18 17:57:46,249 [sse-robot_status] [web_gui.backend.robots.core] [INFO] [OpHistory] Completed: robot=robot_ec2b status=success goal_status=REACHED
2026-08-18 17:57:52,248 [sse-robot_status] [web_gui.backend.robots.core] [INFO] [OpHistory] Started: robot=robot_ec2b source=robot_display op_id=7032
2026-08-18 17:58:16,745 [sse-robot_status] [web_gui.backend.robots.core] [INFO] [OpHistory] Completed: robot=robot_ec2b status=success goal_status=REACHED
2026-08-18 17:58:22,275 [sse-robot_status] [web_gui.backend.robots.core] [INFO] [OpHistory] Started: robot=robot_ec2b source=robot_display op_id=7033
2026-08-18 17:58:42,730 [sse-robot_status] [web_gui.backend.robots.core] [INFO] [OpHistory] Completed: robot=robot_ec2b status=success goal_status=REACHED
2026-08-18 17:58:48,343 [sse-robot_status] [web_gui.backend.robots.core] [INFO] [OpHistory] Started: robot=robot_ec2b source=robot_display op_id=7034
2026-08-18 17:59:14,749 [sse-robot_status] [web_gui.backend.robots.core] [INFO] [OpHistory] Completed: robot=robot_ec2b status=success goal_status=REACHED
2026-08-18 17:59:20,311 [sse-robot_status] [web_gui.backend.robots.core] [INFO] [OpHistory] Started: robot=robot_ec2b source=robot_display op_id=7035
2026-08-18 17:59:40,302 [sse-robot_status] [web_gui.backend.robots.core] [INFO] [OpHistory] Completed: robot=robot_ec2b status=success goal_status=REACHED
2026-08-18 17:59:46,385 [sse-robot_status] [web_gui.backend.robots.core] [INFO] [OpHistory] Started: robot=robot_ec2b source=robot_display op_id=7036
2026-08-18 18:00:08,813 [sse-robot_status] [web_gui.backend.robots.core] [INFO] [OpHistory] Completed: robot=robot_ec2b status=success goal_status=REACHED
2026-08-18 18:00:14,337 [sse-robot_status] [web_gui.backend.robots.core] [INFO] [OpHistory] Started: robot=robot_ec2b source=robot_display op_id=7037
2026-08-18 18:00:34,763 [sse-robot_status] [web_gui.backend.robots.core] [INFO] [OpHistory] Completed: robot=robot_ec2b status=success goal_status=REACHED
2026-08-18 18:00:40,311 [sse-robot_status] [web_gui.backend.robots.core] [INFO] [OpHistory] Started: robot=robot_ec2b source=robot_display op_id=7038
2026-08-18 18:01:03,359 [sse-robot_status] [web_gui.backend.robots.core] [INFO] [OpHistory] Completed: robot=robot_ec2b status=success goal_status=REACHED
2026-08-18 18:01:09,317 [sse-robot_status] [web_gui.backend.robots.core] [INFO] [OpHistory] Started: robot=robot_ec2b source=robot_display op_id=7039
2026-08-18 18:01:29,354 [sse-robot_status] [web_gui.backend.robots.core] [INFO] [OpHistory] Completed: robot=robot_ec2b status=success goal_status=REACHED
2026-08-18 18:01:35,395 [sse-robot_status] [web_gui.backend.robots.core] [INFO] [OpHistory] Started: robot=robot_ec2b source=robot_display op_id=7040
2026-08-18 18:02:00,835 [sse-robot_status] [web_gui.backend.robots.core] [INFO] [OpHistory] Completed: robot=robot_ec2b status=success goal_status=REACHED
2026-08-18 18:02:06,248 [sse-robot_status] [web_gui.backend.robots.core] [INFO] [OpHistory] Started: robot=robot_ec2b source=robot_display op_id=7041
2026-08-18 18:02:26,871 [sse-robot_status] [web_gui.backend.robots.core] [INFO] [OpHistory] Completed: robot=robot_ec2b status=success goal_status=REACHED
2026-08-18 18:02:32,272 [sse-robot_status] [web_gui.backend.robots.core] [INFO] [OpHistory] Started: robot=robot_ec2b source=robot_display op_id=7042
2026-08-18 18:02:53,315 [sse-robot_status] [web_gui.backend.robots.core] [INFO] [OpHistory] Completed: robot=robot_ec2b status=success goal_status=REACHED
2026-08-18 18:02:59,343 [sse-robot_status] [web_gui.backend.robots.core] [INFO] [OpHistory] Started: robot=robot_ec2b source=robot_display op_id=7043
2026-08-18 18:03:19,859 [sse-robot_status] [web_gui.backend.robots.core] [INFO] [OpHistory] Completed: robot=robot_ec2b status=success goal_status=REACHED
2026-08-18 18:03:24,756 [sse-robot_status] [web_gui.backend.robots.core] [INFO] [OpHistory] Started: robot=robot_ec2b source=robot_display op_id=7044
2026-08-18 18:03:47,265 [sse-robot_status] [web_gui.backend.robots.core] [INFO] [OpHistory] Completed: robot=robot_ec2b status=success goal_status=REACHED
2026-08-18 18:03:53,242 [sse-robot_status] [web_gui.backend.robots.core] [INFO] [OpHistory] Started: robot=robot_ec2b source=robot_display op_id=7045
2026-08-18 18:04:13,233 [sse-robot_status] [web_gui.backend.robots.core] [INFO] [OpHistory] Completed: robot=robot_ec2b status=success goal_status=REACHED
2026-08-18 18:04:18,917 [sse-robot_status] [web_gui.backend.robots.core] [INFO] [OpHistory] Started: robot=robot_ec2b source=robot_display op_id=7046
2026-08-18 18:04:43,357 [sse-robot_status] [web_gui.backend.robots.core] [INFO] [OpHistory] Completed: robot=robot_ec2b status=success goal_status=REACHED
2026-08-18 18:04:48,931 [sse-robot_status] [web_gui.backend.robots.core] [INFO] [OpHistory] Started: robot=robot_ec2b source=robot_display op_id=7047
2026-08-18 18:05:09,282 [sse-robot_status] [web_gui.backend.robots.core] [INFO] [OpHistory] Completed: robot=robot_ec2b status=success goal_status=REACHED
2026-08-18 18:05:14,825 [sse-robot_status] [web_gui.backend.robots.core] [INFO] [OpHistory] Started: robot=robot_ec2b source=robot_display op_id=7048
2026-08-18 18:05:37,313 [sse-robot_status] [web_gui.backend.robots.core] [INFO] [OpHistory] Completed: robot=robot_ec2b status=success goal_status=REACHED
2026-08-18 18:05:42,800 [sse-robot_status] [web_gui.backend.robots.core] [INFO] [OpHistory] Started: robot=robot_ec2b source=robot_display op_id=7049
2026-08-18 18:06:02,888 [sse-robot_status] [web_gui.backend.robots.core] [INFO] [OpHistory] Completed: robot=robot_ec2b status=success goal_status=REACHED
2026-08-18 18:06:08,943 [sse-robot_status] [web_gui.backend.robots.core] [INFO] [OpHistory] Started: robot=robot_ec2b source=robot_display op_id=7050
2026-08-18 18:06:30,359 [sse-robot_status] [web_gui.backend.robots.core] [INFO] [OpHistory] Completed: robot=robot_ec2b status=success goal_status=REACHED
2026-08-18 18:06:35,847 [sse-robot_status] [web_gui.backend.robots.core] [INFO] [OpHistory] Started: robot=robot_ec2b source=robot_display op_id=7051
2026-08-18 18:06:56,342 [sse-robot_status] [web_gui.backend.robots.core] [INFO] [OpHistory] Completed: robot=robot_ec2b status=success goal_status=REACHED
2026-08-18 18:07:01,797 [sse-robot_status] [web_gui.backend.robots.core] [INFO] [OpHistory] Started: robot=robot_ec2b source=robot_display op_id=7052
2026-08-18 18:07:22,334 [sse-robot_status] [web_gui.backend.robots.core] [INFO] [OpHistory] Completed: robot=robot_ec2b status=success goal_status=REACHED
2026-08-18 18:07:27,803 [sse-robot_status] [web_gui.backend.robots.core] [INFO] [OpHistory] Started: robot=robot_ec2b source=robot_display op_id=7053
2026-08-18 18:07:48,802 [sse-robot_status] [web_gui.backend.robots.core] [INFO] [OpHistory] Completed: robot=robot_ec2b status=success goal_status=REACHED
2026-08-18 18:07:53,850 [sse-robot_status] [web_gui.backend.robots.core] [INFO] [OpHistory] Started: robot=robot_ec2b source=robot_display op_id=7054
2026-08-18 18:08:15,809 [sse-robot_status] [web_gui.backend.robots.core] [INFO] [OpHistory] Completed: robot=robot_ec2b status=success goal_status=REACHED
2026-08-18 18:08:20,939 [sse-robot_status] [web_gui.backend.robots.core] [INFO] [OpHistory] Started: robot=robot_ec2b source=robot_display op_id=7055
2026-08-18 18:08:41,256 [sse-robot_status] [web_gui.backend.robots.core] [INFO] [OpHistory] Completed: robot=robot_ec2b status=success goal_status=REACHED
2026-08-18 18:08:47,281 [sse-robot_status] [web_gui.backend.robots.core] [INFO] [OpHistory] Started: robot=robot_ec2b source=robot_display op_id=7056
2026-08-18 18:09:15,257 [sse-robot_status] [web_gui.backend.robots.core] [INFO] [OpHistory] Completed: robot=robot_ec2b status=success goal_status=REACHED
2026-08-18 18:09:20,847 [sse-robot_status] [web_gui.backend.robots.core] [INFO] [OpHistory] Started: robot=robot_ec2b source=robot_display op_id=7057
2026-08-18 18:09:41,321 [sse-robot_status] [web_gui.backend.robots.core] [INFO] [OpHistory] Completed: robot=robot_ec2b status=success goal_status=REACHED
2026-08-18 18:09:46,755 [sse-robot_status] [web_gui.backend.robots.core] [INFO] [OpHistory] Started: robot=robot_ec2b source=robot_display op_id=7058
2026-08-18 18:10:14,349 [sse-robot_status] [web_gui.backend.robots.core] [INFO] [OpHistory] Completed: robot=robot_ec2b status=success goal_status=REACHED
2026-08-18 18:10:19,916 [sse-robot_status] [web_gui.backend.robots.core] [INFO] [OpHistory] Started: robot=robot_ec2b source=robot_display op_id=7059
2026-08-18 18:10:40,342 [sse-robot_status] [web_gui.backend.robots.core] [INFO] [OpHistory] Completed: robot=robot_ec2b status=success goal_status=REACHED
2026-08-18 18:10:45,888 [sse-robot_status] [web_gui.backend.robots.core] [INFO] [OpHistory] Started: robot=robot_ec2b source=robot_display op_id=7060
2026-08-18 18:11:10,235 [sse-robot_status] [web_gui.backend.robots.core] [INFO] [OpHistory] Completed: robot=robot_ec2b status=success goal_status=REACHED
2026-08-18 18:11:15,796 [sse-robot_status] [web_gui.backend.robots.core] [INFO] [OpHistory] Started: robot=robot_ec2b source=robot_display op_id=7061
2026-08-18 18:11:36,327 [sse-robot_status] [web_gui.backend.robots.core] [INFO] [OpHistory] Completed: robot=robot_ec2b status=success goal_status=REACHED
2026-08-18 18:11:41,778 [sse-robot_status] [web_gui.backend.robots.core] [INFO] [OpHistory] Started: robot=robot_ec2b source=robot_display op_id=7062
2026-08-18 18:12:06,901 [sse-robot_status] [web_gui.backend.robots.core] [INFO] [OpHistory] Completed: robot=robot_ec2b status=success goal_status=REACHED
2026-08-18 18:12:12,797 [sse-robot_status] [web_gui.backend.robots.core] [INFO] [OpHistory] Started: robot=robot_ec2b source=robot_display op_id=7063
2026-08-18 18:12:33,347 [sse-robot_status] [web_gui.backend.robots.core] [INFO] [OpHistory] Completed: robot=robot_ec2b status=success goal_status=REACHED
2026-08-18 18:12:38,754 [sse-robot_status] [web_gui.backend.robots.core] [INFO] [OpHistory] Started: robot=robot_ec2b source=robot_display op_id=7064
2026-08-18 18:13:00,818 [sse-robot_status] [web_gui.backend.robots.core] [INFO] [OpHistory] Completed: robot=robot_ec2b status=success goal_status=REACHED
2026-08-18 18:13:06,799 [sse-robot_status] [web_gui.backend.robots.core] [INFO] [OpHistory] Started: robot=robot_ec2b source=robot_display op_id=7065
2026-08-18 18:13:27,371 [sse-robot_status] [web_gui.backend.robots.core] [INFO] [OpHistory] Completed: robot=robot_ec2b status=success goal_status=REACHED
2026-08-18 18:13:33,855 [sse-robot_status] [web_gui.backend.robots.core] [INFO] [OpHistory] Started: robot=robot_ec2b source=robot_display op_id=7066
2026-08-18 18:14:01,739 [sse-robot_status] [web_gui.backend.robots.core] [INFO] [OpHistory] Completed: robot=robot_ec2b status=success goal_status=REACHED
2026-08-18 18:14:07,343 [sse-robot_status] [web_gui.backend.robots.core] [INFO] [OpHistory] Started: robot=robot_ec2b source=robot_display op_id=7067
2026-08-18 18:14:27,245 [sse-robot_status] [web_gui.backend.robots.core] [INFO] [OpHistory] Completed: robot=robot_ec2b status=success goal_status=REACHED
2026-08-18 18:14:33,345 [sse-robot_status] [web_gui.backend.robots.core] [INFO] [OpHistory] Started: robot=robot_ec2b source=robot_display op_id=7068
2026-08-18 18:14:57,349 [sse-robot_status] [web_gui.backend.robots.core] [INFO] [OpHistory] Completed: robot=robot_ec2b status=success goal_status=REACHED
2026-08-18 18:15:03,355 [sse-robot_status] [web_gui.backend.robots.core] [INFO] [OpHistory] Started: robot=robot_ec2b source=robot_display op_id=7069
2026-08-18 18:15:23,366 [sse-robot_status] [web_gui.backend.robots.core] [INFO] [OpHistory] Completed: robot=robot_ec2b status=success goal_status=REACHED
2026-08-18 18:15:29,344 [sse-robot_status] [web_gui.backend.robots.core] [INFO] [OpHistory] Started: robot=robot_ec2b source=robot_display op_id=7070
2026-08-18 18:15:51,753 [sse-robot_status] [web_gui.backend.robots.core] [INFO] [OpHistory] Completed: robot=robot_ec2b status=success goal_status=REACHED
2026-08-18 18:15:57,310 [sse-robot_status] [web_gui.backend.robots.core] [INFO] [OpHistory] Started: robot=robot_ec2b source=robot_display op_id=7071
2026-08-18 18:16:17,310 [sse-robot_status] [web_gui.backend.robots.core] [INFO] [OpHistory] Completed: robot=robot_ec2b status=success goal_status=REACHED
2026-08-18 18:16:23,303 [sse-robot_status] [web_gui.backend.robots.core] [INFO] [OpHistory] Started: robot=robot_ec2b source=robot_display op_id=7072
2026-08-18 18:16:48,336 [sse-robot_status] [web_gui.backend.robots.core] [INFO] [OpHistory] Completed: robot=robot_ec2b status=success goal_status=REACHED
2026-08-18 18:16:54,298 [sse-robot_status] [web_gui.backend.robots.core] [INFO] [OpHistory] Started: robot=robot_ec2b source=robot_display op_id=7073
2026-08-18 18:17:14,814 [sse-robot_status] [web_gui.backend.robots.core] [INFO] [OpHistory] Completed: robot=robot_ec2b status=success goal_status=REACHED
2026-08-18 18:17:20,255 [sse-robot_status] [web_gui.backend.robots.core] [INFO] [OpHistory] Started: robot=robot_ec2b source=robot_display op_id=7074
2026-08-18 18:17:43,835 [sse-robot_status] [web_gui.backend.robots.core] [INFO] [OpHistory] Completed: robot=robot_ec2b status=success goal_status=REACHED
2026-08-18 18:17:49,371 [sse-robot_status] [web_gui.backend.robots.core] [INFO] [OpHistory] Started: robot=robot_ec2b source=robot_display op_id=7075
2026-08-18 18:18:10,236 [sse-robot_status] [web_gui.backend.robots.core] [INFO] [OpHistory] Completed: robot=robot_ec2b status=success goal_status=REACHED
2026-08-18 18:18:16,332 [sse-robot_status] [web_gui.backend.robots.core] [INFO] [OpHistory] Started: robot=robot_ec2b source=robot_display op_id=7076
2026-08-18 18:18:41,360 [sse-robot_status] [web_gui.backend.robots.core] [INFO] [OpHistory] Completed: robot=robot_ec2b status=success goal_status=REACHED
2026-08-18 18:18:47,304 [sse-robot_status] [web_gui.backend.robots.core] [INFO] [OpHistory] Started: robot=robot_ec2b source=robot_display op_id=7077
2026-08-18 18:19:07,757 [sse-robot_status] [web_gui.backend.robots.core] [INFO] [OpHistory] Completed: robot=robot_ec2b status=success goal_status=REACHED
2026-08-18 18:19:13,309 [sse-robot_status] [web_gui.backend.robots.core] [INFO] [OpHistory] Started: robot=robot_ec2b source=robot_display op_id=7078
2026-08-18 18:19:37,311 [sse-robot_status] [web_gui.backend.robots.core] [INFO] [OpHistory] Completed: robot=robot_ec2b status=success goal_status=REACHED
2026-08-18 18:19:43,323 [sse-robot_status] [web_gui.backend.robots.core] [INFO] [OpHistory] Started: robot=robot_ec2b source=robot_display op_id=7079
2026-08-18 18:20:04,317 [sse-robot_status] [web_gui.backend.robots.core] [INFO] [OpHistory] Completed: robot=robot_ec2b status=success goal_status=REACHED
2026-08-18 18:20:10,246 [sse-robot_status] [web_gui.backend.robots.core] [INFO] [OpHistory] Started: robot=robot_ec2b source=robot_display op_id=7080
2026-08-18 18:20:31,284 [sse-robot_status] [web_gui.backend.robots.core] [INFO] [OpHistory] Completed: robot=robot_ec2b status=success goal_status=REACHED
2026-08-18 18:20:37,292 [sse-robot_status] [web_gui.backend.robots.core] [INFO] [OpHistory] Started: robot=robot_ec2b source=robot_display op_id=7081
2026-08-18 18:20:57,840 [sse-robot_status] [web_gui.backend.robots.core] [INFO] [OpHistory] Completed: robot=robot_ec2b status=success goal_status=REACHED
2026-08-18 18:21:02,808 [sse-robot_status] [web_gui.backend.robots.core] [INFO] [OpHistory] Started: robot=robot_ec2b source=robot_display op_id=7082
2026-08-18 18:21:27,350 [sse-robot_status] [web_gui.backend.robots.core] [INFO] [OpHistory] Completed: robot=robot_ec2b status=success goal_status=REACHED
2026-08-18 18:21:32,831 [sse-robot_status] [web_gui.backend.robots.core] [INFO] [OpHistory] Started: robot=robot_ec2b source=robot_display op_id=7083
2026-08-18 18:21:52,793 [sse-robot_status] [web_gui.backend.robots.core] [INFO] [OpHistory] Completed: robot=robot_ec2b status=success goal_status=REACHED
2026-08-18 18:21:58,782 [sse-robot_status] [web_gui.backend.robots.core] [INFO] [OpHistory] Started: robot=robot_ec2b source=robot_display op_id=7084
2026-08-18 18:22:24,844 [sse-robot_status] [web_gui.backend.robots.core] [INFO] [OpHistory] Completed: robot=robot_ec2b status=success goal_status=REACHED
2026-08-18 18:22:30,799 [sse-robot_status] [web_gui.backend.robots.core] [INFO] [OpHistory] Started: robot=robot_ec2b source=robot_display op_id=7085
2026-08-18 18:22:51,869 [sse-robot_status] [web_gui.backend.robots.core] [INFO] [OpHistory] Completed: robot=robot_ec2b status=success goal_status=REACHED
2026-08-18 18:22:57,810 [sse-robot_status] [web_gui.backend.robots.core] [INFO] [OpHistory] Started: robot=robot_ec2b source=robot_display op_id=7086
2026-08-18 18:23:21,255 [sse-robot_status] [web_gui.backend.robots.core] [INFO] [OpHistory] Completed: robot=robot_ec2b status=success goal_status=REACHED
2026-08-18 18:23:26,777 [sse-robot_status] [web_gui.backend.robots.core] [INFO] [OpHistory] Started: robot=robot_ec2b source=robot_display op_id=7087
2026-08-18 18:23:47,801 [sse-robot_status] [web_gui.backend.robots.core] [INFO] [OpHistory] Completed: robot=robot_ec2b status=success goal_status=REACHED
2026-08-18 18:23:53,750 [sse-robot_status] [web_gui.backend.robots.core] [INFO] [OpHistory] Started: robot=robot_ec2b source=robot_display op_id=7088
2026-08-18 18:24:15,775 [sse-robot_status] [web_gui.backend.robots.core] [INFO] [OpHistory] Completed: robot=robot_ec2b status=success goal_status=REACHED
2026-08-18 18:24:21,360 [sse-robot_status] [web_gui.backend.robots.core] [INFO] [OpHistory] Started: robot=robot_ec2b source=robot_display op_id=7089
2026-08-18 18:24:41,835 [sse-robot_status] [web_gui.backend.robots.core] [INFO] [OpHistory] Completed: robot=robot_ec2b status=success goal_status=REACHED
2026-08-18 18:24:47,311 [sse-robot_status] [web_gui.backend.robots.core] [INFO] [OpHistory] Started: robot=robot_ec2b source=robot_display op_id=7090
2026-08-18 18:25:13,333 [sse-robot_status] [web_gui.backend.robots.core] [INFO] [OpHistory] Completed: robot=robot_ec2b status=success goal_status=REACHED
2026-08-18 18:25:19,307 [sse-robot_status] [web_gui.backend.robots.core] [INFO] [OpHistory] Started: robot=robot_ec2b source=robot_display op_id=7091
2026-08-18 18:25:39,779 [sse-robot_status] [web_gui.backend.robots.core] [INFO] [OpHistory] Completed: robot=robot_ec2b status=success goal_status=REACHED
2026-08-18 18:25:45,347 [sse-robot_status] [web_gui.backend.robots.core] [INFO] [OpHistory] Started: robot=robot_ec2b source=robot_display op_id=7092
2026-08-18 18:26:07,830 [sse-robot_status] [web_gui.backend.robots.core] [INFO] [OpHistory] Completed: robot=robot_ec2b status=success goal_status=REACHED
2026-08-18 18:26:13,311 [sse-robot_status] [web_gui.backend.robots.core] [INFO] [OpHistory] Started: robot=robot_ec2b source=robot_display op_id=7093
2026-08-18 18:26:33,871 [sse-robot_status] [web_gui.backend.robots.core] [INFO] [OpHistory] Completed: robot=robot_ec2b status=success goal_status=REACHED
2026-08-18 18:26:39,270 [sse-robot_status] [web_gui.backend.robots.core] [INFO] [OpHistory] Started: robot=robot_ec2b source=robot_display op_id=7094
2026-08-18 18:27:06,282 [ThreadPoolExecutor-1_1] [web_gui.backend.robots.ops] [INFO] ROS2 path topic subscribers ready for /robot_ec2b/plan
2026-08-18 18:27:06,516 [sse-robot_status] [web_gui.backend.robots.core] [INFO] [OpHistory] Completed: robot=robot_ec2b status=success goal_status=REACHED
2026-08-18 18:27:06,629 [ThreadPoolExecutor-1_1] [web_gui.backend.robots.ops] [INFO] ROS2 path topic subscribers stopped
2026-08-18 18:27:11,739 [ThreadPoolExecutor-1_0] [web_gui.backend.robots.ops] [INFO] ROS2 path topic subscribers ready for /robot_ec2b/plan
2026-08-18 18:27:12,454 [sse-robot_status] [web_gui.backend.robots.core] [INFO] [OpHistory] Started: robot=robot_ec2b source=robot_display op_id=7095
2026-08-18 18:27:32,872 [sse-robot_status] [web_gui.backend.robots.core] [INFO] [OpHistory] Completed: robot=robot_ec2b status=success goal_status=REACHED
2026-08-18 18:27:32,878 [ThreadPoolExecutor-1_0] [web_gui.backend.robots.ops] [INFO] ROS2 path topic subscribers stopped
2026-08-18 18:27:37,852 [ThreadPoolExecutor-1_2] [web_gui.backend.robots.ops] [INFO] ROS2 path topic subscribers ready for /robot_ec2b/plan
2026-08-18 18:27:38,335 [sse-robot_status] [web_gui.backend.robots.core] [INFO] [OpHistory] Started: robot=robot_ec2b source=robot_display op_id=7096
2026-08-18 18:28:06,586 [sse-robot_status] [web_gui.backend.robots.core] [INFO] [OpHistory] Completed: robot=robot_ec2b status=success goal_status=REACHED
2026-08-18 18:28:06,618 [ThreadPoolExecutor-1_1] [web_gui.backend.robots.ops] [INFO] ROS2 path topic subscribers stopped
2026-08-18 18:28:11,788 [ThreadPoolExecutor-1_0] [web_gui.backend.robots.ops] [INFO] ROS2 path topic subscribers ready for /robot_ec2b/plan
2026-08-18 18:28:12,377 [sse-robot_status] [web_gui.backend.robots.core] [INFO] [OpHistory] Started: robot=robot_ec2b source=robot_display op_id=7097
2026-08-18 18:28:32,870 [sse-robot_status] [web_gui.backend.robots.core] [INFO] [OpHistory] Completed: robot=robot_ec2b status=success goal_status=REACHED
2026-08-18 18:28:32,877 [ThreadPoolExecutor-1_1] [web_gui.backend.robots.ops] [INFO] ROS2 path topic subscribers stopped
2026-08-18 18:28:37,852 [ThreadPoolExecutor-1_0] [web_gui.backend.robots.ops] [INFO] ROS2 path topic subscribers ready for /robot_ec2b/plan
2026-08-18 18:28:38,331 [sse-robot_status] [web_gui.backend.robots.core] [INFO] [OpHistory] Started: robot=robot_ec2b source=robot_display op_id=7098
2026-08-18 18:28:51,425 [flask-wsgi_3] [web_gui.backend.robots.inventory] [ERROR] [RobotManager] Fetch robots_home_pose error: ('Connection aborted.', RemoteDisconnected('Remote end closed connection without response'))
2026-08-18 18:29:05,386 [sse-robot_status] [web_gui.backend.robots.core] [INFO] [OpHistory] Completed: robot=robot_ec2b status=success goal_status=REACHED
2026-08-18 18:29:05,402 [ThreadPoolExecutor-1_1] [web_gui.backend.robots.ops] [INFO] ROS2 path topic subscribers stopped
2026-08-18 18:29:10,902 [ThreadPoolExecutor-1_2] [web_gui.backend.robots.ops] [INFO] ROS2 path topic subscribers ready for /robot_ec2b/plan
2026-08-18 18:29:11,326 [sse-robot_status] [web_gui.backend.robots.core] [INFO] [OpHistory] Started: robot=robot_ec2b source=robot_display op_id=7099
2026-08-18 18:29:32,280 [sse-robot_status] [web_gui.backend.robots.core] [INFO] [OpHistory] Completed: robot=robot_ec2b status=success goal_status=REACHED
2026-08-18 18:29:32,287 [ThreadPoolExecutor-1_1] [web_gui.backend.robots.ops] [INFO] ROS2 path topic subscribers stopped
2026-08-18 18:29:37,811 [ThreadPoolExecutor-1_2] [web_gui.backend.robots.ops] [INFO] ROS2 path topic subscribers ready for /robot_ec2b/plan
2026-08-18 18:29:38,530 [sse-robot_status] [web_gui.backend.robots.core] [INFO] [OpHistory] Started: robot=robot_ec2b source=robot_display op_id=7100
2026-08-18 18:30:04,869 [sse-robot_status] [web_gui.backend.robots.core] [INFO] [OpHistory] Completed: robot=robot_ec2b status=success goal_status=REACHED
2026-08-18 18:30:04,878 [ThreadPoolExecutor-1_1] [web_gui.backend.robots.ops] [INFO] ROS2 path topic subscribers stopped
2026-08-18 18:30:09,766 [ThreadPoolExecutor-1_2] [web_gui.backend.robots.ops] [INFO] ROS2 path topic subscribers ready for /robot_ec2b/plan
2026-08-18 18:30:10,387 [sse-robot_status] [web_gui.backend.robots.core] [INFO] [OpHistory] Started: robot=robot_ec2b source=robot_display op_id=7101
2026-08-18 18:30:30,321 [sse-robot_status] [web_gui.backend.robots.core] [INFO] [OpHistory] Completed: robot=robot_ec2b status=success goal_status=REACHED
2026-08-18 18:30:30,329 [ThreadPoolExecutor-1_0] [web_gui.backend.robots.ops] [INFO] ROS2 path topic subscribers stopped
2026-08-18 18:30:35,841 [ThreadPoolExecutor-1_2] [web_gui.backend.robots.ops] [INFO] ROS2 path topic subscribers ready for /robot_ec2b/plan
2026-08-18 18:30:36,264 [sse-robot_status] [web_gui.backend.robots.core] [INFO] [OpHistory] Started: robot=robot_ec2b source=robot_display op_id=7102
2026-08-18 18:31:00,880 [sse-robot_status] [web_gui.backend.robots.core] [INFO] [OpHistory] Completed: robot=robot_ec2b status=success goal_status=REACHED
2026-08-18 18:31:00,890 [ThreadPoolExecutor-1_2] [web_gui.backend.robots.ops] [INFO] ROS2 path topic subscribers stopped
2026-08-18 18:31:06,818 [ThreadPoolExecutor-1_0] [web_gui.backend.robots.ops] [INFO] ROS2 path topic subscribers ready for /robot_ec2b/plan
2026-08-18 18:31:07,372 [sse-robot_status] [web_gui.backend.robots.core] [INFO] [OpHistory] Started: robot=robot_ec2b source=robot_display op_id=7103
2026-08-18 18:31:27,819 [sse-robot_status] [web_gui.backend.robots.core] [INFO] [OpHistory] Completed: robot=robot_ec2b status=success goal_status=REACHED
2026-08-18 18:31:27,827 [ThreadPoolExecutor-1_0] [web_gui.backend.robots.ops] [INFO] ROS2 path topic subscribers stopped
2026-08-18 18:31:33,798 [ThreadPoolExecutor-1_0] [web_gui.backend.robots.ops] [INFO] ROS2 path topic subscribers ready for /robot_ec2b/plan
2026-08-18 18:31:34,342 [sse-robot_status] [web_gui.backend.robots.core] [INFO] [OpHistory] Started: robot=robot_ec2b source=robot_display op_id=7104
2026-08-18 18:31:59,362 [sse-robot_status] [web_gui.backend.robots.core] [INFO] [OpHistory] Completed: robot=robot_ec2b status=success goal_status=REACHED
2026-08-18 18:31:59,371 [ThreadPoolExecutor-1_1] [web_gui.backend.robots.ops] [INFO] ROS2 path topic subscribers stopped
2026-08-18 18:32:04,898 [sse-robot_status] [web_gui.backend.robots.core] [INFO] [OpHistory] Started: robot=robot_ec2b source=robot_display op_id=7105
2026-08-18 18:32:04,945 [ThreadPoolExecutor-1_0] [web_gui.backend.robots.ops] [INFO] ROS2 path topic subscribers ready for /robot_ec2b/plan
2026-08-18 18:32:19,294 [ThreadPoolExecutor-1_1] [web_gui.backend.robots.ops] [INFO] ROS2 path topic subscribers stopped
2026-08-18 18:32:25,341 [sse-robot_status] [web_gui.backend.robots.core] [INFO] [OpHistory] Completed: robot=robot_ec2b status=success goal_status=REACHED
2026-08-18 18:32:30,779 [sse-robot_status] [web_gui.backend.robots.core] [INFO] [OpHistory] Started: robot=robot_ec2b source=robot_display op_id=7106
2026-08-18 18:33:00,368 [sse-robot_status] [web_gui.backend.robots.core] [INFO] [OpHistory] Completed: robot=robot_ec2b status=success goal_status=REACHED
2026-08-18 18:33:05,749 [sse-robot_status] [web_gui.backend.robots.core] [INFO] [OpHistory] Started: robot=robot_ec2b source=robot_display op_id=7107
2026-08-18 18:33:26,293 [sse-robot_status] [web_gui.backend.robots.core] [INFO] [OpHistory] Completed: robot=robot_ec2b status=success goal_status=REACHED
2026-08-18 18:33:31,828 [sse-robot_status] [web_gui.backend.robots.core] [INFO] [OpHistory] Started: robot=robot_ec2b source=robot_display op_id=7108
2026-08-18 18:33:56,323 [sse-robot_status] [web_gui.backend.robots.core] [INFO] [OpHistory] Completed: robot=robot_ec2b status=success goal_status=REACHED
2026-08-18 18:34:01,834 [sse-robot_status] [web_gui.backend.robots.core] [INFO] [OpHistory] Started: robot=robot_ec2b source=robot_display op_id=7109
2026-08-18 18:34:22,327 [sse-robot_status] [web_gui.backend.robots.core] [INFO] [OpHistory] Completed: robot=robot_ec2b status=success goal_status=REACHED
2026-08-18 18:34:27,838 [sse-robot_status] [web_gui.backend.robots.core] [INFO] [OpHistory] Started: robot=robot_ec2b source=robot_display op_id=7110
2026-08-18 18:34:51,366 [sse-robot_status] [web_gui.backend.robots.core] [INFO] [OpHistory] Completed: robot=robot_ec2b status=success goal_status=REACHED
2026-08-18 18:34:56,796 [sse-robot_status] [web_gui.backend.robots.core] [INFO] [OpHistory] Started: robot=robot_ec2b source=robot_display op_id=7111
2026-08-18 18:35:17,414 [sse-robot_status] [web_gui.backend.robots.core] [INFO] [OpHistory] Completed: robot=robot_ec2b status=success goal_status=REACHED
2026-08-18 18:35:23,012 [sse-robot_status] [web_gui.backend.robots.core] [INFO] [OpHistory] Started: robot=robot_ec2b source=robot_display op_id=7112
2026-08-18 18:35:46,372 [sse-robot_status] [web_gui.backend.robots.core] [INFO] [OpHistory] Completed: robot=robot_ec2b status=success goal_status=REACHED
2026-08-18 18:35:52,758 [sse-robot_status] [web_gui.backend.robots.core] [INFO] [OpHistory] Started: robot=robot_ec2b source=robot_display op_id=7113
