Timestamp,Topic,Data
2026-08-21 10:20:49.305,version_info,"beluga:3e8d6d51c(clean); costmap_clearer:9480b38(dirty); fleet_role_manager:0d833a3(dirty); map_sync:dc572f7(dirty); mcl_pose_obstacle_layer:18fe9f6(clean); md_pkg:eb64347(dirty); mobile_robot_master_bridge:46f0112(dirty); mobile_robot_speed_tuner:b4c7396(dirty); multi_control_systam:0435860(dirty); nav2_preferred_path:22687cd(clean); polygon_keepout_layer:117166b(dirty); power_manager:2ed606a(dirty); relocalization_manager:8a728dd(dirty); robot_navigation_pkg:92defc5(dirty); robot_rest_bridge:92822d1(dirty); robot_state_checker:aa990fe(dirty); spatio_temporal_voxel_layer:92896fe(dirty); system_health_monitor:1f19d65(dirty)"
2026-08-21 10:20:51.543,battery/status,"100.000000%"
2026-08-21 10:20:51.543,robot_status,"ROBOT_STANDBY"
2026-08-21 10:20:51.543,particle_cloud,"count:800, spread:0.280652"
2026-08-21 10:20:51.544,odometry/filtered,"x:0.000000, y:0.000000, yaw:0.000000, cov_xx:0.001914, cov_yy:0.002022"
2026-08-21 10:20:51.544,safety/left_bumper,"FALSE"
2026-08-21 10:20:51.544,safety/right_bumper,"FALSE"
2026-08-21 10:20:51.544,safety/emergency_button,"FALSE"
2026-08-21 10:20:51.544,safety/suction_switch,"FALSE"
2026-08-21 10:20:51.544,rated_current_left,"0.000000"
2026-08-21 10:20:51.544,rated_current_right,"0.000000"
2026-08-21 10:20:51.645,battery/status,"100.000000%"
2026-08-21 10:20:51.645,robot_status,"ROBOT_STANDBY"
2026-08-21 10:20:51.645,particle_cloud,"count:800, spread:0.283937"
2026-08-21 10:20:51.646,odometry/filtered,"x:0.000000, y:0.000000, yaw:0.000000, cov_xx:0.001948, cov_yy:0.002060"
2026-08-21 10:20:51.646,safety/left_bumper,"FALSE"
2026-08-21 10:20:51.646,safety/right_bumper,"FALSE"
2026-08-21 10:20:51.646,safety/emergency_button,"FALSE"
2026-08-21 10:20:51.646,safety/suction_switch,"FALSE"
2026-08-21 10:20:51.646,rated_current_left,"0.000000"
2026-08-21 10:20:51.646,rated_current_right,"0.000000"
2026-08-21 10:20:51.747,battery/status,"100.000000%"
2026-08-21 10:20:51.747,robot_status,"ROBOT_STANDBY"
2026-08-21 10:20:51.747,particle_cloud,"count:800, spread:0.292603"
2026-08-21 10:20:51.747,odometry/filtered,"x:0.000000, y:0.000000, yaw:0.000000, cov_xx:0.001936, cov_yy:0.002047"
2026-08-21 10:20:51.747,safety/left_bumper,"FALSE"
2026-08-21 10:20:51.747,safety/right_bumper,"FALSE"
2026-08-21 10:20:51.747,safety/emergency_button,"FALSE"
2026-08-21 10:20:51.747,safety/suction_switch,"FALSE"
2026-08-21 10:20:51.747,rated_current_left,"0.000000"
2026-08-21 10:20:51.747,rated_current_right,"0.000000"
2026-08-21 10:20:51.848,battery/status,"100.000000%"
2026-08-21 10:20:51.848,robot_status,"ROBOT_STANDBY"
2026-08-21 10:20:51.848,particle_cloud,"count:800, spread:0.285515"
2026-08-21 10:20:51.849,odometry/filtered,"x:0.000000, y:0.000000, yaw:0.000000, cov_xx:0.001950, cov_yy:0.002061"
2026-08-21 10:20:51.849,safety/left_bumper,"FALSE"
2026-08-21 10:20:51.849,safety/right_bumper,"FALSE"
2026-08-21 10:20:51.849,safety/emergency_button,"FALSE"
2026-08-21 10:20:51.849,safety/suction_switch,"FALSE"
2026-08-21 10:20:51.849,rated_current_left,"0.000000"
2026-08-21 10:20:51.849,rated_current_right,"0.000000"
2026-08-21 10:20:51.950,battery/status,"100.000000%"
2026-08-21 10:20:51.950,robot_status,"ROBOT_STANDBY"
2026-08-21 10:20:51.950,particle_cloud,"count:800, spread:0.283385"
2026-08-21 10:20:51.950,odometry/filtered,"x:0.000000, y:0.000000, yaw:0.000000, cov_xx:0.001928, cov_yy:0.002037"
2026-08-21 10:20:51.951,safety/left_bumper,"FALSE"
2026-08-21 10:20:51.951,safety/right_bumper,"FALSE"
2026-08-21 10:20:51.951,safety/emergency_button,"FALSE"
2026-08-21 10:20:51.951,safety/suction_switch,"FALSE"
2026-08-21 10:20:51.951,rated_current_left,"0.000000"
2026-08-21 10:20:51.951,rated_current_right,"0.000000"
2026-08-21 10:20:52.052,battery/status,"100.000000%"
2026-08-21 10:20:52.052,particle_cloud,"count:800, spread:0.286491"
2026-08-21 10:20:52.052,odometry/filtered,"x:0.000000, y:0.000000, yaw:0.000000, cov_xx:0.001927, cov_yy:0.002036"
2026-08-21 10:20:52.052,safety/left_bumper,"FALSE"
2026-08-21 10:20:52.052,safety/right_bumper,"FALSE"
2026-08-21 10:20:52.052,safety/emergency_button,"FALSE"
2026-08-21 10:20:52.052,safety/suction_switch,"FALSE"
2026-08-21 10:20:52.053,rated_current_left,"0.000000"
2026-08-21 10:20:52.053,rated_current_right,"0.000000"
2026-08-21 10:20:52.154,battery/status,"100.000000%"
2026-08-21 10:20:52.154,particle_cloud,"count:800, spread:0.289318"
2026-08-21 10:20:52.154,odometry/filtered,"x:0.000000, y:0.000000, yaw:0.000000, cov_xx:0.001947, cov_yy:0.002059"
2026-08-21 10:20:52.154,safety/left_bumper,"FALSE"
2026-08-21 10:20:52.154,safety/right_bumper,"FALSE"
2026-08-21 10:20:52.154,safety/emergency_button,"FALSE"
2026-08-21 10:20:52.154,safety/suction_switch,"FALSE"
2026-08-21 10:20:52.154,rated_current_left,"0.000000"
2026-08-21 10:20:52.155,rated_current_right,"0.000000"
2026-08-21 10:20:52.255,battery/status,"100.000000%"
2026-08-21 10:20:52.256,particle_cloud,"count:800, spread:0.294791"
2026-08-21 10:20:52.256,odometry/filtered,"x:0.000000, y:0.000000, yaw:0.000000, cov_xx:0.001911, cov_yy:0.002019"
2026-08-21 10:20:52.256,safety/left_bumper,"FALSE"
2026-08-21 10:20:52.256,safety/right_bumper,"FALSE"
2026-08-21 10:20:52.256,safety/emergency_button,"FALSE"
2026-08-21 10:20:52.256,safety/suction_switch,"FALSE"
2026-08-21 10:20:52.256,rated_current_left,"0.000000"
2026-08-21 10:20:52.256,rated_current_right,"0.000000"
2026-08-21 10:20:52.357,battery/status,"100.000000%"
2026-08-21 10:20:52.357,robot_status,"ROBOT_STANDBY"
2026-08-21 10:20:52.358,particle_cloud,"count:800, spread:0.287369"
2026-08-21 10:20:52.358,odometry/filtered,"x:0.000000, y:0.000000, yaw:0.000000, cov_xx:0.001932, cov_yy:0.002042"
2026-08-21 10:20:52.358,safety/left_bumper,"FALSE"
2026-08-21 10:20:52.358,safety/right_bumper,"FALSE"
2026-08-21 10:20:52.358,safety/emergency_button,"FALSE"
2026-08-21 10:20:52.358,safety/suction_switch,"FALSE"
2026-08-21 10:20:52.358,rated_current_left,"0.000000"
2026-08-21 10:20:52.358,rated_current_right,"0.000000"
2026-08-21 10:20:52.459,battery/status,"100.000000%"
2026-08-21 10:20:52.459,particle_cloud,"count:800, spread:0.285552"
2026-08-21 10:20:52.459,odometry/filtered,"x:0.000000, y:0.000000, yaw:0.000000, cov_xx:0.001932, cov_yy:0.002043"
2026-08-21 10:20:52.459,safety/left_bumper,"FALSE"
2026-08-21 10:20:52.459,safety/right_bumper,"FALSE"
2026-08-21 10:20:52.459,safety/emergency_button,"FALSE"
2026-08-21 10:20:52.459,safety/suction_switch,"FALSE"
2026-08-21 10:20:52.459,rated_current_left,"0.000000"
2026-08-21 10:20:52.459,rated_current_right,"0.000000"
2026-08-21 10:20:52.560,battery/status,"100.000000%"
2026-08-21 10:20:52.560,odometry/filtered,"x:0.000000, y:0.000000, yaw:0.000000, cov_xx:0.001933, cov_yy:0.002043"
2026-08-21 10:20:52.560,safety/left_bumper,"FALSE"
2026-08-21 10:20:52.560,safety/right_bumper,"FALSE"
2026-08-21 10:20:52.561,safety/emergency_button,"FALSE"
2026-08-21 10:20:52.561,safety/suction_switch,"FALSE"
2026-08-21 10:20:52.561,rated_current_left,"0.000000"
2026-08-21 10:20:52.561,rated_current_right,"0.000000"
2026-08-21 10:20:52.661,battery/status,"100.000000%"
2026-08-21 10:20:52.662,particle_cloud,"count:800, spread:0.279560"
2026-08-21 10:20:52.662,odometry/filtered,"x:0.000000, y:0.000000, yaw:0.000000, cov_xx:0.001906, cov_yy:0.002012"
2026-08-21 10:20:52.662,safety/left_bumper,"FALSE"
2026-08-21 10:20:52.662,safety/right_bumper,"FALSE"
2026-08-21 10:20:52.662,safety/emergency_button,"FALSE"
2026-08-21 10:20:52.662,safety/suction_switch,"FALSE"
2026-08-21 10:20:52.662,rated_current_left,"0.000000"
2026-08-21 10:20:52.662,rated_current_right,"0.000000"
2026-08-21 10:20:52.762,battery/status,"100.000000%"
2026-08-21 10:20:52.763,odometry/filtered,"x:0.000000, y:0.000000, yaw:0.000000, cov_xx:0.001925, cov_yy:0.002034"
2026-08-21 10:20:52.763,safety/left_bumper,"FALSE"
2026-08-21 10:20:52.763,safety/right_bumper,"FALSE"
2026-08-21 10:20:52.763,safety/emergency_button,"FALSE"
2026-08-21 10:20:52.763,safety/suction_switch,"FALSE"
2026-08-21 10:20:52.763,rated_current_left,"0.000000"
2026-08-21 10:20:52.763,rated_current_right,"0.000000"
2026-08-21 10:20:52.863,battery/status,"100.000000%"
2026-08-21 10:20:52.864,robot_status,"ROBOT_STANDBY"
2026-08-21 10:20:52.864,particle_cloud,"count:800, spread:0.284322"
2026-08-21 10:20:52.864,odometry/filtered,"x:0.000000, y:0.000000, yaw:0.000000, cov_xx:0.001934, cov_yy:0.002044"
2026-08-21 10:20:52.864,safety/left_bumper,"FALSE"
2026-08-21 10:20:52.864,safety/right_bumper,"FALSE"
2026-08-21 10:20:52.864,safety/emergency_button,"FALSE"
2026-08-21 10:20:52.864,safety/suction_switch,"FALSE"
2026-08-21 10:20:52.864,rated_current_left,"0.000000"
2026-08-21 10:20:52.864,rated_current_right,"0.000000"
2026-08-21 10:20:52.965,battery/status,"100.000000%"
2026-08-21 10:20:52.965,odometry/filtered,"x:0.000000, y:0.000000, yaw:0.000000, cov_xx:0.001913, cov_yy:0.002021"
2026-08-21 10:20:52.965,safety/left_bumper,"FALSE"
2026-08-21 10:20:52.965,safety/right_bumper,"FALSE"
2026-08-21 10:20:52.965,safety/emergency_button,"FALSE"
2026-08-21 10:20:52.965,safety/suction_switch,"FALSE"
2026-08-21 10:20:52.965,rated_current_left,"0.000000"
2026-08-21 10:20:52.965,rated_current_right,"0.000000"
2026-08-21 10:20:53.066,battery/status,"100.000000%"
2026-08-21 10:20:53.066,particle_cloud,"count:800, spread:0.280572"
2026-08-21 10:20:53.066,odometry/filtered,"x:0.000000, y:0.000000, yaw:0.000000, cov_xx:0.001884, cov_yy:0.001988"
2026-08-21 10:20:53.066,safety/left_bumper,"FALSE"
2026-08-21 10:20:53.066,safety/right_bumper,"FALSE"
2026-08-21 10:20:53.066,safety/emergency_button,"FALSE"
2026-08-21 10:20:53.066,safety/suction_switch,"FALSE"
2026-08-21 10:20:53.066,rated_current_left,"0.000000"
2026-08-21 10:20:53.066,rated_current_right,"0.000000"
2026-08-21 10:20:53.167,battery/status,"100.000000%"
2026-08-21 10:20:53.167,odometry/filtered,"x:0.000000, y:0.000000, yaw:0.000000, cov_xx:0.001941, cov_yy:0.002052"
2026-08-21 10:20:53.167,safety/left_bumper,"FALSE"
2026-08-21 10:20:53.167,safety/right_bumper,"FALSE"
2026-08-21 10:20:53.167,safety/emergency_button,"FALSE"
2026-08-21 10:20:53.167,safety/suction_switch,"FALSE"
2026-08-21 10:20:53.167,rated_current_left,"0.000000"
2026-08-21 10:20:53.167,rated_current_right,"0.000000"
2026-08-21 10:20:53.268,battery/status,"100.000000%"
2026-08-21 10:20:53.268,particle_cloud,"count:800, spread:0.278518"
2026-08-21 10:20:53.268,odometry/filtered,"x:0.000000, y:0.000000, yaw:0.000000, cov_xx:0.001914, cov_yy:0.002022"
2026-08-21 10:20:53.268,safety/left_bumper,"FALSE"
2026-08-21 10:20:53.268,safety/right_bumper,"FALSE"
2026-08-21 10:20:53.268,safety/emergency_button,"FALSE"
2026-08-21 10:20:53.268,safety/suction_switch,"FALSE"
2026-08-21 10:20:53.268,rated_current_left,"0.000000"
2026-08-21 10:20:53.268,rated_current_right,"0.000000"
2026-08-21 10:20:53.369,battery/status,"100.000000%"
2026-08-21 10:20:53.369,robot_status,"ROBOT_STANDBY"
2026-08-21 10:20:53.369,odometry/filtered,"x:0.000000, y:0.000000, yaw:0.000000, cov_xx:0.001931, cov_yy:0.002041"
2026-08-21 10:20:53.369,safety/left_bumper,"FALSE"
2026-08-21 10:20:53.369,safety/right_bumper,"FALSE"
2026-08-21 10:20:53.369,safety/emergency_button,"FALSE"
2026-08-21 10:20:53.369,safety/suction_switch,"FALSE"
2026-08-21 10:20:53.369,rated_current_left,"0.000000"
2026-08-21 10:20:53.369,rated_current_right,"0.000000"
2026-08-21 10:20:53.470,battery/status,"100.000000%"
2026-08-21 10:20:53.470,particle_cloud,"count:800, spread:0.289978"
2026-08-21 10:20:53.470,odometry/filtered,"x:0.000000, y:0.000000, yaw:0.000000, cov_xx:0.001948, cov_yy:0.002060"
2026-08-21 10:20:53.470,safety/left_bumper,"FALSE"
2026-08-21 10:20:53.470,safety/right_bumper,"FALSE"
2026-08-21 10:20:53.470,safety/emergency_button,"FALSE"
2026-08-21 10:20:53.470,safety/suction_switch,"FALSE"
2026-08-21 10:20:53.470,rated_current_left,"0.000000"
2026-08-21 10:20:53.471,rated_current_right,"0.000000"
2026-08-21 10:20:53.571,battery/status,"100.000000%"
2026-08-21 10:20:53.571,odometry/filtered,"x:0.000000, y:0.000000, yaw:0.000000, cov_xx:0.001952, cov_yy:0.002064"
2026-08-21 10:20:53.571,safety/left_bumper,"FALSE"
2026-08-21 10:20:53.571,safety/right_bumper,"FALSE"
2026-08-21 10:20:53.571,safety/emergency_button,"FALSE"
2026-08-21 10:20:53.571,safety/suction_switch,"FALSE"
2026-08-21 10:20:53.572,rated_current_left,"0.000000"
2026-08-21 10:20:53.572,rated_current_right,"0.000000"
2026-08-21 10:20:53.672,battery/status,"100.000000%"
2026-08-21 10:20:53.672,particle_cloud,"count:800, spread:0.286585"
2026-08-21 10:20:53.672,odometry/filtered,"x:0.000000, y:0.000000, yaw:0.000000, cov_xx:0.001945, cov_yy:0.002056"
2026-08-21 10:20:53.673,safety/left_bumper,"FALSE"
2026-08-21 10:20:53.673,safety/right_bumper,"FALSE"
2026-08-21 10:20:53.673,safety/emergency_button,"FALSE"
2026-08-21 10:20:53.673,safety/suction_switch,"FALSE"
2026-08-21 10:20:53.673,rated_current_left,"0.000000"
2026-08-21 10:20:53.673,rated_current_right,"0.000000"
2026-08-21 10:20:53.773,battery/status,"100.000000%"
2026-08-21 10:20:53.774,odometry/filtered,"x:0.000000, y:0.000000, yaw:0.000000, cov_xx:0.001904, cov_yy:0.002011"
2026-08-21 10:20:53.774,safety/left_bumper,"FALSE"
2026-08-21 10:20:53.774,safety/right_bumper,"FALSE"
2026-08-21 10:20:53.774,safety/emergency_button,"FALSE"
2026-08-21 10:20:53.774,safety/suction_switch,"FALSE"
2026-08-21 10:20:53.774,rated_current_left,"0.000000"
2026-08-21 10:20:53.774,rated_current_right,"0.000000"
2026-08-21 10:20:53.874,battery/status,"100.000000%"
2026-08-21 10:20:53.874,robot_status,"ROBOT_STANDBY"
2026-08-21 10:20:53.875,particle_cloud,"count:800, spread:0.283565"
2026-08-21 10:20:53.875,odometry/filtered,"x:0.000000, y:0.000000, yaw:0.000000, cov_xx:0.001935, cov_yy:0.002045"
2026-08-21 10:20:53.875,safety/left_bumper,"FALSE"
2026-08-21 10:20:53.875,safety/right_bumper,"FALSE"
2026-08-21 10:20:53.875,safety/emergency_button,"FALSE"
2026-08-21 10:20:53.875,safety/suction_switch,"FALSE"
2026-08-21 10:20:53.875,rated_current_left,"0.000000"
2026-08-21 10:20:53.875,rated_current_right,"0.000000"
2026-08-21 10:20:53.976,battery/status,"100.000000%"
2026-08-21 10:20:53.976,odometry/filtered,"x:0.000000, y:0.000000, yaw:0.000000, cov_xx:0.001915, cov_yy:0.002024"
2026-08-21 10:20:53.976,safety/left_bumper,"FALSE"
2026-08-21 10:20:53.976,safety/right_bumper,"FALSE"
2026-08-21 10:20:53.976,safety/emergency_button,"FALSE"
2026-08-21 10:20:53.976,safety/suction_switch,"FALSE"
2026-08-21 10:20:53.976,rated_current_left,"0.000000"
2026-08-21 10:20:53.976,rated_current_right,"0.000000"
2026-08-21 10:20:54.077,battery/status,"100.000000%"
2026-08-21 10:20:54.077,particle_cloud,"count:800, spread:0.280397"
2026-08-21 10:20:54.077,odometry/filtered,"x:0.000000, y:0.000000, yaw:0.000000, cov_xx:0.001939, cov_yy:0.002049"
2026-08-21 10:20:54.077,safety/left_bumper,"FALSE"
2026-08-21 10:20:54.077,safety/right_bumper,"FALSE"
2026-08-21 10:20:54.077,safety/emergency_button,"FALSE"
2026-08-21 10:20:54.077,safety/suction_switch,"FALSE"
2026-08-21 10:20:54.077,rated_current_left,"0.000000"
2026-08-21 10:20:54.077,rated_current_right,"0.000000"
2026-08-21 10:20:54.178,battery/status,"100.000000%"
2026-08-21 10:20:54.178,odometry/filtered,"x:0.000000, y:0.000000, yaw:0.000000, cov_xx:0.001935, cov_yy:0.002045"
2026-08-21 10:20:54.178,safety/left_bumper,"FALSE"
2026-08-21 10:20:54.178,safety/right_bumper,"FALSE"
2026-08-21 10:20:54.178,safety/emergency_button,"FALSE"
2026-08-21 10:20:54.178,safety/suction_switch,"FALSE"
2026-08-21 10:20:54.178,rated_current_left,"0.000000"
2026-08-21 10:20:54.178,rated_current_right,"0.000000"
2026-08-21 10:20:54.279,battery/status,"100.000000%"
2026-08-21 10:20:54.279,particle_cloud,"count:800, spread:0.276940"
2026-08-21 10:20:54.279,odometry/filtered,"x:0.000000, y:0.000000, yaw:0.000000, cov_xx:0.001912, cov_yy:0.002020"
2026-08-21 10:20:54.279,safety/left_bumper,"FALSE"
2026-08-21 10:20:54.279,safety/right_bumper,"FALSE"
2026-08-21 10:20:54.279,safety/emergency_button,"FALSE"
2026-08-21 10:20:54.279,safety/suction_switch,"FALSE"
2026-08-21 10:20:54.280,rated_current_left,"0.000000"
2026-08-21 10:20:54.280,rated_current_right,"0.000000"
2026-08-21 10:20:54.380,battery/status,"100.000000%"
2026-08-21 10:20:54.380,robot_status,"ROBOT_STANDBY"
2026-08-21 10:20:54.381,odometry/filtered,"x:0.000000, y:0.000000, yaw:0.000000, cov_xx:0.001921, cov_yy:0.002030"
2026-08-21 10:20:54.381,safety/left_bumper,"FALSE"
2026-08-21 10:20:54.381,safety/right_bumper,"FALSE"
2026-08-21 10:20:54.381,safety/emergency_button,"FALSE"
2026-08-21 10:20:54.381,safety/suction_switch,"FALSE"
2026-08-21 10:20:54.381,rated_current_left,"0.000000"
2026-08-21 10:20:54.381,rated_current_right,"0.000000"
2026-08-21 10:20:54.481,battery/status,"100.000000%"
2026-08-21 10:20:54.482,particle_cloud,"count:800, spread:0.292648"
2026-08-21 10:20:54.482,odometry/filtered,"x:0.000000, y:0.000000, yaw:0.000000, cov_xx:0.001936, cov_yy:0.002047"
2026-08-21 10:20:54.482,safety/left_bumper,"FALSE"
2026-08-21 10:20:54.482,safety/right_bumper,"FALSE"
2026-08-21 10:20:54.482,safety/emergency_button,"FALSE"
2026-08-21 10:20:54.482,safety/suction_switch,"FALSE"
2026-08-21 10:20:54.482,rated_current_left,"0.000000"
2026-08-21 10:20:54.482,rated_current_right,"0.000000"
2026-08-21 10:20:54.583,battery/status,"100.000000%"
2026-08-21 10:20:54.583,odometry/filtered,"x:0.000000, y:0.000000, yaw:0.000000, cov_xx:0.001956, cov_yy:0.002068"
2026-08-21 10:20:54.583,safety/left_bumper,"FALSE"
2026-08-21 10:20:54.583,safety/right_bumper,"FALSE"
2026-08-21 10:20:54.583,safety/emergency_button,"FALSE"
2026-08-21 10:20:54.583,safety/suction_switch,"FALSE"
2026-08-21 10:20:54.583,rated_current_left,"0.000000"
2026-08-21 10:20:54.583,rated_current_right,"0.000000"
2026-08-21 10:20:54.684,battery/status,"100.000000%"
2026-08-21 10:20:54.684,particle_cloud,"count:800, spread:0.285386"
2026-08-21 10:20:54.684,odometry/filtered,"x:0.000000, y:0.000000, yaw:0.000000, cov_xx:0.001906, cov_yy:0.002013"
2026-08-21 10:20:54.684,safety/left_bumper,"FALSE"
2026-08-21 10:20:54.684,safety/right_bumper,"FALSE"
2026-08-21 10:20:54.684,safety/emergency_button,"FALSE"
2026-08-21 10:20:54.685,safety/suction_switch,"FALSE"
2026-08-21 10:20:54.685,rated_current_left,"0.000000"
2026-08-21 10:20:54.685,rated_current_right,"0.000000"
2026-08-21 10:20:54.785,battery/status,"100.000000%"
2026-08-21 10:20:54.785,odometry/filtered,"x:0.000000, y:0.000000, yaw:0.000000, cov_xx:0.001921, cov_yy:0.002030"
2026-08-21 10:20:54.786,safety/left_bumper,"FALSE"
2026-08-21 10:20:54.786,safety/right_bumper,"FALSE"
2026-08-21 10:20:54.786,safety/emergency_button,"FALSE"
2026-08-21 10:20:54.786,safety/suction_switch,"FALSE"
2026-08-21 10:20:54.786,rated_current_left,"0.000000"
2026-08-21 10:20:54.786,rated_current_right,"0.000000"
2026-08-21 10:20:54.887,battery/status,"100.000000%"
2026-08-21 10:20:54.887,robot_status,"ROBOT_STANDBY"
2026-08-21 10:20:54.887,particle_cloud,"count:800, spread:0.276534"
2026-08-21 10:20:54.888,odometry/filtered,"x:0.000000, y:0.000000, yaw:0.000000, cov_xx:0.001975, cov_yy:0.002089"
2026-08-21 10:20:54.888,safety/left_bumper,"FALSE"
2026-08-21 10:20:54.888,safety/right_bumper,"FALSE"
2026-08-21 10:20:54.888,safety/emergency_button,"FALSE"
2026-08-21 10:20:54.888,safety/suction_switch,"FALSE"
2026-08-21 10:20:54.889,rated_current_left,"0.000000"
2026-08-21 10:20:54.889,rated_current_right,"0.000000"
2026-08-21 10:20:54.990,battery/status,"100.000000%"
2026-08-21 10:20:54.990,odometry/filtered,"x:0.000000, y:0.000000, yaw:0.000000, cov_xx:0.001921, cov_yy:0.002031"
2026-08-21 10:20:54.990,safety/left_bumper,"FALSE"
2026-08-21 10:20:54.990,safety/right_bumper,"FALSE"
2026-08-21 10:20:54.990,safety/emergency_button,"FALSE"
2026-08-21 10:20:54.990,safety/suction_switch,"FALSE"
2026-08-21 10:20:54.990,rated_current_left,"0.000000"
2026-08-21 10:20:54.990,rated_current_right,"0.000000"
2026-08-21 10:20:55.091,battery/status,"100.000000%"
2026-08-21 10:20:55.092,particle_cloud,"count:800, spread:0.283818"
2026-08-21 10:20:55.092,odometry/filtered,"x:0.000000, y:0.000000, yaw:0.000000, cov_xx:0.001932, cov_yy:0.002042"
2026-08-21 10:20:55.092,safety/left_bumper,"FALSE"
2026-08-21 10:20:55.092,safety/right_bumper,"FALSE"
2026-08-21 10:20:55.092,safety/emergency_button,"FALSE"
2026-08-21 10:20:55.092,safety/suction_switch,"FALSE"
2026-08-21 10:20:55.092,rated_current_left,"0.000000"
2026-08-21 10:20:55.092,rated_current_right,"0.000000"
2026-08-21 10:20:55.193,battery/status,"100.000000%"
2026-08-21 10:20:55.193,odometry/filtered,"x:0.000000, y:0.000000, yaw:0.000000, cov_xx:0.001918, cov_yy:0.002026"
2026-08-21 10:20:55.193,safety/left_bumper,"FALSE"
2026-08-21 10:20:55.193,safety/right_bumper,"FALSE"
2026-08-21 10:20:55.193,safety/emergency_button,"FALSE"
2026-08-21 10:20:55.193,safety/suction_switch,"FALSE"
2026-08-21 10:20:55.193,rated_current_left,"0.000000"
2026-08-21 10:20:55.193,rated_current_right,"0.000000"
2026-08-21 10:20:55.294,battery/status,"100.000000%"
2026-08-21 10:20:55.294,particle_cloud,"count:800, spread:0.291204"
2026-08-21 10:20:55.294,odometry/filtered,"x:0.000000, y:0.000000, yaw:0.000000, cov_xx:0.001944, cov_yy:0.002055"
2026-08-21 10:20:55.294,safety/left_bumper,"FALSE"
2026-08-21 10:20:55.294,safety/right_bumper,"FALSE"
2026-08-21 10:20:55.294,safety/emergency_button,"FALSE"
2026-08-21 10:20:55.294,safety/suction_switch,"FALSE"
2026-08-21 10:20:55.294,rated_current_left,"0.000000"
2026-08-21 10:20:55.294,rated_current_right,"0.000000"
2026-08-21 10:20:55.395,battery/status,"100.000000%"
2026-08-21 10:20:55.395,robot_status,"ROBOT_STANDBY"
2026-08-21 10:20:55.395,odometry/filtered,"x:0.000000, y:0.000000, yaw:0.000000, cov_xx:0.001937, cov_yy:0.002048"
2026-08-21 10:20:55.395,safety/left_bumper,"FALSE"
2026-08-21 10:20:55.395,safety/right_bumper,"FALSE"
2026-08-21 10:20:55.395,safety/emergency_button,"FALSE"
2026-08-21 10:20:55.395,safety/suction_switch,"FALSE"
2026-08-21 10:20:55.395,rated_current_left,"0.000000"
2026-08-21 10:20:55.395,rated_current_right,"0.000000"
2026-08-21 10:20:55.496,battery/status,"100.000000%"
2026-08-21 10:20:55.496,particle_cloud,"count:800, spread:0.280827"
2026-08-21 10:20:55.496,odometry/filtered,"x:0.000000, y:0.000000, yaw:0.000000, cov_xx:0.001957, cov_yy:0.002069"
2026-08-21 10:20:55.496,safety/left_bumper,"FALSE"
2026-08-21 10:20:55.496,safety/right_bumper,"FALSE"
2026-08-21 10:20:55.496,safety/emergency_button,"FALSE"
2026-08-21 10:20:55.496,safety/suction_switch,"FALSE"
2026-08-21 10:20:55.496,rated_current_left,"0.000000"
2026-08-21 10:20:55.496,rated_current_right,"0.000000"
2026-08-21 10:20:55.597,battery/status,"100.000000%"
2026-08-21 10:20:55.597,odometry/filtered,"x:0.000000, y:0.000000, yaw:0.000000, cov_xx:0.001942, cov_yy:0.002054"
2026-08-21 10:20:55.597,safety/left_bumper,"FALSE"
2026-08-21 10:20:55.597,safety/right_bumper,"FALSE"
2026-08-21 10:20:55.597,safety/emergency_button,"FALSE"
2026-08-21 10:20:55.597,safety/suction_switch,"FALSE"
2026-08-21 10:20:55.597,rated_current_left,"0.000000"
2026-08-21 10:20:55.598,rated_current_right,"0.000000"
2026-08-21 10:20:55.698,battery/status,"100.000000%"
2026-08-21 10:20:55.698,particle_cloud,"count:800, spread:0.286323"
2026-08-21 10:20:55.699,odometry/filtered,"x:0.000000, y:0.000000, yaw:0.000000, cov_xx:0.001991, cov_yy:0.002107"
2026-08-21 10:20:55.699,safety/left_bumper,"FALSE"
2026-08-21 10:20:55.699,safety/right_bumper,"FALSE"
2026-08-21 10:20:55.699,safety/emergency_button,"FALSE"
2026-08-21 10:20:55.699,safety/suction_switch,"FALSE"
2026-08-21 10:20:55.699,rated_current_left,"0.000000"
2026-08-21 10:20:55.699,rated_current_right,"0.000000"
2026-08-21 10:20:55.799,battery/status,"100.000000%"
2026-08-21 10:20:55.799,odometry/filtered,"x:0.000000, y:0.000000, yaw:0.000000, cov_xx:0.001947, cov_yy:0.002059"
2026-08-21 10:20:55.800,safety/left_bumper,"FALSE"
2026-08-21 10:20:55.800,safety/right_bumper,"FALSE"
2026-08-21 10:20:55.800,safety/emergency_button,"FALSE"
2026-08-21 10:20:55.800,safety/suction_switch,"FALSE"
2026-08-21 10:20:55.800,rated_current_left,"0.000000"
2026-08-21 10:20:55.800,rated_current_right,"0.000000"
2026-08-21 10:20:55.901,battery/status,"100.000000%"
2026-08-21 10:20:55.901,robot_status,"ROBOT_STANDBY"
2026-08-21 10:20:55.901,particle_cloud,"count:800, spread:0.277691"
2026-08-21 10:20:55.901,odometry/filtered,"x:0.000000, y:0.000000, yaw:0.000000, cov_xx:0.001962, cov_yy:0.002075"
2026-08-21 10:20:55.901,safety/left_bumper,"FALSE"
2026-08-21 10:20:55.901,safety/right_bumper,"FALSE"
2026-08-21 10:20:55.901,safety/emergency_button,"FALSE"
2026-08-21 10:20:55.901,safety/suction_switch,"FALSE"
2026-08-21 10:20:55.901,rated_current_left,"0.000000"
2026-08-21 10:20:55.901,rated_current_right,"0.000000"
2026-08-21 10:20:56.002,battery/status,"100.000000%"
2026-08-21 10:20:56.002,odometry/filtered,"x:0.000000, y:0.000000, yaw:0.000000, cov_xx:0.001951, cov_yy:0.002063"
2026-08-21 10:20:56.003,safety/left_bumper,"FALSE"
2026-08-21 10:20:56.003,safety/right_bumper,"FALSE"
2026-08-21 10:20:56.003,safety/emergency_button,"FALSE"
2026-08-21 10:20:56.003,safety/suction_switch,"FALSE"
2026-08-21 10:20:56.003,rated_current_left,"0.000000"
2026-08-21 10:20:56.003,rated_current_right,"0.000000"
2026-08-21 10:20:56.104,battery/status,"100.000000%"
2026-08-21 10:20:56.104,particle_cloud,"count:800, spread:0.285063"
2026-08-21 10:20:56.104,odometry/filtered,"x:0.000000, y:0.000000, yaw:0.000000, cov_xx:0.001947, cov_yy:0.002059"
2026-08-21 10:20:56.105,safety/left_bumper,"FALSE"
2026-08-21 10:20:56.105,safety/right_bumper,"FALSE"
2026-08-21 10:20:56.105,safety/emergency_button,"FALSE"
2026-08-21 10:20:56.105,safety/suction_switch,"FALSE"
2026-08-21 10:20:56.105,rated_current_left,"0.000000"
2026-08-21 10:20:56.105,rated_current_right,"0.000000"
2026-08-21 10:20:56.206,battery/status,"100.000000%"
2026-08-21 10:20:56.206,odometry/filtered,"x:0.000000, y:0.000000, yaw:0.000000, cov_xx:0.001926, cov_yy:0.002036"
2026-08-21 10:20:56.206,safety/left_bumper,"FALSE"
2026-08-21 10:20:56.206,safety/right_bumper,"FALSE"
2026-08-21 10:20:56.206,safety/emergency_button,"FALSE"
2026-08-21 10:20:56.206,safety/suction_switch,"FALSE"
2026-08-21 10:20:56.206,rated_current_left,"0.000000"
2026-08-21 10:20:56.206,rated_current_right,"0.000000"
2026-08-21 10:20:56.307,battery/status,"100.000000%"
2026-08-21 10:20:56.307,particle_cloud,"count:800, spread:0.288485"
2026-08-21 10:20:56.307,odometry/filtered,"x:0.000000, y:0.000000, yaw:0.000000, cov_xx:0.001942, cov_yy:0.002053"
2026-08-21 10:20:56.308,safety/left_bumper,"FALSE"
2026-08-21 10:20:56.308,safety/right_bumper,"FALSE"
2026-08-21 10:20:56.308,safety/emergency_button,"FALSE"
2026-08-21 10:20:56.308,safety/suction_switch,"FALSE"
2026-08-21 10:20:56.308,rated_current_left,"0.000000"
2026-08-21 10:20:56.308,rated_current_right,"0.000000"
2026-08-21 10:20:56.409,battery/status,"100.000000%"
2026-08-21 10:20:56.409,robot_status,"ROBOT_STANDBY"
2026-08-21 10:20:56.411,odometry/filtered,"x:0.000000, y:0.000000, yaw:0.000000, cov_xx:0.001929, cov_yy:0.002039"
2026-08-21 10:20:56.411,safety/left_bumper,"FALSE"
2026-08-21 10:20:56.411,safety/right_bumper,"FALSE"
2026-08-21 10:20:56.411,safety/emergency_button,"FALSE"
2026-08-21 10:20:56.411,safety/suction_switch,"FALSE"
2026-08-21 10:20:56.411,rated_current_left,"0.000000"
2026-08-21 10:20:56.411,rated_current_right,"0.000000"
2026-08-21 10:20:56.512,battery/status,"100.000000%"
2026-08-21 10:20:56.513,particle_cloud,"count:800, spread:0.288835"
2026-08-21 10:20:56.513,odometry/filtered,"x:0.000000, y:0.000000, yaw:0.000000, cov_xx:0.001937, cov_yy:0.002047"
2026-08-21 10:20:56.513,safety/left_bumper,"FALSE"
2026-08-21 10:20:56.513,safety/right_bumper,"FALSE"
2026-08-21 10:20:56.513,safety/emergency_button,"FALSE"
2026-08-21 10:20:56.513,safety/suction_switch,"FALSE"
2026-08-21 10:20:56.513,rated_current_left,"0.000000"
2026-08-21 10:20:56.513,rated_current_right,"0.000000"
2026-08-21 10:20:56.614,battery/status,"100.000000%"
2026-08-21 10:20:56.615,odometry/filtered,"x:0.000000, y:0.000000, yaw:0.000000, cov_xx:0.001920, cov_yy:0.002028"
2026-08-21 10:20:56.615,safety/left_bumper,"FALSE"
2026-08-21 10:20:56.615,safety/right_bumper,"FALSE"
2026-08-21 10:20:56.615,safety/emergency_button,"FALSE"
2026-08-21 10:20:56.615,safety/suction_switch,"FALSE"
2026-08-21 10:20:56.615,rated_current_left,"0.000000"
2026-08-21 10:20:56.615,rated_current_right,"0.000000"
2026-08-21 10:20:56.616,battery/status,"100.000000%"
2026-08-21 10:20:56.616,odometry/filtered,"x:0.000000, y:0.000000, yaw:0.000000, cov_xx:0.001928, cov_yy:0.002038"
2026-08-21 10:20:56.616,safety/left_bumper,"FALSE"
2026-08-21 10:20:56.616,safety/right_bumper,"FALSE"
2026-08-21 10:20:56.616,safety/emergency_button,"FALSE"
2026-08-21 10:20:56.616,safety/suction_switch,"FALSE"
2026-08-21 10:20:56.616,rated_current_left,"0.000000"
2026-08-21 10:20:56.616,rated_current_right,"0.000000"
2026-08-21 10:20:56.617,battery/status,"100.000000%"
2026-08-21 10:20:56.617,odometry/filtered,"x:0.000000, y:0.000000, yaw:0.000000, cov_xx:0.001950, cov_yy:0.002062"
2026-08-21 10:20:56.617,safety/left_bumper,"FALSE"
2026-08-21 10:20:56.617,safety/right_bumper,"FALSE"
2026-08-21 10:20:56.617,safety/emergency_button,"FALSE"
2026-08-21 10:20:56.617,safety/suction_switch,"FALSE"
2026-08-21 10:20:56.617,rated_current_left,"0.000000"
2026-08-21 10:20:56.617,rated_current_right,"0.000000"
2026-08-21 10:20:56.618,battery/status,"100.000000%"
2026-08-21 10:20:56.618,odometry/filtered,"x:0.000000, y:0.000000, yaw:0.000000, cov_xx:0.001929, cov_yy:0.002038"
2026-08-21 10:20:56.618,safety/left_bumper,"FALSE"
2026-08-21 10:20:56.618,safety/right_bumper,"FALSE"
2026-08-21 10:20:56.618,safety/emergency_button,"FALSE"
2026-08-21 10:20:56.618,safety/suction_switch,"FALSE"
2026-08-21 10:20:56.618,rated_current_left,"0.000000"
2026-08-21 10:20:56.618,rated_current_right,"0.000000"
2026-08-21 10:20:56.618,battery/status,"100.000000%"
2026-08-21 10:20:56.618,odometry/filtered,"x:0.000000, y:0.000000, yaw:0.000000, cov_xx:0.001934, cov_yy:0.002044"
2026-08-21 10:20:56.619,safety/left_bumper,"FALSE"
2026-08-21 10:20:56.619,safety/right_bumper,"FALSE"
2026-08-21 10:20:56.619,safety/emergency_button,"FALSE"
2026-08-21 10:20:56.619,safety/suction_switch,"FALSE"
2026-08-21 10:20:56.619,rated_current_left,"0.000000"
2026-08-21 10:20:56.619,rated_current_right,"0.000000"
2026-08-21 10:20:56.619,battery/status,"100.000000%"
2026-08-21 10:20:56.619,odometry/filtered,"x:0.000000, y:0.000000, yaw:0.000000, cov_xx:0.001933, cov_yy:0.002043"
2026-08-21 10:20:56.619,safety/left_bumper,"FALSE"
2026-08-21 10:20:56.619,safety/right_bumper,"FALSE"
2026-08-21 10:20:56.619,safety/emergency_button,"FALSE"
2026-08-21 10:20:56.619,safety/suction_switch,"FALSE"
2026-08-21 10:20:56.619,rated_current_left,"0.000000"
2026-08-21 10:20:56.619,rated_current_right,"0.000000"
2026-08-21 10:20:56.619,battery/status,"100.000000%"
2026-08-21 10:20:56.620,odometry/filtered,"x:0.000000, y:0.000000, yaw:0.000000, cov_xx:0.001950, cov_yy:0.002062"
2026-08-21 10:20:56.620,safety/left_bumper,"FALSE"
2026-08-21 10:20:56.620,safety/right_bumper,"FALSE"
2026-08-21 10:20:56.620,safety/emergency_button,"FALSE"
2026-08-21 10:20:56.620,safety/suction_switch,"FALSE"
2026-08-21 10:20:56.620,rated_current_left,"0.000000"
2026-08-21 10:20:56.621,rated_current_right,"0.000000"
2026-08-21 10:20:56.624,battery/status,"100.000000%"
2026-08-21 10:20:56.624,odometry/filtered,"x:0.000000, y:0.000000, yaw:0.000000, cov_xx:0.001905, cov_yy:0.002012"
2026-08-21 10:20:56.624,safety/left_bumper,"FALSE"
2026-08-21 10:20:56.624,safety/right_bumper,"FALSE"
2026-08-21 10:20:56.624,safety/emergency_button,"FALSE"
2026-08-21 10:20:56.624,safety/suction_switch,"FALSE"
2026-08-21 10:20:56.624,rated_current_left,"0.000000"
2026-08-21 10:20:56.625,rated_current_right,"0.000000"
2026-08-21 10:20:56.625,battery/status,"100.000000%"
2026-08-21 10:20:56.625,odometry/filtered,"x:0.000000, y:0.000000, yaw:0.000000, cov_xx:0.001979, cov_yy:0.002094"
2026-08-21 10:20:56.626,safety/left_bumper,"FALSE"
2026-08-21 10:20:56.626,safety/right_bumper,"FALSE"
2026-08-21 10:20:56.626,safety/emergency_button,"FALSE"
2026-08-21 10:20:56.626,safety/suction_switch,"FALSE"
2026-08-21 10:20:56.626,rated_current_left,"0.000000"
2026-08-21 10:20:56.626,rated_current_right,"0.000000"
2026-08-21 10:20:56.627,battery/status,"100.000000%"
2026-08-21 10:20:56.627,odometry/filtered,"x:0.000000, y:0.000000, yaw:0.000000, cov_xx:0.001898, cov_yy:0.002004"
2026-08-21 10:20:56.627,safety/left_bumper,"FALSE"
2026-08-21 10:20:56.627,safety/right_bumper,"FALSE"
2026-08-21 10:20:56.627,safety/emergency_button,"FALSE"
2026-08-21 10:20:56.627,safety/suction_switch,"FALSE"
2026-08-21 10:20:56.627,rated_current_left,"0.000000"
2026-08-21 10:20:56.627,rated_current_right,"0.000000"
2026-08-21 10:20:56.627,battery/status,"100.000000%"
2026-08-21 10:20:56.627,odometry/filtered,"x:0.000000, y:0.000000, yaw:0.000000, cov_xx:0.001911, cov_yy:0.002019"
2026-08-21 10:20:56.627,safety/left_bumper,"FALSE"
2026-08-21 10:20:56.627,safety/right_bumper,"FALSE"
2026-08-21 10:20:56.628,safety/emergency_button,"FALSE"
2026-08-21 10:20:56.628,safety/suction_switch,"FALSE"
2026-08-21 10:20:56.628,rated_current_left,"0.000000"
2026-08-21 10:20:56.628,rated_current_right,"0.000000"
2026-08-21 10:20:56.628,battery/status,"100.000000%"
2026-08-21 10:20:56.628,odometry/filtered,"x:0.000000, y:0.000000, yaw:0.000000, cov_xx:0.001953, cov_yy:0.002065"
2026-08-21 10:20:56.628,safety/left_bumper,"FALSE"
2026-08-21 10:20:56.629,safety/right_bumper,"FALSE"
2026-08-21 10:20:56.629,safety/emergency_button,"FALSE"
2026-08-21 10:20:56.629,safety/suction_switch,"FALSE"
2026-08-21 10:20:56.629,rated_current_left,"0.000000"
2026-08-21 10:20:56.629,rated_current_right,"0.000000"
2026-08-21 10:20:56.629,battery/status,"100.000000%"
2026-08-21 10:20:56.629,odometry/filtered,"x:0.000000, y:0.000000, yaw:0.000000, cov_xx:0.001919, cov_yy:0.002028"
2026-08-21 10:20:56.629,safety/left_bumper,"FALSE"
2026-08-21 10:20:56.629,safety/right_bumper,"FALSE"
2026-08-21 10:20:56.629,safety/emergency_button,"FALSE"
2026-08-21 10:20:56.629,safety/suction_switch,"FALSE"
2026-08-21 10:20:56.629,rated_current_left,"0.000000"
2026-08-21 10:20:56.629,rated_current_right,"0.000000"
2026-08-21 10:20:56.629,battery/status,"100.000000%"
2026-08-21 10:20:56.630,odometry/filtered,"x:0.000000, y:0.000000, yaw:0.000000, cov_xx:0.001928, cov_yy:0.002038"
2026-08-21 10:20:56.630,safety/left_bumper,"FALSE"
2026-08-21 10:20:56.630,safety/right_bumper,"FALSE"
2026-08-21 10:20:56.630,safety/emergency_button,"FALSE"
2026-08-21 10:20:56.630,safety/suction_switch,"FALSE"
2026-08-21 10:20:56.630,rated_current_left,"0.000000"
2026-08-21 10:20:56.631,rated_current_right,"0.000000"
2026-08-21 10:20:56.631,battery/status,"100.000000%"
2026-08-21 10:20:56.631,odometry/filtered,"x:0.000000, y:0.000000, yaw:0.000000, cov_xx:0.001930, cov_yy:0.002040"
2026-08-21 10:20:56.631,safety/left_bumper,"FALSE"
2026-08-21 10:20:56.631,safety/right_bumper,"FALSE"
2026-08-21 10:20:56.631,safety/emergency_button,"FALSE"
2026-08-21 10:20:56.631,safety/suction_switch,"FALSE"
2026-08-21 10:20:56.631,rated_current_left,"0.000000"
2026-08-21 10:20:56.631,rated_current_right,"0.000000"
2026-08-21 10:20:56.631,battery/status,"100.000000%"
2026-08-21 10:20:56.631,odometry/filtered,"x:0.000000, y:0.000000, yaw:0.000000, cov_xx:0.001962, cov_yy:0.002075"
2026-08-21 10:20:56.631,safety/left_bumper,"FALSE"
2026-08-21 10:20:56.631,safety/right_bumper,"FALSE"
2026-08-21 10:20:56.631,safety/emergency_button,"FALSE"
2026-08-21 10:20:56.632,safety/suction_switch,"FALSE"
2026-08-21 10:20:56.632,rated_current_left,"0.000000"
2026-08-21 10:20:56.632,rated_current_right,"0.000000"
2026-08-21 10:20:56.632,battery/status,"100.000000%"
2026-08-21 10:20:56.632,odometry/filtered,"x:0.000000, y:0.000000, yaw:0.000000, cov_xx:0.001910, cov_yy:0.002017"
2026-08-21 10:20:56.632,safety/left_bumper,"FALSE"
2026-08-21 10:20:56.632,safety/right_bumper,"FALSE"
2026-08-21 10:20:56.632,safety/emergency_button,"FALSE"
2026-08-21 10:20:56.632,safety/suction_switch,"FALSE"
2026-08-21 10:20:56.632,rated_current_left,"0.000000"
2026-08-21 10:20:56.632,rated_current_right,"0.000000"
2026-08-21 10:20:56.632,battery/status,"100.000000%"
2026-08-21 10:20:56.632,odometry/filtered,"x:0.000000, y:0.000000, yaw:0.000000, cov_xx:0.001919, cov_yy:0.002028"
2026-08-21 10:20:56.632,safety/left_bumper,"FALSE"
2026-08-21 10:20:56.633,safety/right_bumper,"FALSE"
2026-08-21 10:20:56.633,safety/emergency_button,"FALSE"
2026-08-21 10:20:56.633,safety/suction_switch,"FALSE"
2026-08-21 10:20:56.633,rated_current_left,"0.000000"
2026-08-21 10:20:56.633,rated_current_right,"0.000000"
2026-08-21 10:20:56.633,battery/status,"100.000000%"
2026-08-21 10:20:56.633,odometry/filtered,"x:0.000000, y:0.000000, yaw:0.000000, cov_xx:0.001932, cov_yy:0.002042"
2026-08-21 10:20:56.633,safety/left_bumper,"FALSE"
2026-08-21 10:20:56.633,safety/right_bumper,"FALSE"
2026-08-21 10:20:56.633,safety/emergency_button,"FALSE"
2026-08-21 10:20:56.633,safety/suction_switch,"FALSE"
2026-08-21 10:20:56.633,rated_current_left,"0.000000"
2026-08-21 10:20:56.633,rated_current_right,"0.000000"
2026-08-21 10:20:56.634,battery/status,"100.000000%"
2026-08-21 10:20:56.634,odometry/filtered,"x:0.000000, y:0.000000, yaw:0.000000, cov_xx:0.001937, cov_yy:0.002047"
2026-08-21 10:20:56.634,safety/left_bumper,"FALSE"
2026-08-21 10:20:56.634,safety/right_bumper,"FALSE"
2026-08-21 10:20:56.634,safety/emergency_button,"FALSE"
2026-08-21 10:20:56.634,safety/suction_switch,"FALSE"
2026-08-21 10:20:56.634,rated_current_left,"0.000000"
2026-08-21 10:20:56.634,rated_current_right,"0.000000"
2026-08-21 10:20:56.634,battery/status,"100.000000%"
2026-08-21 10:20:56.635,odometry/filtered,"x:0.000000, y:0.000000, yaw:0.000000, cov_xx:0.001933, cov_yy:0.002044"
2026-08-21 10:20:56.635,safety/left_bumper,"FALSE"
2026-08-21 10:20:56.635,safety/right_bumper,"FALSE"
2026-08-21 10:20:56.635,safety/emergency_button,"FALSE"
2026-08-21 10:20:56.635,safety/suction_switch,"FALSE"
2026-08-21 10:20:56.635,rated_current_left,"0.000000"
2026-08-21 10:20:56.635,rated_current_right,"0.000000"
2026-08-21 10:20:56.635,battery/status,"100.000000%"
2026-08-21 10:20:56.636,odometry/filtered,"x:0.000000, y:0.000000, yaw:0.000000, cov_xx:0.001926, cov_yy:0.002035"
2026-08-21 10:20:56.636,safety/left_bumper,"FALSE"
2026-08-21 10:20:56.636,safety/right_bumper,"FALSE"
2026-08-21 10:20:56.636,safety/emergency_button,"FALSE"
2026-08-21 10:20:56.636,safety/suction_switch,"FALSE"
2026-08-21 10:20:56.636,rated_current_left,"0.000000"
2026-08-21 10:20:56.636,rated_current_right,"0.000000"
2026-08-21 10:20:56.636,battery/status,"100.000000%"
2026-08-21 10:20:56.636,odometry/filtered,"x:0.000000, y:0.000000, yaw:0.000000, cov_xx:0.001941, cov_yy:0.002052"
2026-08-21 10:20:56.636,safety/left_bumper,"FALSE"
2026-08-21 10:20:56.636,safety/right_bumper,"FALSE"
2026-08-21 10:20:56.636,safety/emergency_button,"FALSE"
2026-08-21 10:20:56.636,safety/suction_switch,"FALSE"
2026-08-21 10:20:56.636,rated_current_left,"0.000000"
2026-08-21 10:20:56.636,rated_current_right,"0.000000"
2026-08-21 10:20:56.636,odometry/filtered,"x:0.000000, y:0.000000, yaw:0.000000, cov_xx:0.001923, cov_yy:0.002032"
2026-08-21 10:20:56.636,safety/left_bumper,"FALSE"
2026-08-21 10:20:56.637,safety/right_bumper,"FALSE"
2026-08-21 10:20:56.637,safety/emergency_button,"FALSE"
2026-08-21 10:20:56.637,safety/suction_switch,"FALSE"
2026-08-21 10:20:56.637,rated_current_left,"0.000000"
2026-08-21 10:20:56.637,rated_current_right,"0.000000"
2026-08-21 10:20:56.637,odometry/filtered,"x:0.000000, y:0.000000, yaw:0.000000, cov_xx:0.001960, cov_yy:0.002073"
2026-08-21 10:20:56.637,safety/left_bumper,"FALSE"
2026-08-21 10:20:56.637,safety/right_bumper,"FALSE"
2026-08-21 10:20:56.637,safety/emergency_button,"FALSE"
2026-08-21 10:20:56.637,safety/suction_switch,"FALSE"
2026-08-21 10:20:56.637,rated_current_left,"0.000000"
2026-08-21 10:20:56.637,rated_current_right,"0.000000"
2026-08-21 10:20:56.637,odometry/filtered,"x:0.000000, y:0.000000, yaw:0.000000, cov_xx:0.001910, cov_yy:0.002017"
2026-08-21 10:20:56.637,safety/left_bumper,"FALSE"
2026-08-21 10:20:56.637,safety/right_bumper,"FALSE"
2026-08-21 10:20:56.637,safety/emergency_button,"FALSE"
2026-08-21 10:20:56.638,safety/suction_switch,"FALSE"
2026-08-21 10:20:56.638,rated_current_left,"0.000000"
2026-08-21 10:20:56.638,rated_current_right,"0.000000"
2026-08-21 10:20:56.638,odometry/filtered,"x:0.000000, y:0.000000, yaw:0.000000, cov_xx:0.001927, cov_yy:0.002036"
2026-08-21 10:20:56.638,safety/left_bumper,"FALSE"
2026-08-21 10:20:56.638,safety/right_bumper,"FALSE"
2026-08-21 10:20:56.638,safety/emergency_button,"FALSE"
2026-08-21 10:20:56.638,safety/suction_switch,"FALSE"
2026-08-21 10:20:56.638,rated_current_left,"0.000000"
2026-08-21 10:20:56.638,rated_current_right,"0.000000"
2026-08-21 10:20:56.638,odometry/filtered,"x:0.000000, y:0.000000, yaw:0.000000, cov_xx:0.001941, cov_yy:0.002052"
2026-08-21 10:20:56.638,safety/left_bumper,"FALSE"
2026-08-21 10:20:56.638,safety/right_bumper,"FALSE"
2026-08-21 10:20:56.638,safety/emergency_button,"FALSE"
2026-08-21 10:20:56.638,safety/suction_switch,"FALSE"
2026-08-21 10:20:56.639,rated_current_left,"0.000000"
2026-08-21 10:20:56.639,rated_current_right,"0.000000"
2026-08-21 10:20:56.639,odometry/filtered,"x:0.000000, y:0.000000, yaw:0.000000, cov_xx:0.001935, cov_yy:0.002046"
2026-08-21 10:20:56.639,safety/left_bumper,"FALSE"
2026-08-21 10:20:56.639,safety/right_bumper,"FALSE"
2026-08-21 10:20:56.639,safety/emergency_button,"FALSE"
2026-08-21 10:20:56.639,safety/suction_switch,"FALSE"
2026-08-21 10:20:56.639,rated_current_left,"0.000000"
2026-08-21 10:20:56.639,rated_current_right,"0.000000"
2026-08-21 10:20:56.639,odometry/filtered,"x:0.000000, y:0.000000, yaw:0.000000, cov_xx:0.001949, cov_yy:0.002060"
2026-08-21 10:20:56.639,safety/left_bumper,"FALSE"
2026-08-21 10:20:56.639,safety/right_bumper,"FALSE"
2026-08-21 10:20:56.639,safety/emergency_button,"FALSE"
2026-08-21 10:20:56.639,safety/suction_switch,"FALSE"
2026-08-21 10:20:56.639,rated_current_left,"0.000000"
2026-08-21 10:20:56.639,rated_current_right,"0.000000"
2026-08-21 10:20:56.639,odometry/filtered,"x:0.000000, y:0.000000, yaw:0.000000, cov_xx:0.001915, cov_yy:0.002023"
2026-08-21 10:20:56.639,safety/left_bumper,"FALSE"
2026-08-21 10:20:56.639,safety/right_bumper,"FALSE"
2026-08-21 10:20:56.639,safety/emergency_button,"FALSE"
2026-08-21 10:20:56.640,safety/suction_switch,"FALSE"
2026-08-21 10:20:56.640,rated_current_left,"0.000000"
2026-08-21 10:20:56.640,rated_current_right,"0.000000"
2026-08-21 10:20:56.640,odometry/filtered,"x:0.000000, y:0.000000, yaw:0.000000, cov_xx:0.001911, cov_yy:0.002019"
2026-08-21 10:20:56.640,safety/left_bumper,"FALSE"
2026-08-21 10:20:56.640,safety/right_bumper,"FALSE"
2026-08-21 10:20:56.640,safety/emergency_button,"FALSE"
2026-08-21 10:20:56.640,safety/suction_switch,"FALSE"
2026-08-21 10:20:56.640,rated_current_left,"0.000000"
2026-08-21 10:20:56.640,rated_current_right,"0.000000"
2026-08-21 10:20:56.640,odometry/filtered,"x:0.000000, y:0.000000, yaw:0.000000, cov_xx:0.001921, cov_yy:0.002030"
2026-08-21 10:20:56.640,safety/left_bumper,"FALSE"
2026-08-21 10:20:56.640,safety/right_bumper,"FALSE"
2026-08-21 10:20:56.640,safety/emergency_button,"FALSE"
2026-08-21 10:20:56.640,safety/suction_switch,"FALSE"
2026-08-21 10:20:56.640,rated_current_left,"0.000000"
2026-08-21 10:20:56.640,rated_current_right,"0.000000"
2026-08-21 10:20:56.640,odometry/filtered,"x:0.000000, y:0.000000, yaw:0.000000, cov_xx:0.001937, cov_yy:0.002048"
2026-08-21 10:20:56.641,safety/left_bumper,"FALSE"
2026-08-21 10:20:56.641,safety/right_bumper,"FALSE"
2026-08-21 10:20:56.641,safety/emergency_button,"FALSE"
2026-08-21 10:20:56.641,safety/suction_switch,"FALSE"
2026-08-21 10:20:56.641,rated_current_left,"0.000000"
2026-08-21 10:20:56.641,rated_current_right,"0.000000"
2026-08-21 10:20:56.641,odometry/filtered,"x:0.000000, y:0.000000, yaw:0.000000, cov_xx:0.001924, cov_yy:0.002034"
2026-08-21 10:20:56.641,safety/left_bumper,"FALSE"
2026-08-21 10:20:56.641,safety/right_bumper,"FALSE"
2026-08-21 10:20:56.641,safety/emergency_button,"FALSE"
2026-08-21 10:20:56.641,safety/suction_switch,"FALSE"
2026-08-21 10:20:56.641,rated_current_left,"0.000000"
2026-08-21 10:20:56.641,rated_current_right,"0.000000"
2026-08-21 10:20:56.641,odometry/filtered,"x:0.000000, y:0.000000, yaw:0.000000, cov_xx:0.001946, cov_yy:0.002058"
2026-08-21 10:20:56.641,safety/left_bumper,"FALSE"
2026-08-21 10:20:56.641,safety/right_bumper,"FALSE"
2026-08-21 10:20:56.641,safety/emergency_button,"FALSE"
2026-08-21 10:20:56.641,safety/suction_switch,"FALSE"
2026-08-21 10:20:56.641,rated_current_left,"0.000000"
2026-08-21 10:20:56.641,rated_current_right,"0.000000"
2026-08-21 10:20:56.642,odometry/filtered,"x:0.000000, y:0.000000, yaw:0.000000, cov_xx:0.001943, cov_yy:0.002054"
2026-08-21 10:20:56.642,safety/left_bumper,"FALSE"
2026-08-21 10:20:56.642,safety/right_bumper,"FALSE"
2026-08-21 10:20:56.642,safety/emergency_button,"FALSE"
2026-08-21 10:20:56.642,safety/suction_switch,"FALSE"
2026-08-21 10:20:56.642,rated_current_left,"0.000000"
2026-08-21 10:20:56.642,rated_current_right,"0.000000"
2026-08-21 10:20:56.642,odometry/filtered,"x:0.000000, y:0.000000, yaw:0.000000, cov_xx:0.001935, cov_yy:0.002045"
2026-08-21 10:20:56.642,safety/left_bumper,"FALSE"
2026-08-21 10:20:56.642,safety/right_bumper,"FALSE"
2026-08-21 10:20:56.642,safety/emergency_button,"FALSE"
2026-08-21 10:20:56.642,safety/suction_switch,"FALSE"
2026-08-21 10:20:56.642,rated_current_left,"0.000000"
2026-08-21 10:20:56.642,rated_current_right,"0.000000"
2026-08-21 10:20:56.642,odometry/filtered,"x:0.000000, y:0.000000, yaw:0.000000, cov_xx:0.001937, cov_yy:0.002047"
2026-08-21 10:20:56.642,safety/left_bumper,"FALSE"
2026-08-21 10:20:56.642,safety/right_bumper,"FALSE"
2026-08-21 10:20:56.642,safety/emergency_button,"FALSE"
2026-08-21 10:20:56.642,safety/suction_switch,"FALSE"
2026-08-21 10:20:56.642,rated_current_left,"0.000000"
2026-08-21 10:20:56.643,rated_current_right,"0.000000"
2026-08-21 10:20:56.643,odometry/filtered,"x:0.000000, y:0.000000, yaw:0.000000, cov_xx:0.001902, cov_yy:0.002008"
2026-08-21 10:20:56.643,safety/left_bumper,"FALSE"
2026-08-21 10:20:56.643,safety/right_bumper,"FALSE"
2026-08-21 10:20:56.643,safety/emergency_button,"FALSE"
2026-08-21 10:20:56.643,safety/suction_switch,"FALSE"
2026-08-21 10:20:56.643,rated_current_left,"0.000000"
2026-08-21 10:20:56.643,rated_current_right,"0.000000"
2026-08-21 10:20:56.643,odometry/filtered,"x:0.000000, y:0.000000, yaw:0.000000, cov_xx:0.001956, cov_yy:0.002068"
2026-08-21 10:20:56.643,safety/left_bumper,"FALSE"
2026-08-21 10:20:56.643,safety/right_bumper,"FALSE"
2026-08-21 10:20:56.643,safety/emergency_button,"FALSE"
2026-08-21 10:20:56.643,safety/suction_switch,"FALSE"
2026-08-21 10:20:56.643,rated_current_left,"0.000000"
2026-08-21 10:20:56.643,rated_current_right,"0.000000"
2026-08-21 10:20:56.644,particle_cloud,"count:800, spread:0.294927"
2026-08-21 10:20:56.644,odometry/filtered,"x:0.000000, y:0.000000, yaw:0.000000, cov_xx:0.001933, cov_yy:0.002043"
2026-08-21 10:20:56.644,safety/left_bumper,"FALSE"
2026-08-21 10:20:56.644,safety/right_bumper,"FALSE"
2026-08-21 10:20:56.644,safety/emergency_button,"FALSE"
2026-08-21 10:20:56.644,safety/suction_switch,"FALSE"
2026-08-21 10:20:56.644,rated_current_left,"0.000000"
2026-08-21 10:20:56.644,rated_current_right,"0.000000"
2026-08-21 10:20:56.644,odometry/filtered,"x:0.000000, y:0.000000, yaw:0.000000, cov_xx:0.001904, cov_yy:0.002011"
2026-08-21 10:20:56.644,safety/left_bumper,"FALSE"
2026-08-21 10:20:56.644,safety/right_bumper,"FALSE"
2026-08-21 10:20:56.644,safety/emergency_button,"FALSE"
2026-08-21 10:20:56.644,safety/suction_switch,"FALSE"
2026-08-21 10:20:56.644,rated_current_left,"0.000000"
2026-08-21 10:20:56.644,rated_current_right,"0.000000"
2026-08-21 10:20:56.644,odometry/filtered,"x:0.000000, y:0.000000, yaw:0.000000, cov_xx:0.002090, cov_yy:0.002216"
2026-08-21 10:20:56.645,safety/left_bumper,"FALSE"
2026-08-21 10:20:56.645,safety/right_bumper,"FALSE"
2026-08-21 10:20:56.645,safety/emergency_button,"FALSE"
2026-08-21 10:20:56.645,safety/suction_switch,"FALSE"
2026-08-21 10:20:56.645,rated_current_left,"0.000000"
2026-08-21 10:20:56.645,rated_current_right,"0.000000"
2026-08-21 10:20:56.645,odometry/filtered,"x:0.000000, y:0.000000, yaw:0.000000, cov_xx:0.001820, cov_yy:0.001916"
2026-08-21 10:20:56.645,safety/left_bumper,"FALSE"
2026-08-21 10:20:56.645,safety/right_bumper,"FALSE"
2026-08-21 10:20:56.645,safety/emergency_button,"FALSE"
2026-08-21 10:20:56.645,safety/suction_switch,"FALSE"
2026-08-21 10:20:56.645,rated_current_left,"0.000000"
2026-08-21 10:20:56.645,rated_current_right,"0.000000"
2026-08-21 10:20:56.645,odometry/filtered,"x:0.000000, y:0.000000, yaw:0.000000, cov_xx:0.001886, cov_yy:0.001991"
2026-08-21 10:20:56.645,safety/left_bumper,"FALSE"
2026-08-21 10:20:56.645,safety/right_bumper,"FALSE"
2026-08-21 10:20:56.645,safety/emergency_button,"FALSE"
2026-08-21 10:20:56.645,safety/suction_switch,"FALSE"
2026-08-21 10:20:56.645,rated_current_left,"0.000000"
2026-08-21 10:20:56.645,rated_current_right,"0.000000"
2026-08-21 10:20:56.646,odometry/filtered,"x:0.000000, y:0.000000, yaw:0.000000, cov_xx:0.001911, cov_yy:0.002019"
2026-08-21 10:20:56.646,safety/left_bumper,"FALSE"
2026-08-21 10:20:56.646,safety/right_bumper,"FALSE"
2026-08-21 10:20:56.646,safety/emergency_button,"FALSE"
2026-08-21 10:20:56.646,safety/suction_switch,"FALSE"
2026-08-21 10:20:56.646,rated_current_left,"0.000000"
2026-08-21 10:20:56.646,rated_current_right,"0.000000"
2026-08-21 10:20:56.646,odometry/filtered,"x:0.000000, y:0.000000, yaw:0.000000, cov_xx:0.001937, cov_yy:0.002048"
2026-08-21 10:20:56.646,safety/left_bumper,"FALSE"
2026-08-21 10:20:56.646,safety/right_bumper,"FALSE"
2026-08-21 10:20:56.646,safety/emergency_button,"FALSE"
2026-08-21 10:20:56.646,safety/suction_switch,"FALSE"
2026-08-21 10:20:56.646,rated_current_left,"0.000000"
2026-08-21 10:20:56.646,rated_current_right,"0.000000"
2026-08-21 10:20:56.646,odometry/filtered,"x:0.000000, y:0.000000, yaw:0.000000, cov_xx:0.001924, cov_yy:0.002034"
2026-08-21 10:20:56.646,safety/left_bumper,"FALSE"
2026-08-21 10:20:56.646,safety/right_bumper,"FALSE"
2026-08-21 10:20:56.646,safety/emergency_button,"FALSE"
2026-08-21 10:20:56.646,safety/suction_switch,"FALSE"
2026-08-21 10:20:56.647,rated_current_left,"0.000000"
2026-08-21 10:20:56.647,rated_current_right,"0.000000"
2026-08-21 10:20:56.647,odometry/filtered,"x:0.000000, y:0.000000, yaw:0.000000, cov_xx:0.001959, cov_yy:0.002072"
2026-08-21 10:20:56.647,safety/left_bumper,"FALSE"
2026-08-21 10:20:56.647,safety/right_bumper,"FALSE"
2026-08-21 10:20:56.647,safety/emergency_button,"FALSE"
2026-08-21 10:20:56.647,safety/suction_switch,"FALSE"
2026-08-21 10:20:56.647,rated_current_left,"0.000000"
2026-08-21 10:20:56.647,rated_current_right,"0.000000"
2026-08-21 10:20:56.647,odometry/filtered,"x:0.000000, y:0.000000, yaw:0.000000, cov_xx:0.001946, cov_yy:0.002057"
2026-08-21 10:20:56.647,safety/left_bumper,"FALSE"
2026-08-21 10:20:56.647,safety/right_bumper,"FALSE"
2026-08-21 10:20:56.647,safety/emergency_button,"FALSE"
2026-08-21 10:20:56.647,safety/suction_switch,"FALSE"
2026-08-21 10:20:56.647,rated_current_left,"0.000000"
2026-08-21 10:20:56.647,rated_current_right,"0.000000"
2026-08-21 10:20:56.658,rated_current_left,"0.000000"
2026-08-21 10:20:56.659,rated_current_right,"0.000000"
2026-08-21 10:20:56.674,odometry/filtered,"x:0.000000, y:0.000000, yaw:0.000000, cov_xx:0.001910, cov_yy:0.002018"
2026-08-21 10:20:56.699,odometry/filtered,"x:0.000000, y:0.000000, yaw:0.000000, cov_xx:0.001944, cov_yy:0.002055"
2026-08-21 10:20:56.699,safety/left_bumper,"FALSE"
2026-08-21 10:20:56.699,safety/right_bumper,"FALSE"
2026-08-21 10:20:56.699,safety/emergency_button,"FALSE"
2026-08-21 10:20:56.699,safety/suction_switch,"FALSE"
2026-08-21 10:20:56.699,rated_current_left,"0.000000"
2026-08-21 10:20:56.699,rated_current_right,"0.000000"
2026-08-21 10:20:56.724,rated_current_left,"0.000000"
2026-08-21 10:20:56.724,rated_current_right,"0.000000"
2026-08-21 10:20:56.734,safety/right_bumper,"FALSE"
2026-08-21 10:20:56.734,safety/emergency_button,"FALSE"
2026-08-21 10:20:56.734,safety/left_bumper,"FALSE"
2026-08-21 10:20:56.734,safety/suction_switch,"FALSE"
2026-08-21 10:20:56.734,battery/status,"100.000000%"
2026-08-21 10:20:56.738,odometry/filtered,"x:0.000000, y:0.000000, yaw:0.000000, cov_xx:0.001915, cov_yy:0.002024"
2026-08-21 10:20:56.755,rated_current_left,"0.000000"
2026-08-21 10:20:56.756,rated_current_right,"0.000000"
2026-08-21 10:20:56.775,odometry/filtered,"x:0.000000, y:0.000000, yaw:0.000000, cov_xx:0.001930, cov_yy:0.002040"
2026-08-21 10:20:56.785,safety/emergency_button,"FALSE"
2026-08-21 10:20:56.787,safety/left_bumper,"FALSE"
2026-08-21 10:20:56.787,safety/right_bumper,"FALSE"
2026-08-21 10:20:56.787,safety/suction_switch,"FALSE"
2026-08-21 10:20:56.787,rated_current_left,"0.000000"
2026-08-21 10:20:56.787,rated_current_right,"0.000000"
2026-08-21 10:20:56.795,odometry/filtered,"x:0.000000, y:0.000000, yaw:0.000000, cov_xx:0.001914, cov_yy:0.002022"
2026-08-21 10:20:56.818,robot_status,"ROBOT_STANDBY"
2026-08-21 10:20:56.818,rated_current_left,"0.000000"
2026-08-21 10:20:56.818,rated_current_right,"0.000000"
2026-08-21 10:20:56.836,safety/left_bumper,"FALSE"
2026-08-21 10:20:56.836,safety/right_bumper,"FALSE"
2026-08-21 10:20:56.836,safety/emergency_button,"FALSE"
2026-08-21 10:20:56.836,safety/suction_switch,"FALSE"
2026-08-21 10:20:56.836,battery/status,"100.000000%"
2026-08-21 10:20:56.837,odometry/filtered,"x:0.000000, y:0.000000, yaw:0.000000, cov_xx:0.002004, cov_yy:0.002122"
2026-08-21 10:20:56.844,particle_cloud,"count:800, spread:0.290161"
2026-08-21 10:20:56.849,rated_current_left,"0.000000"
2026-08-21 10:20:56.849,rated_current_right,"0.000000"
2026-08-21 10:20:56.855,odometry/filtered,"x:0.000000, y:0.000000, yaw:0.000000, cov_xx:0.001897, cov_yy:0.002003"
2026-08-21 10:20:56.880,rated_current_left,"0.000000"
2026-08-21 10:20:56.880,rated_current_right,"0.000000"
2026-08-21 10:20:56.884,safety/emergency_button,"FALSE"
2026-08-21 10:20:56.884,safety/right_bumper,"FALSE"
2026-08-21 10:20:56.884,safety/left_bumper,"FALSE"
2026-08-21 10:20:56.885,safety/suction_switch,"FALSE"
2026-08-21 10:20:56.895,odometry/filtered,"x:0.000000, y:0.000000, yaw:0.000000, cov_xx:0.001900, cov_yy:0.002007"
2026-08-21 10:20:56.913,rated_current_left,"0.000000"
2026-08-21 10:20:56.913,rated_current_right,"0.000000"
2026-08-21 10:20:56.915,odometry/filtered,"x:0.000000, y:0.000000, yaw:0.000000, cov_xx:0.001933, cov_yy:0.002043"
2026-08-21 10:20:56.934,safety/emergency_button,"FALSE"
2026-08-21 10:20:56.934,safety/left_bumper,"FALSE"
2026-08-21 10:20:56.934,safety/right_bumper,"FALSE"
2026-08-21 10:20:56.934,safety/suction_switch,"FALSE"
2026-08-21 10:20:56.934,battery/status,"100.000000%"
2026-08-21 10:20:56.945,rated_current_left,"0.000000"
2026-08-21 10:20:56.945,rated_current_right,"0.000000"
2026-08-21 10:20:56.955,odometry/filtered,"x:0.000000, y:0.000000, yaw:0.000000, cov_xx:0.001924, cov_yy:0.002034"
2026-08-21 10:20:56.976,rated_current_left,"0.000000"
2026-08-21 10:20:56.976,rated_current_right,"0.000000"
2026-08-21 10:20:56.984,safety/left_bumper,"FALSE"
2026-08-21 10:20:56.984,safety/right_bumper,"FALSE"
2026-08-21 10:20:56.984,safety/emergency_button,"FALSE"
2026-08-21 10:20:56.984,safety/suction_switch,"FALSE"
2026-08-21 10:20:56.996,odometry/filtered,"x:0.000000, y:0.000000, yaw:0.000000, cov_xx:0.001923, cov_yy:0.002032"
2026-08-21 10:20:57.010,rated_current_left,"0.000000"
2026-08-21 10:20:57.010,rated_current_right,"0.000000"
2026-08-21 10:20:57.015,odometry/filtered,"x:0.000000, y:0.000000, yaw:0.000000, cov_xx:0.001982, cov_yy:0.002097"
2026-08-21 10:20:57.034,safety/emergency_button,"FALSE"
2026-08-21 10:20:57.034,safety/left_bumper,"FALSE"
2026-08-21 10:20:57.034,safety/right_bumper,"FALSE"
2026-08-21 10:20:57.034,safety/suction_switch,"FALSE"
2026-08-21 10:20:57.035,battery/status,"100.000000%"
2026-08-21 10:20:57.040,rated_current_left,"0.000000"
2026-08-21 10:20:57.041,rated_current_right,"0.000000"
2026-08-21 10:20:57.043,particle_cloud,"count:800, spread:0.273997"
2026-08-21 10:20:57.055,odometry/filtered,"x:0.000000, y:0.000000, yaw:0.000000, cov_xx:0.001896, cov_yy:0.002002"
2026-08-21 10:20:57.073,rated_current_left,"0.000000"
2026-08-21 10:20:57.073,rated_current_right,"0.000000"
2026-08-21 10:20:57.083,safety/emergency_button,"FALSE"
2026-08-21 10:20:57.084,safety/left_bumper,"FALSE"
2026-08-21 10:20:57.084,safety/right_bumper,"FALSE"
2026-08-21 10:20:57.084,safety/suction_switch,"FALSE"
2026-08-21 10:20:57.096,odometry/filtered,"x:0.000000, y:0.000000, yaw:0.000000, cov_xx:0.001935, cov_yy:0.002045"
2026-08-21 10:20:57.107,rated_current_left,"0.000000"
2026-08-21 10:20:57.107,rated_current_right,"0.000000"
2026-08-21 10:20:57.115,odometry/filtered,"x:0.000000, y:0.000000, yaw:0.000000, cov_xx:0.001926, cov_yy:0.002036"
2026-08-21 10:20:57.133,safety/emergency_button,"FALSE"
2026-08-21 10:20:57.134,battery/status,"100.000000%"
2026-08-21 10:20:57.134,safety/left_bumper,"FALSE"
2026-08-21 10:20:57.134,safety/right_bumper,"FALSE"
2026-08-21 10:20:57.134,safety/suction_switch,"FALSE"
2026-08-21 10:20:57.138,rated_current_left,"0.000000"
2026-08-21 10:20:57.138,rated_current_right,"0.000000"
2026-08-21 10:20:57.155,odometry/filtered,"x:0.000000, y:0.000000, yaw:0.000000, cov_xx:0.001917, cov_yy:0.002026"
2026-08-21 10:20:57.168,rated_current_left,"0.000000"
2026-08-21 10:20:57.168,rated_current_right,"0.000000"
2026-08-21 10:20:57.174,odometry/filtered,"x:0.000000, y:0.000000, yaw:0.000000, cov_xx:0.001935, cov_yy:0.002046"
2026-08-21 10:20:57.183,safety/emergency_button,"FALSE"
2026-08-21 10:20:57.184,safety/left_bumper,"FALSE"
2026-08-21 10:20:57.184,safety/right_bumper,"FALSE"
2026-08-21 10:20:57.184,safety/suction_switch,"FALSE"
2026-08-21 10:20:57.201,rated_current_left,"0.000000"
2026-08-21 10:20:57.204,rated_current_right,"0.000000"
2026-08-21 10:20:57.215,odometry/filtered,"x:0.000000, y:0.000000, yaw:0.000000, cov_xx:0.001922, cov_yy:0.002031"
2026-08-21 10:20:57.232,rated_current_left,"0.000000"
2026-08-21 10:20:57.233,rated_current_right,"0.000000"
2026-08-21 10:20:57.234,safety/emergency_button,"FALSE"
2026-08-21 10:20:57.234,safety/left_bumper,"FALSE"
2026-08-21 10:20:57.235,safety/right_bumper,"FALSE"
2026-08-21 10:20:57.236,battery/status,"100.000000%"
2026-08-21 10:20:57.236,odometry/filtered,"x:0.000000, y:0.000000, yaw:0.000000, cov_xx:0.001933, cov_yy:0.002043"
2026-08-21 10:20:57.236,safety/suction_switch,"FALSE"
2026-08-21 10:20:57.244,particle_cloud,"count:800, spread:0.285242"
2026-08-21 10:20:57.263,rated_current_left,"0.000000"
2026-08-21 10:20:57.264,rated_current_right,"0.000000"
2026-08-21 10:20:57.275,odometry/filtered,"x:0.000000, y:0.000000, yaw:0.000000, cov_xx:0.001930, cov_yy:0.002040"
2026-08-21 10:20:57.283,safety/emergency_button,"FALSE"
2026-08-21 10:20:57.284,safety/right_bumper,"FALSE"
2026-08-21 10:20:57.284,safety/left_bumper,"FALSE"
2026-08-21 10:20:57.284,safety/suction_switch,"FALSE"
2026-08-21 10:20:57.298,rated_current_left,"0.000000"
2026-08-21 10:20:57.299,rated_current_right,"0.000000"
2026-08-21 10:20:57.315,odometry/filtered,"x:0.000000, y:0.000000, yaw:0.000000, cov_xx:0.001937, cov_yy:0.002048"
2026-08-21 10:20:57.316,robot_status,"ROBOT_STANDBY"
2026-08-21 10:20:57.328,rated_current_left,"0.000000"
2026-08-21 10:20:57.328,rated_current_right,"0.000000"
2026-08-21 10:20:57.334,safety/left_bumper,"FALSE"
2026-08-21 10:20:57.334,safety/right_bumper,"FALSE"
2026-08-21 10:20:57.334,safety/emergency_button,"FALSE"
2026-08-21 10:20:57.334,safety/suction_switch,"FALSE"
2026-08-21 10:20:57.334,battery/status,"100.000000%"
2026-08-21 10:20:57.335,odometry/filtered,"x:0.000000, y:0.000000, yaw:0.000000, cov_xx:0.001923, cov_yy:0.002033"
2026-08-21 10:20:57.359,rated_current_left,"0.000000"
2026-08-21 10:20:57.359,rated_current_right,"0.000000"
2026-08-21 10:20:57.375,odometry/filtered,"x:0.000000, y:0.000000, yaw:0.000000, cov_xx:0.001933, cov_yy:0.002043"
2026-08-21 10:20:57.384,safety/left_bumper,"FALSE"
2026-08-21 10:20:57.384,safety/right_bumper,"FALSE"
2026-08-21 10:20:57.384,safety/emergency_button,"FALSE"
2026-08-21 10:20:57.384,safety/suction_switch,"FALSE"
2026-08-21 10:20:57.396,rated_current_left,"0.000000"
2026-08-21 10:20:57.396,rated_current_right,"0.000000"
2026-08-21 10:20:57.397,odometry/filtered,"x:0.000000, y:0.000000, yaw:0.000000, cov_xx:0.001935, cov_yy:0.002045"
2026-08-21 10:20:57.423,rated_current_left,"0.000000"
2026-08-21 10:20:57.423,rated_current_right,"0.000000"
2026-08-21 10:20:57.433,safety/emergency_button,"FALSE"
2026-08-21 10:20:57.433,safety/left_bumper,"FALSE"
2026-08-21 10:20:57.433,safety/right_bumper,"FALSE"
2026-08-21 10:20:57.434,safety/suction_switch,"FALSE"
2026-08-21 10:20:57.434,battery/status,"100.000000%"
2026-08-21 10:20:57.436,odometry/filtered,"x:0.000000, y:0.000000, yaw:0.000000, cov_xx:0.001923, cov_yy:0.002032"
2026-08-21 10:20:57.443,particle_cloud,"count:800, spread:0.278577"
2026-08-21 10:20:57.455,rated_current_left,"0.000000"
2026-08-21 10:20:57.455,rated_current_right,"0.000000"
2026-08-21 10:20:57.475,odometry/filtered,"x:0.000000, y:0.000000, yaw:0.000000, cov_xx:0.001934, cov_yy:0.002044"
2026-08-21 10:20:57.483,safety/emergency_button,"FALSE"
2026-08-21 10:20:57.483,safety/left_bumper,"FALSE"
2026-08-21 10:20:57.483,safety/right_bumper,"FALSE"
2026-08-21 10:20:57.483,safety/suction_switch,"FALSE"
2026-08-21 10:20:57.487,rated_current_left,"0.000000"
2026-08-21 10:20:57.487,rated_current_right,"0.000000"
2026-08-21 10:20:57.496,odometry/filtered,"x:0.000000, y:0.000000, yaw:0.000000, cov_xx:0.001929, cov_yy:0.002038"
2026-08-21 10:20:57.519,rated_current_left,"0.000000"
2026-08-21 10:20:57.519,rated_current_right,"0.000000"
2026-08-21 10:20:57.533,safety/emergency_button,"FALSE"
2026-08-21 10:20:57.533,safety/left_bumper,"FALSE"
2026-08-21 10:20:57.533,safety/right_bumper,"FALSE"
2026-08-21 10:20:57.533,safety/suction_switch,"FALSE"
2026-08-21 10:20:57.534,battery/status,"100.000000%"
2026-08-21 10:20:57.535,odometry/filtered,"x:0.000000, y:0.000000, yaw:0.000000, cov_xx:0.001938, cov_yy:0.002048"
2026-08-21 10:20:57.552,rated_current_left,"0.000000"
2026-08-21 10:20:57.552,rated_current_right,"0.000000"
2026-08-21 10:20:57.575,odometry/filtered,"x:0.000000, y:0.000000, yaw:0.000000, cov_xx:0.001954, cov_yy:0.002067"
2026-08-21 10:20:57.583,rated_current_left,"0.000000"
2026-08-21 10:20:57.583,rated_current_right,"0.000000"
2026-08-21 10:20:57.584,safety/left_bumper,"FALSE"
2026-08-21 10:20:57.584,safety/right_bumper,"FALSE"
2026-08-21 10:20:57.584,safety/emergency_button,"FALSE"
2026-08-21 10:20:57.584,safety/suction_switch,"FALSE"
2026-08-21 10:20:57.596,odometry/filtered,"x:0.000000, y:0.000000, yaw:0.000000, cov_xx:0.001909, cov_yy:0.002017"
2026-08-21 10:20:57.614,rated_current_left,"0.000000"
2026-08-21 10:20:57.615,rated_current_right,"0.000000"
2026-08-21 10:20:57.633,safety/emergency_button,"FALSE"
2026-08-21 10:20:57.633,safety/right_bumper,"FALSE"
2026-08-21 10:20:57.633,battery/status,"100.000000%"
2026-08-21 10:20:57.634,safety/left_bumper,"FALSE"
2026-08-21 10:20:57.634,safety/suction_switch,"FALSE"
2026-08-21 10:20:57.635,odometry/filtered,"x:0.000000, y:0.000000, yaw:0.000000, cov_xx:0.001929, cov_yy:0.002039"
2026-08-21 10:20:57.643,particle_cloud,"count:800, spread:0.294168"
2026-08-21 10:20:57.648,rated_current_left,"0.000000"
2026-08-21 10:20:57.648,rated_current_right,"0.000000"
2026-08-21 10:20:57.656,odometry/filtered,"x:0.000000, y:0.000000, yaw:0.000000, cov_xx:0.001935, cov_yy:0.002045"
2026-08-21 10:20:57.679,rated_current_left,"0.000000"
2026-08-21 10:20:57.679,rated_current_right,"0.000000"
2026-08-21 10:20:57.683,safety/left_bumper,"FALSE"
2026-08-21 10:20:57.683,safety/right_bumper,"FALSE"
2026-08-21 10:20:57.683,safety/emergency_button,"FALSE"
2026-08-21 10:20:57.683,safety/suction_switch,"FALSE"
2026-08-21 10:20:57.695,odometry/filtered,"x:0.000000, y:0.000000, yaw:0.000000, cov_xx:0.001938, cov_yy:0.002048"
2026-08-21 10:20:57.712,rated_current_left,"0.000000"
2026-08-21 10:20:57.712,rated_current_right,"0.000000"
2026-08-21 10:20:57.714,odometry/filtered,"x:0.000000, y:0.000000, yaw:0.000000, cov_xx:0.001942, cov_yy:0.002053"
2026-08-21 10:20:57.733,safety/right_bumper,"FALSE"
2026-08-21 10:20:57.733,safety/emergency_button,"FALSE"
2026-08-21 10:20:57.733,safety/left_bumper,"FALSE"
2026-08-21 10:20:57.733,safety/suction_switch,"FALSE"
2026-08-21 10:20:57.734,battery/status,"100.000000%"
2026-08-21 10:20:57.742,rated_current_left,"0.000000"
2026-08-21 10:20:57.743,rated_current_right,"0.000000"
2026-08-21 10:20:57.754,odometry/filtered,"x:0.000000, y:0.000000, yaw:0.000000, cov_xx:0.001922, cov_yy:0.002031"
2026-08-21 10:20:57.777,rated_current_left,"0.000000"
2026-08-21 10:20:57.777,rated_current_right,"0.000000"
2026-08-21 10:20:57.787,safety/left_bumper,"FALSE"
2026-08-21 10:20:57.787,safety/right_bumper,"FALSE"
2026-08-21 10:20:57.787,safety/emergency_button,"FALSE"
2026-08-21 10:20:57.787,safety/suction_switch,"FALSE"
2026-08-21 10:20:57.796,odometry/filtered,"x:0.000000, y:0.000000, yaw:0.000000, cov_xx:0.001924, cov_yy:0.002033"
2026-08-21 10:20:57.807,rated_current_left,"0.000000"
2026-08-21 10:20:57.807,rated_current_right,"0.000000"
2026-08-21 10:20:57.814,odometry/filtered,"x:0.000000, y:0.000000, yaw:0.000000, cov_xx:0.001934, cov_yy:0.002044"
2026-08-21 10:20:57.816,robot_status,"ROBOT_STANDBY"
2026-08-21 10:20:57.833,safety/emergency_button,"FALSE"
2026-08-21 10:20:57.834,battery/status,"100.000000%"
2026-08-21 10:20:57.834,safety/left_bumper,"FALSE"
2026-08-21 10:20:57.834,safety/right_bumper,"FALSE"
2026-08-21 10:20:57.835,safety/suction_switch,"FALSE"
2026-08-21 10:20:57.843,particle_cloud,"count:800, spread:0.280550"
2026-08-21 10:20:57.843,rated_current_left,"0.000000"
2026-08-21 10:20:57.843,rated_current_right,"0.000000"
2026-08-21 10:20:57.855,odometry/filtered,"x:0.000000, y:0.000000, yaw:0.000000, cov_xx:0.001952, cov_yy:0.002064"
2026-08-21 10:20:57.870,rated_current_left,"0.000000"
2026-08-21 10:20:57.872,rated_current_right,"0.000000"
2026-08-21 10:20:57.876,odometry/filtered,"x:0.000000, y:0.000000, yaw:0.000000, cov_xx:0.001923, cov_yy:0.002032"
2026-08-21 10:20:57.883,safety/left_bumper,"FALSE"
2026-08-21 10:20:57.883,safety/right_bumper,"FALSE"
2026-08-21 10:20:57.883,safety/emergency_button,"FALSE"
2026-08-21 10:20:57.883,safety/suction_switch,"FALSE"
2026-08-21 10:20:57.903,rated_current_left,"0.000000"
2026-08-21 10:20:57.904,rated_current_right,"0.000000"
2026-08-21 10:20:57.914,odometry/filtered,"x:0.000000, y:0.000000, yaw:0.000000, cov_xx:0.001938, cov_yy:0.002048"
2026-08-21 10:20:57.933,safety/emergency_button,"FALSE"
2026-08-21 10:20:57.933,rated_current_left,"0.000000"
2026-08-21 10:20:57.933,rated_current_right,"0.000000"
2026-08-21 10:20:57.933,safety/right_bumper,"FALSE"
2026-08-21 10:20:57.933,safety/left_bumper,"FALSE"
2026-08-21 10:20:57.934,safety/suction_switch,"FALSE"
2026-08-21 10:20:57.934,battery/status,"100.000000%"
2026-08-21 10:20:57.957,odometry/filtered,"x:0.000000, y:0.000000, yaw:0.000000, cov_xx:0.001938, cov_yy:0.002049"
2026-08-21 10:20:57.967,rated_current_left,"0.000000"
2026-08-21 10:20:57.967,rated_current_right,"0.000000"
2026-08-21 10:20:57.974,odometry/filtered,"x:0.000000, y:0.000000, yaw:0.000000, cov_xx:0.001932, cov_yy:0.002042"
2026-08-21 10:20:57.987,safety/emergency_button,"FALSE"
2026-08-21 10:20:57.987,safety/right_bumper,"FALSE"
2026-08-21 10:20:57.987,safety/left_bumper,"FALSE"
2026-08-21 10:20:57.987,safety/suction_switch,"FALSE"
2026-08-21 10:20:57.997,rated_current_left,"0.000000"
2026-08-21 10:20:57.998,rated_current_right,"0.000000"
2026-08-21 10:20:58.014,odometry/filtered,"x:0.000000, y:0.000000, yaw:0.000000, cov_xx:0.001902, cov_yy:0.002009"
2026-08-21 10:20:58.032,rated_current_left,"0.000000"
2026-08-21 10:20:58.032,rated_current_right,"0.000000"
2026-08-21 10:20:58.032,safety/emergency_button,"FALSE"
2026-08-21 10:20:58.033,safety/right_bumper,"FALSE"
2026-08-21 10:20:58.033,safety/left_bumper,"FALSE"
2026-08-21 10:20:58.033,safety/suction_switch,"FALSE"
2026-08-21 10:20:58.033,battery/status,"100.000000%"
2026-08-21 10:20:58.037,odometry/filtered,"x:0.000000, y:0.000000, yaw:0.000000, cov_xx:0.001934, cov_yy:0.002044"
2026-08-21 10:20:58.042,particle_cloud,"count:800, spread:0.291224"
2026-08-21 10:20:58.062,rated_current_left,"0.000000"
2026-08-21 10:20:58.064,rated_current_right,"0.000000"
2026-08-21 10:20:58.074,odometry/filtered,"x:0.000000, y:0.000000, yaw:0.000000, cov_xx:0.001936, cov_yy:0.002046"
2026-08-21 10:20:58.084,safety/left_bumper,"FALSE"
2026-08-21 10:20:58.084,safety/right_bumper,"FALSE"
2026-08-21 10:20:58.084,safety/emergency_button,"FALSE"
2026-08-21 10:20:58.084,safety/suction_switch,"FALSE"
2026-08-21 10:20:58.095,rated_current_left,"0.000000"
2026-08-21 10:20:58.096,rated_current_right,"0.000000"
2026-08-21 10:20:58.115,odometry/filtered,"x:0.000000, y:0.000000, yaw:0.000000, cov_xx:0.001938, cov_yy:0.002049"
2026-08-21 10:20:58.126,rated_current_left,"0.000000"
2026-08-21 10:20:58.127,rated_current_right,"0.000000"
2026-08-21 10:20:58.127,robot_lock,"FALSE"
2026-08-21 10:20:58.137,battery/status,"100.000000%"
2026-08-21 10:20:58.137,odometry/filtered,"x:0.000000, y:0.000000, yaw:0.000000, cov_xx:0.001930, cov_yy:0.002040"
2026-08-21 10:20:58.137,safety/left_bumper,"FALSE"
2026-08-21 10:20:58.137,safety/right_bumper,"FALSE"
2026-08-21 10:20:58.137,safety/emergency_button,"FALSE"
2026-08-21 10:20:58.137,safety/suction_switch,"FALSE"
2026-08-21 10:20:58.158,rated_current_left,"0.000000"
2026-08-21 10:20:58.158,rated_current_right,"0.000000"
2026-08-21 10:20:58.175,odometry/filtered,"x:0.000000, y:0.000000, yaw:0.000000, cov_xx:0.001921, cov_yy:0.002030"
2026-08-21 10:20:58.183,safety/emergency_button,"FALSE"
2026-08-21 10:20:58.183,safety/left_bumper,"FALSE"
2026-08-21 10:20:58.184,safety/right_bumper,"FALSE"
2026-08-21 10:20:58.184,safety/suction_switch,"FALSE"
2026-08-21 10:20:58.190,rated_current_left,"0.000000"
2026-08-21 10:20:58.191,rated_current_right,"0.000000"
2026-08-21 10:20:58.195,odometry/filtered,"x:0.000000, y:0.000000, yaw:0.000000, cov_xx:0.001943, cov_yy:0.002054"
2026-08-21 10:20:58.222,rated_current_left,"0.000000"
2026-08-21 10:20:58.222,rated_current_right,"0.000000"
2026-08-21 10:20:58.236,battery/status,"100.000000%"
2026-08-21 10:20:58.237,odometry/filtered,"x:0.000000, y:0.000000, yaw:0.000000, cov_xx:0.001923, cov_yy:0.002033"
2026-08-21 10:20:58.237,safety/left_bumper,"FALSE"
2026-08-21 10:20:58.237,safety/right_bumper,"FALSE"
2026-08-21 10:20:58.237,safety/emergency_button,"FALSE"
2026-08-21 10:20:58.237,safety/suction_switch,"FALSE"
2026-08-21 10:20:58.243,particle_cloud,"count:800, spread:0.287334"
2026-08-21 10:20:58.253,rated_current_left,"0.000000"
2026-08-21 10:20:58.254,rated_current_right,"0.000000"
2026-08-21 10:20:58.254,odometry/filtered,"x:0.000000, y:0.000000, yaw:0.000000, cov_xx:0.001924, cov_yy:0.002033"
2026-08-21 10:20:58.285,safety/left_bumper,"FALSE"
2026-08-21 10:20:58.286,safety/right_bumper,"FALSE"
2026-08-21 10:20:58.286,safety/emergency_button,"FALSE"
2026-08-21 10:20:58.286,safety/suction_switch,"FALSE"
2026-08-21 10:20:58.286,rated_current_left,"0.000000"
2026-08-21 10:20:58.286,rated_current_right,"0.000000"
2026-08-21 10:20:58.294,odometry/filtered,"x:0.000000, y:0.000000, yaw:0.000000, cov_xx:0.001973, cov_yy:0.002087"
2026-08-21 10:20:58.314,robot_status,"ROBOT_STANDBY"
2026-08-21 10:20:58.318,rated_current_left,"0.000000"
2026-08-21 10:20:58.319,rated_current_right,"0.000000"
2026-08-21 10:20:58.332,safety/emergency_button,"FALSE"
2026-08-21 10:20:58.332,safety/left_bumper,"FALSE"
2026-08-21 10:20:58.332,safety/right_bumper,"FALSE"
2026-08-21 10:20:58.332,safety/suction_switch,"FALSE"
2026-08-21 10:20:58.337,battery/status,"100.000000%"
2026-08-21 10:20:58.337,odometry/filtered,"x:0.000000, y:0.000000, yaw:0.000000, cov_xx:0.001931, cov_yy:0.002040"
2026-08-21 10:20:58.349,rated_current_left,"0.000000"
2026-08-21 10:20:58.349,rated_current_right,"0.000000"
2026-08-21 10:20:58.355,odometry/filtered,"x:0.000000, y:0.000000, yaw:0.000000, cov_xx:0.001897, cov_yy:0.002003"
2026-08-21 10:20:58.381,rated_current_left,"0.000000"
2026-08-21 10:20:58.381,rated_current_right,"0.000000"
2026-08-21 10:20:58.382,safety/emergency_button,"FALSE"
2026-08-21 10:20:58.382,safety/left_bumper,"FALSE"
2026-08-21 10:20:58.382,safety/right_bumper,"FALSE"
2026-08-21 10:20:58.382,safety/suction_switch,"FALSE"
2026-08-21 10:20:58.398,odometry/filtered,"x:0.000000, y:0.000000, yaw:0.000000, cov_xx:0.001933, cov_yy:0.002043"
2026-08-21 10:20:58.412,rated_current_left,"0.000000"
2026-08-21 10:20:58.412,rated_current_right,"0.000000"
2026-08-21 10:20:58.414,odometry/filtered,"x:0.000000, y:0.000000, yaw:0.000000, cov_xx:0.001921, cov_yy:0.002030"
2026-08-21 10:20:58.432,safety/emergency_button,"FALSE"
2026-08-21 10:20:58.432,safety/right_bumper,"FALSE"
2026-08-21 10:20:58.434,battery/status,"100.000000%"
2026-08-21 10:20:58.434,safety/left_bumper,"FALSE"
2026-08-21 10:20:58.434,safety/suction_switch,"FALSE"
2026-08-21 10:20:58.442,particle_cloud,"count:800, spread:0.294149"
2026-08-21 10:20:58.444,rated_current_left,"0.000000"
2026-08-21 10:20:58.444,rated_current_right,"0.000000"
2026-08-21 10:20:58.456,odometry/filtered,"x:0.000000, y:0.000000, yaw:0.000000, cov_xx:0.001929, cov_yy:0.002039"
2026-08-21 10:20:58.477,rated_current_left,"0.000000"
2026-08-21 10:20:58.477,rated_current_right,"0.000000"
2026-08-21 10:20:58.482,safety/emergency_button,"FALSE"
2026-08-21 10:20:58.482,safety/left_bumper,"FALSE"
2026-08-21 10:20:58.482,safety/right_bumper,"FALSE"
2026-08-21 10:20:58.482,safety/suction_switch,"FALSE"
2026-08-21 10:20:58.494,odometry/filtered,"x:0.000000, y:0.000000, yaw:0.000000, cov_xx:0.001932, cov_yy:0.002042"
2026-08-21 10:20:58.508,rated_current_left,"0.000000"
2026-08-21 10:20:58.508,rated_current_right,"0.000000"
2026-08-21 10:20:58.514,odometry/filtered,"x:0.000000, y:0.000000, yaw:0.000000, cov_xx:0.001932, cov_yy:0.002042"
2026-08-21 10:20:58.532,safety/emergency_button,"FALSE"
2026-08-21 10:20:58.533,safety/left_bumper,"FALSE"
2026-08-21 10:20:58.533,safety/right_bumper,"FALSE"
2026-08-21 10:20:58.533,safety/suction_switch,"FALSE"
2026-08-21 10:20:58.533,battery/status,"100.000000%"
2026-08-21 10:20:58.540,rated_current_left,"0.000000"
2026-08-21 10:20:58.541,rated_current_right,"0.000000"
2026-08-21 10:20:58.556,odometry/filtered,"x:0.000000, y:0.000000, yaw:0.000000, cov_xx:0.001932, cov_yy:0.002042"
2026-08-21 10:20:58.572,rated_current_left,"0.000000"
2026-08-21 10:20:58.572,rated_current_right,"0.000000"
2026-08-21 10:20:58.575,odometry/filtered,"x:0.000000, y:0.000000, yaw:0.000000, cov_xx:0.001933, cov_yy:0.002043"
2026-08-21 10:20:58.582,safety/emergency_button,"FALSE"
2026-08-21 10:20:58.582,safety/left_bumper,"FALSE"
2026-08-21 10:20:58.582,safety/right_bumper,"FALSE"
2026-08-21 10:20:58.582,safety/suction_switch,"FALSE"
2026-08-21 10:20:58.605,rated_current_left,"0.000000"
2026-08-21 10:20:58.605,rated_current_right,"0.000000"
2026-08-21 10:20:58.616,odometry/filtered,"x:0.000000, y:0.000000, yaw:0.000000, cov_xx:0.001938, cov_yy:0.002049"
2026-08-21 10:20:58.632,safety/emergency_button,"FALSE"
2026-08-21 10:20:58.632,safety/left_bumper,"FALSE"
2026-08-21 10:20:58.632,safety/right_bumper,"FALSE"
2026-08-21 10:20:58.640,safety/suction_switch,"FALSE"
2026-08-21 10:20:58.640,battery/status,"100.000000%"
2026-08-21 10:20:58.640,rated_current_left,"0.000000"
2026-08-21 10:20:58.640,rated_current_right,"0.000000"
2026-08-21 10:20:58.642,particle_cloud,"count:800, spread:0.283850"
2026-08-21 10:20:58.655,odometry/filtered,"x:0.000000, y:0.000000, yaw:0.000000, cov_xx:0.001925, cov_yy:0.002034"
2026-08-21 10:20:58.671,rated_current_left,"0.000000"
2026-08-21 10:20:58.671,rated_current_right,"0.000000"
2026-08-21 10:20:58.675,odometry/filtered,"x:0.000000, y:0.000000, yaw:0.000000, cov_xx:0.001936, cov_yy:0.002046"
2026-08-21 10:20:58.685,safety/left_bumper,"FALSE"
2026-08-21 10:20:58.685,safety/right_bumper,"FALSE"
2026-08-21 10:20:58.686,safety/emergency_button,"FALSE"
2026-08-21 10:20:58.686,safety/suction_switch,"FALSE"
2026-08-21 10:20:58.700,rated_current_left,"0.000000"
2026-08-21 10:20:58.702,rated_current_right,"0.000000"
2026-08-21 10:20:58.714,odometry/filtered,"x:0.000000, y:0.000000, yaw:0.000000, cov_xx:0.001925, cov_yy:0.002034"
2026-08-21 10:20:58.732,safety/right_bumper,"FALSE"
2026-08-21 10:20:58.732,safety/emergency_button,"FALSE"
2026-08-21 10:20:58.733,safety/left_bumper,"FALSE"
2026-08-21 10:20:58.733,safety/suction_switch,"FALSE"
2026-08-21 10:20:58.734,battery/status,"100.000000%"
2026-08-21 10:20:58.737,rated_current_left,"0.000000"
2026-08-21 10:20:58.739,rated_current_right,"0.000000"
2026-08-21 10:20:58.754,odometry/filtered,"x:0.000000, y:0.000000, yaw:0.000000, cov_xx:0.002007, cov_yy:0.002124"
2026-08-21 10:20:58.763,rated_current_left,"0.000000"
2026-08-21 10:20:58.764,rated_current_right,"0.000000"
2026-08-21 10:20:58.774,odometry/filtered,"x:0.000000, y:0.000000, yaw:0.000000, cov_xx:0.001879, cov_yy:0.001983"
2026-08-21 10:20:58.782,safety/emergency_button,"FALSE"
2026-08-21 10:20:58.782,safety/left_bumper,"FALSE"
2026-08-21 10:20:58.783,safety/right_bumper,"FALSE"
2026-08-21 10:20:58.783,safety/suction_switch,"FALSE"
2026-08-21 10:20:58.805,rated_current_left,"0.000000"
2026-08-21 10:20:58.805,rated_current_right,"0.000000"
2026-08-21 10:20:58.815,robot_status,"ROBOT_STANDBY"
2026-08-21 10:20:58.816,speaker/sound_command,"tts:안녕하세요."
2026-08-21 10:20:58.818,odometry/filtered,"x:0.000000, y:0.000000, yaw:0.000000, cov_xx:0.002015, cov_yy:0.002133"
2026-08-21 10:20:58.827,rated_current_left,"0.000000"
2026-08-21 10:20:58.829,rated_current_right,"0.000000"
2026-08-21 10:20:58.833,safety/left_bumper,"FALSE"
2026-08-21 10:20:58.835,safety/right_bumper,"FALSE"
2026-08-21 10:20:58.835,safety/emergency_button,"FALSE"
2026-08-21 10:20:58.835,safety/suction_switch,"FALSE"
2026-08-21 10:20:58.836,battery/status,"100.000000%"
2026-08-21 10:20:58.836,odometry/filtered,"x:0.000000, y:0.000000, yaw:0.000000, cov_xx:0.001855, cov_yy:0.001956"
2026-08-21 10:20:58.842,particle_cloud,"count:800, spread:0.278693"
2026-08-21 10:20:58.860,rated_current_left,"0.000000"
2026-08-21 10:20:58.862,rated_current_right,"0.000000"
2026-08-21 10:20:58.875,odometry/filtered,"x:0.000000, y:0.000000, yaw:0.000000, cov_xx:0.001912, cov_yy:0.002020"
2026-08-21 10:20:58.883,safety/emergency_button,"FALSE"
2026-08-21 10:20:58.883,safety/left_bumper,"FALSE"
2026-08-21 10:20:58.883,safety/right_bumper,"FALSE"
2026-08-21 10:20:58.883,safety/suction_switch,"FALSE"
2026-08-21 10:20:58.891,rated_current_left,"0.000000"
2026-08-21 10:20:58.893,rated_current_right,"0.000000"
2026-08-21 10:20:58.895,odometry/filtered,"x:0.000000, y:0.000000, yaw:0.000000, cov_xx:0.001913, cov_yy:0.002022"
2026-08-21 10:20:58.923,rated_current_left,"0.000000"
2026-08-21 10:20:58.924,rated_current_right,"0.000000"
2026-08-21 10:20:58.933,battery/status,"100.000000%"
2026-08-21 10:20:58.933,safety/left_bumper,"FALSE"
2026-08-21 10:20:58.933,safety/right_bumper,"FALSE"
2026-08-21 10:20:58.933,safety/emergency_button,"FALSE"
2026-08-21 10:20:58.933,safety/suction_switch,"FALSE"
2026-08-21 10:20:58.936,odometry/filtered,"x:0.000000, y:0.000000, yaw:0.000000, cov_xx:0.001920, cov_yy:0.002029"
2026-08-21 10:20:58.955,rated_current_left,"0.000000"
2026-08-21 10:20:58.955,rated_current_right,"0.000000"
2026-08-21 10:20:58.976,odometry/filtered,"x:0.000000, y:0.000000, yaw:0.000000, cov_xx:0.001928, cov_yy:0.002038"
2026-08-21 10:20:58.982,safety/right_bumper,"FALSE"
2026-08-21 10:20:58.982,safety/emergency_button,"FALSE"
2026-08-21 10:20:58.982,safety/left_bumper,"FALSE"
2026-08-21 10:20:58.982,safety/suction_switch,"FALSE"
2026-08-21 10:20:58.990,rated_current_left,"0.000000"
2026-08-21 10:20:58.990,rated_current_right,"0.000000"
2026-08-21 10:20:58.995,odometry/filtered,"x:0.000000, y:0.000000, yaw:0.000000, cov_xx:0.001984, cov_yy:0.002099"
2026-08-21 10:20:59.020,rated_current_left,"0.000000"
2026-08-21 10:20:59.020,rated_current_right,"0.000000"
2026-08-21 10:20:59.032,safety/emergency_button,"FALSE"
2026-08-21 10:20:59.032,safety/left_bumper,"FALSE"
2026-08-21 10:20:59.032,safety/right_bumper,"FALSE"
2026-08-21 10:20:59.032,safety/suction_switch,"FALSE"
2026-08-21 10:20:59.032,battery/status,"100.000000%"
2026-08-21 10:20:59.035,odometry/filtered,"x:0.000000, y:0.000000, yaw:0.000000, cov_xx:0.001919, cov_yy:0.002027"
2026-08-21 10:20:59.041,particle_cloud,"count:800, spread:0.291929"
2026-08-21 10:20:59.053,rated_current_left,"0.000000"
2026-08-21 10:20:59.053,rated_current_right,"0.000000"
2026-08-21 10:20:59.075,odometry/filtered,"x:0.000000, y:0.000000, yaw:0.000000, cov_xx:0.001942, cov_yy:0.002053"
2026-08-21 10:20:59.082,safety/left_bumper,"FALSE"
2026-08-21 10:20:59.082,safety/right_bumper,"FALSE"
2026-08-21 10:20:59.082,safety/emergency_button,"FALSE"
2026-08-21 10:20:59.082,safety/suction_switch,"FALSE"
2026-08-21 10:20:59.082,rated_current_left,"0.000000"
2026-08-21 10:20:59.083,rated_current_right,"0.000000"
2026-08-21 10:20:59.095,odometry/filtered,"x:0.000000, y:0.000000, yaw:0.000000, cov_xx:0.001922, cov_yy:0.002031"
2026-08-21 10:20:59.115,rated_current_left,"0.000000"
2026-08-21 10:20:59.115,rated_current_right,"0.000000"
2026-08-21 10:20:59.132,safety/left_bumper,"FALSE"
2026-08-21 10:20:59.132,safety/right_bumper,"FALSE"
2026-08-21 10:20:59.132,safety/emergency_button,"FALSE"
2026-08-21 10:20:59.132,safety/suction_switch,"FALSE"
2026-08-21 10:20:59.134,battery/status,"100.000000%"
2026-08-21 10:20:59.134,odometry/filtered,"x:0.000000, y:0.000000, yaw:0.000000, cov_xx:0.001907, cov_yy:0.002015"
2026-08-21 10:20:59.147,rated_current_left,"0.000000"
2026-08-21 10:20:59.147,rated_current_right,"0.000000"
2026-08-21 10:20:59.154,odometry/filtered,"x:0.000000, y:0.000000, yaw:0.000000, cov_xx:0.001934, cov_yy:0.002045"
2026-08-21 10:20:59.179,rated_current_left,"0.000000"
2026-08-21 10:20:59.179,rated_current_right,"0.000000"
2026-08-21 10:20:59.182,safety/left_bumper,"FALSE"
2026-08-21 10:20:59.182,safety/right_bumper,"FALSE"
2026-08-21 10:20:59.182,safety/emergency_button,"FALSE"
2026-08-21 10:20:59.182,safety/suction_switch,"FALSE"
2026-08-21 10:20:59.194,odometry/filtered,"x:0.000000, y:0.000000, yaw:0.000000, cov_xx:0.001935, cov_yy:0.002045"
2026-08-21 10:20:59.211,rated_current_left,"0.000000"
2026-08-21 10:20:59.211,rated_current_right,"0.000000"
2026-08-21 10:20:59.214,odometry/filtered,"x:0.000000, y:0.000000, yaw:0.000000, cov_xx:0.001934, cov_yy:0.002044"
2026-08-21 10:20:59.232,safety/emergency_button,"FALSE"
2026-08-21 10:20:59.232,safety/left_bumper,"FALSE"
2026-08-21 10:20:59.232,safety/right_bumper,"FALSE"
2026-08-21 10:20:59.232,safety/suction_switch,"FALSE"
2026-08-21 10:20:59.232,battery/status,"100.000000%"
2026-08-21 10:20:59.241,particle_cloud,"count:800, spread:0.290560"
2026-08-21 10:20:59.242,rated_current_left,"0.000000"
2026-08-21 10:20:59.242,rated_current_right,"0.000000"
2026-08-21 10:20:59.255,odometry/filtered,"x:0.000000, y:0.000000, yaw:0.000000, cov_xx:0.001918, cov_yy:0.002027"
2026-08-21 10:20:59.274,rated_current_left,"0.000000"
2026-08-21 10:20:59.275,rated_current_right,"0.000000"
2026-08-21 10:20:59.282,safety/emergency_button,"FALSE"
2026-08-21 10:20:59.282,safety/left_bumper,"FALSE"
2026-08-21 10:20:59.282,safety/right_bumper,"FALSE"
2026-08-21 10:20:59.282,safety/suction_switch,"FALSE"
2026-08-21 10:20:59.294,odometry/filtered,"x:0.000000, y:0.000000, yaw:0.000000, cov_xx:0.001927, cov_yy:0.002037"
2026-08-21 10:20:59.306,rated_current_left,"0.000000"
2026-08-21 10:20:59.307,rated_current_right,"0.000000"
2026-08-21 10:20:59.314,robot_status,"ROBOT_STANDBY"
2026-08-21 10:20:59.315,odometry/filtered,"x:0.000000, y:0.000000, yaw:0.000000, cov_xx:0.001956, cov_yy:0.002069"
2026-08-21 10:20:59.331,safety/emergency_button,"FALSE"
2026-08-21 10:20:59.332,safety/left_bumper,"FALSE"
2026-08-21 10:20:59.332,safety/right_bumper,"FALSE"
2026-08-21 10:20:59.332,safety/suction_switch,"FALSE"
2026-08-21 10:20:59.332,battery/status,"100.000000%"
2026-08-21 10:20:59.339,rated_current_left,"0.000000"
2026-08-21 10:20:59.339,rated_current_right,"0.000000"
2026-08-21 10:20:59.354,odometry/filtered,"x:0.000000, y:0.000000, yaw:0.000000, cov_xx:0.001928, cov_yy:0.002037"
2026-08-21 10:20:59.370,rated_current_left,"0.000000"
2026-08-21 10:20:59.370,rated_current_right,"0.000000"
2026-08-21 10:20:59.374,odometry/filtered,"x:0.000000, y:0.000000, yaw:0.000000, cov_xx:0.001914, cov_yy:0.002022"
2026-08-21 10:20:59.382,safety/emergency_button,"FALSE"
2026-08-21 10:20:59.383,safety/left_bumper,"FALSE"
2026-08-21 10:20:59.383,safety/right_bumper,"FALSE"
2026-08-21 10:20:59.384,safety/suction_switch,"FALSE"
2026-08-21 10:20:59.402,rated_current_left,"0.000000"
2026-08-21 10:20:59.403,rated_current_right,"0.000000"
2026-08-21 10:20:59.415,odometry/filtered,"x:0.000000, y:0.000000, yaw:0.000000, cov_xx:0.001931, cov_yy:0.002041"
2026-08-21 10:20:59.436,battery/status,"100.000000%"
2026-08-21 10:20:59.436,safety/left_bumper,"FALSE"
2026-08-21 10:20:59.436,safety/right_bumper,"FALSE"
2026-08-21 10:20:59.436,safety/emergency_button,"FALSE"
2026-08-21 10:20:59.436,safety/suction_switch,"FALSE"
2026-08-21 10:20:59.436,rated_current_left,"0.000000"
2026-08-21 10:20:59.436,rated_current_right,"0.000000"
2026-08-21 10:20:59.441,particle_cloud,"count:800, spread:0.288935"
2026-08-21 10:20:59.454,odometry/filtered,"x:0.000000, y:0.000000, yaw:0.000000, cov_xx:0.001924, cov_yy:0.002033"
2026-08-21 10:20:59.467,rated_current_left,"0.000000"
2026-08-21 10:20:59.468,rated_current_right,"0.000000"
2026-08-21 10:20:59.475,odometry/filtered,"x:0.000000, y:0.000000, yaw:0.000000, cov_xx:0.001961, cov_yy:0.002074"
2026-08-21 10:20:59.488,safety/left_bumper,"FALSE"
2026-08-21 10:20:59.488,safety/right_bumper,"FALSE"
2026-08-21 10:20:59.488,safety/emergency_button,"FALSE"
2026-08-21 10:20:59.488,safety/suction_switch,"FALSE"
2026-08-21 10:20:59.498,rated_current_left,"0.000000"
2026-08-21 10:20:59.498,rated_current_right,"0.000000"
2026-08-21 10:20:59.515,odometry/filtered,"x:0.000000, y:0.000000, yaw:0.000000, cov_xx:0.001905, cov_yy:0.002012"
2026-08-21 10:20:59.529,rated_current_left,"0.000000"
2026-08-21 10:20:59.529,rated_current_right,"0.000000"
2026-08-21 10:20:59.531,safety/emergency_button,"FALSE"
2026-08-21 10:20:59.532,safety/left_bumper,"FALSE"
2026-08-21 10:20:59.532,safety/right_bumper,"FALSE"
2026-08-21 10:20:59.532,safety/suction_switch,"FALSE"
2026-08-21 10:20:59.532,battery/status,"100.000000%"
2026-08-21 10:20:59.534,odometry/filtered,"x:0.000000, y:0.000000, yaw:0.000000, cov_xx:0.001928, cov_yy:0.002038"
2026-08-21 10:20:59.561,rated_current_left,"0.000000"
2026-08-21 10:20:59.563,rated_current_right,"0.000000"
2026-08-21 10:20:59.575,odometry/filtered,"x:0.000000, y:0.000000, yaw:0.000000, cov_xx:0.001929, cov_yy:0.002038"
2026-08-21 10:20:59.581,safety/emergency_button,"FALSE"
2026-08-21 10:20:59.582,safety/left_bumper,"FALSE"
2026-08-21 10:20:59.582,safety/right_bumper,"FALSE"
2026-08-21 10:20:59.582,safety/suction_switch,"FALSE"
2026-08-21 10:20:59.594,rated_current_left,"0.000000"
2026-08-21 10:20:59.594,rated_current_right,"0.000000"
2026-08-21 10:20:59.614,odometry/filtered,"x:0.000000, y:0.000000, yaw:0.000000, cov_xx:0.001938, cov_yy:0.002049"
2026-08-21 10:20:59.626,rated_current_left,"0.000000"
2026-08-21 10:20:59.626,rated_current_right,"0.000000"
2026-08-21 10:20:59.632,battery/status,"100.000000%"
2026-08-21 10:20:59.632,safety/left_bumper,"FALSE"
2026-08-21 10:20:59.632,safety/right_bumper,"FALSE"
2026-08-21 10:20:59.632,safety/emergency_button,"FALSE"
2026-08-21 10:20:59.632,safety/suction_switch,"FALSE"
2026-08-21 10:20:59.634,odometry/filtered,"x:0.000000, y:0.000000, yaw:0.000000, cov_xx:0.001926, cov_yy:0.002036"
2026-08-21 10:20:59.642,particle_cloud,"count:800, spread:0.288820"
2026-08-21 10:20:59.656,rated_current_left,"0.000000"
2026-08-21 10:20:59.656,rated_current_right,"0.000000"
2026-08-21 10:20:59.674,odometry/filtered,"x:0.000000, y:0.000000, yaw:0.000000, cov_xx:0.001917, cov_yy:0.002025"
2026-08-21 10:20:59.681,safety/left_bumper,"FALSE"
2026-08-21 10:20:59.682,safety/right_bumper,"FALSE"
2026-08-21 10:20:59.682,safety/emergency_button,"FALSE"
2026-08-21 10:20:59.682,safety/suction_switch,"FALSE"
2026-08-21 10:20:59.689,rated_current_left,"0.000000"
2026-08-21 10:20:59.690,rated_current_right,"0.000000"
2026-08-21 10:20:59.696,odometry/filtered,"x:0.000000, y:0.000000, yaw:0.000000, cov_xx:0.001942, cov_yy:0.002053"
2026-08-21 10:20:59.722,rated_current_left,"0.000000"
2026-08-21 10:20:59.723,rated_current_right,"0.000000"
2026-08-21 10:20:59.731,safety/emergency_button,"FALSE"
2026-08-21 10:20:59.732,safety/left_bumper,"FALSE"
2026-08-21 10:20:59.732,safety/right_bumper,"FALSE"
2026-08-21 10:20:59.732,safety/suction_switch,"FALSE"
2026-08-21 10:20:59.732,battery/status,"100.000000%"
2026-08-21 10:20:59.735,odometry/filtered,"x:0.000000, y:0.000000, yaw:0.000000, cov_xx:0.001950, cov_yy:0.002062"
2026-08-21 10:20:59.753,rated_current_left,"0.000000"
2026-08-21 10:20:59.753,rated_current_right,"0.000000"
2026-08-21 10:20:59.755,odometry/filtered,"x:0.000000, y:0.000000, yaw:0.000000, cov_xx:0.001915, cov_yy:0.002023"
2026-08-21 10:20:59.781,safety/emergency_button,"FALSE"
2026-08-21 10:20:59.781,safety/right_bumper,"FALSE"
2026-08-21 10:20:59.782,safety/left_bumper,"FALSE"
2026-08-21 10:20:59.782,safety/suction_switch,"FALSE"
2026-08-21 10:20:59.791,rated_current_left,"0.000000"
2026-08-21 10:20:59.791,rated_current_right,"0.000000"
2026-08-21 10:20:59.794,odometry/filtered,"x:0.000000, y:0.000000, yaw:0.000000, cov_xx:0.002022, cov_yy:0.002141"
2026-08-21 10:20:59.815,robot_status,"ROBOT_STANDBY"
2026-08-21 10:20:59.817,rated_current_left,"0.000000"
2026-08-21 10:20:59.817,rated_current_right,"0.000000"
2026-08-21 10:20:59.831,safety/emergency_button,"FALSE"
2026-08-21 10:20:59.832,safety/left_bumper,"FALSE"
2026-08-21 10:20:59.832,safety/right_bumper,"FALSE"
2026-08-21 10:20:59.832,safety/suction_switch,"FALSE"
2026-08-21 10:20:59.832,battery/status,"100.000000%"
2026-08-21 10:20:59.836,odometry/filtered,"x:0.000000, y:0.000000, yaw:0.000000, cov_xx:0.001902, cov_yy:0.002008"
2026-08-21 10:20:59.841,particle_cloud,"count:800, spread:0.288185"
2026-08-21 10:20:59.849,rated_current_left,"0.000000"
2026-08-21 10:20:59.849,rated_current_right,"0.000000"
2026-08-21 10:20:59.854,odometry/filtered,"x:0.000000, y:0.000000, yaw:0.000000, cov_xx:0.001905, cov_yy:0.002012"
2026-08-21 10:20:59.881,rated_current_left,"0.000000"
2026-08-21 10:20:59.882,rated_current_right,"0.000000"
2026-08-21 10:20:59.883,safety/left_bumper,"FALSE"
2026-08-21 10:20:59.883,safety/right_bumper,"FALSE"
2026-08-21 10:20:59.883,safety/emergency_button,"FALSE"
2026-08-21 10:20:59.883,safety/suction_switch,"FALSE"
2026-08-21 10:20:59.896,odometry/filtered,"x:0.000000, y:0.000000, yaw:0.000000, cov_xx:0.001920, cov_yy:0.002028"
2026-08-21 10:20:59.913,rated_current_left,"0.000000"
2026-08-21 10:20:59.913,rated_current_right,"0.000000"
2026-08-21 10:20:59.931,safety/emergency_button,"FALSE"
2026-08-21 10:20:59.932,battery/status,"100.000000%"
2026-08-21 10:20:59.932,safety/left_bumper,"FALSE"
2026-08-21 10:20:59.932,safety/right_bumper,"FALSE"
2026-08-21 10:20:59.932,safety/suction_switch,"FALSE"
2026-08-21 10:20:59.937,odometry/filtered,"x:0.000000, y:0.000000, yaw:0.000000, cov_xx:0.001923, cov_yy:0.002032"
2026-08-21 10:20:59.944,rated_current_left,"0.000000"
2026-08-21 10:20:59.944,rated_current_right,"0.000000"
2026-08-21 10:20:59.955,odometry/filtered,"x:0.000000, y:0.000000, yaw:0.000000, cov_xx:0.001911, cov_yy:0.002019"
2026-08-21 10:20:59.976,rated_current_left,"0.000000"
2026-08-21 10:20:59.976,rated_current_right,"0.000000"
2026-08-21 10:20:59.981,safety/left_bumper,"FALSE"
2026-08-21 10:20:59.981,safety/right_bumper,"FALSE"
2026-08-21 10:20:59.981,safety/emergency_button,"FALSE"
2026-08-21 10:20:59.981,safety/suction_switch,"FALSE"
2026-08-21 10:20:59.995,odometry/filtered,"x:0.000000, y:0.000000, yaw:0.000000, cov_xx:0.001929, cov_yy:0.002039"
2026-08-21 10:21:00.009,rated_current_left,"0.000000"
2026-08-21 10:21:00.009,rated_current_right,"0.000000"
2026-08-21 10:21:00.014,odometry/filtered,"x:0.000000, y:0.000000, yaw:0.000000, cov_xx:0.001923, cov_yy:0.002033"
2026-08-21 10:21:00.031,safety/left_bumper,"FALSE"
2026-08-21 10:21:00.031,safety/right_bumper,"FALSE"
2026-08-21 10:21:00.031,safety/emergency_button,"FALSE"
2026-08-21 10:21:00.032,safety/suction_switch,"FALSE"
2026-08-21 10:21:00.032,battery/status,"100.000000%"
2026-08-21 10:21:00.040,rated_current_left,"0.000000"
2026-08-21 10:21:00.040,rated_current_right,"0.000000"
2026-08-21 10:21:00.042,particle_cloud,"count:800, spread:0.281004"
2026-08-21 10:21:00.054,odometry/filtered,"x:0.000000, y:0.000000, yaw:0.000000, cov_xx:0.001934, cov_yy:0.002045"
2026-08-21 10:21:00.072,rated_current_left,"0.000000"
2026-08-21 10:21:00.073,rated_current_right,"0.000000"
2026-08-21 10:21:00.074,odometry/filtered,"x:0.000000, y:0.000000, yaw:0.000000, cov_xx:0.001933, cov_yy:0.002044"
2026-08-21 10:21:00.081,safety/emergency_button,"FALSE"
2026-08-21 10:21:00.082,safety/left_bumper,"FALSE"
2026-08-21 10:21:00.082,safety/right_bumper,"FALSE"
2026-08-21 10:21:00.082,safety/suction_switch,"FALSE"
2026-08-21 10:21:00.105,rated_current_left,"0.000000"
2026-08-21 10:21:00.105,rated_current_right,"0.000000"
2026-08-21 10:21:00.115,odometry/filtered,"x:0.000000, y:0.000000, yaw:0.000000, cov_xx:0.001923, cov_yy:0.002033"
2026-08-21 10:21:00.131,safety/left_bumper,"FALSE"
2026-08-21 10:21:00.132,safety/right_bumper,"FALSE"
2026-08-21 10:21:00.132,safety/emergency_button,"FALSE"
2026-08-21 10:21:00.132,safety/suction_switch,"FALSE"
2026-08-21 10:21:00.132,battery/status,"100.000000%"
2026-08-21 10:21:00.138,rated_current_left,"0.000000"
2026-08-21 10:21:00.139,rated_current_right,"0.000000"
2026-08-21 10:21:00.154,odometry/filtered,"x:0.000000, y:0.000000, yaw:0.000000, cov_xx:0.001954, cov_yy:0.002067"
2026-08-21 10:21:00.169,rated_current_left,"0.000000"
2026-08-21 10:21:00.169,rated_current_right,"0.000000"
2026-08-21 10:21:00.174,odometry/filtered,"x:0.000000, y:0.000000, yaw:0.000000, cov_xx:0.001935, cov_yy:0.002046"
2026-08-21 10:21:00.184,safety/left_bumper,"FALSE"
2026-08-21 10:21:00.184,safety/right_bumper,"FALSE"
2026-08-21 10:21:00.184,safety/emergency_button,"FALSE"
2026-08-21 10:21:00.184,safety/suction_switch,"FALSE"
2026-08-21 10:21:00.216,rated_current_left,"0.000000"
2026-08-21 10:21:00.217,rated_current_right,"0.000000"
2026-08-21 10:21:00.217,odometry/filtered,"x:0.000000, y:0.000000, yaw:0.000000, cov_xx:0.002016, cov_yy:0.002135"
2026-08-21 10:21:00.240,safety/emergency_button,"FALSE"
2026-08-21 10:21:00.240,battery/status,"100.000000%"
2026-08-21 10:21:00.240,safety/left_bumper,"FALSE"
2026-08-21 10:21:00.240,safety/right_bumper,"FALSE"
2026-08-21 10:21:00.240,safety/suction_switch,"FALSE"
2026-08-21 10:21:00.240,rated_current_left,"0.000000"
2026-08-21 10:21:00.240,rated_current_right,"0.000000"
2026-08-21 10:21:00.241,particle_cloud,"count:800, spread:0.290384"
2026-08-21 10:21:00.255,odometry/filtered,"x:0.000000, y:0.000000, yaw:0.000000, cov_xx:0.001914, cov_yy:0.002021"
2026-08-21 10:21:00.266,rated_current_left,"0.000000"
2026-08-21 10:21:00.266,rated_current_right,"0.000000"
2026-08-21 10:21:00.274,odometry/filtered,"x:0.000000, y:0.000000, yaw:0.000000, cov_xx:0.001887, cov_yy:0.001992"
2026-08-21 10:21:00.284,safety/left_bumper,"FALSE"
2026-08-21 10:21:00.284,safety/right_bumper,"FALSE"
2026-08-21 10:21:00.284,safety/emergency_button,"FALSE"
2026-08-21 10:21:00.284,safety/suction_switch,"FALSE"
2026-08-21 10:21:00.296,rated_current_left,"0.000000"
2026-08-21 10:21:00.299,rated_current_right,"0.000000"
2026-08-21 10:21:00.318,robot_status,"ROBOT_STANDBY"
2026-08-21 10:21:00.320,odometry/filtered,"x:0.000000, y:0.000000, yaw:0.000000, cov_xx:0.001914, cov_yy:0.002022"
2026-08-21 10:21:00.328,rated_current_left,"0.000000"
2026-08-21 10:21:00.328,rated_current_right,"0.000000"
2026-08-21 10:21:00.338,battery/status,"100.000000%"
2026-08-21 10:21:00.338,odometry/filtered,"x:0.000000, y:0.000000, yaw:0.000000, cov_xx:0.001930, cov_yy:0.002041"
2026-08-21 10:21:00.338,safety/left_bumper,"FALSE"
2026-08-21 10:21:00.338,safety/right_bumper,"FALSE"
2026-08-21 10:21:00.338,safety/emergency_button,"FALSE"
2026-08-21 10:21:00.338,safety/suction_switch,"FALSE"
2026-08-21 10:21:00.359,rated_current_left,"0.000000"
2026-08-21 10:21:00.359,rated_current_right,"0.000000"
2026-08-21 10:21:00.375,odometry/filtered,"x:0.000000, y:0.000000, yaw:0.000000, cov_xx:0.001904, cov_yy:0.002012"
2026-08-21 10:21:00.383,safety/emergency_button,"FALSE"
2026-08-21 10:21:00.383,safety/left_bumper,"FALSE"
2026-08-21 10:21:00.384,safety/right_bumper,"FALSE"
2026-08-21 10:21:00.384,safety/suction_switch,"FALSE"
2026-08-21 10:21:00.396,rated_current_left,"0.000000"
2026-08-21 10:21:00.396,rated_current_right,"0.000000"
2026-08-21 10:21:00.415,odometry/filtered,"x:0.000000, y:0.000000, yaw:0.000000, cov_xx:0.001991, cov_yy:0.002107"
2026-08-21 10:21:00.425,rated_current_left,"0.000000"
2026-08-21 10:21:00.425,rated_current_right,"0.000000"
2026-08-21 10:21:00.435,battery/status,"100.000000%"
2026-08-21 10:21:00.435,odometry/filtered,"x:0.000000, y:0.000000, yaw:0.000000, cov_xx:0.001924, cov_yy:0.002033"
2026-08-21 10:21:00.435,safety/left_bumper,"FALSE"
2026-08-21 10:21:00.435,safety/right_bumper,"FALSE"
2026-08-21 10:21:00.435,safety/emergency_button,"FALSE"
2026-08-21 10:21:00.435,safety/suction_switch,"FALSE"
2026-08-21 10:21:00.440,particle_cloud,"count:800, spread:0.289387"
2026-08-21 10:21:00.456,rated_current_left,"0.000000"
2026-08-21 10:21:00.456,rated_current_right,"0.000000"
2026-08-21 10:21:00.474,odometry/filtered,"x:0.000000, y:0.000000, yaw:0.000000, cov_xx:0.001914, cov_yy:0.002022"
2026-08-21 10:21:00.481,safety/emergency_button,"FALSE"
2026-08-21 10:21:00.481,safety/left_bumper,"FALSE"
2026-08-21 10:21:00.481,safety/right_bumper,"FALSE"
2026-08-21 10:21:00.482,safety/suction_switch,"FALSE"
2026-08-21 10:21:00.487,rated_current_left,"0.000000"
2026-08-21 10:21:00.487,rated_current_right,"0.000000"
2026-08-21 10:21:00.496,odometry/filtered,"x:0.000000, y:0.000000, yaw:0.000000, cov_xx:0.001908, cov_yy:0.002016"
2026-08-21 10:21:00.519,rated_current_left,"0.000000"
2026-08-21 10:21:00.522,rated_current_right,"0.000000"
2026-08-21 10:21:00.531,safety/emergency_button,"FALSE"
2026-08-21 10:21:00.532,battery/status,"100.000000%"
2026-08-21 10:21:00.532,safety/left_bumper,"FALSE"
2026-08-21 10:21:00.532,safety/right_bumper,"FALSE"
2026-08-21 10:21:00.532,safety/suction_switch,"FALSE"
2026-08-21 10:21:00.536,odometry/filtered,"x:0.000000, y:0.000000, yaw:0.000000, cov_xx:0.001922, cov_yy:0.002031"
2026-08-21 10:21:00.551,rated_current_left,"0.000000"
2026-08-21 10:21:00.551,rated_current_right,"0.000000"
2026-08-21 10:21:00.554,odometry/filtered,"x:0.000000, y:0.000000, yaw:0.000000, cov_xx:0.001940, cov_yy:0.002051"
2026-08-21 10:21:00.581,safety/left_bumper,"FALSE"
2026-08-21 10:21:00.581,safety/right_bumper,"FALSE"
2026-08-21 10:21:00.582,safety/emergency_button,"FALSE"
2026-08-21 10:21:00.582,safety/suction_switch,"FALSE"
2026-08-21 10:21:00.591,rated_current_left,"0.000000"
2026-08-21 10:21:00.591,rated_current_right,"0.000000"
2026-08-21 10:21:00.595,odometry/filtered,"x:0.000000, y:0.000000, yaw:0.000000, cov_xx:0.001932, cov_yy:0.002043"
2026-08-21 10:21:00.614,rated_current_left,"0.000000"
2026-08-21 10:21:00.614,rated_current_right,"0.000000"
2026-08-21 10:21:00.632,battery/status,"100.000000%"
2026-08-21 10:21:00.632,safety/left_bumper,"FALSE"
2026-08-21 10:21:00.632,safety/right_bumper,"FALSE"
2026-08-21 10:21:00.632,safety/emergency_button,"FALSE"
2026-08-21 10:21:00.632,safety/suction_switch,"FALSE"
2026-08-21 10:21:00.644,particle_cloud,"count:800, spread:0.280676"
2026-08-21 10:21:00.645,odometry/filtered,"x:0.000000, y:0.000000, yaw:0.000000, cov_xx:0.001919, cov_yy:0.002027"
2026-08-21 10:21:00.651,rated_current_left,"0.000000"
2026-08-21 10:21:00.651,rated_current_right,"0.000000"
2026-08-21 10:21:00.656,odometry/filtered,"x:0.000000, y:0.000000, yaw:0.000000, cov_xx:0.001959, cov_yy:0.002072"
2026-08-21 10:21:00.680,rated_current_left,"0.000000"
2026-08-21 10:21:00.680,rated_current_right,"0.000000"
2026-08-21 10:21:00.682,safety/left_bumper,"FALSE"
2026-08-21 10:21:00.682,safety/right_bumper,"FALSE"
2026-08-21 10:21:00.682,safety/emergency_button,"FALSE"
2026-08-21 10:21:00.682,safety/suction_switch,"FALSE"
2026-08-21 10:21:00.695,odometry/filtered,"x:0.000000, y:0.000000, yaw:0.000000, cov_xx:0.001929, cov_yy:0.002038"
2026-08-21 10:21:00.711,rated_current_left,"0.000000"
2026-08-21 10:21:00.711,rated_current_right,"0.000000"
2026-08-21 10:21:00.716,odometry/filtered,"x:0.000000, y:0.000000, yaw:0.000000, cov_xx:0.001912, cov_yy:0.002020"
2026-08-21 10:21:00.735,battery/status,"100.000000%"
2026-08-21 10:21:00.735,safety/left_bumper,"FALSE"
2026-08-21 10:21:00.735,safety/right_bumper,"FALSE"
2026-08-21 10:21:00.735,safety/emergency_button,"FALSE"
2026-08-21 10:21:00.735,safety/suction_switch,"FALSE"
2026-08-21 10:21:00.747,rated_current_left,"0.000000"
2026-08-21 10:21:00.747,rated_current_right,"0.000000"
2026-08-21 10:21:00.755,odometry/filtered,"x:0.000000, y:0.000000, yaw:0.000000, cov_xx:0.001936, cov_yy:0.002047"
2026-08-21 10:21:00.775,rated_current_left,"0.000000"
2026-08-21 10:21:00.775,rated_current_right,"0.000000"
2026-08-21 10:21:00.781,safety/emergency_button,"FALSE"
2026-08-21 10:21:00.781,safety/left_bumper,"FALSE"
2026-08-21 10:21:00.781,safety/right_bumper,"FALSE"
2026-08-21 10:21:00.781,safety/suction_switch,"FALSE"
2026-08-21 10:21:00.795,odometry/filtered,"x:0.000000, y:0.000000, yaw:0.000000, cov_xx:0.001937, cov_yy:0.002047"
2026-08-21 10:21:00.807,rated_current_left,"0.000000"
2026-08-21 10:21:00.807,rated_current_right,"0.000000"
2026-08-21 10:21:00.814,robot_status,"ROBOT_STANDBY"
2026-08-21 10:21:00.820,odometry/filtered,"x:0.000000, y:0.000000, yaw:0.000000, cov_xx:0.001936, cov_yy:0.002046"
2026-08-21 10:21:00.831,safety/left_bumper,"FALSE"
2026-08-21 10:21:00.831,safety/right_bumper,"FALSE"
2026-08-21 10:21:00.831,safety/emergency_button,"FALSE"
2026-08-21 10:21:00.832,safety/suction_switch,"FALSE"
2026-08-21 10:21:00.832,battery/status,"100.000000%"
2026-08-21 10:21:00.837,rated_current_left,"0.000000"
2026-08-21 10:21:00.838,rated_current_right,"0.000000"
2026-08-21 10:21:00.841,particle_cloud,"count:800, spread:0.289676"
2026-08-21 10:21:00.855,odometry/filtered,"x:0.000000, y:0.000000, yaw:0.000000, cov_xx:0.001907, cov_yy:0.002015"
2026-08-21 10:21:00.871,rated_current_left,"0.000000"
2026-08-21 10:21:00.871,rated_current_right,"0.000000"
2026-08-21 10:21:00.875,odometry/filtered,"x:0.000000, y:0.000000, yaw:0.000000, cov_xx:0.001940, cov_yy:0.002051"
2026-08-21 10:21:00.883,safety/left_bumper,"FALSE"
2026-08-21 10:21:00.883,safety/right_bumper,"FALSE"
2026-08-21 10:21:00.883,safety/emergency_button,"FALSE"
2026-08-21 10:21:00.883,safety/suction_switch,"FALSE"
2026-08-21 10:21:00.902,rated_current_left,"0.000000"
2026-08-21 10:21:00.903,rated_current_right,"0.000000"
2026-08-21 10:21:00.915,odometry/filtered,"x:0.000000, y:0.000000, yaw:0.000000, cov_xx:0.001925, cov_yy:0.002034"
2026-08-21 10:21:00.930,safety/emergency_button,"FALSE"
2026-08-21 10:21:00.931,safety/left_bumper,"FALSE"
2026-08-21 10:21:00.931,safety/right_bumper,"FALSE"
2026-08-21 10:21:00.931,safety/suction_switch,"FALSE"
2026-08-21 10:21:00.932,battery/status,"100.000000%"
2026-08-21 10:21:00.934,rated_current_left,"0.000000"
2026-08-21 10:21:00.934,rated_current_right,"0.000000"
2026-08-21 10:21:00.955,odometry/filtered,"x:0.000000, y:0.000000, yaw:0.000000, cov_xx:0.001935, cov_yy:0.002045"
2026-08-21 10:21:00.966,rated_current_left,"0.000000"
2026-08-21 10:21:00.966,rated_current_right,"0.000000"
2026-08-21 10:21:00.974,odometry/filtered,"x:0.000000, y:0.000000, yaw:0.000000, cov_xx:0.001932, cov_yy:0.002042"
2026-08-21 10:21:00.981,safety/emergency_button,"FALSE"
2026-08-21 10:21:00.981,safety/left_bumper,"FALSE"
2026-08-21 10:21:00.981,safety/right_bumper,"FALSE"
2026-08-21 10:21:00.982,safety/suction_switch,"FALSE"
2026-08-21 10:21:00.998,rated_current_left,"0.000000"
2026-08-21 10:21:00.999,rated_current_right,"0.000000"
2026-08-21 10:21:01.015,odometry/filtered,"x:0.000000, y:0.000000, yaw:0.000000, cov_xx:0.001936, cov_yy:0.002047"
2026-08-21 10:21:01.031,battery/status,"100.000000%"
2026-08-21 10:21:01.031,safety/left_bumper,"FALSE"
2026-08-21 10:21:01.031,safety/right_bumper,"FALSE"
2026-08-21 10:21:01.031,safety/emergency_button,"FALSE"
2026-08-21 10:21:01.031,safety/suction_switch,"FALSE"
2026-08-21 10:21:01.034,odometry/filtered,"x:0.000000, y:0.000000, yaw:0.000000, cov_xx:0.001928, cov_yy:0.002038"
2026-08-21 10:21:01.040,rated_current_left,"0.000000"
2026-08-21 10:21:01.040,rated_current_right,"0.000000"
2026-08-21 10:21:01.041,particle_cloud,"count:800, spread:0.282325"
2026-08-21 10:21:01.061,rated_current_left,"0.000000"
2026-08-21 10:21:01.062,rated_current_right,"0.000000"
2026-08-21 10:21:01.074,odometry/filtered,"x:0.000000, y:0.000000, yaw:0.000000, cov_xx:0.001916, cov_yy:0.002025"
2026-08-21 10:21:01.082,safety/emergency_button,"FALSE"
2026-08-21 10:21:01.083,safety/left_bumper,"FALSE"
2026-08-21 10:21:01.083,safety/right_bumper,"FALSE"
2026-08-21 10:21:01.084,safety/suction_switch,"FALSE"
2026-08-21 10:21:01.100,rated_current_left,"0.000000"
2026-08-21 10:21:01.100,rated_current_right,"0.000000"
2026-08-21 10:21:01.115,odometry/filtered,"x:0.000000, y:0.000000, yaw:0.000000, cov_xx:0.002028, cov_yy:0.002148"
2026-08-21 10:21:01.127,rated_current_left,"0.000000"
2026-08-21 10:21:01.128,rated_current_right,"0.000000"
2026-08-21 10:21:01.131,battery/status,"100.000000%"
2026-08-21 10:21:01.131,safety/left_bumper,"FALSE"
2026-08-21 10:21:01.131,safety/right_bumper,"FALSE"
2026-08-21 10:21:01.131,safety/emergency_button,"FALSE"
2026-08-21 10:21:01.131,safety/suction_switch,"FALSE"
2026-08-21 10:21:01.135,odometry/filtered,"x:0.000000, y:0.000000, yaw:0.000000, cov_xx:0.001901, cov_yy:0.002006"
2026-08-21 10:21:01.158,rated_current_left,"0.000000"
2026-08-21 10:21:01.161,rated_current_right,"0.000000"
2026-08-21 10:21:01.174,odometry/filtered,"x:0.000000, y:0.000000, yaw:0.000000, cov_xx:0.001905, cov_yy:0.002011"
2026-08-21 10:21:01.180,safety/emergency_button,"FALSE"
2026-08-21 10:21:01.180,safety/left_bumper,"FALSE"
2026-08-21 10:21:01.180,safety/right_bumper,"FALSE"
2026-08-21 10:21:01.180,safety/suction_switch,"FALSE"
2026-08-21 10:21:01.191,rated_current_left,"0.000000"
2026-08-21 10:21:01.191,rated_current_right,"0.000000"
2026-08-21 10:21:01.194,odometry/filtered,"x:0.000000, y:0.000000, yaw:0.000000, cov_xx:0.001937, cov_yy:0.002047"
2026-08-21 10:21:01.221,rated_current_left,"0.000000"
2026-08-21 10:21:01.222,rated_current_right,"0.000000"
2026-08-21 10:21:01.230,safety/left_bumper,"FALSE"
2026-08-21 10:21:01.236,safety/right_bumper,"FALSE"
2026-08-21 10:21:01.236,safety/emergency_button,"FALSE"
2026-08-21 10:21:01.236,safety/suction_switch,"FALSE"
2026-08-21 10:21:01.236,battery/status,"100.000000%"
2026-08-21 10:21:01.236,odometry/filtered,"x:0.000000, y:0.000000, yaw:0.000000, cov_xx:0.001914, cov_yy:0.002022"
2026-08-21 10:21:01.240,particle_cloud,"count:800, spread:0.292668"
2026-08-21 10:21:01.254,rated_current_left,"0.000000"
2026-08-21 10:21:01.254,rated_current_right,"0.000000"
2026-08-21 10:21:01.274,odometry/filtered,"x:0.000000, y:0.000000, yaw:0.000000, cov_xx:0.001924, cov_yy:0.002033"
2026-08-21 10:21:01.281,safety/left_bumper,"FALSE"
2026-08-21 10:21:01.281,safety/right_bumper,"FALSE"
2026-08-21 10:21:01.281,safety/emergency_button,"FALSE"
2026-08-21 10:21:01.281,safety/suction_switch,"FALSE"
2026-08-21 10:21:01.293,rated_current_left,"0.000000"
2026-08-21 10:21:01.294,rated_current_right,"0.000000"
2026-08-21 10:21:01.313,robot_status,"ROBOT_STANDBY"
2026-08-21 10:21:01.314,odometry/filtered,"x:0.000000, y:0.000000, yaw:0.000000, cov_xx:0.002037, cov_yy:0.002158"
2026-08-21 10:21:01.318,rated_current_left,"0.000000"
2026-08-21 10:21:01.318,rated_current_right,"0.000000"
2026-08-21 10:21:01.330,safety/left_bumper,"FALSE"
2026-08-21 10:21:01.330,safety/right_bumper,"FALSE"
2026-08-21 10:21:01.330,safety/emergency_button,"FALSE"
2026-08-21 10:21:01.330,safety/suction_switch,"FALSE"
2026-08-21 10:21:01.331,battery/status,"100.000000%"
2026-08-21 10:21:01.335,odometry/filtered,"x:0.000000, y:0.000000, yaw:0.000000, cov_xx:0.001869, cov_yy:0.001971"
2026-08-21 10:21:01.350,rated_current_left,"0.000000"
2026-08-21 10:21:01.350,rated_current_right,"0.000000"
2026-08-21 10:21:01.355,odometry/filtered,"x:0.000000, y:0.000000, yaw:0.000000, cov_xx:0.001896, cov_yy:0.002002"
2026-08-21 10:21:01.381,safety/left_bumper,"FALSE"
2026-08-21 10:21:01.381,safety/right_bumper,"FALSE"
2026-08-21 10:21:01.381,safety/emergency_button,"FALSE"
2026-08-21 10:21:01.381,safety/suction_switch,"FALSE"
2026-08-21 10:21:01.382,rated_current_left,"0.000000"
2026-08-21 10:21:01.383,rated_current_right,"0.000000"
2026-08-21 10:21:01.395,odometry/filtered,"x:0.000000, y:0.000000, yaw:0.000000, cov_xx:0.001921, cov_yy:0.002030"
2026-08-21 10:21:01.413,rated_current_left,"0.000000"
2026-08-21 10:21:01.413,rated_current_right,"0.000000"
2026-08-21 10:21:01.415,odometry/filtered,"x:0.000000, y:0.000000, yaw:0.000000, cov_xx:0.001918, cov_yy:0.002027"
2026-08-21 10:21:01.430,battery/status,"100.000000%"
2026-08-21 10:21:01.431,safety/left_bumper,"FALSE"
2026-08-21 10:21:01.431,safety/right_bumper,"FALSE"
2026-08-21 10:21:01.431,safety/emergency_button,"FALSE"
2026-08-21 10:21:01.431,safety/suction_switch,"FALSE"
2026-08-21 10:21:01.440,particle_cloud,"count:800, spread:0.286028"
2026-08-21 10:21:01.446,rated_current_left,"0.000000"
2026-08-21 10:21:01.446,rated_current_right,"0.000000"
2026-08-21 10:21:01.455,odometry/filtered,"x:0.000000, y:0.000000, yaw:0.000000, cov_xx:0.001937, cov_yy:0.002048"
2026-08-21 10:21:01.476,rated_current_left,"0.000000"
2026-08-21 10:21:01.476,rated_current_right,"0.000000"
2026-08-21 10:21:01.482,safety/left_bumper,"FALSE"
2026-08-21 10:21:01.482,safety/right_bumper,"FALSE"
2026-08-21 10:21:01.482,safety/emergency_button,"FALSE"
2026-08-21 10:21:01.482,safety/suction_switch,"FALSE"
2026-08-21 10:21:01.494,odometry/filtered,"x:0.000000, y:0.000000, yaw:0.000000, cov_xx:0.001911, cov_yy:0.002020"
2026-08-21 10:21:01.509,rated_current_left,"0.000000"
2026-08-21 10:21:01.509,rated_current_right,"0.000000"
2026-08-21 10:21:01.516,odometry/filtered,"x:0.000000, y:0.000000, yaw:0.000000, cov_xx:0.001940, cov_yy:0.002051"
2026-08-21 10:21:01.531,safety/left_bumper,"FALSE"
2026-08-21 10:21:01.531,safety/right_bumper,"FALSE"
2026-08-21 10:21:01.531,safety/emergency_button,"FALSE"
2026-08-21 10:21:01.531,safety/suction_switch,"FALSE"
2026-08-21 10:21:01.531,battery/status,"100.000000%"
2026-08-21 10:21:01.541,rated_current_left,"0.000000"
2026-08-21 10:21:01.541,rated_current_right,"0.000000"
2026-08-21 10:21:01.554,odometry/filtered,"x:0.000000, y:0.000000, yaw:0.000000, cov_xx:0.001930, cov_yy:0.002040"
2026-08-21 10:21:01.573,rated_current_left,"0.000000"
2026-08-21 10:21:01.573,rated_current_right,"0.000000"
2026-08-21 10:21:01.574,odometry/filtered,"x:0.000000, y:0.000000, yaw:0.000000, cov_xx:0.001933, cov_yy:0.002043"
2026-08-21 10:21:01.580,safety/emergency_button,"FALSE"
2026-08-21 10:21:01.580,safety/right_bumper,"FALSE"
2026-08-21 10:21:01.580,safety/left_bumper,"FALSE"
2026-08-21 10:21:01.580,safety/suction_switch,"FALSE"
2026-08-21 10:21:01.604,rated_current_left,"0.000000"
2026-08-21 10:21:01.604,rated_current_right,"0.000000"
2026-08-21 10:21:01.610,system_resources,"cpu:0.0%, mem:33.0%, mem_used_mb:2512, mem_total_mb:7619"
2026-08-21 10:21:01.614,odometry/filtered,"x:0.000000, y:0.000000, yaw:0.000000, cov_xx:0.001929, cov_yy:0.002039"
2026-08-21 10:21:01.630,safety/emergency_button,"FALSE"
2026-08-21 10:21:01.631,battery/status,"100.000000%"
2026-08-21 10:21:01.631,safety/left_bumper,"FALSE"
2026-08-21 10:21:01.631,safety/right_bumper,"FALSE"
2026-08-21 10:21:01.631,safety/suction_switch,"FALSE"
2026-08-21 10:21:01.636,rated_current_left,"0.000000"
2026-08-21 10:21:01.636,rated_current_right,"0.000000"
2026-08-21 10:21:01.640,particle_cloud,"count:800, spread:0.281045"
2026-08-21 10:21:01.655,odometry/filtered,"x:0.000000, y:0.000000, yaw:0.000000, cov_xx:0.001934, cov_yy:0.002045"
2026-08-21 10:21:01.669,rated_current_left,"0.000000"
2026-08-21 10:21:01.669,rated_current_right,"0.000000"
2026-08-21 10:21:01.674,odometry/filtered,"x:0.000000, y:0.000000, yaw:0.000000, cov_xx:0.001951, cov_yy:0.002063"
2026-08-21 10:21:01.680,safety/emergency_button,"FALSE"
2026-08-21 10:21:01.680,safety/left_bumper,"FALSE"
2026-08-21 10:21:01.680,safety/right_bumper,"FALSE"
2026-08-21 10:21:01.680,safety/suction_switch,"FALSE"
2026-08-21 10:21:01.700,rated_current_left,"0.000000"
2026-08-21 10:21:01.701,rated_current_right,"0.000000"
2026-08-21 10:21:01.714,odometry/filtered,"x:0.000000, y:0.000000, yaw:0.000000, cov_xx:0.001921, cov_yy:0.002030"
2026-08-21 10:21:01.732,safety/emergency_button,"FALSE"
2026-08-21 10:21:01.733,battery/status,"100.000000%"
2026-08-21 10:21:01.733,safety/left_bumper,"FALSE"
2026-08-21 10:21:01.733,safety/right_bumper,"FALSE"
2026-08-21 10:21:01.733,safety/suction_switch,"FALSE"
2026-08-21 10:21:01.737,rated_current_left,"0.000000"
2026-08-21 10:21:01.737,rated_current_right,"0.000000"
2026-08-21 10:21:01.755,odometry/filtered,"x:0.000000, y:0.000000, yaw:0.000000, cov_xx:0.001996, cov_yy:0.002112"
2026-08-21 10:21:01.764,rated_current_left,"0.000000"
2026-08-21 10:21:01.764,rated_current_right,"0.000000"
2026-08-21 10:21:01.774,odometry/filtered,"x:0.000000, y:0.000000, yaw:0.000000, cov_xx:0.001891, cov_yy:0.001996"
2026-08-21 10:21:01.780,safety/left_bumper,"FALSE"
2026-08-21 10:21:01.780,safety/right_bumper,"FALSE"
2026-08-21 10:21:01.780,safety/emergency_button,"FALSE"
2026-08-21 10:21:01.780,safety/suction_switch,"FALSE"
2026-08-21 10:21:01.799,rated_current_left,"0.000000"
2026-08-21 10:21:01.800,rated_current_right,"0.000000"
2026-08-21 10:21:01.813,robot_status,"ROBOT_STANDBY"
2026-08-21 10:21:01.822,odometry/filtered,"x:0.000000, y:0.000000, yaw:0.000000, cov_xx:0.001956, cov_yy:0.002069"
2026-08-21 10:21:01.828,rated_current_left,"0.000000"
2026-08-21 10:21:01.828,rated_current_right,"0.000000"
2026-08-21 10:21:01.831,safety/emergency_button,"FALSE"
2026-08-21 10:21:01.831,battery/status,"100.000000%"
2026-08-21 10:21:01.832,safety/left_bumper,"FALSE"
2026-08-21 10:21:01.832,safety/right_bumper,"FALSE"
2026-08-21 10:21:01.832,safety/suction_switch,"FALSE"
2026-08-21 10:21:01.835,odometry/filtered,"x:0.000000, y:0.000000, yaw:0.000000, cov_xx:0.001897, cov_yy:0.002003"
2026-08-21 10:21:01.839,particle_cloud,"count:800, spread:0.293831"
2026-08-21 10:21:01.860,rated_current_left,"0.000000"
2026-08-21 10:21:01.862,rated_current_right,"0.000000"
2026-08-21 10:21:01.875,odometry/filtered,"x:0.000000, y:0.000000, yaw:0.000000, cov_xx:0.001923, cov_yy:0.002032"
2026-08-21 10:21:01.880,safety/left_bumper,"FALSE"
2026-08-21 10:21:01.880,safety/right_bumper,"FALSE"
2026-08-21 10:21:01.880,safety/emergency_button,"FALSE"
2026-08-21 10:21:01.880,safety/suction_switch,"FALSE"
2026-08-21 10:21:01.895,rated_current_left,"0.000000"
2026-08-21 10:21:01.895,rated_current_right,"0.000000"
2026-08-21 10:21:01.915,odometry/filtered,"x:0.000000, y:0.000000, yaw:0.000000, cov_xx:0.001968, cov_yy:0.002082"
2026-08-21 10:21:01.923,rated_current_left,"0.000000"
2026-08-21 10:21:01.924,rated_current_right,"0.000000"
2026-08-21 10:21:01.930,safety/left_bumper,"FALSE"
2026-08-21 10:21:01.930,safety/right_bumper,"FALSE"
2026-08-21 10:21:01.930,safety/emergency_button,"FALSE"
2026-08-21 10:21:01.930,safety/suction_switch,"FALSE"
2026-08-21 10:21:01.931,battery/status,"100.000000%"
2026-08-21 10:21:01.935,odometry/filtered,"x:0.000000, y:0.000000, yaw:0.000000, cov_xx:0.001896, cov_yy:0.002003"
2026-08-21 10:21:01.956,rated_current_left,"0.000000"
2026-08-21 10:21:01.956,rated_current_right,"0.000000"
2026-08-21 10:21:01.974,odometry/filtered,"x:0.000000, y:0.000000, yaw:0.000000, cov_xx:0.001920, cov_yy:0.002029"
2026-08-21 10:21:01.980,safety/emergency_button,"FALSE"
2026-08-21 10:21:01.980,safety/left_bumper,"FALSE"
2026-08-21 10:21:01.981,safety/right_bumper,"FALSE"
2026-08-21 10:21:01.981,safety/suction_switch,"FALSE"
2026-08-21 10:21:01.987,rated_current_left,"0.000000"
2026-08-21 10:21:01.988,rated_current_right,"0.000000"
2026-08-21 10:21:01.995,odometry/filtered,"x:0.000000, y:0.000000, yaw:0.000000, cov_xx:0.001916, cov_yy:0.002025"
2026-08-21 10:21:02.020,rated_current_left,"0.000000"
2026-08-21 10:21:02.020,rated_current_right,"0.000000"
2026-08-21 10:21:02.030,battery/status,"100.000000%"
2026-08-21 10:21:02.031,safety/left_bumper,"FALSE"
2026-08-21 10:21:02.031,safety/right_bumper,"FALSE"
2026-08-21 10:21:02.031,safety/emergency_button,"FALSE"
2026-08-21 10:21:02.031,safety/suction_switch,"FALSE"
2026-08-21 10:21:02.034,odometry/filtered,"x:0.000000, y:0.000000, yaw:0.000000, cov_xx:0.001941, cov_yy:0.002052"
2026-08-21 10:21:02.039,particle_cloud,"count:800, spread:0.288461"
2026-08-21 10:21:02.053,rated_current_left,"0.000000"
2026-08-21 10:21:02.053,rated_current_right,"0.000000"
2026-08-21 10:21:02.075,odometry/filtered,"x:0.000000, y:0.000000, yaw:0.000000, cov_xx:0.001947, cov_yy:0.002059"
2026-08-21 10:21:02.080,safety/left_bumper,"FALSE"
2026-08-21 10:21:02.080,safety/right_bumper,"FALSE"
2026-08-21 10:21:02.080,safety/emergency_button,"FALSE"
2026-08-21 10:21:02.080,safety/suction_switch,"FALSE"
2026-08-21 10:21:02.084,rated_current_left,"0.000000"
2026-08-21 10:21:02.084,rated_current_right,"0.000000"
2026-08-21 10:21:02.095,odometry/filtered,"x:0.000000, y:0.000000, yaw:0.000000, cov_xx:0.001930, cov_yy:0.002040"
2026-08-21 10:21:02.115,rated_current_left,"0.000000"
2026-08-21 10:21:02.117,rated_current_right,"0.000000"
2026-08-21 10:21:02.130,safety/emergency_button,"FALSE"
2026-08-21 10:21:02.130,battery/status,"100.000000%"
2026-08-21 10:21:02.130,safety/left_bumper,"FALSE"
2026-08-21 10:21:02.130,safety/right_bumper,"FALSE"
2026-08-21 10:21:02.130,safety/suction_switch,"FALSE"
2026-08-21 10:21:02.135,odometry/filtered,"x:0.000000, y:0.000000, yaw:0.000000, cov_xx:0.001920, cov_yy:0.002028"
2026-08-21 10:21:02.147,rated_current_left,"0.000000"
2026-08-21 10:21:02.148,rated_current_right,"0.000000"
2026-08-21 10:21:02.155,odometry/filtered,"x:0.000000, y:0.000000, yaw:0.000000, cov_xx:0.001933, cov_yy:0.002044"
2026-08-21 10:21:02.188,safety/left_bumper,"FALSE"
2026-08-21 10:21:02.188,safety/right_bumper,"FALSE"
2026-08-21 10:21:02.188,safety/emergency_button,"FALSE"
2026-08-21 10:21:02.188,safety/suction_switch,"FALSE"
2026-08-21 10:21:02.188,rated_current_left,"0.000000"
2026-08-21 10:21:02.188,rated_current_right,"0.000000"
2026-08-21 10:21:02.195,odometry/filtered,"x:0.000000, y:0.000000, yaw:0.000000, cov_xx:0.001939, cov_yy:0.002050"
2026-08-21 10:21:02.212,rated_current_left,"0.000000"
2026-08-21 10:21:02.213,rated_current_right,"0.000000"
2026-08-21 10:21:02.214,odometry/filtered,"x:0.000000, y:0.000000, yaw:0.000000, cov_xx:0.001929, cov_yy:0.002038"
2026-08-21 10:21:02.230,safety/emergency_button,"FALSE"
2026-08-21 10:21:02.231,battery/status,"100.000000%"
2026-08-21 10:21:02.231,safety/left_bumper,"FALSE"
2026-08-21 10:21:02.231,safety/right_bumper,"FALSE"
2026-08-21 10:21:02.231,safety/suction_switch,"FALSE"
2026-08-21 10:21:02.244,rated_current_left,"0.000000"
2026-08-21 10:21:02.245,rated_current_right,"0.000000"
2026-08-21 10:21:02.249,particle_cloud,"count:800, spread:0.279968"
2026-08-21 10:21:02.254,odometry/filtered,"x:0.000000, y:0.000000, yaw:0.000000, cov_xx:0.001932, cov_yy:0.002042"
2026-08-21 10:21:02.274,rated_current_left,"0.000000"
2026-08-21 10:21:02.275,rated_current_right,"0.000000"
2026-08-21 10:21:02.280,safety/emergency_button,"FALSE"
2026-08-21 10:21:02.280,safety/left_bumper,"FALSE"
2026-08-21 10:21:02.280,safety/right_bumper,"FALSE"
2026-08-21 10:21:02.280,safety/suction_switch,"FALSE"
2026-08-21 10:21:02.296,odometry/filtered,"x:0.000000, y:0.000000, yaw:0.000000, cov_xx:0.001917, cov_yy:0.002025"
2026-08-21 10:21:02.307,rated_current_left,"0.000000"
2026-08-21 10:21:02.307,rated_current_right,"0.000000"
2026-08-21 10:21:02.313,robot_status,"ROBOT_STANDBY"
2026-08-21 10:21:02.314,odometry/filtered,"x:0.000000, y:0.000000, yaw:0.000000, cov_xx:0.001935, cov_yy:0.002045"
2026-08-21 10:21:02.329,safety/emergency_button,"FALSE"
2026-08-21 10:21:02.330,battery/status,"100.000000%"
2026-08-21 10:21:02.331,safety/left_bumper,"FALSE"
2026-08-21 10:21:02.331,safety/right_bumper,"FALSE"
2026-08-21 10:21:02.331,safety/suction_switch,"FALSE"
2026-08-21 10:21:02.339,rated_current_left,"0.000000"
2026-08-21 10:21:02.340,rated_current_right,"0.000000"
2026-08-21 10:21:02.355,odometry/filtered,"x:0.000000, y:0.000000, yaw:0.000000, cov_xx:0.001934, cov_yy:0.002045"
2026-08-21 10:21:02.371,rated_current_left,"0.000000"
2026-08-21 10:21:02.372,rated_current_right,"0.000000"
2026-08-21 10:21:02.375,odometry/filtered,"x:0.000000, y:0.000000, yaw:0.000000, cov_xx:0.001930, cov_yy:0.002039"
2026-08-21 10:21:02.380,safety/left_bumper,"FALSE"
2026-08-21 10:21:02.380,safety/right_bumper,"FALSE"
2026-08-21 10:21:02.380,safety/emergency_button,"FALSE"
2026-08-21 10:21:02.380,safety/suction_switch,"FALSE"
2026-08-21 10:21:02.403,rated_current_left,"0.000000"
2026-08-21 10:21:02.403,rated_current_right,"0.000000"
2026-08-21 10:21:02.415,odometry/filtered,"x:0.000000, y:0.000000, yaw:0.000000, cov_xx:0.001935, cov_yy:0.002046"
2026-08-21 10:21:02.430,safety/emergency_button,"FALSE"
2026-08-21 10:21:02.430,safety/left_bumper,"FALSE"
2026-08-21 10:21:02.430,safety/right_bumper,"FALSE"
2026-08-21 10:21:02.430,battery/status,"100.000000%"
2026-08-21 10:21:02.430,safety/suction_switch,"FALSE"
2026-08-21 10:21:02.435,rated_current_left,"0.000000"
2026-08-21 10:21:02.435,rated_current_right,"0.000000"
2026-08-21 10:21:02.440,particle_cloud,"count:800, spread:0.290740"
2026-08-21 10:21:02.456,odometry/filtered,"x:0.000000, y:0.000000, yaw:0.000000, cov_xx:0.001931, cov_yy:0.002041"
2026-08-21 10:21:02.466,rated_current_left,"0.000000"
2026-08-21 10:21:02.466,rated_current_right,"0.000000"
2026-08-21 10:21:02.474,odometry/filtered,"x:0.000000, y:0.000000, yaw:0.000000, cov_xx:0.001916, cov_yy:0.002024"
2026-08-21 10:21:02.479,safety/emergency_button,"FALSE"
2026-08-21 10:21:02.480,safety/right_bumper,"FALSE"
2026-08-21 10:21:02.480,safety/left_bumper,"FALSE"
2026-08-21 10:21:02.480,safety/suction_switch,"FALSE"
2026-08-21 10:21:02.500,rated_current_left,"0.000000"
2026-08-21 10:21:02.500,rated_current_right,"0.000000"
2026-08-21 10:21:02.515,odometry/filtered,"x:0.000000, y:0.000000, yaw:0.000000, cov_xx:0.001944, cov_yy:0.002056"
2026-08-21 10:21:02.530,safety/emergency_button,"FALSE"
2026-08-21 10:21:02.530,safety/right_bumper,"FALSE"
2026-08-21 10:21:02.530,battery/status,"100.000000%"
2026-08-21 10:21:02.531,safety/left_bumper,"FALSE"
2026-08-21 10:21:02.531,safety/suction_switch,"FALSE"
2026-08-21 10:21:02.536,rated_current_left,"0.000000"
2026-08-21 10:21:02.536,rated_current_right,"0.000000"
2026-08-21 10:21:02.555,odometry/filtered,"x:0.000000, y:0.000000, yaw:0.000000, cov_xx:0.001986, cov_yy:0.002101"
2026-08-21 10:21:02.563,rated_current_left,"0.000000"
2026-08-21 10:21:02.563,rated_current_right,"0.000000"
2026-08-21 10:21:02.575,odometry/filtered,"x:0.000000, y:0.000000, yaw:0.000000, cov_xx:0.001904, cov_yy:0.002011"
2026-08-21 10:21:02.580,safety/left_bumper,"FALSE"
2026-08-21 10:21:02.580,safety/right_bumper,"FALSE"
2026-08-21 10:21:02.580,safety/emergency_button,"FALSE"
2026-08-21 10:21:02.580,safety/suction_switch,"FALSE"
2026-08-21 10:21:02.601,rated_current_left,"0.000000"
2026-08-21 10:21:02.602,rated_current_right,"0.000000"
2026-08-21 10:21:02.615,odometry/filtered,"x:0.000000, y:0.000000, yaw:0.000000, cov_xx:0.002002, cov_yy:0.002118"
2026-08-21 10:21:02.626,rated_current_left,"0.000000"
2026-08-21 10:21:02.627,rated_current_right,"0.000000"
2026-08-21 10:21:02.629,safety/emergency_button,"FALSE"
2026-08-21 10:21:02.630,safety/left_bumper,"FALSE"
2026-08-21 10:21:02.630,safety/right_bumper,"FALSE"
2026-08-21 10:21:02.630,safety/suction_switch,"FALSE"
2026-08-21 10:21:02.630,battery/status,"100.000000%"
2026-08-21 10:21:02.635,odometry/filtered,"x:0.000000, y:0.000000, yaw:0.000000, cov_xx:0.001876, cov_yy:0.001979"
2026-08-21 10:21:02.643,particle_cloud,"count:800, spread:0.291711"
2026-08-21 10:21:02.657,rated_current_left,"0.000000"
2026-08-21 10:21:02.658,rated_current_right,"0.000000"
2026-08-21 10:21:02.675,odometry/filtered,"x:0.000000, y:0.000000, yaw:0.000000, cov_xx:0.001891, cov_yy:0.001997"
2026-08-21 10:21:02.679,safety/emergency_button,"FALSE"
2026-08-21 10:21:02.680,safety/left_bumper,"FALSE"
2026-08-21 10:21:02.681,safety/right_bumper,"FALSE"
2026-08-21 10:21:02.681,safety/suction_switch,"FALSE"
2026-08-21 10:21:02.698,rated_current_left,"0.000000"
2026-08-21 10:21:02.698,rated_current_right,"0.000000"
2026-08-21 10:21:02.714,odometry/filtered,"x:0.000000, y:0.000000, yaw:0.000000, cov_xx:0.002042, cov_yy:0.002164"
2026-08-21 10:21:02.722,rated_current_left,"0.000000"
2026-08-21 10:21:02.723,rated_current_right,"0.000000"
2026-08-21 10:21:02.729,safety/emergency_button,"FALSE"
2026-08-21 10:21:02.730,battery/status,"100.000000%"
2026-08-21 10:21:02.730,safety/left_bumper,"FALSE"
2026-08-21 10:21:02.731,safety/right_bumper,"FALSE"
2026-08-21 10:21:02.731,safety/suction_switch,"FALSE"
2026-08-21 10:21:02.735,odometry/filtered,"x:0.000000, y:0.000000, yaw:0.000000, cov_xx:0.001853, cov_yy:0.001953"
2026-08-21 10:21:02.754,rated_current_left,"0.000000"
2026-08-21 10:21:02.756,rated_current_right,"0.000000"
2026-08-21 10:21:02.774,odometry/filtered,"x:0.000000, y:0.000000, yaw:0.000000, cov_xx:0.001902, cov_yy:0.002009"
2026-08-21 10:21:02.779,safety/emergency_button,"FALSE"
2026-08-21 10:21:02.779,safety/right_bumper,"FALSE"
2026-08-21 10:21:02.780,safety/left_bumper,"FALSE"
2026-08-21 10:21:02.780,safety/suction_switch,"FALSE"
2026-08-21 10:21:02.790,rated_current_left,"0.000000"
2026-08-21 10:21:02.790,rated_current_right,"0.000000"
2026-08-21 10:21:02.795,odometry/filtered,"x:0.000000, y:0.000000, yaw:0.000000, cov_xx:0.001986, cov_yy:0.002102"
2026-08-21 10:21:02.812,robot_status,"ROBOT_STANDBY"
2026-08-21 10:21:02.818,rated_current_left,"0.000000"
2026-08-21 10:21:02.819,rated_current_right,"0.000000"
2026-08-21 10:21:02.829,safety/left_bumper,"FALSE"
2026-08-21 10:21:02.829,safety/right_bumper,"FALSE"
2026-08-21 10:21:02.830,safety/emergency_button,"FALSE"
2026-08-21 10:21:02.830,safety/suction_switch,"FALSE"
2026-08-21 10:21:02.830,battery/status,"100.000000%"
2026-08-21 10:21:02.835,odometry/filtered,"x:0.000000, y:0.000000, yaw:0.000000, cov_xx:0.001882, cov_yy:0.001986"
2026-08-21 10:21:02.839,particle_cloud,"count:800, spread:0.282683"
2026-08-21 10:21:02.850,rated_current_left,"0.000000"
2026-08-21 10:21:02.850,rated_current_right,"0.000000"
2026-08-21 10:21:02.854,odometry/filtered,"x:0.000000, y:0.000000, yaw:0.000000, cov_xx:0.001919, cov_yy:0.002028"
2026-08-21 10:21:02.880,safety/emergency_button,"FALSE"
2026-08-21 10:21:02.880,safety/left_bumper,"FALSE"
2026-08-21 10:21:02.880,safety/right_bumper,"FALSE"
2026-08-21 10:21:02.880,safety/suction_switch,"FALSE"
2026-08-21 10:21:02.882,rated_current_left,"0.000000"
2026-08-21 10:21:02.882,rated_current_right,"0.000000"
2026-08-21 10:21:02.895,odometry/filtered,"x:0.000000, y:0.000000, yaw:0.000000, cov_xx:0.001933, cov_yy:0.002044"
2026-08-21 10:21:02.914,rated_current_left,"0.000000"
2026-08-21 10:21:02.914,rated_current_right,"0.000000"
2026-08-21 10:21:02.930,safety/emergency_button,"FALSE"
2026-08-21 10:21:02.930,battery/status,"100.000000%"
2026-08-21 10:21:02.930,safety/left_bumper,"FALSE"
2026-08-21 10:21:02.930,safety/right_bumper,"FALSE"
2026-08-21 10:21:02.930,safety/suction_switch,"FALSE"
2026-08-21 10:21:02.934,odometry/filtered,"x:0.000000, y:0.000000, yaw:0.000000, cov_xx:0.001923, cov_yy:0.002033"
2026-08-21 10:21:02.945,rated_current_left,"0.000000"
2026-08-21 10:21:02.945,rated_current_right,"0.000000"
2026-08-21 10:21:02.955,odometry/filtered,"x:0.000000, y:0.000000, yaw:0.000000, cov_xx:0.001916, cov_yy:0.002024"
2026-08-21 10:21:02.978,rated_current_left,"0.000000"
2026-08-21 10:21:02.978,rated_current_right,"0.000000"
2026-08-21 10:21:02.979,safety/left_bumper,"FALSE"
2026-08-21 10:21:02.980,safety/right_bumper,"FALSE"
2026-08-21 10:21:02.980,safety/emergency_button,"FALSE"
2026-08-21 10:21:02.980,safety/suction_switch,"FALSE"
2026-08-21 10:21:02.995,odometry/filtered,"x:0.000000, y:0.000000, yaw:0.000000, cov_xx:0.001940, cov_yy:0.002052"
2026-08-21 10:21:03.009,rated_current_left,"0.000000"
2026-08-21 10:21:03.010,rated_current_right,"0.000000"
2026-08-21 10:21:03.014,odometry/filtered,"x:0.000000, y:0.000000, yaw:0.000000, cov_xx:0.001930, cov_yy:0.002041"
2026-08-21 10:21:03.032,battery/status,"100.000000%"
2026-08-21 10:21:03.033,safety/left_bumper,"FALSE"
2026-08-21 10:21:03.033,safety/right_bumper,"FALSE"
2026-08-21 10:21:03.033,safety/emergency_button,"FALSE"
2026-08-21 10:21:03.033,safety/suction_switch,"FALSE"
2026-08-21 10:21:03.039,particle_cloud,"count:800, spread:0.285459"
2026-08-21 10:21:03.042,rated_current_left,"0.000000"
2026-08-21 10:21:03.042,rated_current_right,"0.000000"
2026-08-21 10:21:03.055,odometry/filtered,"x:0.000000, y:0.000000, yaw:0.000000, cov_xx:0.001939, cov_yy:0.002050"
2026-08-21 10:21:03.073,rated_current_left,"0.000000"
2026-08-21 10:21:03.075,odometry/filtered,"x:0.000000, y:0.000000, yaw:0.000000, cov_xx:0.001918, cov_yy:0.002026"
2026-08-21 10:21:03.075,rated_current_right,"0.000000"
2026-08-21 10:21:03.079,safety/left_bumper,"FALSE"
2026-08-21 10:21:03.079,safety/right_bumper,"FALSE"
2026-08-21 10:21:03.079,safety/emergency_button,"FALSE"
2026-08-21 10:21:03.079,safety/suction_switch,"FALSE"
2026-08-21 10:21:03.105,rated_current_left,"0.000000"
2026-08-21 10:21:03.105,rated_current_right,"0.000000"
2026-08-21 10:21:03.114,odometry/filtered,"x:0.000000, y:0.000000, yaw:0.000000, cov_xx:0.001936, cov_yy:0.002047"
2026-08-21 10:21:03.130,battery/status,"100.000000%"
2026-08-21 10:21:03.130,safety/left_bumper,"FALSE"
2026-08-21 10:21:03.130,safety/right_bumper,"FALSE"
2026-08-21 10:21:03.130,safety/emergency_button,"FALSE"
2026-08-21 10:21:03.131,safety/suction_switch,"FALSE"
2026-08-21 10:21:03.137,rated_current_left,"0.000000"
2026-08-21 10:21:03.137,rated_current_right,"0.000000"
2026-08-21 10:21:03.155,odometry/filtered,"x:0.000000, y:0.000000, yaw:0.000000, cov_xx:0.001925, cov_yy:0.002035"
2026-08-21 10:21:03.169,rated_current_left,"0.000000"
2026-08-21 10:21:03.170,rated_current_right,"0.000000"
2026-08-21 10:21:03.175,odometry/filtered,"x:0.000000, y:0.000000, yaw:0.000000, cov_xx:0.001939, cov_yy:0.002050"
2026-08-21 10:21:03.179,safety/emergency_button,"FALSE"
2026-08-21 10:21:03.182,safety/right_bumper,"FALSE"
2026-08-21 10:21:03.182,safety/left_bumper,"FALSE"
2026-08-21 10:21:03.182,safety/suction_switch,"FALSE"
2026-08-21 10:21:03.203,rated_current_left,"0.000000"
2026-08-21 10:21:03.203,rated_current_right,"0.000000"
2026-08-21 10:21:03.215,odometry/filtered,"x:0.000000, y:0.000000, yaw:0.000000, cov_xx:0.001937, cov_yy:0.002048"
2026-08-21 10:21:03.229,safety/emergency_button,"FALSE"
2026-08-21 10:21:03.229,safety/right_bumper,"FALSE"
2026-08-21 10:21:03.230,battery/status,"100.000000%"
2026-08-21 10:21:03.230,safety/left_bumper,"FALSE"
2026-08-21 10:21:03.230,safety/suction_switch,"FALSE"
2026-08-21 10:21:03.235,rated_current_left,"0.000000"
2026-08-21 10:21:03.238,rated_current_right,"0.000000"
2026-08-21 10:21:03.239,particle_cloud,"count:800, spread:0.281392"
2026-08-21 10:21:03.257,odometry/filtered,"x:0.000000, y:0.000000, yaw:0.000000, cov_xx:0.001962, cov_yy:0.002075"
2026-08-21 10:21:03.264,rated_current_left,"0.000000"
2026-08-21 10:21:03.265,rated_current_right,"0.000000"
2026-08-21 10:21:03.275,odometry/filtered,"x:0.000000, y:0.000000, yaw:0.000000, cov_xx:0.001900, cov_yy:0.002007"
2026-08-21 10:21:03.279,safety/emergency_button,"FALSE"
2026-08-21 10:21:03.279,safety/left_bumper,"FALSE"
2026-08-21 10:21:03.279,safety/right_bumper,"FALSE"
2026-08-21 10:21:03.279,safety/suction_switch,"FALSE"
2026-08-21 10:21:03.297,rated_current_left,"0.000000"
2026-08-21 10:21:03.298,rated_current_right,"0.000000"
2026-08-21 10:21:03.315,robot_status,"ROBOT_STANDBY"
2026-08-21 10:21:03.320,odometry/filtered,"x:0.000000, y:0.000000, yaw:0.000000, cov_xx:0.001936, cov_yy:0.002046"
2026-08-21 10:21:03.329,rated_current_left,"0.000000"
2026-08-21 10:21:03.329,rated_current_right,"0.000000"
2026-08-21 10:21:03.330,battery/status,"100.000000%"
2026-08-21 10:21:03.330,safety/left_bumper,"FALSE"
2026-08-21 10:21:03.330,safety/right_bumper,"FALSE"
2026-08-21 10:21:03.330,safety/emergency_button,"FALSE"
2026-08-21 10:21:03.330,safety/suction_switch,"FALSE"
2026-08-21 10:21:03.339,odometry/filtered,"x:0.000000, y:0.000000, yaw:0.000000, cov_xx:0.001928, cov_yy:0.002037"
2026-08-21 10:21:03.362,rated_current_left,"0.000000"
2026-08-21 10:21:03.362,rated_current_right,"0.000000"
2026-08-21 10:21:03.375,odometry/filtered,"x:0.000000, y:0.000000, yaw:0.000000, cov_xx:0.001931, cov_yy:0.002041"
2026-08-21 10:21:03.379,safety/emergency_button,"FALSE"
2026-08-21 10:21:03.379,safety/left_bumper,"FALSE"
2026-08-21 10:21:03.379,safety/right_bumper,"FALSE"
2026-08-21 10:21:03.379,safety/suction_switch,"FALSE"
2026-08-21 10:21:03.401,rated_current_left,"0.000000"
2026-08-21 10:21:03.402,rated_current_right,"0.000000"
2026-08-21 10:21:03.415,odometry/filtered,"x:0.000000, y:0.000000, yaw:0.000000, cov_xx:0.001974, cov_yy:0.002088"
2026-08-21 10:21:03.426,rated_current_left,"0.000000"
2026-08-21 10:21:03.426,rated_current_right,"0.000000"
2026-08-21 10:21:03.429,safety/left_bumper,"FALSE"
2026-08-21 10:21:03.429,safety/right_bumper,"FALSE"
2026-08-21 10:21:03.429,safety/emergency_button,"FALSE"
2026-08-21 10:21:03.429,safety/suction_switch,"FALSE"
2026-08-21 10:21:03.429,battery/status,"100.000000%"
2026-08-21 10:21:03.434,odometry/filtered,"x:0.000000, y:0.000000, yaw:0.000000, cov_xx:0.001897, cov_yy:0.002003"
2026-08-21 10:21:03.438,particle_cloud,"count:800, spread:0.293825"
2026-08-21 10:21:03.457,rated_current_left,"0.000000"
2026-08-21 10:21:03.457,rated_current_right,"0.000000"
2026-08-21 10:21:03.474,odometry/filtered,"x:0.000000, y:0.000000, yaw:0.000000, cov_xx:0.001915, cov_yy:0.002023"
2026-08-21 10:21:03.479,safety/left_bumper,"FALSE"
2026-08-21 10:21:03.479,safety/right_bumper,"FALSE"
2026-08-21 10:21:03.479,safety/emergency_button,"FALSE"
2026-08-21 10:21:03.480,safety/suction_switch,"FALSE"
2026-08-21 10:21:03.488,rated_current_left,"0.000000"
2026-08-21 10:21:03.491,rated_current_right,"0.000000"
2026-08-21 10:21:03.495,odometry/filtered,"x:0.000000, y:0.000000, yaw:0.000000, cov_xx:0.001927, cov_yy:0.002037"
2026-08-21 10:21:03.522,rated_current_left,"0.000000"
2026-08-21 10:21:03.522,rated_current_right,"0.000000"
2026-08-21 10:21:03.532,safety/emergency_button,"FALSE"
2026-08-21 10:21:03.532,battery/status,"100.000000%"
2026-08-21 10:21:03.532,safety/left_bumper,"FALSE"
2026-08-21 10:21:03.532,safety/right_bumper,"FALSE"
2026-08-21 10:21:03.532,safety/suction_switch,"FALSE"
2026-08-21 10:21:03.535,odometry/filtered,"x:0.000000, y:0.000000, yaw:0.000000, cov_xx:0.001938, cov_yy:0.002049"
2026-08-21 10:21:03.551,rated_current_left,"0.000000"
2026-08-21 10:21:03.552,rated_current_right,"0.000000"
2026-08-21 10:21:03.555,odometry/filtered,"x:0.000000, y:0.000000, yaw:0.000000, cov_xx:0.001922, cov_yy:0.002031"
2026-08-21 10:21:03.581,safety/left_bumper,"FALSE"
2026-08-21 10:21:03.581,safety/right_bumper,"FALSE"
2026-08-21 10:21:03.581,safety/emergency_button,"FALSE"
2026-08-21 10:21:03.581,safety/suction_switch,"FALSE"
2026-08-21 10:21:03.586,rated_current_left,"0.000000"
2026-08-21 10:21:03.586,rated_current_right,"0.000000"
2026-08-21 10:21:03.596,odometry/filtered,"x:0.000000, y:0.000000, yaw:0.000000, cov_xx:0.001934, cov_yy:0.002044"
2026-08-21 10:21:03.616,rated_current_left,"0.000000"
2026-08-21 10:21:03.616,rated_current_right,"0.000000"
2026-08-21 10:21:03.632,safety/emergency_button,"FALSE"
2026-08-21 10:21:03.633,battery/status,"100.000000%"
2026-08-21 10:21:03.633,safety/left_bumper,"FALSE"
2026-08-21 10:21:03.633,safety/right_bumper,"FALSE"
2026-08-21 10:21:03.633,safety/suction_switch,"FALSE"
2026-08-21 10:21:03.635,odometry/filtered,"x:0.000000, y:0.000000, yaw:0.000000, cov_xx:0.001936, cov_yy:0.002047"
2026-08-21 10:21:03.642,particle_cloud,"count:800, spread:0.283010"
2026-08-21 10:21:03.648,rated_current_left,"0.000000"
2026-08-21 10:21:03.649,rated_current_right,"0.000000"
2026-08-21 10:21:03.654,odometry/filtered,"x:0.000000, y:0.000000, yaw:0.000000, cov_xx:0.001933, cov_yy:0.002043"
2026-08-21 10:21:03.683,safety/left_bumper,"FALSE"
2026-08-21 10:21:03.683,safety/right_bumper,"FALSE"
2026-08-21 10:21:03.684,safety/emergency_button,"FALSE"
2026-08-21 10:21:03.685,safety/suction_switch,"FALSE"
2026-08-21 10:21:03.685,rated_current_left,"0.000000"
2026-08-21 10:21:03.685,rated_current_right,"0.000000"
2026-08-21 10:21:03.696,odometry/filtered,"x:0.000000, y:0.000000, yaw:0.000000, cov_xx:0.001919, cov_yy:0.002027"
2026-08-21 10:21:03.712,rated_current_left,"0.000000"
2026-08-21 10:21:03.714,rated_current_right,"0.000000"
2026-08-21 10:21:03.715,odometry/filtered,"x:0.000000, y:0.000000, yaw:0.000000, cov_xx:0.001948, cov_yy:0.002060"
2026-08-21 10:21:03.729,safety/left_bumper,"FALSE"
2026-08-21 10:21:03.729,safety/right_bumper,"FALSE"
2026-08-21 10:21:03.729,safety/emergency_button,"FALSE"
2026-08-21 10:21:03.730,safety/suction_switch,"FALSE"
2026-08-21 10:21:03.730,battery/status,"100.000000%"
2026-08-21 10:21:03.744,rated_current_left,"0.000000"
2026-08-21 10:21:03.745,rated_current_right,"0.000000"
2026-08-21 10:21:03.755,odometry/filtered,"x:0.000000, y:0.000000, yaw:0.000000, cov_xx:0.001929, cov_yy:0.002038"
2026-08-21 10:21:03.778,rated_current_left,"0.000000"
2026-08-21 10:21:03.778,rated_current_right,"0.000000"
2026-08-21 10:21:03.779,safety/left_bumper,"FALSE"
2026-08-21 10:21:03.779,safety/right_bumper,"FALSE"
2026-08-21 10:21:03.779,safety/emergency_button,"FALSE"
2026-08-21 10:21:03.779,safety/suction_switch,"FALSE"
2026-08-21 10:21:03.796,odometry/filtered,"x:0.000000, y:0.000000, yaw:0.000000, cov_xx:0.001932, cov_yy:0.002041"
2026-08-21 10:21:03.806,rated_current_left,"0.000000"
2026-08-21 10:21:03.806,rated_current_right,"0.000000"
2026-08-21 10:21:03.812,robot_status,"ROBOT_STANDBY"
2026-08-21 10:21:03.816,odometry/filtered,"x:0.000000, y:0.000000, yaw:0.000000, cov_xx:0.001913, cov_yy:0.002021"
2026-08-21 10:21:03.829,safety/left_bumper,"FALSE"
2026-08-21 10:21:03.829,safety/right_bumper,"FALSE"
2026-08-21 10:21:03.829,safety/emergency_button,"FALSE"
2026-08-21 10:21:03.829,safety/suction_switch,"FALSE"
2026-08-21 10:21:03.830,battery/status,"100.000000%"
2026-08-21 10:21:03.839,particle_cloud,"count:800, spread:0.294425"
2026-08-21 10:21:03.840,rated_current_left,"0.000000"
2026-08-21 10:21:03.840,rated_current_right,"0.000000"
2026-08-21 10:21:03.856,odometry/filtered,"x:0.000000, y:0.000000, yaw:0.000000, cov_xx:0.001941, cov_yy:0.002052"
2026-08-21 10:21:03.871,rated_current_left,"0.000000"
2026-08-21 10:21:03.871,rated_current_right,"0.000000"
2026-08-21 10:21:03.876,odometry/filtered,"x:0.000000, y:0.000000, yaw:0.000000, cov_xx:0.001934, cov_yy:0.002044"
2026-08-21 10:21:03.879,safety/left_bumper,"FALSE"
2026-08-21 10:21:03.879,safety/right_bumper,"FALSE"
2026-08-21 10:21:03.879,safety/emergency_button,"FALSE"
2026-08-21 10:21:03.879,safety/suction_switch,"FALSE"
2026-08-21 10:21:03.902,rated_current_left,"0.000000"
2026-08-21 10:21:03.903,rated_current_right,"0.000000"
2026-08-21 10:21:03.915,odometry/filtered,"x:0.000000, y:0.000000, yaw:0.000000, cov_xx:0.001922, cov_yy:0.002031"
2026-08-21 10:21:03.928,safety/left_bumper,"FALSE"
2026-08-21 10:21:03.929,safety/right_bumper,"FALSE"
2026-08-21 10:21:03.929,safety/emergency_button,"FALSE"
2026-08-21 10:21:03.930,battery/status,"100.000000%"
2026-08-21 10:21:03.930,safety/suction_switch,"FALSE"
2026-08-21 10:21:03.936,rated_current_left,"0.000000"
2026-08-21 10:21:03.936,rated_current_right,"0.000000"
2026-08-21 10:21:03.954,odometry/filtered,"x:0.000000, y:0.000000, yaw:0.000000, cov_xx:0.001945, cov_yy:0.002056"
2026-08-21 10:21:03.967,rated_current_left,"0.000000"
2026-08-21 10:21:03.967,rated_current_right,"0.000000"
2026-08-21 10:21:03.974,odometry/filtered,"x:0.000000, y:0.000000, yaw:0.000000, cov_xx:0.001926, cov_yy:0.002036"
2026-08-21 10:21:03.979,safety/left_bumper,"FALSE"
2026-08-21 10:21:03.979,safety/right_bumper,"FALSE"
2026-08-21 10:21:03.979,safety/emergency_button,"FALSE"
2026-08-21 10:21:03.979,safety/suction_switch,"FALSE"
2026-08-21 10:21:04.000,rated_current_left,"0.000000"
2026-08-21 10:21:04.000,rated_current_right,"0.000000"
2026-08-21 10:21:04.015,odometry/filtered,"x:0.000000, y:0.000000, yaw:0.000000, cov_xx:0.001937, cov_yy:0.002047"
2026-08-21 10:21:04.033,battery/status,"100.000000%"
2026-08-21 10:21:04.034,safety/left_bumper,"FALSE"
2026-08-21 10:21:04.034,safety/right_bumper,"FALSE"
2026-08-21 10:21:04.034,safety/emergency_button,"FALSE"
2026-08-21 10:21:04.034,safety/suction_switch,"FALSE"
2026-08-21 10:21:04.034,rated_current_left,"0.000000"
2026-08-21 10:21:04.034,rated_current_right,"0.000000"
2026-08-21 10:21:04.035,odometry/filtered,"x:0.000000, y:0.000000, yaw:0.000000, cov_xx:0.001946, cov_yy:0.002057"
2026-08-21 10:21:04.039,particle_cloud,"count:800, spread:0.288523"
2026-08-21 10:21:04.064,rated_current_left,"0.000000"
2026-08-21 10:21:04.065,rated_current_right,"0.000000"
2026-08-21 10:21:04.075,odometry/filtered,"x:0.000000, y:0.000000, yaw:0.000000, cov_xx:0.001940, cov_yy:0.002051"
2026-08-21 10:21:04.080,safety/left_bumper,"FALSE"
2026-08-21 10:21:04.081,safety/right_bumper,"FALSE"
2026-08-21 10:21:04.081,safety/emergency_button,"FALSE"
2026-08-21 10:21:04.081,safety/suction_switch,"FALSE"
2026-08-21 10:21:04.097,rated_current_left,"0.000000"
2026-08-21 10:21:04.099,rated_current_right,"0.000000"
2026-08-21 10:21:04.115,odometry/filtered,"x:0.000000, y:0.000000, yaw:0.000000, cov_xx:0.001952, cov_yy:0.002064"
2026-08-21 10:21:04.139,battery/status,"100.000000%"
2026-08-21 10:21:04.139,odometry/filtered,"x:0.000000, y:0.000000, yaw:0.000000, cov_xx:0.001934, cov_yy:0.002044"
2026-08-21 10:21:04.139,safety/left_bumper,"FALSE"
2026-08-21 10:21:04.139,safety/right_bumper,"FALSE"
2026-08-21 10:21:04.139,safety/emergency_button,"FALSE"
2026-08-21 10:21:04.139,safety/suction_switch,"FALSE"
2026-08-21 10:21:04.139,rated_current_left,"0.000000"
2026-08-21 10:21:04.139,rated_current_right,"0.000000"
2026-08-21 10:21:04.158,rated_current_left,"0.000000"
2026-08-21 10:21:04.160,rated_current_right,"0.000000"
2026-08-21 10:21:04.175,odometry/filtered,"x:0.000000, y:0.000000, yaw:0.000000, cov_xx:0.001899, cov_yy:0.002006"
2026-08-21 10:21:04.179,safety/left_bumper,"FALSE"
2026-08-21 10:21:04.180,safety/right_bumper,"FALSE"
2026-08-21 10:21:04.180,safety/emergency_button,"FALSE"
2026-08-21 10:21:04.180,safety/suction_switch,"FALSE"
2026-08-21 10:21:04.196,rated_current_left,"0.000000"
2026-08-21 10:21:04.199,rated_current_right,"0.000000"
2026-08-21 10:21:04.219,odometry/filtered,"x:0.000000, y:0.000000, yaw:0.000000, cov_xx:0.002007, cov_yy:0.002124"
2026-08-21 10:21:04.222,rated_current_left,"0.000000"
2026-08-21 10:21:04.223,rated_current_right,"0.000000"
2026-08-21 10:21:04.230,battery/status,"100.000000%"
2026-08-21 10:21:04.233,safety/left_bumper,"FALSE"
2026-08-21 10:21:04.233,safety/right_bumper,"FALSE"
2026-08-21 10:21:04.233,safety/emergency_button,"FALSE"
2026-08-21 10:21:04.233,safety/suction_switch,"FALSE"
2026-08-21 10:21:04.243,particle_cloud,"count:800, spread:0.282627"
2026-08-21 10:21:04.243,odometry/filtered,"x:0.000000, y:0.000000, yaw:0.000000, cov_xx:0.001875, cov_yy:0.001978"
2026-08-21 10:21:04.254,rated_current_left,"0.000000"
2026-08-21 10:21:04.258,rated_current_right,"0.000000"
2026-08-21 10:21:04.283,odometry/filtered,"x:0.000000, y:0.000000, yaw:0.000000, cov_xx:0.001910, cov_yy:0.002017"
2026-08-21 10:21:04.284,safety/left_bumper,"FALSE"
2026-08-21 10:21:04.284,safety/right_bumper,"FALSE"
2026-08-21 10:21:04.284,safety/emergency_button,"FALSE"
2026-08-21 10:21:04.284,safety/suction_switch,"FALSE"
2026-08-21 10:21:04.289,rated_current_left,"0.000000"
2026-08-21 10:21:04.289,rated_current_right,"0.000000"
2026-08-21 10:21:04.295,odometry/filtered,"x:0.000000, y:0.000000, yaw:0.000000, cov_xx:0.001949, cov_yy:0.002060"
2026-08-21 10:21:04.312,robot_status,"ROBOT_STANDBY"
2026-08-21 10:21:04.320,rated_current_left,"0.000000"
2026-08-21 10:21:04.320,rated_current_right,"0.000000"
2026-08-21 10:21:04.328,safety/emergency_button,"FALSE"
2026-08-21 10:21:04.329,battery/status,"100.000000%"
2026-08-21 10:21:04.329,safety/left_bumper,"FALSE"
2026-08-21 10:21:04.329,safety/right_bumper,"FALSE"
2026-08-21 10:21:04.329,safety/suction_switch,"FALSE"
2026-08-21 10:21:04.338,odometry/filtered,"x:0.000000, y:0.000000, yaw:0.000000, cov_xx:0.001919, cov_yy:0.002027"
2026-08-21 10:21:04.351,rated_current_left,"0.000000"
2026-08-21 10:21:04.352,rated_current_right,"0.000000"
2026-08-21 10:21:04.355,odometry/filtered,"x:0.000000, y:0.000000, yaw:0.000000, cov_xx:0.001938, cov_yy:0.002049"
2026-08-21 10:21:04.378,safety/emergency_button,"FALSE"
2026-08-21 10:21:04.378,safety/left_bumper,"FALSE"
2026-08-21 10:21:04.378,safety/right_bumper,"FALSE"
2026-08-21 10:21:04.378,safety/suction_switch,"FALSE"
2026-08-21 10:21:04.385,rated_current_left,"0.000000"
2026-08-21 10:21:04.385,rated_current_right,"0.000000"
2026-08-21 10:21:04.402,odometry/filtered,"x:0.000000, y:0.000000, yaw:0.000000, cov_xx:0.001924, cov_yy:0.002033"
2026-08-21 10:21:04.414,rated_current_left,"0.000000"
2026-08-21 10:21:04.414,rated_current_right,"0.000000"
2026-08-21 10:21:04.429,battery/status,"100.000000%"
2026-08-21 10:21:04.429,safety/left_bumper,"FALSE"
2026-08-21 10:21:04.429,safety/right_bumper,"FALSE"
2026-08-21 10:21:04.429,safety/emergency_button,"FALSE"
2026-08-21 10:21:04.429,safety/suction_switch,"FALSE"
2026-08-21 10:21:04.434,odometry/filtered,"x:0.000000, y:0.000000, yaw:0.000000, cov_xx:0.001922, cov_yy:0.002031"
2026-08-21 10:21:04.438,particle_cloud,"count:800, spread:0.283379"
2026-08-21 10:21:04.445,rated_current_left,"0.000000"
2026-08-21 10:21:04.446,rated_current_right,"0.000000"
2026-08-21 10:21:04.455,odometry/filtered,"x:0.000000, y:0.000000, yaw:0.000000, cov_xx:0.001916, cov_yy:0.002024"
2026-08-21 10:21:04.477,rated_current_left,"0.000000"
2026-08-21 10:21:04.477,rated_current_right,"0.000000"
2026-08-21 10:21:04.479,safety/emergency_button,"FALSE"
2026-08-21 10:21:04.480,safety/right_bumper,"FALSE"
2026-08-21 10:21:04.480,safety/left_bumper,"FALSE"
2026-08-21 10:21:04.481,safety/suction_switch,"FALSE"
2026-08-21 10:21:04.495,odometry/filtered,"x:0.000000, y:0.000000, yaw:0.000000, cov_xx:0.001930, cov_yy:0.002040"
2026-08-21 10:21:04.510,rated_current_left,"0.000000"
2026-08-21 10:21:04.510,rated_current_right,"0.000000"
2026-08-21 10:21:04.515,odometry/filtered,"x:0.000000, y:0.000000, yaw:0.000000, cov_xx:0.001935, cov_yy:0.002046"
2026-08-21 10:21:04.529,safety/emergency_button,"FALSE"
2026-08-21 10:21:04.529,battery/status,"100.000000%"
2026-08-21 10:21:04.529,safety/left_bumper,"FALSE"
2026-08-21 10:21:04.529,safety/right_bumper,"FALSE"
2026-08-21 10:21:04.529,safety/suction_switch,"FALSE"
2026-08-21 10:21:04.542,rated_current_left,"0.000000"
2026-08-21 10:21:04.543,rated_current_right,"0.000000"
2026-08-21 10:21:04.554,odometry/filtered,"x:0.000000, y:0.000000, yaw:0.000000, cov_xx:0.001933, cov_yy:0.002043"
2026-08-21 10:21:04.574,rated_current_left,"0.000000"
2026-08-21 10:21:04.575,rated_current_right,"0.000000"
2026-08-21 10:21:04.578,safety/emergency_button,"FALSE"
2026-08-21 10:21:04.578,safety/left_bumper,"FALSE"
2026-08-21 10:21:04.578,safety/right_bumper,"FALSE"
2026-08-21 10:21:04.578,safety/suction_switch,"FALSE"
2026-08-21 10:21:04.594,odometry/filtered,"x:0.000000, y:0.000000, yaw:0.000000, cov_xx:0.001937, cov_yy:0.002048"
2026-08-21 10:21:04.605,rated_current_left,"0.000000"
2026-08-21 10:21:04.605,rated_current_right,"0.000000"
2026-08-21 10:21:04.614,odometry/filtered,"x:0.000000, y:0.000000, yaw:0.000000, cov_xx:0.001918, cov_yy:0.002027"
2026-08-21 10:21:04.628,safety/right_bumper,"FALSE"
2026-08-21 10:21:04.628,safety/emergency_button,"FALSE"
2026-08-21 10:21:04.629,battery/status,"100.000000%"
2026-08-21 10:21:04.629,safety/left_bumper,"FALSE"
2026-08-21 10:21:04.629,safety/suction_switch,"FALSE"
2026-08-21 10:21:04.638,particle_cloud,"count:800, spread:0.289721"
2026-08-21 10:21:04.638,rated_current_left,"0.000000"
2026-08-21 10:21:04.640,rated_current_right,"0.000000"
2026-08-21 10:21:04.654,odometry/filtered,"x:0.000000, y:0.000000, yaw:0.000000, cov_xx:0.001943, cov_yy:0.002054"
2026-08-21 10:21:04.670,rated_current_left,"0.000000"
2026-08-21 10:21:04.670,rated_current_right,"0.000000"
2026-08-21 10:21:04.674,odometry/filtered,"x:0.000000, y:0.000000, yaw:0.000000, cov_xx:0.001933, cov_yy:0.002043"
2026-08-21 10:21:04.678,safety/emergency_button,"FALSE"
2026-08-21 10:21:04.678,safety/left_bumper,"FALSE"
2026-08-21 10:21:04.678,safety/right_bumper,"FALSE"
2026-08-21 10:21:04.678,safety/suction_switch,"FALSE"
2026-08-21 10:21:04.700,rated_current_left,"0.000000"
2026-08-21 10:21:04.701,rated_current_right,"0.000000"
2026-08-21 10:21:04.714,odometry/filtered,"x:0.000000, y:0.000000, yaw:0.000000, cov_xx:0.001914, cov_yy:0.002022"
2026-08-21 10:21:04.728,safety/emergency_button,"FALSE"
2026-08-21 10:21:04.730,battery/status,"100.000000%"
2026-08-21 10:21:04.730,safety/left_bumper,"FALSE"
2026-08-21 10:21:04.730,safety/right_bumper,"FALSE"
2026-08-21 10:21:04.730,safety/suction_switch,"FALSE"
2026-08-21 10:21:04.733,rated_current_left,"0.000000"
2026-08-21 10:21:04.733,rated_current_right,"0.000000"
2026-08-21 10:21:04.754,odometry/filtered,"x:0.000000, y:0.000000, yaw:0.000000, cov_xx:0.001942, cov_yy:0.002053"
2026-08-21 10:21:04.765,rated_current_left,"0.000000"
2026-08-21 10:21:04.765,rated_current_right,"0.000000"
2026-08-21 10:21:04.774,odometry/filtered,"x:0.000000, y:0.000000, yaw:0.000000, cov_xx:0.001929, cov_yy:0.002039"
2026-08-21 10:21:04.778,safety/emergency_button,"FALSE"
2026-08-21 10:21:04.778,safety/left_bumper,"FALSE"
2026-08-21 10:21:04.779,safety/right_bumper,"FALSE"
2026-08-21 10:21:04.779,safety/suction_switch,"FALSE"
2026-08-21 10:21:04.797,rated_current_left,"0.000000"
2026-08-21 10:21:04.797,rated_current_right,"0.000000"
2026-08-21 10:21:04.810,robot_status,"ROBOT_STANDBY"
2026-08-21 10:21:04.816,odometry/filtered,"x:0.000000, y:0.000000, yaw:0.000000, cov_xx:0.001921, cov_yy:0.002030"
2026-08-21 10:21:04.828,safety/emergency_button,"FALSE"
2026-08-21 10:21:04.831,battery/status,"100.000000%"
2026-08-21 10:21:04.831,safety/left_bumper,"FALSE"
2026-08-21 10:21:04.831,safety/right_bumper,"FALSE"
2026-08-21 10:21:04.831,safety/suction_switch,"FALSE"
2026-08-21 10:21:04.831,rated_current_left,"0.000000"
2026-08-21 10:21:04.831,rated_current_right,"0.000000"
2026-08-21 10:21:04.834,odometry/filtered,"x:0.000000, y:0.000000, yaw:0.000000, cov_xx:0.001935, cov_yy:0.002046"
2026-08-21 10:21:04.841,particle_cloud,"count:800, spread:0.283521"
2026-08-21 10:21:04.863,rated_current_left,"0.000000"
2026-08-21 10:21:04.864,rated_current_right,"0.000000"
2026-08-21 10:21:04.875,odometry/filtered,"x:0.000000, y:0.000000, yaw:0.000000, cov_xx:0.001973, cov_yy:0.002087"
2026-08-21 10:21:04.880,safety/left_bumper,"FALSE"
2026-08-21 10:21:04.880,safety/right_bumper,"FALSE"
2026-08-21 10:21:04.881,safety/emergency_button,"FALSE"
2026-08-21 10:21:04.881,safety/suction_switch,"FALSE"
2026-08-21 10:21:04.894,rated_current_left,"0.000000"
2026-08-21 10:21:04.894,rated_current_right,"0.000000"
2026-08-21 10:21:04.918,odometry/filtered,"x:0.000000, y:0.000000, yaw:0.000000, cov_xx:0.001916, cov_yy:0.002024"
2026-08-21 10:21:04.927,rated_current_left,"0.000000"
2026-08-21 10:21:04.928,safety/left_bumper,"FALSE"
2026-08-21 10:21:04.928,safety/right_bumper,"FALSE"
2026-08-21 10:21:04.928,safety/emergency_button,"FALSE"
2026-08-21 10:21:04.928,safety/suction_switch,"FALSE"
2026-08-21 10:21:04.928,battery/status,"100.000000%"
2026-08-21 10:21:04.928,rated_current_right,"0.000000"
2026-08-21 10:21:04.935,odometry/filtered,"x:0.000000, y:0.000000, yaw:0.000000, cov_xx:0.001955, cov_yy:0.002067"
2026-08-21 10:21:04.957,rated_current_left,"0.000000"
2026-08-21 10:21:04.957,rated_current_right,"0.000000"
2026-08-21 10:21:04.975,odometry/filtered,"x:0.000000, y:0.000000, yaw:0.000000, cov_xx:0.001913, cov_yy:0.002021"
2026-08-21 10:21:04.979,safety/left_bumper,"FALSE"
2026-08-21 10:21:04.979,safety/right_bumper,"FALSE"
2026-08-21 10:21:04.979,safety/emergency_button,"FALSE"
2026-08-21 10:21:04.979,safety/suction_switch,"FALSE"
2026-08-21 10:21:04.991,rated_current_left,"0.000000"
2026-08-21 10:21:04.991,rated_current_right,"0.000000"
2026-08-21 10:21:04.996,odometry/filtered,"x:0.000000, y:0.000000, yaw:0.000000, cov_xx:0.001957, cov_yy:0.002070"
2026-08-21 10:21:05.021,rated_current_left,"0.000000"
2026-08-21 10:21:05.021,rated_current_right,"0.000000"
2026-08-21 10:21:05.032,battery/status,"100.000000%"
2026-08-21 10:21:05.032,safety/left_bumper,"FALSE"
2026-08-21 10:21:05.032,safety/right_bumper,"FALSE"
2026-08-21 10:21:05.032,safety/emergency_button,"FALSE"
2026-08-21 10:21:05.032,safety/suction_switch,"FALSE"
2026-08-21 10:21:05.036,odometry/filtered,"x:0.000000, y:0.000000, yaw:0.000000, cov_xx:0.001908, cov_yy:0.002015"
2026-08-21 10:21:05.039,particle_cloud,"count:800, spread:0.292365"
2026-08-21 10:21:05.053,rated_current_left,"0.000000"
2026-08-21 10:21:05.054,rated_current_right,"0.000000"
2026-08-21 10:21:05.056,odometry/filtered,"x:0.000000, y:0.000000, yaw:0.000000, cov_xx:0.001919, cov_yy:0.002028"
2026-08-21 10:21:05.079,safety/left_bumper,"FALSE"
2026-08-21 10:21:05.079,safety/right_bumper,"FALSE"
2026-08-21 10:21:05.079,safety/emergency_button,"FALSE"
2026-08-21 10:21:05.079,safety/suction_switch,"FALSE"
2026-08-21 10:21:05.087,rated_current_left,"0.000000"
2026-08-21 10:21:05.087,rated_current_right,"0.000000"
2026-08-21 10:21:05.095,odometry/filtered,"x:0.000000, y:0.000000, yaw:0.000000, cov_xx:0.001920, cov_yy:0.002029"
2026-08-21 10:21:05.119,rated_current_left,"0.000000"
2026-08-21 10:21:05.120,rated_current_right,"0.000000"
2026-08-21 10:21:05.128,safety/emergency_button,"FALSE"
2026-08-21 10:21:05.129,battery/status,"100.000000%"
2026-08-21 10:21:05.129,safety/left_bumper,"FALSE"
2026-08-21 10:21:05.129,safety/right_bumper,"FALSE"
2026-08-21 10:21:05.129,safety/suction_switch,"FALSE"
2026-08-21 10:21:05.135,odometry/filtered,"x:0.000000, y:0.000000, yaw:0.000000, cov_xx:0.001960, cov_yy:0.002073"
2026-08-21 10:21:05.151,rated_current_left,"0.000000"
2026-08-21 10:21:05.151,rated_current_right,"0.000000"
2026-08-21 10:21:05.155,odometry/filtered,"x:0.000000, y:0.000000, yaw:0.000000, cov_xx:0.001938, cov_yy:0.002048"
2026-08-21 10:21:05.179,safety/left_bumper,"FALSE"
2026-08-21 10:21:05.179,safety/right_bumper,"FALSE"
2026-08-21 10:21:05.180,safety/emergency_button,"FALSE"
2026-08-21 10:21:05.180,safety/suction_switch,"FALSE"
2026-08-21 10:21:05.182,rated_current_left,"0.000000"
2026-08-21 10:21:05.183,rated_current_right,"0.000000"
2026-08-21 10:21:05.196,odometry/filtered,"x:0.000000, y:0.000000, yaw:0.000000, cov_xx:0.001929, cov_yy:0.002038"
2026-08-21 10:21:05.212,rated_current_left,"0.000000"
2026-08-21 10:21:05.212,rated_current_right,"0.000000"
2026-08-21 10:21:05.215,odometry/filtered,"x:0.000000, y:0.000000, yaw:0.000000, cov_xx:0.001906, cov_yy:0.002014"
2026-08-21 10:21:05.228,safety/emergency_button,"FALSE"
2026-08-21 10:21:05.228,safety/left_bumper,"FALSE"
2026-08-21 10:21:05.228,safety/right_bumper,"FALSE"
2026-08-21 10:21:05.228,safety/suction_switch,"FALSE"
2026-08-21 10:21:05.228,battery/status,"100.000000%"
2026-08-21 10:21:05.238,particle_cloud,"count:800, spread:0.289679"
2026-08-21 10:21:05.245,rated_current_left,"0.000000"
2026-08-21 10:21:05.245,rated_current_right,"0.000000"
2026-08-21 10:21:05.255,odometry/filtered,"x:0.000000, y:0.000000, yaw:0.000000, cov_xx:0.001935, cov_yy:0.002045"
2026-08-21 10:21:05.275,rated_current_left,"0.000000"
2026-08-21 10:21:05.276,rated_current_right,"0.000000"
2026-08-21 10:21:05.278,safety/right_bumper,"FALSE"
2026-08-21 10:21:05.278,safety/emergency_button,"FALSE"
2026-08-21 10:21:05.278,safety/left_bumper,"FALSE"
2026-08-21 10:21:05.278,safety/suction_switch,"FALSE"
2026-08-21 10:21:05.299,odometry/filtered,"x:0.000000, y:0.000000, yaw:0.000000, cov_xx:0.001918, cov_yy:0.002027"
2026-08-21 10:21:05.312,robot_status,"ROBOT_STANDBY"
2026-08-21 10:21:05.314,rated_current_left,"0.000000"
2026-08-21 10:21:05.315,rated_current_right,"0.000000"
2026-08-21 10:21:05.328,safety/emergency_button,"FALSE"
2026-08-21 10:21:05.328,safety/left_bumper,"FALSE"
2026-08-21 10:21:05.328,safety/right_bumper,"FALSE"
2026-08-21 10:21:05.328,safety/suction_switch,"FALSE"
2026-08-21 10:21:05.328,battery/status,"100.000000%"
2026-08-21 10:21:05.335,odometry/filtered,"x:0.000000, y:0.000000, yaw:0.000000, cov_xx:0.002020, cov_yy:0.002139"
2026-08-21 10:21:05.339,rated_current_left,"0.000000"
2026-08-21 10:21:05.339,rated_current_right,"0.000000"
2026-08-21 10:21:05.356,odometry/filtered,"x:0.000000, y:0.000000, yaw:0.000000, cov_xx:0.001868, cov_yy:0.001971"
2026-08-21 10:21:05.371,rated_current_left,"0.000000"
2026-08-21 10:21:05.371,rated_current_right,"0.000000"
2026-08-21 10:21:05.375,odometry/filtered,"x:0.000000, y:0.000000, yaw:0.000000, cov_xx:0.001909, cov_yy:0.002016"
2026-08-21 10:21:05.378,safety/left_bumper,"FALSE"
2026-08-21 10:21:05.378,safety/right_bumper,"FALSE"
2026-08-21 10:21:05.378,safety/emergency_button,"FALSE"
2026-08-21 10:21:05.378,safety/suction_switch,"FALSE"
2026-08-21 10:21:05.404,rated_current_left,"0.000000"
2026-08-21 10:21:05.404,rated_current_right,"0.000000"
2026-08-21 10:21:05.414,odometry/filtered,"x:0.000000, y:0.000000, yaw:0.000000, cov_xx:0.001931, cov_yy:0.002041"
2026-08-21 10:21:05.428,safety/right_bumper,"FALSE"
2026-08-21 10:21:05.429,safety/emergency_button,"FALSE"
2026-08-21 10:21:05.429,battery/status,"100.000000%"
2026-08-21 10:21:05.430,safety/left_bumper,"FALSE"
2026-08-21 10:21:05.430,safety/suction_switch,"FALSE"
2026-08-21 10:21:05.435,rated_current_left,"0.000000"
2026-08-21 10:21:05.435,rated_current_right,"0.000000"
2026-08-21 10:21:05.437,particle_cloud,"count:800, spread:0.285772"
2026-08-21 10:21:05.455,odometry/filtered,"x:0.000000, y:0.000000, yaw:0.000000, cov_xx:0.001915, cov_yy:0.002024"
2026-08-21 10:21:05.467,rated_current_left,"0.000000"
2026-08-21 10:21:05.467,rated_current_right,"0.000000"
2026-08-21 10:21:05.474,odometry/filtered,"x:0.000000, y:0.000000, yaw:0.000000, cov_xx:0.001923, cov_yy:0.002032"
2026-08-21 10:21:05.477,safety/emergency_button,"FALSE"
2026-08-21 10:21:05.478,safety/right_bumper,"FALSE"
2026-08-21 10:21:05.478,safety/left_bumper,"FALSE"
2026-08-21 10:21:05.478,safety/suction_switch,"FALSE"
2026-08-21 10:21:05.500,rated_current_left,"0.000000"
2026-08-21 10:21:05.500,rated_current_right,"0.000000"
2026-08-21 10:21:05.514,odometry/filtered,"x:0.000000, y:0.000000, yaw:0.000000, cov_xx:0.001940, cov_yy:0.002052"
2026-08-21 10:21:05.527,safety/emergency_button,"FALSE"
2026-08-21 10:21:05.528,battery/status,"100.000000%"
2026-08-21 10:21:05.528,safety/left_bumper,"FALSE"
2026-08-21 10:21:05.528,safety/right_bumper,"FALSE"
2026-08-21 10:21:05.528,safety/suction_switch,"FALSE"
2026-08-21 10:21:05.534,rated_current_left,"0.000000"
2026-08-21 10:21:05.534,rated_current_right,"0.000000"
2026-08-21 10:21:05.555,odometry/filtered,"x:0.000000, y:0.000000, yaw:0.000000, cov_xx:0.001975, cov_yy:0.002090"
2026-08-21 10:21:05.564,rated_current_left,"0.000000"
2026-08-21 10:21:05.564,rated_current_right,"0.000000"
2026-08-21 10:21:05.574,odometry/filtered,"x:0.000000, y:0.000000, yaw:0.000000, cov_xx:0.001922, cov_yy:0.002030"
2026-08-21 10:21:05.577,safety/emergency_button,"FALSE"
2026-08-21 10:21:05.578,safety/left_bumper,"FALSE"
2026-08-21 10:21:05.578,safety/right_bumper,"FALSE"
2026-08-21 10:21:05.578,safety/suction_switch,"FALSE"
2026-08-21 10:21:05.601,rated_current_left,"0.000000"
2026-08-21 10:21:05.601,rated_current_right,"0.000000"
2026-08-21 10:21:05.615,odometry/filtered,"x:0.000000, y:0.000000, yaw:0.000000, cov_xx:0.001972, cov_yy:0.002086"
2026-08-21 10:21:05.627,rated_current_left,"0.000000"
2026-08-21 10:21:05.628,rated_current_right,"0.000000"
2026-08-21 10:21:05.628,safety/emergency_button,"FALSE"
2026-08-21 10:21:05.628,safety/left_bumper,"FALSE"
2026-08-21 10:21:05.628,safety/right_bumper,"FALSE"
2026-08-21 10:21:05.628,safety/suction_switch,"FALSE"
2026-08-21 10:21:05.631,battery/status,"100.000000%"
2026-08-21 10:21:05.635,odometry/filtered,"x:0.000000, y:0.000000, yaw:0.000000, cov_xx:0.001892, cov_yy:0.001998"
2026-08-21 10:21:05.637,particle_cloud,"count:800, spread:0.286331"
2026-08-21 10:21:05.660,rated_current_left,"0.000000"
2026-08-21 10:21:05.660,rated_current_right,"0.000000"
2026-08-21 10:21:05.675,odometry/filtered,"x:0.000000, y:0.000000, yaw:0.000000, cov_xx:0.001937, cov_yy:0.002047"
2026-08-21 10:21:05.677,safety/emergency_button,"FALSE"
2026-08-21 10:21:05.678,safety/left_bumper,"FALSE"
2026-08-21 10:21:05.678,safety/right_bumper,"FALSE"
2026-08-21 10:21:05.678,safety/suction_switch,"FALSE"
2026-08-21 10:21:05.699,rated_current_left,"0.000000"
2026-08-21 10:21:05.699,rated_current_right,"0.000000"
2026-08-21 10:21:05.715,odometry/filtered,"x:0.000000, y:0.000000, yaw:0.000000, cov_xx:0.002036, cov_yy:0.002157"
2026-08-21 10:21:05.723,rated_current_left,"0.000000"
2026-08-21 10:21:05.723,rated_current_right,"0.000000"
2026-08-21 10:21:05.727,safety/emergency_button,"FALSE"
2026-08-21 10:21:05.728,battery/status,"100.000000%"
2026-08-21 10:21:05.728,safety/left_bumper,"FALSE"
2026-08-21 10:21:05.728,safety/right_bumper,"FALSE"
2026-08-21 10:21:05.728,safety/suction_switch,"FALSE"
2026-08-21 10:21:05.734,odometry/filtered,"x:0.000000, y:0.000000, yaw:0.000000, cov_xx:0.001854, cov_yy:0.001955"
2026-08-21 10:21:05.755,rated_current_left,"0.000000"
2026-08-21 10:21:05.755,rated_current_right,"0.000000"
2026-08-21 10:21:05.775,odometry/filtered,"x:0.000000, y:0.000000, yaw:0.000000, cov_xx:0.001891, cov_yy:0.001997"
2026-08-21 10:21:05.779,safety/left_bumper,"FALSE"
2026-08-21 10:21:05.779,safety/right_bumper,"FALSE"
2026-08-21 10:21:05.779,safety/emergency_button,"FALSE"
2026-08-21 10:21:05.779,safety/suction_switch,"FALSE"
2026-08-21 10:21:05.789,rated_current_left,"0.000000"
2026-08-21 10:21:05.789,rated_current_right,"0.000000"
2026-08-21 10:21:05.795,odometry/filtered,"x:0.000000, y:0.000000, yaw:0.000000, cov_xx:0.001924, cov_yy:0.002033"
2026-08-21 10:21:05.816,robot_status,"ROBOT_STANDBY"
2026-08-21 10:21:05.821,rated_current_left,"0.000000"
2026-08-21 10:21:05.821,rated_current_right,"0.000000"
2026-08-21 10:21:05.827,safety/emergency_button,"FALSE"
2026-08-21 10:21:05.828,safety/left_bumper,"FALSE"
2026-08-21 10:21:05.828,safety/right_bumper,"FALSE"
2026-08-21 10:21:05.831,battery/status,"100.000000%"
2026-08-21 10:21:05.831,safety/suction_switch,"FALSE"
2026-08-21 10:21:05.835,odometry/filtered,"x:0.000000, y:0.000000, yaw:0.000000, cov_xx:0.001963, cov_yy:0.002076"
2026-08-21 10:21:05.838,particle_cloud,"count:800, spread:0.284007"
2026-08-21 10:21:05.851,rated_current_left,"0.000000"
2026-08-21 10:21:05.851,rated_current_right,"0.000000"
2026-08-21 10:21:05.855,odometry/filtered,"x:0.000000, y:0.000000, yaw:0.000000, cov_xx:0.001905, cov_yy:0.002012"
2026-08-21 10:21:05.878,safety/left_bumper,"FALSE"
2026-08-21 10:21:05.878,safety/right_bumper,"FALSE"
2026-08-21 10:21:05.878,safety/emergency_button,"FALSE"
2026-08-21 10:21:05.878,safety/suction_switch,"FALSE"
2026-08-21 10:21:05.885,rated_current_left,"0.000000"
2026-08-21 10:21:05.885,rated_current_right,"0.000000"
2026-08-21 10:21:05.896,odometry/filtered,"x:0.000000, y:0.000000, yaw:0.000000, cov_xx:0.001934, cov_yy:0.002044"
2026-08-21 10:21:05.914,rated_current_left,"0.000000"
2026-08-21 10:21:05.915,rated_current_right,"0.000000"
2026-08-21 10:21:05.929,battery/status,"100.000000%"
2026-08-21 10:21:05.929,safety/left_bumper,"FALSE"
2026-08-21 10:21:05.929,safety/right_bumper,"FALSE"
2026-08-21 10:21:05.929,safety/emergency_button,"FALSE"
2026-08-21 10:21:05.929,safety/suction_switch,"FALSE"
2026-08-21 10:21:05.936,odometry/filtered,"x:0.000000, y:0.000000, yaw:0.000000, cov_xx:0.001909, cov_yy:0.002017"
2026-08-21 10:21:05.950,rated_current_left,"0.000000"
2026-08-21 10:21:05.951,rated_current_right,"0.000000"
2026-08-21 10:21:05.955,odometry/filtered,"x:0.000000, y:0.000000, yaw:0.000000, cov_xx:0.001974, cov_yy:0.002088"
2026-08-21 10:21:05.977,safety/emergency_button,"FALSE"
2026-08-21 10:21:05.977,safety/left_bumper,"FALSE"
2026-08-21 10:21:05.977,safety/right_bumper,"FALSE"
2026-08-21 10:21:05.977,safety/suction_switch,"FALSE"
2026-08-21 10:21:05.978,rated_current_left,"0.000000"
2026-08-21 10:21:05.978,rated_current_right,"0.000000"
2026-08-21 10:21:05.994,odometry/filtered,"x:0.000000, y:0.000000, yaw:0.000000, cov_xx:0.001914, cov_yy:0.002022"
2026-08-21 10:21:06.010,rated_current_left,"0.000000"
2026-08-21 10:21:06.011,rated_current_right,"0.000000"
2026-08-21 10:21:06.015,odometry/filtered,"x:0.000000, y:0.000000, yaw:0.000000, cov_xx:0.001905, cov_yy:0.002013"
2026-08-21 10:21:06.027,safety/emergency_button,"FALSE"
2026-08-21 10:21:06.027,safety/left_bumper,"FALSE"
2026-08-21 10:21:06.027,safety/right_bumper,"FALSE"
2026-08-21 10:21:06.027,safety/suction_switch,"FALSE"
2026-08-21 10:21:06.028,battery/status,"100.000000%"
2026-08-21 10:21:06.039,particle_cloud,"count:800, spread:0.280534"
2026-08-21 10:21:06.041,rated_current_left,"0.000000"
2026-08-21 10:21:06.041,rated_current_right,"0.000000"
2026-08-21 10:21:06.055,odometry/filtered,"x:0.000000, y:0.000000, yaw:0.000000, cov_xx:0.001909, cov_yy:0.002018"
2026-08-21 10:21:06.075,rated_current_left,"0.000000"
2026-08-21 10:21:06.075,rated_current_right,"0.000000"
2026-08-21 10:21:06.077,safety/left_bumper,"FALSE"
2026-08-21 10:21:06.078,safety/right_bumper,"FALSE"
2026-08-21 10:21:06.078,safety/emergency_button,"FALSE"
2026-08-21 10:21:06.078,safety/suction_switch,"FALSE"
2026-08-21 10:21:06.095,odometry/filtered,"x:0.000000, y:0.000000, yaw:0.000000, cov_xx:0.001948, cov_yy:0.002060"
2026-08-21 10:21:06.106,rated_current_left,"0.000000"
2026-08-21 10:21:06.106,rated_current_right,"0.000000"
2026-08-21 10:21:06.115,odometry/filtered,"x:0.000000, y:0.000000, yaw:0.000000, cov_xx:0.001921, cov_yy:0.002031"
2026-08-21 10:21:06.128,safety/left_bumper,"FALSE"
2026-08-21 10:21:06.128,safety/right_bumper,"FALSE"
2026-08-21 10:21:06.128,safety/emergency_button,"FALSE"
2026-08-21 10:21:06.128,safety/suction_switch,"FALSE"
2026-08-21 10:21:06.131,battery/status,"100.000000%"
2026-08-21 10:21:06.140,rated_current_left,"0.000000"
2026-08-21 10:21:06.140,rated_current_right,"0.000000"
2026-08-21 10:21:06.155,odometry/filtered,"x:0.000000, y:0.000000, yaw:0.000000, cov_xx:0.001963, cov_yy:0.002076"
2026-08-21 10:21:06.169,rated_current_left,"0.000000"
2026-08-21 10:21:06.169,rated_current_right,"0.000000"
2026-08-21 10:21:06.175,odometry/filtered,"x:0.000000, y:0.000000, yaw:0.000000, cov_xx:0.001906, cov_yy:0.002013"
2026-08-21 10:21:06.177,safety/left_bumper,"FALSE"
2026-08-21 10:21:06.177,safety/right_bumper,"FALSE"
2026-08-21 10:21:06.177,safety/emergency_button,"FALSE"
2026-08-21 10:21:06.177,safety/suction_switch,"FALSE"
2026-08-21 10:21:06.202,rated_current_left,"0.000000"
2026-08-21 10:21:06.203,rated_current_right,"0.000000"
2026-08-21 10:21:06.214,odometry/filtered,"x:0.000000, y:0.000000, yaw:0.000000, cov_xx:0.001927, cov_yy:0.002037"
2026-08-21 10:21:06.230,battery/status,"100.000000%"
2026-08-21 10:21:06.231,safety/left_bumper,"FALSE"
2026-08-21 10:21:06.231,safety/right_bumper,"FALSE"
2026-08-21 10:21:06.231,safety/emergency_button,"FALSE"
2026-08-21 10:21:06.231,safety/suction_switch,"FALSE"
2026-08-21 10:21:06.235,rated_current_left,"0.000000"
2026-08-21 10:21:06.235,rated_current_right,"0.000000"
2026-08-21 10:21:06.236,particle_cloud,"count:800, spread:0.284210"
2026-08-21 10:21:06.255,odometry/filtered,"x:0.000000, y:0.000000, yaw:0.000000, cov_xx:0.001937, cov_yy:0.002048"
2026-08-21 10:21:06.266,rated_current_left,"0.000000"
2026-08-21 10:21:06.269,rated_current_right,"0.000000"
2026-08-21 10:21:06.274,odometry/filtered,"x:0.000000, y:0.000000, yaw:0.000000, cov_xx:0.001936, cov_yy:0.002046"
2026-08-21 10:21:06.280,safety/left_bumper,"FALSE"
2026-08-21 10:21:06.280,safety/right_bumper,"FALSE"
2026-08-21 10:21:06.280,safety/emergency_button,"FALSE"
2026-08-21 10:21:06.280,safety/suction_switch,"FALSE"
2026-08-21 10:21:06.300,rated_current_left,"0.000000"
2026-08-21 10:21:06.300,rated_current_right,"0.000000"
2026-08-21 10:21:06.309,robot_status,"ROBOT_STANDBY"
2026-08-21 10:21:06.315,odometry/filtered,"x:0.000000, y:0.000000, yaw:0.000000, cov_xx:0.001939, cov_yy:0.002050"
2026-08-21 10:21:06.329,battery/status,"100.000000%"
2026-08-21 10:21:06.329,safety/left_bumper,"FALSE"
2026-08-21 10:21:06.329,safety/right_bumper,"FALSE"
2026-08-21 10:21:06.329,safety/emergency_button,"FALSE"
2026-08-21 10:21:06.329,safety/suction_switch,"FALSE"
2026-08-21 10:21:06.334,rated_current_left,"0.000000"
2026-08-21 10:21:06.335,rated_current_right,"0.000000"
2026-08-21 10:21:06.336,odometry/filtered,"x:0.000000, y:0.000000, yaw:0.000000, cov_xx:0.001959, cov_yy:0.002072"
2026-08-21 10:21:06.361,rated_current_left,"0.000000"
2026-08-21 10:21:06.362,rated_current_right,"0.000000"
2026-08-21 10:21:06.375,odometry/filtered,"x:0.000000, y:0.000000, yaw:0.000000, cov_xx:0.001908, cov_yy:0.002015"
2026-08-21 10:21:06.377,safety/left_bumper,"FALSE"
2026-08-21 10:21:06.377,safety/right_bumper,"FALSE"
2026-08-21 10:21:06.377,safety/emergency_button,"FALSE"
2026-08-21 10:21:06.377,safety/suction_switch,"FALSE"
2026-08-21 10:21:06.393,rated_current_left,"0.000000"
2026-08-21 10:21:06.393,rated_current_right,"0.000000"
2026-08-21 10:21:06.416,odometry/filtered,"x:0.000000, y:0.000000, yaw:0.000000, cov_xx:0.001918, cov_yy:0.002026"
2026-08-21 10:21:06.426,rated_current_left,"0.000000"
2026-08-21 10:21:06.426,rated_current_right,"0.000000"
2026-08-21 10:21:06.427,safety/left_bumper,"FALSE"
2026-08-21 10:21:06.427,safety/right_bumper,"FALSE"
2026-08-21 10:21:06.427,safety/emergency_button,"FALSE"
2026-08-21 10:21:06.427,safety/suction_switch,"FALSE"
2026-08-21 10:21:06.428,battery/status,"100.000000%"
2026-08-21 10:21:06.434,odometry/filtered,"x:0.000000, y:0.000000, yaw:0.000000, cov_xx:0.001936, cov_yy:0.002046"
2026-08-21 10:21:06.436,particle_cloud,"count:800, spread:0.290147"
2026-08-21 10:21:06.458,rated_current_left,"0.000000"
2026-08-21 10:21:06.458,rated_current_right,"0.000000"
2026-08-21 10:21:06.478,odometry/filtered,"x:0.000000, y:0.000000, yaw:0.000000, cov_xx:0.001938, cov_yy:0.002049"
2026-08-21 10:21:06.479,safety/left_bumper,"FALSE"
2026-08-21 10:21:06.479,safety/right_bumper,"FALSE"
2026-08-21 10:21:06.479,safety/emergency_button,"FALSE"
2026-08-21 10:21:06.479,safety/suction_switch,"FALSE"
2026-08-21 10:21:06.493,rated_current_left,"0.000000"
2026-08-21 10:21:06.493,rated_current_right,"0.000000"
2026-08-21 10:21:06.494,odometry/filtered,"x:0.000000, y:0.000000, yaw:0.000000, cov_xx:0.001945, cov_yy:0.002056"
2026-08-21 10:21:06.521,rated_current_left,"0.000000"
2026-08-21 10:21:06.521,rated_current_right,"0.000000"
2026-08-21 10:21:06.527,safety/emergency_button,"FALSE"
2026-08-21 10:21:06.527,battery/status,"100.000000%"
2026-08-21 10:21:06.527,safety/left_bumper,"FALSE"
2026-08-21 10:21:06.527,safety/right_bumper,"FALSE"
2026-08-21 10:21:06.527,safety/suction_switch,"FALSE"
2026-08-21 10:21:06.534,odometry/filtered,"x:0.000000, y:0.000000, yaw:0.000000, cov_xx:0.001927, cov_yy:0.002036"
2026-08-21 10:21:06.553,rated_current_left,"0.000000"
2026-08-21 10:21:06.553,rated_current_right,"0.000000"
2026-08-21 10:21:06.575,odometry/filtered,"x:0.000000, y:0.000000, yaw:0.000000, cov_xx:0.001918, cov_yy:0.002026"
2026-08-21 10:21:06.577,safety/left_bumper,"FALSE"
2026-08-21 10:21:06.578,safety/right_bumper,"FALSE"
2026-08-21 10:21:06.578,safety/emergency_button,"FALSE"
2026-08-21 10:21:06.578,safety/suction_switch,"FALSE"
2026-08-21 10:21:06.586,rated_current_left,"0.000000"
2026-08-21 10:21:06.586,rated_current_right,"0.000000"
2026-08-21 10:21:06.594,odometry/filtered,"x:0.000000, y:0.000000, yaw:0.000000, cov_xx:0.001944, cov_yy:0.002056"
2026-08-21 10:21:06.607,system_resources,"cpu:62.7%, mem:33.2%, mem_used_mb:2531, mem_total_mb:7619"
2026-08-21 10:21:06.617,rated_current_left,"0.000000"
2026-08-21 10:21:06.617,rated_current_right,"0.000000"
2026-08-21 10:21:06.627,safety/left_bumper,"FALSE"
2026-08-21 10:21:06.627,safety/right_bumper,"FALSE"
2026-08-21 10:21:06.627,safety/emergency_button,"FALSE"
2026-08-21 10:21:06.627,safety/suction_switch,"FALSE"
2026-08-21 10:21:06.628,battery/status,"100.000000%"
2026-08-21 10:21:06.634,odometry/filtered,"x:0.000000, y:0.000000, yaw:0.000000, cov_xx:0.001917, cov_yy:0.002026"
2026-08-21 10:21:06.636,particle_cloud,"count:800, spread:0.283385"
2026-08-21 10:21:06.649,rated_current_left,"0.000000"
2026-08-21 10:21:06.650,rated_current_right,"0.000000"
2026-08-21 10:21:06.654,odometry/filtered,"x:0.000000, y:0.000000, yaw:0.000000, cov_xx:0.001924, cov_yy:0.002033"
2026-08-21 10:21:06.677,safety/emergency_button,"FALSE"
2026-08-21 10:21:06.677,safety/left_bumper,"FALSE"
2026-08-21 10:21:06.677,safety/right_bumper,"FALSE"
2026-08-21 10:21:06.677,safety/suction_switch,"FALSE"
2026-08-21 10:21:06.680,rated_current_left,"0.000000"
2026-08-21 10:21:06.680,rated_current_right,"0.000000"
2026-08-21 10:21:06.694,odometry/filtered,"x:0.000000, y:0.000000, yaw:0.000000, cov_xx:0.001923, cov_yy:0.002033"
2026-08-21 10:21:06.714,rated_current_left,"0.000000"
2026-08-21 10:21:06.714,rated_current_right,"0.000000"
2026-08-21 10:21:06.729,battery/status,"100.000000%"
2026-08-21 10:21:06.729,safety/left_bumper,"FALSE"
2026-08-21 10:21:06.729,safety/right_bumper,"FALSE"
2026-08-21 10:21:06.729,safety/emergency_button,"FALSE"
2026-08-21 10:21:06.729,safety/suction_switch,"FALSE"
2026-08-21 10:21:06.734,odometry/filtered,"x:0.000000, y:0.000000, yaw:0.000000, cov_xx:0.001955, cov_yy:0.002067"
2026-08-21 10:21:06.745,rated_current_left,"0.000000"
2026-08-21 10:21:06.745,rated_current_right,"0.000000"
2026-08-21 10:21:06.755,odometry/filtered,"x:0.000000, y:0.000000, yaw:0.000000, cov_xx:0.001914, cov_yy:0.002022"
2026-08-21 10:21:06.776,rated_current_left,"0.000000"
2026-08-21 10:21:06.776,rated_current_right,"0.000000"
2026-08-21 10:21:06.777,safety/left_bumper,"FALSE"
2026-08-21 10:21:06.777,safety/right_bumper,"FALSE"
2026-08-21 10:21:06.777,safety/emergency_button,"FALSE"
2026-08-21 10:21:06.777,safety/suction_switch,"FALSE"
2026-08-21 10:21:06.794,odometry/filtered,"x:0.000000, y:0.000000, yaw:0.000000, cov_xx:0.001931, cov_yy:0.002041"
2026-08-21 10:21:06.808,rated_current_left,"0.000000"
2026-08-21 10:21:06.808,rated_current_right,"0.000000"
2026-08-21 10:21:06.809,robot_status,"ROBOT_STANDBY"
2026-08-21 10:21:06.814,odometry/filtered,"x:0.000000, y:0.000000, yaw:0.000000, cov_xx:0.001930, cov_yy:0.002039"
2026-08-21 10:21:06.827,safety/emergency_button,"FALSE"
2026-08-21 10:21:06.828,battery/status,"100.000000%"
2026-08-21 10:21:06.829,safety/left_bumper,"FALSE"
2026-08-21 10:21:06.829,safety/right_bumper,"FALSE"
2026-08-21 10:21:06.829,safety/suction_switch,"FALSE"
2026-08-21 10:21:06.837,particle_cloud,"count:800, spread:0.284934"
2026-08-21 10:21:06.842,rated_current_left,"0.000000"
2026-08-21 10:21:06.842,rated_current_right,"0.000000"
2026-08-21 10:21:06.855,odometry/filtered,"x:0.000000, y:0.000000, yaw:0.000000, cov_xx:0.001944, cov_yy:0.002055"
2026-08-21 10:21:06.872,rated_current_left,"0.000000"
2026-08-21 10:21:06.872,rated_current_right,"0.000000"
2026-08-21 10:21:06.874,odometry/filtered,"x:0.000000, y:0.000000, yaw:0.000000, cov_xx:0.001916, cov_yy:0.002024"
2026-08-21 10:21:06.877,safety/right_bumper,"FALSE"
2026-08-21 10:21:06.877,safety/emergency_button,"FALSE"
2026-08-21 10:21:06.877,safety/left_bumper,"FALSE"
2026-08-21 10:21:06.877,safety/suction_switch,"FALSE"
2026-08-21 10:21:06.905,rated_current_left,"0.000000"
2026-08-21 10:21:06.905,rated_current_right,"0.000000"
2026-08-21 10:21:06.915,odometry/filtered,"x:0.000000, y:0.000000, yaw:0.000000, cov_xx:0.001923, cov_yy:0.002032"
2026-08-21 10:21:06.930,battery/status,"100.000000%"
2026-08-21 10:21:06.930,safety/left_bumper,"FALSE"
2026-08-21 10:21:06.930,safety/right_bumper,"FALSE"
2026-08-21 10:21:06.930,safety/emergency_button,"FALSE"
2026-08-21 10:21:06.930,safety/suction_switch,"FALSE"
2026-08-21 10:21:06.936,rated_current_left,"0.000000"
2026-08-21 10:21:06.937,rated_current_right,"0.000000"
2026-08-21 10:21:06.955,odometry/filtered,"x:0.000000, y:0.000000, yaw:0.000000, cov_xx:0.001936, cov_yy:0.002046"
2026-08-21 10:21:06.968,rated_current_left,"0.000000"
2026-08-21 10:21:06.969,rated_current_right,"0.000000"
2026-08-21 10:21:06.974,odometry/filtered,"x:0.000000, y:0.000000, yaw:0.000000, cov_xx:0.001937, cov_yy:0.002047"
2026-08-21 10:21:06.977,safety/emergency_button,"FALSE"
2026-08-21 10:21:06.977,safety/left_bumper,"FALSE"
2026-08-21 10:21:06.977,safety/right_bumper,"FALSE"
2026-08-21 10:21:06.977,safety/suction_switch,"FALSE"
2026-08-21 10:21:07.000,rated_current_left,"0.000000"
2026-08-21 10:21:07.000,rated_current_right,"0.000000"
2026-08-21 10:21:07.017,odometry/filtered,"x:0.000000, y:0.000000, yaw:0.000000, cov_xx:0.001919, cov_yy:0.002028"
2026-08-21 10:21:07.028,battery/status,"100.000000%"
2026-08-21 10:21:07.028,safety/left_bumper,"FALSE"
2026-08-21 10:21:07.028,safety/right_bumper,"FALSE"
2026-08-21 10:21:07.028,safety/emergency_button,"FALSE"
2026-08-21 10:21:07.028,safety/suction_switch,"FALSE"
2026-08-21 10:21:07.032,rated_current_left,"0.000000"
2026-08-21 10:21:07.033,rated_current_right,"0.000000"
2026-08-21 10:21:07.037,particle_cloud,"count:800, spread:0.291222"
2026-08-21 10:21:07.055,odometry/filtered,"x:0.000000, y:0.000000, yaw:0.000000, cov_xx:0.001993, cov_yy:0.002110"
2026-08-21 10:21:07.064,rated_current_left,"0.000000"
2026-08-21 10:21:07.064,rated_current_right,"0.000000"
2026-08-21 10:21:07.074,odometry/filtered,"x:0.000000, y:0.000000, yaw:0.000000, cov_xx:0.001911, cov_yy:0.002018"
2026-08-21 10:21:07.077,safety/emergency_button,"FALSE"
2026-08-21 10:21:07.077,safety/left_bumper,"FALSE"
2026-08-21 10:21:07.077,safety/right_bumper,"FALSE"
2026-08-21 10:21:07.077,safety/suction_switch,"FALSE"
2026-08-21 10:21:07.097,rated_current_left,"0.000000"
2026-08-21 10:21:07.097,rated_current_right,"0.000000"
2026-08-21 10:21:07.115,odometry/filtered,"x:0.000000, y:0.000000, yaw:0.000000, cov_xx:0.001921, cov_yy:0.002029"
2026-08-21 10:21:07.127,safety/emergency_button,"FALSE"
2026-08-21 10:21:07.130,safety/right_bumper,"FALSE"
2026-08-21 10:21:07.131,battery/status,"100.000000%"
2026-08-21 10:21:07.131,safety/left_bumper,"FALSE"
2026-08-21 10:21:07.131,safety/suction_switch,"FALSE"
2026-08-21 10:21:07.135,rated_current_left,"0.000000"
2026-08-21 10:21:07.136,rated_current_right,"0.000000"
2026-08-21 10:21:07.154,odometry/filtered,"x:0.000000, y:0.000000, yaw:0.000000, cov_xx:0.002039, cov_yy:0.002160"
2026-08-21 10:21:07.162,rated_current_left,"0.000000"
2026-08-21 10:21:07.164,rated_current_right,"0.000000"
2026-08-21 10:21:07.175,odometry/filtered,"x:0.000000, y:0.000000, yaw:0.000000, cov_xx:0.001894, cov_yy:0.001999"
2026-08-21 10:21:07.177,safety/emergency_button,"FALSE"
2026-08-21 10:21:07.177,safety/left_bumper,"FALSE"
2026-08-21 10:21:07.177,safety/right_bumper,"FALSE"
2026-08-21 10:21:07.177,safety/suction_switch,"FALSE"
2026-08-21 10:21:07.191,rated_current_left,"0.000000"
2026-08-21 10:21:07.192,rated_current_right,"0.000000"
2026-08-21 10:21:07.216,odometry/filtered,"x:0.000000, y:0.000000, yaw:0.000000, cov_xx:0.001879, cov_yy:0.001984"
2026-08-21 10:21:07.223,rated_current_left,"0.000000"
2026-08-21 10:21:07.224,rated_current_right,"0.000000"
2026-08-21 10:21:07.228,safety/emergency_button,"FALSE"
2026-08-21 10:21:07.228,battery/status,"100.000000%"
2026-08-21 10:21:07.228,safety/left_bumper,"FALSE"
2026-08-21 10:21:07.228,safety/right_bumper,"FALSE"
2026-08-21 10:21:07.228,safety/suction_switch,"FALSE"
2026-08-21 10:21:07.234,odometry/filtered,"x:0.000000, y:0.000000, yaw:0.000000, cov_xx:0.001916, cov_yy:0.002024"
2026-08-21 10:21:07.237,particle_cloud,"count:800, spread:0.294789"
2026-08-21 10:21:07.255,rated_current_left,"0.000000"
2026-08-21 10:21:07.256,rated_current_right,"0.000000"
2026-08-21 10:21:07.276,odometry/filtered,"x:0.000000, y:0.000000, yaw:0.000000, cov_xx:0.001913, cov_yy:0.002021"
2026-08-21 10:21:07.277,safety/emergency_button,"FALSE"
2026-08-21 10:21:07.277,safety/left_bumper,"FALSE"
2026-08-21 10:21:07.277,safety/right_bumper,"FALSE"
2026-08-21 10:21:07.278,safety/suction_switch,"FALSE"
2026-08-21 10:21:07.291,rated_current_left,"0.000000"
2026-08-21 10:21:07.291,rated_current_right,"0.000000"
2026-08-21 10:21:07.295,odometry/filtered,"x:0.000000, y:0.000000, yaw:0.000000, cov_xx:0.001954, cov_yy:0.002067"
2026-08-21 10:21:07.311,robot_status,"ROBOT_STANDBY"
2026-08-21 10:21:07.320,rated_current_left,"0.000000"
2026-08-21 10:21:07.321,rated_current_right,"0.000000"
2026-08-21 10:21:07.328,battery/status,"100.000000%"
2026-08-21 10:21:07.328,safety/left_bumper,"FALSE"
2026-08-21 10:21:07.328,safety/right_bumper,"FALSE"
2026-08-21 10:21:07.328,safety/emergency_button,"FALSE"
2026-08-21 10:21:07.328,safety/suction_switch,"FALSE"
2026-08-21 10:21:07.335,odometry/filtered,"x:0.000000, y:0.000000, yaw:0.000000, cov_xx:0.001918, cov_yy:0.002027"
2026-08-21 10:21:07.352,rated_current_left,"0.000000"
2026-08-21 10:21:07.352,rated_current_right,"0.000000"
2026-08-21 10:21:07.356,odometry/filtered,"x:0.000000, y:0.000000, yaw:0.000000, cov_xx:0.001941, cov_yy:0.002052"
2026-08-21 10:21:07.377,safety/left_bumper,"FALSE"
2026-08-21 10:21:07.377,safety/right_bumper,"FALSE"
2026-08-21 10:21:07.378,safety/emergency_button,"FALSE"
2026-08-21 10:21:07.378,safety/suction_switch,"FALSE"
2026-08-21 10:21:07.391,rated_current_left,"0.000000"
2026-08-21 10:21:07.391,rated_current_right,"0.000000"
2026-08-21 10:21:07.396,odometry/filtered,"x:0.000000, y:0.000000, yaw:0.000000, cov_xx:0.001918, cov_yy:0.002027"
2026-08-21 10:21:07.415,rated_current_left,"0.000000"
2026-08-21 10:21:07.415,rated_current_right,"0.000000"
2026-08-21 10:21:07.427,safety/left_bumper,"FALSE"
2026-08-21 10:21:07.427,safety/right_bumper,"FALSE"
2026-08-21 10:21:07.427,safety/emergency_button,"FALSE"
2026-08-21 10:21:07.427,safety/suction_switch,"FALSE"
2026-08-21 10:21:07.428,battery/status,"100.000000%"
2026-08-21 10:21:07.435,odometry/filtered,"x:0.000000, y:0.000000, yaw:0.000000, cov_xx:0.001916, cov_yy:0.002025"
2026-08-21 10:21:07.436,particle_cloud,"count:800, spread:0.286488"
2026-08-21 10:21:07.448,rated_current_left,"0.000000"
2026-08-21 10:21:07.448,rated_current_right,"0.000000"
2026-08-21 10:21:07.454,odometry/filtered,"x:0.000000, y:0.000000, yaw:0.000000, cov_xx:0.001937, cov_yy:0.002048"
2026-08-21 10:21:07.477,safety/emergency_button,"FALSE"
2026-08-21 10:21:07.477,safety/left_bumper,"FALSE"
2026-08-21 10:21:07.477,safety/right_bumper,"FALSE"
2026-08-21 10:21:07.477,safety/suction_switch,"FALSE"
2026-08-21 10:21:07.478,rated_current_left,"0.000000"
2026-08-21 10:21:07.480,rated_current_right,"0.000000"
2026-08-21 10:21:07.495,odometry/filtered,"x:0.000000, y:0.000000, yaw:0.000000, cov_xx:0.001920, cov_yy:0.002029"
2026-08-21 10:21:07.511,rated_current_left,"0.000000"
2026-08-21 10:21:07.511,rated_current_right,"0.000000"
2026-08-21 10:21:07.517,odometry/filtered,"x:0.000000, y:0.000000, yaw:0.000000, cov_xx:0.001938, cov_yy:0.002049"
2026-08-21 10:21:07.527,safety/emergency_button,"FALSE"
2026-08-21 10:21:07.527,battery/status,"100.000000%"
2026-08-21 10:21:07.527,safety/left_bumper,"FALSE"
2026-08-21 10:21:07.527,safety/right_bumper,"FALSE"
2026-08-21 10:21:07.527,safety/suction_switch,"FALSE"
2026-08-21 10:21:07.545,rated_current_left,"0.000000"
2026-08-21 10:21:07.545,rated_current_right,"0.000000"
2026-08-21 10:21:07.555,odometry/filtered,"x:0.000000, y:0.000000, yaw:0.000000, cov_xx:0.001954, cov_yy:0.002066"
2026-08-21 10:21:07.575,rated_current_left,"0.000000"
2026-08-21 10:21:07.577,safety/left_bumper,"FALSE"
2026-08-21 10:21:07.577,safety/right_bumper,"FALSE"
2026-08-21 10:21:07.577,safety/emergency_button,"FALSE"
2026-08-21 10:21:07.577,safety/suction_switch,"FALSE"
2026-08-21 10:21:07.577,rated_current_right,"0.000000"
2026-08-21 10:21:07.597,odometry/filtered,"x:0.000000, y:0.000000, yaw:0.000000, cov_xx:0.001924, cov_yy:0.002033"
2026-08-21 10:21:07.607,rated_current_left,"0.000000"
2026-08-21 10:21:07.607,rated_current_right,"0.000000"
2026-08-21 10:21:07.616,odometry/filtered,"x:0.000000, y:0.000000, yaw:0.000000, cov_xx:0.001929, cov_yy:0.002039"
2026-08-21 10:21:07.626,safety/emergency_button,"FALSE"
2026-08-21 10:21:07.627,battery/status,"100.000000%"
2026-08-21 10:21:07.627,safety/left_bumper,"FALSE"
2026-08-21 10:21:07.627,safety/right_bumper,"FALSE"
2026-08-21 10:21:07.627,safety/suction_switch,"FALSE"
2026-08-21 10:21:07.636,particle_cloud,"count:800, spread:0.286759"
2026-08-21 10:21:07.639,rated_current_left,"0.000000"
2026-08-21 10:21:07.639,rated_current_right,"0.000000"
2026-08-21 10:21:07.656,odometry/filtered,"x:0.000000, y:0.000000, yaw:0.000000, cov_xx:0.001937, cov_yy:0.002048"
2026-08-21 10:21:07.673,rated_current_left,"0.000000"
2026-08-21 10:21:07.673,rated_current_right,"0.000000"
2026-08-21 10:21:07.675,odometry/filtered,"x:0.000000, y:0.000000, yaw:0.000000, cov_xx:0.001934, cov_yy:0.002044"
2026-08-21 10:21:07.682,safety/left_bumper,"FALSE"
2026-08-21 10:21:07.682,safety/right_bumper,"FALSE"
2026-08-21 10:21:07.682,safety/emergency_button,"FALSE"
2026-08-21 10:21:07.682,safety/suction_switch,"FALSE"
2026-08-21 10:21:07.702,rated_current_left,"0.000000"
2026-08-21 10:21:07.702,rated_current_right,"0.000000"
2026-08-21 10:21:07.716,odometry/filtered,"x:0.000000, y:0.000000, yaw:0.000000, cov_xx:0.001917, cov_yy:0.002025"
2026-08-21 10:21:07.727,safety/left_bumper,"FALSE"
2026-08-21 10:21:07.727,safety/right_bumper,"FALSE"
2026-08-21 10:21:07.728,safety/emergency_button,"FALSE"
2026-08-21 10:21:07.728,safety/suction_switch,"FALSE"
2026-08-21 10:21:07.728,battery/status,"100.000000%"
2026-08-21 10:21:07.734,rated_current_left,"0.000000"
2026-08-21 10:21:07.734,rated_current_right,"0.000000"
2026-08-21 10:21:07.755,odometry/filtered,"x:0.000000, y:0.000000, yaw:0.000000, cov_xx:0.001926, cov_yy:0.002036"
2026-08-21 10:21:07.765,rated_current_left,"0.000000"
2026-08-21 10:21:07.766,rated_current_right,"0.000000"
2026-08-21 10:21:07.775,odometry/filtered,"x:0.000000, y:0.000000, yaw:0.000000, cov_xx:0.001922, cov_yy:0.002031"
2026-08-21 10:21:07.777,safety/left_bumper,"FALSE"
2026-08-21 10:21:07.777,safety/right_bumper,"FALSE"
2026-08-21 10:21:07.777,safety/emergency_button,"FALSE"
2026-08-21 10:21:07.777,safety/suction_switch,"FALSE"
2026-08-21 10:21:07.798,rated_current_left,"0.000000"
2026-08-21 10:21:07.800,rated_current_right,"0.000000"
2026-08-21 10:21:07.809,robot_status,"ROBOT_STANDBY"
2026-08-21 10:21:07.816,odometry/filtered,"x:0.000000, y:0.000000, yaw:0.000000, cov_xx:0.001946, cov_yy:0.002057"
2026-08-21 10:21:07.827,safety/left_bumper,"FALSE"
2026-08-21 10:21:07.827,safety/right_bumper,"FALSE"
2026-08-21 10:21:07.827,safety/emergency_button,"FALSE"
2026-08-21 10:21:07.827,safety/suction_switch,"FALSE"
2026-08-21 10:21:07.827,battery/status,"100.000000%"
2026-08-21 10:21:07.832,rated_current_left,"0.000000"
2026-08-21 10:21:07.833,rated_current_right,"0.000000"
2026-08-21 10:21:07.835,odometry/filtered,"x:0.000000, y:0.000000, yaw:0.000000, cov_xx:0.001947, cov_yy:0.002058"
2026-08-21 10:21:07.836,particle_cloud,"count:800, spread:0.292999"
2026-08-21 10:21:07.864,rated_current_left,"0.000000"
2026-08-21 10:21:07.864,rated_current_right,"0.000000"
2026-08-21 10:21:07.876,odometry/filtered,"x:0.000000, y:0.000000, yaw:0.000000, cov_xx:0.001918, cov_yy:0.002026"
2026-08-21 10:21:07.880,safety/left_bumper,"FALSE"
2026-08-21 10:21:07.880,safety/right_bumper,"FALSE"
2026-08-21 10:21:07.880,safety/emergency_button,"FALSE"
2026-08-21 10:21:07.881,safety/suction_switch,"FALSE"
2026-08-21 10:21:07.895,rated_current_left,"0.000000"
2026-08-21 10:21:07.897,rated_current_right,"0.000000"
2026-08-21 10:21:07.916,odometry/filtered,"x:0.000000, y:0.000000, yaw:0.000000, cov_xx:0.001940, cov_yy:0.002050"
2026-08-21 10:21:07.927,battery/status,"100.000000%"
2026-08-21 10:21:07.927,safety/left_bumper,"FALSE"
2026-08-21 10:21:07.927,safety/right_bumper,"FALSE"
2026-08-21 10:21:07.928,safety/emergency_button,"FALSE"
2026-08-21 10:21:07.928,safety/suction_switch,"FALSE"
2026-08-21 10:21:07.928,rated_current_left,"0.000000"
2026-08-21 10:21:07.928,rated_current_right,"0.000000"
2026-08-21 10:21:07.936,odometry/filtered,"x:0.000000, y:0.000000, yaw:0.000000, cov_xx:0.001919, cov_yy:0.002027"
2026-08-21 10:21:07.958,rated_current_left,"0.000000"
2026-08-21 10:21:07.958,rated_current_right,"0.000000"
2026-08-21 10:21:07.975,odometry/filtered,"x:0.000000, y:0.000000, yaw:0.000000, cov_xx:0.001942, cov_yy:0.002054"
2026-08-21 10:21:07.976,safety/emergency_button,"FALSE"
2026-08-21 10:21:07.976,safety/left_bumper,"FALSE"
2026-08-21 10:21:07.976,safety/right_bumper,"FALSE"
2026-08-21 10:21:07.977,safety/suction_switch,"FALSE"
2026-08-21 10:21:07.991,rated_current_left,"0.000000"
2026-08-21 10:21:07.992,rated_current_right,"0.000000"
2026-08-21 10:21:07.995,odometry/filtered,"x:0.000000, y:0.000000, yaw:0.000000, cov_xx:0.001942, cov_yy:0.002053"
2026-08-21 10:21:08.021,rated_current_left,"0.000000"
2026-08-21 10:21:08.021,rated_current_right,"0.000000"
2026-08-21 10:21:08.027,battery/status,"100.000000%"
2026-08-21 10:21:08.027,safety/left_bumper,"FALSE"
2026-08-21 10:21:08.027,safety/right_bumper,"FALSE"
2026-08-21 10:21:08.027,safety/emergency_button,"FALSE"
2026-08-21 10:21:08.027,safety/suction_switch,"FALSE"
2026-08-21 10:21:08.034,odometry/filtered,"x:0.000000, y:0.000000, yaw:0.000000, cov_xx:0.001907, cov_yy:0.002014"
2026-08-21 10:21:08.036,particle_cloud,"count:800, spread:0.288563"
2026-08-21 10:21:08.055,rated_current_left,"0.000000"
2026-08-21 10:21:08.056,rated_current_right,"0.000000"
2026-08-21 10:21:08.074,odometry/filtered,"x:0.000000, y:0.000000, yaw:0.000000, cov_xx:0.001952, cov_yy:0.002064"
2026-08-21 10:21:08.076,safety/emergency_button,"FALSE"
2026-08-21 10:21:08.076,safety/left_bumper,"FALSE"
2026-08-21 10:21:08.077,safety/right_bumper,"FALSE"
2026-08-21 10:21:08.077,safety/suction_switch,"FALSE"
2026-08-21 10:21:08.085,rated_current_left,"0.000000"
2026-08-21 10:21:08.085,rated_current_right,"0.000000"
2026-08-21 10:21:08.094,odometry/filtered,"x:0.000000, y:0.000000, yaw:0.000000, cov_xx:0.001920, cov_yy:0.002029"
2026-08-21 10:21:08.117,rated_current_left,"0.000000"
2026-08-21 10:21:08.118,rated_current_right,"0.000000"
2026-08-21 10:21:08.128,battery/status,"100.000000%"
2026-08-21 10:21:08.128,safety/left_bumper,"FALSE"
2026-08-21 10:21:08.129,safety/right_bumper,"FALSE"
2026-08-21 10:21:08.129,safety/emergency_button,"FALSE"
2026-08-21 10:21:08.129,safety/suction_switch,"FALSE"
2026-08-21 10:21:08.135,odometry/filtered,"x:0.000000, y:0.000000, yaw:0.000000, cov_xx:0.001912, cov_yy:0.002020"
2026-08-21 10:21:08.149,rated_current_left,"0.000000"
2026-08-21 10:21:08.149,rated_current_right,"0.000000"
2026-08-21 10:21:08.155,odometry/filtered,"x:0.000000, y:0.000000, yaw:0.000000, cov_xx:0.001931, cov_yy:0.002041"
2026-08-21 10:21:08.177,safety/left_bumper,"FALSE"
2026-08-21 10:21:08.177,safety/right_bumper,"FALSE"
2026-08-21 10:21:08.177,safety/emergency_button,"FALSE"
2026-08-21 10:21:08.177,safety/suction_switch,"FALSE"
2026-08-21 10:21:08.183,rated_current_left,"0.000000"
2026-08-21 10:21:08.183,rated_current_right,"0.000000"
2026-08-21 10:21:08.195,odometry/filtered,"x:0.000000, y:0.000000, yaw:0.000000, cov_xx:0.001954, cov_yy:0.002066"
2026-08-21 10:21:08.214,rated_current_left,"0.000000"
2026-08-21 10:21:08.214,odometry/filtered,"x:0.000000, y:0.000000, yaw:0.000000, cov_xx:0.001919, cov_yy:0.002028"
2026-08-21 10:21:08.214,rated_current_right,"0.000000"
2026-08-21 10:21:08.226,safety/emergency_button,"FALSE"
2026-08-21 10:21:08.228,battery/status,"100.000000%"
2026-08-21 10:21:08.228,safety/left_bumper,"FALSE"
2026-08-21 10:21:08.228,safety/right_bumper,"FALSE"
2026-08-21 10:21:08.228,safety/suction_switch,"FALSE"
2026-08-21 10:21:08.238,particle_cloud,"count:800, spread:0.288481"
2026-08-21 10:21:08.248,rated_current_left,"0.000000"
2026-08-21 10:21:08.250,rated_current_right,"0.000000"
2026-08-21 10:21:08.255,odometry/filtered,"x:0.000000, y:0.000000, yaw:0.000000, cov_xx:0.001975, cov_yy:0.002090"
2026-08-21 10:21:08.277,safety/left_bumper,"FALSE"
2026-08-21 10:21:08.277,safety/right_bumper,"FALSE"
2026-08-21 10:21:08.277,safety/emergency_button,"FALSE"
2026-08-21 10:21:08.277,safety/suction_switch,"FALSE"
2026-08-21 10:21:08.280,rated_current_left,"0.000000"
2026-08-21 10:21:08.280,rated_current_right,"0.000000"
2026-08-21 10:21:08.294,odometry/filtered,"x:0.000000, y:0.000000, yaw:0.000000, cov_xx:0.001932, cov_yy:0.002041"
2026-08-21 10:21:08.308,robot_status,"ROBOT_STANDBY"
2026-08-21 10:21:08.312,rated_current_left,"0.000000"
2026-08-21 10:21:08.312,rated_current_right,"0.000000"
2026-08-21 10:21:08.314,odometry/filtered,"x:0.000000, y:0.000000, yaw:0.000000, cov_xx:0.001948, cov_yy:0.002059"
2026-08-21 10:21:08.327,safety/emergency_button,"FALSE"
2026-08-21 10:21:08.328,safety/right_bumper,"FALSE"
2026-08-21 10:21:08.328,battery/status,"100.000000%"
2026-08-21 10:21:08.328,safety/left_bumper,"FALSE"
2026-08-21 10:21:08.328,safety/suction_switch,"FALSE"
2026-08-21 10:21:08.341,rated_current_left,"0.000000"
2026-08-21 10:21:08.342,rated_current_right,"0.000000"
2026-08-21 10:21:08.355,odometry/filtered,"x:0.000000, y:0.000000, yaw:0.000000, cov_xx:0.001901, cov_yy:0.002008"
2026-08-21 10:21:08.372,rated_current_left,"0.000000"
2026-08-21 10:21:08.373,rated_current_right,"0.000000"
2026-08-21 10:21:08.375,odometry/filtered,"x:0.000000, y:0.000000, yaw:0.000000, cov_xx:0.001904, cov_yy:0.002012"
2026-08-21 10:21:08.379,safety/left_bumper,"FALSE"
2026-08-21 10:21:08.379,safety/right_bumper,"FALSE"
2026-08-21 10:21:08.379,safety/emergency_button,"FALSE"
2026-08-21 10:21:08.379,safety/suction_switch,"FALSE"
2026-08-21 10:21:08.405,rated_current_left,"0.000000"
2026-08-21 10:21:08.405,rated_current_right,"0.000000"
2026-08-21 10:21:08.414,odometry/filtered,"x:0.000000, y:0.000000, yaw:0.000000, cov_xx:0.001929, cov_yy:0.002039"
2026-08-21 10:21:08.427,battery/status,"100.000000%"
2026-08-21 10:21:08.427,safety/left_bumper,"FALSE"
2026-08-21 10:21:08.427,safety/right_bumper,"FALSE"
2026-08-21 10:21:08.427,safety/emergency_button,"FALSE"
2026-08-21 10:21:08.428,safety/suction_switch,"FALSE"
2026-08-21 10:21:08.436,particle_cloud,"count:800, spread:0.289162"
2026-08-21 10:21:08.436,rated_current_left,"0.000000"
2026-08-21 10:21:08.436,rated_current_right,"0.000000"
2026-08-21 10:21:08.454,odometry/filtered,"x:0.000000, y:0.000000, yaw:0.000000, cov_xx:0.001929, cov_yy:0.002039"
2026-08-21 10:21:08.469,rated_current_left,"0.000000"
2026-08-21 10:21:08.469,rated_current_right,"0.000000"
2026-08-21 10:21:08.477,odometry/filtered,"x:0.000000, y:0.000000, yaw:0.000000, cov_xx:0.001939, cov_yy:0.002050"
2026-08-21 10:21:08.477,safety/left_bumper,"FALSE"
2026-08-21 10:21:08.477,safety/right_bumper,"FALSE"
2026-08-21 10:21:08.477,safety/emergency_button,"FALSE"
2026-08-21 10:21:08.477,safety/suction_switch,"FALSE"
2026-08-21 10:21:08.500,rated_current_left,"0.000000"
2026-08-21 10:21:08.502,rated_current_right,"0.000000"
2026-08-21 10:21:08.516,odometry/filtered,"x:0.000000, y:0.000000, yaw:0.000000, cov_xx:0.001931, cov_yy:0.002041"
2026-08-21 10:21:08.526,safety/emergency_button,"FALSE"
2026-08-21 10:21:08.527,safety/right_bumper,"FALSE"
2026-08-21 10:21:08.527,safety/left_bumper,"FALSE"
2026-08-21 10:21:08.527,safety/suction_switch,"FALSE"
2026-08-21 10:21:08.527,battery/status,"100.000000%"
2026-08-21 10:21:08.531,rated_current_left,"0.000000"
2026-08-21 10:21:08.531,rated_current_right,"0.000000"
2026-08-21 10:21:08.534,odometry/filtered,"x:0.000000, y:0.000000, yaw:0.000000, cov_xx:0.001912, cov_yy:0.002020"
2026-08-21 10:21:08.564,rated_current_left,"0.000000"
2026-08-21 10:21:08.564,rated_current_right,"0.000000"
2026-08-21 10:21:08.575,odometry/filtered,"x:0.000000, y:0.000000, yaw:0.000000, cov_xx:0.001925, cov_yy:0.002034"
2026-08-21 10:21:08.578,safety/emergency_button,"FALSE"
2026-08-21 10:21:08.578,safety/left_bumper,"FALSE"
2026-08-21 10:21:08.578,safety/right_bumper,"FALSE"
2026-08-21 10:21:08.578,safety/suction_switch,"FALSE"
2026-08-21 10:21:08.600,rated_current_left,"0.000000"
2026-08-21 10:21:08.601,rated_current_right,"0.000000"
2026-08-21 10:21:08.614,odometry/filtered,"x:0.000000, y:0.000000, yaw:0.000000, cov_xx:0.001997, cov_yy:0.002114"
2026-08-21 10:21:08.627,battery/status,"100.000000%"
2026-08-21 10:21:08.627,safety/left_bumper,"FALSE"
2026-08-21 10:21:08.627,safety/right_bumper,"FALSE"
2026-08-21 10:21:08.627,safety/emergency_button,"FALSE"
2026-08-21 10:21:08.627,safety/suction_switch,"FALSE"
2026-08-21 10:21:08.630,rated_current_left,"0.000000"
2026-08-21 10:21:08.630,rated_current_right,"0.000000"
2026-08-21 10:21:08.635,odometry/filtered,"x:0.000000, y:0.000000, yaw:0.000000, cov_xx:0.001921, cov_yy:0.002029"
2026-08-21 10:21:08.637,particle_cloud,"count:800, spread:0.287331"
2026-08-21 10:21:08.660,rated_current_left,"0.000000"
2026-08-21 10:21:08.660,rated_current_right,"0.000000"
2026-08-21 10:21:08.675,odometry/filtered,"x:0.000000, y:0.000000, yaw:0.000000, cov_xx:0.001911, cov_yy:0.002018"
2026-08-21 10:21:08.676,safety/emergency_button,"FALSE"
2026-08-21 10:21:08.677,safety/left_bumper,"FALSE"
2026-08-21 10:21:08.677,safety/right_bumper,"FALSE"
2026-08-21 10:21:08.677,safety/suction_switch,"FALSE"
2026-08-21 10:21:08.694,rated_current_left,"0.000000"
2026-08-21 10:21:08.695,rated_current_right,"0.000000"
2026-08-21 10:21:08.695,odometry/filtered,"x:0.000000, y:0.000000, yaw:0.000000, cov_xx:0.001938, cov_yy:0.002048"
2026-08-21 10:21:08.723,rated_current_left,"0.000000"
2026-08-21 10:21:08.724,rated_current_right,"0.000000"
2026-08-21 10:21:08.726,safety/emergency_button,"FALSE"
2026-08-21 10:21:08.727,battery/status,"100.000000%"
2026-08-21 10:21:08.727,safety/left_bumper,"FALSE"
2026-08-21 10:21:08.727,safety/right_bumper,"FALSE"
2026-08-21 10:21:08.727,safety/suction_switch,"FALSE"
2026-08-21 10:21:08.735,odometry/filtered,"x:0.000000, y:0.000000, yaw:0.000000, cov_xx:0.001904, cov_yy:0.002012"
2026-08-21 10:21:08.759,rated_current_left,"0.000000"
2026-08-21 10:21:08.761,rated_current_right,"0.000000"
2026-08-21 10:21:08.775,odometry/filtered,"x:0.000000, y:0.000000, yaw:0.000000, cov_xx:0.001981, cov_yy:0.002096"
2026-08-21 10:21:08.776,safety/emergency_button,"FALSE"
2026-08-21 10:21:08.777,safety/left_bumper,"FALSE"
2026-08-21 10:21:08.777,safety/right_bumper,"FALSE"
2026-08-21 10:21:08.777,safety/suction_switch,"FALSE"
2026-08-21 10:21:08.791,rated_current_left,"0.000000"
2026-08-21 10:21:08.791,rated_current_right,"0.000000"
2026-08-21 10:21:08.795,odometry/filtered,"x:0.000000, y:0.000000, yaw:0.000000, cov_xx:0.001904, cov_yy:0.002011"
2026-08-21 10:21:08.809,robot_status,"ROBOT_STANDBY"
2026-08-21 10:21:08.821,rated_current_left,"0.000000"
2026-08-21 10:21:08.821,rated_current_right,"0.000000"
2026-08-21 10:21:08.831,safety/emergency_button,"FALSE"
2026-08-21 10:21:08.831,battery/status,"100.000000%"
2026-08-21 10:21:08.831,safety/left_bumper,"FALSE"
2026-08-21 10:21:08.832,safety/right_bumper,"FALSE"
2026-08-21 10:21:08.832,safety/suction_switch,"FALSE"
2026-08-21 10:21:08.838,particle_cloud,"count:800, spread:0.302331"
2026-08-21 10:21:08.838,odometry/filtered,"x:0.000000, y:0.000000, yaw:0.000000, cov_xx:0.001934, cov_yy:0.002045"
2026-08-21 10:21:08.850,rated_current_left,"0.000000"
2026-08-21 10:21:08.851,rated_current_right,"0.000000"
2026-08-21 10:21:08.854,odometry/filtered,"x:0.000000, y:0.000000, yaw:0.000000, cov_xx:0.001903, cov_yy:0.002010"
2026-08-21 10:21:08.876,safety/left_bumper,"FALSE"
2026-08-21 10:21:08.881,safety/right_bumper,"FALSE"
2026-08-21 10:21:08.881,safety/emergency_button,"FALSE"
2026-08-21 10:21:08.881,safety/suction_switch,"FALSE"
2026-08-21 10:21:08.890,rated_current_left,"0.000000"
2026-08-21 10:21:08.891,rated_current_right,"0.000000"
2026-08-21 10:21:08.895,odometry/filtered,"x:0.000000, y:0.000000, yaw:0.000000, cov_xx:0.001977, cov_yy:0.002092"
2026-08-21 10:21:08.917,rated_current_left,"0.000000"
2026-08-21 10:21:08.917,rated_current_right,"0.000000"
2026-08-21 10:21:08.926,safety/emergency_button,"FALSE"
2026-08-21 10:21:08.927,battery/status,"100.000000%"
2026-08-21 10:21:08.927,safety/left_bumper,"FALSE"
2026-08-21 10:21:08.927,safety/right_bumper,"FALSE"
2026-08-21 10:21:08.927,safety/suction_switch,"FALSE"
2026-08-21 10:21:08.935,odometry/filtered,"x:0.000000, y:0.000000, yaw:0.000000, cov_xx:0.001911, cov_yy:0.002018"
2026-08-21 10:21:08.947,rated_current_left,"0.000000"
2026-08-21 10:21:08.948,rated_current_right,"0.000000"
2026-08-21 10:21:08.955,odometry/filtered,"x:0.000000, y:0.000000, yaw:0.000000, cov_xx:0.001921, cov_yy:0.002030"
2026-08-21 10:21:08.976,safety/emergency_button,"FALSE"
2026-08-21 10:21:08.976,safety/left_bumper,"FALSE"
2026-08-21 10:21:08.976,safety/right_bumper,"FALSE"
2026-08-21 10:21:08.976,safety/suction_switch,"FALSE"
2026-08-21 10:21:08.982,rated_current_left,"0.000000"
2026-08-21 10:21:08.982,rated_current_right,"0.000000"
2026-08-21 10:21:08.995,odometry/filtered,"x:0.000000, y:0.000000, yaw:0.000000, cov_xx:0.001927, cov_yy:0.002037"
2026-08-21 10:21:09.010,rated_current_left,"0.000000"
2026-08-21 10:21:09.011,rated_current_right,"0.000000"
2026-08-21 10:21:09.015,odometry/filtered,"x:0.000000, y:0.000000, yaw:0.000000, cov_xx:0.001916, cov_yy:0.002024"
2026-08-21 10:21:09.027,battery/status,"100.000000%"
2026-08-21 10:21:09.027,safety/left_bumper,"FALSE"
2026-08-21 10:21:09.027,safety/right_bumper,"FALSE"
2026-08-21 10:21:09.027,safety/emergency_button,"FALSE"
2026-08-21 10:21:09.027,safety/suction_switch,"FALSE"
2026-08-21 10:21:09.035,particle_cloud,"count:800, spread:0.286400"
2026-08-21 10:21:09.044,rated_current_left,"0.000000"
2026-08-21 10:21:09.045,rated_current_right,"0.000000"
2026-08-21 10:21:09.054,odometry/filtered,"x:0.000000, y:0.000000, yaw:0.000000, cov_xx:0.001948, cov_yy:0.002060"
2026-08-21 10:21:09.076,safety/emergency_button,"FALSE"
2026-08-21 10:21:09.076,safety/left_bumper,"FALSE"
2026-08-21 10:21:09.076,safety/right_bumper,"FALSE"
2026-08-21 10:21:09.076,safety/suction_switch,"FALSE"
2026-08-21 10:21:09.080,rated_current_left,"0.000000"
2026-08-21 10:21:09.082,rated_current_right,"0.000000"
2026-08-21 10:21:09.095,odometry/filtered,"x:0.000000, y:0.000000, yaw:0.000000, cov_xx:0.001986, cov_yy:0.002101"
2026-08-21 10:21:09.107,rated_current_left,"0.000000"
2026-08-21 10:21:09.107,rated_current_right,"0.000000"
2026-08-21 10:21:09.114,odometry/filtered,"x:0.000000, y:0.000000, yaw:0.000000, cov_xx:0.001884, cov_yy:0.001989"
2026-08-21 10:21:09.126,safety/emergency_button,"FALSE"
2026-08-21 10:21:09.128,safety/right_bumper,"FALSE"
2026-08-21 10:21:09.129,battery/status,"100.000000%"
2026-08-21 10:21:09.129,safety/left_bumper,"FALSE"
2026-08-21 10:21:09.129,safety/suction_switch,"FALSE"
2026-08-21 10:21:09.140,rated_current_left,"0.000000"
2026-08-21 10:21:09.140,rated_current_right,"0.000000"
2026-08-21 10:21:09.155,odometry/filtered,"x:0.000000, y:0.000000, yaw:0.000000, cov_xx:0.001929, cov_yy:0.002038"
2026-08-21 10:21:09.171,rated_current_left,"0.000000"
2026-08-21 10:21:09.171,rated_current_right,"0.000000"
2026-08-21 10:21:09.174,odometry/filtered,"x:0.000000, y:0.000000, yaw:0.000000, cov_xx:0.001930, cov_yy:0.002040"
2026-08-21 10:21:09.176,safety/emergency_button,"FALSE"
2026-08-21 10:21:09.176,safety/left_bumper,"FALSE"
2026-08-21 10:21:09.176,safety/right_bumper,"FALSE"
2026-08-21 10:21:09.176,safety/suction_switch,"FALSE"
2026-08-21 10:21:09.203,rated_current_left,"0.000000"
2026-08-21 10:21:09.204,rated_current_right,"0.000000"
2026-08-21 10:21:09.214,odometry/filtered,"x:0.000000, y:0.000000, yaw:0.000000, cov_xx:0.001931, cov_yy:0.002041"
2026-08-21 10:21:09.226,safety/left_bumper,"FALSE"
2026-08-21 10:21:09.227,safety/right_bumper,"FALSE"
2026-08-21 10:21:09.227,safety/emergency_button,"FALSE"
2026-08-21 10:21:09.227,safety/suction_switch,"FALSE"
2026-08-21 10:21:09.227,battery/status,"100.000000%"
2026-08-21 10:21:09.237,particle_cloud,"count:800, spread:0.291178"
2026-08-21 10:21:09.237,rated_current_left,"0.000000"
2026-08-21 10:21:09.237,rated_current_right,"0.000000"
2026-08-21 10:21:09.254,odometry/filtered,"x:0.000000, y:0.000000, yaw:0.000000, cov_xx:0.001930, cov_yy:0.002040"
2026-08-21 10:21:09.267,rated_current_left,"0.000000"
2026-08-21 10:21:09.267,rated_current_right,"0.000000"
2026-08-21 10:21:09.275,odometry/filtered,"x:0.000000, y:0.000000, yaw:0.000000, cov_xx:0.001924, cov_yy:0.002033"
2026-08-21 10:21:09.276,safety/left_bumper,"FALSE"
2026-08-21 10:21:09.276,safety/right_bumper,"FALSE"
2026-08-21 10:21:09.276,safety/emergency_button,"FALSE"
2026-08-21 10:21:09.276,safety/suction_switch,"FALSE"
2026-08-21 10:21:09.298,rated_current_left,"0.000000"
2026-08-21 10:21:09.299,rated_current_right,"0.000000"
2026-08-21 10:21:09.309,robot_status,"ROBOT_STANDBY"
2026-08-21 10:21:09.314,odometry/filtered,"x:0.000000, y:0.000000, yaw:0.000000, cov_xx:0.001924, cov_yy:0.002034"
2026-08-21 10:21:09.329,safety/emergency_button,"FALSE"
2026-08-21 10:21:09.329,battery/status,"100.000000%"
2026-08-21 10:21:09.329,safety/left_bumper,"FALSE"
2026-08-21 10:21:09.329,safety/right_bumper,"FALSE"
2026-08-21 10:21:09.329,safety/suction_switch,"FALSE"
2026-08-21 10:21:09.331,rated_current_left,"0.000000"
2026-08-21 10:21:09.332,rated_current_right,"0.000000"
2026-08-21 10:21:09.335,odometry/filtered,"x:0.000000, y:0.000000, yaw:0.000000, cov_xx:0.001929, cov_yy:0.002039"
2026-08-21 10:21:09.362,rated_current_left,"0.000000"
2026-08-21 10:21:09.362,rated_current_right,"0.000000"
2026-08-21 10:21:09.375,odometry/filtered,"x:0.000000, y:0.000000, yaw:0.000000, cov_xx:0.001934, cov_yy:0.002044"
2026-08-21 10:21:09.376,safety/right_bumper,"FALSE"
2026-08-21 10:21:09.376,safety/emergency_button,"FALSE"
2026-08-21 10:21:09.377,safety/left_bumper,"FALSE"
2026-08-21 10:21:09.377,safety/suction_switch,"FALSE"
2026-08-21 10:21:09.395,rated_current_left,"0.000000"
2026-08-21 10:21:09.407,rated_current_right,"0.000000"
2026-08-21 10:21:09.415,odometry/filtered,"x:0.000000, y:0.000000, yaw:0.000000, cov_xx:0.001949, cov_yy:0.002061"
2026-08-21 10:21:09.426,safety/left_bumper,"FALSE"
2026-08-21 10:21:09.426,safety/right_bumper,"FALSE"
2026-08-21 10:21:09.426,safety/emergency_button,"FALSE"
2026-08-21 10:21:09.426,safety/suction_switch,"FALSE"
2026-08-21 10:21:09.427,battery/status,"100.000000%"
2026-08-21 10:21:09.430,rated_current_left,"0.000000"
2026-08-21 10:21:09.430,rated_current_right,"0.000000"
2026-08-21 10:21:09.435,odometry/filtered,"x:0.000000, y:0.000000, yaw:0.000000, cov_xx:0.001991, cov_yy:0.002106"
2026-08-21 10:21:09.435,particle_cloud,"count:800, spread:0.285891"
2026-08-21 10:21:09.461,rated_current_left,"0.000000"
2026-08-21 10:21:09.461,rated_current_right,"0.000000"
2026-08-21 10:21:09.474,odometry/filtered,"x:0.000000, y:0.000000, yaw:0.000000, cov_xx:0.001894, cov_yy:0.002000"
2026-08-21 10:21:09.475,safety/emergency_button,"FALSE"
2026-08-21 10:21:09.476,safety/left_bumper,"FALSE"
2026-08-21 10:21:09.476,safety/right_bumper,"FALSE"
2026-08-21 10:21:09.476,safety/suction_switch,"FALSE"
2026-08-21 10:21:09.490,rated_current_left,"0.000000"
2026-08-21 10:21:09.490,rated_current_right,"0.000000"
2026-08-21 10:21:09.495,odometry/filtered,"x:0.000000, y:0.000000, yaw:0.000000, cov_xx:0.001911, cov_yy:0.002019"
2026-08-21 10:21:09.523,rated_current_left,"0.000000"
2026-08-21 10:21:09.523,rated_current_right,"0.000000"
2026-08-21 10:21:09.526,safety/left_bumper,"FALSE"
2026-08-21 10:21:09.526,safety/right_bumper,"FALSE"
2026-08-21 10:21:09.526,safety/emergency_button,"FALSE"
2026-08-21 10:21:09.526,safety/suction_switch,"FALSE"
2026-08-21 10:21:09.527,battery/status,"100.000000%"
2026-08-21 10:21:09.534,odometry/filtered,"x:0.000000, y:0.000000, yaw:0.000000, cov_xx:0.001931, cov_yy:0.002041"
2026-08-21 10:21:09.553,rated_current_left,"0.000000"
2026-08-21 10:21:09.553,rated_current_right,"0.000000"
2026-08-21 10:21:09.574,odometry/filtered,"x:0.000000, y:0.000000, yaw:0.000000, cov_xx:0.001910, cov_yy:0.002018"
2026-08-21 10:21:09.579,safety/left_bumper,"FALSE"
2026-08-21 10:21:09.579,safety/right_bumper,"FALSE"
2026-08-21 10:21:09.579,safety/emergency_button,"FALSE"
2026-08-21 10:21:09.579,safety/suction_switch,"FALSE"
2026-08-21 10:21:09.589,rated_current_left,"0.000000"
2026-08-21 10:21:09.589,rated_current_right,"0.000000"
2026-08-21 10:21:09.597,odometry/filtered,"x:0.000000, y:0.000000, yaw:0.000000, cov_xx:0.001980, cov_yy:0.002095"
2026-08-21 10:21:09.619,rated_current_left,"0.000000"
2026-08-21 10:21:09.619,rated_current_right,"0.000000"
2026-08-21 10:21:09.631,battery/status,"100.000000%"
2026-08-21 10:21:09.631,safety/left_bumper,"FALSE"
2026-08-21 10:21:09.631,safety/right_bumper,"FALSE"
2026-08-21 10:21:09.631,safety/emergency_button,"FALSE"
2026-08-21 10:21:09.631,safety/suction_switch,"FALSE"
2026-08-21 10:21:09.635,odometry/filtered,"x:0.000000, y:0.000000, yaw:0.000000, cov_xx:0.001920, cov_yy:0.002028"
2026-08-21 10:21:09.636,particle_cloud,"count:800, spread:0.282658"
2026-08-21 10:21:09.650,rated_current_left,"0.000000"
2026-08-21 10:21:09.650,rated_current_right,"0.000000"
2026-08-21 10:21:09.654,odometry/filtered,"x:0.000000, y:0.000000, yaw:0.000000, cov_xx:0.001912, cov_yy:0.002020"
2026-08-21 10:21:09.676,safety/emergency_button,"FALSE"
2026-08-21 10:21:09.676,safety/left_bumper,"FALSE"
2026-08-21 10:21:09.676,safety/right_bumper,"FALSE"
2026-08-21 10:21:09.676,safety/suction_switch,"FALSE"
2026-08-21 10:21:09.682,rated_current_left,"0.000000"
2026-08-21 10:21:09.682,rated_current_right,"0.000000"
2026-08-21 10:21:09.695,odometry/filtered,"x:0.000000, y:0.000000, yaw:0.000000, cov_xx:0.001928, cov_yy:0.002038"
2026-08-21 10:21:09.715,rated_current_left,"0.000000"
2026-08-21 10:21:09.715,rated_current_right,"0.000000"
2026-08-21 10:21:09.726,safety/emergency_button,"FALSE"
2026-08-21 10:21:09.726,battery/status,"100.000000%"
2026-08-21 10:21:09.726,safety/left_bumper,"FALSE"
2026-08-21 10:21:09.727,safety/right_bumper,"FALSE"
2026-08-21 10:21:09.727,safety/suction_switch,"FALSE"
2026-08-21 10:21:09.735,odometry/filtered,"x:0.000000, y:0.000000, yaw:0.000000, cov_xx:0.001931, cov_yy:0.002041"
2026-08-21 10:21:09.746,rated_current_left,"0.000000"
2026-08-21 10:21:09.747,rated_current_right,"0.000000"
2026-08-21 10:21:09.754,odometry/filtered,"x:0.000000, y:0.000000, yaw:0.000000, cov_xx:0.001938, cov_yy:0.002048"
2026-08-21 10:21:09.776,safety/emergency_button,"FALSE"
2026-08-21 10:21:09.776,safety/left_bumper,"FALSE"
2026-08-21 10:21:09.776,safety/right_bumper,"FALSE"
2026-08-21 10:21:09.776,safety/suction_switch,"FALSE"
2026-08-21 10:21:09.779,rated_current_left,"0.000000"
2026-08-21 10:21:09.779,rated_current_right,"0.000000"
2026-08-21 10:21:09.809,robot_status,"ROBOT_STANDBY"
2026-08-21 10:21:09.811,rated_current_left,"0.000000"
2026-08-21 10:21:09.811,rated_current_right,"0.000000"
2026-08-21 10:21:09.815,odometry/filtered,"x:0.000000, y:0.000000, yaw:0.000000, cov_xx:0.001905, cov_yy:0.002012"
2026-08-21 10:21:09.826,battery/status,"100.000000%"
2026-08-21 10:21:09.826,safety/left_bumper,"FALSE"
2026-08-21 10:21:09.826,safety/right_bumper,"FALSE"
2026-08-21 10:21:09.826,safety/emergency_button,"FALSE"
2026-08-21 10:21:09.826,safety/suction_switch,"FALSE"
2026-08-21 10:21:09.835,particle_cloud,"count:800, spread:0.294516"
2026-08-21 10:21:09.841,rated_current_left,"0.000000"
2026-08-21 10:21:09.841,rated_current_right,"0.000000"
2026-08-21 10:21:09.855,odometry/filtered,"x:0.000000, y:0.000000, yaw:0.000000, cov_xx:0.001897, cov_yy:0.002003"
2026-08-21 10:21:09.876,rated_current_left,"0.000000"
2026-08-21 10:21:09.876,rated_current_right,"0.000000"
2026-08-21 10:21:09.876,safety/left_bumper,"FALSE"
2026-08-21 10:21:09.876,safety/right_bumper,"FALSE"
2026-08-21 10:21:09.876,safety/emergency_button,"FALSE"
2026-08-21 10:21:09.876,safety/suction_switch,"FALSE"
2026-08-21 10:21:09.896,odometry/filtered,"x:0.000000, y:0.000000, yaw:0.000000, cov_xx:0.001962, cov_yy:0.002075"
2026-08-21 10:21:09.906,rated_current_left,"0.000000"
2026-08-21 10:21:09.906,rated_current_right,"0.000000"
2026-08-21 10:21:09.914,odometry/filtered,"x:0.000000, y:0.000000, yaw:0.000000, cov_xx:0.001922, cov_yy:0.002031"
2026-08-21 10:21:09.926,battery/status,"100.000000%"
2026-08-21 10:21:09.926,safety/left_bumper,"FALSE"
2026-08-21 10:21:09.927,safety/right_bumper,"FALSE"
2026-08-21 10:21:09.927,safety/emergency_button,"FALSE"
2026-08-21 10:21:09.927,safety/suction_switch,"FALSE"
2026-08-21 10:21:09.936,rated_current_left,"0.000000"
2026-08-21 10:21:09.937,rated_current_right,"0.000000"
2026-08-21 10:21:09.954,odometry/filtered,"x:0.000000, y:0.000000, yaw:0.000000, cov_xx:0.001909, cov_yy:0.002017"
2026-08-21 10:21:09.969,rated_current_left,"0.000000"
2026-08-21 10:21:09.969,rated_current_right,"0.000000"
2026-08-21 10:21:09.974,odometry/filtered,"x:0.000000, y:0.000000, yaw:0.000000, cov_xx:0.001929, cov_yy:0.002039"
2026-08-21 10:21:09.975,safety/emergency_button,"FALSE"
2026-08-21 10:21:09.976,safety/left_bumper,"FALSE"
2026-08-21 10:21:09.976,safety/right_bumper,"FALSE"
2026-08-21 10:21:09.976,safety/suction_switch,"FALSE"
2026-08-21 10:21:10.001,rated_current_left,"0.000000"
2026-08-21 10:21:10.001,rated_current_right,"0.000000"
2026-08-21 10:21:10.016,odometry/filtered,"x:0.000000, y:0.000000, yaw:0.000000, cov_xx:0.001931, cov_yy:0.002042"
2026-08-21 10:21:10.026,safety/left_bumper,"FALSE"
2026-08-21 10:21:10.026,safety/right_bumper,"FALSE"
2026-08-21 10:21:10.026,safety/emergency_button,"FALSE"
2026-08-21 10:21:10.026,safety/suction_switch,"FALSE"
2026-08-21 10:21:10.026,battery/status,"100.000000%"
2026-08-21 10:21:10.033,rated_current_left,"0.000000"
2026-08-21 10:21:10.034,rated_current_right,"0.000000"
2026-08-21 10:21:10.035,particle_cloud,"count:800, spread:0.291210"
2026-08-21 10:21:10.057,odometry/filtered,"x:0.000000, y:0.000000, yaw:0.000000, cov_xx:0.001930, cov_yy:0.002041"
2026-08-21 10:21:10.065,rated_current_left,"0.000000"
2026-08-21 10:21:10.065,rated_current_right,"0.000000"
2026-08-21 10:21:10.076,odometry/filtered,"x:0.000000, y:0.000000, yaw:0.000000, cov_xx:0.001938, cov_yy:0.002049"
2026-08-21 10:21:10.076,safety/left_bumper,"FALSE"
2026-08-21 10:21:10.076,safety/right_bumper,"FALSE"
2026-08-21 10:21:10.076,safety/emergency_button,"FALSE"
2026-08-21 10:21:10.076,safety/suction_switch,"FALSE"
2026-08-21 10:21:10.099,rated_current_left,"0.000000"
2026-08-21 10:21:10.099,rated_current_right,"0.000000"
2026-08-21 10:21:10.115,odometry/filtered,"x:0.000000, y:0.000000, yaw:0.000000, cov_xx:0.001924, cov_yy:0.002034"
2026-08-21 10:21:10.126,battery/status,"100.000000%"
2026-08-21 10:21:10.126,safety/left_bumper,"FALSE"
2026-08-21 10:21:10.126,safety/right_bumper,"FALSE"
2026-08-21 10:21:10.126,safety/emergency_button,"FALSE"
2026-08-21 10:21:10.126,safety/suction_switch,"FALSE"
2026-08-21 10:21:10.128,rated_current_left,"0.000000"
2026-08-21 10:21:10.130,rated_current_right,"0.000000"
2026-08-21 10:21:10.136,odometry/filtered,"x:0.000000, y:0.000000, yaw:0.000000, cov_xx:0.001923, cov_yy:0.002032"
2026-08-21 10:21:10.161,rated_current_left,"0.000000"
2026-08-21 10:21:10.161,rated_current_right,"0.000000"
2026-08-21 10:21:10.189,odometry/filtered,"x:0.000000, y:0.000000, yaw:0.000000, cov_xx:0.001942, cov_yy:0.002053"
2026-08-21 10:21:10.189,safety/left_bumper,"FALSE"
2026-08-21 10:21:10.189,safety/right_bumper,"FALSE"
2026-08-21 10:21:10.189,safety/emergency_button,"FALSE"
2026-08-21 10:21:10.189,safety/suction_switch,"FALSE"
2026-08-21 10:21:10.194,rated_current_left,"0.000000"
2026-08-21 10:21:10.194,rated_current_right,"0.000000"
2026-08-21 10:21:10.215,odometry/filtered,"x:0.000000, y:0.000000, yaw:0.000000, cov_xx:0.001948, cov_yy:0.002060"
2026-08-21 10:21:10.231,battery/status,"100.000000%"
2026-08-21 10:21:10.231,safety/left_bumper,"FALSE"
2026-08-21 10:21:10.231,safety/right_bumper,"FALSE"
2026-08-21 10:21:10.232,safety/emergency_button,"FALSE"
2026-08-21 10:21:10.232,safety/suction_switch,"FALSE"
2026-08-21 10:21:10.235,odometry/filtered,"x:0.000000, y:0.000000, yaw:0.000000, cov_xx:0.001949, cov_yy:0.002060"
2026-08-21 10:21:10.240,rated_current_left,"0.000000"
2026-08-21 10:21:10.240,rated_current_right,"0.000000"
2026-08-21 10:21:10.242,particle_cloud,"count:800, spread:0.279098"
2026-08-21 10:21:10.257,rated_current_left,"0.000000"
2026-08-21 10:21:10.258,rated_current_right,"0.000000"
2026-08-21 10:21:10.275,odometry/filtered,"x:0.000000, y:0.000000, yaw:0.000000, cov_xx:0.001922, cov_yy:0.002031"
2026-08-21 10:21:10.276,safety/left_bumper,"FALSE"
2026-08-21 10:21:10.276,safety/right_bumper,"FALSE"
2026-08-21 10:21:10.276,safety/emergency_button,"FALSE"
2026-08-21 10:21:10.276,safety/suction_switch,"FALSE"
2026-08-21 10:21:10.292,rated_current_left,"0.000000"
2026-08-21 10:21:10.292,rated_current_right,"0.000000"
2026-08-21 10:21:10.296,odometry/filtered,"x:0.000000, y:0.000000, yaw:0.000000, cov_xx:0.001937, cov_yy:0.002047"
2026-08-21 10:21:10.308,robot_status,"ROBOT_STANDBY"
2026-08-21 10:21:10.321,rated_current_left,"0.000000"
2026-08-21 10:21:10.322,rated_current_right,"0.000000"
2026-08-21 10:21:10.326,safety/emergency_button,"FALSE"
2026-08-21 10:21:10.326,battery/status,"100.000000%"
2026-08-21 10:21:10.326,safety/left_bumper,"FALSE"
2026-08-21 10:21:10.326,safety/right_bumper,"FALSE"
2026-08-21 10:21:10.326,safety/suction_switch,"FALSE"
2026-08-21 10:21:10.335,odometry/filtered,"x:0.000000, y:0.000000, yaw:0.000000, cov_xx:0.001925, cov_yy:0.002034"
2026-08-21 10:21:10.353,rated_current_left,"0.000000"
2026-08-21 10:21:10.353,rated_current_right,"0.000000"
2026-08-21 10:21:10.375,odometry/filtered,"x:0.000000, y:0.000000, yaw:0.000000, cov_xx:0.001928, cov_yy:0.002038"
2026-08-21 10:21:10.378,safety/left_bumper,"FALSE"
2026-08-21 10:21:10.378,safety/right_bumper,"FALSE"
2026-08-21 10:21:10.378,safety/emergency_button,"FALSE"
2026-08-21 10:21:10.378,safety/suction_switch,"FALSE"
2026-08-21 10:21:10.386,rated_current_left,"0.000000"
2026-08-21 10:21:10.386,rated_current_right,"0.000000"
2026-08-21 10:21:10.394,odometry/filtered,"x:0.000000, y:0.000000, yaw:0.000000, cov_xx:0.001945, cov_yy:0.002057"
2026-08-21 10:21:10.418,rated_current_left,"0.000000"
2026-08-21 10:21:10.418,rated_current_right,"0.000000"
2026-08-21 10:21:10.425,safety/emergency_button,"FALSE"
2026-08-21 10:21:10.425,battery/status,"100.000000%"
2026-08-21 10:21:10.426,safety/left_bumper,"FALSE"
2026-08-21 10:21:10.426,safety/right_bumper,"FALSE"
2026-08-21 10:21:10.426,safety/suction_switch,"FALSE"
2026-08-21 10:21:10.435,particle_cloud,"count:800, spread:0.289934"
2026-08-21 10:21:10.435,odometry/filtered,"x:0.000000, y:0.000000, yaw:0.000000, cov_xx:0.001937, cov_yy:0.002047"
2026-08-21 10:21:10.448,rated_current_left,"0.000000"
2026-08-21 10:21:10.448,rated_current_right,"0.000000"
2026-08-21 10:21:10.454,odometry/filtered,"x:0.000000, y:0.000000, yaw:0.000000, cov_xx:0.001902, cov_yy:0.002009"
2026-08-21 10:21:10.475,safety/right_bumper,"FALSE"
2026-08-21 10:21:10.475,safety/emergency_button,"FALSE"
2026-08-21 10:21:10.475,safety/left_bumper,"FALSE"
2026-08-21 10:21:10.475,safety/suction_switch,"FALSE"
2026-08-21 10:21:10.481,rated_current_left,"0.000000"
2026-08-21 10:21:10.482,rated_current_right,"0.000000"
2026-08-21 10:21:10.497,odometry/filtered,"x:0.000000, y:0.000000, yaw:0.000000, cov_xx:0.001944, cov_yy:0.002056"
2026-08-21 10:21:10.514,rated_current_left,"0.000000"
2026-08-21 10:21:10.514,rated_current_right,"0.000000"
2026-08-21 10:21:10.526,safety/right_bumper,"FALSE"
2026-08-21 10:21:10.527,safety/emergency_button,"FALSE"
2026-08-21 10:21:10.527,battery/status,"100.000000%"
2026-08-21 10:21:10.527,safety/left_bumper,"FALSE"
2026-08-21 10:21:10.528,safety/suction_switch,"FALSE"
2026-08-21 10:21:10.537,odometry/filtered,"x:0.000000, y:0.000000, yaw:0.000000, cov_xx:0.001931, cov_yy:0.002041"
2026-08-21 10:21:10.543,rated_current_left,"0.000000"
2026-08-21 10:21:10.545,rated_current_right,"0.000000"
2026-08-21 10:21:10.557,odometry/filtered,"x:0.000000, y:0.000000, yaw:0.000000, cov_xx:0.001914, cov_yy:0.002022"
2026-08-21 10:21:10.576,safety/left_bumper,"FALSE"
2026-08-21 10:21:10.576,safety/right_bumper,"FALSE"
2026-08-21 10:21:10.576,safety/emergency_button,"FALSE"
2026-08-21 10:21:10.576,safety/suction_switch,"FALSE"
2026-08-21 10:21:10.576,rated_current_left,"0.000000"
2026-08-21 10:21:10.577,rated_current_right,"0.000000"
2026-08-21 10:21:10.595,odometry/filtered,"x:0.000000, y:0.000000, yaw:0.000000, cov_xx:0.001932, cov_yy:0.002043"
2026-08-21 10:21:10.609,rated_current_left,"0.000000"
2026-08-21 10:21:10.610,rated_current_right,"0.000000"
2026-08-21 10:21:10.616,odometry/filtered,"x:0.000000, y:0.000000, yaw:0.000000, cov_xx:0.001940, cov_yy:0.002051"
2026-08-21 10:21:10.626,safety/emergency_button,"FALSE"
2026-08-21 10:21:10.626,battery/status,"100.000000%"
2026-08-21 10:21:10.626,safety/left_bumper,"FALSE"
2026-08-21 10:21:10.626,safety/right_bumper,"FALSE"
2026-08-21 10:21:10.626,safety/suction_switch,"FALSE"
2026-08-21 10:21:10.635,particle_cloud,"count:800, spread:0.286579"
2026-08-21 10:21:10.640,rated_current_left,"0.000000"
2026-08-21 10:21:10.640,rated_current_right,"0.000000"
2026-08-21 10:21:10.655,odometry/filtered,"x:0.000000, y:0.000000, yaw:0.000000, cov_xx:0.001934, cov_yy:0.002044"
2026-08-21 10:21:10.672,rated_current_left,"0.000000"
2026-08-21 10:21:10.672,rated_current_right,"0.000000"
2026-08-21 10:21:10.676,odometry/filtered,"x:0.000000, y:0.000000, yaw:0.000000, cov_xx:0.001914, cov_yy:0.002022"
2026-08-21 10:21:10.677,safety/left_bumper,"FALSE"
2026-08-21 10:21:10.677,safety/right_bumper,"FALSE"
2026-08-21 10:21:10.677,safety/emergency_button,"FALSE"
2026-08-21 10:21:10.677,safety/suction_switch,"FALSE"
2026-08-21 10:21:10.703,rated_current_left,"0.000000"
2026-08-21 10:21:10.704,rated_current_right,"0.000000"
2026-08-21 10:21:10.716,odometry/filtered,"x:0.000000, y:0.000000, yaw:0.000000, cov_xx:0.001931, cov_yy:0.002041"
2026-08-21 10:21:10.726,safety/left_bumper,"FALSE"
2026-08-21 10:21:10.726,safety/right_bumper,"FALSE"
2026-08-21 10:21:10.726,safety/emergency_button,"FALSE"
2026-08-21 10:21:10.726,safety/suction_switch,"FALSE"
2026-08-21 10:21:10.727,battery/status,"100.000000%"
2026-08-21 10:21:10.735,rated_current_left,"0.000000"
2026-08-21 10:21:10.736,rated_current_right,"0.000000"
2026-08-21 10:21:10.754,odometry/filtered,"x:0.000000, y:0.000000, yaw:0.000000, cov_xx:0.001932, cov_yy:0.002042"
2026-08-21 10:21:10.768,rated_current_left,"0.000000"
2026-08-21 10:21:10.769,rated_current_right,"0.000000"
2026-08-21 10:21:10.775,odometry/filtered,"x:0.000000, y:0.000000, yaw:0.000000, cov_xx:0.001945, cov_yy:0.002056"
2026-08-21 10:21:10.775,safety/emergency_button,"FALSE"
2026-08-21 10:21:10.775,safety/left_bumper,"FALSE"
2026-08-21 10:21:10.775,safety/right_bumper,"FALSE"
2026-08-21 10:21:10.775,safety/suction_switch,"FALSE"
2026-08-21 10:21:10.800,rated_current_left,"0.000000"
2026-08-21 10:21:10.800,rated_current_right,"0.000000"
2026-08-21 10:21:10.808,robot_status,"ROBOT_STANDBY"
2026-08-21 10:21:10.814,odometry/filtered,"x:0.000000, y:0.000000, yaw:0.000000, cov_xx:0.001929, cov_yy:0.002038"
2026-08-21 10:21:10.826,battery/status,"100.000000%"
2026-08-21 10:21:10.826,safety/left_bumper,"FALSE"
2026-08-21 10:21:10.826,safety/right_bumper,"FALSE"
2026-08-21 10:21:10.826,safety/emergency_button,"FALSE"
2026-08-21 10:21:10.826,safety/suction_switch,"FALSE"
2026-08-21 10:21:10.831,rated_current_left,"0.000000"
2026-08-21 10:21:10.831,rated_current_right,"0.000000"
2026-08-21 10:21:10.835,particle_cloud,"count:800, spread:0.280656"
2026-08-21 10:21:10.836,odometry/filtered,"x:0.000000, y:0.000000, yaw:0.000000, cov_xx:0.001927, cov_yy:0.002037"
2026-08-21 10:21:10.864,rated_current_left,"0.000000"
2026-08-21 10:21:10.865,rated_current_right,"0.000000"
2026-08-21 10:21:10.875,odometry/filtered,"x:0.000000, y:0.000000, yaw:0.000000, cov_xx:0.001931, cov_yy:0.002041"
2026-08-21 10:21:10.875,safety/emergency_button,"FALSE"
2026-08-21 10:21:10.875,safety/left_bumper,"FALSE"
2026-08-21 10:21:10.875,safety/right_bumper,"FALSE"
2026-08-21 10:21:10.876,safety/suction_switch,"FALSE"
2026-08-21 10:21:10.895,rated_current_left,"0.000000"
2026-08-21 10:21:10.896,rated_current_right,"0.000000"
2026-08-21 10:21:10.916,odometry/filtered,"x:0.000000, y:0.000000, yaw:0.000000, cov_xx:0.001934, cov_yy:0.002045"
2026-08-21 10:21:10.925,safety/emergency_button,"FALSE"
2026-08-21 10:21:10.926,battery/status,"100.000000%"
2026-08-21 10:21:10.926,safety/left_bumper,"FALSE"
2026-08-21 10:21:10.926,safety/right_bumper,"FALSE"
2026-08-21 10:21:10.926,safety/suction_switch,"FALSE"
2026-08-21 10:21:10.930,rated_current_left,"0.000000"
2026-08-21 10:21:10.931,rated_current_right,"0.000000"
2026-08-21 10:21:10.935,odometry/filtered,"x:0.000000, y:0.000000, yaw:0.000000, cov_xx:0.001971, cov_yy:0.002084"
2026-08-21 10:21:10.959,rated_current_left,"0.000000"
2026-08-21 10:21:10.960,rated_current_right,"0.000000"
2026-08-21 10:21:10.975,odometry/filtered,"x:0.000000, y:0.000000, yaw:0.000000, cov_xx:0.001913, cov_yy:0.002021"
2026-08-21 10:21:10.975,safety/emergency_button,"FALSE"
2026-08-21 10:21:10.976,safety/left_bumper,"FALSE"
2026-08-21 10:21:10.976,safety/right_bumper,"FALSE"
2026-08-21 10:21:10.976,safety/suction_switch,"FALSE"
2026-08-21 10:21:10.991,rated_current_left,"0.000000"
2026-08-21 10:21:10.991,rated_current_right,"0.000000"
2026-08-21 10:21:10.995,odometry/filtered,"x:0.000000, y:0.000000, yaw:0.000000, cov_xx:0.001916, cov_yy:0.002025"
2026-08-21 10:21:11.022,rated_current_left,"0.000000"
2026-08-21 10:21:11.022,rated_current_right,"0.000000"
2026-08-21 10:21:11.025,safety/emergency_button,"FALSE"
2026-08-21 10:21:11.025,safety/left_bumper,"FALSE"
2026-08-21 10:21:11.026,safety/right_bumper,"FALSE"
2026-08-21 10:21:11.026,battery/status,"100.000000%"
2026-08-21 10:21:11.026,safety/suction_switch,"FALSE"
2026-08-21 10:21:11.035,odometry/filtered,"x:0.000000, y:0.000000, yaw:0.000000, cov_xx:0.001915, cov_yy:0.002024"
2026-08-21 10:21:11.036,particle_cloud,"count:800, spread:0.285851"
2026-08-21 10:21:11.055,rated_current_left,"0.000000"
2026-08-21 10:21:11.055,rated_current_right,"0.000000"
2026-08-21 10:21:11.076,odometry/filtered,"x:0.000000, y:0.000000, yaw:0.000000, cov_xx:0.001936, cov_yy:0.002047"
2026-08-21 10:21:11.076,safety/left_bumper,"FALSE"
2026-08-21 10:21:11.076,safety/right_bumper,"FALSE"
2026-08-21 10:21:11.076,safety/emergency_button,"FALSE"
2026-08-21 10:21:11.076,safety/suction_switch,"FALSE"
2026-08-21 10:21:11.087,rated_current_left,"0.000000"
2026-08-21 10:21:11.088,rated_current_right,"0.000000"
2026-08-21 10:21:11.095,odometry/filtered,"x:0.000000, y:0.000000, yaw:0.000000, cov_xx:0.001938, cov_yy:0.002049"
2026-08-21 10:21:11.118,rated_current_left,"0.000000"
2026-08-21 10:21:11.119,rated_current_right,"0.000000"
2026-08-21 10:21:11.125,battery/status,"100.000000%"
2026-08-21 10:21:11.126,safety/left_bumper,"FALSE"
2026-08-21 10:21:11.126,safety/right_bumper,"FALSE"
2026-08-21 10:21:11.126,safety/emergency_button,"FALSE"
2026-08-21 10:21:11.126,safety/suction_switch,"FALSE"
2026-08-21 10:21:11.135,odometry/filtered,"x:0.000000, y:0.000000, yaw:0.000000, cov_xx:0.001915, cov_yy:0.002023"
2026-08-21 10:21:11.150,rated_current_left,"0.000000"
2026-08-21 10:21:11.150,rated_current_right,"0.000000"
2026-08-21 10:21:11.155,odometry/filtered,"x:0.000000, y:0.000000, yaw:0.000000, cov_xx:0.001936, cov_yy:0.002047"
2026-08-21 10:21:11.175,safety/emergency_button,"FALSE"
2026-08-21 10:21:11.175,safety/left_bumper,"FALSE"
2026-08-21 10:21:11.175,safety/right_bumper,"FALSE"
2026-08-21 10:21:11.176,safety/suction_switch,"FALSE"
2026-08-21 10:21:11.195,rated_current_left,"0.000000"
2026-08-21 10:21:11.196,rated_current_right,"0.000000"
2026-08-21 10:21:11.214,rated_current_left,"0.000000"
2026-08-21 10:21:11.216,odometry/filtered,"x:0.000000, y:0.000000, yaw:0.000000, cov_xx:0.002119, cov_yy:0.002248"
2026-08-21 10:21:11.217,rated_current_right,"0.000000"
2026-08-21 10:21:11.225,safety/emergency_button,"FALSE"
2026-08-21 10:21:11.226,battery/status,"100.000000%"
2026-08-21 10:21:11.226,safety/left_bumper,"FALSE"
2026-08-21 10:21:11.226,safety/right_bumper,"FALSE"
2026-08-21 10:21:11.226,safety/suction_switch,"FALSE"
2026-08-21 10:21:11.235,particle_cloud,"count:800, spread:0.280510"
2026-08-21 10:21:11.235,odometry/filtered,"x:0.000000, y:0.000000, yaw:0.000000, cov_xx:0.001811, cov_yy:0.001906"
2026-08-21 10:21:11.246,rated_current_left,"0.000000"
2026-08-21 10:21:11.246,rated_current_right,"0.000000"
2026-08-21 10:21:11.255,odometry/filtered,"x:0.000000, y:0.000000, yaw:0.000000, cov_xx:0.001876, cov_yy:0.001979"
2026-08-21 10:21:11.275,safety/emergency_button,"FALSE"
2026-08-21 10:21:11.275,safety/left_bumper,"FALSE"
2026-08-21 10:21:11.275,safety/right_bumper,"FALSE"
2026-08-21 10:21:11.275,safety/suction_switch,"FALSE"
2026-08-21 10:21:11.277,rated_current_left,"0.000000"
2026-08-21 10:21:11.280,rated_current_right,"0.000000"
2026-08-21 10:21:11.295,odometry/filtered,"x:0.000000, y:0.000000, yaw:0.000000, cov_xx:0.001900, cov_yy:0.002007"
2026-08-21 10:21:11.308,robot_status,"ROBOT_STANDBY"
2026-08-21 10:21:11.316,rated_current_left,"0.000000"
2026-08-21 10:21:11.316,rated_current_right,"0.000000"
2026-08-21 10:21:11.325,battery/status,"100.000000%"
2026-08-21 10:21:11.325,safety/left_bumper,"FALSE"
2026-08-21 10:21:11.325,safety/right_bumper,"FALSE"
2026-08-21 10:21:11.325,safety/emergency_button,"FALSE"
2026-08-21 10:21:11.326,safety/suction_switch,"FALSE"
2026-08-21 10:21:11.334,odometry/filtered,"x:0.000000, y:0.000000, yaw:0.000000, cov_xx:0.001968, cov_yy:0.002083"
2026-08-21 10:21:11.342,rated_current_left,"0.000000"
2026-08-21 10:21:11.342,rated_current_right,"0.000000"
2026-08-21 10:21:11.354,odometry/filtered,"x:0.000000, y:0.000000, yaw:0.000000, cov_xx:0.001912, cov_yy:0.002020"
2026-08-21 10:21:11.379,safety/left_bumper,"FALSE"
2026-08-21 10:21:11.379,safety/right_bumper,"FALSE"
2026-08-21 10:21:11.379,safety/emergency_button,"FALSE"
2026-08-21 10:21:11.379,safety/suction_switch,"FALSE"
2026-08-21 10:21:11.380,rated_current_left,"0.000000"
2026-08-21 10:21:11.380,rated_current_right,"0.000000"
2026-08-21 10:21:11.402,odometry/filtered,"x:0.000000, y:0.000000, yaw:0.000000, cov_xx:0.001946, cov_yy:0.002057"
2026-08-21 10:21:11.405,rated_current_left,"0.000000"
2026-08-21 10:21:11.406,rated_current_right,"0.000000"
2026-08-21 10:21:11.415,odometry/filtered,"x:0.000000, y:0.000000, yaw:0.000000, cov_xx:0.001905, cov_yy:0.002013"
2026-08-21 10:21:11.426,safety/left_bumper,"FALSE"
2026-08-21 10:21:11.426,safety/right_bumper,"FALSE"
2026-08-21 10:21:11.426,safety/emergency_button,"FALSE"
2026-08-21 10:21:11.426,safety/suction_switch,"FALSE"
2026-08-21 10:21:11.428,battery/status,"100.000000%"
2026-08-21 10:21:11.434,particle_cloud,"count:800, spread:0.292905"
2026-08-21 10:21:11.438,rated_current_left,"0.000000"
2026-08-21 10:21:11.438,rated_current_right,"0.000000"
2026-08-21 10:21:11.455,odometry/filtered,"x:0.000000, y:0.000000, yaw:0.000000, cov_xx:0.001944, cov_yy:0.002056"
2026-08-21 10:21:11.469,rated_current_left,"0.000000"
2026-08-21 10:21:11.469,rated_current_right,"0.000000"
2026-08-21 10:21:11.478,odometry/filtered,"x:0.000000, y:0.000000, yaw:0.000000, cov_xx:0.001913, cov_yy:0.002021"
2026-08-21 10:21:11.478,safety/left_bumper,"FALSE"
2026-08-21 10:21:11.478,safety/right_bumper,"FALSE"
2026-08-21 10:21:11.478,safety/emergency_button,"FALSE"
2026-08-21 10:21:11.478,safety/suction_switch,"FALSE"
2026-08-21 10:21:11.502,rated_current_left,"0.000000"
2026-08-21 10:21:11.503,rated_current_right,"0.000000"
2026-08-21 10:21:11.515,odometry/filtered,"x:0.000000, y:0.000000, yaw:0.000000, cov_xx:0.001942, cov_yy:0.002053"
2026-08-21 10:21:11.525,battery/status,"100.000000%"
2026-08-21 10:21:11.526,safety/left_bumper,"FALSE"
2026-08-21 10:21:11.526,safety/right_bumper,"FALSE"
2026-08-21 10:21:11.526,safety/emergency_button,"FALSE"
2026-08-21 10:21:11.526,safety/suction_switch,"FALSE"
2026-08-21 10:21:11.535,rated_current_left,"0.000000"
2026-08-21 10:21:11.535,rated_current_right,"0.000000"
2026-08-21 10:21:11.555,odometry/filtered,"x:0.000000, y:0.000000, yaw:0.000000, cov_xx:0.001926, cov_yy:0.002036"
2026-08-21 10:21:11.566,rated_current_left,"0.000000"
2026-08-21 10:21:11.567,rated_current_right,"0.000000"
2026-08-21 10:21:11.575,odometry/filtered,"x:0.000000, y:0.000000, yaw:0.000000, cov_xx:0.001929, cov_yy:0.002039"
2026-08-21 10:21:11.576,safety/left_bumper,"FALSE"
2026-08-21 10:21:11.576,safety/right_bumper,"FALSE"
2026-08-21 10:21:11.576,safety/emergency_button,"FALSE"
2026-08-21 10:21:11.576,safety/suction_switch,"FALSE"
2026-08-21 10:21:11.597,rated_current_left,"0.000000"
2026-08-21 10:21:11.597,rated_current_right,"0.000000"
2026-08-21 10:21:11.605,system_resources,"cpu:61.4%, mem:33.2%, mem_used_mb:2532, mem_total_mb:7619"
2026-08-21 10:21:11.615,odometry/filtered,"x:0.000000, y:0.000000, yaw:0.000000, cov_xx:0.001927, cov_yy:0.002037"
2026-08-21 10:21:11.627,safety/left_bumper,"FALSE"
2026-08-21 10:21:11.627,safety/right_bumper,"FALSE"
2026-08-21 10:21:11.627,safety/emergency_button,"FALSE"
2026-08-21 10:21:11.627,safety/suction_switch,"FALSE"
2026-08-21 10:21:11.627,battery/status,"100.000000%"
2026-08-21 10:21:11.630,rated_current_left,"0.000000"
2026-08-21 10:21:11.631,rated_current_right,"0.000000"
2026-08-21 10:21:11.635,odometry/filtered,"x:0.000000, y:0.000000, yaw:0.000000, cov_xx:0.001937, cov_yy:0.002048"
2026-08-21 10:21:11.637,particle_cloud,"count:800, spread:0.287018"
2026-08-21 10:21:11.661,rated_current_left,"0.000000"
2026-08-21 10:21:11.663,rated_current_right,"0.000000"
2026-08-21 10:21:11.675,safety/emergency_button,"FALSE"
2026-08-21 10:21:11.675,odometry/filtered,"x:0.000000, y:0.000000, yaw:0.000000, cov_xx:0.001926, cov_yy:0.002036"
2026-08-21 10:21:11.675,safety/left_bumper,"FALSE"
2026-08-21 10:21:11.675,safety/right_bumper,"FALSE"
2026-08-21 10:21:11.675,safety/suction_switch,"FALSE"
2026-08-21 10:21:11.694,rated_current_left,"0.000000"
2026-08-21 10:21:11.694,rated_current_right,"0.000000"
2026-08-21 10:21:11.715,odometry/filtered,"x:0.000000, y:0.000000, yaw:0.000000, cov_xx:0.001937, cov_yy:0.002047"
2026-08-21 10:21:11.725,safety/emergency_button,"FALSE"
2026-08-21 10:21:11.725,battery/status,"100.000000%"
2026-08-21 10:21:11.725,safety/left_bumper,"FALSE"
2026-08-21 10:21:11.725,safety/right_bumper,"FALSE"
2026-08-21 10:21:11.725,safety/suction_switch,"FALSE"
2026-08-21 10:21:11.730,rated_current_left,"0.000000"
2026-08-21 10:21:11.730,rated_current_right,"0.000000"
2026-08-21 10:21:11.734,odometry/filtered,"x:0.000000, y:0.000000, yaw:0.000000, cov_xx:0.001978, cov_yy:0.002093"
2026-08-21 10:21:11.756,rated_current_left,"0.000000"
2026-08-21 10:21:11.757,rated_current_right,"0.000000"
2026-08-21 10:21:11.775,odometry/filtered,"x:0.000000, y:0.000000, yaw:0.000000, cov_xx:0.001893, cov_yy:0.001998"
2026-08-21 10:21:11.775,safety/left_bumper,"FALSE"
2026-08-21 10:21:11.775,safety/right_bumper,"FALSE"
2026-08-21 10:21:11.776,safety/emergency_button,"FALSE"
2026-08-21 10:21:11.776,safety/suction_switch,"FALSE"
2026-08-21 10:21:11.791,rated_current_left,"0.000000"
2026-08-21 10:21:11.791,rated_current_right,"0.000000"
2026-08-21 10:21:11.794,odometry/filtered,"x:0.000000, y:0.000000, yaw:0.000000, cov_xx:0.001957, cov_yy:0.002070"
2026-08-21 10:21:11.807,robot_status,"ROBOT_STANDBY"
2026-08-21 10:21:11.823,rated_current_left,"0.000000"
2026-08-21 10:21:11.824,rated_current_right,"0.000000"
2026-08-21 10:21:11.825,safety/emergency_button,"FALSE"
2026-08-21 10:21:11.826,battery/status,"100.000000%"
2026-08-21 10:21:11.826,safety/left_bumper,"FALSE"
2026-08-21 10:21:11.826,safety/right_bumper,"FALSE"
2026-08-21 10:21:11.826,safety/suction_switch,"FALSE"
2026-08-21 10:21:11.834,particle_cloud,"count:800, spread:0.283274"
2026-08-21 10:21:11.835,odometry/filtered,"x:0.000000, y:0.000000, yaw:0.000000, cov_xx:0.001930, cov_yy:0.002039"
2026-08-21 10:21:11.853,rated_current_left,"0.000000"
2026-08-21 10:21:11.854,rated_current_right,"0.000000"
2026-08-21 10:21:11.875,safety/left_bumper,"FALSE"
2026-08-21 10:21:11.875,safety/right_bumper,"FALSE"
2026-08-21 10:21:11.875,safety/emergency_button,"FALSE"
2026-08-21 10:21:11.875,safety/suction_switch,"FALSE"
2026-08-21 10:21:11.877,odometry/filtered,"x:0.000000, y:0.000000, yaw:0.000000, cov_xx:0.001918, cov_yy:0.002027"
2026-08-21 10:21:11.887,rated_current_left,"0.000000"
2026-08-21 10:21:11.887,rated_current_right,"0.000000"
2026-08-21 10:21:11.895,odometry/filtered,"x:0.000000, y:0.000000, yaw:0.000000, cov_xx:0.001932, cov_yy:0.002042"
2026-08-21 10:21:11.918,rated_current_left,"0.000000"
2026-08-21 10:21:11.919,rated_current_right,"0.000000"
2026-08-21 10:21:11.925,safety/left_bumper,"FALSE"
2026-08-21 10:21:11.925,safety/right_bumper,"FALSE"
2026-08-21 10:21:11.925,safety/emergency_button,"FALSE"
2026-08-21 10:21:11.925,safety/suction_switch,"FALSE"
2026-08-21 10:21:11.928,battery/status,"100.000000%"
2026-08-21 10:21:11.935,odometry/filtered,"x:0.000000, y:0.000000, yaw:0.000000, cov_xx:0.001923, cov_yy:0.002032"
2026-08-21 10:21:11.950,rated_current_left,"0.000000"
2026-08-21 10:21:11.951,rated_current_right,"0.000000"
2026-08-21 10:21:11.954,odometry/filtered,"x:0.000000, y:0.000000, yaw:0.000000, cov_xx:0.001946, cov_yy:0.002058"
2026-08-21 10:21:11.975,safety/right_bumper,"FALSE"
2026-08-21 10:21:11.975,safety/emergency_button,"FALSE"
2026-08-21 10:21:11.975,safety/left_bumper,"FALSE"
2026-08-21 10:21:11.975,safety/suction_switch,"FALSE"
2026-08-21 10:21:11.986,rated_current_left,"0.000000"
2026-08-21 10:21:11.986,rated_current_right,"0.000000"
2026-08-21 10:21:11.995,odometry/filtered,"x:0.000000, y:0.000000, yaw:0.000000, cov_xx:0.001978, cov_yy:0.002092"
2026-08-21 10:21:12.012,rated_current_left,"0.000000"
2026-08-21 10:21:12.012,rated_current_right,"0.000000"
2026-08-21 10:21:12.015,odometry/filtered,"x:0.000000, y:0.000000, yaw:0.000000, cov_xx:0.001882, cov_yy:0.001986"
2026-08-21 10:21:12.024,safety/emergency_button,"FALSE"
2026-08-21 10:21:12.025,safety/left_bumper,"FALSE"
2026-08-21 10:21:12.025,safety/right_bumper,"FALSE"
2026-08-21 10:21:12.025,safety/suction_switch,"FALSE"
2026-08-21 10:21:12.025,battery/status,"100.000000%"
2026-08-21 10:21:12.034,particle_cloud,"count:800, spread:0.293890"
2026-08-21 10:21:12.045,rated_current_left,"0.000000"
2026-08-21 10:21:12.046,rated_current_right,"0.000000"
2026-08-21 10:21:12.055,odometry/filtered,"x:0.000000, y:0.000000, yaw:0.000000, cov_xx:0.001921, cov_yy:0.002031"
2026-08-21 10:21:12.075,safety/left_bumper,"FALSE"
2026-08-21 10:21:12.075,safety/right_bumper,"FALSE"
2026-08-21 10:21:12.075,safety/emergency_button,"FALSE"
2026-08-21 10:21:12.075,safety/suction_switch,"FALSE"
2026-08-21 10:21:12.078,rated_current_left,"0.000000"
2026-08-21 10:21:12.079,rated_current_right,"0.000000"
2026-08-21 10:21:12.095,odometry/filtered,"x:0.000000, y:0.000000, yaw:0.000000, cov_xx:0.001931, cov_yy:0.002041"
2026-08-21 10:21:12.109,rated_current_left,"0.000000"
2026-08-21 10:21:12.109,rated_current_right,"0.000000"
2026-08-21 10:21:12.115,odometry/filtered,"x:0.000000, y:0.000000, yaw:0.000000, cov_xx:0.001927, cov_yy:0.002037"
2026-08-21 10:21:12.124,safety/emergency_button,"FALSE"
2026-08-21 10:21:12.125,safety/left_bumper,"FALSE"
2026-08-21 10:21:12.125,safety/right_bumper,"FALSE"
2026-08-21 10:21:12.125,safety/suction_switch,"FALSE"
2026-08-21 10:21:12.125,battery/status,"100.000000%"
2026-08-21 10:21:12.142,rated_current_left,"0.000000"
2026-08-21 10:21:12.142,rated_current_right,"0.000000"
2026-08-21 10:21:12.154,odometry/filtered,"x:0.000000, y:0.000000, yaw:0.000000, cov_xx:0.001948, cov_yy:0.002060"
2026-08-21 10:21:12.173,rated_current_left,"0.000000"
2026-08-21 10:21:12.173,rated_current_right,"0.000000"
2026-08-21 10:21:12.175,safety/left_bumper,"FALSE"
2026-08-21 10:21:12.175,safety/right_bumper,"FALSE"
2026-08-21 10:21:12.175,safety/emergency_button,"FALSE"
2026-08-21 10:21:12.175,safety/suction_switch,"FALSE"
2026-08-21 10:21:12.195,odometry/filtered,"x:0.000000, y:0.000000, yaw:0.000000, cov_xx:0.001923, cov_yy:0.002032"
2026-08-21 10:21:12.206,rated_current_left,"0.000000"
2026-08-21 10:21:12.220,rated_current_right,"0.000000"
2026-08-21 10:21:12.229,battery/status,"100.000000%"
2026-08-21 10:21:12.229,safety/left_bumper,"FALSE"
2026-08-21 10:21:12.230,safety/right_bumper,"FALSE"
2026-08-21 10:21:12.230,safety/emergency_button,"FALSE"
2026-08-21 10:21:12.230,safety/suction_switch,"FALSE"
2026-08-21 10:21:12.234,particle_cloud,"count:800, spread:0.288523"
2026-08-21 10:21:12.235,odometry/filtered,"x:0.000000, y:0.000000, yaw:0.000000, cov_xx:0.001941, cov_yy:0.002052"
2026-08-21 10:21:12.240,rated_current_left,"0.000000"
2026-08-21 10:21:12.240,rated_current_right,"0.000000"
2026-08-21 10:21:12.255,odometry/filtered,"x:0.000000, y:0.000000, yaw:0.000000, cov_xx:0.001915, cov_yy:0.002023"
2026-08-21 10:21:12.271,rated_current_left,"0.000000"
2026-08-21 10:21:12.271,rated_current_right,"0.000000"
2026-08-21 10:21:12.274,odometry/filtered,"x:0.000000, y:0.000000, yaw:0.000000, cov_xx:0.001909, cov_yy:0.002016"
2026-08-21 10:21:12.277,safety/emergency_button,"FALSE"
2026-08-21 10:21:12.277,safety/left_bumper,"FALSE"
2026-08-21 10:21:12.277,safety/right_bumper,"FALSE"
2026-08-21 10:21:12.277,safety/suction_switch,"FALSE"
2026-08-21 10:21:12.300,rated_current_left,"0.000000"
2026-08-21 10:21:12.300,rated_current_right,"0.000000"
2026-08-21 10:21:12.314,robot_status,"ROBOT_STANDBY"
2026-08-21 10:21:12.315,odometry/filtered,"x:0.000000, y:0.000000, yaw:0.000000, cov_xx:0.001931, cov_yy:0.002041"
2026-08-21 10:21:12.325,safety/emergency_button,"FALSE"
2026-08-21 10:21:12.325,safety/left_bumper,"FALSE"
2026-08-21 10:21:12.325,safety/right_bumper,"FALSE"
2026-08-21 10:21:12.325,safety/suction_switch,"FALSE"
2026-08-21 10:21:12.325,battery/status,"100.000000%"
2026-08-21 10:21:12.332,rated_current_left,"0.000000"
2026-08-21 10:21:12.333,rated_current_right,"0.000000"
2026-08-21 10:21:12.335,odometry/filtered,"x:0.000000, y:0.000000, yaw:0.000000, cov_xx:0.001943, cov_yy:0.002054"
2026-08-21 10:21:12.364,rated_current_left,"0.000000"
2026-08-21 10:21:12.364,rated_current_right,"0.000000"
2026-08-21 10:21:12.375,odometry/filtered,"x:0.000000, y:0.000000, yaw:0.000000, cov_xx:0.001934, cov_yy:0.002045"
2026-08-21 10:21:12.375,safety/left_bumper,"FALSE"
2026-08-21 10:21:12.375,safety/right_bumper,"FALSE"
2026-08-21 10:21:12.375,safety/emergency_button,"FALSE"
2026-08-21 10:21:12.375,safety/suction_switch,"FALSE"
2026-08-21 10:21:12.402,rated_current_left,"0.000000"
2026-08-21 10:21:12.402,rated_current_right,"0.000000"
2026-08-21 10:21:12.414,odometry/filtered,"x:0.000000, y:0.000000, yaw:0.000000, cov_xx:0.002023, cov_yy:0.002143"
2026-08-21 10:21:12.427,safety/left_bumper,"FALSE"
2026-08-21 10:21:12.427,safety/right_bumper,"FALSE"
2026-08-21 10:21:12.427,safety/emergency_button,"FALSE"
2026-08-21 10:21:12.427,safety/suction_switch,"FALSE"
2026-08-21 10:21:12.427,battery/status,"100.000000%"
2026-08-21 10:21:12.428,rated_current_left,"0.000000"
2026-08-21 10:21:12.428,rated_current_right,"0.000000"
2026-08-21 10:21:12.434,particle_cloud,"count:800, spread:0.283025"
2026-08-21 10:21:12.434,odometry/filtered,"x:0.000000, y:0.000000, yaw:0.000000, cov_xx:0.001876, cov_yy:0.001980"
2026-08-21 10:21:12.459,rated_current_left,"0.000000"
2026-08-21 10:21:12.459,rated_current_right,"0.000000"
2026-08-21 10:21:12.475,odometry/filtered,"x:0.000000, y:0.000000, yaw:0.000000, cov_xx:0.001893, cov_yy:0.001998"
2026-08-21 10:21:12.476,safety/left_bumper,"FALSE"
2026-08-21 10:21:12.476,safety/right_bumper,"FALSE"
2026-08-21 10:21:12.476,safety/emergency_button,"FALSE"
2026-08-21 10:21:12.476,safety/suction_switch,"FALSE"
2026-08-21 10:21:12.491,rated_current_left,"0.000000"
2026-08-21 10:21:12.493,rated_current_right,"0.000000"
2026-08-21 10:21:12.516,odometry/filtered,"x:0.000000, y:0.000000, yaw:0.000000, cov_xx:0.001921, cov_yy:0.002030"
2026-08-21 10:21:12.524,rated_current_left,"0.000000"
2026-08-21 10:21:12.526,battery/status,"100.000000%"
2026-08-21 10:21:12.527,safety/left_bumper,"FALSE"
2026-08-21 10:21:12.527,safety/right_bumper,"FALSE"
2026-08-21 10:21:12.527,safety/emergency_button,"FALSE"
2026-08-21 10:21:12.527,safety/suction_switch,"FALSE"
2026-08-21 10:21:12.527,rated_current_right,"0.000000"
2026-08-21 10:21:12.535,odometry/filtered,"x:0.000000, y:0.000000, yaw:0.000000, cov_xx:0.001933, cov_yy:0.002044"
2026-08-21 10:21:12.555,rated_current_left,"0.000000"
2026-08-21 10:21:12.556,rated_current_right,"0.000000"
2026-08-21 10:21:12.575,odometry/filtered,"x:0.000000, y:0.000000, yaw:0.000000, cov_xx:0.001934, cov_yy:0.002044"
2026-08-21 10:21:12.575,safety/left_bumper,"FALSE"
2026-08-21 10:21:12.575,safety/right_bumper,"FALSE"
2026-08-21 10:21:12.575,safety/emergency_button,"FALSE"
2026-08-21 10:21:12.575,safety/suction_switch,"FALSE"
2026-08-21 10:21:12.589,rated_current_left,"0.000000"
2026-08-21 10:21:12.589,rated_current_right,"0.000000"
2026-08-21 10:21:12.595,odometry/filtered,"x:0.000000, y:0.000000, yaw:0.000000, cov_xx:0.001931, cov_yy:0.002042"
2026-08-21 10:21:12.619,rated_current_left,"0.000000"
2026-08-21 10:21:12.619,rated_current_right,"0.000000"
2026-08-21 10:21:12.625,battery/status,"100.000000%"
2026-08-21 10:21:12.625,safety/left_bumper,"FALSE"
2026-08-21 10:21:12.626,safety/right_bumper,"FALSE"
2026-08-21 10:21:12.626,safety/emergency_button,"FALSE"
2026-08-21 10:21:12.626,safety/suction_switch,"FALSE"
2026-08-21 10:21:12.634,particle_cloud,"count:800, spread:0.285163"
2026-08-21 10:21:12.634,odometry/filtered,"x:0.000000, y:0.000000, yaw:0.000000, cov_xx:0.001928, cov_yy:0.002038"
2026-08-21 10:21:12.651,rated_current_left,"0.000000"
2026-08-21 10:21:12.651,rated_current_right,"0.000000"
2026-08-21 10:21:12.654,odometry/filtered,"x:0.000000, y:0.000000, yaw:0.000000, cov_xx:0.001926, cov_yy:0.002035"
2026-08-21 10:21:12.675,safety/emergency_button,"FALSE"
2026-08-21 10:21:12.675,safety/left_bumper,"FALSE"
2026-08-21 10:21:12.675,safety/right_bumper,"FALSE"
2026-08-21 10:21:12.675,safety/suction_switch,"FALSE"
2026-08-21 10:21:12.683,rated_current_left,"0.000000"
2026-08-21 10:21:12.683,rated_current_right,"0.000000"
2026-08-21 10:21:12.695,odometry/filtered,"x:0.000000, y:0.000000, yaw:0.000000, cov_xx:0.002051, cov_yy:0.002174"
2026-08-21 10:21:12.716,rated_current_left,"0.000000"
2026-08-21 10:21:12.717,rated_current_right,"0.000000"
2026-08-21 10:21:12.724,safety/emergency_button,"FALSE"
2026-08-21 10:21:12.724,safety/left_bumper,"FALSE"
2026-08-21 10:21:12.724,safety/right_bumper,"FALSE"
2026-08-21 10:21:12.725,safety/suction_switch,"FALSE"
2026-08-21 10:21:12.725,battery/status,"100.000000%"
2026-08-21 10:21:12.734,odometry/filtered,"x:0.000000, y:0.000000, yaw:0.000000, cov_xx:0.001873, cov_yy:0.001976"
2026-08-21 10:21:12.748,rated_current_left,"0.000000"
2026-08-21 10:21:12.749,rated_current_right,"0.000000"
2026-08-21 10:21:12.755,odometry/filtered,"x:0.000000, y:0.000000, yaw:0.000000, cov_xx:0.001897, cov_yy:0.002003"
2026-08-21 10:21:12.774,safety/left_bumper,"FALSE"
2026-08-21 10:21:12.774,safety/right_bumper,"FALSE"
2026-08-21 10:21:12.775,safety/emergency_button,"FALSE"
2026-08-21 10:21:12.775,safety/suction_switch,"FALSE"
2026-08-21 10:21:12.781,rated_current_left,"0.000000"
2026-08-21 10:21:12.782,rated_current_right,"0.000000"
2026-08-21 10:21:12.795,odometry/filtered,"x:0.000000, y:0.000000, yaw:0.000000, cov_xx:0.001951, cov_yy:0.002063"
2026-08-21 10:21:12.807,robot_status,"ROBOT_STANDBY"
2026-08-21 10:21:12.811,rated_current_left,"0.000000"
2026-08-21 10:21:12.813,rated_current_right,"0.000000"
2026-08-21 10:21:12.816,odometry/filtered,"x:0.000000, y:0.000000, yaw:0.000000, cov_xx:0.001898, cov_yy:0.002004"
2026-08-21 10:21:12.825,battery/status,"100.000000%"
2026-08-21 10:21:12.825,safety/left_bumper,"FALSE"
2026-08-21 10:21:12.825,safety/right_bumper,"FALSE"
2026-08-21 10:21:12.825,safety/emergency_button,"FALSE"
2026-08-21 10:21:12.825,safety/suction_switch,"FALSE"
2026-08-21 10:21:12.835,particle_cloud,"count:800, spread:0.288952"
2026-08-21 10:21:12.843,rated_current_left,"0.000000"
2026-08-21 10:21:12.843,rated_current_right,"0.000000"
2026-08-21 10:21:12.854,odometry/filtered,"x:0.000000, y:0.000000, yaw:0.000000, cov_xx:0.001928, cov_yy:0.002037"
2026-08-21 10:21:12.874,safety/left_bumper,"FALSE"
2026-08-21 10:21:12.874,safety/right_bumper,"FALSE"
2026-08-21 10:21:12.874,safety/emergency_button,"FALSE"
2026-08-21 10:21:12.874,safety/suction_switch,"FALSE"
2026-08-21 10:21:12.875,rated_current_left,"0.000000"
2026-08-21 10:21:12.875,rated_current_right,"0.000000"
2026-08-21 10:21:12.895,odometry/filtered,"x:0.000000, y:0.000000, yaw:0.000000, cov_xx:0.001989, cov_yy:0.002105"
2026-08-21 10:21:12.909,rated_current_left,"0.000000"
2026-08-21 10:21:12.909,rated_current_right,"0.000000"
2026-08-21 10:21:12.915,odometry/filtered,"x:0.000000, y:0.000000, yaw:0.000000, cov_xx:0.001907, cov_yy:0.002014"
2026-08-21 10:21:12.924,battery/status,"100.000000%"
2026-08-21 10:21:12.924,safety/left_bumper,"FALSE"
2026-08-21 10:21:12.925,safety/right_bumper,"FALSE"
2026-08-21 10:21:12.925,safety/emergency_button,"FALSE"
2026-08-21 10:21:12.925,safety/suction_switch,"FALSE"
2026-08-21 10:21:12.940,rated_current_left,"0.000000"
2026-08-21 10:21:12.940,rated_current_right,"0.000000"
2026-08-21 10:21:12.954,odometry/filtered,"x:0.000000, y:0.000000, yaw:0.000000, cov_xx:0.001922, cov_yy:0.002031"
2026-08-21 10:21:12.971,rated_current_left,"0.000000"
2026-08-21 10:21:12.971,rated_current_right,"0.000000"
2026-08-21 10:21:12.974,safety/left_bumper,"FALSE"
2026-08-21 10:21:12.974,safety/right_bumper,"FALSE"
2026-08-21 10:21:12.975,safety/emergency_button,"FALSE"
2026-08-21 10:21:12.975,safety/suction_switch,"FALSE"
2026-08-21 10:21:12.975,odometry/filtered,"x:0.000000, y:0.000000, yaw:0.000000, cov_xx:0.001900, cov_yy:0.002006"
2026-08-21 10:21:13.001,rated_current_left,"0.000000"
2026-08-21 10:21:13.002,rated_current_right,"0.000000"
2026-08-21 10:21:13.015,odometry/filtered,"x:0.000000, y:0.000000, yaw:0.000000, cov_xx:0.001915, cov_yy:0.002024"
2026-08-21 10:21:13.024,safety/left_bumper,"FALSE"
2026-08-21 10:21:13.024,safety/right_bumper,"FALSE"
2026-08-21 10:21:13.025,safety/emergency_button,"FALSE"
2026-08-21 10:21:13.025,safety/suction_switch,"FALSE"
2026-08-21 10:21:13.025,battery/status,"100.000000%"
2026-08-21 10:21:13.034,particle_cloud,"count:800, spread:0.293811"
2026-08-21 10:21:13.035,rated_current_left,"0.000000"
2026-08-21 10:21:13.035,rated_current_right,"0.000000"
2026-08-21 10:21:13.054,odometry/filtered,"x:0.000000, y:0.000000, yaw:0.000000, cov_xx:0.001943, cov_yy:0.002055"
2026-08-21 10:21:13.068,rated_current_left,"0.000000"
2026-08-21 10:21:13.069,rated_current_right,"0.000000"
2026-08-21 10:21:13.074,safety/left_bumper,"FALSE"
2026-08-21 10:21:13.074,safety/right_bumper,"FALSE"
2026-08-21 10:21:13.074,safety/emergency_button,"FALSE"
2026-08-21 10:21:13.074,safety/suction_switch,"FALSE"
2026-08-21 10:21:13.075,odometry/filtered,"x:0.000000, y:0.000000, yaw:0.000000, cov_xx:0.001952, cov_yy:0.002064"
2026-08-21 10:21:13.099,rated_current_left,"0.000000"
2026-08-21 10:21:13.099,rated_current_right,"0.000000"
2026-08-21 10:21:13.114,odometry/filtered,"x:0.000000, y:0.000000, yaw:0.000000, cov_xx:0.001930, cov_yy:0.002040"
2026-08-21 10:21:13.124,safety/emergency_button,"FALSE"
2026-08-21 10:21:13.125,battery/status,"100.000000%"
2026-08-21 10:21:13.125,safety/left_bumper,"FALSE"
2026-08-21 10:21:13.125,safety/right_bumper,"FALSE"
2026-08-21 10:21:13.125,safety/suction_switch,"FALSE"
2026-08-21 10:21:13.130,rated_current_left,"0.000000"
2026-08-21 10:21:13.131,rated_current_right,"0.000000"
2026-08-21 10:21:13.134,odometry/filtered,"x:0.000000, y:0.000000, yaw:0.000000, cov_xx:0.001928, cov_yy:0.002038"
2026-08-21 10:21:13.162,rated_current_left,"0.000000"
2026-08-21 10:21:13.162,rated_current_right,"0.000000"
2026-08-21 10:21:13.175,odometry/filtered,"x:0.000000, y:0.000000, yaw:0.000000, cov_xx:0.001921, cov_yy:0.002030"
2026-08-21 10:21:13.175,safety/left_bumper,"FALSE"
2026-08-21 10:21:13.175,safety/right_bumper,"FALSE"
2026-08-21 10:21:13.175,safety/emergency_button,"FALSE"
2026-08-21 10:21:13.175,safety/suction_switch,"FALSE"
2026-08-21 10:21:13.196,rated_current_left,"0.000000"
2026-08-21 10:21:13.196,rated_current_right,"0.000000"
2026-08-21 10:21:13.215,odometry/filtered,"x:0.000000, y:0.000000, yaw:0.000000, cov_xx:0.001958, cov_yy:0.002071"
2026-08-21 10:21:13.224,safety/left_bumper,"FALSE"
2026-08-21 10:21:13.224,safety/right_bumper,"FALSE"
2026-08-21 10:21:13.224,safety/emergency_button,"FALSE"
2026-08-21 10:21:13.225,safety/suction_switch,"FALSE"
2026-08-21 10:21:13.226,battery/status,"100.000000%"
2026-08-21 10:21:13.229,rated_current_left,"0.000000"
2026-08-21 10:21:13.229,rated_current_right,"0.000000"
2026-08-21 10:21:13.234,odometry/filtered,"x:0.000000, y:0.000000, yaw:0.000000, cov_xx:0.001938, cov_yy:0.002048"
2026-08-21 10:21:13.236,particle_cloud,"count:800, spread:0.283598"
2026-08-21 10:21:13.259,rated_current_left,"0.000000"
2026-08-21 10:21:13.260,rated_current_right,"0.000000"
2026-08-21 10:21:13.274,safety/left_bumper,"FALSE"
2026-08-21 10:21:13.274,safety/right_bumper,"FALSE"
2026-08-21 10:21:13.274,safety/emergency_button,"FALSE"
2026-08-21 10:21:13.274,safety/suction_switch,"FALSE"
2026-08-21 10:21:13.274,odometry/filtered,"x:0.000000, y:0.000000, yaw:0.000000, cov_xx:0.001918, cov_yy:0.002026"
2026-08-21 10:21:13.294,rated_current_left,"0.000000"
2026-08-21 10:21:13.294,rated_current_right,"0.000000"
2026-08-21 10:21:13.307,robot_status,"ROBOT_STANDBY"
2026-08-21 10:21:13.315,odometry/filtered,"x:0.000000, y:0.000000, yaw:0.000000, cov_xx:0.001956, cov_yy:0.002069"
2026-08-21 10:21:13.322,rated_current_left,"0.000000"
2026-08-21 10:21:13.324,safety/emergency_button,"FALSE"
2026-08-21 10:21:13.327,battery/status,"100.000000%"
2026-08-21 10:21:13.327,safety/left_bumper,"FALSE"
2026-08-21 10:21:13.327,safety/right_bumper,"FALSE"
2026-08-21 10:21:13.327,safety/suction_switch,"FALSE"
2026-08-21 10:21:13.327,rated_current_right,"0.000000"
2026-08-21 10:21:13.335,odometry/filtered,"x:0.000000, y:0.000000, yaw:0.000000, cov_xx:0.001911, cov_yy:0.002019"
2026-08-21 10:21:13.354,rated_current_left,"0.000000"
2026-08-21 10:21:13.355,rated_current_right,"0.000000"
2026-08-21 10:21:13.374,safety/left_bumper,"FALSE"
2026-08-21 10:21:13.374,safety/right_bumper,"FALSE"
2026-08-21 10:21:13.374,safety/emergency_button,"FALSE"
2026-08-21 10:21:13.374,safety/suction_switch,"FALSE"
2026-08-21 10:21:13.380,odometry/filtered,"x:0.000000, y:0.000000, yaw:0.000000, cov_xx:0.001925, cov_yy:0.002034"
2026-08-21 10:21:13.388,rated_current_left,"0.000000"
2026-08-21 10:21:13.388,rated_current_right,"0.000000"
2026-08-21 10:21:13.395,odometry/filtered,"x:0.000000, y:0.000000, yaw:0.000000, cov_xx:0.001947, cov_yy:0.002059"
2026-08-21 10:21:13.418,rated_current_left,"0.000000"
2026-08-21 10:21:13.418,rated_current_right,"0.000000"
2026-08-21 10:21:13.425,safety/emergency_button,"FALSE"
2026-08-21 10:21:13.425,battery/status,"100.000000%"
2026-08-21 10:21:13.425,safety/left_bumper,"FALSE"
2026-08-21 10:21:13.425,safety/right_bumper,"FALSE"
2026-08-21 10:21:13.425,safety/suction_switch,"FALSE"
2026-08-21 10:21:13.433,particle_cloud,"count:800, spread:0.287567"
2026-08-21 10:21:13.434,odometry/filtered,"x:0.000000, y:0.000000, yaw:0.000000, cov_xx:0.001910, cov_yy:0.002018"
2026-08-21 10:21:13.449,rated_current_left,"0.000000"
2026-08-21 10:21:13.449,rated_current_right,"0.000000"
2026-08-21 10:21:13.454,odometry/filtered,"x:0.000000, y:0.000000, yaw:0.000000, cov_xx:0.001907, cov_yy:0.002015"
2026-08-21 10:21:13.475,safety/emergency_button,"FALSE"
2026-08-21 10:21:13.475,safety/left_bumper,"FALSE"
2026-08-21 10:21:13.475,safety/right_bumper,"FALSE"
2026-08-21 10:21:13.475,safety/suction_switch,"FALSE"
2026-08-21 10:21:13.481,rated_current_left,"0.000000"
2026-08-21 10:21:13.481,rated_current_right,"0.000000"
2026-08-21 10:21:13.494,odometry/filtered,"x:0.000000, y:0.000000, yaw:0.000000, cov_xx:0.001936, cov_yy:0.002047"
2026-08-21 10:21:13.513,rated_current_left,"0.000000"
2026-08-21 10:21:13.513,rated_current_right,"0.000000"
2026-08-21 10:21:13.524,safety/emergency_button,"FALSE"
2026-08-21 10:21:13.524,safety/left_bumper,"FALSE"
2026-08-21 10:21:13.524,safety/right_bumper,"FALSE"
2026-08-21 10:21:13.524,safety/suction_switch,"FALSE"
2026-08-21 10:21:13.524,battery/status,"100.000000%"
2026-08-21 10:21:13.535,odometry/filtered,"x:0.000000, y:0.000000, yaw:0.000000, cov_xx:0.001934, cov_yy:0.002045"
2026-08-21 10:21:13.545,rated_current_left,"0.000000"
2026-08-21 10:21:13.545,rated_current_right,"0.000000"
2026-08-21 10:21:13.554,odometry/filtered,"x:0.000000, y:0.000000, yaw:0.000000, cov_xx:0.001929, cov_yy:0.002038"
2026-08-21 10:21:13.574,safety/emergency_button,"FALSE"
2026-08-21 10:21:13.574,safety/left_bumper,"FALSE"
2026-08-21 10:21:13.574,safety/right_bumper,"FALSE"
2026-08-21 10:21:13.574,safety/suction_switch,"FALSE"
2026-08-21 10:21:13.577,rated_current_left,"0.000000"
2026-08-21 10:21:13.577,rated_current_right,"0.000000"
2026-08-21 10:21:13.594,odometry/filtered,"x:0.000000, y:0.000000, yaw:0.000000, cov_xx:0.001926, cov_yy:0.002036"
2026-08-21 10:21:13.609,rated_current_left,"0.000000"
2026-08-21 10:21:13.610,rated_current_right,"0.000000"
2026-08-21 10:21:13.614,odometry/filtered,"x:0.000000, y:0.000000, yaw:0.000000, cov_xx:0.001945, cov_yy:0.002057"
2026-08-21 10:21:13.627,safety/left_bumper,"FALSE"
2026-08-21 10:21:13.627,safety/right_bumper,"FALSE"
2026-08-21 10:21:13.627,safety/emergency_button,"FALSE"
2026-08-21 10:21:13.627,safety/suction_switch,"FALSE"
2026-08-21 10:21:13.629,battery/status,"100.000000%"
2026-08-21 10:21:13.633,particle_cloud,"count:800, spread:0.280340"
2026-08-21 10:21:13.641,rated_current_left,"0.000000"
2026-08-21 10:21:13.641,rated_current_right,"0.000000"
2026-08-21 10:21:13.654,odometry/filtered,"x:0.000000, y:0.000000, yaw:0.000000, cov_xx:0.001938, cov_yy:0.002049"
2026-08-21 10:21:13.673,rated_current_left,"0.000000"
2026-08-21 10:21:13.673,rated_current_right,"0.000000"
2026-08-21 10:21:13.674,odometry/filtered,"x:0.000000, y:0.000000, yaw:0.000000, cov_xx:0.001922, cov_yy:0.002030"
2026-08-21 10:21:13.674,safety/emergency_button,"FALSE"
2026-08-21 10:21:13.675,safety/left_bumper,"FALSE"
2026-08-21 10:21:13.675,safety/right_bumper,"FALSE"
2026-08-21 10:21:13.675,safety/suction_switch,"FALSE"
2026-08-21 10:21:13.705,rated_current_left,"0.000000"
2026-08-21 10:21:13.705,rated_current_right,"0.000000"
2026-08-21 10:21:13.714,odometry/filtered,"x:0.000000, y:0.000000, yaw:0.000000, cov_xx:0.001928, cov_yy:0.002038"
2026-08-21 10:21:13.724,safety/right_bumper,"FALSE"
2026-08-21 10:21:13.724,safety/emergency_button,"FALSE"
2026-08-21 10:21:13.724,battery/status,"100.000000%"
2026-08-21 10:21:13.724,safety/left_bumper,"FALSE"
2026-08-21 10:21:13.724,safety/suction_switch,"FALSE"
2026-08-21 10:21:13.740,rated_current_left,"0.000000"
2026-08-21 10:21:13.741,rated_current_right,"0.000000"
2026-08-21 10:21:13.755,odometry/filtered,"x:0.000000, y:0.000000, yaw:0.000000, cov_xx:0.001972, cov_yy:0.002086"
2026-08-21 10:21:13.769,rated_current_left,"0.000000"
2026-08-21 10:21:13.770,rated_current_right,"0.000000"
2026-08-21 10:21:13.774,safety/left_bumper,"FALSE"
2026-08-21 10:21:13.774,safety/right_bumper,"FALSE"
2026-08-21 10:21:13.774,safety/emergency_button,"FALSE"
2026-08-21 10:21:13.774,safety/suction_switch,"FALSE"
2026-08-21 10:21:13.776,odometry/filtered,"x:0.000000, y:0.000000, yaw:0.000000, cov_xx:0.001908, cov_yy:0.002015"
2026-08-21 10:21:13.800,rated_current_left,"0.000000"
2026-08-21 10:21:13.800,rated_current_right,"0.000000"
2026-08-21 10:21:13.808,robot_status,"ROBOT_STANDBY"
2026-08-21 10:21:13.815,odometry/filtered,"x:0.000000, y:0.000000, yaw:0.000000, cov_xx:0.001907, cov_yy:0.002015"
2026-08-21 10:21:13.824,safety/right_bumper,"FALSE"
2026-08-21 10:21:13.824,safety/emergency_button,"FALSE"
2026-08-21 10:21:13.824,safety/left_bumper,"FALSE"
2026-08-21 10:21:13.824,safety/suction_switch,"FALSE"
2026-08-21 10:21:13.824,battery/status,"100.000000%"
2026-08-21 10:21:13.832,rated_current_left,"0.000000"
2026-08-21 10:21:13.833,rated_current_right,"0.000000"
2026-08-21 10:21:13.834,particle_cloud,"count:800, spread:0.287246"
2026-08-21 10:21:13.834,odometry/filtered,"x:0.000000, y:0.000000, yaw:0.000000, cov_xx:0.001934, cov_yy:0.002044"
2026-08-21 10:21:13.864,rated_current_left,"0.000000"
2026-08-21 10:21:13.865,rated_current_right,"0.000000"
2026-08-21 10:21:13.883,odometry/filtered,"x:0.000000, y:0.000000, yaw:0.000000, cov_xx:0.001927, cov_yy:0.002037"
2026-08-21 10:21:13.883,safety/left_bumper,"FALSE"
2026-08-21 10:21:13.883,safety/right_bumper,"FALSE"
2026-08-21 10:21:13.883,safety/emergency_button,"FALSE"
2026-08-21 10:21:13.883,safety/suction_switch,"FALSE"
2026-08-21 10:21:13.900,rated_current_left,"0.000000"
2026-08-21 10:21:13.900,rated_current_right,"0.000000"
2026-08-21 10:21:13.914,odometry/filtered,"x:0.000000, y:0.000000, yaw:0.000000, cov_xx:0.001976, cov_yy:0.002091"
2026-08-21 10:21:13.924,safety/left_bumper,"FALSE"
2026-08-21 10:21:13.925,safety/right_bumper,"FALSE"
2026-08-21 10:21:13.925,safety/emergency_button,"FALSE"
2026-08-21 10:21:13.925,safety/suction_switch,"FALSE"
2026-08-21 10:21:13.926,battery/status,"100.000000%"
2026-08-21 10:21:13.932,rated_current_left,"0.000000"
2026-08-21 10:21:13.932,rated_current_right,"0.000000"
2026-08-21 10:21:13.934,odometry/filtered,"x:0.000000, y:0.000000, yaw:0.000000, cov_xx:0.001937, cov_yy:0.002047"
2026-08-21 10:21:13.960,rated_current_left,"0.000000"
2026-08-21 10:21:13.961,rated_current_right,"0.000000"
2026-08-21 10:21:13.974,safety/emergency_button,"FALSE"
2026-08-21 10:21:13.974,safety/left_bumper,"FALSE"
2026-08-21 10:21:13.974,safety/right_bumper,"FALSE"
2026-08-21 10:21:13.974,safety/suction_switch,"FALSE"
2026-08-21 10:21:13.975,odometry/filtered,"x:0.000000, y:0.000000, yaw:0.000000, cov_xx:0.001916, cov_yy:0.002024"
2026-08-21 10:21:13.993,rated_current_left,"0.000000"
2026-08-21 10:21:13.996,rated_current_right,"0.000000"
2026-08-21 10:21:13.997,odometry/filtered,"x:0.000000, y:0.000000, yaw:0.000000, cov_xx:0.001909, cov_yy:0.002017"
2026-08-21 10:21:14.024,safety/right_bumper,"FALSE"
2026-08-21 10:21:14.025,safety/emergency_button,"FALSE"
2026-08-21 10:21:14.025,battery/status,"100.000000%"
2026-08-21 10:21:14.025,safety/left_bumper,"FALSE"
2026-08-21 10:21:14.025,safety/suction_switch,"FALSE"
2026-08-21 10:21:14.029,rated_current_left,"0.000000"
2026-08-21 10:21:14.029,rated_current_right,"0.000000"
2026-08-21 10:21:14.033,particle_cloud,"count:800, spread:0.278987"
2026-08-21 10:21:14.034,odometry/filtered,"x:0.000000, y:0.000000, yaw:0.000000, cov_xx:0.002006, cov_yy:0.002123"
2026-08-21 10:21:14.057,rated_current_left,"0.000000"
2026-08-21 10:21:14.057,rated_current_right,"0.000000"
2026-08-21 10:21:14.075,odometry/filtered,"x:0.000000, y:0.000000, yaw:0.000000, cov_xx:0.001899, cov_yy:0.002005"
2026-08-21 10:21:14.075,safety/left_bumper,"FALSE"
2026-08-21 10:21:14.075,safety/right_bumper,"FALSE"
2026-08-21 10:21:14.075,safety/emergency_button,"FALSE"
2026-08-21 10:21:14.075,safety/suction_switch,"FALSE"
2026-08-21 10:21:14.093,rated_current_left,"0.000000"
2026-08-21 10:21:14.093,rated_current_right,"0.000000"
2026-08-21 10:21:14.094,odometry/filtered,"x:0.000000, y:0.000000, yaw:0.000000, cov_xx:0.001963, cov_yy:0.002076"
2026-08-21 10:21:14.122,rated_current_left,"0.000000"
2026-08-21 10:21:14.123,rated_current_right,"0.000000"
2026-08-21 10:21:14.124,battery/status,"100.000000%"
2026-08-21 10:21:14.124,safety/left_bumper,"FALSE"
2026-08-21 10:21:14.124,safety/right_bumper,"FALSE"
2026-08-21 10:21:14.124,safety/emergency_button,"FALSE"
2026-08-21 10:21:14.124,safety/suction_switch,"FALSE"
2026-08-21 10:21:14.135,odometry/filtered,"x:0.000000, y:0.000000, yaw:0.000000, cov_xx:0.001886, cov_yy:0.001991"
2026-08-21 10:21:14.151,rated_current_left,"0.000000"
2026-08-21 10:21:14.151,rated_current_right,"0.000000"
2026-08-21 10:21:14.154,odometry/filtered,"x:0.000000, y:0.000000, yaw:0.000000, cov_xx:0.001897, cov_yy:0.002004"
2026-08-21 10:21:14.174,safety/emergency_button,"FALSE"
2026-08-21 10:21:14.174,safety/left_bumper,"FALSE"
2026-08-21 10:21:14.174,safety/right_bumper,"FALSE"
2026-08-21 10:21:14.174,safety/suction_switch,"FALSE"
2026-08-21 10:21:14.186,rated_current_left,"0.000000"
2026-08-21 10:21:14.186,rated_current_right,"0.000000"
2026-08-21 10:21:14.197,odometry/filtered,"x:0.000000, y:0.000000, yaw:0.000000, cov_xx:0.001925, cov_yy:0.002035"
2026-08-21 10:21:14.218,rated_current_left,"0.000000"
2026-08-21 10:21:14.218,rated_current_right,"0.000000"
2026-08-21 10:21:14.223,safety/left_bumper,"FALSE"
2026-08-21 10:21:14.224,safety/right_bumper,"FALSE"
2026-08-21 10:21:14.224,safety/emergency_button,"FALSE"
2026-08-21 10:21:14.224,safety/suction_switch,"FALSE"
2026-08-21 10:21:14.224,battery/status,"100.000000%"
2026-08-21 10:21:14.234,particle_cloud,"count:800, spread:0.291103"
2026-08-21 10:21:14.239,odometry/filtered,"x:0.000000, y:0.000000, yaw:0.000000, cov_xx:0.001944, cov_yy:0.002056"
2026-08-21 10:21:14.250,rated_current_left,"0.000000"
2026-08-21 10:21:14.250,rated_current_right,"0.000000"
2026-08-21 10:21:14.254,odometry/filtered,"x:0.000000, y:0.000000, yaw:0.000000, cov_xx:0.001933, cov_yy:0.002043"
2026-08-21 10:21:14.274,safety/emergency_button,"FALSE"
2026-08-21 10:21:14.274,safety/left_bumper,"FALSE"
2026-08-21 10:21:14.274,safety/right_bumper,"FALSE"
2026-08-21 10:21:14.274,safety/suction_switch,"FALSE"
2026-08-21 10:21:14.281,rated_current_left,"0.000000"
2026-08-21 10:21:14.283,rated_current_right,"0.000000"
2026-08-21 10:21:14.297,odometry/filtered,"x:0.000000, y:0.000000, yaw:0.000000, cov_xx:0.001942, cov_yy:0.002053"
2026-08-21 10:21:14.308,robot_status,"ROBOT_STANDBY"
2026-08-21 10:21:14.314,rated_current_left,"0.000000"
2026-08-21 10:21:14.314,rated_current_right,"0.000000"
2026-08-21 10:21:14.331,battery/status,"100.000000%"
2026-08-21 10:21:14.331,safety/left_bumper,"FALSE"
2026-08-21 10:21:14.331,safety/right_bumper,"FALSE"
2026-08-21 10:21:14.331,safety/emergency_button,"FALSE"
2026-08-21 10:21:14.331,safety/suction_switch,"FALSE"
2026-08-21 10:21:14.335,odometry/filtered,"x:0.000000, y:0.000000, yaw:0.000000, cov_xx:0.001932, cov_yy:0.002042"
2026-08-21 10:21:14.344,rated_current_left,"0.000000"
2026-08-21 10:21:14.344,rated_current_right,"0.000000"
2026-08-21 10:21:14.355,odometry/filtered,"x:0.000000, y:0.000000, yaw:0.000000, cov_xx:0.001924, cov_yy:0.002033"
2026-08-21 10:21:14.374,safety/left_bumper,"FALSE"
2026-08-21 10:21:14.374,safety/right_bumper,"FALSE"
2026-08-21 10:21:14.374,safety/emergency_button,"FALSE"
2026-08-21 10:21:14.374,safety/suction_switch,"FALSE"
2026-08-21 10:21:14.375,rated_current_left,"0.000000"
2026-08-21 10:21:14.377,rated_current_right,"0.000000"
2026-08-21 10:21:14.397,odometry/filtered,"x:0.000000, y:0.000000, yaw:0.000000, cov_xx:0.001925, cov_yy:0.002034"
2026-08-21 10:21:14.407,rated_current_left,"0.000000"
2026-08-21 10:21:14.408,rated_current_right,"0.000000"
2026-08-21 10:21:14.414,odometry/filtered,"x:0.000000, y:0.000000, yaw:0.000000, cov_xx:0.001931, cov_yy:0.002041"
2026-08-21 10:21:14.427,battery/status,"100.000000%"
2026-08-21 10:21:14.427,safety/left_bumper,"FALSE"
2026-08-21 10:21:14.428,safety/right_bumper,"FALSE"
2026-08-21 10:21:14.428,safety/emergency_button,"FALSE"
2026-08-21 10:21:14.428,safety/suction_switch,"FALSE"
2026-08-21 10:21:14.433,particle_cloud,"count:800, spread:0.287377"
2026-08-21 10:21:14.440,rated_current_left,"0.000000"
2026-08-21 10:21:14.440,rated_current_right,"0.000000"
2026-08-21 10:21:14.457,odometry/filtered,"x:0.000000, y:0.000000, yaw:0.000000, cov_xx:0.001922, cov_yy:0.002032"
2026-08-21 10:21:14.470,rated_current_left,"0.000000"
2026-08-21 10:21:14.471,rated_current_right,"0.000000"
2026-08-21 10:21:14.473,safety/emergency_button,"FALSE"
2026-08-21 10:21:14.473,safety/right_bumper,"FALSE"
2026-08-21 10:21:14.474,safety/left_bumper,"FALSE"
2026-08-21 10:21:14.474,safety/suction_switch,"FALSE"
2026-08-21 10:21:14.475,odometry/filtered,"x:0.000000, y:0.000000, yaw:0.000000, cov_xx:0.001925, cov_yy:0.002035"
2026-08-21 10:21:14.504,rated_current_left,"0.000000"
2026-08-21 10:21:14.504,rated_current_right,"0.000000"
2026-08-21 10:21:14.515,odometry/filtered,"x:0.000000, y:0.000000, yaw:0.000000, cov_xx:0.001932, cov_yy:0.002043"
2026-08-21 10:21:14.524,safety/left_bumper,"FALSE"
2026-08-21 10:21:14.524,safety/right_bumper,"FALSE"
2026-08-21 10:21:14.524,safety/emergency_button,"FALSE"
2026-08-21 10:21:14.524,safety/suction_switch,"FALSE"
2026-08-21 10:21:14.524,battery/status,"100.000000%"
2026-08-21 10:21:14.535,rated_current_left,"0.000000"
2026-08-21 10:21:14.536,rated_current_right,"0.000000"
2026-08-21 10:21:14.556,odometry/filtered,"x:0.000000, y:0.000000, yaw:0.000000, cov_xx:0.001932, cov_yy:0.002042"
2026-08-21 10:21:14.567,rated_current_left,"0.000000"
2026-08-21 10:21:14.567,rated_current_right,"0.000000"
2026-08-21 10:21:14.574,safety/emergency_button,"FALSE"
2026-08-21 10:21:14.574,safety/left_bumper,"FALSE"
2026-08-21 10:21:14.574,safety/right_bumper,"FALSE"
2026-08-21 10:21:14.574,safety/suction_switch,"FALSE"
2026-08-21 10:21:14.576,odometry/filtered,"x:0.000000, y:0.000000, yaw:0.000000, cov_xx:0.001938, cov_yy:0.002048"
2026-08-21 10:21:14.599,rated_current_left,"0.000000"
2026-08-21 10:21:14.600,rated_current_right,"0.000000"
2026-08-21 10:21:14.615,odometry/filtered,"x:0.000000, y:0.000000, yaw:0.000000, cov_xx:0.001929, cov_yy:0.002039"
2026-08-21 10:21:14.623,safety/emergency_button,"FALSE"
2026-08-21 10:21:14.624,battery/status,"100.000000%"
2026-08-21 10:21:14.624,safety/left_bumper,"FALSE"
2026-08-21 10:21:14.625,safety/right_bumper,"FALSE"
2026-08-21 10:21:14.625,safety/suction_switch,"FALSE"
2026-08-21 10:21:14.633,rated_current_left,"0.000000"
2026-08-21 10:21:14.634,particle_cloud,"count:800, spread:0.290566"
2026-08-21 10:21:14.634,rated_current_right,"0.000000"
2026-08-21 10:21:14.655,odometry/filtered,"x:0.000000, y:0.000000, yaw:0.000000, cov_xx:0.001951, cov_yy:0.002063"
2026-08-21 10:21:14.662,rated_current_left,"0.000000"
2026-08-21 10:21:14.663,rated_current_right,"0.000000"
2026-08-21 10:21:14.673,safety/emergency_button,"FALSE"
2026-08-21 10:21:14.673,safety/left_bumper,"FALSE"
2026-08-21 10:21:14.673,safety/right_bumper,"FALSE"
2026-08-21 10:21:14.673,safety/suction_switch,"FALSE"
2026-08-21 10:21:14.676,odometry/filtered,"x:0.000000, y:0.000000, yaw:0.000000, cov_xx:0.001915, cov_yy:0.002023"
2026-08-21 10:21:14.694,rated_current_left,"0.000000"
2026-08-21 10:21:14.696,rated_current_right,"0.000000"
2026-08-21 10:21:14.715,odometry/filtered,"x:0.000000, y:0.000000, yaw:0.000000, cov_xx:0.001925, cov_yy:0.002035"
2026-08-21 10:21:14.723,safety/emergency_button,"FALSE"
2026-08-21 10:21:14.724,safety/left_bumper,"FALSE"
2026-08-21 10:21:14.724,safety/right_bumper,"FALSE"
2026-08-21 10:21:14.726,safety/suction_switch,"FALSE"
2026-08-21 10:21:14.728,battery/status,"100.000000%"
2026-08-21 10:21:14.728,rated_current_left,"0.000000"
2026-08-21 10:21:14.728,rated_current_right,"0.000000"
2026-08-21 10:21:14.735,odometry/filtered,"x:0.000000, y:0.000000, yaw:0.000000, cov_xx:0.001930, cov_yy:0.002040"
2026-08-21 10:21:14.758,rated_current_left,"0.000000"
2026-08-21 10:21:14.759,rated_current_right,"0.000000"
2026-08-21 10:21:14.773,safety/emergency_button,"FALSE"
2026-08-21 10:21:14.774,safety/left_bumper,"FALSE"
2026-08-21 10:21:14.774,safety/right_bumper,"FALSE"
2026-08-21 10:21:14.774,safety/suction_switch,"FALSE"
2026-08-21 10:21:14.775,odometry/filtered,"x:0.000000, y:0.000000, yaw:0.000000, cov_xx:0.001930, cov_yy:0.002040"
2026-08-21 10:21:14.790,rated_current_left,"0.000000"
2026-08-21 10:21:14.792,rated_current_right,"0.000000"
2026-08-21 10:21:14.794,odometry/filtered,"x:0.000000, y:0.000000, yaw:0.000000, cov_xx:0.001937, cov_yy:0.002048"
2026-08-21 10:21:14.811,robot_status,"ROBOT_STANDBY"
2026-08-21 10:21:14.821,rated_current_left,"0.000000"
2026-08-21 10:21:14.822,rated_current_right,"0.000000"
2026-08-21 10:21:14.823,safety/emergency_button,"FALSE"
2026-08-21 10:21:14.823,safety/left_bumper,"FALSE"
2026-08-21 10:21:14.823,safety/right_bumper,"FALSE"
2026-08-21 10:21:14.823,safety/suction_switch,"FALSE"
2026-08-21 10:21:14.824,battery/status,"100.000000%"
2026-08-21 10:21:14.833,particle_cloud,"count:800, spread:0.296659"
2026-08-21 10:21:14.834,odometry/filtered,"x:0.000000, y:0.000000, yaw:0.000000, cov_xx:0.001917, cov_yy:0.002026"
2026-08-21 10:21:14.855,rated_current_left,"0.000000"
2026-08-21 10:21:14.855,rated_current_right,"0.000000"
2026-08-21 10:21:14.873,safety/emergency_button,"FALSE"
2026-08-21 10:21:14.873,safety/left_bumper,"FALSE"
2026-08-21 10:21:14.874,safety/right_bumper,"FALSE"
2026-08-21 10:21:14.874,safety/suction_switch,"FALSE"
2026-08-21 10:21:14.874,odometry/filtered,"x:0.000000, y:0.000000, yaw:0.000000, cov_xx:0.001948, cov_yy:0.002060"
2026-08-21 10:21:14.891,rated_current_left,"0.000000"
2026-08-21 10:21:14.891,rated_current_right,"0.000000"
2026-08-21 10:21:14.894,odometry/filtered,"x:0.000000, y:0.000000, yaw:0.000000, cov_xx:0.002002, cov_yy:0.002119"
2026-08-21 10:21:14.918,rated_current_left,"0.000000"
2026-08-21 10:21:14.918,rated_current_right,"0.000000"
2026-08-21 10:21:14.923,safety/emergency_button,"FALSE"
2026-08-21 10:21:14.924,safety/right_bumper,"FALSE"
2026-08-21 10:21:14.924,battery/status,"100.000000%"
2026-08-21 10:21:14.924,safety/left_bumper,"FALSE"
2026-08-21 10:21:14.924,safety/suction_switch,"FALSE"
2026-08-21 10:21:14.935,odometry/filtered,"x:0.000000, y:0.000000, yaw:0.000000, cov_xx:0.001890, cov_yy:0.001995"
2026-08-21 10:21:14.949,rated_current_left,"0.000000"
2026-08-21 10:21:14.949,rated_current_right,"0.000000"
2026-08-21 10:21:14.954,odometry/filtered,"x:0.000000, y:0.000000, yaw:0.000000, cov_xx:0.001901, cov_yy:0.002008"
2026-08-21 10:21:14.973,safety/emergency_button,"FALSE"
2026-08-21 10:21:14.974,safety/left_bumper,"FALSE"
2026-08-21 10:21:14.974,safety/right_bumper,"FALSE"
2026-08-21 10:21:14.974,safety/suction_switch,"FALSE"
2026-08-21 10:21:14.981,rated_current_left,"0.000000"
2026-08-21 10:21:14.982,rated_current_right,"0.000000"
2026-08-21 10:21:14.995,odometry/filtered,"x:0.000000, y:0.000000, yaw:0.000000, cov_xx:0.001917, cov_yy:0.002026"
2026-08-21 10:21:15.016,rated_current_left,"0.000000"
2026-08-21 10:21:15.016,rated_current_right,"0.000000"
2026-08-21 10:21:15.024,battery/status,"100.000000%"
2026-08-21 10:21:15.024,safety/left_bumper,"FALSE"
2026-08-21 10:21:15.024,safety/right_bumper,"FALSE"
2026-08-21 10:21:15.024,safety/emergency_button,"FALSE"
2026-08-21 10:21:15.024,safety/suction_switch,"FALSE"
2026-08-21 10:21:15.033,particle_cloud,"count:800, spread:0.284792"
2026-08-21 10:21:15.035,odometry/filtered,"x:0.000000, y:0.000000, yaw:0.000000, cov_xx:0.001963, cov_yy:0.002076"
2026-08-21 10:21:15.046,rated_current_left,"0.000000"
2026-08-21 10:21:15.046,rated_current_right,"0.000000"
2026-08-21 10:21:15.055,odometry/filtered,"x:0.000000, y:0.000000, yaw:0.000000, cov_xx:0.001925, cov_yy:0.002034"
2026-08-21 10:21:15.073,safety/emergency_button,"FALSE"
2026-08-21 10:21:15.074,safety/left_bumper,"FALSE"
2026-08-21 10:21:15.074,safety/right_bumper,"FALSE"
2026-08-21 10:21:15.074,safety/suction_switch,"FALSE"
2026-08-21 10:21:15.079,rated_current_left,"0.000000"
2026-08-21 10:21:15.079,rated_current_right,"0.000000"
2026-08-21 10:21:15.095,odometry/filtered,"x:0.000000, y:0.000000, yaw:0.000000, cov_xx:0.001933, cov_yy:0.002043"
2026-08-21 10:21:15.110,rated_current_left,"0.000000"
2026-08-21 10:21:15.110,rated_current_right,"0.000000"
2026-08-21 10:21:15.114,odometry/filtered,"x:0.000000, y:0.000000, yaw:0.000000, cov_xx:0.001917, cov_yy:0.002026"
2026-08-21 10:21:15.124,safety/emergency_button,"FALSE"
2026-08-21 10:21:15.124,battery/status,"100.000000%"
2026-08-21 10:21:15.124,safety/left_bumper,"FALSE"
2026-08-21 10:21:15.124,safety/right_bumper,"FALSE"
2026-08-21 10:21:15.124,safety/suction_switch,"FALSE"
2026-08-21 10:21:15.142,rated_current_left,"0.000000"
2026-08-21 10:21:15.145,rated_current_right,"0.000000"
2026-08-21 10:21:15.155,odometry/filtered,"x:0.000000, y:0.000000, yaw:0.000000, cov_xx:0.001931, cov_yy:0.002041"
2026-08-21 10:21:15.174,safety/left_bumper,"FALSE"
2026-08-21 10:21:15.174,safety/right_bumper,"FALSE"
2026-08-21 10:21:15.174,safety/emergency_button,"FALSE"
2026-08-21 10:21:15.174,safety/suction_switch,"FALSE"
2026-08-21 10:21:15.174,rated_current_left,"0.000000"
2026-08-21 10:21:15.174,rated_current_right,"0.000000"
2026-08-21 10:21:15.194,odometry/filtered,"x:0.000000, y:0.000000, yaw:0.000000, cov_xx:0.001934, cov_yy:0.002044"
2026-08-21 10:21:15.207,rated_current_left,"0.000000"
2026-08-21 10:21:15.208,rated_current_right,"0.000000"
2026-08-21 10:21:15.215,odometry/filtered,"x:0.000000, y:0.000000, yaw:0.000000, cov_xx:0.001948, cov_yy:0.002060"
2026-08-21 10:21:15.223,safety/emergency_button,"FALSE"
2026-08-21 10:21:15.224,battery/status,"100.000000%"
2026-08-21 10:21:15.224,safety/left_bumper,"FALSE"
2026-08-21 10:21:15.224,safety/right_bumper,"FALSE"
2026-08-21 10:21:15.224,safety/suction_switch,"FALSE"
2026-08-21 10:21:15.224,robot_lock,"TRUE"
2026-08-21 10:21:15.233,particle_cloud,"count:800, spread:0.287743"
2026-08-21 10:21:15.239,rated_current_left,"0.000000"
2026-08-21 10:21:15.240,rated_current_right,"0.000000"
2026-08-21 10:21:15.255,odometry/filtered,"x:0.000000, y:0.000000, yaw:0.000000, cov_xx:0.001943, cov_yy:0.002054"
2026-08-21 10:21:15.267,robot_lock,"TRUE"
2026-08-21 10:21:15.270,rated_current_left,"0.000000"
2026-08-21 10:21:15.270,rated_current_right,"0.000000"
2026-08-21 10:21:15.273,safety/emergency_button,"FALSE"
2026-08-21 10:21:15.274,safety/left_bumper,"FALSE"
2026-08-21 10:21:15.274,safety/right_bumper,"FALSE"
2026-08-21 10:21:15.274,safety/suction_switch,"FALSE"
2026-08-21 10:21:15.276,odometry/filtered,"x:0.000000, y:0.000000, yaw:0.000000, cov_xx:0.001912, cov_yy:0.002020"
2026-08-21 10:21:15.301,rated_current_left,"0.000000"
2026-08-21 10:21:15.301,rated_current_right,"0.000000"
2026-08-21 10:21:15.309,robot_status,"ROBOT_LOCKED"
2026-08-21 10:21:15.314,odometry/filtered,"x:0.000000, y:0.000000, yaw:0.000000, cov_xx:0.001920, cov_yy:0.002029"
2026-08-21 10:21:15.326,battery/status,"100.000000%"
2026-08-21 10:21:15.326,safety/left_bumper,"FALSE"
2026-08-21 10:21:15.326,safety/right_bumper,"FALSE"
2026-08-21 10:21:15.326,safety/emergency_button,"FALSE"
2026-08-21 10:21:15.326,safety/suction_switch,"FALSE"
2026-08-21 10:21:15.333,rated_current_left,"0.000000"
2026-08-21 10:21:15.333,rated_current_right,"0.000000"
2026-08-21 10:21:15.335,odometry/filtered,"x:0.000000, y:0.000000, yaw:0.000000, cov_xx:0.001926, cov_yy:0.002035"
2026-08-21 10:21:15.365,rated_current_left,"0.000000"
2026-08-21 10:21:15.366,rated_current_right,"0.000000"
2026-08-21 10:21:15.373,safety/emergency_button,"FALSE"
2026-08-21 10:21:15.373,safety/left_bumper,"FALSE"
2026-08-21 10:21:15.373,safety/right_bumper,"FALSE"
2026-08-21 10:21:15.373,safety/suction_switch,"FALSE"
2026-08-21 10:21:15.374,odometry/filtered,"x:0.000000, y:0.000000, yaw:0.000000, cov_xx:0.001933, cov_yy:0.002043"
2026-08-21 10:21:15.398,rated_current_left,"0.000000"
2026-08-21 10:21:15.398,rated_current_right,"0.000000"
2026-08-21 10:21:15.414,odometry/filtered,"x:0.000000, y:0.000000, yaw:0.000000, cov_xx:0.001929, cov_yy:0.002038"
2026-08-21 10:21:15.423,safety/left_bumper,"FALSE"
2026-08-21 10:21:15.423,safety/right_bumper,"FALSE"
2026-08-21 10:21:15.423,safety/emergency_button,"FALSE"
2026-08-21 10:21:15.423,safety/suction_switch,"FALSE"
2026-08-21 10:21:15.423,battery/status,"100.000000%"
2026-08-21 10:21:15.430,rated_current_left,"0.000000"
2026-08-21 10:21:15.430,rated_current_right,"0.000000"
2026-08-21 10:21:15.432,particle_cloud,"count:800, spread:0.282632"
2026-08-21 10:21:15.434,odometry/filtered,"x:0.000000, y:0.000000, yaw:0.000000, cov_xx:0.001953, cov_yy:0.002065"
2026-08-21 10:21:15.460,rated_current_left,"0.000000"
2026-08-21 10:21:15.461,rated_current_right,"0.000000"
2026-08-21 10:21:15.473,safety/left_bumper,"FALSE"
2026-08-21 10:21:15.473,safety/right_bumper,"FALSE"
2026-08-21 10:21:15.473,safety/emergency_button,"FALSE"
2026-08-21 10:21:15.473,safety/suction_switch,"FALSE"
2026-08-21 10:21:15.475,odometry/filtered,"x:0.000000, y:0.000000, yaw:0.000000, cov_xx:0.001911, cov_yy:0.002019"
2026-08-21 10:21:15.493,rated_current_left,"0.000000"
2026-08-21 10:21:15.493,rated_current_right,"0.000000"
2026-08-21 10:21:15.495,odometry/filtered,"x:0.000000, y:0.000000, yaw:0.000000, cov_xx:0.001935, cov_yy:0.002045"
2026-08-21 10:21:15.523,safety/emergency_button,"FALSE"
2026-08-21 10:21:15.523,battery/status,"100.000000%"
2026-08-21 10:21:15.524,safety/left_bumper,"FALSE"
2026-08-21 10:21:15.524,safety/right_bumper,"FALSE"
2026-08-21 10:21:15.524,safety/suction_switch,"FALSE"
2026-08-21 10:21:15.524,rated_current_left,"0.000000"
2026-08-21 10:21:15.524,rated_current_right,"0.000000"
2026-08-21 10:21:15.535,odometry/filtered,"x:0.000000, y:0.000000, yaw:0.000000, cov_xx:0.001918, cov_yy:0.002027"
2026-08-21 10:21:15.556,rated_current_left,"0.000000"
2026-08-21 10:21:15.557,rated_current_right,"0.000000"
2026-08-21 10:21:15.574,safety/left_bumper,"FALSE"
2026-08-21 10:21:15.574,safety/right_bumper,"FALSE"
2026-08-21 10:21:15.574,safety/emergency_button,"FALSE"
2026-08-21 10:21:15.574,safety/suction_switch,"FALSE"
2026-08-21 10:21:15.575,odometry/filtered,"x:0.000000, y:0.000000, yaw:0.000000, cov_xx:0.001934, cov_yy:0.002045"
2026-08-21 10:21:15.590,rated_current_left,"0.000000"
2026-08-21 10:21:15.591,rated_current_right,"0.000000"
2026-08-21 10:21:15.596,odometry/filtered,"x:0.000000, y:0.000000, yaw:0.000000, cov_xx:0.001965, cov_yy:0.002078"
2026-08-21 10:21:15.622,rated_current_left,"0.000000"
2026-08-21 10:21:15.622,rated_current_right,"0.000000"
2026-08-21 10:21:15.623,battery/status,"100.000000%"
2026-08-21 10:21:15.623,safety/left_bumper,"FALSE"
2026-08-21 10:21:15.623,safety/right_bumper,"FALSE"
2026-08-21 10:21:15.623,safety/emergency_button,"FALSE"
2026-08-21 10:21:15.623,safety/suction_switch,"FALSE"
2026-08-21 10:21:15.632,particle_cloud,"count:800, spread:0.291272"
2026-08-21 10:21:15.634,odometry/filtered,"x:0.000000, y:0.000000, yaw:0.000000, cov_xx:0.001921, cov_yy:0.002029"
2026-08-21 10:21:15.652,rated_current_left,"0.000000"
2026-08-21 10:21:15.653,rated_current_right,"0.000000"
2026-08-21 10:21:15.654,odometry/filtered,"x:0.000000, y:0.000000, yaw:0.000000, cov_xx:0.001917, cov_yy:0.002025"
2026-08-21 10:21:15.673,safety/left_bumper,"FALSE"
2026-08-21 10:21:15.673,safety/right_bumper,"FALSE"
2026-08-21 10:21:15.673,safety/emergency_button,"FALSE"
2026-08-21 10:21:15.673,safety/suction_switch,"FALSE"
2026-08-21 10:21:15.691,rated_current_left,"0.000000"
2026-08-21 10:21:15.691,rated_current_right,"0.000000"
2026-08-21 10:21:15.695,odometry/filtered,"x:0.000000, y:0.000000, yaw:0.000000, cov_xx:0.002032, cov_yy:0.002152"
2026-08-21 10:21:15.721,rated_current_left,"0.000000"
2026-08-21 10:21:15.721,rated_current_right,"0.000000"
2026-08-21 10:21:15.723,safety/left_bumper,"FALSE"
2026-08-21 10:21:15.723,safety/right_bumper,"FALSE"
2026-08-21 10:21:15.723,safety/emergency_button,"FALSE"
2026-08-21 10:21:15.723,safety/suction_switch,"FALSE"
2026-08-21 10:21:15.724,battery/status,"100.000000%"
2026-08-21 10:21:15.734,odometry/filtered,"x:0.000000, y:0.000000, yaw:0.000000, cov_xx:0.001879, cov_yy:0.001982"
2026-08-21 10:21:15.748,rated_current_left,"0.000000"
2026-08-21 10:21:15.748,rated_current_right,"0.000000"
2026-08-21 10:21:15.754,odometry/filtered,"x:0.000000, y:0.000000, yaw:0.000000, cov_xx:0.001901, cov_yy:0.002007"
2026-08-21 10:21:15.773,safety/left_bumper,"FALSE"
2026-08-21 10:21:15.773,safety/right_bumper,"FALSE"
2026-08-21 10:21:15.773,safety/emergency_button,"FALSE"
2026-08-21 10:21:15.773,safety/suction_switch,"FALSE"
2026-08-21 10:21:15.781,rated_current_left,"0.000000"
2026-08-21 10:21:15.781,rated_current_right,"0.000000"
2026-08-21 10:21:15.795,odometry/filtered,"x:0.000000, y:0.000000, yaw:0.000000, cov_xx:0.001927, cov_yy:0.002037"
2026-08-21 10:21:15.806,robot_status,"ROBOT_LOCKED"
2026-08-21 10:21:15.814,rated_current_left,"0.000000"
2026-08-21 10:21:15.814,rated_current_right,"0.000000"
2026-08-21 10:21:15.823,battery/status,"100.000000%"
2026-08-21 10:21:15.824,safety/left_bumper,"FALSE"
2026-08-21 10:21:15.824,safety/right_bumper,"FALSE"
2026-08-21 10:21:15.824,safety/emergency_button,"FALSE"
2026-08-21 10:21:15.824,safety/suction_switch,"FALSE"
2026-08-21 10:21:15.832,particle_cloud,"count:800, spread:0.279151"
2026-08-21 10:21:15.835,odometry/filtered,"x:0.000000, y:0.000000, yaw:0.000000, cov_xx:0.001926, cov_yy:0.002036"
2026-08-21 10:21:15.844,rated_current_left,"0.000000"
2026-08-21 10:21:15.845,rated_current_right,"0.000000"
2026-08-21 10:21:15.856,odometry/filtered,"x:0.000000, y:0.000000, yaw:0.000000, cov_xx:0.001920, cov_yy:0.002029"
2026-08-21 10:21:15.873,safety/right_bumper,"FALSE"
2026-08-21 10:21:15.873,safety/emergency_button,"FALSE"
2026-08-21 10:21:15.873,safety/left_bumper,"FALSE"
2026-08-21 10:21:15.873,safety/suction_switch,"FALSE"
2026-08-21 10:21:15.876,rated_current_left,"0.000000"
2026-08-21 10:21:15.882,rated_current_right,"0.000000"
2026-08-21 10:21:15.895,odometry/filtered,"x:0.000000, y:0.000000, yaw:0.000000, cov_xx:0.001939, cov_yy:0.002050"
2026-08-21 10:21:15.908,rated_current_left,"0.000000"
2026-08-21 10:21:15.908,rated_current_right,"0.000000"
2026-08-21 10:21:15.914,odometry/filtered,"x:0.000000, y:0.000000, yaw:0.000000, cov_xx:0.001930, cov_yy:0.002040"
2026-08-21 10:21:15.923,safety/emergency_button,"FALSE"
2026-08-21 10:21:15.923,battery/status,"100.000000%"
2026-08-21 10:21:15.923,safety/left_bumper,"FALSE"
2026-08-21 10:21:15.923,safety/right_bumper,"FALSE"
2026-08-21 10:21:15.923,safety/suction_switch,"FALSE"
2026-08-21 10:21:15.940,rated_current_left,"0.000000"
2026-08-21 10:21:15.941,rated_current_right,"0.000000"
2026-08-21 10:21:15.957,odometry/filtered,"x:0.000000, y:0.000000, yaw:0.000000, cov_xx:0.001941, cov_yy:0.002052"
2026-08-21 10:21:15.972,rated_current_left,"0.000000"
2026-08-21 10:21:15.973,safety/emergency_button,"FALSE"
2026-08-21 10:21:15.973,rated_current_right,"0.000000"
2026-08-21 10:21:15.973,safety/left_bumper,"FALSE"
2026-08-21 10:21:15.973,safety/right_bumper,"FALSE"
2026-08-21 10:21:15.973,safety/suction_switch,"FALSE"
2026-08-21 10:21:15.996,odometry/filtered,"x:0.000000, y:0.000000, yaw:0.000000, cov_xx:0.001938, cov_yy:0.002048"
2026-08-21 10:21:16.004,rated_current_left,"0.000000"
2026-08-21 10:21:16.004,rated_current_right,"0.000000"
2026-08-21 10:21:16.015,odometry/filtered,"x:0.000000, y:0.000000, yaw:0.000000, cov_xx:0.001931, cov_yy:0.002041"
2026-08-21 10:21:16.023,safety/emergency_button,"FALSE"
2026-08-21 10:21:16.024,safety/left_bumper,"FALSE"
2026-08-21 10:21:16.024,safety/right_bumper,"FALSE"
2026-08-21 10:21:16.024,battery/status,"100.000000%"
2026-08-21 10:21:16.024,safety/suction_switch,"FALSE"
2026-08-21 10:21:16.032,particle_cloud,"count:800, spread:0.283455"
2026-08-21 10:21:16.039,rated_current_left,"0.000000"
2026-08-21 10:21:16.039,rated_current_right,"0.000000"
2026-08-21 10:21:16.055,odometry/filtered,"x:0.000000, y:0.000000, yaw:0.000000, cov_xx:0.001952, cov_yy:0.002064"
2026-08-21 10:21:16.067,rated_current_left,"0.000000"
2026-08-21 10:21:16.068,rated_current_right,"0.000000"
2026-08-21 10:21:16.073,safety/emergency_button,"FALSE"
2026-08-21 10:21:16.073,safety/left_bumper,"FALSE"
2026-08-21 10:21:16.073,safety/right_bumper,"FALSE"
2026-08-21 10:21:16.073,safety/suction_switch,"FALSE"
2026-08-21 10:21:16.074,odometry/filtered,"x:0.000000, y:0.000000, yaw:0.000000, cov_xx:0.001909, cov_yy:0.002016"
2026-08-21 10:21:16.100,rated_current_left,"0.000000"
2026-08-21 10:21:16.101,rated_current_right,"0.000000"
2026-08-21 10:21:16.115,odometry/filtered,"x:0.000000, y:0.000000, yaw:0.000000, cov_xx:0.001939, cov_yy:0.002050"
2026-08-21 10:21:16.123,safety/left_bumper,"FALSE"
2026-08-21 10:21:16.123,safety/right_bumper,"FALSE"
2026-08-21 10:21:16.123,safety/emergency_button,"FALSE"
2026-08-21 10:21:16.123,safety/suction_switch,"FALSE"
2026-08-21 10:21:16.124,battery/status,"100.000000%"
2026-08-21 10:21:16.131,rated_current_left,"0.000000"
2026-08-21 10:21:16.131,rated_current_right,"0.000000"
2026-08-21 10:21:16.135,odometry/filtered,"x:0.000000, y:0.000000, yaw:0.000000, cov_xx:0.001919, cov_yy:0.002027"
2026-08-21 10:21:16.164,rated_current_left,"0.000000"
2026-08-21 10:21:16.165,rated_current_right,"0.000000"
2026-08-21 10:21:16.173,safety/emergency_button,"FALSE"
2026-08-21 10:21:16.173,safety/left_bumper,"FALSE"
2026-08-21 10:21:16.173,safety/right_bumper,"FALSE"
2026-08-21 10:21:16.173,safety/suction_switch,"FALSE"
2026-08-21 10:21:16.174,odometry/filtered,"x:0.000000, y:0.000000, yaw:0.000000, cov_xx:0.001924, cov_yy:0.002033"
2026-08-21 10:21:16.194,rated_current_left,"0.000000"
2026-08-21 10:21:16.196,rated_current_right,"0.000000"
2026-08-21 10:21:16.214,odometry/filtered,"x:0.000000, y:0.000000, yaw:0.000000, cov_xx:0.001921, cov_yy:0.002030"
2026-08-21 10:21:16.223,battery/status,"100.000000%"
2026-08-21 10:21:16.223,safety/left_bumper,"FALSE"
2026-08-21 10:21:16.223,safety/right_bumper,"FALSE"
2026-08-21 10:21:16.223,safety/emergency_button,"FALSE"
2026-08-21 10:21:16.223,safety/suction_switch,"FALSE"
2026-08-21 10:21:16.228,rated_current_left,"0.000000"
2026-08-21 10:21:16.228,rated_current_right,"0.000000"
2026-08-21 10:21:16.232,particle_cloud,"count:800, spread:0.277868"
2026-08-21 10:21:16.235,odometry/filtered,"x:0.000000, y:0.000000, yaw:0.000000, cov_xx:0.001945, cov_yy:0.002057"
2026-08-21 10:21:16.259,rated_current_left,"0.000000"
2026-08-21 10:21:16.259,rated_current_right,"0.000000"
2026-08-21 10:21:16.273,safety/emergency_button,"FALSE"
2026-08-21 10:21:16.273,safety/left_bumper,"FALSE"
2026-08-21 10:21:16.273,safety/right_bumper,"FALSE"
2026-08-21 10:21:16.273,safety/suction_switch,"FALSE"
2026-08-21 10:21:16.275,odometry/filtered,"x:0.000000, y:0.000000, yaw:0.000000, cov_xx:0.001927, cov_yy:0.002037"
2026-08-21 10:21:16.290,rated_current_left,"0.000000"
2026-08-21 10:21:16.290,rated_current_right,"0.000000"
2026-08-21 10:21:16.296,odometry/filtered,"x:0.000000, y:0.000000, yaw:0.000000, cov_xx:0.001915, cov_yy:0.002023"
2026-08-21 10:21:16.305,robot_status,"ROBOT_LOCKED"
2026-08-21 10:21:16.322,safety/emergency_button,"FALSE"
2026-08-21 10:21:16.323,safety/right_bumper,"FALSE"
2026-08-21 10:21:16.323,battery/status,"100.000000%"
2026-08-21 10:21:16.323,safety/left_bumper,"FALSE"
2026-08-21 10:21:16.323,safety/suction_switch,"FALSE"
2026-08-21 10:21:16.323,rated_current_left,"0.000000"
2026-08-21 10:21:16.323,rated_current_right,"0.000000"
2026-08-21 10:21:16.337,odometry/filtered,"x:0.000000, y:0.000000, yaw:0.000000, cov_xx:0.001945, cov_yy:0.002056"
2026-08-21 10:21:16.356,rated_current_left,"0.000000"
2026-08-21 10:21:16.356,rated_current_right,"0.000000"
2026-08-21 10:21:16.373,safety/left_bumper,"FALSE"
2026-08-21 10:21:16.373,safety/right_bumper,"FALSE"
2026-08-21 10:21:16.373,safety/emergency_button,"FALSE"
2026-08-21 10:21:16.373,safety/suction_switch,"FALSE"
2026-08-21 10:21:16.374,odometry/filtered,"x:0.000000, y:0.000000, yaw:0.000000, cov_xx:0.001951, cov_yy:0.002063"
2026-08-21 10:21:16.392,rated_current_left,"0.000000"
2026-08-21 10:21:16.392,rated_current_right,"0.000000"
2026-08-21 10:21:16.399,odometry/filtered,"x:0.000000, y:0.000000, yaw:0.000000, cov_xx:0.001941, cov_yy:0.002051"
2026-08-21 10:21:16.420,rated_current_left,"0.000000"
2026-08-21 10:21:16.420,rated_current_right,"0.000000"
2026-08-21 10:21:16.423,safety/right_bumper,"FALSE"
2026-08-21 10:21:16.423,safety/emergency_button,"FALSE"
2026-08-21 10:21:16.424,battery/status,"100.000000%"
2026-08-21 10:21:16.424,safety/left_bumper,"FALSE"
2026-08-21 10:21:16.424,safety/suction_switch,"FALSE"
2026-08-21 10:21:16.432,particle_cloud,"count:800, spread:0.282396"
2026-08-21 10:21:16.434,odometry/filtered,"x:0.000000, y:0.000000, yaw:0.000000, cov_xx:0.001921, cov_yy:0.002029"
2026-08-21 10:21:16.450,rated_current_left,"0.000000"
2026-08-21 10:21:16.451,rated_current_right,"0.000000"
2026-08-21 10:21:16.454,odometry/filtered,"x:0.000000, y:0.000000, yaw:0.000000, cov_xx:0.001917, cov_yy:0.002026"
2026-08-21 10:21:16.475,safety/left_bumper,"FALSE"
2026-08-21 10:21:16.475,safety/right_bumper,"FALSE"
2026-08-21 10:21:16.475,safety/emergency_button,"FALSE"
2026-08-21 10:21:16.475,safety/suction_switch,"FALSE"
2026-08-21 10:21:16.484,rated_current_left,"0.000000"
2026-08-21 10:21:16.484,rated_current_right,"0.000000"
2026-08-21 10:21:16.494,odometry/filtered,"x:0.000000, y:0.000000, yaw:0.000000, cov_xx:0.001929, cov_yy:0.002038"
2026-08-21 10:21:16.515,rated_current_left,"0.000000"
2026-08-21 10:21:16.515,rated_current_right,"0.000000"
2026-08-21 10:21:16.523,safety/right_bumper,"FALSE"
2026-08-21 10:21:16.523,safety/emergency_button,"FALSE"
2026-08-21 10:21:16.528,battery/status,"100.000000%"
2026-08-21 10:21:16.528,safety/left_bumper,"FALSE"
2026-08-21 10:21:16.528,safety/suction_switch,"FALSE"
2026-08-21 10:21:16.535,odometry/filtered,"x:0.000000, y:0.000000, yaw:0.000000, cov_xx:0.001932, cov_yy:0.002042"
2026-08-21 10:21:16.547,rated_current_left,"0.000000"
2026-08-21 10:21:16.547,rated_current_right,"0.000000"
2026-08-21 10:21:16.554,odometry/filtered,"x:0.000000, y:0.000000, yaw:0.000000, cov_xx:0.001942, cov_yy:0.002053"
2026-08-21 10:21:16.573,safety/left_bumper,"FALSE"
2026-08-21 10:21:16.573,safety/right_bumper,"FALSE"
2026-08-21 10:21:16.573,safety/emergency_button,"FALSE"
2026-08-21 10:21:16.573,safety/suction_switch,"FALSE"
2026-08-21 10:21:16.582,rated_current_left,"0.000000"
2026-08-21 10:21:16.582,rated_current_right,"0.000000"
2026-08-21 10:21:16.595,odometry/filtered,"x:0.000000, y:0.000000, yaw:0.000000, cov_xx:0.001982, cov_yy:0.002097"
2026-08-21 10:21:16.603,system_resources,"cpu:63.1%, mem:33.4%, mem_used_mb:2548, mem_total_mb:7619"
2026-08-21 10:21:16.610,rated_current_left,"0.000000"
2026-08-21 10:21:16.610,rated_current_right,"0.000000"
2026-08-21 10:21:16.615,odometry/filtered,"x:0.000000, y:0.000000, yaw:0.000000, cov_xx:0.001895, cov_yy:0.002001"
2026-08-21 10:21:16.623,battery/status,"100.000000%"
2026-08-21 10:21:16.623,safety/left_bumper,"FALSE"
2026-08-21 10:21:16.623,safety/right_bumper,"FALSE"
2026-08-21 10:21:16.623,safety/emergency_button,"FALSE"
2026-08-21 10:21:16.623,safety/suction_switch,"FALSE"
2026-08-21 10:21:16.632,particle_cloud,"count:800, spread:0.278624"
2026-08-21 10:21:16.643,rated_current_left,"0.000000"
2026-08-21 10:21:16.643,rated_current_right,"0.000000"
2026-08-21 10:21:16.654,odometry/filtered,"x:0.000000, y:0.000000, yaw:0.000000, cov_xx:0.001929, cov_yy:0.002039"
2026-08-21 10:21:16.672,safety/right_bumper,"FALSE"
2026-08-21 10:21:16.673,safety/emergency_button,"FALSE"
2026-08-21 10:21:16.675,safety/left_bumper,"FALSE"
2026-08-21 10:21:16.675,safety/suction_switch,"FALSE"
2026-08-21 10:21:16.677,rated_current_left,"0.000000"
2026-08-21 10:21:16.677,rated_current_right,"0.000000"
2026-08-21 10:21:16.697,odometry/filtered,"x:0.000000, y:0.000000, yaw:0.000000, cov_xx:0.001946, cov_yy:0.002057"
2026-08-21 10:21:16.707,rated_current_left,"0.000000"
2026-08-21 10:21:16.707,rated_current_right,"0.000000"
2026-08-21 10:21:16.714,odometry/filtered,"x:0.000000, y:0.000000, yaw:0.000000, cov_xx:0.001917, cov_yy:0.002025"
2026-08-21 10:21:16.724,battery/status,"100.000000%"
2026-08-21 10:21:16.724,safety/left_bumper,"FALSE"
2026-08-21 10:21:16.724,safety/right_bumper,"FALSE"
2026-08-21 10:21:16.724,safety/emergency_button,"FALSE"
2026-08-21 10:21:16.724,safety/suction_switch,"FALSE"
2026-08-21 10:21:16.739,rated_current_left,"0.000000"
2026-08-21 10:21:16.739,rated_current_right,"0.000000"
2026-08-21 10:21:16.754,odometry/filtered,"x:0.000000, y:0.000000, yaw:0.000000, cov_xx:0.001927, cov_yy:0.002036"
2026-08-21 10:21:16.770,rated_current_left,"0.000000"
2026-08-21 10:21:16.770,rated_current_right,"0.000000"
2026-08-21 10:21:16.773,safety/left_bumper,"FALSE"
2026-08-21 10:21:16.773,safety/right_bumper,"FALSE"
2026-08-21 10:21:16.773,safety/emergency_button,"FALSE"
2026-08-21 10:21:16.773,safety/suction_switch,"FALSE"
2026-08-21 10:21:16.776,odometry/filtered,"x:0.000000, y:0.000000, yaw:0.000000, cov_xx:0.001921, cov_yy:0.002030"
2026-08-21 10:21:16.803,rated_current_left,"0.000000"
2026-08-21 10:21:16.803,rated_current_right,"0.000000"
2026-08-21 10:21:16.805,robot_status,"ROBOT_LOCKED"
2026-08-21 10:21:16.815,odometry/filtered,"x:0.000000, y:0.000000, yaw:0.000000, cov_xx:0.001936, cov_yy:0.002047"
2026-08-21 10:21:16.823,battery/status,"100.000000%"
2026-08-21 10:21:16.823,safety/left_bumper,"FALSE"
2026-08-21 10:21:16.823,safety/right_bumper,"FALSE"
2026-08-21 10:21:16.823,safety/emergency_button,"FALSE"
2026-08-21 10:21:16.823,safety/suction_switch,"FALSE"
2026-08-21 10:21:16.832,particle_cloud,"count:800, spread:0.287000"
2026-08-21 10:21:16.834,rated_current_left,"0.000000"
2026-08-21 10:21:16.834,rated_current_right,"0.000000"
2026-08-21 10:21:16.854,odometry/filtered,"x:0.000000, y:0.000000, yaw:0.000000, cov_xx:0.001925, cov_yy:0.002034"
2026-08-21 10:21:16.866,rated_current_left,"0.000000"
2026-08-21 10:21:16.866,rated_current_right,"0.000000"
2026-08-21 10:21:16.872,safety/left_bumper,"FALSE"
2026-08-21 10:21:16.873,safety/right_bumper,"FALSE"
2026-08-21 10:21:16.873,safety/emergency_button,"FALSE"
2026-08-21 10:21:16.873,safety/suction_switch,"FALSE"
2026-08-21 10:21:16.875,odometry/filtered,"x:0.000000, y:0.000000, yaw:0.000000, cov_xx:0.001921, cov_yy:0.002031"
2026-08-21 10:21:16.897,robot_lock,"TRUE"
2026-08-21 10:21:16.898,rated_current_left,"0.000000"
2026-08-21 10:21:16.898,rated_current_right,"0.000000"
2026-08-21 10:21:16.914,odometry/filtered,"x:0.000000, y:0.000000, yaw:0.000000, cov_xx:0.001932, cov_yy:0.002043"
2026-08-21 10:21:16.924,battery/status,"100.000000%"
2026-08-21 10:21:16.924,safety/left_bumper,"FALSE"
2026-08-21 10:21:16.924,safety/right_bumper,"FALSE"
2026-08-21 10:21:16.924,safety/emergency_button,"FALSE"
2026-08-21 10:21:16.924,safety/suction_switch,"FALSE"
2026-08-21 10:21:16.930,rated_current_left,"0.000000"
2026-08-21 10:21:16.930,rated_current_right,"0.000000"
2026-08-21 10:21:16.937,odometry/filtered,"x:0.000000, y:0.000000, yaw:0.000000, cov_xx:0.001933, cov_yy:0.002043"
2026-08-21 10:21:16.962,rated_current_left,"0.000000"
2026-08-21 10:21:16.962,rated_current_right,"0.000000"
2026-08-21 10:21:16.973,safety/left_bumper,"FALSE"
2026-08-21 10:21:16.973,safety/right_bumper,"FALSE"
2026-08-21 10:21:16.973,safety/emergency_button,"FALSE"
2026-08-21 10:21:16.973,safety/suction_switch,"FALSE"
2026-08-21 10:21:16.976,odometry/filtered,"x:0.000000, y:0.000000, yaw:0.000000, cov_xx:0.001935, cov_yy:0.002046"
2026-08-21 10:21:16.993,rated_current_left,"0.000000"
2026-08-21 10:21:16.993,rated_current_right,"0.000000"
2026-08-21 10:21:17.015,odometry/filtered,"x:0.000000, y:0.000000, yaw:0.000000, cov_xx:0.001928, cov_yy:0.002037"
2026-08-21 10:21:17.023,safety/emergency_button,"FALSE"
2026-08-21 10:21:17.023,battery/status,"100.000000%"
2026-08-21 10:21:17.023,safety/left_bumper,"FALSE"
2026-08-21 10:21:17.023,safety/right_bumper,"FALSE"
2026-08-21 10:21:17.023,safety/suction_switch,"FALSE"
2026-08-21 10:21:17.028,rated_current_left,"0.000000"
2026-08-21 10:21:17.028,rated_current_right,"0.000000"
2026-08-21 10:21:17.032,particle_cloud,"count:800, spread:0.282053"
2026-08-21 10:21:17.034,odometry/filtered,"x:0.000000, y:0.000000, yaw:0.000000, cov_xx:0.001960, cov_yy:0.002072"
2026-08-21 10:21:17.058,rated_current_left,"0.000000"
2026-08-21 10:21:17.058,rated_current_right,"0.000000"
2026-08-21 10:21:17.072,safety/left_bumper,"FALSE"
2026-08-21 10:21:17.073,safety/right_bumper,"FALSE"
2026-08-21 10:21:17.073,safety/emergency_button,"FALSE"
2026-08-21 10:21:17.073,safety/suction_switch,"FALSE"
2026-08-21 10:21:17.074,odometry/filtered,"x:0.000000, y:0.000000, yaw:0.000000, cov_xx:0.001910, cov_yy:0.002017"
2026-08-21 10:21:17.091,rated_current_left,"0.000000"
2026-08-21 10:21:17.091,rated_current_right,"0.000000"
2026-08-21 10:21:17.094,odometry/filtered,"x:0.000000, y:0.000000, yaw:0.000000, cov_xx:0.001933, cov_yy:0.002043"
2026-08-21 10:21:17.123,safety/left_bumper,"FALSE"
2026-08-21 10:21:17.123,safety/right_bumper,"FALSE"
2026-08-21 10:21:17.123,safety/emergency_button,"FALSE"
2026-08-21 10:21:17.124,safety/suction_switch,"FALSE"
2026-08-21 10:21:17.125,battery/status,"100.000000%"
2026-08-21 10:21:17.125,rated_current_left,"0.000000"
2026-08-21 10:21:17.125,rated_current_right,"0.000000"
2026-08-21 10:21:17.135,odometry/filtered,"x:0.000000, y:0.000000, yaw:0.000000, cov_xx:0.001937, cov_yy:0.002048"
2026-08-21 10:21:17.154,rated_current_left,"0.000000"
2026-08-21 10:21:17.154,odometry/filtered,"x:0.000000, y:0.000000, yaw:0.000000, cov_xx:0.001918, cov_yy:0.002026"
2026-08-21 10:21:17.158,rated_current_right,"0.000000"
2026-08-21 10:21:17.173,safety/left_bumper,"FALSE"
2026-08-21 10:21:17.173,safety/right_bumper,"FALSE"
2026-08-21 10:21:17.173,safety/emergency_button,"FALSE"
2026-08-21 10:21:17.173,safety/suction_switch,"FALSE"
2026-08-21 10:21:17.186,rated_current_left,"0.000000"
2026-08-21 10:21:17.186,rated_current_right,"0.000000"
2026-08-21 10:21:17.194,odometry/filtered,"x:0.000000, y:0.000000, yaw:0.000000, cov_xx:0.001945, cov_yy:0.002056"
2026-08-21 10:21:17.217,rated_current_left,"0.000000"
2026-08-21 10:21:17.217,rated_current_right,"0.000000"
2026-08-21 10:21:17.223,battery/status,"100.000000%"
2026-08-21 10:21:17.223,safety/left_bumper,"FALSE"
2026-08-21 10:21:17.223,safety/right_bumper,"FALSE"
2026-08-21 10:21:17.223,safety/emergency_button,"FALSE"
2026-08-21 10:21:17.223,safety/suction_switch,"FALSE"
2026-08-21 10:21:17.232,particle_cloud,"count:800, spread:0.279340"
2026-08-21 10:21:17.239,odometry/filtered,"x:0.000000, y:0.000000, yaw:0.000000, cov_xx:0.001927, cov_yy:0.002037"
2026-08-21 10:21:17.249,rated_current_left,"0.000000"
2026-08-21 10:21:17.249,rated_current_right,"0.000000"
2026-08-21 10:21:17.255,odometry/filtered,"x:0.000000, y:0.000000, yaw:0.000000, cov_xx:0.001919, cov_yy:0.002027"
2026-08-21 10:21:17.272,safety/emergency_button,"FALSE"
2026-08-21 10:21:17.273,safety/left_bumper,"FALSE"
2026-08-21 10:21:17.273,safety/right_bumper,"FALSE"
2026-08-21 10:21:17.273,safety/suction_switch,"FALSE"
2026-08-21 10:21:17.282,rated_current_left,"0.000000"
2026-08-21 10:21:17.282,rated_current_right,"0.000000"
2026-08-21 10:21:17.295,odometry/filtered,"x:0.000000, y:0.000000, yaw:0.000000, cov_xx:0.001956, cov_yy:0.002068"
2026-08-21 10:21:17.311,robot_status,"ROBOT_LOCKED"
2026-08-21 10:21:17.316,rated_current_left,"0.000000"
2026-08-21 10:21:17.316,rated_current_right,"0.000000"
2026-08-21 10:21:17.325,battery/status,"100.000000%"
2026-08-21 10:21:17.325,safety/left_bumper,"FALSE"
2026-08-21 10:21:17.325,safety/right_bumper,"FALSE"
2026-08-21 10:21:17.325,safety/emergency_button,"FALSE"
2026-08-21 10:21:17.325,safety/suction_switch,"FALSE"
2026-08-21 10:21:17.335,odometry/filtered,"x:0.000000, y:0.000000, yaw:0.000000, cov_xx:0.001957, cov_yy:0.002070"
2026-08-21 10:21:17.344,rated_current_left,"0.000000"
2026-08-21 10:21:17.345,rated_current_right,"0.000000"
2026-08-21 10:21:17.354,odometry/filtered,"x:0.000000, y:0.000000, yaw:0.000000, cov_xx:0.001902, cov_yy:0.002008"
2026-08-21 10:21:17.372,safety/emergency_button,"FALSE"
2026-08-21 10:21:17.372,safety/left_bumper,"FALSE"
2026-08-21 10:21:17.373,safety/right_bumper,"FALSE"
2026-08-21 10:21:17.373,safety/suction_switch,"FALSE"
2026-08-21 10:21:17.377,rated_current_left,"0.000000"
2026-08-21 10:21:17.379,rated_current_right,"0.000000"
2026-08-21 10:21:17.394,odometry/filtered,"x:0.000000, y:0.000000, yaw:0.000000, cov_xx:0.001927, cov_yy:0.002037"
2026-08-21 10:21:17.410,rated_current_left,"0.000000"
2026-08-21 10:21:17.410,rated_current_right,"0.000000"
2026-08-21 10:21:17.415,odometry/filtered,"x:0.000000, y:0.000000, yaw:0.000000, cov_xx:0.001936, cov_yy:0.002046"
2026-08-21 10:21:17.422,safety/right_bumper,"FALSE"
2026-08-21 10:21:17.423,safety/emergency_button,"FALSE"
2026-08-21 10:21:17.423,safety/left_bumper,"FALSE"
2026-08-21 10:21:17.423,safety/suction_switch,"FALSE"
2026-08-21 10:21:17.423,battery/status,"100.000000%"
2026-08-21 10:21:17.433,particle_cloud,"count:800, spread:0.282964"
2026-08-21 10:21:17.440,rated_current_left,"0.000000"
2026-08-21 10:21:17.440,rated_current_right,"0.000000"
2026-08-21 10:21:17.455,odometry/filtered,"x:0.000000, y:0.000000, yaw:0.000000, cov_xx:0.001922, cov_yy:0.002031"
2026-08-21 10:21:17.476,safety/left_bumper,"FALSE"
2026-08-21 10:21:17.476,safety/right_bumper,"FALSE"
2026-08-21 10:21:17.477,safety/emergency_button,"FALSE"
2026-08-21 10:21:17.477,safety/suction_switch,"FALSE"
2026-08-21 10:21:17.477,rated_current_left,"0.000000"
2026-08-21 10:21:17.477,rated_current_right,"0.000000"
2026-08-21 10:21:17.477,odometry/filtered,"x:0.000000, y:0.000000, yaw:0.000000, cov_xx:0.001916, cov_yy:0.002025"
2026-08-21 10:21:17.504,rated_current_left,"0.000000"
2026-08-21 10:21:17.506,rated_current_right,"0.000000"
2026-08-21 10:21:17.515,odometry/filtered,"x:0.000000, y:0.000000, yaw:0.000000, cov_xx:0.001928, cov_yy:0.002038"
2026-08-21 10:21:17.526,battery/status,"100.000000%"
2026-08-21 10:21:17.526,safety/left_bumper,"FALSE"
2026-08-21 10:21:17.526,safety/right_bumper,"FALSE"
2026-08-21 10:21:17.526,safety/emergency_button,"FALSE"
2026-08-21 10:21:17.526,safety/suction_switch,"FALSE"
2026-08-21 10:21:17.536,rated_current_left,"0.000000"
2026-08-21 10:21:17.537,rated_current_right,"0.000000"
2026-08-21 10:21:17.555,odometry/filtered,"x:0.000000, y:0.000000, yaw:0.000000, cov_xx:0.001938, cov_yy:0.002048"
2026-08-21 10:21:17.568,rated_current_left,"0.000000"
2026-08-21 10:21:17.568,rated_current_right,"0.000000"
2026-08-21 10:21:17.573,safety/left_bumper,"FALSE"
2026-08-21 10:21:17.573,safety/right_bumper,"FALSE"
2026-08-21 10:21:17.573,safety/emergency_button,"FALSE"
2026-08-21 10:21:17.573,safety/suction_switch,"FALSE"
2026-08-21 10:21:17.578,odometry/filtered,"x:0.000000, y:0.000000, yaw:0.000000, cov_xx:0.001935, cov_yy:0.002046"
2026-08-21 10:21:17.599,rated_current_left,"0.000000"
2026-08-21 10:21:17.599,rated_current_right,"0.000000"
2026-08-21 10:21:17.614,odometry/filtered,"x:0.000000, y:0.000000, yaw:0.000000, cov_xx:0.001919, cov_yy:0.002028"
2026-08-21 10:21:17.624,battery/status,"100.000000%"
2026-08-21 10:21:17.624,safety/left_bumper,"FALSE"
2026-08-21 10:21:17.624,safety/right_bumper,"FALSE"
2026-08-21 10:21:17.624,safety/emergency_button,"FALSE"
2026-08-21 10:21:17.624,safety/suction_switch,"FALSE"
2026-08-21 10:21:17.632,particle_cloud,"count:800, spread:0.287073"
2026-08-21 10:21:17.636,rated_current_left,"0.000000"
2026-08-21 10:21:17.637,rated_current_right,"0.000000"
2026-08-21 10:21:17.655,odometry/filtered,"x:0.000000, y:0.000000, yaw:0.000000, cov_xx:0.001983, cov_yy:0.002098"
2026-08-21 10:21:17.664,rated_current_left,"0.000000"
2026-08-21 10:21:17.664,rated_current_right,"0.000000"
2026-08-21 10:21:17.672,safety/emergency_button,"FALSE"
2026-08-21 10:21:17.672,safety/left_bumper,"FALSE"
2026-08-21 10:21:17.672,safety/right_bumper,"FALSE"
2026-08-21 10:21:17.672,safety/suction_switch,"FALSE"
2026-08-21 10:21:17.676,odometry/filtered,"x:0.000000, y:0.000000, yaw:0.000000, cov_xx:0.001904, cov_yy:0.002011"
2026-08-21 10:21:17.697,rated_current_left,"0.000000"
2026-08-21 10:21:17.697,rated_current_right,"0.000000"
2026-08-21 10:21:17.714,odometry/filtered,"x:0.000000, y:0.000000, yaw:0.000000, cov_xx:0.001936, cov_yy:0.002046"
2026-08-21 10:21:17.725,battery/status,"100.000000%"
2026-08-21 10:21:17.725,safety/left_bumper,"FALSE"
2026-08-21 10:21:17.725,safety/right_bumper,"FALSE"
2026-08-21 10:21:17.725,safety/emergency_button,"FALSE"
2026-08-21 10:21:17.725,safety/suction_switch,"FALSE"
2026-08-21 10:21:17.731,rated_current_left,"0.000000"
2026-08-21 10:21:17.732,rated_current_right,"0.000000"
2026-08-21 10:21:17.735,odometry/filtered,"x:0.000000, y:0.000000, yaw:0.000000, cov_xx:0.001961, cov_yy:0.002074"
2026-08-21 10:21:17.760,rated_current_left,"0.000000"
2026-08-21 10:21:17.761,rated_current_right,"0.000000"
2026-08-21 10:21:17.772,safety/left_bumper,"FALSE"
2026-08-21 10:21:17.773,safety/right_bumper,"FALSE"
2026-08-21 10:21:17.773,safety/emergency_button,"FALSE"
2026-08-21 10:21:17.773,safety/suction_switch,"FALSE"
2026-08-21 10:21:17.775,odometry/filtered,"x:0.000000, y:0.000000, yaw:0.000000, cov_xx:0.001904, cov_yy:0.002011"
2026-08-21 10:21:17.792,rated_current_left,"0.000000"
2026-08-21 10:21:17.792,rated_current_right,"0.000000"
2026-08-21 10:21:17.804,robot_status,"ROBOT_LOCKED"
2026-08-21 10:21:17.815,odometry/filtered,"x:0.000000, y:0.000000, yaw:0.000000, cov_xx:0.001917, cov_yy:0.002026"
2026-08-21 10:21:17.823,safety/left_bumper,"FALSE"
2026-08-21 10:21:17.823,safety/right_bumper,"FALSE"
2026-08-21 10:21:17.823,safety/emergency_button,"FALSE"
2026-08-21 10:21:17.823,safety/suction_switch,"FALSE"
2026-08-21 10:21:17.823,battery/status,"100.000000%"
2026-08-21 10:21:17.824,rated_current_left,"0.000000"
2026-08-21 10:21:17.824,rated_current_right,"0.000000"
2026-08-21 10:21:17.832,particle_cloud,"count:800, spread:0.288652"
2026-08-21 10:21:17.836,odometry/filtered,"x:0.000000, y:0.000000, yaw:0.000000, cov_xx:0.001925, cov_yy:0.002035"
2026-08-21 10:21:17.856,rated_current_left,"0.000000"
2026-08-21 10:21:17.856,rated_current_right,"0.000000"
2026-08-21 10:21:17.873,safety/left_bumper,"FALSE"
2026-08-21 10:21:17.873,safety/right_bumper,"FALSE"
2026-08-21 10:21:17.873,safety/emergency_button,"FALSE"
2026-08-21 10:21:17.873,safety/suction_switch,"FALSE"
2026-08-21 10:21:17.889,rated_current_left,"0.000000"
2026-08-21 10:21:17.890,rated_current_right,"0.000000"
2026-08-21 10:21:17.894,odometry/filtered,"x:0.000000, y:0.000000, yaw:0.000000, cov_xx:0.001935, cov_yy:0.002046"
2026-08-21 10:21:17.899,odometry/filtered,"x:0.000000, y:0.000000, yaw:0.000000, cov_xx:0.001943, cov_yy:0.002054"
2026-08-21 10:21:17.920,rated_current_left,"0.000000"
2026-08-21 10:21:17.921,rated_current_right,"0.000000"
2026-08-21 10:21:17.922,safety/emergency_button,"FALSE"
2026-08-21 10:21:17.922,safety/left_bumper,"FALSE"
2026-08-21 10:21:17.922,safety/right_bumper,"FALSE"
2026-08-21 10:21:17.922,safety/suction_switch,"FALSE"
2026-08-21 10:21:17.923,battery/status,"100.000000%"
2026-08-21 10:21:17.934,odometry/filtered,"x:0.000000, y:0.000000, yaw:0.000000, cov_xx:0.001935, cov_yy:0.002045"
2026-08-21 10:21:17.954,rated_current_left,"0.000000"
2026-08-21 10:21:17.954,rated_current_right,"0.000000"
2026-08-21 10:21:17.973,safety/emergency_button,"FALSE"
2026-08-21 10:21:17.973,safety/left_bumper,"FALSE"
2026-08-21 10:21:17.973,safety/right_bumper,"FALSE"
2026-08-21 10:21:17.973,safety/suction_switch,"FALSE"
2026-08-21 10:21:17.974,odometry/filtered,"x:0.000000, y:0.000000, yaw:0.000000, cov_xx:0.001964, cov_yy:0.002077"
2026-08-21 10:21:17.987,rated_current_left,"0.000000"
2026-08-21 10:21:17.987,rated_current_right,"0.000000"
2026-08-21 10:21:17.994,odometry/filtered,"x:0.000000, y:0.000000, yaw:0.000000, cov_xx:0.001915, cov_yy:0.002023"
2026-08-21 10:21:18.015,rated_current_left,"0.000000"
2026-08-21 10:21:18.015,rated_current_right,"0.000000"
2026-08-21 10:21:18.022,safety/right_bumper,"FALSE"
2026-08-21 10:21:18.022,safety/emergency_button,"FALSE"
2026-08-21 10:21:18.023,battery/status,"100.000000%"
2026-08-21 10:21:18.023,safety/left_bumper,"FALSE"
2026-08-21 10:21:18.023,safety/suction_switch,"FALSE"
2026-08-21 10:21:18.032,particle_cloud,"count:800, spread:0.286067"
2026-08-21 10:21:18.037,odometry/filtered,"x:0.000000, y:0.000000, yaw:0.000000, cov_xx:0.001912, cov_yy:0.002020"
2026-08-21 10:21:18.047,rated_current_left,"0.000000"
2026-08-21 10:21:18.047,rated_current_right,"0.000000"
2026-08-21 10:21:18.055,odometry/filtered,"x:0.000000, y:0.000000, yaw:0.000000, cov_xx:0.001925, cov_yy:0.002035"
2026-08-21 10:21:18.072,safety/emergency_button,"FALSE"
2026-08-21 10:21:18.073,safety/left_bumper,"FALSE"
2026-08-21 10:21:18.073,safety/right_bumper,"FALSE"
2026-08-21 10:21:18.073,safety/suction_switch,"FALSE"
2026-08-21 10:21:18.079,rated_current_left,"0.000000"
2026-08-21 10:21:18.079,rated_current_right,"0.000000"
2026-08-21 10:21:18.096,odometry/filtered,"x:0.000000, y:0.000000, yaw:0.000000, cov_xx:0.001933, cov_yy:0.002043"
2026-08-21 10:21:18.112,rated_current_left,"0.000000"
2026-08-21 10:21:18.113,rated_current_right,"0.000000"
2026-08-21 10:21:18.122,safety/right_bumper,"FALSE"
2026-08-21 10:21:18.122,safety/emergency_button,"FALSE"
2026-08-21 10:21:18.123,battery/status,"100.000000%"
2026-08-21 10:21:18.123,safety/left_bumper,"FALSE"
2026-08-21 10:21:18.123,safety/suction_switch,"FALSE"
2026-08-21 10:21:18.136,odometry/filtered,"x:0.000000, y:0.000000, yaw:0.000000, cov_xx:0.001948, cov_yy:0.002060"
2026-08-21 10:21:18.145,rated_current_left,"0.000000"
2026-08-21 10:21:18.145,rated_current_right,"0.000000"
2026-08-21 10:21:18.155,odometry/filtered,"x:0.000000, y:0.000000, yaw:0.000000, cov_xx:0.001922, cov_yy:0.002030"
2026-08-21 10:21:18.172,safety/right_bumper,"FALSE"
2026-08-21 10:21:18.172,safety/emergency_button,"FALSE"
2026-08-21 10:21:18.175,safety/left_bumper,"FALSE"
2026-08-21 10:21:18.175,safety/suction_switch,"FALSE"
2026-08-21 10:21:18.179,rated_current_left,"0.000000"
2026-08-21 10:21:18.179,rated_current_right,"0.000000"
2026-08-21 10:21:18.194,odometry/filtered,"x:0.000000, y:0.000000, yaw:0.000000, cov_xx:0.001963, cov_yy:0.002076"
2026-08-21 10:21:18.207,rated_current_left,"0.000000"
2026-08-21 10:21:18.207,rated_current_right,"0.000000"
2026-08-21 10:21:18.215,odometry/filtered,"x:0.000000, y:0.000000, yaw:0.000000, cov_xx:0.001911, cov_yy:0.002018"
2026-08-21 10:21:18.223,battery/status,"100.000000%"
2026-08-21 10:21:18.223,safety/left_bumper,"FALSE"
2026-08-21 10:21:18.224,safety/right_bumper,"FALSE"
2026-08-21 10:21:18.224,safety/emergency_button,"FALSE"
2026-08-21 10:21:18.224,safety/suction_switch,"FALSE"
2026-08-21 10:21:18.232,particle_cloud,"count:800, spread:0.284682"
2026-08-21 10:21:18.240,rated_current_left,"0.000000"
2026-08-21 10:21:18.240,rated_current_right,"0.000000"
2026-08-21 10:21:18.255,odometry/filtered,"x:0.000000, y:0.000000, yaw:0.000000, cov_xx:0.001932, cov_yy:0.002042"
2026-08-21 10:21:18.273,safety/emergency_button,"FALSE"
2026-08-21 10:21:18.273,rated_current_left,"0.000000"
2026-08-21 10:21:18.273,safety/left_bumper,"FALSE"
2026-08-21 10:21:18.273,safety/right_bumper,"FALSE"
2026-08-21 10:21:18.273,safety/suction_switch,"FALSE"
2026-08-21 10:21:18.273,rated_current_right,"0.000000"
2026-08-21 10:21:18.275,odometry/filtered,"x:0.000000, y:0.000000, yaw:0.000000, cov_xx:0.001946, cov_yy:0.002058"
2026-08-21 10:21:18.303,rated_current_left,"0.000000"
2026-08-21 10:21:18.303,rated_current_right,"0.000000"
2026-08-21 10:21:18.307,robot_status,"ROBOT_LOCKED"
2026-08-21 10:21:18.315,odometry/filtered,"x:0.000000, y:0.000000, yaw:0.000000, cov_xx:0.001907, cov_yy:0.002014"
2026-08-21 10:21:18.322,safety/emergency_button,"FALSE"
2026-08-21 10:21:18.322,battery/status,"100.000000%"
2026-08-21 10:21:18.322,safety/left_bumper,"FALSE"
2026-08-21 10:21:18.322,safety/right_bumper,"FALSE"
2026-08-21 10:21:18.322,safety/suction_switch,"FALSE"
2026-08-21 10:21:18.338,rated_current_left,"0.000000"
2026-08-21 10:21:18.338,rated_current_right,"0.000000"
2026-08-21 10:21:18.355,odometry/filtered,"x:0.000000, y:0.000000, yaw:0.000000, cov_xx:0.001976, cov_yy:0.002091"
2026-08-21 10:21:18.368,rated_current_left,"0.000000"
2026-08-21 10:21:18.368,rated_current_right,"0.000000"
2026-08-21 10:21:18.372,safety/emergency_button,"FALSE"
2026-08-21 10:21:18.375,odometry/filtered,"x:0.000000, y:0.000000, yaw:0.000000, cov_xx:0.001912, cov_yy:0.002019"
2026-08-21 10:21:18.375,safety/left_bumper,"FALSE"
2026-08-21 10:21:18.375,safety/right_bumper,"FALSE"
2026-08-21 10:21:18.375,safety/suction_switch,"FALSE"
2026-08-21 10:21:18.401,rated_current_left,"0.000000"
2026-08-21 10:21:18.401,rated_current_right,"0.000000"
2026-08-21 10:21:18.418,odometry/filtered,"x:0.000000, y:0.000000, yaw:0.000000, cov_xx:0.001915, cov_yy:0.002023"
2026-08-21 10:21:18.422,safety/right_bumper,"FALSE"
2026-08-21 10:21:18.422,safety/emergency_button,"FALSE"
2026-08-21 10:21:18.423,battery/status,"100.000000%"
2026-08-21 10:21:18.423,safety/left_bumper,"FALSE"
2026-08-21 10:21:18.423,safety/suction_switch,"FALSE"
2026-08-21 10:21:18.431,rated_current_left,"0.000000"
2026-08-21 10:21:18.431,rated_current_right,"0.000000"
2026-08-21 10:21:18.432,particle_cloud,"count:800, spread:0.291313"
2026-08-21 10:21:18.435,odometry/filtered,"x:0.000000, y:0.000000, yaw:0.000000, cov_xx:0.001909, cov_yy:0.002017"
2026-08-21 10:21:18.465,rated_current_left,"0.000000"
2026-08-21 10:21:18.465,rated_current_right,"0.000000"
2026-08-21 10:21:18.472,safety/emergency_button,"FALSE"
2026-08-21 10:21:18.472,safety/right_bumper,"FALSE"
2026-08-21 10:21:18.473,safety/left_bumper,"FALSE"
2026-08-21 10:21:18.473,safety/suction_switch,"FALSE"
2026-08-21 10:21:18.475,odometry/filtered,"x:0.000000, y:0.000000, yaw:0.000000, cov_xx:0.001947, cov_yy:0.002059"
2026-08-21 10:21:18.494,rated_current_left,"0.000000"
2026-08-21 10:21:18.495,rated_current_right,"0.000000"
2026-08-21 10:21:18.515,odometry/filtered,"x:0.000000, y:0.000000, yaw:0.000000, cov_xx:0.001917, cov_yy:0.002026"
2026-08-21 10:21:18.524,safety/emergency_button,"FALSE"
2026-08-21 10:21:18.529,battery/status,"100.000000%"
2026-08-21 10:21:18.529,safety/left_bumper,"FALSE"
2026-08-21 10:21:18.530,safety/right_bumper,"FALSE"
2026-08-21 10:21:18.530,safety/suction_switch,"FALSE"
2026-08-21 10:21:18.530,rated_current_left,"0.000000"
2026-08-21 10:21:18.530,rated_current_right,"0.000000"
2026-08-21 10:21:18.536,odometry/filtered,"x:0.000000, y:0.000000, yaw:0.000000, cov_xx:0.001953, cov_yy:0.002066"
2026-08-21 10:21:18.558,rated_current_left,"0.000000"
2026-08-21 10:21:18.558,rated_current_right,"0.000000"
2026-08-21 10:21:18.576,odometry/filtered,"x:0.000000, y:0.000000, yaw:0.000000, cov_xx:0.001911, cov_yy:0.002019"
2026-08-21 10:21:18.576,safety/left_bumper,"FALSE"
2026-08-21 10:21:18.576,safety/right_bumper,"FALSE"
2026-08-21 10:21:18.576,safety/emergency_button,"FALSE"
2026-08-21 10:21:18.576,safety/suction_switch,"FALSE"
2026-08-21 10:21:18.592,rated_current_left,"0.000000"
2026-08-21 10:21:18.592,rated_current_right,"0.000000"
2026-08-21 10:21:18.595,odometry/filtered,"x:0.000000, y:0.000000, yaw:0.000000, cov_xx:0.001955, cov_yy:0.002067"
2026-08-21 10:21:18.624,battery/status,"100.000000%"
2026-08-21 10:21:18.624,safety/left_bumper,"FALSE"
2026-08-21 10:21:18.624,safety/right_bumper,"FALSE"
2026-08-21 10:21:18.624,safety/emergency_button,"FALSE"
2026-08-21 10:21:18.624,safety/suction_switch,"FALSE"
2026-08-21 10:21:18.624,rated_current_left,"0.000000"
2026-08-21 10:21:18.624,rated_current_right,"0.000000"
2026-08-21 10:21:18.632,particle_cloud,"count:800, spread:0.285985"
2026-08-21 10:21:18.634,odometry/filtered,"x:0.000000, y:0.000000, yaw:0.000000, cov_xx:0.001957, cov_yy:0.002069"
2026-08-21 10:21:18.657,rated_current_left,"0.000000"
2026-08-21 10:21:18.657,rated_current_right,"0.000000"
2026-08-21 10:21:18.673,safety/left_bumper,"FALSE"
2026-08-21 10:21:18.674,safety/right_bumper,"FALSE"
2026-08-21 10:21:18.674,safety/emergency_button,"FALSE"
2026-08-21 10:21:18.674,safety/suction_switch,"FALSE"
2026-08-21 10:21:18.676,odometry/filtered,"x:0.000000, y:0.000000, yaw:0.000000, cov_xx:0.001951, cov_yy:0.002063"
2026-08-21 10:21:18.685,rated_current_left,"0.000000"
2026-08-21 10:21:18.687,rated_current_right,"0.000000"
2026-08-21 10:21:18.695,odometry/filtered,"x:0.000000, y:0.000000, yaw:0.000000, cov_xx:0.001880, cov_yy:0.001984"
2026-08-21 10:21:18.719,rated_current_left,"0.000000"
2026-08-21 10:21:18.719,rated_current_right,"0.000000"
2026-08-21 10:21:18.722,safety/emergency_button,"FALSE"
2026-08-21 10:21:18.727,battery/status,"100.000000%"
2026-08-21 10:21:18.727,safety/left_bumper,"FALSE"
2026-08-21 10:21:18.727,safety/right_bumper,"FALSE"
2026-08-21 10:21:18.727,safety/suction_switch,"FALSE"
2026-08-21 10:21:18.735,odometry/filtered,"x:0.000000, y:0.000000, yaw:0.000000, cov_xx:0.001945, cov_yy:0.002056"
2026-08-21 10:21:18.750,rated_current_left,"0.000000"
2026-08-21 10:21:18.751,rated_current_right,"0.000000"
2026-08-21 10:21:18.754,odometry/filtered,"x:0.000000, y:0.000000, yaw:0.000000, cov_xx:0.001923, cov_yy:0.002032"
2026-08-21 10:21:18.772,safety/left_bumper,"FALSE"
2026-08-21 10:21:18.772,safety/right_bumper,"FALSE"
2026-08-21 10:21:18.772,safety/emergency_button,"FALSE"
2026-08-21 10:21:18.772,safety/suction_switch,"FALSE"
2026-08-21 10:21:18.786,rated_current_left,"0.000000"
2026-08-21 10:21:18.786,rated_current_right,"0.000000"
2026-08-21 10:21:18.797,odometry/filtered,"x:0.000000, y:0.000000, yaw:0.000000, cov_xx:0.001925, cov_yy:0.002034"
2026-08-21 10:21:18.811,robot_status,"ROBOT_LOCKED"
2026-08-21 10:21:18.814,rated_current_left,"0.000000"
2026-08-21 10:21:18.814,rated_current_right,"0.000000"
2026-08-21 10:21:18.822,battery/status,"100.000000%"
2026-08-21 10:21:18.823,safety/left_bumper,"FALSE"
2026-08-21 10:21:18.823,safety/right_bumper,"FALSE"
2026-08-21 10:21:18.823,safety/emergency_button,"FALSE"
2026-08-21 10:21:18.823,safety/suction_switch,"FALSE"
2026-08-21 10:21:18.831,particle_cloud,"count:800, spread:0.280696"
2026-08-21 10:21:18.835,odometry/filtered,"x:0.000000, y:0.000000, yaw:0.000000, cov_xx:0.001912, cov_yy:0.002021"
2026-08-21 10:21:18.846,rated_current_left,"0.000000"
2026-08-21 10:21:18.846,rated_current_right,"0.000000"
2026-08-21 10:21:18.855,odometry/filtered,"x:0.000000, y:0.000000, yaw:0.000000, cov_xx:0.001943, cov_yy:0.002055"
2026-08-21 10:21:18.872,safety/emergency_button,"FALSE"
2026-08-21 10:21:18.872,safety/left_bumper,"FALSE"
2026-08-21 10:21:18.872,safety/right_bumper,"FALSE"
2026-08-21 10:21:18.872,safety/suction_switch,"FALSE"
2026-08-21 10:21:18.882,rated_current_left,"0.000000"
2026-08-21 10:21:18.882,rated_current_right,"0.000000"
2026-08-21 10:21:18.894,odometry/filtered,"x:0.000000, y:0.000000, yaw:0.000000, cov_xx:0.001957, cov_yy:0.002070"
2026-08-21 10:21:18.913,rated_current_left,"0.000000"
2026-08-21 10:21:18.913,rated_current_right,"0.000000"
2026-08-21 10:21:18.914,odometry/filtered,"x:0.000000, y:0.000000, yaw:0.000000, cov_xx:0.001925, cov_yy:0.002034"
2026-08-21 10:21:18.922,safety/emergency_button,"FALSE"
2026-08-21 10:21:18.922,safety/left_bumper,"FALSE"
2026-08-21 10:21:18.922,safety/right_bumper,"FALSE"
2026-08-21 10:21:18.923,safety/suction_switch,"FALSE"
2026-08-21 10:21:18.923,battery/status,"100.000000%"
2026-08-21 10:21:18.941,rated_current_left,"0.000000"
2026-08-21 10:21:18.941,rated_current_right,"0.000000"
2026-08-21 10:21:18.955,odometry/filtered,"x:0.000000, y:0.000000, yaw:0.000000, cov_xx:0.001912, cov_yy:0.002020"
2026-08-21 10:21:18.972,safety/left_bumper,"FALSE"
2026-08-21 10:21:18.972,safety/right_bumper,"FALSE"
2026-08-21 10:21:18.972,safety/emergency_button,"FALSE"
2026-08-21 10:21:18.972,safety/suction_switch,"FALSE"
2026-08-21 10:21:18.973,rated_current_left,"0.000000"
2026-08-21 10:21:18.974,rated_current_right,"0.000000"
2026-08-21 10:21:18.995,odometry/filtered,"x:0.000000, y:0.000000, yaw:0.000000, cov_xx:0.001925, cov_yy:0.002035"
2026-08-21 10:21:19.005,rated_current_left,"0.000000"
2026-08-21 10:21:19.005,rated_current_right,"0.000000"
2026-08-21 10:21:19.015,odometry/filtered,"x:0.000000, y:0.000000, yaw:0.000000, cov_xx:0.001929, cov_yy:0.002039"
2026-08-21 10:21:19.025,battery/status,"100.000000%"
2026-08-21 10:21:19.025,safety/left_bumper,"FALSE"
2026-08-21 10:21:19.025,safety/right_bumper,"FALSE"
2026-08-21 10:21:19.025,safety/emergency_button,"FALSE"
2026-08-21 10:21:19.025,safety/suction_switch,"FALSE"
2026-08-21 10:21:19.032,particle_cloud,"count:800, spread:0.282951"
2026-08-21 10:21:19.037,rated_current_left,"0.000000"
2026-08-21 10:21:19.037,rated_current_right,"0.000000"
2026-08-21 10:21:19.056,odometry/filtered,"x:0.000000, y:0.000000, yaw:0.000000, cov_xx:0.001924, cov_yy:0.002033"
2026-08-21 10:21:19.070,rated_current_left,"0.000000"
2026-08-21 10:21:19.070,rated_current_right,"0.000000"
2026-08-21 10:21:19.073,safety/emergency_button,"FALSE"
2026-08-21 10:21:19.073,safety/left_bumper,"FALSE"
2026-08-21 10:21:19.073,safety/right_bumper,"FALSE"
2026-08-21 10:21:19.073,safety/suction_switch,"FALSE"
2026-08-21 10:21:19.074,odometry/filtered,"x:0.000000, y:0.000000, yaw:0.000000, cov_xx:0.001961, cov_yy:0.002075"
2026-08-21 10:21:19.101,rated_current_left,"0.000000"
2026-08-21 10:21:19.101,rated_current_right,"0.000000"
2026-08-21 10:21:19.114,odometry/filtered,"x:0.000000, y:0.000000, yaw:0.000000, cov_xx:0.001915, cov_yy:0.002023"
2026-08-21 10:21:19.122,safety/right_bumper,"FALSE"
2026-08-21 10:21:19.127,safety/emergency_button,"FALSE"
2026-08-21 10:21:19.127,battery/status,"100.000000%"
2026-08-21 10:21:19.127,safety/left_bumper,"FALSE"
2026-08-21 10:21:19.127,safety/suction_switch,"FALSE"
2026-08-21 10:21:19.133,rated_current_left,"0.000000"
2026-08-21 10:21:19.133,rated_current_right,"0.000000"
2026-08-21 10:21:19.155,odometry/filtered,"x:0.000000, y:0.000000, yaw:0.000000, cov_xx:0.001926, cov_yy:0.002035"
2026-08-21 10:21:19.165,rated_current_left,"0.000000"
2026-08-21 10:21:19.167,rated_current_right,"0.000000"
2026-08-21 10:21:19.172,safety/right_bumper,"FALSE"
2026-08-21 10:21:19.172,safety/emergency_button,"FALSE"
2026-08-21 10:21:19.172,safety/left_bumper,"FALSE"
2026-08-21 10:21:19.172,safety/suction_switch,"FALSE"
2026-08-21 10:21:19.175,odometry/filtered,"x:0.000000, y:0.000000, yaw:0.000000, cov_xx:0.001929, cov_yy:0.002039"
2026-08-21 10:21:19.197,rated_current_left,"0.000000"
2026-08-21 10:21:19.197,rated_current_right,"0.000000"
2026-08-21 10:21:19.214,odometry/filtered,"x:0.000000, y:0.000000, yaw:0.000000, cov_xx:0.001928, cov_yy:0.002037"
2026-08-21 10:21:19.222,safety/emergency_button,"FALSE"
2026-08-21 10:21:19.222,battery/status,"100.000000%"
2026-08-21 10:21:19.222,safety/left_bumper,"FALSE"
2026-08-21 10:21:19.222,safety/right_bumper,"FALSE"
2026-08-21 10:21:19.222,safety/suction_switch,"FALSE"
2026-08-21 10:21:19.231,rated_current_left,"0.000000"
2026-08-21 10:21:19.231,rated_current_right,"0.000000"
2026-08-21 10:21:19.232,particle_cloud,"count:800, spread:0.293366"
2026-08-21 10:21:19.234,odometry/filtered,"x:0.000000, y:0.000000, yaw:0.000000, cov_xx:0.001947, cov_yy:0.002059"
2026-08-21 10:21:19.262,rated_current_left,"0.000000"
2026-08-21 10:21:19.262,rated_current_right,"0.000000"
2026-08-21 10:21:19.272,safety/emergency_button,"FALSE"
2026-08-21 10:21:19.272,safety/right_bumper,"FALSE"
2026-08-21 10:21:19.272,safety/left_bumper,"FALSE"
2026-08-21 10:21:19.272,safety/suction_switch,"FALSE"
2026-08-21 10:21:19.274,odometry/filtered,"x:0.000000, y:0.000000, yaw:0.000000, cov_xx:0.001941, cov_yy:0.002052"
2026-08-21 10:21:19.293,rated_current_left,"0.000000"
2026-08-21 10:21:19.294,odometry/filtered,"x:0.000000, y:0.000000, yaw:0.000000, cov_xx:0.001921, cov_yy:0.002029"
2026-08-21 10:21:19.294,rated_current_right,"0.000000"
2026-08-21 10:21:19.304,robot_status,"ROBOT_LOCKED"
2026-08-21 10:21:19.322,safety/emergency_button,"FALSE"
2026-08-21 10:21:19.322,battery/status,"100.000000%"
2026-08-21 10:21:19.322,safety/left_bumper,"FALSE"
2026-08-21 10:21:19.323,safety/right_bumper,"FALSE"
2026-08-21 10:21:19.323,safety/suction_switch,"FALSE"
2026-08-21 10:21:19.327,rated_current_left,"0.000000"
2026-08-21 10:21:19.327,rated_current_right,"0.000000"
2026-08-21 10:21:19.334,odometry/filtered,"x:0.000000, y:0.000000, yaw:0.000000, cov_xx:0.001946, cov_yy:0.002057"
2026-08-21 10:21:19.356,rated_current_left,"0.000000"
2026-08-21 10:21:19.356,rated_current_right,"0.000000"
2026-08-21 10:21:19.372,safety/emergency_button,"FALSE"
2026-08-21 10:21:19.372,safety/right_bumper,"FALSE"
2026-08-21 10:21:19.372,safety/left_bumper,"FALSE"
2026-08-21 10:21:19.372,safety/suction_switch,"FALSE"
2026-08-21 10:21:19.375,odometry/filtered,"x:0.000000, y:0.000000, yaw:0.000000, cov_xx:0.001920, cov_yy:0.002028"
2026-08-21 10:21:19.389,rated_current_left,"0.000000"
2026-08-21 10:21:19.391,rated_current_right,"0.000000"
2026-08-21 10:21:19.399,odometry/filtered,"x:0.000000, y:0.000000, yaw:0.000000, cov_xx:0.001935, cov_yy:0.002045"
2026-08-21 10:21:19.421,rated_current_left,"0.000000"
2026-08-21 10:21:19.422,safety/right_bumper,"FALSE"
2026-08-21 10:21:19.422,safety/emergency_button,"FALSE"
2026-08-21 10:21:19.422,rated_current_right,"0.000000"
2026-08-21 10:21:19.424,safety/left_bumper,"FALSE"
2026-08-21 10:21:19.424,battery/status,"100.000000%"
2026-08-21 10:21:19.424,safety/suction_switch,"FALSE"
2026-08-21 10:21:19.431,particle_cloud,"count:800, spread:0.291252"
2026-08-21 10:21:19.434,odometry/filtered,"x:0.000000, y:0.000000, yaw:0.000000, cov_xx:0.001929, cov_yy:0.002039"
2026-08-21 10:21:19.453,rated_current_left,"0.000000"
2026-08-21 10:21:19.454,rated_current_right,"0.000000"
2026-08-21 10:21:19.454,odometry/filtered,"x:0.000000, y:0.000000, yaw:0.000000, cov_xx:0.001932, cov_yy:0.002042"
2026-08-21 10:21:19.472,safety/emergency_button,"FALSE"
2026-08-21 10:21:19.472,safety/left_bumper,"FALSE"
2026-08-21 10:21:19.472,safety/right_bumper,"FALSE"
2026-08-21 10:21:19.472,safety/suction_switch,"FALSE"
2026-08-21 10:21:19.484,rated_current_left,"0.000000"
2026-08-21 10:21:19.484,rated_current_right,"0.000000"
2026-08-21 10:21:19.495,odometry/filtered,"x:0.000000, y:0.000000, yaw:0.000000, cov_xx:0.001917, cov_yy:0.002026"
2026-08-21 10:21:19.517,rated_current_left,"0.000000"
2026-08-21 10:21:19.517,rated_current_right,"0.000000"
2026-08-21 10:21:19.522,battery/status,"100.000000%"
2026-08-21 10:21:19.522,safety/left_bumper,"FALSE"
2026-08-21 10:21:19.523,safety/right_bumper,"FALSE"
2026-08-21 10:21:19.523,safety/emergency_button,"FALSE"
2026-08-21 10:21:19.523,safety/suction_switch,"FALSE"
2026-08-21 10:21:19.535,odometry/filtered,"x:0.000000, y:0.000000, yaw:0.000000, cov_xx:0.001930, cov_yy:0.002040"
2026-08-21 10:21:19.549,rated_current_left,"0.000000"
2026-08-21 10:21:19.549,rated_current_right,"0.000000"
2026-08-21 10:21:19.555,odometry/filtered,"x:0.000000, y:0.000000, yaw:0.000000, cov_xx:0.001932, cov_yy:0.002042"
2026-08-21 10:21:19.574,safety/left_bumper,"FALSE"
2026-08-21 10:21:19.575,safety/right_bumper,"FALSE"
2026-08-21 10:21:19.575,safety/emergency_button,"FALSE"
2026-08-21 10:21:19.575,safety/suction_switch,"FALSE"
2026-08-21 10:21:19.581,rated_current_left,"0.000000"
2026-08-21 10:21:19.582,rated_current_right,"0.000000"
2026-08-21 10:21:19.595,odometry/filtered,"x:0.000000, y:0.000000, yaw:0.000000, cov_xx:0.001933, cov_yy:0.002043"
2026-08-21 10:21:19.615,odometry/filtered,"x:0.000000, y:0.000000, yaw:0.000000, cov_xx:0.001947, cov_yy:0.002059"
2026-08-21 10:21:19.615,rated_current_left,"0.000000"
2026-08-21 10:21:19.615,rated_current_right,"0.000000"
2026-08-21 10:21:19.622,battery/status,"100.000000%"
2026-08-21 10:21:19.622,safety/left_bumper,"FALSE"
2026-08-21 10:21:19.622,safety/right_bumper,"FALSE"
2026-08-21 10:21:19.622,safety/emergency_button,"FALSE"
2026-08-21 10:21:19.622,safety/suction_switch,"FALSE"
2026-08-21 10:21:19.631,particle_cloud,"count:800, spread:0.278577"
2026-08-21 10:21:19.644,rated_current_left,"0.000000"
2026-08-21 10:21:19.644,rated_current_right,"0.000000"
2026-08-21 10:21:19.655,odometry/filtered,"x:0.000000, y:0.000000, yaw:0.000000, cov_xx:0.001918, cov_yy:0.002026"
2026-08-21 10:21:19.672,safety/emergency_button,"FALSE"
2026-08-21 10:21:19.672,safety/left_bumper,"FALSE"
2026-08-21 10:21:19.672,safety/right_bumper,"FALSE"
2026-08-21 10:21:19.672,safety/suction_switch,"FALSE"
2026-08-21 10:21:19.682,rated_current_left,"0.000000"
2026-08-21 10:21:19.682,rated_current_right,"0.000000"
2026-08-21 10:21:19.694,odometry/filtered,"x:0.000000, y:0.000000, yaw:0.000000, cov_xx:0.002021, cov_yy:0.002140"
2026-08-21 10:21:19.708,rated_current_left,"0.000000"
2026-08-21 10:21:19.708,rated_current_right,"0.000000"
2026-08-21 10:21:19.715,odometry/filtered,"x:0.000000, y:0.000000, yaw:0.000000, cov_xx:0.001877, cov_yy:0.001980"
2026-08-21 10:21:19.722,safety/emergency_button,"FALSE"
2026-08-21 10:21:19.722,safety/left_bumper,"FALSE"
2026-08-21 10:21:19.722,safety/right_bumper,"FALSE"
2026-08-21 10:21:19.722,safety/suction_switch,"FALSE"
2026-08-21 10:21:19.722,battery/status,"100.000000%"
2026-08-21 10:21:19.740,rated_current_left,"0.000000"
2026-08-21 10:21:19.740,rated_current_right,"0.000000"
2026-08-21 10:21:19.755,odometry/filtered,"x:0.000000, y:0.000000, yaw:0.000000, cov_xx:0.001915, cov_yy:0.002023"
2026-08-21 10:21:19.772,safety/emergency_button,"FALSE"
2026-08-21 10:21:19.772,safety/left_bumper,"FALSE"
2026-08-21 10:21:19.772,safety/right_bumper,"FALSE"
2026-08-21 10:21:19.772,safety/suction_switch,"FALSE"
2026-08-21 10:21:19.772,rated_current_left,"0.000000"
2026-08-21 10:21:19.772,rated_current_right,"0.000000"
2026-08-21 10:21:19.775,odometry/filtered,"x:0.000000, y:0.000000, yaw:0.000000, cov_xx:0.001929, cov_yy:0.002038"
2026-08-21 10:21:19.809,robot_status,"ROBOT_LOCKED"
2026-08-21 10:21:19.812,rated_current_left,"0.000000"
2026-08-21 10:21:19.812,rated_current_right,"0.000000"
2026-08-21 10:21:19.824,odometry/filtered,"x:0.000000, y:0.000000, yaw:0.000000, cov_xx:0.001936, cov_yy:0.002046"
2026-08-21 10:21:19.824,battery/status,"100.000000%"
2026-08-21 10:21:19.824,safety/left_bumper,"FALSE"
2026-08-21 10:21:19.824,safety/right_bumper,"FALSE"
2026-08-21 10:21:19.824,safety/emergency_button,"FALSE"
2026-08-21 10:21:19.824,safety/suction_switch,"FALSE"
2026-08-21 10:21:19.831,particle_cloud,"count:800, spread:0.286019"
2026-08-21 10:21:19.836,rated_current_left,"0.000000"
2026-08-21 10:21:19.836,rated_current_right,"0.000000"
2026-08-21 10:21:19.855,odometry/filtered,"x:0.000000, y:0.000000, yaw:0.000000, cov_xx:0.001927, cov_yy:0.002037"
2026-08-21 10:21:19.869,rated_current_left,"0.000000"
2026-08-21 10:21:19.869,rated_current_right,"0.000000"
2026-08-21 10:21:19.872,safety/emergency_button,"FALSE"
2026-08-21 10:21:19.872,safety/left_bumper,"FALSE"
2026-08-21 10:21:19.872,safety/right_bumper,"FALSE"
2026-08-21 10:21:19.872,safety/suction_switch,"FALSE"
2026-08-21 10:21:19.880,odometry/filtered,"x:0.000000, y:0.000000, yaw:0.000000, cov_xx:0.001928, cov_yy:0.002038"
2026-08-21 10:21:19.898,rated_current_left,"0.000000"
2026-08-21 10:21:19.899,rated_current_right,"0.000000"
2026-08-21 10:21:19.914,odometry/filtered,"x:0.000000, y:0.000000, yaw:0.000000, cov_xx:0.001909, cov_yy:0.002017"
2026-08-21 10:21:19.921,safety/emergency_button,"FALSE"
2026-08-21 10:21:19.921,safety/right_bumper,"FALSE"
2026-08-21 10:21:19.924,safety/left_bumper,"FALSE"
2026-08-21 10:21:19.924,battery/status,"100.000000%"
2026-08-21 10:21:19.924,safety/suction_switch,"FALSE"
2026-08-21 10:21:19.932,rated_current_left,"0.000000"
2026-08-21 10:21:19.932,rated_current_right,"0.000000"
2026-08-21 10:21:19.934,odometry/filtered,"x:0.000000, y:0.000000, yaw:0.000000, cov_xx:0.001939, cov_yy:0.002050"
2026-08-21 10:21:19.963,rated_current_left,"0.000000"
2026-08-21 10:21:19.964,rated_current_right,"0.000000"
2026-08-21 10:21:19.971,safety/emergency_button,"FALSE"
2026-08-21 10:21:19.972,safety/left_bumper,"FALSE"
2026-08-21 10:21:19.972,safety/right_bumper,"FALSE"
2026-08-21 10:21:19.972,safety/suction_switch,"FALSE"
2026-08-21 10:21:19.975,odometry/filtered,"x:0.000000, y:0.000000, yaw:0.000000, cov_xx:0.001936, cov_yy:0.002046"
2026-08-21 10:21:19.995,rated_current_left,"0.000000"
2026-08-21 10:21:19.996,rated_current_right,"0.000000"
2026-08-21 10:21:20.015,odometry/filtered,"x:0.000000, y:0.000000, yaw:0.000000, cov_xx:0.001922, cov_yy:0.002031"
2026-08-21 10:21:20.022,safety/right_bumper,"FALSE"
2026-08-21 10:21:20.022,safety/emergency_button,"FALSE"
2026-08-21 10:21:20.023,battery/status,"100.000000%"
2026-08-21 10:21:20.023,safety/left_bumper,"FALSE"
2026-08-21 10:21:20.023,safety/suction_switch,"FALSE"
2026-08-21 10:21:20.028,rated_current_left,"0.000000"
2026-08-21 10:21:20.028,rated_current_right,"0.000000"
2026-08-21 10:21:20.031,particle_cloud,"count:800, spread:0.283456"
2026-08-21 10:21:20.036,odometry/filtered,"x:0.000000, y:0.000000, yaw:0.000000, cov_xx:0.001943, cov_yy:0.002054"
2026-08-21 10:21:20.061,rated_current_left,"0.000000"
2026-08-21 10:21:20.061,rated_current_right,"0.000000"
2026-08-21 10:21:20.072,safety/right_bumper,"FALSE"
2026-08-21 10:21:20.072,safety/emergency_button,"FALSE"
2026-08-21 10:21:20.072,safety/left_bumper,"FALSE"
2026-08-21 10:21:20.072,safety/suction_switch,"FALSE"
2026-08-21 10:21:20.076,odometry/filtered,"x:0.000000, y:0.000000, yaw:0.000000, cov_xx:0.001933, cov_yy:0.002043"
2026-08-21 10:21:20.092,rated_current_left,"0.000000"
2026-08-21 10:21:20.092,rated_current_right,"0.000000"
2026-08-21 10:21:20.095,odometry/filtered,"x:0.000000, y:0.000000, yaw:0.000000, cov_xx:0.001925, cov_yy:0.002034"
2026-08-21 10:21:20.124,safety/right_bumper,"FALSE"
2026-08-21 10:21:20.125,safety/emergency_button,"FALSE"
2026-08-21 10:21:20.125,battery/status,"100.000000%"
2026-08-21 10:21:20.125,safety/left_bumper,"FALSE"
2026-08-21 10:21:20.125,safety/suction_switch,"FALSE"
2026-08-21 10:21:20.125,rated_current_left,"0.000000"
2026-08-21 10:21:20.125,rated_current_right,"0.000000"
2026-08-21 10:21:20.136,odometry/filtered,"x:0.000000, y:0.000000, yaw:0.000000, cov_xx:0.001972, cov_yy:0.002086"
2026-08-21 10:21:20.156,rated_current_left,"0.000000"
2026-08-21 10:21:20.156,rated_current_right,"0.000000"
2026-08-21 10:21:20.171,safety/emergency_button,"FALSE"
2026-08-21 10:21:20.172,safety/left_bumper,"FALSE"
2026-08-21 10:21:20.172,safety/right_bumper,"FALSE"
2026-08-21 10:21:20.172,safety/suction_switch,"FALSE"
2026-08-21 10:21:20.175,odometry/filtered,"x:0.000000, y:0.000000, yaw:0.000000, cov_xx:0.001928, cov_yy:0.002037"
2026-08-21 10:21:20.189,rated_current_left,"0.000000"
2026-08-21 10:21:20.190,rated_current_right,"0.000000"
2026-08-21 10:21:20.196,odometry/filtered,"x:0.000000, y:0.000000, yaw:0.000000, cov_xx:0.001913, cov_yy:0.002021"
2026-08-21 10:21:20.220,rated_current_left,"0.000000"
2026-08-21 10:21:20.223,battery/status,"100.000000%"
2026-08-21 10:21:20.223,safety/left_bumper,"FALSE"
2026-08-21 10:21:20.223,safety/right_bumper,"FALSE"
2026-08-21 10:21:20.223,safety/emergency_button,"FALSE"
2026-08-21 10:21:20.223,safety/suction_switch,"FALSE"
2026-08-21 10:21:20.225,rated_current_right,"0.000000"
2026-08-21 10:21:20.234,particle_cloud,"count:800, spread:0.288518"
2026-08-21 10:21:20.236,odometry/filtered,"x:0.000000, y:0.000000, yaw:0.000000, cov_xx:0.001934, cov_yy:0.002044"
2026-08-21 10:21:20.251,rated_current_left,"0.000000"
2026-08-21 10:21:20.253,rated_current_right,"0.000000"
2026-08-21 10:21:20.255,odometry/filtered,"x:0.000000, y:0.000000, yaw:0.000000, cov_xx:0.001924, cov_yy:0.002033"
2026-08-21 10:21:20.272,safety/right_bumper,"FALSE"
2026-08-21 10:21:20.272,safety/emergency_button,"FALSE"
2026-08-21 10:21:20.272,safety/left_bumper,"FALSE"
2026-08-21 10:21:20.272,safety/suction_switch,"FALSE"
2026-08-21 10:21:20.284,rated_current_left,"0.000000"
2026-08-21 10:21:20.284,rated_current_right,"0.000000"
2026-08-21 10:21:20.295,odometry/filtered,"x:-0.000009, y:0.000000, yaw:-0.000015, cov_xx:0.001931, cov_yy:0.002041"
2026-08-21 10:21:20.326,battery/status,"100.000000%"
2026-08-21 10:21:20.327,robot_status,"ROBOT_LOCKED"
2026-08-21 10:21:20.327,safety/left_bumper,"FALSE"
2026-08-21 10:21:20.327,safety/right_bumper,"FALSE"
2026-08-21 10:21:20.327,safety/emergency_button,"FALSE"
2026-08-21 10:21:20.327,safety/suction_switch,"FALSE"
2026-08-21 10:21:20.327,rated_current_left,"0.000000"
2026-08-21 10:21:20.327,rated_current_right,"0.000000"
2026-08-21 10:21:20.335,odometry/filtered,"x:-0.000015, y:0.000000, yaw:-0.000018, cov_xx:0.001932, cov_yy:0.002042"
2026-08-21 10:21:20.348,rated_current_left,"0.000000"
2026-08-21 10:21:20.349,rated_current_right,"0.000000"
2026-08-21 10:21:20.354,odometry/filtered,"x:-0.000018, y:0.000000, yaw:-0.000021, cov_xx:0.001941, cov_yy:0.002052"
2026-08-21 10:21:20.371,safety/emergency_button,"FALSE"
2026-08-21 10:21:20.372,safety/left_bumper,"FALSE"
2026-08-21 10:21:20.372,safety/right_bumper,"FALSE"
2026-08-21 10:21:20.372,safety/suction_switch,"FALSE"
2026-08-21 10:21:20.378,rated_current_left,"0.000000"
2026-08-21 10:21:20.379,rated_current_right,"0.000000"
2026-08-21 10:21:20.397,odometry/filtered,"x:-0.000020, y:0.000000, yaw:-0.000023, cov_xx:0.001921, cov_yy:0.002030"
2026-08-21 10:21:20.413,rated_current_left,"0.000000"
2026-08-21 10:21:20.413,rated_current_right,"0.000000"
2026-08-21 10:21:20.414,odometry/filtered,"x:-0.000025, y:0.000000, yaw:-0.000040, cov_xx:0.001939, cov_yy:0.002050"
2026-08-21 10:21:20.426,battery/status,"100.000000%"
2026-08-21 10:21:20.426,safety/left_bumper,"FALSE"
2026-08-21 10:21:20.426,safety/right_bumper,"FALSE"
2026-08-21 10:21:20.426,safety/emergency_button,"FALSE"
2026-08-21 10:21:20.426,safety/suction_switch,"FALSE"
2026-08-21 10:21:20.431,particle_cloud,"count:800, spread:0.293863"
2026-08-21 10:21:20.442,rated_current_left,"0.000000"
2026-08-21 10:21:20.442,rated_current_right,"0.000000"
2026-08-21 10:21:20.456,odometry/filtered,"x:-0.000027, y:0.000000, yaw:-0.000045, cov_xx:0.001913, cov_yy:0.002021"
2026-08-21 10:21:20.473,safety/left_bumper,"FALSE"
2026-08-21 10:21:20.473,safety/right_bumper,"FALSE"
2026-08-21 10:21:20.473,safety/emergency_button,"FALSE"
2026-08-21 10:21:20.473,safety/suction_switch,"FALSE"
2026-08-21 10:21:20.476,rated_current_left,"0.000000"
2026-08-21 10:21:20.477,rated_current_right,"0.000000"
2026-08-21 10:21:20.495,odometry/filtered,"x:-0.000029, y:0.000000, yaw:-0.000049, cov_xx:0.001944, cov_yy:0.002055"
2026-08-21 10:21:20.506,rated_current_left,"0.000000"
2026-08-21 10:21:20.506,rated_current_right,"0.000000"
2026-08-21 10:21:20.515,odometry/filtered,"x:-0.000042, y:0.000000, yaw:-0.000022, cov_xx:0.001923, cov_yy:0.002032"
2026-08-21 10:21:20.521,safety/emergency_button,"FALSE"
2026-08-21 10:21:20.528,battery/status,"100.000000%"
2026-08-21 10:21:20.528,safety/left_bumper,"FALSE"
2026-08-21 10:21:20.528,safety/right_bumper,"FALSE"
2026-08-21 10:21:20.528,safety/suction_switch,"FALSE"
2026-08-21 10:21:20.539,rated_current_left,"0.000000"
2026-08-21 10:21:20.539,rated_current_right,"0.000000"
2026-08-21 10:21:20.555,odometry/filtered,"x:-0.000050, y:0.000000, yaw:-0.000020, cov_xx:0.001940, cov_yy:0.002050"
2026-08-21 10:21:20.572,safety/left_bumper,"FALSE"
2026-08-21 10:21:20.573,safety/right_bumper,"FALSE"
2026-08-21 10:21:20.573,safety/emergency_button,"FALSE"
2026-08-21 10:21:20.573,safety/suction_switch,"FALSE"
2026-08-21 10:21:20.573,rated_current_left,"0.000000"
2026-08-21 10:21:20.573,rated_current_right,"0.000000"
2026-08-21 10:21:20.576,odometry/filtered,"x:-0.000055, y:0.000000, yaw:-0.000019, cov_xx:0.001940, cov_yy:0.002051"
2026-08-21 10:21:20.603,rated_current_left,"0.000000"
2026-08-21 10:21:20.604,rated_current_right,"0.000000"
2026-08-21 10:21:20.615,odometry/filtered,"x:-0.000058, y:0.000000, yaw:-0.000018, cov_xx:0.001929, cov_yy:0.002038"
2026-08-21 10:21:20.631,battery/status,"100.000000%"
2026-08-21 10:21:20.631,safety/left_bumper,"FALSE"
2026-08-21 10:21:20.631,safety/right_bumper,"FALSE"
2026-08-21 10:21:20.631,safety/emergency_button,"FALSE"
2026-08-21 10:21:20.631,safety/suction_switch,"FALSE"
2026-08-21 10:21:20.632,particle_cloud,"count:800, spread:0.288340"
2026-08-21 10:21:20.634,rated_current_left,"0.000000"
2026-08-21 10:21:20.637,rated_current_right,"0.000000"
2026-08-21 10:21:20.655,odometry/filtered,"x:-0.000059, y:0.000000, yaw:-0.000016, cov_xx:0.001934, cov_yy:0.002044"
2026-08-21 10:21:20.666,rated_current_left,"0.000000"
2026-08-21 10:21:20.666,rated_current_right,"0.000000"
2026-08-21 10:21:20.671,safety/left_bumper,"FALSE"
2026-08-21 10:21:20.672,safety/right_bumper,"FALSE"
2026-08-21 10:21:20.672,safety/emergency_button,"FALSE"
2026-08-21 10:21:20.672,safety/suction_switch,"FALSE"
2026-08-21 10:21:20.675,odometry/filtered,"x:-0.000081, y:0.000000, yaw:-0.000039, cov_xx:0.001916, cov_yy:0.002024"
2026-08-21 10:21:20.699,rated_current_left,"0.000000"
2026-08-21 10:21:20.699,rated_current_right,"0.000000"
2026-08-21 10:21:20.718,odometry/filtered,"x:-0.000093, y:0.000000, yaw:-0.000042, cov_xx:0.001923, cov_yy:0.002032"
2026-08-21 10:21:20.722,battery/status,"100.000000%"
2026-08-21 10:21:20.722,safety/left_bumper,"FALSE"
2026-08-21 10:21:20.722,safety/right_bumper,"FALSE"
2026-08-21 10:21:20.722,safety/emergency_button,"FALSE"
2026-08-21 10:21:20.722,safety/suction_switch,"FALSE"
2026-08-21 10:21:20.729,rated_current_left,"0.000000"
2026-08-21 10:21:20.729,rated_current_right,"0.000000"
2026-08-21 10:21:20.736,odometry/filtered,"x:-0.000184, y:-0.000000, yaw:0.000249, cov_xx:0.001922, cov_yy:0.002031"
2026-08-21 10:21:20.762,rated_current_left,"0.000000"
2026-08-21 10:21:20.762,rated_current_right,"0.000000"
2026-08-21 10:21:20.771,safety/left_bumper,"FALSE"
2026-08-21 10:21:20.772,safety/right_bumper,"FALSE"
2026-08-21 10:21:20.772,safety/emergency_button,"FALSE"
2026-08-21 10:21:20.772,safety/suction_switch,"FALSE"
2026-08-21 10:21:20.775,odometry/filtered,"x:-0.000393, y:-0.000000, yaw:0.000571, cov_xx:0.001932, cov_yy:0.002042"
2026-08-21 10:21:20.795,rated_current_left,"0.000000"
2026-08-21 10:21:20.795,rated_current_right,"0.000000"
2026-08-21 10:21:20.807,robot_status,"ROBOT_LOCKED"
2026-08-21 10:21:20.828,battery/status,"100.000000%"
2026-08-21 10:21:20.829,odometry/filtered,"x:-0.000732, y:-0.000001, yaw:0.001227, cov_xx:0.001937, cov_yy:0.002047"
2026-08-21 10:21:20.829,safety/left_bumper,"FALSE"
2026-08-21 10:21:20.830,safety/right_bumper,"FALSE"
2026-08-21 10:21:20.830,safety/emergency_button,"FALSE"
2026-08-21 10:21:20.830,safety/suction_switch,"FALSE"
2026-08-21 10:21:20.830,rated_current_left,"0.000000"
2026-08-21 10:21:20.830,rated_current_right,"0.000000"
2026-08-21 10:21:20.833,particle_cloud,"count:800, spread:0.286713"
2026-08-21 10:21:20.836,odometry/filtered,"x:-0.001191, y:-0.000003, yaw:0.002077, cov_xx:0.001929, cov_yy:0.002039"
2026-08-21 10:21:20.858,rated_current_left,"0.000000"
2026-08-21 10:21:20.858,rated_current_right,"0.000000"
2026-08-21 10:21:20.871,safety/left_bumper,"FALSE"
2026-08-21 10:21:20.872,safety/right_bumper,"FALSE"
2026-08-21 10:21:20.872,safety/emergency_button,"FALSE"
2026-08-21 10:21:20.872,safety/suction_switch,"FALSE"
2026-08-21 10:21:20.875,odometry/filtered,"x:-0.001798, y:-0.000006, yaw:0.003125, cov_xx:0.001940, cov_yy:0.002051"
2026-08-21 10:21:20.891,rated_current_left,"0.000000"
2026-08-21 10:21:20.892,rated_current_right,"0.000000"
2026-08-21 10:21:20.895,odometry/filtered,"x:-0.002650, y:-0.000013, yaw:0.004551, cov_xx:0.001929, cov_yy:0.002039"
2026-08-21 10:21:20.921,safety/right_bumper,"FALSE"
2026-08-21 10:21:20.921,safety/emergency_button,"FALSE"
2026-08-21 10:21:20.922,battery/status,"100.000000%"
2026-08-21 10:21:20.922,safety/left_bumper,"FALSE"
2026-08-21 10:21:20.922,safety/suction_switch,"FALSE"
2026-08-21 10:21:20.931,rated_current_left,"0.000000"
2026-08-21 10:21:20.932,rated_current_right,"0.000000"
2026-08-21 10:21:20.934,odometry/filtered,"x:-0.003944, y:-0.000028, yaw:0.006521, cov_xx:0.002061, cov_yy:0.002184"
2026-08-21 10:21:20.953,rated_current_left,"0.000000"
2026-08-21 10:21:20.955,rated_current_right,"0.000000"
2026-08-21 10:21:20.974,safety/left_bumper,"FALSE"
2026-08-21 10:21:20.975,safety/right_bumper,"FALSE"
2026-08-21 10:21:20.975,safety/emergency_button,"FALSE"
2026-08-21 10:21:20.975,safety/suction_switch,"FALSE"
2026-08-21 10:21:20.975,odometry/filtered,"x:-0.005490, y:-0.000053, yaw:0.010602, cov_xx:0.001854, cov_yy:0.001955"
2026-08-21 10:21:20.985,rated_current_left,"0.000000"
2026-08-21 10:21:20.985,rated_current_right,"0.000000"
2026-08-21 10:21:20.995,odometry/filtered,"x:-0.007594, y:-0.000102, yaw:0.015262, cov_xx:0.001893, cov_yy:0.001998"
2026-08-21 10:21:21.020,rated_current_left,"0.000000"
2026-08-21 10:21:21.020,rated_current_right,"0.000000"
2026-08-21 10:21:21.022,battery/status,"100.000000%"
2026-08-21 10:21:21.022,safety/left_bumper,"FALSE"
2026-08-21 10:21:21.022,safety/right_bumper,"FALSE"
2026-08-21 10:21:21.022,safety/emergency_button,"FALSE"
2026-08-21 10:21:21.022,safety/suction_switch,"FALSE"
2026-08-21 10:21:21.031,particle_cloud,"count:800, spread:0.289555"
2026-08-21 10:21:21.037,odometry/filtered,"x:-0.010057, y:-0.000181, yaw:0.017437, cov_xx:0.001919, cov_yy:0.002028"
2026-08-21 10:21:21.050,rated_current_left,"0.000000"
2026-08-21 10:21:21.050,rated_current_right,"0.000000"
2026-08-21 10:21:21.055,odometry/filtered,"x:-0.013249, y:-0.000315, yaw:0.025189, cov_xx:0.001938, cov_yy:0.002049"
2026-08-21 10:21:21.074,safety/left_bumper,"FALSE"
2026-08-21 10:21:21.074,safety/right_bumper,"FALSE"
2026-08-21 10:21:21.074,safety/emergency_button,"FALSE"
2026-08-21 10:21:21.074,safety/suction_switch,"FALSE"
2026-08-21 10:21:21.082,rated_current_left,"0.000000"
2026-08-21 10:21:21.082,rated_current_right,"0.000000"
2026-08-21 10:21:21.094,odometry/filtered,"x:-0.016996, y:-0.000522, yaw:0.033759, cov_xx:0.001931, cov_yy:0.002041"
2026-08-21 10:21:21.115,rated_current_left,"0.000000"
2026-08-21 10:21:21.115,rated_current_right,"0.000000"
2026-08-21 10:21:21.121,battery/status,"100.000000%"
2026-08-21 10:21:21.122,safety/left_bumper,"FALSE"
2026-08-21 10:21:21.122,safety/right_bumper,"FALSE"
2026-08-21 10:21:21.122,safety/emergency_button,"FALSE"
2026-08-21 10:21:21.122,safety/suction_switch,"FALSE"
2026-08-21 10:21:21.136,odometry/filtered,"x:-0.021480, y:-0.000833, yaw:0.043188, cov_xx:0.001935, cov_yy:0.002045"
2026-08-21 10:21:21.156,rated_current_left,"0.000000"
2026-08-21 10:21:21.156,rated_current_right,"0.000000"
2026-08-21 10:21:21.156,mcl_pose,"x:3.101445, y:1.067939"
2026-08-21 10:21:21.156,odometry/filtered,"x:-0.026833, y:-0.001288, yaw:0.053081, cov_xx:0.001924, cov_yy:0.002034"
2026-08-21 10:21:21.171,safety/emergency_button,"FALSE"
2026-08-21 10:21:21.171,safety/left_bumper,"FALSE"
2026-08-21 10:21:21.171,safety/right_bumper,"FALSE"
2026-08-21 10:21:21.171,safety/suction_switch,"FALSE"
2026-08-21 10:21:21.176,rated_current_left,"0.000000"
2026-08-21 10:21:21.178,rated_current_right,"0.000000"
2026-08-21 10:21:21.195,odometry/filtered,"x:-0.034015, y:-0.002033, yaw:0.065917, cov_xx:0.001925, cov_yy:0.002034"
2026-08-21 10:21:21.209,rated_current_left,"0.000000"
2026-08-21 10:21:21.210,rated_current_right,"0.000000"
2026-08-21 10:21:21.215,odometry/filtered,"x:-0.041104, y:-0.002866, yaw:0.074814, cov_xx:0.001929, cov_yy:0.002039"
2026-08-21 10:21:21.225,battery/status,"100.000000%"
2026-08-21 10:21:21.226,mcl_pose,"x:3.104344, y:1.099254"
2026-08-21 10:21:21.226,safety/left_bumper,"FALSE"
2026-08-21 10:21:21.226,safety/right_bumper,"FALSE"
2026-08-21 10:21:21.226,safety/emergency_button,"FALSE"
2026-08-21 10:21:21.226,safety/suction_switch,"FALSE"
2026-08-21 10:21:21.231,particle_cloud,"count:800, spread:0.282762"
2026-08-21 10:21:21.240,rated_current_left,"0.000000"
2026-08-21 10:21:21.241,rated_current_right,"0.000000"
2026-08-21 10:21:21.255,odometry/filtered,"x:-0.049458, y:-0.003976, yaw:0.086439, cov_xx:0.001929, cov_yy:0.002038"
2026-08-21 10:21:21.272,safety/left_bumper,"FALSE"
2026-08-21 10:21:21.272,safety/right_bumper,"FALSE"
2026-08-21 10:21:21.272,safety/emergency_button,"FALSE"
2026-08-21 10:21:21.272,safety/suction_switch,"FALSE"
2026-08-21 10:21:21.272,rated_current_left,"0.000000"
2026-08-21 10:21:21.273,rated_current_right,"0.000000"
2026-08-21 10:21:21.294,odometry/filtered,"x:-0.058642, y:-0.005325, yaw:0.096716, cov_xx:0.001932, cov_yy:0.002041"
2026-08-21 10:21:21.303,robot_status,"ROBOT_LOCKED"
2026-08-21 10:21:21.305,rated_current_left,"0.000000"
2026-08-21 10:21:21.306,rated_current_right,"0.000000"
2026-08-21 10:21:21.314,odometry/filtered,"x:-0.068890, y:-0.006968, yaw:0.107254, cov_xx:0.001947, cov_yy:0.002058"
2026-08-21 10:21:21.321,safety/emergency_button,"FALSE"
2026-08-21 10:21:21.322,battery/status,"100.000000%"
2026-08-21 10:21:21.322,safety/left_bumper,"FALSE"
2026-08-21 10:21:21.322,safety/right_bumper,"FALSE"
2026-08-21 10:21:21.322,safety/suction_switch,"FALSE"
2026-08-21 10:21:21.337,rated_current_left,"0.000000"
2026-08-21 10:21:21.337,rated_current_right,"0.000000"
2026-08-21 10:21:21.355,odometry/filtered,"x:-0.079846, y:-0.008858, yaw:0.117538, cov_xx:0.001929, cov_yy:0.002038"
2026-08-21 10:21:21.366,mcl_pose,"x:3.121265, y:1.142271"
2026-08-21 10:21:21.369,rated_current_left,"0.000000"
2026-08-21 10:21:21.370,rated_current_right,"0.000000"
2026-08-21 10:21:21.371,safety/left_bumper,"FALSE"
2026-08-21 10:21:21.371,safety/right_bumper,"FALSE"
2026-08-21 10:21:21.371,safety/emergency_button,"FALSE"
2026-08-21 10:21:21.371,safety/suction_switch,"FALSE"
2026-08-21 10:21:21.376,odometry/filtered,"x:-0.091828, y:-0.011050, yaw:0.126668, cov_xx:0.001936, cov_yy:0.002046"
2026-08-21 10:21:21.400,rated_current_left,"0.000000"
2026-08-21 10:21:21.400,rated_current_right,"0.000000"
2026-08-21 10:21:21.414,odometry/filtered,"x:-0.104343, y:-0.013425, yaw:0.132813, cov_xx:0.001923, cov_yy:0.002032"
2026-08-21 10:21:21.422,safety/emergency_button,"FALSE"
2026-08-21 10:21:21.422,battery/status,"100.000000%"
2026-08-21 10:21:21.422,safety/left_bumper,"FALSE"
2026-08-21 10:21:21.422,safety/right_bumper,"FALSE"
2026-08-21 10:21:21.422,safety/suction_switch,"FALSE"
2026-08-21 10:21:21.430,particle_cloud,"count:800, spread:0.279623"
2026-08-21 10:21:21.432,rated_current_left,"0.000000"
2026-08-21 10:21:21.434,rated_current_right,"0.000000"
2026-08-21 10:21:21.434,odometry/filtered,"x:-0.117582, y:-0.015974, yaw:0.137035, cov_xx:0.001937, cov_yy:0.002047"
2026-08-21 10:21:21.439,mcl_pose,"x:3.156122, y:1.194189"
2026-08-21 10:21:21.467,rated_current_left,"0.000000"
2026-08-21 10:21:21.468,rated_current_right,"0.000000"
2026-08-21 10:21:21.474,safety/left_bumper,"FALSE"
2026-08-21 10:21:21.474,safety/right_bumper,"FALSE"
2026-08-21 10:21:21.474,safety/emergency_button,"FALSE"
2026-08-21 10:21:21.474,safety/suction_switch,"FALSE"
2026-08-21 10:21:21.475,odometry/filtered,"x:-0.131179, y:-0.018598, yaw:0.141328, cov_xx:0.001969, cov_yy:0.002083"
2026-08-21 10:21:21.497,rated_current_left,"0.000000"
2026-08-21 10:21:21.498,rated_current_right,"0.000000"
2026-08-21 10:21:21.515,odometry/filtered,"x:-0.144349, y:-0.021092, yaw:0.143443, cov_xx:0.001927, cov_yy:0.002036"
2026-08-21 10:21:21.527,battery/status,"100.000000%"
2026-08-21 10:21:21.527,safety/left_bumper,"FALSE"
2026-08-21 10:21:21.527,safety/right_bumper,"FALSE"
2026-08-21 10:21:21.527,safety/emergency_button,"FALSE"
2026-08-21 10:21:21.527,safety/suction_switch,"FALSE"
2026-08-21 10:21:21.530,rated_current_left,"0.000000"
2026-08-21 10:21:21.530,rated_current_right,"0.000000"
2026-08-21 10:21:21.535,odometry/filtered,"x:-0.157425, y:-0.023459, yaw:0.141220, cov_xx:0.001918, cov_yy:0.002027"
2026-08-21 10:21:21.543,mcl_pose,"x:3.185304, y:1.257049"
2026-08-21 10:21:21.560,rated_current_left,"0.000000"
2026-08-21 10:21:21.560,rated_current_right,"0.000000"
2026-08-21 10:21:21.571,safety/right_bumper,"FALSE"
2026-08-21 10:21:21.571,safety/emergency_button,"FALSE"
2026-08-21 10:21:21.573,safety/left_bumper,"FALSE"
2026-08-21 10:21:21.573,safety/suction_switch,"FALSE"
2026-08-21 10:21:21.576,odometry/filtered,"x:-0.170835, y:-0.025720, yaw:0.137631, cov_xx:0.001926, cov_yy:0.002036"
2026-08-21 10:21:21.591,rated_current_left,"0.000000"
2026-08-21 10:21:21.592,rated_current_right,"0.000000"
2026-08-21 10:21:21.595,odometry/filtered,"x:-0.184377, y:-0.027755, yaw:0.130689, cov_xx:0.001920, cov_yy:0.002030"
2026-08-21 10:21:21.601,system_resources,"cpu:61.5%, mem:33.5%, mem_used_mb:2554, mem_total_mb:7619"
2026-08-21 10:21:21.622,battery/status,"100.000000%"
2026-08-21 10:21:21.622,safety/left_bumper,"FALSE"
2026-08-21 10:21:21.622,safety/right_bumper,"FALSE"
2026-08-21 10:21:21.622,safety/emergency_button,"FALSE"
2026-08-21 10:21:21.622,safety/suction_switch,"FALSE"
2026-08-21 10:21:21.624,rated_current_left,"0.000000"
2026-08-21 10:21:21.624,rated_current_right,"0.000000"
2026-08-21 10:21:21.631,particle_cloud,"count:800, spread:0.255534"
2026-08-21 10:21:21.635,odometry/filtered,"x:-0.198429, y:-0.029639, yaw:0.124366, cov_xx:0.001980, cov_yy:0.002097"
2026-08-21 10:21:21.643,mcl_pose,"x:3.203478, y:1.340125"
2026-08-21 10:21:21.656,rated_current_left,"0.000000"
2026-08-21 10:21:21.657,rated_current_right,"0.000000"
2026-08-21 10:21:21.671,safety/left_bumper,"FALSE"
2026-08-21 10:21:21.672,safety/right_bumper,"FALSE"
2026-08-21 10:21:21.672,safety/emergency_button,"FALSE"
2026-08-21 10:21:21.672,safety/suction_switch,"FALSE"
2026-08-21 10:21:21.677,odometry/filtered,"x:-0.210911, y:-0.030975, yaw:0.114325, cov_xx:0.001903, cov_yy:0.002011"
2026-08-21 10:21:21.688,rated_current_left,"0.000000"
2026-08-21 10:21:21.688,rated_current_right,"0.000000"
2026-08-21 10:21:21.695,odometry/filtered,"x:-0.224531, y:-0.032179, yaw:0.103451, cov_xx:0.001936, cov_yy:0.002049"
2026-08-21 10:21:21.720,rated_current_left,"0.000000"
2026-08-21 10:21:21.720,rated_current_right,"0.000000"
2026-08-21 10:21:21.724,battery/status,"100.000000%"
2026-08-21 10:21:21.725,safety/left_bumper,"FALSE"
2026-08-21 10:21:21.725,safety/right_bumper,"FALSE"
2026-08-21 10:21:21.725,safety/emergency_button,"FALSE"
2026-08-21 10:21:21.725,safety/suction_switch,"FALSE"
2026-08-21 10:21:21.735,odometry/filtered,"x:-0.238030, y:-0.033008, yaw:0.090720, cov_xx:0.001934, cov_yy:0.002048"
2026-08-21 10:21:21.740,mcl_pose,"x:3.219356, y:1.421682"
2026-08-21 10:21:21.751,rated_current_left,"0.000000"
2026-08-21 10:21:21.751,rated_current_right,"0.000000"
2026-08-21 10:21:21.771,safety/left_bumper,"FALSE"
2026-08-21 10:21:21.771,safety/right_bumper,"FALSE"
2026-08-21 10:21:21.771,safety/emergency_button,"FALSE"
2026-08-21 10:21:21.772,safety/suction_switch,"FALSE"
2026-08-21 10:21:21.775,odometry/filtered,"x:-0.251334, y:-0.033462, yaw:0.076407, cov_xx:0.001914, cov_yy:0.002027"
2026-08-21 10:21:21.789,rated_current_left,"0.000000"
2026-08-21 10:21:21.789,rated_current_right,"0.000000"
2026-08-21 10:21:21.794,odometry/filtered,"x:-0.265833, y:-0.033696, yaw:0.063223, cov_xx:0.002007, cov_yy:0.002131"
2026-08-21 10:21:21.803,robot_status,"ROBOT_LOCKED"
2026-08-21 10:21:21.816,rated_current_left,"0.000000"
2026-08-21 10:21:21.816,rated_current_right,"0.000000"
2026-08-21 10:21:21.821,safety/left_bumper,"FALSE"
2026-08-21 10:21:21.821,safety/right_bumper,"FALSE"
2026-08-21 10:21:21.821,safety/emergency_button,"FALSE"
2026-08-21 10:21:21.822,battery/status,"100.000000%"
2026-08-21 10:21:21.822,safety/suction_switch,"FALSE"
2026-08-21 10:21:21.830,particle_cloud,"count:800, spread:0.214459"
2026-08-21 10:21:21.835,odometry/filtered,"x:-0.277885, y:-0.033420, yaw:0.048252, cov_xx:0.001894, cov_yy:0.002005"
2026-08-21 10:21:21.840,mcl_pose,"x:3.260302, y:1.485274"
2026-08-21 10:21:21.847,rated_current_left,"0.000000"
2026-08-21 10:21:21.847,rated_current_right,"0.000000"
2026-08-21 10:21:21.854,odometry/filtered,"x:-0.291211, y:-0.032958, yaw:0.034584, cov_xx:0.001903, cov_yy:0.002016"
2026-08-21 10:21:21.871,safety/emergency_button,"FALSE"
2026-08-21 10:21:21.871,safety/right_bumper,"FALSE"
2026-08-21 10:21:21.871,safety/left_bumper,"FALSE"
2026-08-21 10:21:21.871,safety/suction_switch,"FALSE"
2026-08-21 10:21:21.880,rated_current_left,"0.000000"
2026-08-21 10:21:21.880,rated_current_right,"0.000000"
2026-08-21 10:21:21.896,odometry/filtered,"x:-0.305198, y:-0.032217, yaw:0.021000, cov_xx:0.001943, cov_yy:0.002062"
2026-08-21 10:21:21.912,rated_current_left,"0.000000"
2026-08-21 10:21:21.912,rated_current_right,"0.000000"
2026-08-21 10:21:21.916,odometry/filtered,"x:-0.318778, y:-0.031196, yaw:0.007340, cov_xx:0.001930, cov_yy:0.002047"
2026-08-21 10:21:21.923,battery/status,"100.000000%"
2026-08-21 10:21:21.927,safety/left_bumper,"FALSE"
2026-08-21 10:21:21.927,safety/right_bumper,"FALSE"
2026-08-21 10:21:21.927,safety/emergency_button,"FALSE"
2026-08-21 10:21:21.927,safety/suction_switch,"FALSE"
2026-08-21 10:21:21.944,rated_current_left,"0.000000"
2026-08-21 10:21:21.944,rated_current_right,"0.000000"
2026-08-21 10:21:21.954,odometry/filtered,"x:-0.332457, y:-0.030026, yaw:-0.002006, cov_xx:0.001943, cov_yy:0.002063"
2026-08-21 10:21:21.961,mcl_pose,"x:3.293056, y:1.547739"
2026-08-21 10:21:21.971,safety/left_bumper,"FALSE"
2026-08-21 10:21:21.972,safety/right_bumper,"FALSE"
2026-08-21 10:21:21.972,safety/emergency_button,"FALSE"
2026-08-21 10:21:21.972,safety/suction_switch,"FALSE"
2026-08-21 10:21:21.979,rated_current_left,"0.000000"
2026-08-21 10:21:21.979,rated_current_right,"0.000000"
2026-08-21 10:21:21.999,odometry/filtered,"x:-0.345984, y:-0.028705, yaw:-0.011043, cov_xx:0.001936, cov_yy:0.002055"
2026-08-21 10:21:22.007,rated_current_left,"0.000000"
2026-08-21 10:21:22.008,rated_current_right,"0.000000"
2026-08-21 10:21:22.015,odometry/filtered,"x:-0.358551, y:-0.027318, yaw:-0.018400, cov_xx:0.001913, cov_yy:0.002029"
2026-08-21 10:21:22.021,safety/emergency_button,"FALSE"
2026-08-21 10:21:22.021,safety/left_bumper,"FALSE"
2026-08-21 10:21:22.021,safety/right_bumper,"FALSE"
2026-08-21 10:21:22.022,safety/suction_switch,"FALSE"
2026-08-21 10:21:22.022,battery/status,"100.000000%"
2026-08-21 10:21:22.034,particle_cloud,"count:800, spread:0.169916"
2026-08-21 10:21:22.040,rated_current_left,"0.000000"
2026-08-21 10:21:22.040,rated_current_right,"0.000000"
2026-08-21 10:21:22.055,odometry/filtered,"x:-0.372567, y:-0.025852, yaw:-0.025251, cov_xx:0.001929, cov_yy:0.002047"
2026-08-21 10:21:22.058,mcl_pose,"x:3.288641, y:1.586962"
2026-08-21 10:21:22.070,rated_current_left,"0.000000"
2026-08-21 10:21:22.070,rated_current_right,"0.000000"
2026-08-21 10:21:22.072,safety/left_bumper,"FALSE"
2026-08-21 10:21:22.072,safety/right_bumper,"FALSE"
2026-08-21 10:21:22.072,safety/emergency_button,"FALSE"
2026-08-21 10:21:22.072,safety/suction_switch,"FALSE"
2026-08-21 10:21:22.080,odometry/filtered,"x:-0.386316, y:-0.024387, yaw:-0.031045, cov_xx:0.001913, cov_yy:0.002029"
2026-08-21 10:21:22.111,rated_current_left,"0.000000"
2026-08-21 10:21:22.111,rated_current_right,"0.000000"
2026-08-21 10:21:22.119,odometry/filtered,"x:-0.400719, y:-0.022885, yaw:-0.036539, cov_xx:0.001947, cov_yy:0.002068"
2026-08-21 10:21:22.121,safety/right_bumper,"FALSE"
2026-08-21 10:21:22.121,safety/emergency_button,"FALSE"
2026-08-21 10:21:22.122,safety/left_bumper,"FALSE"
2026-08-21 10:21:22.123,safety/suction_switch,"FALSE"
2026-08-21 10:21:22.123,battery/status,"100.000000%"
2026-08-21 10:21:22.136,rated_current_left,"0.000000"
2026-08-21 10:21:22.137,rated_current_right,"0.000000"
2026-08-21 10:21:22.155,odometry/filtered,"x:-0.414873, y:-0.021425, yaw:-0.041086, cov_xx:0.001944, cov_yy:0.002064"
2026-08-21 10:21:22.157,mcl_pose,"x:3.324973, y:1.645377"
2026-08-21 10:21:22.167,rated_current_left,"0.000000"
2026-08-21 10:21:22.169,rated_current_right,"0.000000"
2026-08-21 10:21:22.171,safety/left_bumper,"FALSE"
2026-08-21 10:21:22.171,safety/right_bumper,"FALSE"
2026-08-21 10:21:22.171,safety/emergency_button,"FALSE"
2026-08-21 10:21:22.171,safety/suction_switch,"FALSE"
2026-08-21 10:21:22.177,odometry/filtered,"x:-0.428868, y:-0.020033, yaw:-0.044376, cov_xx:0.001927, cov_yy:0.002046"
2026-08-21 10:21:22.199,rated_current_left,"0.000000"
2026-08-21 10:21:22.199,rated_current_right,"0.000000"
2026-08-21 10:21:22.215,odometry/filtered,"x:-0.443257, y:-0.018664, yaw:-0.047817, cov_xx:0.001925, cov_yy:0.002044"
2026-08-21 10:21:22.222,safety/emergency_button,"FALSE"
2026-08-21 10:21:22.225,battery/status,"100.000000%"
2026-08-21 10:21:22.225,safety/left_bumper,"FALSE"
2026-08-21 10:21:22.225,safety/right_bumper,"FALSE"
2026-08-21 10:21:22.225,safety/suction_switch,"FALSE"
2026-08-21 10:21:22.231,particle_cloud,"count:800, spread:0.159130"
2026-08-21 10:21:22.233,rated_current_left,"0.000000"
2026-08-21 10:21:22.233,rated_current_right,"0.000000"
2026-08-21 10:21:22.236,odometry/filtered,"x:-0.457858, y:-0.017353, yaw:-0.049802, cov_xx:0.001924, cov_yy:0.002043"
2026-08-21 10:21:22.243,mcl_pose,"x:3.336578, y:1.690969"
2026-08-21 10:21:22.262,rated_current_left,"0.000000"
2026-08-21 10:21:22.262,rated_current_right,"0.000000"
2026-08-21 10:21:22.271,safety/emergency_button,"FALSE"
2026-08-21 10:21:22.271,safety/right_bumper,"FALSE"
2026-08-21 10:21:22.271,safety/left_bumper,"FALSE"
2026-08-21 10:21:22.271,safety/suction_switch,"FALSE"
2026-08-21 10:21:22.274,odometry/filtered,"x:-0.472924, y:-0.016091, yaw:-0.051099, cov_xx:0.001922, cov_yy:0.002041"
2026-08-21 10:21:22.295,rated_current_left,"0.000000"
2026-08-21 10:21:22.295,rated_current_right,"0.000000"
2026-08-21 10:21:22.303,robot_status,"ROBOT_LOCKED"
2026-08-21 10:21:22.315,odometry/filtered,"x:-0.488247, y:-0.014946, yaw:-0.049358, cov_xx:0.001933, cov_yy:0.002054"
2026-08-21 10:21:22.321,safety/left_bumper,"FALSE"
2026-08-21 10:21:22.321,safety/right_bumper,"FALSE"
2026-08-21 10:21:22.321,safety/emergency_button,"FALSE"
2026-08-21 10:21:22.321,safety/suction_switch,"FALSE"
2026-08-21 10:21:22.322,battery/status,"100.000000%"
2026-08-21 10:21:22.327,rated_current_left,"0.000000"
2026-08-21 10:21:22.330,rated_current_right,"0.000000"
2026-08-21 10:21:22.335,odometry/filtered,"x:-0.503816, y:-0.013917, yaw:-0.048224, cov_xx:0.001937, cov_yy:0.002058"
2026-08-21 10:21:22.339,mcl_pose,"x:3.342240, y:1.728636"
2026-08-21 10:21:22.359,rated_current_left,"0.000000"
2026-08-21 10:21:22.359,rated_current_right,"0.000000"
2026-08-21 10:21:22.372,safety/left_bumper,"FALSE"
2026-08-21 10:21:22.372,safety/right_bumper,"FALSE"
2026-08-21 10:21:22.373,safety/emergency_button,"FALSE"
2026-08-21 10:21:22.373,safety/suction_switch,"FALSE"
2026-08-21 10:21:22.375,odometry/filtered,"x:-0.519657, y:-0.013041, yaw:-0.045162, cov_xx:0.001943, cov_yy:0.002065"
2026-08-21 10:21:22.390,rated_current_left,"0.000000"
2026-08-21 10:21:22.391,rated_current_right,"0.000000"
2026-08-21 10:21:22.394,odometry/filtered,"x:-0.535216, y:-0.012325, yaw:-0.043577, cov_xx:0.001921, cov_yy:0.002040"
2026-08-21 10:21:22.426,battery/status,"100.000000%"
2026-08-21 10:21:22.426,safety/left_bumper,"FALSE"
2026-08-21 10:21:22.427,safety/right_bumper,"FALSE"
2026-08-21 10:21:22.427,safety/emergency_button,"FALSE"
2026-08-21 10:21:22.427,safety/suction_switch,"FALSE"
2026-08-21 10:21:22.427,rated_current_left,"0.000000"
2026-08-21 10:21:22.427,rated_current_right,"0.000000"
2026-08-21 10:21:22.430,particle_cloud,"count:800, spread:0.141613"
2026-08-21 10:21:22.435,odometry/filtered,"x:-0.551688, y:-0.011666, yaw:-0.042594, cov_xx:0.001961, cov_yy:0.002085"
2026-08-21 10:21:22.437,mcl_pose,"x:3.347231, y:1.780154"
2026-08-21 10:21:22.455,rated_current_left,"0.000000"
2026-08-21 10:21:22.455,rated_current_right,"0.000000"
2026-08-21 10:21:22.471,safety/emergency_button,"FALSE"
2026-08-21 10:21:22.471,safety/left_bumper,"FALSE"
2026-08-21 10:21:22.471,safety/right_bumper,"FALSE"
2026-08-21 10:21:22.471,safety/suction_switch,"FALSE"
2026-08-21 10:21:22.474,odometry/filtered,"x:-0.567498, y:-0.011180, yaw:-0.040540, cov_xx:0.001929, cov_yy:0.002050"
2026-08-21 10:21:22.487,rated_current_left,"0.000000"
2026-08-21 10:21:22.487,rated_current_right,"0.000000"
2026-08-21 10:21:22.495,odometry/filtered,"x:-0.583322, y:-0.010760, yaw:-0.039347, cov_xx:0.001918, cov_yy:0.002038"
2026-08-21 10:21:22.519,rated_current_left,"0.000000"
2026-08-21 10:21:22.519,rated_current_right,"0.000000"
2026-08-21 10:21:22.523,battery/status,"100.000000%"
2026-08-21 10:21:22.523,safety/left_bumper,"FALSE"
2026-08-21 10:21:22.523,safety/right_bumper,"FALSE"
2026-08-21 10:21:22.523,safety/emergency_button,"FALSE"
2026-08-21 10:21:22.523,safety/suction_switch,"FALSE"
2026-08-21 10:21:22.535,odometry/filtered,"x:-0.599665, y:-0.010382, yaw:-0.038151, cov_xx:0.001921, cov_yy:0.002043"
2026-08-21 10:21:22.538,mcl_pose,"x:3.345707, y:1.836817"
2026-08-21 10:21:22.550,rated_current_left,"0.000000"
2026-08-21 10:21:22.551,rated_current_right,"0.000000"
2026-08-21 10:21:22.555,odometry/filtered,"x:-0.615949, y:-0.010038, yaw:-0.037610, cov_xx:0.001920, cov_yy:0.002042"
2026-08-21 10:21:22.572,safety/left_bumper,"FALSE"
2026-08-21 10:21:22.572,safety/right_bumper,"FALSE"
2026-08-21 10:21:22.572,safety/emergency_button,"FALSE"
2026-08-21 10:21:22.572,safety/suction_switch,"FALSE"
2026-08-21 10:21:22.584,rated_current_left,"0.000000"
2026-08-21 10:21:22.584,rated_current_right,"0.000000"
2026-08-21 10:21:22.595,odometry/filtered,"x:-0.632985, y:-0.009699, yaw:-0.036444, cov_xx:0.001944, cov_yy:0.002069"
2026-08-21 10:21:22.615,rated_current_left,"0.000000"
2026-08-21 10:21:22.615,rated_current_right,"0.000000"
2026-08-21 10:21:22.627,battery/status,"100.000000%"
2026-08-21 10:21:22.627,safety/left_bumper,"FALSE"
2026-08-21 10:21:22.627,safety/right_bumper,"FALSE"
2026-08-21 10:21:22.627,safety/emergency_button,"FALSE"
2026-08-21 10:21:22.627,safety/suction_switch,"FALSE"
2026-08-21 10:21:22.630,particle_cloud,"count:800, spread:0.145740"
2026-08-21 10:21:22.634,odometry/filtered,"x:-0.649656, y:-0.009433, yaw:-0.033974, cov_xx:0.001929, cov_yy:0.002052"
2026-08-21 10:21:22.639,mcl_pose,"x:3.349877, y:1.890649"
2026-08-21 10:21:22.646,rated_current_left,"0.000000"
2026-08-21 10:21:22.647,rated_current_right,"0.000000"
2026-08-21 10:21:22.654,odometry/filtered,"x:-0.666956, y:-0.009203, yaw:-0.031578, cov_xx:0.001933, cov_yy:0.002057"
2026-08-21 10:21:22.671,safety/right_bumper,"FALSE"
2026-08-21 10:21:22.672,safety/emergency_button,"FALSE"
2026-08-21 10:21:22.672,safety/left_bumper,"FALSE"
2026-08-21 10:21:22.672,safety/suction_switch,"FALSE"
2026-08-21 10:21:22.679,rated_current_left,"0.000000"
2026-08-21 10:21:22.679,rated_current_right,"0.000000"
2026-08-21 10:21:22.694,odometry/filtered,"x:-0.684578, y:-0.009017, yaw:-0.029634, cov_xx:0.001949, cov_yy:0.002076"
2026-08-21 10:21:22.710,rated_current_left,"0.000000"
2026-08-21 10:21:22.711,rated_current_right,"0.000000"
2026-08-21 10:21:22.715,odometry/filtered,"x:-0.702055, y:-0.008920, yaw:-0.026562, cov_xx:0.001934, cov_yy:0.002058"
2026-08-21 10:21:22.720,mcl_pose,"x:3.356278, y:1.955525"
2026-08-21 10:21:22.721,safety/left_bumper,"FALSE"
2026-08-21 10:21:22.721,safety/right_bumper,"FALSE"
2026-08-21 10:21:22.721,safety/emergency_button,"FALSE"
2026-08-21 10:21:22.721,safety/suction_switch,"FALSE"
2026-08-21 10:21:22.724,battery/status,"100.000000%"
2026-08-21 10:21:22.741,rated_current_left,"0.000000"
2026-08-21 10:21:22.743,rated_current_right,"0.000000"
2026-08-21 10:21:22.755,odometry/filtered,"x:-0.719478, y:-0.008876, yaw:-0.024397, cov_xx:0.001916, cov_yy:0.002039"
2026-08-21 10:21:22.770,safety/emergency_button,"FALSE"
2026-08-21 10:21:22.771,safety/right_bumper,"FALSE"
2026-08-21 10:21:22.771,safety/left_bumper,"FALSE"
2026-08-21 10:21:22.771,safety/suction_switch,"FALSE"
2026-08-21 10:21:22.775,rated_current_left,"0.000000"
2026-08-21 10:21:22.775,rated_current_right,"0.000000"
2026-08-21 10:21:22.794,odometry/filtered,"x:-0.738107, y:-0.008850, yaw:-0.022739, cov_xx:0.001949, cov_yy:0.002077"
2026-08-21 10:21:22.805,robot_status,"ROBOT_LOCKED"
2026-08-21 10:21:22.808,rated_current_left,"0.000000"
2026-08-21 10:21:22.809,rated_current_right,"0.000000"
2026-08-21 10:21:22.814,odometry/filtered,"x:-0.755763, y:-0.008851, yaw:-0.022011, cov_xx:0.001926, cov_yy:0.002051"
2026-08-21 10:21:22.821,mcl_pose,"x:3.363410, y:2.008905"
2026-08-21 10:21:22.821,safety/emergency_button,"FALSE"
2026-08-21 10:21:22.824,battery/status,"100.000000%"
2026-08-21 10:21:22.824,safety/left_bumper,"FALSE"
2026-08-21 10:21:22.824,safety/right_bumper,"FALSE"
2026-08-21 10:21:22.824,safety/suction_switch,"FALSE"
2026-08-21 10:21:22.830,particle_cloud,"count:800, spread:0.159717"
2026-08-21 10:21:22.838,rated_current_left,"0.000000"
2026-08-21 10:21:22.839,rated_current_right,"0.000000"
2026-08-21 10:21:22.854,odometry/filtered,"x:-0.774523, y:-0.008858, yaw:-0.020135, cov_xx:0.001938, cov_yy:0.002065"
2026-08-21 10:21:22.870,safety/emergency_button,"FALSE"
2026-08-21 10:21:22.871,safety/left_bumper,"FALSE"
2026-08-21 10:21:22.871,safety/right_bumper,"FALSE"
2026-08-21 10:21:22.871,safety/suction_switch,"FALSE"
2026-08-21 10:21:22.872,rated_current_left,"0.000000"
2026-08-21 10:21:22.872,rated_current_right,"0.000000"
2026-08-21 10:21:22.875,odometry/filtered,"x:-0.792700, y:-0.008742, yaw:-0.024445, cov_xx:0.001946, cov_yy:0.002074"
2026-08-21 10:21:22.901,rated_current_left,"0.000000"
2026-08-21 10:21:22.901,rated_current_right,"0.000000"
2026-08-21 10:21:22.914,odometry/filtered,"x:-0.810355, y:-0.008519, yaw:-0.027528, cov_xx:0.001909, cov_yy:0.002033"
2026-08-21 10:21:22.920,safety/emergency_button,"FALSE"
2026-08-21 10:21:22.921,safety/left_bumper,"FALSE"
2026-08-21 10:21:22.921,safety/right_bumper,"FALSE"
2026-08-21 10:21:22.923,battery/status,"100.000000%"
2026-08-21 10:21:22.923,safety/suction_switch,"FALSE"
2026-08-21 10:21:22.933,rated_current_left,"0.000000"
2026-08-21 10:21:22.933,rated_current_right,"0.000000"
2026-08-21 10:21:22.936,odometry/filtered,"x:-0.828568, y:-0.008112, yaw:-0.031793, cov_xx:0.001923, cov_yy:0.002049"
2026-08-21 10:21:22.938,mcl_pose,"x:3.380723, y:2.058478"
2026-08-21 10:21:22.967,rated_current_left,"0.000000"
2026-08-21 10:21:22.967,rated_current_right,"0.000000"
2026-08-21 10:21:22.971,safety/left_bumper,"FALSE"
2026-08-21 10:21:22.971,safety/right_bumper,"FALSE"
2026-08-21 10:21:22.971,safety/emergency_button,"FALSE"
2026-08-21 10:21:22.971,safety/suction_switch,"FALSE"
2026-08-21 10:21:22.974,odometry/filtered,"x:-0.847249, y:-0.007464, yaw:-0.037965, cov_xx:0.001941, cov_yy:0.002070"
2026-08-21 10:21:22.998,rated_current_left,"0.000000"
2026-08-21 10:21:22.998,rated_current_right,"0.000000"
2026-08-21 10:21:23.015,odometry/filtered,"x:-0.865131, y:-0.006600, yaw:-0.044603, cov_xx:0.001923, cov_yy:0.002049"
2026-08-21 10:21:23.023,battery/status,"100.000000%"
2026-08-21 10:21:23.023,safety/left_bumper,"FALSE"
2026-08-21 10:21:23.023,safety/right_bumper,"FALSE"
2026-08-21 10:21:23.023,safety/emergency_button,"FALSE"
2026-08-21 10:21:23.023,safety/suction_switch,"FALSE"
2026-08-21 10:21:23.029,rated_current_left,"0.000000"
2026-08-21 10:21:23.029,rated_current_right,"0.000000"
2026-08-21 10:21:23.031,particle_cloud,"count:800, spread:0.172479"
2026-08-21 10:21:23.034,odometry/filtered,"x:-0.882463, y:-0.005563, yaw:-0.047717, cov_xx:0.001933, cov_yy:0.002061"
2026-08-21 10:21:23.038,mcl_pose,"x:3.395006, y:2.114771"
2026-08-21 10:21:23.060,rated_current_left,"0.000000"
2026-08-21 10:21:23.061,rated_current_right,"0.000000"
2026-08-21 10:21:23.071,safety/left_bumper,"FALSE"
2026-08-21 10:21:23.071,safety/right_bumper,"FALSE"
2026-08-21 10:21:23.071,safety/emergency_button,"FALSE"
2026-08-21 10:21:23.071,safety/suction_switch,"FALSE"
2026-08-21 10:21:23.075,odometry/filtered,"x:-0.900316, y:-0.004166, yaw:-0.056916, cov_xx:0.001920, cov_yy:0.002046"
2026-08-21 10:21:23.092,rated_current_left,"0.000000"
2026-08-21 10:21:23.093,rated_current_right,"0.000000"
2026-08-21 10:21:23.094,odometry/filtered,"x:-0.918687, y:-0.002419, yaw:-0.067626, cov_xx:0.001930, cov_yy:0.002057"
2026-08-21 10:21:23.121,safety/emergency_button,"FALSE"
2026-08-21 10:21:23.121,battery/status,"100.000000%"
2026-08-21 10:21:23.121,safety/left_bumper,"FALSE"
2026-08-21 10:21:23.121,safety/right_bumper,"FALSE"
2026-08-21 10:21:23.122,safety/suction_switch,"FALSE"
2026-08-21 10:21:23.125,rated_current_left,"0.000000"
2026-08-21 10:21:23.126,rated_current_right,"0.000000"
2026-08-21 10:21:23.135,odometry/filtered,"x:-0.937462, y:-0.000282, yaw:-0.078925, cov_xx:0.001942, cov_yy:0.002069"
2026-08-21 10:21:23.143,mcl_pose,"x:3.431575, y:2.160549"
2026-08-21 10:21:23.156,rated_current_left,"0.000000"
2026-08-21 10:21:23.157,rated_current_right,"0.000000"
2026-08-21 10:21:23.171,safety/emergency_button,"FALSE"
2026-08-21 10:21:23.173,safety/right_bumper,"FALSE"
2026-08-21 10:21:23.173,safety/left_bumper,"FALSE"
2026-08-21 10:21:23.174,safety/suction_switch,"FALSE"
2026-08-21 10:21:23.175,odometry/filtered,"x:-0.955578, y:0.002130, yaw:-0.089768, cov_xx:0.001919, cov_yy:0.002044"
2026-08-21 10:21:23.193,rated_current_left,"0.000000"
2026-08-21 10:21:23.193,rated_current_right,"0.000000"
2026-08-21 10:21:23.195,odometry/filtered,"x:-0.974578, y:0.005007, yaw:-0.103222, cov_xx:0.001944, cov_yy:0.002072"
2026-08-21 10:21:23.220,rated_current_left,"0.000000"
2026-08-21 10:21:23.220,rated_current_right,"0.000000"
2026-08-21 10:21:23.221,battery/status,"100.000000%"
2026-08-21 10:21:23.221,safety/left_bumper,"FALSE"
2026-08-21 10:21:23.222,safety/right_bumper,"FALSE"
2026-08-21 10:21:23.222,safety/emergency_button,"FALSE"
2026-08-21 10:21:23.222,safety/suction_switch,"FALSE"
2026-08-21 10:21:23.224,robot_lock,"FALSE"
2026-08-21 10:21:23.232,particle_cloud,"count:800, spread:0.183320"
2026-08-21 10:21:23.235,odometry/filtered,"x:-0.992557, y:0.008125, yaw:-0.116191, cov_xx:0.001923, cov_yy:0.002048"
2026-08-21 10:21:23.243,mcl_pose,"x:3.492297, y:2.214043"
2026-08-21 10:21:23.254,rated_current_left,"0.000000"
2026-08-21 10:21:23.254,rated_current_right,"0.000000"
2026-08-21 10:21:23.271,safety/right_bumper,"FALSE"
2026-08-21 10:21:23.271,safety/emergency_button,"FALSE"
2026-08-21 10:21:23.271,safety/left_bumper,"FALSE"
2026-08-21 10:21:23.271,safety/suction_switch,"FALSE"
2026-08-21 10:21:23.274,odometry/filtered,"x:-1.011807, y:0.011816, yaw:-0.130284, cov_xx:0.001945, cov_yy:0.002072"
2026-08-21 10:21:23.285,rated_current_left,"0.000000"
2026-08-21 10:21:23.285,rated_current_right,"0.000000"
2026-08-21 10:21:23.294,odometry/filtered,"x:-1.029706, y:0.015669, yaw:-0.144729, cov_xx:0.001924, cov_yy:0.002048"
2026-08-21 10:21:23.313,robot_status,"ROBOT_MANUAL"
2026-08-21 10:21:23.317,rated_current_left,"0.000000"
2026-08-21 10:21:23.318,rated_current_right,"0.000000"
2026-08-21 10:21:23.321,battery/status,"100.000000%"
2026-08-21 10:21:23.322,safety/left_bumper,"FALSE"
2026-08-21 10:21:23.322,safety/right_bumper,"FALSE"
2026-08-21 10:21:23.322,safety/emergency_button,"FALSE"
2026-08-21 10:21:23.322,safety/suction_switch,"FALSE"
2026-08-21 10:21:23.335,odometry/filtered,"x:-1.047986, y:0.019934, yaw:-0.159621, cov_xx:0.001939, cov_yy:0.002065"
2026-08-21 10:21:23.340,mcl_pose,"x:3.568465, y:2.237445"
2026-08-21 10:21:23.348,rated_current_left,"0.000000"
2026-08-21 10:21:23.348,rated_current_right,"0.000000"
2026-08-21 10:21:23.354,odometry/filtered,"x:-1.066006, y:0.024574, yaw:-0.175867, cov_xx:0.001933, cov_yy:0.002057"
2026-08-21 10:21:23.371,safety/left_bumper,"FALSE"
2026-08-21 10:21:23.371,safety/right_bumper,"FALSE"
2026-08-21 10:21:23.371,safety/emergency_button,"FALSE"
2026-08-21 10:21:23.371,safety/suction_switch,"FALSE"
2026-08-21 10:21:23.381,rated_current_left,"0.000000"
2026-08-21 10:21:23.381,rated_current_right,"0.000000"
2026-08-21 10:21:23.395,odometry/filtered,"x:-1.084178, y:0.029594, yaw:-0.190696, cov_xx:0.001944, cov_yy:0.002068"
2026-08-21 10:21:23.414,rated_current_left,"0.000000"
2026-08-21 10:21:23.414,odometry/filtered,"x:-1.102676, y:0.035147, yaw:-0.207894, cov_xx:0.001945, cov_yy:0.002067"
2026-08-21 10:21:23.415,rated_current_right,"0.000000"
2026-08-21 10:21:23.423,battery/status,"100.000000%"
2026-08-21 10:21:23.423,mcl_pose,"x:3.643239, y:2.261425"
2026-08-21 10:21:23.423,safety/left_bumper,"FALSE"
2026-08-21 10:21:23.424,safety/right_bumper,"FALSE"
2026-08-21 10:21:23.424,safety/emergency_button,"FALSE"
2026-08-21 10:21:23.424,safety/suction_switch,"FALSE"
2026-08-21 10:21:23.430,particle_cloud,"count:800, spread:0.285493"
2026-08-21 10:21:23.446,rated_current_left,"0.000000"
2026-08-21 10:21:23.446,rated_current_right,"0.000000"
2026-08-21 10:21:23.454,odometry/filtered,"x:-1.120376, y:0.040706, yaw:-0.218098, cov_xx:0.001940, cov_yy:0.002061"
2026-08-21 10:21:23.471,safety/emergency_button,"FALSE"
2026-08-21 10:21:23.471,safety/left_bumper,"FALSE"
2026-08-21 10:21:23.471,safety/right_bumper,"FALSE"
2026-08-21 10:21:23.471,safety/suction_switch,"FALSE"
2026-08-21 10:21:23.478,rated_current_left,"0.000000"
2026-08-21 10:21:23.478,rated_current_right,"0.000000"
2026-08-21 10:21:23.494,odometry/filtered,"x:-1.137983, y:0.046523, yaw:-0.231671, cov_xx:0.001935, cov_yy:0.002054"
2026-08-21 10:21:23.508,rated_current_left,"0.000000"
2026-08-21 10:21:23.509,rated_current_right,"0.000000"
2026-08-21 10:21:23.515,odometry/filtered,"x:-1.155276, y:0.052390, yaw:-0.241196, cov_xx:0.001922, cov_yy:0.002039"
2026-08-21 10:21:23.520,safety/emergency_button,"FALSE"
2026-08-21 10:21:23.522,safety/right_bumper,"FALSE"
2026-08-21 10:21:23.522,battery/status,"100.000000%"
2026-08-21 10:21:23.522,safety/left_bumper,"FALSE"
2026-08-21 10:21:23.522,safety/suction_switch,"FALSE"
2026-08-21 10:21:23.540,rated_current_left,"0.000000"
2026-08-21 10:21:23.540,rated_current_right,"0.000000"
2026-08-21 10:21:23.554,odometry/filtered,"x:-1.172837, y:0.058436, yaw:-0.249873, cov_xx:0.001934, cov_yy:0.002051"
2026-08-21 10:21:23.559,mcl_pose,"x:3.722733, y:2.290600"
2026-08-21 10:21:23.570,safety/right_bumper,"FALSE"
2026-08-21 10:21:23.571,safety/emergency_button,"FALSE"
2026-08-21 10:21:23.571,safety/left_bumper,"FALSE"
2026-08-21 10:21:23.571,safety/suction_switch,"FALSE"
2026-08-21 10:21:23.577,rated_current_left,"0.000000"
2026-08-21 10:21:23.577,rated_current_right,"0.000000"
2026-08-21 10:21:23.595,odometry/filtered,"x:-1.191419, y:0.064839, yaw:-0.257912, cov_xx:0.002016, cov_yy:0.002140"
2026-08-21 10:21:23.604,rated_current_left,"0.000000"
2026-08-21 10:21:23.604,rated_current_right,"0.000000"
2026-08-21 10:21:23.615,odometry/filtered,"x:-1.205997, y:0.069958, yaw:-0.261411, cov_xx:0.001891, cov_yy:0.001999"
2026-08-21 10:21:23.621,safety/emergency_button,"FALSE"
2026-08-21 10:21:23.621,battery/status,"100.000000%"
2026-08-21 10:21:23.621,safety/left_bumper,"FALSE"
2026-08-21 10:21:23.621,safety/right_bumper,"FALSE"
2026-08-21 10:21:23.622,safety/suction_switch,"FALSE"
2026-08-21 10:21:23.630,particle_cloud,"count:800, spread:0.286786"
2026-08-21 10:21:23.635,rated_current_left,"0.000000"
2026-08-21 10:21:23.635,rated_current_right,"0.000000"
2026-08-21 10:21:23.655,odometry/filtered,"x:-1.222086, y:0.075470, yaw:-0.267091, cov_xx:0.001914, cov_yy:0.002025"
2026-08-21 10:21:23.659,mcl_pose,"x:3.807959, y:2.314267"
2026-08-21 10:21:23.667,rated_current_left,"0.000000"
2026-08-21 10:21:23.668,rated_current_right,"0.000000"
2026-08-21 10:21:23.673,safety/left_bumper,"FALSE"
2026-08-21 10:21:23.673,safety/right_bumper,"FALSE"
2026-08-21 10:21:23.673,safety/emergency_button,"FALSE"
2026-08-21 10:21:23.673,safety/suction_switch,"FALSE"
2026-08-21 10:21:23.675,odometry/filtered,"x:-1.237939, y:0.080795, yaw:-0.270300, cov_xx:0.001936, cov_yy:0.002048"
2026-08-21 10:21:23.700,rated_current_left,"0.000000"
2026-08-21 10:21:23.702,rated_current_right,"0.000000"
2026-08-21 10:21:23.714,odometry/filtered,"x:-1.253298, y:0.085840, yaw:-0.272337, cov_xx:0.001944, cov_yy:0.002056"
2026-08-21 10:21:23.720,safety/left_bumper,"FALSE"
2026-08-21 10:21:23.720,safety/right_bumper,"FALSE"
2026-08-21 10:21:23.721,safety/emergency_button,"FALSE"
2026-08-21 10:21:23.721,safety/suction_switch,"FALSE"
2026-08-21 10:21:23.721,battery/status,"100.000000%"
2026-08-21 10:21:23.732,rated_current_left,"0.000000"
2026-08-21 10:21:23.732,rated_current_right,"0.000000"
2026-08-21 10:21:23.735,odometry/filtered,"x:-1.268181, y:0.090565, yaw:-0.272305, cov_xx:0.001953, cov_yy:0.002065"
2026-08-21 10:21:23.739,mcl_pose,"x:3.876133, y:2.333580"
2026-08-21 10:21:23.764,rated_current_left,"0.000000"
2026-08-21 10:21:23.764,rated_current_right,"0.000000"
2026-08-21 10:21:23.770,safety/emergency_button,"FALSE"
2026-08-21 10:21:23.770,safety/left_bumper,"FALSE"
2026-08-21 10:21:23.770,safety/right_bumper,"FALSE"
2026-08-21 10:21:23.770,safety/suction_switch,"FALSE"
2026-08-21 10:21:23.777,odometry/filtered,"x:-1.281844, y:0.094729, yaw:-0.270813, cov_xx:0.001927, cov_yy:0.002035"
2026-08-21 10:21:23.796,rated_current_left,"0.000000"
2026-08-21 10:21:23.797,rated_current_right,"0.000000"
2026-08-21 10:21:23.803,robot_status,"ROBOT_MANUAL"
2026-08-21 10:21:23.815,odometry/filtered,"x:-1.295965, y:0.098833, yaw:-0.268000, cov_xx:0.001950, cov_yy:0.002061"
2026-08-21 10:21:23.820,safety/emergency_button,"FALSE"
2026-08-21 10:21:23.821,battery/status,"100.000000%"
2026-08-21 10:21:23.821,safety/left_bumper,"FALSE"
2026-08-21 10:21:23.821,safety/right_bumper,"FALSE"
2026-08-21 10:21:23.821,safety/suction_switch,"FALSE"
2026-08-21 10:21:23.828,rated_current_left,"0.000000"
2026-08-21 10:21:23.830,particle_cloud,"count:800, spread:0.248740"
2026-08-21 10:21:23.831,rated_current_right,"0.000000"
2026-08-21 10:21:23.836,odometry/filtered,"x:-1.308776, y:0.102344, yaw:-0.263865, cov_xx:0.001940, cov_yy:0.002049"
2026-08-21 10:21:23.841,mcl_pose,"x:3.932855, y:2.349191"
2026-08-21 10:21:23.860,rated_current_left,"0.000000"
2026-08-21 10:21:23.860,rated_current_right,"0.000000"
2026-08-21 10:21:23.870,safety/left_bumper,"FALSE"
2026-08-21 10:21:23.871,safety/right_bumper,"FALSE"
2026-08-21 10:21:23.871,safety/emergency_button,"FALSE"
2026-08-21 10:21:23.871,safety/suction_switch,"FALSE"
2026-08-21 10:21:23.876,odometry/filtered,"x:-1.321160, y:0.105539, yaw:-0.259063, cov_xx:0.001940, cov_yy:0.002049"
2026-08-21 10:21:23.894,rated_current_left,"0.000000"
2026-08-21 10:21:23.897,rated_current_right,"0.000000"
2026-08-21 10:21:23.915,odometry/filtered,"x:-1.333003, y:0.108394, yaw:-0.253536, cov_xx:0.001938, cov_yy:0.002046"
2026-08-21 10:21:23.921,battery/status,"100.000000%"
2026-08-21 10:21:23.921,safety/left_bumper,"FALSE"
2026-08-21 10:21:23.921,safety/right_bumper,"FALSE"
2026-08-21 10:21:23.921,safety/emergency_button,"FALSE"
2026-08-21 10:21:23.921,safety/suction_switch,"FALSE"
2026-08-21 10:21:23.923,rated_current_left,"0.000000"
2026-08-21 10:21:23.923,rated_current_right,"0.000000"
2026-08-21 10:21:23.935,odometry/filtered,"x:-1.344414, y:0.110969, yaw:-0.247916, cov_xx:0.001939, cov_yy:0.002048"
2026-08-21 10:21:23.943,mcl_pose,"x:3.966882, y:2.356013"
2026-08-21 10:21:23.957,rated_current_left,"0.000000"
2026-08-21 10:21:23.957,rated_current_right,"0.000000"
2026-08-21 10:21:23.971,safety/left_bumper,"FALSE"
2026-08-21 10:21:23.971,safety/right_bumper,"FALSE"
2026-08-21 10:21:23.971,safety/emergency_button,"FALSE"
2026-08-21 10:21:23.971,safety/suction_switch,"FALSE"
2026-08-21 10:21:23.974,odometry/filtered,"x:-1.355025, y:0.113192, yaw:-0.241454, cov_xx:0.001937, cov_yy:0.002046"
2026-08-21 10:21:23.990,rated_current_left,"0.000000"
2026-08-21 10:21:23.990,rated_current_right,"0.000000"
2026-08-21 10:21:23.995,odometry/filtered,"x:-1.365071, y:0.115134, yaw:-0.234410, cov_xx:0.001930, cov_yy:0.002038"
2026-08-21 10:21:24.019,rated_current_left,"0.000000"
2026-08-21 10:21:24.019,rated_current_right,"0.000000"
2026-08-21 10:21:24.021,battery/status,"100.000000%"
2026-08-21 10:21:24.021,safety/left_bumper,"FALSE"
2026-08-21 10:21:24.021,safety/right_bumper,"FALSE"
2026-08-21 10:21:24.021,safety/emergency_button,"FALSE"
2026-08-21 10:21:24.021,safety/suction_switch,"FALSE"
2026-08-21 10:21:24.030,particle_cloud,"count:800, spread:0.173438"
2026-08-21 10:21:24.035,odometry/filtered,"x:-1.374419, y:0.116842, yaw:-0.230719, cov_xx:0.001950, cov_yy:0.002061"
2026-08-21 10:21:24.040,mcl_pose,"x:3.971049, y:2.369583"
2026-08-21 10:21:24.051,rated_current_left,"0.000000"
2026-08-21 10:21:24.051,rated_current_right,"0.000000"
2026-08-21 10:21:24.054,odometry/filtered,"x:-1.383063, y:0.118239, yaw:-0.222896, cov_xx:0.001926, cov_yy:0.002034"
2026-08-21 10:21:24.070,safety/left_bumper,"FALSE"
2026-08-21 10:21:24.070,safety/right_bumper,"FALSE"
2026-08-21 10:21:24.071,safety/emergency_button,"FALSE"
2026-08-21 10:21:24.071,safety/suction_switch,"FALSE"
2026-08-21 10:21:24.083,rated_current_left,"0.000000"
2026-08-21 10:21:24.083,rated_current_right,"0.000000"
2026-08-21 10:21:24.095,odometry/filtered,"x:-1.391395, y:0.119513, yaw:-0.215108, cov_xx:0.001937, cov_yy:0.002046"
2026-08-21 10:21:24.116,rated_current_left,"0.000000"
2026-08-21 10:21:24.117,rated_current_right,"0.000000"
2026-08-21 10:21:24.121,battery/status,"100.000000%"
2026-08-21 10:21:24.121,safety/left_bumper,"FALSE"
2026-08-21 10:21:24.121,safety/right_bumper,"FALSE"
2026-08-21 10:21:24.121,safety/emergency_button,"FALSE"
2026-08-21 10:21:24.121,safety/suction_switch,"FALSE"
2026-08-21 10:21:24.135,odometry/filtered,"x:-1.399280, y:0.120609, yaw:-0.206921, cov_xx:0.001946, cov_yy:0.002056"
2026-08-21 10:21:24.141,mcl_pose,"x:4.000822, y:2.378545"
2026-08-21 10:21:24.146,rated_current_left,"0.000000"
2026-08-21 10:21:24.146,rated_current_right,"0.000000"
2026-08-21 10:21:24.155,odometry/filtered,"x:-1.406211, y:0.121475, yaw:-0.201037, cov_xx:0.001933, cov_yy:0.002043"
2026-08-21 10:21:24.170,safety/right_bumper,"FALSE"
2026-08-21 10:21:24.170,safety/emergency_button,"FALSE"
2026-08-21 10:21:24.171,safety/left_bumper,"FALSE"
2026-08-21 10:21:24.171,safety/suction_switch,"FALSE"
2026-08-21 10:21:24.178,rated_current_left,"0.000000"
2026-08-21 10:21:24.179,rated_current_right,"0.000000"
2026-08-21 10:21:24.195,odometry/filtered,"x:-1.412791, y:0.122239, yaw:-0.193602, cov_xx:0.001940, cov_yy:0.002051"
2026-08-21 10:21:24.224,battery/status,"100.000000%"
2026-08-21 10:21:24.225,safety/left_bumper,"FALSE"
2026-08-21 10:21:24.225,safety/right_bumper,"FALSE"
2026-08-21 10:21:24.225,safety/emergency_button,"FALSE"
2026-08-21 10:21:24.225,safety/suction_switch,"FALSE"
2026-08-21 10:21:24.225,rated_current_left,"0.000000"
2026-08-21 10:21:24.225,rated_current_right,"0.000000"
2026-08-21 10:21:24.230,particle_cloud,"count:800, spread:0.141131"
2026-08-21 10:21:24.236,odometry/filtered,"x:-1.420015, y:0.123124, yaw:-0.187414, cov_xx:0.002061, cov_yy:0.002185"
2026-08-21 10:21:24.241,mcl_pose,"x:4.030927, y:2.377619"
2026-08-21 10:21:24.245,rated_current_left,"0.000000"
2026-08-21 10:21:24.245,rated_current_right,"0.000000"
2026-08-21 10:21:24.254,odometry/filtered,"x:-1.423391, y:0.123225, yaw:-0.180265, cov_xx:0.001885, cov_yy:0.001989"
2026-08-21 10:21:24.272,safety/left_bumper,"FALSE"
2026-08-21 10:21:24.272,safety/right_bumper,"FALSE"
2026-08-21 10:21:24.272,safety/emergency_button,"FALSE"
2026-08-21 10:21:24.272,safety/suction_switch,"FALSE"
2026-08-21 10:21:24.278,rated_current_left,"0.000000"
2026-08-21 10:21:24.278,rated_current_right,"0.000000"
2026-08-21 10:21:24.295,odometry/filtered,"x:-1.427992, y:0.123644, yaw:-0.175088, cov_xx:0.001898, cov_yy:0.002005"
2026-08-21 10:21:24.303,robot_status,"ROBOT_MANUAL"
2026-08-21 10:21:24.312,rated_current_left,"0.000000"
2026-08-21 10:21:24.313,rated_current_right,"0.000000"
2026-08-21 10:21:24.315,odometry/filtered,"x:-1.432415, y:0.124047, yaw:-0.169463, cov_xx:0.001962, cov_yy:0.002075"
2026-08-21 10:21:24.321,safety/left_bumper,"FALSE"
2026-08-21 10:21:24.321,safety/right_bumper,"FALSE"
2026-08-21 10:21:24.322,safety/emergency_button,"FALSE"
2026-08-21 10:21:24.322,safety/suction_switch,"FALSE"
2026-08-21 10:21:24.322,battery/status,"100.000000%"
2026-08-21 10:21:24.322,mcl_pose,"x:4.028871, y:2.364870"
2026-08-21 10:21:24.338,rated_current_left,"0.000000"
2026-08-21 10:21:24.339,rated_current_right,"0.000000"
2026-08-21 10:21:24.355,odometry/filtered,"x:-1.434939, y:0.124138, yaw:-0.164606, cov_xx:0.001898, cov_yy:0.002005"
2026-08-21 10:21:24.370,rated_current_left,"0.000000"
2026-08-21 10:21:24.370,rated_current_right,"0.000000"
2026-08-21 10:21:24.370,safety/left_bumper,"FALSE"
2026-08-21 10:21:24.370,safety/right_bumper,"FALSE"
2026-08-21 10:21:24.370,safety/emergency_button,"FALSE"
2026-08-21 10:21:24.371,safety/suction_switch,"FALSE"
2026-08-21 10:21:24.375,odometry/filtered,"x:-1.437646, y:0.124301, yaw:-0.159603, cov_xx:0.001911, cov_yy:0.002020"
2026-08-21 10:21:24.404,rated_current_left,"0.000000"
2026-08-21 10:21:24.405,rated_current_right,"0.000000"
2026-08-21 10:21:24.415,odometry/filtered,"x:-1.440289, y:0.124469, yaw:-0.154042, cov_xx:0.001964, cov_yy:0.002079"
2026-08-21 10:21:24.420,safety/emergency_button,"FALSE"
2026-08-21 10:21:24.420,safety/left_bumper,"FALSE"
2026-08-21 10:21:24.420,safety/right_bumper,"FALSE"
2026-08-21 10:21:24.420,safety/suction_switch,"FALSE"
2026-08-21 10:21:24.420,battery/status,"100.000000%"
2026-08-21 10:21:24.430,particle_cloud,"count:800, spread:0.095902"
2026-08-21 10:21:24.435,rated_current_left,"0.000000"
2026-08-21 10:21:24.435,rated_current_right,"0.000000"
2026-08-21 10:21:24.458,odometry/filtered,"x:-1.441836, y:0.124468, yaw:-0.148516, cov_xx:0.001924, cov_yy:0.002034"
2026-08-21 10:21:24.466,rated_current_left,"0.000000"
2026-08-21 10:21:24.467,rated_current_right,"0.000000"
2026-08-21 10:21:24.472,safety/emergency_button,"FALSE"
2026-08-21 10:21:24.473,safety/left_bumper,"FALSE"
2026-08-21 10:21:24.473,safety/right_bumper,"FALSE"
2026-08-21 10:21:24.473,safety/suction_switch,"FALSE"
2026-08-21 10:21:24.475,odometry/filtered,"x:-1.443212, y:0.124474, yaw:-0.142862, cov_xx:0.001923, cov_yy:0.002033"
2026-08-21 10:21:24.497,rated_current_left,"0.000000"
2026-08-21 10:21:24.498,rated_current_right,"0.000000"
2026-08-21 10:21:24.514,odometry/filtered,"x:-1.444165, y:0.124441, yaw:-0.136665, cov_xx:0.001921, cov_yy:0.002031"
2026-08-21 10:21:24.520,safety/right_bumper,"FALSE"
2026-08-21 10:21:24.521,safety/emergency_button,"FALSE"
2026-08-21 10:21:24.521,battery/status,"100.000000%"
2026-08-21 10:21:24.521,safety/left_bumper,"FALSE"
2026-08-21 10:21:24.521,safety/suction_switch,"FALSE"
2026-08-21 10:21:24.529,rated_current_left,"0.000000"
2026-08-21 10:21:24.529,rated_current_right,"0.000000"
2026-08-21 10:21:24.535,odometry/filtered,"x:-1.444742, y:0.124376, yaw:-0.130133, cov_xx:0.001919, cov_yy:0.002029"
2026-08-21 10:21:24.539,mcl_pose,"x:4.036869, y:2.361030"
2026-08-21 10:21:24.562,rated_current_left,"0.000000"
2026-08-21 10:21:24.562,rated_current_right,"0.000000"
2026-08-21 10:21:24.571,safety/left_bumper,"FALSE"
2026-08-21 10:21:24.571,safety/right_bumper,"FALSE"
2026-08-21 10:21:24.571,safety/emergency_button,"FALSE"
2026-08-21 10:21:24.571,safety/suction_switch,"FALSE"
2026-08-21 10:21:24.575,odometry/filtered,"x:-1.445143, y:0.124309, yaw:-0.123283, cov_xx:0.001945, cov_yy:0.002058"
2026-08-21 10:21:24.596,rated_current_left,"0.000000"
2026-08-21 10:21:24.596,rated_current_right,"0.000000"
2026-08-21 10:21:24.615,odometry/filtered,"x:-1.445227, y:0.124209, yaw:-0.116476, cov_xx:0.001944, cov_yy:0.002057"
2026-08-21 10:21:24.621,safety/left_bumper,"FALSE"
2026-08-21 10:21:24.621,safety/right_bumper,"FALSE"
2026-08-21 10:21:24.621,safety/emergency_button,"FALSE"
2026-08-21 10:21:24.621,safety/suction_switch,"FALSE"
2026-08-21 10:21:24.623,battery/status,"100.000000%"
2026-08-21 10:21:24.627,rated_current_left,"0.000000"
2026-08-21 10:21:24.629,rated_current_right,"0.000000"
2026-08-21 10:21:24.635,particle_cloud,"count:800, spread:0.105818"
2026-08-21 10:21:24.635,odometry/filtered,"x:-1.445282, y:0.124116, yaw:-0.109940, cov_xx:0.001958, cov_yy:0.002072"
2026-08-21 10:21:24.658,rated_current_left,"0.000000"
2026-08-21 10:21:24.658,rated_current_right,"0.000000"
2026-08-21 10:21:24.672,safety/emergency_button,"FALSE"
2026-08-21 10:21:24.673,safety/left_bumper,"FALSE"
2026-08-21 10:21:24.673,safety/right_bumper,"FALSE"
2026-08-21 10:21:24.677,safety/suction_switch,"FALSE"
2026-08-21 10:21:24.677,odometry/filtered,"x:-1.445072, y:0.123994, yaw:-0.104012, cov_xx:0.001918, cov_yy:0.002028"
2026-08-21 10:21:24.693,rated_current_left,"0.000000"
2026-08-21 10:21:24.693,rated_current_right,"0.000000"
2026-08-21 10:21:24.695,odometry/filtered,"x:-1.444862, y:0.123904, yaw:-0.099315, cov_xx:0.001941, cov_yy:0.002053"
2026-08-21 10:21:24.722,safety/emergency_button,"FALSE"
2026-08-21 10:21:24.723,battery/status,"100.000000%"
2026-08-21 10:21:24.723,safety/left_bumper,"FALSE"
2026-08-21 10:21:24.723,safety/right_bumper,"FALSE"
2026-08-21 10:21:24.723,safety/suction_switch,"FALSE"
2026-08-21 10:21:24.723,rated_current_left,"0.000000"
2026-08-21 10:21:24.724,rated_current_right,"0.000000"
2026-08-21 10:21:24.735,odometry/filtered,"x:-1.444811, y:0.123821, yaw:-0.093787, cov_xx:0.001952, cov_yy:0.002066"
2026-08-21 10:21:24.752,rated_current_left,"0.000000"
2026-08-21 10:21:24.753,rated_current_right,"0.000000"
2026-08-21 10:21:24.757,odometry/filtered,"x:-1.444491, y:0.123713, yaw:-0.089670, cov_xx:0.001896, cov_yy:0.002003"
2026-08-21 10:21:24.770,safety/emergency_button,"FALSE"
2026-08-21 10:21:24.770,safety/left_bumper,"FALSE"
2026-08-21 10:21:24.770,safety/right_bumper,"FALSE"
2026-08-21 10:21:24.771,safety/suction_switch,"FALSE"
2026-08-21 10:21:24.785,rated_current_left,"0.000000"
2026-08-21 10:21:24.785,rated_current_right,"0.000000"
2026-08-21 10:21:24.796,odometry/filtered,"x:-1.444377, y:0.123647, yaw:-0.085682, cov_xx:0.001925, cov_yy:0.002036"
2026-08-21 10:21:24.803,robot_status,"ROBOT_STANDBY"
2026-08-21 10:21:24.817,rated_current_left,"0.000000"
2026-08-21 10:21:24.817,rated_current_right,"0.000000"
2026-08-21 10:21:24.820,safety/emergency_button,"FALSE"
2026-08-21 10:21:24.820,safety/left_bumper,"FALSE"
2026-08-21 10:21:24.820,safety/right_bumper,"FALSE"
2026-08-21 10:21:24.820,safety/suction_switch,"FALSE"
2026-08-21 10:21:24.821,battery/status,"100.000000%"
2026-08-21 10:21:24.829,particle_cloud,"count:800, spread:0.105393"
2026-08-21 10:21:24.835,odometry/filtered,"x:-1.444157, y:0.123575, yaw:-0.081924, cov_xx:0.001939, cov_yy:0.002051"
2026-08-21 10:21:24.841,mcl_pose,"x:4.029685, y:2.352647"
2026-08-21 10:21:24.850,rated_current_left,"0.000000"
2026-08-21 10:21:24.850,rated_current_right,"0.000000"
2026-08-21 10:21:24.855,odometry/filtered,"x:-1.443811, y:0.123496, yaw:-0.078475, cov_xx:0.001923, cov_yy:0.002033"
2026-08-21 10:21:24.870,safety/right_bumper,"FALSE"
2026-08-21 10:21:24.870,safety/emergency_button,"FALSE"
2026-08-21 10:21:24.870,safety/left_bumper,"FALSE"
2026-08-21 10:21:24.870,safety/suction_switch,"FALSE"
2026-08-21 10:21:24.881,rated_current_left,"0.000000"
2026-08-21 10:21:24.882,rated_current_right,"0.000000"
2026-08-21 10:21:24.895,odometry/filtered,"x:-1.443494, y:0.123432, yaw:-0.075217, cov_xx:0.001942, cov_yy:0.002054"
2026-08-21 10:21:24.915,rated_current_left,"0.000000"
2026-08-21 10:21:24.917,rated_current_right,"0.000000"
2026-08-21 10:21:24.920,safety/left_bumper,"FALSE"
2026-08-21 10:21:24.920,safety/right_bumper,"FALSE"
2026-08-21 10:21:24.920,safety/emergency_button,"FALSE"
2026-08-21 10:21:24.920,battery/status,"100.000000%"
2026-08-21 10:21:24.920,safety/suction_switch,"FALSE"
2026-08-21 10:21:24.935,odometry/filtered,"x:-1.443051, y:0.123365, yaw:-0.071927, cov_xx:0.001962, cov_yy:0.002076"
2026-08-21 10:21:24.945,rated_current_left,"0.000000"
2026-08-21 10:21:24.945,rated_current_right,"0.000000"
2026-08-21 10:21:24.959,odometry/filtered,"x:-1.442475, y:0.123288, yaw:-0.069202, cov_xx:0.001911, cov_yy:0.002020"
2026-08-21 10:21:24.970,safety/left_bumper,"FALSE"
2026-08-21 10:21:24.970,safety/right_bumper,"FALSE"
2026-08-21 10:21:24.970,safety/emergency_button,"FALSE"
2026-08-21 10:21:24.970,safety/suction_switch,"FALSE"
2026-08-21 10:21:24.976,rated_current_left,"0.000000"
2026-08-21 10:21:24.976,rated_current_right,"0.000000"
2026-08-21 10:21:24.995,odometry/filtered,"x:-1.441994, y:0.123228, yaw:-0.066547, cov_xx:0.001909, cov_yy:0.002018"
2026-08-21 10:21:25.011,rated_current_left,"0.000000"
2026-08-21 10:21:25.012,rated_current_right,"0.000000"
2026-08-21 10:21:25.015,odometry/filtered,"x:-1.441627, y:0.123184, yaw:-0.063963, cov_xx:0.001971, cov_yy:0.002087"
2026-08-21 10:21:25.020,safety/right_bumper,"FALSE"
2026-08-21 10:21:25.020,safety/emergency_button,"FALSE"
2026-08-21 10:21:25.020,battery/status,"100.000000%"
2026-08-21 10:21:25.020,safety/left_bumper,"FALSE"
2026-08-21 10:21:25.020,safety/suction_switch,"FALSE"
2026-08-21 10:21:25.030,particle_cloud,"count:800, spread:0.101825"
2026-08-21 10:21:25.045,rated_current_left,"0.000000"
2026-08-21 10:21:25.045,rated_current_right,"0.000000"
2026-08-21 10:21:25.055,odometry/filtered,"x:-1.441201, y:0.123128, yaw:-0.061793, cov_xx:0.001922, cov_yy:0.002032"
2026-08-21 10:21:25.070,safety/left_bumper,"FALSE"
2026-08-21 10:21:25.071,safety/right_bumper,"FALSE"
2026-08-21 10:21:25.071,safety/emergency_button,"FALSE"
2026-08-21 10:21:25.071,safety/suction_switch,"FALSE"
2026-08-21 10:21:25.073,rated_current_left,"0.000000"
2026-08-21 10:21:25.073,rated_current_right,"0.000000"
2026-08-21 10:21:25.095,odometry/filtered,"x:-1.440880, y:0.123086, yaw:-0.059714, cov_xx:0.001928, cov_yy:0.002038"
2026-08-21 10:21:25.106,rated_current_left,"0.000000"
2026-08-21 10:21:25.106,rated_current_right,"0.000000"
2026-08-21 10:21:25.114,odometry/filtered,"x:-1.440674, y:0.123052, yaw:-0.057463, cov_xx:0.001934, cov_yy:0.002045"
2026-08-21 10:21:25.122,battery/status,"100.000000%"
2026-08-21 10:21:25.122,safety/left_bumper,"FALSE"
2026-08-21 10:21:25.122,safety/right_bumper,"FALSE"
2026-08-21 10:21:25.122,safety/emergency_button,"FALSE"
2026-08-21 10:21:25.122,safety/suction_switch,"FALSE"
2026-08-21 10:21:25.137,rated_current_left,"0.000000"
2026-08-21 10:21:25.137,rated_current_right,"0.000000"
2026-08-21 10:21:25.156,odometry/filtered,"x:-1.440454, y:0.123018, yaw:-0.055661, cov_xx:0.001923, cov_yy:0.002033"
2026-08-21 10:21:25.171,safety/left_bumper,"FALSE"
2026-08-21 10:21:25.171,safety/right_bumper,"FALSE"
2026-08-21 10:21:25.171,safety/emergency_button,"FALSE"
2026-08-21 10:21:25.171,safety/suction_switch,"FALSE"
2026-08-21 10:21:25.171,rated_current_left,"0.000000"
2026-08-21 10:21:25.171,rated_current_right,"0.000000"
2026-08-21 10:21:25.176,odometry/filtered,"x:-1.440245, y:0.122989, yaw:-0.053841, cov_xx:0.001932, cov_yy:0.002043"
2026-08-21 10:21:25.200,rated_current_left,"0.000000"
2026-08-21 10:21:25.200,rated_current_right,"0.000000"
2026-08-21 10:21:25.215,odometry/filtered,"x:-1.440041, y:0.122960, yaw:-0.052301, cov_xx:0.001919, cov_yy:0.002028"
2026-08-21 10:21:25.220,safety/left_bumper,"FALSE"
2026-08-21 10:21:25.220,safety/right_bumper,"FALSE"
2026-08-21 10:21:25.220,safety/emergency_button,"FALSE"
2026-08-21 10:21:25.220,battery/status,"100.000000%"
2026-08-21 10:21:25.220,safety/suction_switch,"FALSE"
2026-08-21 10:21:25.230,particle_cloud,"count:800, spread:0.111511"
2026-08-21 10:21:25.231,rated_current_left,"0.000000"
2026-08-21 10:21:25.232,rated_current_right,"0.000000"
2026-08-21 10:21:25.236,odometry/filtered,"x:-1.439861, y:0.122936, yaw:-0.050866, cov_xx:0.001923, cov_yy:0.002032"
2026-08-21 10:21:25.266,rated_current_left,"0.000000"
2026-08-21 10:21:25.266,rated_current_right,"0.000000"
2026-08-21 10:21:25.271,safety/emergency_button,"FALSE"
2026-08-21 10:21:25.272,safety/left_bumper,"FALSE"
2026-08-21 10:21:25.272,safety/right_bumper,"FALSE"
2026-08-21 10:21:25.272,safety/suction_switch,"FALSE"
2026-08-21 10:21:25.276,odometry/filtered,"x:-1.439698, y:0.122915, yaw:-0.049507, cov_xx:0.001944, cov_yy:0.002055"
2026-08-21 10:21:25.296,rated_current_left,"0.000000"
2026-08-21 10:21:25.297,rated_current_right,"0.000000"
2026-08-21 10:21:25.303,robot_status,"ROBOT_STANDBY"
2026-08-21 10:21:25.315,odometry/filtered,"x:-1.439538, y:0.122893, yaw:-0.048328, cov_xx:0.001920, cov_yy:0.002029"
2026-08-21 10:21:25.320,battery/status,"100.000000%"
2026-08-21 10:21:25.320,safety/left_bumper,"FALSE"
2026-08-21 10:21:25.320,safety/right_bumper,"FALSE"
2026-08-21 10:21:25.320,safety/emergency_button,"FALSE"
2026-08-21 10:21:25.320,safety/suction_switch,"FALSE"
2026-08-21 10:21:25.330,rated_current_left,"0.000000"
2026-08-21 10:21:25.331,rated_current_right,"0.000000"
2026-08-21 10:21:25.335,odometry/filtered,"x:-1.439114, y:0.122865, yaw:-0.045895, cov_xx:0.001970, cov_yy:0.002084"
2026-08-21 10:21:25.360,rated_current_left,"0.000000"
2026-08-21 10:21:25.362,rated_current_right,"0.000000"
2026-08-21 10:21:25.370,safety/left_bumper,"FALSE"
2026-08-21 10:21:25.370,safety/right_bumper,"FALSE"
2026-08-21 10:21:25.370,safety/emergency_button,"FALSE"
2026-08-21 10:21:25.370,safety/suction_switch,"FALSE"
2026-08-21 10:21:25.376,odometry/filtered,"x:-1.438767, y:0.122839, yaw:-0.044636, cov_xx:0.001916, cov_yy:0.002024"
2026-08-21 10:21:25.392,rated_current_left,"0.000000"
2026-08-21 10:21:25.394,rated_current_right,"0.000000"
2026-08-21 10:21:25.394,odometry/filtered,"x:-1.438492, y:0.122819, yaw:-0.043533, cov_xx:0.001929, cov_yy:0.002039"
2026-08-21 10:21:25.420,safety/emergency_button,"FALSE"
2026-08-21 10:21:25.420,battery/status,"100.000000%"
2026-08-21 10:21:25.421,safety/left_bumper,"FALSE"
2026-08-21 10:21:25.421,safety/right_bumper,"FALSE"
2026-08-21 10:21:25.421,safety/suction_switch,"FALSE"
2026-08-21 10:21:25.426,rated_current_left,"0.000000"
2026-08-21 10:21:25.426,rated_current_right,"0.000000"
2026-08-21 10:21:25.431,particle_cloud,"count:800, spread:0.099292"
2026-08-21 10:21:25.436,odometry/filtered,"x:-1.438277, y:0.122802, yaw:-0.042536, cov_xx:0.001953, cov_yy:0.002065"
2026-08-21 10:21:25.457,rated_current_left,"0.000000"
2026-08-21 10:21:25.457,rated_current_right,"0.000000"
2026-08-21 10:21:25.471,safety/left_bumper,"FALSE"
2026-08-21 10:21:25.472,safety/right_bumper,"FALSE"
2026-08-21 10:21:25.472,safety/emergency_button,"FALSE"
2026-08-21 10:21:25.472,safety/suction_switch,"FALSE"
2026-08-21 10:21:25.475,odometry/filtered,"x:-1.438116, y:0.122787, yaw:-0.041624, cov_xx:0.001928, cov_yy:0.002037"
2026-08-21 10:21:25.487,rated_current_left,"0.000000"
2026-08-21 10:21:25.489,rated_current_right,"0.000000"
2026-08-21 10:21:25.495,odometry/filtered,"x:-1.438084, y:0.122778, yaw:-0.041163, cov_xx:0.001908, cov_yy:0.002015"
2026-08-21 10:21:25.519,rated_current_left,"0.000000"
2026-08-21 10:21:25.520,rated_current_right,"0.000000"
2026-08-21 10:21:25.520,safety/emergency_button,"FALSE"
2026-08-21 10:21:25.520,safety/left_bumper,"FALSE"
2026-08-21 10:21:25.520,safety/right_bumper,"FALSE"
2026-08-21 10:21:25.520,safety/suction_switch,"FALSE"
2026-08-21 10:21:25.524,battery/status,"100.000000%"
2026-08-21 10:21:25.536,odometry/filtered,"x:-1.438105, y:0.122772, yaw:-0.040517, cov_xx:0.001920, cov_yy:0.002029"
2026-08-21 10:21:25.551,rated_current_left,"0.000000"
2026-08-21 10:21:25.552,rated_current_right,"0.000000"
2026-08-21 10:21:25.555,odometry/filtered,"x:-1.438154, y:0.122768, yaw:-0.039947, cov_xx:0.001928, cov_yy:0.002038"
2026-08-21 10:21:25.578,safety/left_bumper,"FALSE"
2026-08-21 10:21:25.578,safety/right_bumper,"FALSE"
2026-08-21 10:21:25.578,safety/emergency_button,"FALSE"
2026-08-21 10:21:25.578,safety/suction_switch,"FALSE"
2026-08-21 10:21:25.584,rated_current_left,"0.000000"
2026-08-21 10:21:25.585,rated_current_right,"0.000000"
2026-08-21 10:21:25.594,odometry/filtered,"x:-1.438210, y:0.122765, yaw:-0.039441, cov_xx:0.001939, cov_yy:0.002050"
2026-08-21 10:21:25.617,rated_current_left,"0.000000"
2026-08-21 10:21:25.618,rated_current_right,"0.000000"
2026-08-21 10:21:25.620,battery/status,"100.000000%"
2026-08-21 10:21:25.621,safety/left_bumper,"FALSE"
2026-08-21 10:21:25.621,safety/right_bumper,"FALSE"
2026-08-21 10:21:25.621,safety/emergency_button,"FALSE"
2026-08-21 10:21:25.621,safety/suction_switch,"FALSE"
2026-08-21 10:21:25.630,particle_cloud,"count:800, spread:0.101584"
2026-08-21 10:21:25.634,odometry/filtered,"x:-1.438227, y:0.122761, yaw:-0.038953, cov_xx:0.001932, cov_yy:0.002042"
2026-08-21 10:21:25.648,rated_current_left,"0.000000"
2026-08-21 10:21:25.648,rated_current_right,"0.000000"
2026-08-21 10:21:25.654,odometry/filtered,"x:-1.438234, y:0.122757, yaw:-0.038576, cov_xx:0.001930, cov_yy:0.002039"
2026-08-21 10:21:25.674,safety/left_bumper,"FALSE"
2026-08-21 10:21:25.674,safety/right_bumper,"FALSE"
2026-08-21 10:21:25.674,safety/emergency_button,"FALSE"
2026-08-21 10:21:25.674,safety/suction_switch,"FALSE"
2026-08-21 10:21:25.682,rated_current_left,"0.000000"
2026-08-21 10:21:25.682,rated_current_right,"0.000000"
2026-08-21 10:21:25.695,odometry/filtered,"x:-1.438220, y:0.122752, yaw:-0.038181, cov_xx:0.001943, cov_yy:0.002054"
2026-08-21 10:21:25.712,rated_current_left,"0.000000"
2026-08-21 10:21:25.712,rated_current_right,"0.000000"
2026-08-21 10:21:25.715,odometry/filtered,"x:-1.438201, y:0.122748, yaw:-0.037844, cov_xx:0.001936, cov_yy:0.002047"
2026-08-21 10:21:25.723,battery/status,"100.000000%"
2026-08-21 10:21:25.723,safety/left_bumper,"FALSE"
2026-08-21 10:21:25.723,safety/right_bumper,"FALSE"
2026-08-21 10:21:25.723,safety/emergency_button,"FALSE"
2026-08-21 10:21:25.723,safety/suction_switch,"FALSE"
2026-08-21 10:21:25.744,rated_current_left,"0.000000"
2026-08-21 10:21:25.744,rated_current_right,"0.000000"
2026-08-21 10:21:25.755,odometry/filtered,"x:-1.438175, y:0.122744, yaw:-0.037543, cov_xx:0.001937, cov_yy:0.002048"
2026-08-21 10:21:25.770,safety/left_bumper,"FALSE"
2026-08-21 10:21:25.770,safety/right_bumper,"FALSE"
2026-08-21 10:21:25.770,safety/emergency_button,"FALSE"
2026-08-21 10:21:25.770,safety/suction_switch,"FALSE"
2026-08-21 10:21:25.777,rated_current_left,"0.000000"
2026-08-21 10:21:25.777,rated_current_right,"0.000000"
2026-08-21 10:21:25.795,odometry/filtered,"x:-1.438220, y:0.122743, yaw:-0.037553, cov_xx:0.001954, cov_yy:0.002066"
2026-08-21 10:21:25.803,robot_status,"ROBOT_STANDBY"
2026-08-21 10:21:25.813,rated_current_left,"0.000000"
2026-08-21 10:21:25.813,rated_current_right,"0.000000"
2026-08-21 10:21:25.814,odometry/filtered,"x:-1.438275, y:0.122743, yaw:-0.037539, cov_xx:0.001979, cov_yy:0.002093"
2026-08-21 10:21:25.823,battery/status,"100.000000%"
2026-08-21 10:21:25.823,safety/left_bumper,"FALSE"
2026-08-21 10:21:25.823,safety/right_bumper,"FALSE"
2026-08-21 10:21:25.823,safety/emergency_button,"FALSE"
2026-08-21 10:21:25.823,safety/suction_switch,"FALSE"
2026-08-21 10:21:25.829,particle_cloud,"count:800, spread:0.099290"
2026-08-21 10:21:25.839,rated_current_left,"0.000000"
2026-08-21 10:21:25.841,rated_current_right,"0.000000"
2026-08-21 10:21:25.855,odometry/filtered,"x:-1.438371, y:0.122743, yaw:-0.037685, cov_xx:0.001880, cov_yy:0.001983"
2026-08-21 10:21:25.874,safety/left_bumper,"FALSE"
2026-08-21 10:21:25.874,safety/right_bumper,"FALSE"
2026-08-21 10:21:25.874,safety/emergency_button,"FALSE"
2026-08-21 10:21:25.874,safety/suction_switch,"FALSE"
2026-08-21 10:21:25.874,rated_current_left,"0.000000"
2026-08-21 10:21:25.874,rated_current_right,"0.000000"
2026-08-21 10:21:25.899,odometry/filtered,"x:-1.438392, y:0.122743, yaw:-0.037623, cov_xx:0.001913, cov_yy:0.002020"
2026-08-21 10:21:25.904,rated_current_left,"0.000000"
2026-08-21 10:21:25.905,rated_current_right,"0.000000"
2026-08-21 10:21:25.914,odometry/filtered,"x:-1.438411, y:0.122742, yaw:-0.037636, cov_xx:0.001935, cov_yy:0.002045"
2026-08-21 10:21:25.920,safety/emergency_button,"FALSE"
2026-08-21 10:21:25.920,battery/status,"100.000000%"
2026-08-21 10:21:25.920,safety/left_bumper,"FALSE"
2026-08-21 10:21:25.920,safety/right_bumper,"FALSE"
2026-08-21 10:21:25.920,safety/suction_switch,"FALSE"
2026-08-21 10:21:25.937,rated_current_left,"0.000000"
2026-08-21 10:21:25.937,rated_current_right,"0.000000"
2026-08-21 10:21:25.954,odometry/filtered,"x:-1.438420, y:0.122740, yaw:-0.037623, cov_xx:0.001933, cov_yy:0.002043"
2026-08-21 10:21:25.967,rated_current_left,"0.000000"
2026-08-21 10:21:25.967,rated_current_right,"0.000000"
2026-08-21 10:21:25.970,safety/left_bumper,"FALSE"
2026-08-21 10:21:25.970,safety/right_bumper,"FALSE"
2026-08-21 10:21:25.970,safety/emergency_button,"FALSE"
2026-08-21 10:21:25.970,safety/suction_switch,"FALSE"
2026-08-21 10:21:25.975,odometry/filtered,"x:-1.438424, y:0.122739, yaw:-0.037632, cov_xx:0.001918, cov_yy:0.002026"
2026-08-21 10:21:25.999,rated_current_left,"0.000000"
2026-08-21 10:21:26.000,rated_current_right,"0.000000"
2026-08-21 10:21:26.015,odometry/filtered,"x:-1.438405, y:0.122737, yaw:-0.037617, cov_xx:0.001939, cov_yy:0.002049"
2026-08-21 10:21:26.024,battery/status,"100.000000%"
2026-08-21 10:21:26.025,safety/left_bumper,"FALSE"
2026-08-21 10:21:26.025,safety/right_bumper,"FALSE"
2026-08-21 10:21:26.025,safety/emergency_button,"FALSE"
2026-08-21 10:21:26.025,safety/suction_switch,"FALSE"
2026-08-21 10:21:26.029,particle_cloud,"count:800, spread:0.104396"
2026-08-21 10:21:26.031,rated_current_left,"0.000000"
2026-08-21 10:21:26.031,rated_current_right,"0.000000"
2026-08-21 10:21:26.035,odometry/filtered,"x:-1.438398, y:0.122735, yaw:-0.037643, cov_xx:0.001925, cov_yy:0.002034"
2026-08-21 10:21:26.064,rated_current_left,"0.000000"
2026-08-21 10:21:26.065,rated_current_right,"0.000000"
2026-08-21 10:21:26.070,safety/emergency_button,"FALSE"
2026-08-21 10:21:26.070,safety/left_bumper,"FALSE"
2026-08-21 10:21:26.070,safety/right_bumper,"FALSE"
2026-08-21 10:21:26.070,safety/suction_switch,"FALSE"
2026-08-21 10:21:26.079,odometry/filtered,"x:-1.438382, y:0.122733, yaw:-0.037671, cov_xx:0.001934, cov_yy:0.002044"
2026-08-21 10:21:26.096,rated_current_left,"0.000000"
2026-08-21 10:21:26.096,rated_current_right,"0.000000"
2026-08-21 10:21:26.114,odometry/filtered,"x:-1.438365, y:0.122732, yaw:-0.037706, cov_xx:0.001945, cov_yy:0.002057"
2026-08-21 10:21:26.122,battery/status,"100.000000%"
2026-08-21 10:21:26.122,safety/left_bumper,"FALSE"
2026-08-21 10:21:26.122,safety/right_bumper,"FALSE"
2026-08-21 10:21:26.122,safety/emergency_button,"FALSE"
2026-08-21 10:21:26.122,safety/suction_switch,"FALSE"
2026-08-21 10:21:26.127,rated_current_left,"0.000000"
2026-08-21 10:21:26.127,rated_current_right,"0.000000"
2026-08-21 10:21:26.137,odometry/filtered,"x:-1.438360, y:0.122730, yaw:-0.037757, cov_xx:0.001930, cov_yy:0.002040"
2026-08-21 10:21:26.158,rated_current_left,"0.000000"
2026-08-21 10:21:26.158,rated_current_right,"0.000000"
2026-08-21 10:21:26.170,safety/left_bumper,"FALSE"
2026-08-21 10:21:26.170,safety/right_bumper,"FALSE"
2026-08-21 10:21:26.170,safety/emergency_button,"FALSE"
2026-08-21 10:21:26.170,safety/suction_switch,"FALSE"
2026-08-21 10:21:26.176,odometry/filtered,"x:-1.438357, y:0.122730, yaw:-0.037820, cov_xx:0.001911, cov_yy:0.002019"
2026-08-21 10:21:26.193,rated_current_left,"0.000000"
2026-08-21 10:21:26.195,odometry/filtered,"x:-1.438334, y:0.122728, yaw:-0.037872, cov_xx:0.001946, cov_yy:0.002057"
2026-08-21 10:21:26.195,rated_current_right,"0.000000"
2026-08-21 10:21:26.220,battery/status,"100.000000%"
2026-08-21 10:21:26.221,safety/left_bumper,"FALSE"
2026-08-21 10:21:26.221,safety/right_bumper,"FALSE"
2026-08-21 10:21:26.221,safety/emergency_button,"FALSE"
2026-08-21 10:21:26.221,safety/suction_switch,"FALSE"
2026-08-21 10:21:26.225,rated_current_left,"0.000000"
2026-08-21 10:21:26.225,rated_current_right,"0.000000"
2026-08-21 10:21:26.229,particle_cloud,"count:800, spread:0.099284"
2026-08-21 10:21:26.235,odometry/filtered,"x:-1.438324, y:0.122727, yaw:-0.037934, cov_xx:0.001952, cov_yy:0.002063"
2026-08-21 10:21:26.254,rated_current_left,"0.000000"
2026-08-21 10:21:26.254,rated_current_right,"0.000000"
2026-08-21 10:21:26.270,safety/left_bumper,"FALSE"
2026-08-21 10:21:26.270,safety/right_bumper,"FALSE"
2026-08-21 10:21:26.270,safety/emergency_button,"FALSE"
2026-08-21 10:21:26.270,safety/suction_switch,"FALSE"
2026-08-21 10:21:26.275,odometry/filtered,"x:-1.438332, y:0.122726, yaw:-0.038013, cov_xx:0.001911, cov_yy:0.002018"
2026-08-21 10:21:26.287,rated_current_left,"0.000000"
2026-08-21 10:21:26.287,rated_current_right,"0.000000"
2026-08-21 10:21:26.295,odometry/filtered,"x:-1.438321, y:0.122725, yaw:-0.038086, cov_xx:0.001925, cov_yy:0.002034"
2026-08-21 10:21:26.302,robot_status,"ROBOT_STANDBY"
2026-08-21 10:21:26.320,battery/status,"100.000000%"
2026-08-21 10:21:26.321,safety/left_bumper,"FALSE"
2026-08-21 10:21:26.321,safety/right_bumper,"FALSE"
2026-08-21 10:21:26.321,safety/emergency_button,"FALSE"
2026-08-21 10:21:26.321,safety/suction_switch,"FALSE"
2026-08-21 10:21:26.321,rated_current_left,"0.000000"
2026-08-21 10:21:26.321,rated_current_right,"0.000000"
2026-08-21 10:21:26.337,odometry/filtered,"x:-1.438307, y:0.122724, yaw:-0.038158, cov_xx:0.001946, cov_yy:0.002057"
2026-08-21 10:21:26.350,rated_current_left,"0.000000"
2026-08-21 10:21:26.350,rated_current_right,"0.000000"
2026-08-21 10:21:26.354,odometry/filtered,"x:-1.438315, y:0.122724, yaw:-0.038243, cov_xx:0.001917, cov_yy:0.002025"
2026-08-21 10:21:26.369,safety/right_bumper,"FALSE"
2026-08-21 10:21:26.370,safety/emergency_button,"FALSE"
2026-08-21 10:21:26.370,safety/left_bumper,"FALSE"
2026-08-21 10:21:26.370,safety/suction_switch,"FALSE"
2026-08-21 10:21:26.383,rated_current_left,"0.000000"
2026-08-21 10:21:26.384,rated_current_right,"0.000000"
2026-08-21 10:21:26.395,odometry/filtered,"x:-1.438295, y:0.122723, yaw:-0.038316, cov_xx:0.001959, cov_yy:0.002072"
2026-08-21 10:21:26.414,rated_current_left,"0.000000"
2026-08-21 10:21:26.414,rated_current_right,"0.000000"
2026-08-21 10:21:26.419,safety/emergency_button,"FALSE"
2026-08-21 10:21:26.420,safety/right_bumper,"FALSE"
2026-08-21 10:21:26.420,battery/status,"100.000000%"
2026-08-21 10:21:26.420,safety/left_bumper,"FALSE"
2026-08-21 10:21:26.420,safety/suction_switch,"FALSE"
2026-08-21 10:21:26.429,particle_cloud,"count:800, spread:0.101871"
2026-08-21 10:21:26.434,odometry/filtered,"x:-1.438313, y:0.122723, yaw:-0.038407, cov_xx:0.001908, cov_yy:0.002015"
2026-08-21 10:21:26.446,rated_current_left,"0.000000"
2026-08-21 10:21:26.446,rated_current_right,"0.000000"
2026-08-21 10:21:26.455,odometry/filtered,"x:-1.438305, y:0.122722, yaw:-0.038489, cov_xx:0.001924, cov_yy:0.002033"
2026-08-21 10:21:26.471,safety/left_bumper,"FALSE"
2026-08-21 10:21:26.471,safety/right_bumper,"FALSE"
2026-08-21 10:21:26.471,safety/emergency_button,"FALSE"
2026-08-21 10:21:26.471,safety/suction_switch,"FALSE"
2026-08-21 10:21:26.480,rated_current_left,"0.000000"
2026-08-21 10:21:26.481,rated_current_right,"0.000000"
2026-08-21 10:21:26.495,odometry/filtered,"x:-1.438288, y:0.122721, yaw:-0.038574, cov_xx:0.001960, cov_yy:0.002072"
2026-08-21 10:21:26.511,rated_current_left,"0.000000"
2026-08-21 10:21:26.512,rated_current_right,"0.000000"
2026-08-21 10:21:26.514,odometry/filtered,"x:-1.438301, y:0.122722, yaw:-0.038664, cov_xx:0.001923, cov_yy:0.002032"
2026-08-21 10:21:26.521,battery/status,"100.000000%"
2026-08-21 10:21:26.521,safety/left_bumper,"FALSE"
2026-08-21 10:21:26.521,safety/right_bumper,"FALSE"
2026-08-21 10:21:26.521,safety/emergency_button,"FALSE"
2026-08-21 10:21:26.521,safety/suction_switch,"FALSE"
2026-08-21 10:21:26.541,rated_current_left,"0.000000"
2026-08-21 10:21:26.542,rated_current_right,"0.000000"
2026-08-21 10:21:26.554,odometry/filtered,"x:-1.438303, y:0.122721, yaw:-0.038750, cov_xx:0.001917, cov_yy:0.002025"
2026-08-21 10:21:26.569,safety/emergency_button,"FALSE"
2026-08-21 10:21:26.570,safety/left_bumper,"FALSE"
2026-08-21 10:21:26.570,safety/right_bumper,"FALSE"
2026-08-21 10:21:26.570,safety/suction_switch,"FALSE"
2026-08-21 10:21:26.574,rated_current_left,"0.000000"
2026-08-21 10:21:26.575,rated_current_right,"0.000000"
2026-08-21 10:21:26.595,odometry/filtered,"x:-1.438298, y:0.122721, yaw:-0.038834, cov_xx:0.001928, cov_yy:0.002037"
2026-08-21 10:21:26.600,system_resources,"cpu:62.1%, mem:33.6%, mem_used_mb:2560, mem_total_mb:7619"
2026-08-21 10:21:26.606,rated_current_left,"0.000000"
2026-08-21 10:21:26.606,rated_current_right,"0.000000"
2026-08-21 10:21:26.614,odometry/filtered,"x:-1.438295, y:0.122720, yaw:-0.038917, cov_xx:0.001938, cov_yy:0.002049"
2026-08-21 10:21:26.622,battery/status,"100.000000%"
2026-08-21 10:21:26.623,safety/left_bumper,"FALSE"
2026-08-21 10:21:26.623,safety/right_bumper,"FALSE"
2026-08-21 10:21:26.623,safety/emergency_button,"FALSE"
2026-08-21 10:21:26.623,safety/suction_switch,"FALSE"
2026-08-21 10:21:26.630,particle_cloud,"count:800, spread:0.104372"
2026-08-21 10:21:26.638,rated_current_left,"0.000000"
2026-08-21 10:21:26.639,rated_current_right,"0.000000"
2026-08-21 10:21:26.655,odometry/filtered,"x:-1.438300, y:0.122720, yaw:-0.039001, cov_xx:0.001929, cov_yy:0.002038"
2026-08-21 10:21:26.670,safety/left_bumper,"FALSE"
2026-08-21 10:21:26.671,safety/right_bumper,"FALSE"
2026-08-21 10:21:26.671,safety/emergency_button,"FALSE"
2026-08-21 10:21:26.671,safety/suction_switch,"FALSE"
2026-08-21 10:21:26.671,rated_current_left,"0.000000"
2026-08-21 10:21:26.671,rated_current_right,"0.000000"
2026-08-21 10:21:26.675,odometry/filtered,"x:-1.438302, y:0.122720, yaw:-0.039083, cov_xx:0.001929, cov_yy:0.002038"
2026-08-21 10:21:26.701,rated_current_left,"0.000000"
2026-08-21 10:21:26.702,rated_current_right,"0.000000"
2026-08-21 10:21:26.714,odometry/filtered,"x:-1.438302, y:0.122720, yaw:-0.039163, cov_xx:0.001934, cov_yy:0.002044"
2026-08-21 10:21:26.719,safety/left_bumper,"FALSE"
2026-08-21 10:21:26.720,safety/right_bumper,"FALSE"
2026-08-21 10:21:26.720,safety/emergency_button,"FALSE"
2026-08-21 10:21:26.722,safety/suction_switch,"FALSE"
2026-08-21 10:21:26.723,battery/status,"100.000000%"
2026-08-21 10:21:26.735,rated_current_left,"0.000000"
2026-08-21 10:21:26.735,rated_current_right,"0.000000"
2026-08-21 10:21:26.755,odometry/filtered,"x:-1.437899, y:0.122705, yaw:-0.037266, cov_xx:0.001935, cov_yy:0.002044"
2026-08-21 10:21:26.766,rated_current_left,"0.000000"
2026-08-21 10:21:26.766,rated_current_right,"0.000000"
2026-08-21 10:21:26.769,safety/left_bumper,"FALSE"
2026-08-21 10:21:26.770,safety/right_bumper,"FALSE"
2026-08-21 10:21:26.770,safety/emergency_button,"FALSE"
2026-08-21 10:21:26.770,safety/suction_switch,"FALSE"
2026-08-21 10:21:26.776,odometry/filtered,"x:-1.437670, y:0.122696, yaw:-0.036991, cov_xx:0.001937, cov_yy:0.002047"
2026-08-21 10:21:26.797,rated_current_left,"0.000000"
2026-08-21 10:21:26.797,rated_current_right,"0.000000"
2026-08-21 10:21:26.804,robot_status,"ROBOT_STANDBY"
2026-08-21 10:21:26.815,odometry/filtered,"x:-1.437539, y:0.122692, yaw:-0.036761, cov_xx:0.001918, cov_yy:0.002026"
2026-08-21 10:21:26.820,battery/status,"100.000000%"
2026-08-21 10:21:26.820,safety/left_bumper,"FALSE"
2026-08-21 10:21:26.820,safety/right_bumper,"FALSE"
2026-08-21 10:21:26.820,safety/emergency_button,"FALSE"
2026-08-21 10:21:26.820,safety/suction_switch,"FALSE"
2026-08-21 10:21:26.828,rated_current_left,"0.000000"
2026-08-21 10:21:26.829,particle_cloud,"count:800, spread:0.101155"
2026-08-21 10:21:26.829,rated_current_right,"0.000000"
2026-08-21 10:21:26.836,odometry/filtered,"x:-1.437448, y:0.122688, yaw:-0.036532, cov_xx:0.001928, cov_yy:0.002038"
2026-08-21 10:21:26.864,rated_current_left,"0.000000"
2026-08-21 10:21:26.864,rated_current_right,"0.000000"
2026-08-21 10:21:26.869,safety/right_bumper,"FALSE"
2026-08-21 10:21:26.869,safety/emergency_button,"FALSE"
2026-08-21 10:21:26.870,safety/left_bumper,"FALSE"
2026-08-21 10:21:26.870,safety/suction_switch,"FALSE"
2026-08-21 10:21:26.876,odometry/filtered,"x:-1.437373, y:0.122685, yaw:-0.036306, cov_xx:0.001981, cov_yy:0.002095"
2026-08-21 10:21:26.895,rated_current_left,"0.000000"
2026-08-21 10:21:26.895,rated_current_right,"0.000000"
2026-08-21 10:21:26.914,odometry/filtered,"x:-1.437372, y:0.122685, yaw:-0.036125, cov_xx:0.001917, cov_yy:0.002025"
2026-08-21 10:21:26.920,safety/emergency_button,"FALSE"
2026-08-21 10:21:26.920,safety/left_bumper,"FALSE"
2026-08-21 10:21:26.920,safety/right_bumper,"FALSE"
2026-08-21 10:21:26.920,safety/suction_switch,"FALSE"
2026-08-21 10:21:26.920,battery/status,"100.000000%"
2026-08-21 10:21:26.925,rated_current_left,"0.000000"
2026-08-21 10:21:26.927,rated_current_right,"0.000000"
2026-08-21 10:21:26.935,odometry/filtered,"x:-1.437424, y:0.122687, yaw:-0.035936, cov_xx:0.001920, cov_yy:0.002028"
2026-08-21 10:21:26.957,rated_current_left,"0.000000"
2026-08-21 10:21:26.958,rated_current_right,"0.000000"
2026-08-21 10:21:26.969,safety/left_bumper,"FALSE"
2026-08-21 10:21:26.970,safety/right_bumper,"FALSE"
2026-08-21 10:21:26.970,safety/emergency_button,"FALSE"
2026-08-21 10:21:26.970,safety/suction_switch,"FALSE"
2026-08-21 10:21:26.975,odometry/filtered,"x:-1.437517, y:0.122690, yaw:-0.035774, cov_xx:0.001919, cov_yy:0.002028"
2026-08-21 10:21:26.990,rated_current_left,"0.000000"
2026-08-21 10:21:26.991,rated_current_right,"0.000000"
2026-08-21 10:21:26.994,odometry/filtered,"x:-1.437612, y:0.122693, yaw:-0.035574, cov_xx:0.001949, cov_yy:0.002060"
2026-08-21 10:21:27.021,battery/status,"100.000000%"
2026-08-21 10:21:27.021,safety/left_bumper,"FALSE"
2026-08-21 10:21:27.021,safety/right_bumper,"FALSE"
2026-08-21 10:21:27.021,safety/emergency_button,"FALSE"
2026-08-21 10:21:27.021,safety/suction_switch,"FALSE"
2026-08-21 10:21:27.021,rated_current_left,"0.000000"
2026-08-21 10:21:27.022,rated_current_right,"0.000000"
2026-08-21 10:21:27.029,particle_cloud,"count:800, spread:0.106006"
2026-08-21 10:21:27.035,odometry/filtered,"x:-1.437717, y:0.122697, yaw:-0.035417, cov_xx:0.001940, cov_yy:0.002051"
2026-08-21 10:21:27.053,rated_current_left,"0.000000"
2026-08-21 10:21:27.055,odometry/filtered,"x:-1.437818, y:0.122701, yaw:-0.035206, cov_xx:0.001923, cov_yy:0.002031"
2026-08-21 10:21:27.055,rated_current_right,"0.000000"
2026-08-21 10:21:27.069,safety/left_bumper,"FALSE"
2026-08-21 10:21:27.070,safety/right_bumper,"FALSE"
2026-08-21 10:21:27.070,safety/emergency_button,"FALSE"
2026-08-21 10:21:27.070,safety/suction_switch,"FALSE"
2026-08-21 10:21:27.084,rated_current_left,"0.000000"
2026-08-21 10:21:27.084,rated_current_right,"0.000000"
2026-08-21 10:21:27.095,odometry/filtered,"x:-1.437928, y:0.122705, yaw:-0.035035, cov_xx:0.001908, cov_yy:0.002015"
2026-08-21 10:21:27.118,rated_current_left,"0.000000"
2026-08-21 10:21:27.118,rated_current_right,"0.000000"
2026-08-21 10:21:27.119,safety/emergency_button,"FALSE"
2026-08-21 10:21:27.120,safety/left_bumper,"FALSE"
2026-08-21 10:21:27.120,safety/right_bumper,"FALSE"
2026-08-21 10:21:27.120,safety/suction_switch,"FALSE"
2026-08-21 10:21:27.121,battery/status,"100.000000%"
2026-08-21 10:21:27.135,odometry/filtered,"x:-1.438032, y:0.122708, yaw:-0.034843, cov_xx:0.001936, cov_yy:0.002047"
2026-08-21 10:21:27.151,rated_current_left,"0.000000"
2026-08-21 10:21:27.151,rated_current_right,"0.000000"
2026-08-21 10:21:27.155,odometry/filtered,"x:-1.438128, y:0.122712, yaw:-0.034665, cov_xx:0.001968, cov_yy:0.002082"
2026-08-21 10:21:27.172,safety/left_bumper,"FALSE"
2026-08-21 10:21:27.173,safety/right_bumper,"FALSE"
2026-08-21 10:21:27.173,safety/emergency_button,"FALSE"
2026-08-21 10:21:27.173,safety/suction_switch,"FALSE"
2026-08-21 10:21:27.180,rated_current_left,"0.000000"
2026-08-21 10:21:27.180,rated_current_right,"0.000000"
2026-08-21 10:21:27.195,odometry/filtered,"x:-1.438236, y:0.122716, yaw:-0.034505, cov_xx:0.001901, cov_yy:0.002008"
2026-08-21 10:21:27.213,rated_current_left,"0.000000"
2026-08-21 10:21:27.213,rated_current_right,"0.000000"
2026-08-21 10:21:27.215,odometry/filtered,"x:-1.438290, y:0.122718, yaw:-0.034402, cov_xx:0.001924, cov_yy:0.002033"
2026-08-21 10:21:27.222,battery/status,"100.000000%"
2026-08-21 10:21:27.222,safety/left_bumper,"FALSE"
2026-08-21 10:21:27.222,safety/right_bumper,"FALSE"
2026-08-21 10:21:27.222,safety/emergency_button,"FALSE"
2026-08-21 10:21:27.223,safety/suction_switch,"FALSE"
2026-08-21 10:21:27.230,particle_cloud,"count:800, spread:0.104354"
2026-08-21 10:21:27.244,rated_current_left,"0.000000"
2026-08-21 10:21:27.244,rated_current_right,"0.000000"
2026-08-21 10:21:27.255,odometry/filtered,"x:-1.438331, y:0.122719, yaw:-0.034293, cov_xx:0.001923, cov_yy:0.002032"
2026-08-21 10:21:27.272,safety/left_bumper,"FALSE"
2026-08-21 10:21:27.272,safety/right_bumper,"FALSE"
2026-08-21 10:21:27.272,safety/emergency_button,"FALSE"
2026-08-21 10:21:27.272,safety/suction_switch,"FALSE"
2026-08-21 10:21:27.277,rated_current_left,"0.000000"
2026-08-21 10:21:27.277,rated_current_right,"0.000000"
2026-08-21 10:21:27.298,odometry/filtered,"x:-1.438352, y:0.122720, yaw:-0.034191, cov_xx:0.001940, cov_yy:0.002051"
2026-08-21 10:21:27.305,robot_status,"ROBOT_STANDBY"
2026-08-21 10:21:27.310,rated_current_left,"0.000000"
2026-08-21 10:21:27.310,rated_current_right,"0.000000"
2026-08-21 10:21:27.315,odometry/filtered,"x:-1.438370, y:0.122721, yaw:-0.034099, cov_xx:0.001940, cov_yy:0.002050"
2026-08-21 10:21:27.320,safety/emergency_button,"FALSE"
2026-08-21 10:21:27.320,battery/status,"100.000000%"
2026-08-21 10:21:27.320,safety/left_bumper,"FALSE"
2026-08-21 10:21:27.320,safety/right_bumper,"FALSE"
2026-08-21 10:21:27.320,safety/suction_switch,"FALSE"
2026-08-21 10:21:27.340,rated_current_left,"0.000000"
2026-08-21 10:21:27.340,rated_current_right,"0.000000"
2026-08-21 10:21:27.354,odometry/filtered,"x:-1.438409, y:0.122722, yaw:-0.034034, cov_xx:0.001927, cov_yy:0.002036"
2026-08-21 10:21:27.369,safety/emergency_button,"FALSE"
2026-08-21 10:21:27.370,safety/left_bumper,"FALSE"
2026-08-21 10:21:27.370,safety/right_bumper,"FALSE"
2026-08-21 10:21:27.370,safety/suction_switch,"FALSE"
2026-08-21 10:21:27.372,rated_current_left,"0.000000"
2026-08-21 10:21:27.373,rated_current_right,"0.000000"
2026-08-21 10:21:27.376,odometry/filtered,"x:-1.438457, y:0.122724, yaw:-0.033992, cov_xx:0.001939, cov_yy:0.002050"
2026-08-21 10:21:27.404,rated_current_left,"0.000000"
2026-08-21 10:21:27.404,rated_current_right,"0.000000"
2026-08-21 10:21:27.415,odometry/filtered,"x:-1.438536, y:0.122726, yaw:-0.034042, cov_xx:0.001928, cov_yy:0.002038"
2026-08-21 10:21:27.420,safety/emergency_button,"FALSE"
2026-08-21 10:21:27.420,battery/status,"100.000000%"
2026-08-21 10:21:27.420,safety/left_bumper,"FALSE"
2026-08-21 10:21:27.420,safety/right_bumper,"FALSE"
2026-08-21 10:21:27.420,safety/suction_switch,"FALSE"
2026-08-21 10:21:27.429,particle_cloud,"count:800, spread:0.108336"
2026-08-21 10:21:27.436,rated_current_left,"0.000000"
2026-08-21 10:21:27.436,rated_current_right,"0.000000"
2026-08-21 10:21:27.455,odometry/filtered,"x:-1.438619, y:0.122729, yaw:-0.034178, cov_xx:0.001928, cov_yy:0.002037"
2026-08-21 10:21:27.469,rated_current_left,"0.000000"
2026-08-21 10:21:27.470,safety/left_bumper,"FALSE"
2026-08-21 10:21:27.470,safety/right_bumper,"FALSE"
2026-08-21 10:21:27.470,safety/emergency_button,"FALSE"
2026-08-21 10:21:27.470,safety/suction_switch,"FALSE"
2026-08-21 10:21:27.472,rated_current_right,"0.000000"
2026-08-21 10:21:27.476,odometry/filtered,"x:-1.438670, y:0.122731, yaw:-0.034178, cov_xx:0.001931, cov_yy:0.002041"
2026-08-21 10:21:27.499,rated_current_left,"0.000000"
2026-08-21 10:21:27.499,rated_current_right,"0.000000"
2026-08-21 10:21:27.515,odometry/filtered,"x:-1.438706, y:0.122733, yaw:-0.034182, cov_xx:0.001920, cov_yy:0.002029"
2026-08-21 10:21:27.522,battery/status,"100.000000%"
2026-08-21 10:21:27.522,safety/left_bumper,"FALSE"
2026-08-21 10:21:27.522,safety/right_bumper,"FALSE"
2026-08-21 10:21:27.522,safety/emergency_button,"FALSE"
2026-08-21 10:21:27.522,safety/suction_switch,"FALSE"
2026-08-21 10:21:27.533,rated_current_left,"0.000000"
2026-08-21 10:21:27.533,rated_current_right,"0.000000"
2026-08-21 10:21:27.535,odometry/filtered,"x:-1.438720, y:0.122733, yaw:-0.034185, cov_xx:0.001945, cov_yy:0.002056"
2026-08-21 10:21:27.563,rated_current_left,"0.000000"
2026-08-21 10:21:27.563,rated_current_right,"0.000000"
2026-08-21 10:21:27.569,safety/left_bumper,"FALSE"
2026-08-21 10:21:27.569,safety/right_bumper,"FALSE"
2026-08-21 10:21:27.569,safety/emergency_button,"FALSE"
2026-08-21 10:21:27.573,safety/suction_switch,"FALSE"
2026-08-21 10:21:27.576,odometry/filtered,"x:-1.438828, y:0.122737, yaw:-0.034516, cov_xx:0.001920, cov_yy:0.002028"
2026-08-21 10:21:27.597,rated_current_left,"0.000000"
2026-08-21 10:21:27.597,rated_current_right,"0.000000"
2026-08-21 10:21:27.615,odometry/filtered,"x:-1.438878, y:0.122739, yaw:-0.034578, cov_xx:0.001950, cov_yy:0.002061"
2026-08-21 10:21:27.620,battery/status,"100.000000%"
2026-08-21 10:21:27.620,safety/left_bumper,"FALSE"
2026-08-21 10:21:27.620,safety/right_bumper,"FALSE"
2026-08-21 10:21:27.620,safety/emergency_button,"FALSE"
2026-08-21 10:21:27.620,safety/suction_switch,"FALSE"
2026-08-21 10:21:27.629,rated_current_left,"0.000000"
2026-08-21 10:21:27.629,particle_cloud,"count:800, spread:0.106992"
2026-08-21 10:21:27.629,rated_current_right,"0.000000"
2026-08-21 10:21:27.635,odometry/filtered,"x:-1.438966, y:0.122742, yaw:-0.034463, cov_xx:0.001942, cov_yy:0.002052"
2026-08-21 10:21:27.659,rated_current_left,"0.000000"
2026-08-21 10:21:27.661,rated_current_right,"0.000000"
2026-08-21 10:21:27.669,safety/emergency_button,"FALSE"
2026-08-21 10:21:27.670,safety/right_bumper,"FALSE"
2026-08-21 10:21:27.670,safety/left_bumper,"FALSE"
2026-08-21 10:21:27.670,safety/suction_switch,"FALSE"
2026-08-21 10:21:27.676,odometry/filtered,"x:-1.439025, y:0.122744, yaw:-0.034492, cov_xx:0.001915, cov_yy:0.002023"
2026-08-21 10:21:27.693,rated_current_left,"0.000000"
2026-08-21 10:21:27.693,rated_current_right,"0.000000"
2026-08-21 10:21:27.695,odometry/filtered,"x:-1.439051, y:0.122745, yaw:-0.034518, cov_xx:0.001938, cov_yy:0.002049"
2026-08-21 10:21:27.719,safety/emergency_button,"FALSE"
2026-08-21 10:21:27.720,battery/status,"100.000000%"
2026-08-21 10:21:27.720,safety/left_bumper,"FALSE"
2026-08-21 10:21:27.720,safety/right_bumper,"FALSE"
2026-08-21 10:21:27.720,safety/suction_switch,"FALSE"
2026-08-21 10:21:27.729,rated_current_left,"0.000000"
2026-08-21 10:21:27.729,rated_current_right,"0.000000"
2026-08-21 10:21:27.734,odometry/filtered,"x:-1.439053, y:0.122745, yaw:-0.034542, cov_xx:0.002006, cov_yy:0.002123"
2026-08-21 10:21:27.756,rated_current_left,"0.000000"
2026-08-21 10:21:27.756,rated_current_right,"0.000000"
2026-08-21 10:21:27.769,safety/left_bumper,"FALSE"
2026-08-21 10:21:27.769,safety/right_bumper,"FALSE"
2026-08-21 10:21:27.769,safety/emergency_button,"FALSE"
2026-08-21 10:21:27.770,safety/suction_switch,"FALSE"
2026-08-21 10:21:27.776,odometry/filtered,"x:-1.439101, y:0.122747, yaw:-0.034571, cov_xx:0.001884, cov_yy:0.001988"
2026-08-21 10:21:27.788,rated_current_left,"0.000000"
2026-08-21 10:21:27.788,rated_current_right,"0.000000"
2026-08-21 10:21:27.795,odometry/filtered,"x:-1.439106, y:0.122747, yaw:-0.034590, cov_xx:0.001896, cov_yy:0.002002"
2026-08-21 10:21:27.803,robot_status,"ROBOT_STANDBY"
2026-08-21 10:21:27.819,rated_current_left,"0.000000"
2026-08-21 10:21:27.819,safety/left_bumper,"FALSE"
2026-08-21 10:21:27.819,safety/right_bumper,"FALSE"
2026-08-21 10:21:27.819,safety/emergency_button,"FALSE"
2026-08-21 10:21:27.820,safety/suction_switch,"FALSE"
2026-08-21 10:21:27.820,rated_current_right,"0.000000"
2026-08-21 10:21:27.820,battery/status,"100.000000%"
2026-08-21 10:21:27.828,particle_cloud,"count:800, spread:0.106214"
2026-08-21 10:21:27.835,odometry/filtered,"x:-1.439101, y:0.122747, yaw:-0.034613, cov_xx:0.001939, cov_yy:0.002050"
2026-08-21 10:21:27.851,rated_current_left,"0.000000"
2026-08-21 10:21:27.851,rated_current_right,"0.000000"
2026-08-21 10:21:27.856,odometry/filtered,"x:-1.439110, y:0.122747, yaw:-0.034637, cov_xx:0.001920, cov_yy:0.002029"
2026-08-21 10:21:27.869,safety/emergency_button,"FALSE"
2026-08-21 10:21:27.870,safety/left_bumper,"FALSE"
2026-08-21 10:21:27.870,safety/right_bumper,"FALSE"
2026-08-21 10:21:27.870,safety/suction_switch,"FALSE"
2026-08-21 10:21:27.884,rated_current_left,"0.000000"
2026-08-21 10:21:27.884,rated_current_right,"0.000000"
2026-08-21 10:21:27.895,odometry/filtered,"x:-1.439107, y:0.122747, yaw:-0.034659, cov_xx:0.001942, cov_yy:0.002053"
2026-08-21 10:21:27.914,rated_current_left,"0.000000"
2026-08-21 10:21:27.914,rated_current_right,"0.000000"
2026-08-21 10:21:27.919,safety/emergency_button,"FALSE"
2026-08-21 10:21:27.919,battery/status,"100.000000%"
2026-08-21 10:21:27.920,safety/left_bumper,"FALSE"
2026-08-21 10:21:27.920,safety/right_bumper,"FALSE"
2026-08-21 10:21:27.920,safety/suction_switch,"FALSE"
2026-08-21 10:21:27.934,odometry/filtered,"x:-1.439125, y:0.122748, yaw:-0.034651, cov_xx:0.001909, cov_yy:0.002016"
2026-08-21 10:21:27.948,rated_current_left,"0.000000"
2026-08-21 10:21:27.948,rated_current_right,"0.000000"
2026-08-21 10:21:27.954,odometry/filtered,"x:-1.439120, y:0.122748, yaw:-0.034666, cov_xx:0.001945, cov_yy:0.002057"
2026-08-21 10:21:27.969,safety/left_bumper,"FALSE"
2026-08-21 10:21:27.969,safety/right_bumper,"FALSE"
2026-08-21 10:21:27.970,safety/emergency_button,"FALSE"
2026-08-21 10:21:27.970,safety/suction_switch,"FALSE"
2026-08-21 10:21:27.981,rated_current_left,"0.000000"
2026-08-21 10:21:27.981,rated_current_right,"0.000000"
2026-08-21 10:21:27.994,odometry/filtered,"x:-1.439128, y:0.122748, yaw:-0.034683, cov_xx:0.001932, cov_yy:0.002042"
2026-08-21 10:21:28.012,rated_current_left,"0.000000"
2026-08-21 10:21:28.012,rated_current_right,"0.000000"
2026-08-21 10:21:28.014,odometry/filtered,"x:-1.439126, y:0.122748, yaw:-0.034699, cov_xx:0.001949, cov_yy:0.002060"
2026-08-21 10:21:28.019,safety/emergency_button,"FALSE"
2026-08-21 10:21:28.020,battery/status,"100.000000%"
2026-08-21 10:21:28.020,safety/left_bumper,"FALSE"
2026-08-21 10:21:28.020,safety/right_bumper,"FALSE"
2026-08-21 10:21:28.020,safety/suction_switch,"FALSE"
2026-08-21 10:21:28.029,particle_cloud,"count:800, spread:0.101350"
2026-08-21 10:21:28.042,rated_current_left,"0.000000"
2026-08-21 10:21:28.042,rated_current_right,"0.000000"
2026-08-21 10:21:28.055,odometry/filtered,"x:-1.439139, y:0.122748, yaw:-0.034715, cov_xx:0.001911, cov_yy:0.002019"
2026-08-21 10:21:28.069,safety/emergency_button,"FALSE"
2026-08-21 10:21:28.070,safety/left_bumper,"FALSE"
2026-08-21 10:21:28.070,safety/right_bumper,"FALSE"
2026-08-21 10:21:28.070,safety/suction_switch,"FALSE"
2026-08-21 10:21:28.075,rated_current_left,"0.000000"
2026-08-21 10:21:28.076,rated_current_right,"0.000000"
2026-08-21 10:21:28.096,odometry/filtered,"x:-1.439140, y:0.122748, yaw:-0.034731, cov_xx:0.001916, cov_yy:0.002024"
2026-08-21 10:21:28.113,rated_current_left,"0.000000"
2026-08-21 10:21:28.115,rated_current_right,"0.000000"
2026-08-21 10:21:28.116,odometry/filtered,"x:-1.439112, y:0.122747, yaw:-0.034745, cov_xx:0.002025, cov_yy:0.002144"
2026-08-21 10:21:28.120,safety/left_bumper,"FALSE"
2026-08-21 10:21:28.120,safety/right_bumper,"FALSE"
2026-08-21 10:21:28.120,safety/emergency_button,"FALSE"
2026-08-21 10:21:28.120,safety/suction_switch,"FALSE"
2026-08-21 10:21:28.120,battery/status,"100.000000%"
2026-08-21 10:21:28.139,rated_current_left,"0.000000"
2026-08-21 10:21:28.140,rated_current_right,"0.000000"
2026-08-21 10:21:28.155,odometry/filtered,"x:-1.439150, y:0.122749, yaw:-0.034761, cov_xx:0.001896, cov_yy:0.002001"
2026-08-21 10:21:28.169,safety/emergency_button,"FALSE"
2026-08-21 10:21:28.171,safety/left_bumper,"FALSE"
2026-08-21 10:21:28.171,safety/right_bumper,"FALSE"
2026-08-21 10:21:28.171,safety/suction_switch,"FALSE"
2026-08-21 10:21:28.172,rated_current_left,"0.000000"
2026-08-21 10:21:28.173,rated_current_right,"0.000000"
2026-08-21 10:21:28.175,odometry/filtered,"x:-1.439151, y:0.122749, yaw:-0.034776, cov_xx:0.001897, cov_yy:0.002003"
2026-08-21 10:21:28.203,rated_current_left,"0.000000"
2026-08-21 10:21:28.204,rated_current_right,"0.000000"
2026-08-21 10:21:28.216,odometry/filtered,"x:-1.439142, y:0.122749, yaw:-0.034790, cov_xx:0.001940, cov_yy:0.002051"
2026-08-21 10:21:28.219,safety/emergency_button,"FALSE"
2026-08-21 10:21:28.222,safety/left_bumper,"FALSE"
2026-08-21 10:21:28.222,safety/right_bumper,"FALSE"
2026-08-21 10:21:28.222,safety/suction_switch,"FALSE"
2026-08-21 10:21:28.223,battery/status,"100.000000%"
2026-08-21 10:21:28.236,particle_cloud,"count:800, spread:0.104001"
2026-08-21 10:21:28.237,rated_current_left,"0.000000"
2026-08-21 10:21:28.239,rated_current_right,"0.000000"
2026-08-21 10:21:28.255,odometry/filtered,"x:-1.439138, y:0.122748, yaw:-0.034804, cov_xx:0.001965, cov_yy:0.002078"
2026-08-21 10:21:28.266,rated_current_left,"0.000000"
2026-08-21 10:21:28.267,rated_current_right,"0.000000"
2026-08-21 10:21:28.269,safety/left_bumper,"FALSE"
2026-08-21 10:21:28.269,safety/right_bumper,"FALSE"
2026-08-21 10:21:28.270,safety/emergency_button,"FALSE"
2026-08-21 10:21:28.270,safety/suction_switch,"FALSE"
2026-08-21 10:21:28.275,odometry/filtered,"x:-1.439157, y:0.122749, yaw:-0.034818, cov_xx:0.001903, cov_yy:0.002009"
2026-08-21 10:21:28.298,rated_current_left,"0.000000"
2026-08-21 10:21:28.298,rated_current_right,"0.000000"
2026-08-21 10:21:28.306,robot_status,"ROBOT_STANDBY"
2026-08-21 10:21:28.315,odometry/filtered,"x:-1.439157, y:0.122749, yaw:-0.034831, cov_xx:0.001912, cov_yy:0.002020"
2026-08-21 10:21:28.320,battery/status,"100.000000%"
2026-08-21 10:21:28.320,safety/left_bumper,"FALSE"
2026-08-21 10:21:28.320,safety/right_bumper,"FALSE"
2026-08-21 10:21:28.320,safety/emergency_button,"FALSE"
2026-08-21 10:21:28.320,safety/suction_switch,"FALSE"
2026-08-21 10:21:28.331,rated_current_left,"0.000000"
2026-08-21 10:21:28.331,rated_current_right,"0.000000"
2026-08-21 10:21:28.334,odometry/filtered,"x:-1.439157, y:0.122749, yaw:-0.034844, cov_xx:0.001920, cov_yy:0.002029"
2026-08-21 10:21:28.361,rated_current_left,"0.000000"
2026-08-21 10:21:28.363,rated_current_right,"0.000000"
2026-08-21 10:21:28.370,safety/left_bumper,"FALSE"
2026-08-21 10:21:28.370,safety/right_bumper,"FALSE"
2026-08-21 10:21:28.370,safety/emergency_button,"FALSE"
2026-08-21 10:21:28.370,safety/suction_switch,"FALSE"
2026-08-21 10:21:28.375,odometry/filtered,"x:-1.439157, y:0.122749, yaw:-0.034857, cov_xx:0.001932, cov_yy:0.002042"
2026-08-21 10:21:28.394,rated_current_left,"0.000000"
2026-08-21 10:21:28.395,rated_current_right,"0.000000"
2026-08-21 10:21:28.415,odometry/filtered,"x:-1.439157, y:0.122749, yaw:-0.034868, cov_xx:0.001942, cov_yy:0.002053"
2026-08-21 10:21:28.419,battery/status,"100.000000%"
2026-08-21 10:21:28.420,safety/left_bumper,"FALSE"
2026-08-21 10:21:28.420,safety/right_bumper,"FALSE"
2026-08-21 10:21:28.420,safety/emergency_button,"FALSE"
2026-08-21 10:21:28.420,safety/suction_switch,"FALSE"
2026-08-21 10:21:28.426,rated_current_left,"0.000000"
2026-08-21 10:21:28.429,particle_cloud,"count:800, spread:0.106779"
2026-08-21 10:21:28.430,rated_current_right,"0.000000"
2026-08-21 10:21:28.435,odometry/filtered,"x:-1.439163, y:0.122750, yaw:-0.034880, cov_xx:0.001930, cov_yy:0.002039"
2026-08-21 10:21:28.457,rated_current_left,"0.000000"
2026-08-21 10:21:28.457,rated_current_right,"0.000000"
2026-08-21 10:21:28.469,safety/emergency_button,"FALSE"
2026-08-21 10:21:28.471,safety/right_bumper,"FALSE"
2026-08-21 10:21:28.471,safety/left_bumper,"FALSE"
2026-08-21 10:21:28.471,safety/suction_switch,"FALSE"
2026-08-21 10:21:28.475,odometry/filtered,"x:-1.439167, y:0.122750, yaw:-0.034891, cov_xx:0.001926, cov_yy:0.002035"
2026-08-21 10:21:28.489,rated_current_left,"0.000000"
2026-08-21 10:21:28.490,rated_current_right,"0.000000"
2026-08-21 10:21:28.494,odometry/filtered,"x:-1.439169, y:0.122750, yaw:-0.034902, cov_xx:0.001932, cov_yy:0.002042"
2026-08-21 10:21:28.522,battery/status,"100.000000%"
2026-08-21 10:21:28.523,safety/left_bumper,"FALSE"
2026-08-21 10:21:28.523,safety/right_bumper,"FALSE"
2026-08-21 10:21:28.523,safety/emergency_button,"FALSE"
2026-08-21 10:21:28.523,safety/suction_switch,"FALSE"
2026-08-21 10:21:28.523,rated_current_left,"0.000000"
2026-08-21 10:21:28.523,rated_current_right,"0.000000"
2026-08-21 10:21:28.534,odometry/filtered,"x:-1.439170, y:0.122750, yaw:-0.034913, cov_xx:0.001940, cov_yy:0.002051"
2026-08-21 10:21:28.554,rated_current_left,"0.000000"
2026-08-21 10:21:28.554,rated_current_right,"0.000000"
2026-08-21 10:21:28.571,safety/emergency_button,"FALSE"
2026-08-21 10:21:28.571,safety/left_bumper,"FALSE"
2026-08-21 10:21:28.571,safety/right_bumper,"FALSE"
2026-08-21 10:21:28.571,safety/suction_switch,"FALSE"
2026-08-21 10:21:28.575,odometry/filtered,"x:-1.439173, y:0.122750, yaw:-0.034923, cov_xx:0.001938, cov_yy:0.002048"
2026-08-21 10:21:28.585,rated_current_left,"0.000000"
2026-08-21 10:21:28.585,rated_current_right,"0.000000"
2026-08-21 10:21:28.594,odometry/filtered,"x:-1.439181, y:0.122750, yaw:-0.034933, cov_xx:0.001918, cov_yy:0.002027"
2026-08-21 10:21:28.618,rated_current_left,"0.000000"
2026-08-21 10:21:28.618,rated_current_right,"0.000000"
2026-08-21 10:21:28.619,safety/left_bumper,"FALSE"
2026-08-21 10:21:28.619,safety/right_bumper,"FALSE"
2026-08-21 10:21:28.619,safety/emergency_button,"FALSE"
2026-08-21 10:21:28.620,safety/suction_switch,"FALSE"
2026-08-21 10:21:28.620,battery/status,"100.000000%"
2026-08-21 10:21:28.630,particle_cloud,"count:800, spread:0.108905"
2026-08-21 10:21:28.635,odometry/filtered,"x:-1.439181, y:0.122750, yaw:-0.034942, cov_xx:0.001932, cov_yy:0.002042"
2026-08-21 10:21:28.650,rated_current_left,"0.000000"
2026-08-21 10:21:28.650,rated_current_right,"0.000000"
2026-08-21 10:21:28.654,odometry/filtered,"x:-1.439184, y:0.122751, yaw:-0.034951, cov_xx:0.001932, cov_yy:0.002042"
2026-08-21 10:21:28.669,safety/emergency_button,"FALSE"
2026-08-21 10:21:28.669,safety/left_bumper,"FALSE"
2026-08-21 10:21:28.669,safety/right_bumper,"FALSE"
2026-08-21 10:21:28.669,safety/suction_switch,"FALSE"
2026-08-21 10:21:28.681,rated_current_left,"0.000000"
2026-08-21 10:21:28.681,rated_current_right,"0.000000"
2026-08-21 10:21:28.695,odometry/filtered,"x:-1.439188, y:0.122751, yaw:-0.034959, cov_xx:0.001932, cov_yy:0.002042"
2026-08-21 10:21:28.714,rated_current_left,"0.000000"
2026-08-21 10:21:28.714,rated_current_right,"0.000000"
2026-08-21 10:21:28.714,odometry/filtered,"x:-1.439192, y:0.122751, yaw:-0.034968, cov_xx:0.001928, cov_yy:0.002038"
2026-08-21 10:21:28.722,battery/status,"100.000000%"
2026-08-21 10:21:28.722,safety/left_bumper,"FALSE"
2026-08-21 10:21:28.722,safety/right_bumper,"FALSE"
2026-08-21 10:21:28.722,safety/emergency_button,"FALSE"
2026-08-21 10:21:28.722,safety/suction_switch,"FALSE"
2026-08-21 10:21:28.748,rated_current_left,"0.000000"
2026-08-21 10:21:28.748,rated_current_right,"0.000000"
2026-08-21 10:21:28.754,odometry/filtered,"x:-1.439192, y:0.122751, yaw:-0.034976, cov_xx:0.001942, cov_yy:0.002052"
2026-08-21 10:21:28.769,safety/emergency_button,"FALSE"
2026-08-21 10:21:28.769,safety/left_bumper,"FALSE"
2026-08-21 10:21:28.769,safety/right_bumper,"FALSE"
2026-08-21 10:21:28.769,safety/suction_switch,"FALSE"
2026-08-21 10:21:28.777,rated_current_left,"0.000000"
2026-08-21 10:21:28.778,rated_current_right,"0.000000"
2026-08-21 10:21:28.794,odometry/filtered,"x:-1.439242, y:0.122753, yaw:-0.035201, cov_xx:0.001927, cov_yy:0.002036"
2026-08-21 10:21:28.801,robot_status,"ROBOT_STANDBY"
2026-08-21 10:21:28.815,rated_current_left,"0.000000"
2026-08-21 10:21:28.815,rated_current_right,"0.000000"
2026-08-21 10:21:28.819,safety/emergency_button,"FALSE"
2026-08-21 10:21:28.820,battery/status,"100.000000%"
2026-08-21 10:21:28.820,safety/left_bumper,"FALSE"
2026-08-21 10:21:28.820,safety/right_bumper,"FALSE"
2026-08-21 10:21:28.820,safety/suction_switch,"FALSE"
2026-08-21 10:21:28.829,particle_cloud,"count:800, spread:0.102941"
2026-08-21 10:21:28.835,odometry/filtered,"x:-1.439252, y:0.122753, yaw:-0.035248, cov_xx:0.002013, cov_yy:0.002131"
2026-08-21 10:21:28.841,rated_current_left,"0.000000"
2026-08-21 10:21:28.841,rated_current_right,"0.000000"
2026-08-21 10:21:28.854,odometry/filtered,"x:-1.439302, y:0.122755, yaw:-0.035288, cov_xx:0.001878, cov_yy:0.001981"
2026-08-21 10:21:28.869,safety/emergency_button,"FALSE"
2026-08-21 10:21:28.869,safety/left_bumper,"FALSE"
2026-08-21 10:21:28.869,safety/right_bumper,"FALSE"
2026-08-21 10:21:28.869,safety/suction_switch,"FALSE"
2026-08-21 10:21:28.873,rated_current_left,"0.000000"
2026-08-21 10:21:28.874,rated_current_right,"0.000000"
2026-08-21 10:21:28.895,odometry/filtered,"x:-1.439303, y:0.122755, yaw:-0.035328, cov_xx:0.001924, cov_yy:0.002033"
2026-08-21 10:21:28.907,rated_current_left,"0.000000"
2026-08-21 10:21:28.908,rated_current_right,"0.000000"
2026-08-21 10:21:28.915,odometry/filtered,"x:-1.439311, y:0.122755, yaw:-0.035365, cov_xx:0.001932, cov_yy:0.002041"
2026-08-21 10:21:28.925,battery/status,"100.000000%"
2026-08-21 10:21:28.925,safety/left_bumper,"FALSE"
2026-08-21 10:21:28.925,safety/right_bumper,"FALSE"
2026-08-21 10:21:28.925,safety/emergency_button,"FALSE"
2026-08-21 10:21:28.925,safety/suction_switch,"FALSE"
2026-08-21 10:21:28.938,rated_current_left,"0.000000"
2026-08-21 10:21:28.939,rated_current_right,"0.000000"
2026-08-21 10:21:28.954,odometry/filtered,"x:-1.439317, y:0.122755, yaw:-0.035400, cov_xx:0.001935, cov_yy:0.002044"
2026-08-21 10:21:28.968,rated_current_left,"0.000000"
2026-08-21 10:21:28.969,rated_current_right,"0.000000"
2026-08-21 10:21:28.969,safety/emergency_button,"FALSE"
2026-08-21 10:21:28.970,safety/left_bumper,"FALSE"
2026-08-21 10:21:28.970,safety/right_bumper,"FALSE"
2026-08-21 10:21:28.970,safety/suction_switch,"FALSE"
2026-08-21 10:21:28.978,odometry/filtered,"x:-1.439327, y:0.122756, yaw:-0.035432, cov_xx:0.001915, cov_yy:0.002023"
2026-08-21 10:21:29.001,rated_current_left,"0.000000"
2026-08-21 10:21:29.001,rated_current_right,"0.000000"
2026-08-21 10:21:29.015,odometry/filtered,"x:-1.439329, y:0.122756, yaw:-0.035463, cov_xx:0.001927, cov_yy:0.002037"
2026-08-21 10:21:29.019,safety/right_bumper,"FALSE"
2026-08-21 10:21:29.019,safety/emergency_button,"FALSE"
2026-08-21 10:21:29.020,battery/status,"100.000000%"
2026-08-21 10:21:29.020,safety/left_bumper,"FALSE"
2026-08-21 10:21:29.020,safety/suction_switch,"FALSE"
2026-08-21 10:21:29.029,particle_cloud,"count:800, spread:0.105617"
2026-08-21 10:21:29.032,rated_current_left,"0.000000"
2026-08-21 10:21:29.032,rated_current_right,"0.000000"
2026-08-21 10:21:29.055,odometry/filtered,"x:-1.439333, y:0.122756, yaw:-0.035491, cov_xx:0.001926, cov_yy:0.002035"
2026-08-21 10:21:29.064,rated_current_left,"0.000000"
2026-08-21 10:21:29.064,rated_current_right,"0.000000"
2026-08-21 10:21:29.069,safety/left_bumper,"FALSE"
2026-08-21 10:21:29.069,safety/right_bumper,"FALSE"
2026-08-21 10:21:29.069,safety/emergency_button,"FALSE"
2026-08-21 10:21:29.069,safety/suction_switch,"FALSE"
2026-08-21 10:21:29.076,odometry/filtered,"x:-1.439337, y:0.122756, yaw:-0.035517, cov_xx:0.001924, cov_yy:0.002033"
2026-08-21 10:21:29.097,rated_current_left,"0.000000"
2026-08-21 10:21:29.097,rated_current_right,"0.000000"
2026-08-21 10:21:29.114,odometry/filtered,"x:-1.439336, y:0.122756, yaw:-0.035542, cov_xx:0.001943, cov_yy:0.002054"
2026-08-21 10:21:29.121,battery/status,"100.000000%"
2026-08-21 10:21:29.121,safety/left_bumper,"FALSE"
2026-08-21 10:21:29.122,safety/right_bumper,"FALSE"
2026-08-21 10:21:29.122,safety/emergency_button,"FALSE"
2026-08-21 10:21:29.122,safety/suction_switch,"FALSE"
2026-08-21 10:21:29.129,rated_current_left,"0.000000"
2026-08-21 10:21:29.129,rated_current_right,"0.000000"
2026-08-21 10:21:29.134,odometry/filtered,"x:-1.439340, y:0.122756, yaw:-0.035565, cov_xx:0.001937, cov_yy:0.002047"
2026-08-21 10:21:29.161,rated_current_left,"0.000000"
2026-08-21 10:21:29.161,rated_current_right,"0.000000"
2026-08-21 10:21:29.169,safety/emergency_button,"FALSE"
2026-08-21 10:21:29.170,safety/left_bumper,"FALSE"
2026-08-21 10:21:29.170,safety/right_bumper,"FALSE"
2026-08-21 10:21:29.170,safety/suction_switch,"FALSE"
2026-08-21 10:21:29.176,odometry/filtered,"x:-1.439343, y:0.122757, yaw:-0.035586, cov_xx:0.001934, cov_yy:0.002044"
2026-08-21 10:21:29.192,rated_current_left,"0.000000"
2026-08-21 10:21:29.192,rated_current_right,"0.000000"
2026-08-21 10:21:29.194,odometry/filtered,"x:-1.439349, y:0.122757, yaw:-0.035606, cov_xx:0.001918, cov_yy:0.002026"
2026-08-21 10:21:29.219,battery/status,"100.000000%"
2026-08-21 10:21:29.219,safety/left_bumper,"FALSE"
2026-08-21 10:21:29.219,safety/right_bumper,"FALSE"
2026-08-21 10:21:29.219,safety/emergency_button,"FALSE"
2026-08-21 10:21:29.220,safety/suction_switch,"FALSE"
2026-08-21 10:21:29.224,rated_current_left,"0.000000"
2026-08-21 10:21:29.224,rated_current_right,"0.000000"
2026-08-21 10:21:29.229,particle_cloud,"count:800, spread:0.108058"
2026-08-21 10:21:29.234,odometry/filtered,"x:-1.439349, y:0.122757, yaw:-0.035625, cov_xx:0.001934, cov_yy:0.002044"
2026-08-21 10:21:29.257,rated_current_left,"0.000000"
2026-08-21 10:21:29.257,rated_current_right,"0.000000"
2026-08-21 10:21:29.269,safety/emergency_button,"FALSE"
2026-08-21 10:21:29.270,safety/left_bumper,"FALSE"
2026-08-21 10:21:29.270,safety/right_bumper,"FALSE"
2026-08-21 10:21:29.270,safety/suction_switch,"FALSE"
2026-08-21 10:21:29.275,odometry/filtered,"x:-1.439350, y:0.122757, yaw:-0.035642, cov_xx:0.001943, cov_yy:0.002054"
2026-08-21 10:21:29.288,rated_current_left,"0.000000"
2026-08-21 10:21:29.291,rated_current_right,"0.000000"
2026-08-21 10:21:29.295,odometry/filtered,"x:-1.439356, y:0.122757, yaw:-0.035658, cov_xx:0.001927, cov_yy:0.002036"
2026-08-21 10:21:29.301,robot_status,"ROBOT_STANDBY"
2026-08-21 10:21:29.319,safety/emergency_button,"FALSE"
2026-08-21 10:21:29.320,battery/status,"100.000000%"
2026-08-21 10:21:29.320,safety/left_bumper,"FALSE"
2026-08-21 10:21:29.320,safety/right_bumper,"FALSE"
2026-08-21 10:21:29.320,safety/suction_switch,"FALSE"
2026-08-21 10:21:29.325,rated_current_left,"0.000000"
2026-08-21 10:21:29.326,rated_current_right,"0.000000"
2026-08-21 10:21:29.334,odometry/filtered,"x:-1.439343, y:0.122756, yaw:-0.035674, cov_xx:0.002004, cov_yy:0.002121"
2026-08-21 10:21:29.352,rated_current_left,"0.000000"
2026-08-21 10:21:29.354,odometry/filtered,"x:-1.439370, y:0.122758, yaw:-0.035686, cov_xx:0.001885, cov_yy:0.001989"
2026-08-21 10:21:29.355,rated_current_right,"0.000000"
2026-08-21 10:21:29.369,safety/emergency_button,"FALSE"
2026-08-21 10:21:29.369,safety/left_bumper,"FALSE"
2026-08-21 10:21:29.369,safety/right_bumper,"FALSE"
2026-08-21 10:21:29.369,safety/suction_switch,"FALSE"
2026-08-21 10:21:29.395,rated_current_left,"0.000000"
2026-08-21 10:21:29.395,rated_current_right,"0.000000"
2026-08-21 10:21:29.414,odometry/filtered,"x:-1.439336, y:0.122756, yaw:-0.035701, cov_xx:0.002065, cov_yy:0.002187"
2026-08-21 10:21:29.416,rated_current_left,"0.000000"
2026-08-21 10:21:29.418,rated_current_right,"0.000000"
2026-08-21 10:21:29.419,battery/status,"100.000000%"
2026-08-21 10:21:29.419,safety/left_bumper,"FALSE"
2026-08-21 10:21:29.419,safety/right_bumper,"FALSE"
2026-08-21 10:21:29.419,safety/emergency_button,"FALSE"
2026-08-21 10:21:29.419,safety/suction_switch,"FALSE"
2026-08-21 10:21:29.428,particle_cloud,"count:800, spread:0.105025"
2026-08-21 10:21:29.437,odometry/filtered,"x:-1.439385, y:0.122758, yaw:-0.035711, cov_xx:0.001840, cov_yy:0.001939"
2026-08-21 10:21:29.449,rated_current_left,"0.000000"
2026-08-21 10:21:29.449,rated_current_right,"0.000000"
2026-08-21 10:21:29.455,odometry/filtered,"x:-1.439381, y:0.122758, yaw:-0.035722, cov_xx:0.001870, cov_yy:0.001973"
2026-08-21 10:21:29.469,safety/left_bumper,"FALSE"
2026-08-21 10:21:29.469,safety/right_bumper,"FALSE"
2026-08-21 10:21:29.469,safety/emergency_button,"FALSE"
2026-08-21 10:21:29.469,safety/suction_switch,"FALSE"
2026-08-21 10:21:29.481,rated_current_left,"0.000000"
2026-08-21 10:21:29.481,rated_current_right,"0.000000"
2026-08-21 10:21:29.495,odometry/filtered,"x:-1.439373, y:0.122758, yaw:-0.035732, cov_xx:0.001920, cov_yy:0.002029"
2026-08-21 10:21:29.514,rated_current_left,"0.000000"
2026-08-21 10:21:29.514,rated_current_right,"0.000000"
2026-08-21 10:21:29.519,safety/left_bumper,"FALSE"
2026-08-21 10:21:29.519,safety/right_bumper,"FALSE"
2026-08-21 10:21:29.519,safety/emergency_button,"FALSE"
2026-08-21 10:21:29.519,safety/suction_switch,"FALSE"
2026-08-21 10:21:29.519,battery/status,"100.000000%"
2026-08-21 10:21:29.534,odometry/filtered,"x:-1.439370, y:0.122758, yaw:-0.035742, cov_xx:0.001953, cov_yy:0.002065"
2026-08-21 10:21:29.544,rated_current_left,"0.000000"
2026-08-21 10:21:29.544,rated_current_right,"0.000000"
2026-08-21 10:21:29.554,odometry/filtered,"x:-1.439380, y:0.122758, yaw:-0.035750, cov_xx:0.001915, cov_yy:0.002024"
2026-08-21 10:21:29.569,safety/left_bumper,"FALSE"
2026-08-21 10:21:29.569,safety/right_bumper,"FALSE"
2026-08-21 10:21:29.569,safety/emergency_button,"FALSE"
2026-08-21 10:21:29.569,safety/suction_switch,"FALSE"
2026-08-21 10:21:29.579,rated_current_left,"0.000000"
2026-08-21 10:21:29.579,rated_current_right,"0.000000"
2026-08-21 10:21:29.596,odometry/filtered,"x:-1.439375, y:0.122758, yaw:-0.035758, cov_xx:0.001955, cov_yy:0.002067"
2026-08-21 10:21:29.608,rated_current_left,"0.000000"
2026-08-21 10:21:29.609,rated_current_right,"0.000000"
2026-08-21 10:21:29.615,odometry/filtered,"x:-1.439385, y:0.122758, yaw:-0.035765, cov_xx:0.001918, cov_yy:0.002026"
2026-08-21 10:21:29.619,safety/emergency_button,"FALSE"
2026-08-21 10:21:29.620,battery/status,"100.000000%"
2026-08-21 10:21:29.620,safety/left_bumper,"FALSE"
2026-08-21 10:21:29.620,safety/right_bumper,"FALSE"
2026-08-21 10:21:29.620,safety/suction_switch,"FALSE"
2026-08-21 10:21:29.628,particle_cloud,"count:800, spread:0.104376"
2026-08-21 10:21:29.640,rated_current_left,"0.000000"
2026-08-21 10:21:29.641,rated_current_right,"0.000000"
2026-08-21 10:21:29.655,odometry/filtered,"x:-1.439394, y:0.122759, yaw:-0.035748, cov_xx:0.001910, cov_yy:0.002018"
2026-08-21 10:21:29.669,safety/emergency_button,"FALSE"
2026-08-21 10:21:29.669,safety/left_bumper,"FALSE"
2026-08-21 10:21:29.669,safety/right_bumper,"FALSE"
2026-08-21 10:21:29.669,safety/suction_switch,"FALSE"
2026-08-21 10:21:29.671,rated_current_left,"0.000000"
2026-08-21 10:21:29.672,rated_current_right,"0.000000"
2026-08-21 10:21:29.675,odometry/filtered,"x:-1.439397, y:0.122759, yaw:-0.035750, cov_xx:0.001924, cov_yy:0.002034"
2026-08-21 10:21:29.703,rated_current_left,"0.000000"
2026-08-21 10:21:29.704,rated_current_right,"0.000000"
2026-08-21 10:21:29.715,odometry/filtered,"x:-1.439400, y:0.122759, yaw:-0.035752, cov_xx:0.001932, cov_yy:0.002042"
2026-08-21 10:21:29.719,safety/emergency_button,"FALSE"
2026-08-21 10:21:29.721,battery/status,"100.000000%"
2026-08-21 10:21:29.721,safety/left_bumper,"FALSE"
2026-08-21 10:21:29.721,safety/right_bumper,"FALSE"
2026-08-21 10:21:29.722,safety/suction_switch,"FALSE"
2026-08-21 10:21:29.734,rated_current_left,"0.000000"
2026-08-21 10:21:29.735,rated_current_right,"0.000000"
2026-08-21 10:21:29.755,odometry/filtered,"x:-1.439405, y:0.122759, yaw:-0.035754, cov_xx:0.001926, cov_yy:0.002035"
2026-08-21 10:21:29.767,rated_current_left,"0.000000"
2026-08-21 10:21:29.767,rated_current_right,"0.000000"
2026-08-21 10:21:29.769,safety/emergency_button,"FALSE"
2026-08-21 10:21:29.769,safety/left_bumper,"FALSE"
2026-08-21 10:21:29.769,safety/right_bumper,"FALSE"
2026-08-21 10:21:29.769,safety/suction_switch,"FALSE"
2026-08-21 10:21:29.781,odometry/filtered,"x:-1.439407, y:0.122759, yaw:-0.035755, cov_xx:0.001931, cov_yy:0.002041"
2026-08-21 10:21:29.800,rated_current_left,"0.000000"
2026-08-21 10:21:29.801,rated_current_right,"0.000000"
2026-08-21 10:21:29.801,robot_status,"ROBOT_STANDBY"
2026-08-21 10:21:29.818,odometry/filtered,"x:-1.439410, y:0.122759, yaw:-0.035756, cov_xx:0.001932, cov_yy:0.002042"
2026-08-21 10:21:29.818,safety/emergency_button,"FALSE"
2026-08-21 10:21:29.819,safety/left_bumper,"FALSE"
2026-08-21 10:21:29.819,safety/right_bumper,"FALSE"
2026-08-21 10:21:29.819,safety/suction_switch,"FALSE"
2026-08-21 10:21:29.819,battery/status,"100.000000%"
2026-08-21 10:21:29.828,particle_cloud,"count:800, spread:0.104990"
2026-08-21 10:21:29.832,rated_current_left,"0.000000"
2026-08-21 10:21:29.832,rated_current_right,"0.000000"
2026-08-21 10:21:29.854,odometry/filtered,"x:-1.439410, y:0.122759, yaw:-0.035757, cov_xx:0.001949, cov_yy:0.002060"
2026-08-21 10:21:29.862,rated_current_left,"0.000000"
2026-08-21 10:21:29.862,rated_current_right,"0.000000"
2026-08-21 10:21:29.868,safety/emergency_button,"FALSE"
2026-08-21 10:21:29.869,safety/left_bumper,"FALSE"
2026-08-21 10:21:29.869,safety/right_bumper,"FALSE"
2026-08-21 10:21:29.869,safety/suction_switch,"FALSE"
2026-08-21 10:21:29.875,odometry/filtered,"x:-1.439420, y:0.122760, yaw:-0.035758, cov_xx:0.001909, cov_yy:0.002017"
2026-08-21 10:21:29.897,rated_current_left,"0.000000"
2026-08-21 10:21:29.897,rated_current_right,"0.000000"
2026-08-21 10:21:29.914,odometry/filtered,"x:-1.439415, y:0.122760, yaw:-0.035759, cov_xx:0.001955, cov_yy:0.002067"
2026-08-21 10:21:29.919,safety/emergency_button,"FALSE"
2026-08-21 10:21:29.919,safety/right_bumper,"FALSE"
2026-08-21 10:21:29.919,battery/status,"100.000000%"
2026-08-21 10:21:29.919,safety/left_bumper,"FALSE"
2026-08-21 10:21:29.919,safety/suction_switch,"FALSE"
2026-08-21 10:21:29.928,rated_current_left,"0.000000"
2026-08-21 10:21:29.928,rated_current_right,"0.000000"
2026-08-21 10:21:29.934,odometry/filtered,"x:-1.439422, y:0.122760, yaw:-0.035760, cov_xx:0.001927, cov_yy:0.002036"
2026-08-21 10:21:29.959,rated_current_left,"0.000000"
2026-08-21 10:21:29.959,rated_current_right,"0.000000"
2026-08-21 10:21:29.969,safety/left_bumper,"FALSE"
2026-08-21 10:21:29.969,safety/right_bumper,"FALSE"
2026-08-21 10:21:29.969,safety/emergency_button,"FALSE"
2026-08-21 10:21:29.969,safety/suction_switch,"FALSE"
2026-08-21 10:21:29.975,odometry/filtered,"x:-1.439424, y:0.122760, yaw:-0.035760, cov_xx:0.001932, cov_yy:0.002042"
2026-08-21 10:21:29.992,rated_current_left,"0.000000"
2026-08-21 10:21:29.992,rated_current_right,"0.000000"
2026-08-21 10:21:29.994,odometry/filtered,"x:-1.439427, y:0.122760, yaw:-0.035761, cov_xx:0.001932, cov_yy:0.002042"
2026-08-21 10:21:30.019,safety/right_bumper,"FALSE"
2026-08-21 10:21:30.019,safety/emergency_button,"FALSE"
2026-08-21 10:21:30.019,battery/status,"100.000000%"
2026-08-21 10:21:30.019,safety/left_bumper,"FALSE"
2026-08-21 10:21:30.019,safety/suction_switch,"FALSE"
2026-08-21 10:21:30.022,rated_current_left,"0.000000"
2026-08-21 10:21:30.022,rated_current_right,"0.000000"
2026-08-21 10:21:30.028,particle_cloud,"count:800, spread:0.102520"
2026-08-21 10:21:30.036,odometry/filtered,"x:-1.439437, y:0.122761, yaw:-0.035753, cov_xx:0.001926, cov_yy:0.002035"
2026-08-21 10:21:30.055,rated_current_left,"0.000000"
2026-08-21 10:21:30.055,rated_current_right,"0.000000"
2026-08-21 10:21:30.069,safety/emergency_button,"FALSE"
2026-08-21 10:21:30.069,safety/left_bumper,"FALSE"
2026-08-21 10:21:30.069,safety/right_bumper,"FALSE"
2026-08-21 10:21:30.069,safety/suction_switch,"FALSE"
2026-08-21 10:21:30.075,odometry/filtered,"x:-1.439446, y:0.122761, yaw:-0.035747, cov_xx:0.001916, cov_yy:0.002024"
2026-08-21 10:21:30.086,rated_current_left,"0.000000"
2026-08-21 10:21:30.087,rated_current_right,"0.000000"
2026-08-21 10:21:30.095,odometry/filtered,"x:-1.439447, y:0.122761, yaw:-0.035741, cov_xx:0.001943, cov_yy:0.002054"
2026-08-21 10:21:30.118,rated_current_left,"0.000000"
2026-08-21 10:21:30.119,safety/left_bumper,"FALSE"
2026-08-21 10:21:30.119,safety/right_bumper,"FALSE"
2026-08-21 10:21:30.119,safety/emergency_button,"FALSE"
2026-08-21 10:21:30.119,safety/suction_switch,"FALSE"
2026-08-21 10:21:30.120,rated_current_right,"0.000000"
2026-08-21 10:21:30.120,battery/status,"100.000000%"
2026-08-21 10:21:30.137,odometry/filtered,"x:-1.439452, y:0.122761, yaw:-0.035735, cov_xx:0.001940, cov_yy:0.002050"
2026-08-21 10:21:30.151,rated_current_left,"0.000000"
2026-08-21 10:21:30.151,rated_current_right,"0.000000"
2026-08-21 10:21:30.154,odometry/filtered,"x:-1.439455, y:0.122761, yaw:-0.035729, cov_xx:0.001943, cov_yy:0.002054"
2026-08-21 10:21:30.169,safety/left_bumper,"FALSE"
2026-08-21 10:21:30.169,safety/right_bumper,"FALSE"
2026-08-21 10:21:30.169,safety/emergency_button,"FALSE"
2026-08-21 10:21:30.169,safety/suction_switch,"FALSE"
2026-08-21 10:21:30.182,rated_current_left,"0.000000"
2026-08-21 10:21:30.183,rated_current_right,"0.000000"
2026-08-21 10:21:30.195,odometry/filtered,"x:-1.439463, y:0.122762, yaw:-0.035723, cov_xx:0.001916, cov_yy:0.002024"
2026-08-21 10:21:30.215,rated_current_left,"0.000000"
2026-08-21 10:21:30.217,rated_current_right,"0.000000"
2026-08-21 10:21:30.219,battery/status,"100.000000%"
2026-08-21 10:21:30.219,safety/left_bumper,"FALSE"
2026-08-21 10:21:30.220,safety/right_bumper,"FALSE"
2026-08-21 10:21:30.220,safety/emergency_button,"FALSE"
2026-08-21 10:21:30.220,safety/suction_switch,"FALSE"
2026-08-21 10:21:30.229,particle_cloud,"count:800, spread:0.103671"
2026-08-21 10:21:30.234,odometry/filtered,"x:-1.439464, y:0.122762, yaw:-0.035718, cov_xx:0.001924, cov_yy:0.002032"
2026-08-21 10:21:30.246,rated_current_left,"0.000000"
2026-08-21 10:21:30.251,rated_current_right,"0.000000"
2026-08-21 10:21:30.254,odometry/filtered,"x:-1.439465, y:0.122762, yaw:-0.035713, cov_xx:0.001933, cov_yy:0.002043"
2026-08-21 10:21:30.270,safety/left_bumper,"FALSE"
2026-08-21 10:21:30.270,safety/right_bumper,"FALSE"
2026-08-21 10:21:30.270,safety/emergency_button,"FALSE"
2026-08-21 10:21:30.270,safety/suction_switch,"FALSE"
2026-08-21 10:21:30.279,rated_current_left,"0.000000"
2026-08-21 10:21:30.279,rated_current_right,"0.000000"
2026-08-21 10:21:30.295,odometry/filtered,"x:-1.439467, y:0.122762, yaw:-0.035708, cov_xx:0.001939, cov_yy:0.002049"
2026-08-21 10:21:30.301,robot_status,"ROBOT_STANDBY"
2026-08-21 10:21:30.311,rated_current_left,"0.000000"
2026-08-21 10:21:30.313,rated_current_right,"0.000000"
2026-08-21 10:21:30.315,odometry/filtered,"x:-1.439467, y:0.122762, yaw:-0.035703, cov_xx:0.001952, cov_yy:0.002064"
2026-08-21 10:21:30.319,safety/emergency_button,"FALSE"
2026-08-21 10:21:30.319,safety/left_bumper,"FALSE"
2026-08-21 10:21:30.319,safety/right_bumper,"FALSE"
2026-08-21 10:21:30.319,safety/suction_switch,"FALSE"
2026-08-21 10:21:30.319,battery/status,"100.000000%"
2026-08-21 10:21:30.342,rated_current_left,"0.000000"
2026-08-21 10:21:30.344,rated_current_right,"0.000000"
2026-08-21 10:21:30.355,odometry/filtered,"x:-1.439474, y:0.122762, yaw:-0.035699, cov_xx:0.001927, cov_yy:0.002035"
2026-08-21 10:21:30.368,safety/emergency_button,"FALSE"
2026-08-21 10:21:30.369,safety/left_bumper,"FALSE"
2026-08-21 10:21:30.369,safety/right_bumper,"FALSE"
2026-08-21 10:21:30.369,safety/suction_switch,"FALSE"
2026-08-21 10:21:30.374,rated_current_left,"0.000000"
2026-08-21 10:21:30.374,rated_current_right,"0.000000"
2026-08-21 10:21:30.395,odometry/filtered,"x:-1.439468, y:0.122762, yaw:-0.035656, cov_xx:0.001932, cov_yy:0.002041"
2026-08-21 10:21:30.405,rated_current_left,"0.000000"
2026-08-21 10:21:30.406,rated_current_right,"0.000000"
2026-08-21 10:21:30.414,odometry/filtered,"x:-1.439468, y:0.122762, yaw:-0.035646, cov_xx:0.001918, cov_yy:0.002026"
2026-08-21 10:21:30.419,safety/emergency_button,"FALSE"
2026-08-21 10:21:30.419,safety/left_bumper,"FALSE"
2026-08-21 10:21:30.419,safety/right_bumper,"FALSE"
2026-08-21 10:21:30.419,safety/suction_switch,"FALSE"
2026-08-21 10:21:30.420,battery/status,"100.000000%"
2026-08-21 10:21:30.429,particle_cloud,"count:800, spread:0.104725"
2026-08-21 10:21:30.438,rated_current_left,"0.000000"
2026-08-21 10:21:30.438,rated_current_right,"0.000000"
2026-08-21 10:21:30.455,odometry/filtered,"x:-1.439465, y:0.122762, yaw:-0.035636, cov_xx:0.001932, cov_yy:0.002042"
2026-08-21 10:21:30.468,safety/emergency_button,"FALSE"
2026-08-21 10:21:30.469,safety/left_bumper,"FALSE"
2026-08-21 10:21:30.469,safety/right_bumper,"FALSE"
2026-08-21 10:21:30.469,safety/suction_switch,"FALSE"
2026-08-21 10:21:30.472,rated_current_left,"0.000000"
2026-08-21 10:21:30.475,rated_current_right,"0.000000"
2026-08-21 10:21:30.476,odometry/filtered,"x:-1.439463, y:0.122762, yaw:-0.035626, cov_xx:0.001949, cov_yy:0.002061"
2026-08-21 10:21:30.501,rated_current_left,"0.000000"
2026-08-21 10:21:30.501,rated_current_right,"0.000000"
2026-08-21 10:21:30.515,odometry/filtered,"x:-1.439470, y:0.122762, yaw:-0.035617, cov_xx:0.001911, cov_yy:0.002018"
2026-08-21 10:21:30.518,safety/emergency_button,"FALSE"
2026-08-21 10:21:30.519,safety/right_bumper,"FALSE"
2026-08-21 10:21:30.519,safety/left_bumper,"FALSE"
2026-08-21 10:21:30.519,safety/suction_switch,"FALSE"
2026-08-21 10:21:30.521,battery/status,"100.000000%"
2026-08-21 10:21:30.535,rated_current_left,"0.000000"
2026-08-21 10:21:30.535,rated_current_right,"0.000000"
2026-08-21 10:21:30.554,odometry/filtered,"x:-1.439465, y:0.122762, yaw:-0.035609, cov_xx:0.001956, cov_yy:0.002068"
2026-08-21 10:21:30.565,rated_current_left,"0.000000"
2026-08-21 10:21:30.565,rated_current_right,"0.000000"
2026-08-21 10:21:30.568,safety/emergency_button,"FALSE"
2026-08-21 10:21:30.569,safety/left_bumper,"FALSE"
2026-08-21 10:21:30.569,safety/right_bumper,"FALSE"
2026-08-21 10:21:30.569,safety/suction_switch,"FALSE"
2026-08-21 10:21:30.574,odometry/filtered,"x:-1.439473, y:0.122762, yaw:-0.035601, cov_xx:0.001917, cov_yy:0.002025"
2026-08-21 10:21:30.597,rated_current_left,"0.000000"
2026-08-21 10:21:30.598,rated_current_right,"0.000000"
2026-08-21 10:21:30.614,odometry/filtered,"x:-1.439473, y:0.122762, yaw:-0.035593, cov_xx:0.001927, cov_yy:0.002036"
2026-08-21 10:21:30.619,safety/left_bumper,"FALSE"
2026-08-21 10:21:30.619,safety/right_bumper,"FALSE"
2026-08-21 10:21:30.619,safety/emergency_button,"FALSE"
2026-08-21 10:21:30.619,safety/suction_switch,"FALSE"
2026-08-21 10:21:30.619,battery/status,"100.000000%"
2026-08-21 10:21:30.628,particle_cloud,"count:800, spread:0.101719"
2026-08-21 10:21:30.629,rated_current_left,"0.000000"
2026-08-21 10:21:30.629,rated_current_right,"0.000000"
2026-08-21 10:21:30.635,odometry/filtered,"x:-1.439475, y:0.122763, yaw:-0.035586, cov_xx:0.001927, cov_yy:0.002036"
2026-08-21 10:21:30.661,rated_current_left,"0.000000"
2026-08-21 10:21:30.661,rated_current_right,"0.000000"
2026-08-21 10:21:30.668,safety/emergency_button,"FALSE"
2026-08-21 10:21:30.669,safety/left_bumper,"FALSE"
2026-08-21 10:21:30.669,safety/right_bumper,"FALSE"
2026-08-21 10:21:30.669,safety/suction_switch,"FALSE"
2026-08-21 10:21:30.676,odometry/filtered,"x:-1.439476, y:0.122763, yaw:-0.035580, cov_xx:0.001936, cov_yy:0.002047"
2026-08-21 10:21:30.693,rated_current_left,"0.000000"
2026-08-21 10:21:30.693,rated_current_right,"0.000000"
2026-08-21 10:21:30.695,odometry/filtered,"x:-1.439480, y:0.122763, yaw:-0.035574, cov_xx:0.001925, cov_yy:0.002034"
2026-08-21 10:21:30.720,battery/status,"100.000000%"
2026-08-21 10:21:30.720,safety/left_bumper,"FALSE"
2026-08-21 10:21:30.720,safety/right_bumper,"FALSE"
2026-08-21 10:21:30.720,safety/emergency_button,"FALSE"
2026-08-21 10:21:30.720,safety/suction_switch,"FALSE"
2026-08-21 10:21:30.727,rated_current_left,"0.000000"
2026-08-21 10:21:30.729,rated_current_right,"0.000000"
2026-08-21 10:21:30.734,odometry/filtered,"x:-1.439478, y:0.122763, yaw:-0.035575, cov_xx:0.001971, cov_yy:0.002084"
2026-08-21 10:21:30.756,rated_current_left,"0.000000"
2026-08-21 10:21:30.757,rated_current_right,"0.000000"
2026-08-21 10:21:30.768,safety/right_bumper,"FALSE"
2026-08-21 10:21:30.769,safety/emergency_button,"FALSE"
2026-08-21 10:21:30.769,safety/left_bumper,"FALSE"
2026-08-21 10:21:30.769,safety/suction_switch,"FALSE"
2026-08-21 10:21:30.776,odometry/filtered,"x:-1.439490, y:0.122763, yaw:-0.035571, cov_xx:0.001908, cov_yy:0.002015"
2026-08-21 10:21:30.789,rated_current_left,"0.000000"
2026-08-21 10:21:30.789,rated_current_right,"0.000000"
2026-08-21 10:21:30.798,odometry/filtered,"x:-1.439491, y:0.122763, yaw:-0.035567, cov_xx:0.001920, cov_yy:0.002028"
2026-08-21 10:21:30.803,robot_status,"ROBOT_STANDBY"
2026-08-21 10:21:30.819,battery/status,"100.000000%"
2026-08-21 10:21:30.820,safety/left_bumper,"FALSE"
2026-08-21 10:21:30.820,safety/right_bumper,"FALSE"
2026-08-21 10:21:30.820,safety/emergency_button,"FALSE"
2026-08-21 10:21:30.820,safety/suction_switch,"FALSE"
2026-08-21 10:21:30.821,rated_current_left,"0.000000"
2026-08-21 10:21:30.823,rated_current_right,"0.000000"
2026-08-21 10:21:30.828,particle_cloud,"count:800, spread:0.103643"
2026-08-21 10:21:30.836,odometry/filtered,"x:-1.439491, y:0.122763, yaw:-0.035564, cov_xx:0.001940, cov_yy:0.002050"
2026-08-21 10:21:30.854,rated_current_left,"0.000000"
2026-08-21 10:21:30.854,rated_current_right,"0.000000"
2026-08-21 10:21:30.856,odometry/filtered,"x:-1.439495, y:0.122763, yaw:-0.035561, cov_xx:0.001924, cov_yy:0.002033"
2026-08-21 10:21:30.868,safety/emergency_button,"FALSE"
2026-08-21 10:21:30.868,safety/left_bumper,"FALSE"
2026-08-21 10:21:30.869,safety/right_bumper,"FALSE"
2026-08-21 10:21:30.869,safety/suction_switch,"FALSE"
2026-08-21 10:21:30.886,rated_current_left,"0.000000"
2026-08-21 10:21:30.887,rated_current_right,"0.000000"
2026-08-21 10:21:30.896,odometry/filtered,"x:-1.439495, y:0.122763, yaw:-0.035558, cov_xx:0.001940, cov_yy:0.002050"
2026-08-21 10:21:30.918,rated_current_left,"0.000000"
2026-08-21 10:21:30.918,rated_current_right,"0.000000"
2026-08-21 10:21:30.918,safety/emergency_button,"FALSE"
2026-08-21 10:21:30.918,safety/left_bumper,"FALSE"
2026-08-21 10:21:30.918,safety/right_bumper,"FALSE"
2026-08-21 10:21:30.919,safety/suction_switch,"FALSE"
2026-08-21 10:21:30.925,battery/status,"100.000000%"
2026-08-21 10:21:30.935,odometry/filtered,"x:-1.439498, y:0.122764, yaw:-0.035555, cov_xx:0.001934, cov_yy:0.002044"
2026-08-21 10:21:30.949,rated_current_left,"0.000000"
2026-08-21 10:21:30.949,rated_current_right,"0.000000"
2026-08-21 10:21:30.955,odometry/filtered,"x:-1.439502, y:0.122764, yaw:-0.035552, cov_xx:0.001926, cov_yy:0.002035"
2026-08-21 10:21:30.969,safety/emergency_button,"FALSE"
2026-08-21 10:21:30.969,safety/left_bumper,"FALSE"
2026-08-21 10:21:30.969,safety/right_bumper,"FALSE"
2026-08-21 10:21:30.969,safety/suction_switch,"FALSE"
2026-08-21 10:21:30.980,rated_current_left,"0.000000"
2026-08-21 10:21:30.982,rated_current_right,"0.000000"
2026-08-21 10:21:30.995,odometry/filtered,"x:-1.439504, y:0.122764, yaw:-0.035550, cov_xx:0.001926, cov_yy:0.002035"
2026-08-21 10:21:31.013,rated_current_left,"0.000000"
2026-08-21 10:21:31.014,rated_current_right,"0.000000"
2026-08-21 10:21:31.018,safety/emergency_button,"FALSE"
2026-08-21 10:21:31.019,battery/status,"100.000000%"
2026-08-21 10:21:31.019,safety/left_bumper,"FALSE"
2026-08-21 10:21:31.019,safety/right_bumper,"FALSE"
2026-08-21 10:21:31.019,safety/suction_switch,"FALSE"
2026-08-21 10:21:31.028,particle_cloud,"count:800, spread:0.096962"
2026-08-21 10:21:31.035,odometry/filtered,"x:-1.439503, y:0.122764, yaw:-0.035547, cov_xx:0.001949, cov_yy:0.002061"
2026-08-21 10:21:31.044,rated_current_left,"0.000000"
2026-08-21 10:21:31.044,rated_current_right,"0.000000"
2026-08-21 10:21:31.056,odometry/filtered,"x:-1.439510, y:0.122764, yaw:-0.035545, cov_xx:0.001912, cov_yy:0.002020"
2026-08-21 10:21:31.069,safety/left_bumper,"FALSE"
2026-08-21 10:21:31.070,safety/right_bumper,"FALSE"
2026-08-21 10:21:31.070,safety/emergency_button,"FALSE"
2026-08-21 10:21:31.070,safety/suction_switch,"FALSE"
2026-08-21 10:21:31.079,rated_current_left,"0.000000"
2026-08-21 10:21:31.081,rated_current_right,"0.000000"
2026-08-21 10:21:31.095,odometry/filtered,"x:-1.439503, y:0.122764, yaw:-0.035543, cov_xx:0.001977, cov_yy:0.002091"
2026-08-21 10:21:31.117,rated_current_left,"0.000000"
2026-08-21 10:21:31.118,rated_current_right,"0.000000"
2026-08-21 10:21:31.119,safety/emergency_button,"FALSE"
2026-08-21 10:21:31.119,safety/left_bumper,"FALSE"
2026-08-21 10:21:31.119,safety/right_bumper,"FALSE"
2026-08-21 10:21:31.119,safety/suction_switch,"FALSE"
2026-08-21 10:21:31.120,battery/status,"100.000000%"
2026-08-21 10:21:31.135,odometry/filtered,"x:-1.439498, y:0.122764, yaw:-0.035541, cov_xx:0.002036, cov_yy:0.002156"
2026-08-21 10:21:31.141,rated_current_left,"0.000000"
2026-08-21 10:21:31.142,rated_current_right,"0.000000"
2026-08-21 10:21:31.157,odometry/filtered,"x:-1.439524, y:0.122765, yaw:-0.035540, cov_xx:0.001853, cov_yy:0.001953"
2026-08-21 10:21:31.168,safety/emergency_button,"FALSE"
2026-08-21 10:21:31.169,safety/left_bumper,"FALSE"
2026-08-21 10:21:31.169,safety/right_bumper,"FALSE"
2026-08-21 10:21:31.169,safety/suction_switch,"FALSE"
2026-08-21 10:21:31.179,rated_current_left,"0.000000"
2026-08-21 10:21:31.179,rated_current_right,"0.000000"
2026-08-21 10:21:31.195,odometry/filtered,"x:-1.439507, y:0.122764, yaw:-0.035538, cov_xx:0.001999, cov_yy:0.002115"
2026-08-21 10:21:31.205,rated_current_left,"0.000000"
2026-08-21 10:21:31.206,rated_current_right,"0.000000"
2026-08-21 10:21:31.215,odometry/filtered,"x:-1.439527, y:0.122765, yaw:-0.035536, cov_xx:0.001854, cov_yy:0.001955"
2026-08-21 10:21:31.219,safety/left_bumper,"FALSE"
2026-08-21 10:21:31.219,safety/right_bumper,"FALSE"
2026-08-21 10:21:31.219,safety/emergency_button,"FALSE"
2026-08-21 10:21:31.219,battery/status,"100.000000%"
2026-08-21 10:21:31.219,safety/suction_switch,"FALSE"
2026-08-21 10:21:31.228,particle_cloud,"count:800, spread:0.105490"
2026-08-21 10:21:31.236,rated_current_left,"0.000000"
2026-08-21 10:21:31.237,rated_current_right,"0.000000"
2026-08-21 10:21:31.254,odometry/filtered,"x:-1.439524, y:0.122765, yaw:-0.035535, cov_xx:0.001895, cov_yy:0.002001"
2026-08-21 10:21:31.267,rated_current_left,"0.000000"
2026-08-21 10:21:31.267,rated_current_right,"0.000000"
2026-08-21 10:21:31.269,safety/left_bumper,"FALSE"
2026-08-21 10:21:31.269,safety/right_bumper,"FALSE"
2026-08-21 10:21:31.269,safety/emergency_button,"FALSE"
2026-08-21 10:21:31.269,safety/suction_switch,"FALSE"
2026-08-21 10:21:31.275,odometry/filtered,"x:-1.439530, y:0.122765, yaw:-0.035510, cov_xx:0.001902, cov_yy:0.002010"
2026-08-21 10:21:31.300,rated_current_left,"0.000000"
2026-08-21 10:21:31.300,rated_current_right,"0.000000"
2026-08-21 10:21:31.302,robot_status,"ROBOT_STANDBY"
2026-08-21 10:21:31.315,odometry/filtered,"x:-1.439531, y:0.122765, yaw:-0.035505, cov_xx:0.001927, cov_yy:0.002037"
2026-08-21 10:21:31.318,safety/left_bumper,"FALSE"
2026-08-21 10:21:31.319,safety/right_bumper,"FALSE"
2026-08-21 10:21:31.319,safety/emergency_button,"FALSE"
2026-08-21 10:21:31.319,safety/suction_switch,"FALSE"
2026-08-21 10:21:31.319,battery/status,"100.000000%"
2026-08-21 10:21:31.333,rated_current_left,"0.000000"
2026-08-21 10:21:31.333,rated_current_right,"0.000000"
2026-08-21 10:21:31.335,odometry/filtered,"x:-1.439533, y:0.122765, yaw:-0.035500, cov_xx:0.001947, cov_yy:0.002058"
2026-08-21 10:21:31.367,rated_current_left,"0.000000"
2026-08-21 10:21:31.367,rated_current_right,"0.000000"
2026-08-21 10:21:31.368,safety/right_bumper,"FALSE"
2026-08-21 10:21:31.369,safety/emergency_button,"FALSE"
2026-08-21 10:21:31.369,safety/left_bumper,"FALSE"
2026-08-21 10:21:31.369,safety/suction_switch,"FALSE"
2026-08-21 10:21:31.374,odometry/filtered,"x:-1.439534, y:0.122765, yaw:-0.035496, cov_xx:0.001963, cov_yy:0.002076"
2026-08-21 10:21:31.398,rated_current_left,"0.000000"
2026-08-21 10:21:31.398,rated_current_right,"0.000000"
2026-08-21 10:21:31.415,odometry/filtered,"x:-1.439539, y:0.122765, yaw:-0.035491, cov_xx:0.001938, cov_yy:0.002048"
2026-08-21 10:21:31.418,safety/emergency_button,"FALSE"
2026-08-21 10:21:31.419,battery/status,"100.000000%"
2026-08-21 10:21:31.419,safety/left_bumper,"FALSE"
2026-08-21 10:21:31.419,safety/right_bumper,"FALSE"
2026-08-21 10:21:31.419,safety/suction_switch,"FALSE"
2026-08-21 10:21:31.428,particle_cloud,"count:800, spread:0.103170"
2026-08-21 10:21:31.429,rated_current_left,"0.000000"
2026-08-21 10:21:31.429,rated_current_right,"0.000000"
2026-08-21 10:21:31.435,odometry/filtered,"x:-1.439544, y:0.122766, yaw:-0.035488, cov_xx:0.001915, cov_yy:0.002023"
2026-08-21 10:21:31.459,rated_current_left,"0.000000"
2026-08-21 10:21:31.459,rated_current_right,"0.000000"
2026-08-21 10:21:31.468,safety/left_bumper,"FALSE"
2026-08-21 10:21:31.469,safety/right_bumper,"FALSE"
2026-08-21 10:21:31.469,safety/emergency_button,"FALSE"
2026-08-21 10:21:31.469,safety/suction_switch,"FALSE"
2026-08-21 10:21:31.475,odometry/filtered,"x:-1.439547, y:0.122766, yaw:-0.035484, cov_xx:0.001910, cov_yy:0.002017"
2026-08-21 10:21:31.492,rated_current_left,"0.000000"
2026-08-21 10:21:31.492,rated_current_right,"0.000000"
2026-08-21 10:21:31.494,odometry/filtered,"x:-1.439547, y:0.122766, yaw:-0.035481, cov_xx:0.001926, cov_yy:0.002035"
2026-08-21 10:21:31.519,battery/status,"100.000000%"
2026-08-21 10:21:31.519,safety/left_bumper,"FALSE"
2026-08-21 10:21:31.519,safety/right_bumper,"FALSE"
2026-08-21 10:21:31.519,safety/emergency_button,"FALSE"
2026-08-21 10:21:31.519,safety/suction_switch,"FALSE"
2026-08-21 10:21:31.523,rated_current_left,"0.000000"
2026-08-21 10:21:31.523,rated_current_right,"0.000000"
2026-08-21 10:21:31.534,odometry/filtered,"x:-1.439550, y:0.122766, yaw:-0.035478, cov_xx:0.001921, cov_yy:0.002029"
2026-08-21 10:21:31.555,rated_current_left,"0.000000"
2026-08-21 10:21:31.555,rated_current_right,"0.000000"
2026-08-21 10:21:31.569,safety/left_bumper,"FALSE"
2026-08-21 10:21:31.569,safety/right_bumper,"FALSE"
2026-08-21 10:21:31.569,safety/emergency_button,"FALSE"
2026-08-21 10:21:31.569,safety/suction_switch,"FALSE"
2026-08-21 10:21:31.576,odometry/filtered,"x:-1.439550, y:0.122766, yaw:-0.035475, cov_xx:0.001929, cov_yy:0.002038"
2026-08-21 10:21:31.588,rated_current_left,"0.000000"
2026-08-21 10:21:31.589,rated_current_right,"0.000000"
2026-08-21 10:21:31.595,odometry/filtered,"x:-1.439550, y:0.122766, yaw:-0.035472, cov_xx:0.001946, cov_yy:0.002057"
2026-08-21 10:21:31.599,system_resources,"cpu:61.4%, mem:33.6%, mem_used_mb:2562, mem_total_mb:7619"
2026-08-21 10:21:31.619,battery/status,"100.000000%"
2026-08-21 10:21:31.619,safety/left_bumper,"FALSE"
2026-08-21 10:21:31.619,safety/right_bumper,"FALSE"
2026-08-21 10:21:31.619,safety/emergency_button,"FALSE"
2026-08-21 10:21:31.619,safety/suction_switch,"FALSE"
2026-08-21 10:21:31.621,rated_current_left,"0.000000"
2026-08-21 10:21:31.623,rated_current_right,"0.000000"
2026-08-21 10:21:31.628,particle_cloud,"count:800, spread:0.112139"
2026-08-21 10:21:31.635,odometry/filtered,"x:-1.439549, y:0.122766, yaw:-0.035469, cov_xx:0.001970, cov_yy:0.002083"
2026-08-21 10:21:31.651,rated_current_left,"0.000000"
2026-08-21 10:21:31.651,rated_current_right,"0.000000"
2026-08-21 10:21:31.655,odometry/filtered,"x:-1.439558, y:0.122766, yaw:-0.035467, cov_xx:0.001907, cov_yy:0.002014"
2026-08-21 10:21:31.668,safety/emergency_button,"FALSE"
2026-08-21 10:21:31.669,safety/right_bumper,"FALSE"
2026-08-21 10:21:31.669,safety/left_bumper,"FALSE"
2026-08-21 10:21:31.669,safety/suction_switch,"FALSE"
2026-08-21 10:21:31.685,rated_current_left,"0.000000"
2026-08-21 10:21:31.686,rated_current_right,"0.000000"
2026-08-21 10:21:31.695,odometry/filtered,"x:-1.439555, y:0.122766, yaw:-0.035465, cov_xx:0.001954, cov_yy:0.002066"
2026-08-21 10:21:31.716,rated_current_left,"0.000000"
2026-08-21 10:21:31.716,rated_current_right,"0.000000"
2026-08-21 10:21:31.718,safety/left_bumper,"FALSE"
2026-08-21 10:21:31.718,safety/right_bumper,"FALSE"
2026-08-21 10:21:31.718,safety/emergency_button,"FALSE"
2026-08-21 10:21:31.723,battery/status,"100.000000%"
2026-08-21 10:21:31.723,safety/suction_switch,"FALSE"
2026-08-21 10:21:31.735,odometry/filtered,"x:-1.439562, y:0.122767, yaw:-0.035463, cov_xx:0.001906, cov_yy:0.002013"
2026-08-21 10:21:31.747,rated_current_left,"0.000000"
2026-08-21 10:21:31.748,rated_current_right,"0.000000"
2026-08-21 10:21:31.754,odometry/filtered,"x:-1.439564, y:0.122767, yaw:-0.035454, cov_xx:0.001913, cov_yy:0.002020"
2026-08-21 10:21:31.768,safety/emergency_button,"FALSE"
2026-08-21 10:21:31.769,safety/left_bumper,"FALSE"
2026-08-21 10:21:31.769,safety/right_bumper,"FALSE"
2026-08-21 10:21:31.769,safety/suction_switch,"FALSE"
2026-08-21 10:21:31.782,rated_current_left,"0.000000"
2026-08-21 10:21:31.782,rated_current_right,"0.000000"
2026-08-21 10:21:31.794,odometry/filtered,"x:-1.439560, y:0.122766, yaw:-0.035451, cov_xx:0.001976, cov_yy:0.002091"
2026-08-21 10:21:31.801,robot_status,"ROBOT_STANDBY"
2026-08-21 10:21:31.813,rated_current_left,"0.000000"
2026-08-21 10:21:31.814,rated_current_right,"0.000000"
2026-08-21 10:21:31.818,safety/emergency_button,"FALSE"
2026-08-21 10:21:31.818,safety/left_bumper,"FALSE"
2026-08-21 10:21:31.818,safety/right_bumper,"FALSE"
2026-08-21 10:21:31.819,safety/suction_switch,"FALSE"
2026-08-21 10:21:31.819,battery/status,"100.000000%"
2026-08-21 10:21:31.828,particle_cloud,"count:800, spread:0.103479"
2026-08-21 10:21:31.834,odometry/filtered,"x:-1.439567, y:0.122767, yaw:-0.035448, cov_xx:0.001928, cov_yy:0.002037"
2026-08-21 10:21:31.842,rated_current_left,"0.000000"
2026-08-21 10:21:31.843,rated_current_right,"0.000000"
2026-08-21 10:21:31.854,odometry/filtered,"x:-1.439572, y:0.122767, yaw:-0.035445, cov_xx:0.001906, cov_yy:0.002012"
2026-08-21 10:21:31.869,safety/left_bumper,"FALSE"
2026-08-21 10:21:31.869,safety/right_bumper,"FALSE"
2026-08-21 10:21:31.869,safety/emergency_button,"FALSE"
2026-08-21 10:21:31.869,safety/suction_switch,"FALSE"
2026-08-21 10:21:31.878,rated_current_left,"0.000000"
2026-08-21 10:21:31.878,rated_current_right,"0.000000"
2026-08-21 10:21:31.894,odometry/filtered,"x:-1.439568, y:0.122767, yaw:-0.035443, cov_xx:0.001953, cov_yy:0.002065"
2026-08-21 10:21:31.908,rated_current_left,"0.000000"
2026-08-21 10:21:31.909,rated_current_right,"0.000000"
2026-08-21 10:21:31.914,odometry/filtered,"x:-1.439571, y:0.122767, yaw:-0.035441, cov_xx:0.001941, cov_yy:0.002052"
2026-08-21 10:21:31.920,battery/status,"100.000000%"
2026-08-21 10:21:31.921,safety/left_bumper,"FALSE"
2026-08-21 10:21:31.921,safety/right_bumper,"FALSE"
2026-08-21 10:21:31.921,safety/emergency_button,"FALSE"
2026-08-21 10:21:31.921,safety/suction_switch,"FALSE"
2026-08-21 10:21:31.940,rated_current_left,"0.000000"
2026-08-21 10:21:31.940,rated_current_right,"0.000000"
2026-08-21 10:21:31.956,odometry/filtered,"x:-1.439586, y:0.122767, yaw:-0.035447, cov_xx:0.001926, cov_yy:0.002034"
2026-08-21 10:21:31.968,safety/left_bumper,"FALSE"
2026-08-21 10:21:31.968,safety/right_bumper,"FALSE"
2026-08-21 10:21:31.969,safety/emergency_button,"FALSE"
2026-08-21 10:21:31.969,safety/suction_switch,"FALSE"
2026-08-21 10:21:31.972,rated_current_left,"0.000000"
2026-08-21 10:21:31.972,rated_current_right,"0.000000"
2026-08-21 10:21:31.975,odometry/filtered,"x:-1.439610, y:0.122768, yaw:-0.035430, cov_xx:0.001915, cov_yy:0.002023"
2026-08-21 10:21:32.003,rated_current_left,"0.000000"
2026-08-21 10:21:32.003,rated_current_right,"0.000000"
2026-08-21 10:21:32.014,odometry/filtered,"x:-1.439659, y:0.122770, yaw:-0.035424, cov_xx:0.001925, cov_yy:0.002034"
2026-08-21 10:21:32.019,battery/status,"100.000000%"
2026-08-21 10:21:32.019,safety/left_bumper,"FALSE"
2026-08-21 10:21:32.019,safety/right_bumper,"FALSE"
2026-08-21 10:21:32.019,safety/emergency_button,"FALSE"
2026-08-21 10:21:32.020,safety/suction_switch,"FALSE"
2026-08-21 10:21:32.028,particle_cloud,"count:800, spread:0.103744"
2026-08-21 10:21:32.035,rated_current_left,"0.000000"
2026-08-21 10:21:32.035,rated_current_right,"0.000000"
2026-08-21 10:21:32.055,odometry/filtered,"x:-1.439742, y:0.122773, yaw:-0.035358, cov_xx:0.001933, cov_yy:0.002043"
2026-08-21 10:21:32.066,rated_current_left,"0.000000"
2026-08-21 10:21:32.067,rated_current_right,"0.000000"
2026-08-21 10:21:32.068,safety/emergency_button,"FALSE"
2026-08-21 10:21:32.071,safety/right_bumper,"FALSE"
2026-08-21 10:21:32.071,safety/left_bumper,"FALSE"
2026-08-21 10:21:32.071,safety/suction_switch,"FALSE"
2026-08-21 10:21:32.075,odometry/filtered,"x:-1.439836, y:0.122776, yaw:-0.035186, cov_xx:0.001920, cov_yy:0.002029"
2026-08-21 10:21:32.098,rated_current_left,"0.000000"
2026-08-21 10:21:32.098,rated_current_right,"0.000000"
2026-08-21 10:21:32.115,odometry/filtered,"x:-1.439892, y:0.122778, yaw:-0.035144, cov_xx:0.001930, cov_yy:0.002040"
2026-08-21 10:21:32.118,safety/right_bumper,"FALSE"
2026-08-21 10:21:32.118,safety/emergency_button,"FALSE"
2026-08-21 10:21:32.118,battery/status,"100.000000%"
2026-08-21 10:21:32.119,safety/left_bumper,"FALSE"
2026-08-21 10:21:32.119,safety/suction_switch,"FALSE"
2026-08-21 10:21:32.132,rated_current_left,"0.000000"
2026-08-21 10:21:32.132,rated_current_right,"0.000000"
2026-08-21 10:21:32.135,odometry/filtered,"x:-1.439927, y:0.122780, yaw:-0.035104, cov_xx:0.001953, cov_yy:0.002065"
2026-08-21 10:21:32.162,rated_current_left,"0.000000"
2026-08-21 10:21:32.163,rated_current_right,"0.000000"
2026-08-21 10:21:32.168,safety/emergency_button,"FALSE"
2026-08-21 10:21:32.168,safety/right_bumper,"FALSE"
2026-08-21 10:21:32.168,safety/left_bumper,"FALSE"
2026-08-21 10:21:32.168,safety/suction_switch,"FALSE"
2026-08-21 10:21:32.174,odometry/filtered,"x:-1.439975, y:0.122781, yaw:-0.034957, cov_xx:0.001921, cov_yy:0.002029"
2026-08-21 10:21:32.197,rated_current_left,"0.000000"
2026-08-21 10:21:32.197,rated_current_right,"0.000000"
2026-08-21 10:21:32.215,odometry/filtered,"x:-1.439999, y:0.122782, yaw:-0.034902, cov_xx:0.001964, cov_yy:0.002077"
2026-08-21 10:21:32.220,battery/status,"100.000000%"
2026-08-21 10:21:32.220,safety/left_bumper,"FALSE"
2026-08-21 10:21:32.220,safety/right_bumper,"FALSE"
2026-08-21 10:21:32.220,safety/emergency_button,"FALSE"
2026-08-21 10:21:32.220,safety/suction_switch,"FALSE"
2026-08-21 10:21:32.227,rated_current_left,"0.000000"
2026-08-21 10:21:32.227,rated_current_right,"0.000000"
2026-08-21 10:21:32.231,particle_cloud,"count:800, spread:0.103167"
2026-08-21 10:21:32.235,odometry/filtered,"x:-1.440019, y:0.122783, yaw:-0.034855, cov_xx:0.001909, cov_yy:0.002016"
2026-08-21 10:21:32.258,rated_current_left,"0.000000"
2026-08-21 10:21:32.258,rated_current_right,"0.000000"
2026-08-21 10:21:32.270,safety/emergency_button,"FALSE"
2026-08-21 10:21:32.270,safety/left_bumper,"FALSE"
2026-08-21 10:21:32.270,safety/right_bumper,"FALSE"
2026-08-21 10:21:32.270,safety/suction_switch,"FALSE"
2026-08-21 10:21:32.276,odometry/filtered,"x:-1.440029, y:0.122783, yaw:-0.034809, cov_xx:0.001915, cov_yy:0.002023"
2026-08-21 10:21:32.291,rated_current_left,"0.000000"
2026-08-21 10:21:32.291,rated_current_right,"0.000000"
2026-08-21 10:21:32.295,odometry/filtered,"x:-1.440100, y:0.122786, yaw:-0.034569, cov_xx:0.001930, cov_yy:0.002040"
2026-08-21 10:21:32.301,robot_status,"ROBOT_STANDBY"
2026-08-21 10:21:32.319,safety/emergency_button,"FALSE"
2026-08-21 10:21:32.319,battery/status,"100.000000%"
2026-08-21 10:21:32.319,safety/left_bumper,"FALSE"
2026-08-21 10:21:32.319,safety/right_bumper,"FALSE"
2026-08-21 10:21:32.319,safety/suction_switch,"FALSE"
2026-08-21 10:21:32.324,rated_current_left,"0.000000"
2026-08-21 10:21:32.324,rated_current_right,"0.000000"
2026-08-21 10:21:32.334,odometry/filtered,"x:-1.440170, y:0.122788, yaw:-0.034410, cov_xx:0.001934, cov_yy:0.002044"
2026-08-21 10:21:32.356,rated_current_left,"0.000000"
2026-08-21 10:21:32.356,rated_current_right,"0.000000"
2026-08-21 10:21:32.368,safety/emergency_button,"FALSE"
2026-08-21 10:21:32.368,safety/left_bumper,"FALSE"
2026-08-21 10:21:32.368,safety/right_bumper,"FALSE"
2026-08-21 10:21:32.368,safety/suction_switch,"FALSE"
2026-08-21 10:21:32.375,odometry/filtered,"x:-1.440212, y:0.122790, yaw:-0.034324, cov_xx:0.001944, cov_yy:0.002055"
2026-08-21 10:21:32.388,rated_current_left,"0.000000"
2026-08-21 10:21:32.389,rated_current_right,"0.000000"
2026-08-21 10:21:32.395,odometry/filtered,"x:-1.440240, y:0.122791, yaw:-0.034247, cov_xx:0.001915, cov_yy:0.002023"
2026-08-21 10:21:32.422,battery/status,"100.000000%"
2026-08-21 10:21:32.422,safety/left_bumper,"FALSE"
2026-08-21 10:21:32.422,safety/right_bumper,"FALSE"
2026-08-21 10:21:32.422,safety/emergency_button,"FALSE"
2026-08-21 10:21:32.422,safety/suction_switch,"FALSE"
2026-08-21 10:21:32.422,rated_current_left,"0.000000"
2026-08-21 10:21:32.422,rated_current_right,"0.000000"
2026-08-21 10:21:32.428,particle_cloud,"count:800, spread:0.103907"
2026-08-21 10:21:32.434,odometry/filtered,"x:-1.440280, y:0.122792, yaw:-0.034049, cov_xx:0.001973, cov_yy:0.002087"
2026-08-21 10:21:32.450,rated_current_left,"0.000000"
2026-08-21 10:21:32.450,rated_current_right,"0.000000"
2026-08-21 10:21:32.455,odometry/filtered,"x:-1.440309, y:0.122793, yaw:-0.033962, cov_xx:0.001892, cov_yy:0.001997"
2026-08-21 10:21:32.470,safety/left_bumper,"FALSE"
2026-08-21 10:21:32.471,safety/right_bumper,"FALSE"
2026-08-21 10:21:32.471,safety/emergency_button,"FALSE"
2026-08-21 10:21:32.471,safety/suction_switch,"FALSE"
2026-08-21 10:21:32.482,rated_current_left,"0.000000"
2026-08-21 10:21:32.483,rated_current_right,"0.000000"
2026-08-21 10:21:32.495,odometry/filtered,"x:-1.440321, y:0.122793, yaw:-0.033875, cov_xx:0.001942, cov_yy:0.002053"
2026-08-21 10:21:32.513,rated_current_left,"0.000000"
2026-08-21 10:21:32.514,rated_current_right,"0.000000"
2026-08-21 10:21:32.518,safety/emergency_button,"FALSE"
2026-08-21 10:21:32.518,safety/left_bumper,"FALSE"
2026-08-21 10:21:32.518,safety/right_bumper,"FALSE"
2026-08-21 10:21:32.518,safety/suction_switch,"FALSE"
2026-08-21 10:21:32.519,battery/status,"100.000000%"
2026-08-21 10:21:32.534,odometry/filtered,"x:-1.440331, y:0.122794, yaw:-0.033797, cov_xx:0.001919, cov_yy:0.002027"
2026-08-21 10:21:32.546,rated_current_left,"0.000000"
2026-08-21 10:21:32.546,rated_current_right,"0.000000"
2026-08-21 10:21:32.554,odometry/filtered,"x:-1.440335, y:0.122794, yaw:-0.033723, cov_xx:0.001934, cov_yy:0.002044"
2026-08-21 10:21:32.568,safety/right_bumper,"FALSE"
2026-08-21 10:21:32.568,safety/emergency_button,"FALSE"
2026-08-21 10:21:32.568,safety/left_bumper,"FALSE"
2026-08-21 10:21:32.568,safety/suction_switch,"FALSE"
2026-08-21 10:21:32.577,rated_current_left,"0.000000"
2026-08-21 10:21:32.579,rated_current_right,"0.000000"
2026-08-21 10:21:32.595,odometry/filtered,"x:-1.440338, y:0.122794, yaw:-0.033655, cov_xx:0.001932, cov_yy:0.002042"
2026-08-21 10:21:32.609,rated_current_left,"0.000000"
2026-08-21 10:21:32.610,rated_current_right,"0.000000"
2026-08-21 10:21:32.614,odometry/filtered,"x:-1.440339, y:0.122794, yaw:-0.033592, cov_xx:0.001934, cov_yy:0.002044"
2026-08-21 10:21:32.620,battery/status,"100.000000%"
2026-08-21 10:21:32.620,safety/left_bumper,"FALSE"
2026-08-21 10:21:32.620,safety/right_bumper,"FALSE"
2026-08-21 10:21:32.620,safety/emergency_button,"FALSE"
2026-08-21 10:21:32.620,safety/suction_switch,"FALSE"
2026-08-21 10:21:32.627,particle_cloud,"count:800, spread:0.097922"
2026-08-21 10:21:32.641,rated_current_left,"0.000000"
2026-08-21 10:21:32.642,rated_current_right,"0.000000"
2026-08-21 10:21:32.654,odometry/filtered,"x:-1.440340, y:0.122794, yaw:-0.033534, cov_xx:0.001923, cov_yy:0.002032"
2026-08-21 10:21:32.669,safety/left_bumper,"FALSE"
2026-08-21 10:21:32.669,safety/right_bumper,"FALSE"
2026-08-21 10:21:32.669,safety/emergency_button,"FALSE"
2026-08-21 10:21:32.669,safety/suction_switch,"FALSE"
2026-08-21 10:21:32.675,rated_current_left,"0.000000"
2026-08-21 10:21:32.675,rated_current_right,"0.000000"
2026-08-21 10:21:32.694,odometry/filtered,"x:-1.440339, y:0.122794, yaw:-0.033479, cov_xx:0.001931, cov_yy:0.002040"
2026-08-21 10:21:32.711,rated_current_left,"0.000000"
2026-08-21 10:21:32.712,rated_current_right,"0.000000"
2026-08-21 10:21:32.717,odometry/filtered,"x:-1.440338, y:0.122794, yaw:-0.033429, cov_xx:0.001931, cov_yy:0.002041"
2026-08-21 10:21:32.722,battery/status,"100.000000%"
2026-08-21 10:21:32.722,safety/left_bumper,"FALSE"
2026-08-21 10:21:32.722,safety/right_bumper,"FALSE"
2026-08-21 10:21:32.722,safety/emergency_button,"FALSE"
2026-08-21 10:21:32.722,safety/suction_switch,"FALSE"
2026-08-21 10:21:32.730,mcl_pose,"x:4.030520, y:2.346939"
2026-08-21 10:21:32.736,rated_current_left,"0.000000"
2026-08-21 10:21:32.737,rated_current_right,"0.000000"
2026-08-21 10:21:32.758,odometry/filtered,"x:-1.440338, y:0.122794, yaw:-0.033383, cov_xx:0.001924, cov_yy:0.002033"
2026-08-21 10:21:32.770,safety/left_bumper,"FALSE"
2026-08-21 10:21:32.770,safety/right_bumper,"FALSE"
2026-08-21 10:21:32.770,safety/emergency_button,"FALSE"
2026-08-21 10:21:32.770,safety/suction_switch,"FALSE"
2026-08-21 10:21:32.774,rated_current_left,"0.000000"
2026-08-21 10:21:32.774,rated_current_right,"0.000000"
2026-08-21 10:21:32.795,odometry/filtered,"x:-1.440333, y:0.122794, yaw:-0.033337, cov_xx:0.001979, cov_yy:0.002094"
2026-08-21 10:21:32.804,robot_status,"ROBOT_STANDBY"
2026-08-21 10:21:32.804,rated_current_left,"0.000000"
2026-08-21 10:21:32.804,rated_current_right,"0.000000"
2026-08-21 10:21:32.815,odometry/filtered,"x:-1.440336, y:0.122794, yaw:-0.033299, cov_xx:0.001927, cov_yy:0.002035"
2026-08-21 10:21:32.820,battery/status,"100.000000%"
2026-08-21 10:21:32.820,safety/left_bumper,"FALSE"
2026-08-21 10:21:32.820,safety/right_bumper,"FALSE"
2026-08-21 10:21:32.820,safety/emergency_button,"FALSE"
2026-08-21 10:21:32.820,safety/suction_switch,"FALSE"
2026-08-21 10:21:32.828,particle_cloud,"count:800, spread:0.102953"
2026-08-21 10:21:32.835,odometry/filtered,"x:-1.440336, y:0.122794, yaw:-0.033263, cov_xx:0.001914, cov_yy:0.002022"
2026-08-21 10:21:32.835,rated_current_left,"0.000000"
2026-08-21 10:21:32.835,rated_current_right,"0.000000"
2026-08-21 10:21:32.864,rated_current_left,"0.000000"
2026-08-21 10:21:32.864,rated_current_right,"0.000000"
2026-08-21 10:21:32.868,safety/emergency_button,"FALSE"
2026-08-21 10:21:32.868,safety/left_bumper,"FALSE"
2026-08-21 10:21:32.868,safety/right_bumper,"FALSE"
2026-08-21 10:21:32.868,safety/suction_switch,"FALSE"
2026-08-21 10:21:32.875,odometry/filtered,"x:-1.440336, y:0.122794, yaw:-0.033230, cov_xx:0.001918, cov_yy:0.002026"
2026-08-21 10:21:32.899,rated_current_left,"0.000000"
2026-08-21 10:21:32.899,rated_current_right,"0.000000"
2026-08-21 10:21:32.914,odometry/filtered,"x:-1.440333, y:0.122794, yaw:-0.033198, cov_xx:0.001942, cov_yy:0.002053"
2026-08-21 10:21:32.918,safety/emergency_button,"FALSE"
2026-08-21 10:21:32.921,battery/status,"100.000000%"
2026-08-21 10:21:32.921,safety/left_bumper,"FALSE"
2026-08-21 10:21:32.921,safety/right_bumper,"FALSE"
2026-08-21 10:21:32.922,safety/suction_switch,"FALSE"
2026-08-21 10:21:32.928,rated_current_left,"0.000000"
2026-08-21 10:21:32.929,rated_current_right,"0.000000"
2026-08-21 10:21:32.934,odometry/filtered,"x:-1.440335, y:0.122794, yaw:-0.033170, cov_xx:0.001924, cov_yy:0.002033"
2026-08-21 10:21:32.961,rated_current_left,"0.000000"
2026-08-21 10:21:32.962,rated_current_right,"0.000000"
2026-08-21 10:21:32.968,safety/emergency_button,"FALSE"
2026-08-21 10:21:32.968,safety/right_bumper,"FALSE"
2026-08-21 10:21:32.968,safety/left_bumper,"FALSE"
2026-08-21 10:21:32.968,safety/suction_switch,"FALSE"
2026-08-21 10:21:32.976,odometry/filtered,"x:-1.440334, y:0.122794, yaw:-0.033144, cov_xx:0.001926, cov_yy:0.002036"
2026-08-21 10:21:32.994,rated_current_left,"0.000000"
2026-08-21 10:21:32.994,rated_current_right,"0.000000"
2026-08-21 10:21:33.015,odometry/filtered,"x:-1.440332, y:0.122794, yaw:-0.033119, cov_xx:0.001954, cov_yy:0.002066"
2026-08-21 10:21:33.021,battery/status,"100.000000%"
2026-08-21 10:21:33.021,safety/left_bumper,"FALSE"
2026-08-21 10:21:33.022,safety/right_bumper,"FALSE"
2026-08-21 10:21:33.022,safety/emergency_button,"FALSE"
2026-08-21 10:21:33.022,safety/suction_switch,"FALSE"
2026-08-21 10:21:33.029,particle_cloud,"count:800, spread:0.104195"
2026-08-21 10:21:33.029,rated_current_left,"0.000000"
2026-08-21 10:21:33.031,rated_current_right,"0.000000"
2026-08-21 10:21:33.035,odometry/filtered,"x:-1.440334, y:0.122794, yaw:-0.033098, cov_xx:0.001928, cov_yy:0.002037"
2026-08-21 10:21:33.058,rated_current_left,"0.000000"
2026-08-21 10:21:33.058,rated_current_right,"0.000000"
2026-08-21 10:21:33.070,safety/left_bumper,"FALSE"
2026-08-21 10:21:33.070,safety/right_bumper,"FALSE"
2026-08-21 10:21:33.071,safety/emergency_button,"FALSE"
2026-08-21 10:21:33.071,safety/suction_switch,"FALSE"
2026-08-21 10:21:33.075,odometry/filtered,"x:-1.440334, y:0.122794, yaw:-0.033078, cov_xx:0.001935, cov_yy:0.002044"
2026-08-21 10:21:33.087,rated_current_left,"0.000000"
2026-08-21 10:21:33.088,rated_current_right,"0.000000"
2026-08-21 10:21:33.095,odometry/filtered,"x:-1.440336, y:0.122794, yaw:-0.033061, cov_xx:0.001907, cov_yy:0.002014"
2026-08-21 10:21:33.119,safety/emergency_button,"FALSE"
2026-08-21 10:21:33.119,battery/status,"100.000000%"
2026-08-21 10:21:33.119,safety/left_bumper,"FALSE"
2026-08-21 10:21:33.119,safety/right_bumper,"FALSE"
2026-08-21 10:21:33.119,safety/suction_switch,"FALSE"
2026-08-21 10:21:33.122,rated_current_left,"0.000000"
2026-08-21 10:21:33.122,rated_current_right,"0.000000"
2026-08-21 10:21:33.135,odometry/filtered,"x:-1.440332, y:0.122794, yaw:-0.033043, cov_xx:0.001965, cov_yy:0.002078"
2026-08-21 10:21:33.152,rated_current_left,"0.000000"
2026-08-21 10:21:33.152,rated_current_right,"0.000000"
2026-08-21 10:21:33.171,safety/left_bumper,"FALSE"
2026-08-21 10:21:33.171,safety/right_bumper,"FALSE"
2026-08-21 10:21:33.171,safety/emergency_button,"FALSE"
2026-08-21 10:21:33.171,safety/suction_switch,"FALSE"
2026-08-21 10:21:33.176,odometry/filtered,"x:-1.440336, y:0.122794, yaw:-0.033029, cov_xx:0.001916, cov_yy:0.002024"
2026-08-21 10:21:33.187,rated_current_left,"0.000000"
2026-08-21 10:21:33.187,rated_current_right,"0.000000"
2026-08-21 10:21:33.195,odometry/filtered,"x:-1.440334, y:0.122794, yaw:-0.033014, cov_xx:0.001947, cov_yy:0.002058"
2026-08-21 10:21:33.221,battery/status,"100.000000%"
2026-08-21 10:21:33.221,safety/left_bumper,"FALSE"
2026-08-21 10:21:33.221,safety/right_bumper,"FALSE"
2026-08-21 10:21:33.221,safety/emergency_button,"FALSE"
2026-08-21 10:21:33.221,safety/suction_switch,"FALSE"
2026-08-21 10:21:33.221,rated_current_left,"0.000000"
2026-08-21 10:21:33.221,rated_current_right,"0.000000"
2026-08-21 10:21:33.228,particle_cloud,"count:800, spread:0.103674"
2026-08-21 10:21:33.235,odometry/filtered,"x:-1.440337, y:0.122795, yaw:-0.033003, cov_xx:0.001917, cov_yy:0.002025"
2026-08-21 10:21:33.248,rated_current_left,"0.000000"
2026-08-21 10:21:33.249,rated_current_right,"0.000000"
2026-08-21 10:21:33.254,odometry/filtered,"x:-1.440336, y:0.122795, yaw:-0.032992, cov_xx:0.001927, cov_yy:0.002036"
2026-08-21 10:21:33.268,safety/left_bumper,"FALSE"
2026-08-21 10:21:33.268,safety/right_bumper,"FALSE"
2026-08-21 10:21:33.268,safety/emergency_button,"FALSE"
2026-08-21 10:21:33.268,safety/suction_switch,"FALSE"
2026-08-21 10:21:33.280,rated_current_left,"0.000000"
2026-08-21 10:21:33.281,rated_current_right,"0.000000"
2026-08-21 10:21:33.296,odometry/filtered,"x:-1.440336, y:0.122795, yaw:-0.032981, cov_xx:0.001939, cov_yy:0.002050"
2026-08-21 10:21:33.300,robot_status,"ROBOT_STANDBY"
2026-08-21 10:21:33.311,rated_current_left,"0.000000"
2026-08-21 10:21:33.312,rated_current_right,"0.000000"
2026-08-21 10:21:33.314,odometry/filtered,"x:-1.440338, y:0.122795, yaw:-0.032973, cov_xx:0.001919, cov_yy:0.002028"
2026-08-21 10:21:33.318,safety/emergency_button,"FALSE"
2026-08-21 10:21:33.318,safety/left_bumper,"FALSE"
2026-08-21 10:21:33.318,safety/right_bumper,"FALSE"
2026-08-21 10:21:33.318,safety/suction_switch,"FALSE"
2026-08-21 10:21:33.318,battery/status,"100.000000%"
2026-08-21 10:21:33.344,rated_current_left,"0.000000"
2026-08-21 10:21:33.345,rated_current_right,"0.000000"
2026-08-21 10:21:33.355,odometry/filtered,"x:-1.440338, y:0.122795, yaw:-0.032965, cov_xx:0.001928, cov_yy:0.002038"
2026-08-21 10:21:33.368,safety/emergency_button,"FALSE"
2026-08-21 10:21:33.368,safety/right_bumper,"FALSE"
2026-08-21 10:21:33.368,safety/left_bumper,"FALSE"
2026-08-21 10:21:33.368,safety/suction_switch,"FALSE"
2026-08-21 10:21:33.377,rated_current_left,"0.000000"
2026-08-21 10:21:33.377,rated_current_right,"0.000000"
2026-08-21 10:21:33.395,odometry/filtered,"x:-1.440338, y:0.122795, yaw:-0.032957, cov_xx:0.001945, cov_yy:0.002057"
2026-08-21 10:21:33.408,rated_current_left,"0.000000"
2026-08-21 10:21:33.408,rated_current_right,"0.000000"
2026-08-21 10:21:33.414,odometry/filtered,"x:-1.440341, y:0.122795, yaw:-0.032951, cov_xx:0.001911, cov_yy:0.002019"
2026-08-21 10:21:33.418,safety/right_bumper,"FALSE"
2026-08-21 10:21:33.418,safety/emergency_button,"FALSE"
2026-08-21 10:21:33.418,safety/left_bumper,"FALSE"
2026-08-21 10:21:33.418,safety/suction_switch,"FALSE"
2026-08-21 10:21:33.419,battery/status,"100.000000%"
2026-08-21 10:21:33.427,particle_cloud,"count:800, spread:0.103604"
2026-08-21 10:21:33.441,rated_current_left,"0.000000"
2026-08-21 10:21:33.441,rated_current_right,"0.000000"
2026-08-21 10:21:33.454,odometry/filtered,"x:-1.440338, y:0.122795, yaw:-0.032945, cov_xx:0.001963, cov_yy:0.002076"
2026-08-21 10:21:33.468,safety/left_bumper,"FALSE"
2026-08-21 10:21:33.468,safety/right_bumper,"FALSE"
2026-08-21 10:21:33.468,safety/emergency_button,"FALSE"
2026-08-21 10:21:33.468,safety/suction_switch,"FALSE"
2026-08-21 10:21:33.473,rated_current_left,"0.000000"
2026-08-21 10:21:33.473,rated_current_right,"0.000000"
2026-08-21 10:21:33.477,odometry/filtered,"x:-1.440342, y:0.122795, yaw:-0.032941, cov_xx:0.001918, cov_yy:0.002026"
2026-08-21 10:21:33.509,rated_current_left,"0.000000"
2026-08-21 10:21:33.509,rated_current_right,"0.000000"
2026-08-21 10:21:33.515,odometry/filtered,"x:-1.440341, y:0.122795, yaw:-0.032936, cov_xx:0.001933, cov_yy:0.002043"
2026-08-21 10:21:33.518,safety/emergency_button,"FALSE"
2026-08-21 10:21:33.518,safety/right_bumper,"FALSE"
2026-08-21 10:21:33.518,safety/left_bumper,"FALSE"
2026-08-21 10:21:33.518,safety/suction_switch,"FALSE"
2026-08-21 10:21:33.519,battery/status,"100.000000%"
2026-08-21 10:21:33.537,rated_current_left,"0.000000"
2026-08-21 10:21:33.537,rated_current_right,"0.000000"
2026-08-21 10:21:33.555,odometry/filtered,"x:-1.440343, y:0.122795, yaw:-0.032933, cov_xx:0.001922, cov_yy:0.002031"
2026-08-21 10:21:33.567,rated_current_left,"0.000000"
2026-08-21 10:21:33.567,rated_current_right,"0.000000"
2026-08-21 10:21:33.568,safety/left_bumper,"FALSE"
2026-08-21 10:21:33.569,safety/right_bumper,"FALSE"
2026-08-21 10:21:33.569,safety/emergency_button,"FALSE"
2026-08-21 10:21:33.569,safety/suction_switch,"FALSE"
2026-08-21 10:21:33.575,odometry/filtered,"x:-1.440343, y:0.122795, yaw:-0.032929, cov_xx:0.001932, cov_yy:0.002042"
2026-08-21 10:21:33.599,rated_current_left,"0.000000"
2026-08-21 10:21:33.600,rated_current_right,"0.000000"
2026-08-21 10:21:33.615,odometry/filtered,"x:-1.440344, y:0.122795, yaw:-0.032927, cov_xx:0.001929, cov_yy:0.002039"
2026-08-21 10:21:33.618,safety/emergency_button,"FALSE"
2026-08-21 10:21:33.618,battery/status,"100.000000%"
2026-08-21 10:21:33.618,safety/left_bumper,"FALSE"
2026-08-21 10:21:33.618,safety/right_bumper,"FALSE"
2026-08-21 10:21:33.618,safety/suction_switch,"FALSE"
2026-08-21 10:21:33.628,particle_cloud,"count:800, spread:0.101914"
2026-08-21 10:21:33.631,rated_current_left,"0.000000"
2026-08-21 10:21:33.631,rated_current_right,"0.000000"
2026-08-21 10:21:33.634,odometry/filtered,"x:-1.440345, y:0.122795, yaw:-0.032924, cov_xx:0.001934, cov_yy:0.002044"
2026-08-21 10:21:33.662,rated_current_left,"0.000000"
2026-08-21 10:21:33.663,rated_current_right,"0.000000"
2026-08-21 10:21:33.668,safety/left_bumper,"FALSE"
2026-08-21 10:21:33.668,safety/right_bumper,"FALSE"
2026-08-21 10:21:33.668,safety/emergency_button,"FALSE"
2026-08-21 10:21:33.668,safety/suction_switch,"FALSE"
2026-08-21 10:21:33.675,odometry/filtered,"x:-1.440346, y:0.122795, yaw:-0.032923, cov_xx:0.001921, cov_yy:0.002030"
2026-08-21 10:21:33.697,rated_current_left,"0.000000"
2026-08-21 10:21:33.697,rated_current_right,"0.000000"
2026-08-21 10:21:33.714,odometry/filtered,"x:-1.440346, y:0.122795, yaw:-0.032921, cov_xx:0.001942, cov_yy:0.002053"
2026-08-21 10:21:33.718,battery/status,"100.000000%"
2026-08-21 10:21:33.719,safety/left_bumper,"FALSE"
2026-08-21 10:21:33.719,safety/right_bumper,"FALSE"
2026-08-21 10:21:33.719,safety/emergency_button,"FALSE"
2026-08-21 10:21:33.719,safety/suction_switch,"FALSE"
2026-08-21 10:21:33.729,rated_current_left,"0.000000"
2026-08-21 10:21:33.729,rated_current_right,"0.000000"
2026-08-21 10:21:33.736,odometry/filtered,"x:-1.440347, y:0.122795, yaw:-0.032920, cov_xx:0.001933, cov_yy:0.002043"
2026-08-21 10:21:33.760,rated_current_left,"0.000000"
2026-08-21 10:21:33.760,rated_current_right,"0.000000"
2026-08-21 10:21:33.770,safety/left_bumper,"FALSE"
2026-08-21 10:21:33.770,safety/right_bumper,"FALSE"
2026-08-21 10:21:33.770,safety/emergency_button,"FALSE"
2026-08-21 10:21:33.770,safety/suction_switch,"FALSE"
2026-08-21 10:21:33.775,odometry/filtered,"x:-1.440348, y:0.122795, yaw:-0.032919, cov_xx:0.001941, cov_yy:0.002052"
2026-08-21 10:21:33.797,rated_current_left,"0.000000"
2026-08-21 10:21:33.797,rated_current_right,"0.000000"
2026-08-21 10:21:33.801,robot_status,"ROBOT_STANDBY"
2026-08-21 10:21:33.815,odometry/filtered,"x:-1.440345, y:0.122795, yaw:-0.032918, cov_xx:0.001999, cov_yy:0.002115"
2026-08-21 10:21:33.818,battery/status,"100.000000%"
2026-08-21 10:21:33.819,safety/left_bumper,"FALSE"
2026-08-21 10:21:33.819,safety/right_bumper,"FALSE"
2026-08-21 10:21:33.819,safety/emergency_button,"FALSE"
2026-08-21 10:21:33.819,safety/suction_switch,"FALSE"
2026-08-21 10:21:33.824,rated_current_left,"0.000000"
2026-08-21 10:21:33.824,rated_current_right,"0.000000"
2026-08-21 10:21:33.827,particle_cloud,"count:800, spread:0.103974"
2026-08-21 10:21:33.834,odometry/filtered,"x:-1.440354, y:0.122795, yaw:-0.032918, cov_xx:0.001872, cov_yy:0.001975"
2026-08-21 10:21:33.855,rated_current_left,"0.000000"
2026-08-21 10:21:33.855,rated_current_right,"0.000000"
2026-08-21 10:21:33.868,safety/emergency_button,"FALSE"
2026-08-21 10:21:33.868,safety/right_bumper,"FALSE"
2026-08-21 10:21:33.868,safety/left_bumper,"FALSE"
2026-08-21 10:21:33.868,safety/suction_switch,"FALSE"
2026-08-21 10:21:33.875,odometry/filtered,"x:-1.440352, y:0.122795, yaw:-0.032918, cov_xx:0.001908, cov_yy:0.002015"
2026-08-21 10:21:33.886,rated_current_left,"0.000000"
2026-08-21 10:21:33.887,rated_current_right,"0.000000"
2026-08-21 10:21:33.895,odometry/filtered,"x:-1.440351, y:0.122795, yaw:-0.032918, cov_xx:0.001937, cov_yy:0.002047"
2026-08-21 10:21:33.918,safety/emergency_button,"FALSE"
2026-08-21 10:21:33.920,safety/right_bumper,"FALSE"
2026-08-21 10:21:33.920,battery/status,"100.000000%"
2026-08-21 10:21:33.920,safety/left_bumper,"FALSE"
2026-08-21 10:21:33.920,safety/suction_switch,"FALSE"
2026-08-21 10:21:33.920,rated_current_left,"0.000000"
2026-08-21 10:21:33.920,rated_current_right,"0.000000"
2026-08-21 10:21:33.934,odometry/filtered,"x:-1.440350, y:0.122795, yaw:-0.032918, cov_xx:0.001972, cov_yy:0.002086"
2026-08-21 10:21:33.953,rated_current_left,"0.000000"
2026-08-21 10:21:33.953,rated_current_right,"0.000000"
2026-08-21 10:21:33.954,odometry/filtered,"x:-1.440355, y:0.122796, yaw:-0.032918, cov_xx:0.001913, cov_yy:0.002020"
2026-08-21 10:21:33.968,safety/emergency_button,"FALSE"
2026-08-21 10:21:33.969,safety/left_bumper,"FALSE"
2026-08-21 10:21:33.969,safety/right_bumper,"FALSE"
2026-08-21 10:21:33.970,safety/suction_switch,"FALSE"
2026-08-21 10:21:33.983,rated_current_left,"0.000000"
2026-08-21 10:21:33.985,rated_current_right,"0.000000"
2026-08-21 10:21:33.996,odometry/filtered,"x:-1.440355, y:0.122796, yaw:-0.032919, cov_xx:0.001921, cov_yy:0.002029"
2026-08-21 10:21:34.014,rated_current_left,"0.000000"
2026-08-21 10:21:34.015,rated_current_right,"0.000000"
2026-08-21 10:21:34.017,safety/emergency_button,"FALSE"
2026-08-21 10:21:34.018,safety/right_bumper,"FALSE"
2026-08-21 10:21:34.018,safety/left_bumper,"FALSE"
2026-08-21 10:21:34.018,safety/suction_switch,"FALSE"
2026-08-21 10:21:34.018,battery/status,"100.000000%"
2026-08-21 10:21:34.027,particle_cloud,"count:800, spread:0.107819"
2026-08-21 10:21:34.034,odometry/filtered,"x:-1.440356, y:0.122796, yaw:-0.032920, cov_xx:0.001921, cov_yy:0.002030"
2026-08-21 10:21:34.047,rated_current_left,"0.000000"
2026-08-21 10:21:34.047,rated_current_right,"0.000000"
2026-08-21 10:21:34.054,odometry/filtered,"x:-1.440357, y:0.122796, yaw:-0.032920, cov_xx:0.001918, cov_yy:0.002027"
2026-08-21 10:21:34.069,safety/emergency_button,"FALSE"
2026-08-21 10:21:34.069,safety/left_bumper,"FALSE"
2026-08-21 10:21:34.069,safety/right_bumper,"FALSE"
2026-08-21 10:21:34.069,safety/suction_switch,"FALSE"
2026-08-21 10:21:34.079,rated_current_left,"0.000000"
2026-08-21 10:21:34.080,rated_current_right,"0.000000"
2026-08-21 10:21:34.094,odometry/filtered,"x:-1.440357, y:0.122796, yaw:-0.032921, cov_xx:0.001940, cov_yy:0.002050"
2026-08-21 10:21:34.111,rated_current_left,"0.000000"
2026-08-21 10:21:34.112,rated_current_right,"0.000000"
2026-08-21 10:21:34.114,odometry/filtered,"x:-1.440358, y:0.122796, yaw:-0.032922, cov_xx:0.001936, cov_yy:0.002046"
2026-08-21 10:21:34.118,battery/status,"100.000000%"
2026-08-21 10:21:34.119,safety/left_bumper,"FALSE"
2026-08-21 10:21:34.119,safety/right_bumper,"FALSE"
2026-08-21 10:21:34.119,safety/emergency_button,"FALSE"
2026-08-21 10:21:34.119,safety/suction_switch,"FALSE"
2026-08-21 10:21:34.143,rated_current_left,"0.000000"
2026-08-21 10:21:34.143,rated_current_right,"0.000000"
2026-08-21 10:21:34.154,odometry/filtered,"x:-1.440358, y:0.122796, yaw:-0.032923, cov_xx:0.001941, cov_yy:0.002052"
2026-08-21 10:21:34.168,safety/left_bumper,"FALSE"
2026-08-21 10:21:34.168,safety/right_bumper,"FALSE"
2026-08-21 10:21:34.168,safety/emergency_button,"FALSE"
2026-08-21 10:21:34.168,safety/suction_switch,"FALSE"
2026-08-21 10:21:34.174,rated_current_left,"0.000000"
2026-08-21 10:21:34.176,rated_current_right,"0.000000"
2026-08-21 10:21:34.197,odometry/filtered,"x:-1.440361, y:0.122796, yaw:-0.032916, cov_xx:0.001928, cov_yy:0.002037"
2026-08-21 10:21:34.206,rated_current_left,"0.000000"
2026-08-21 10:21:34.206,rated_current_right,"0.000000"
2026-08-21 10:21:34.222,battery/status,"100.000000%"
2026-08-21 10:21:34.222,odometry/filtered,"x:-1.440363, y:0.122796, yaw:-0.032916, cov_xx:0.001925, cov_yy:0.002034"
2026-08-21 10:21:34.222,safety/left_bumper,"FALSE"
2026-08-21 10:21:34.222,safety/right_bumper,"FALSE"
2026-08-21 10:21:34.222,safety/emergency_button,"FALSE"
2026-08-21 10:21:34.222,safety/suction_switch,"FALSE"
2026-08-21 10:21:34.228,particle_cloud,"count:800, spread:0.105882"
2026-08-21 10:21:34.239,rated_current_left,"0.000000"
2026-08-21 10:21:34.239,rated_current_right,"0.000000"
2026-08-21 10:21:34.254,odometry/filtered,"x:-1.440365, y:0.122796, yaw:-0.032916, cov_xx:0.001924, cov_yy:0.002033"
2026-08-21 10:21:34.269,safety/left_bumper,"FALSE"
2026-08-21 10:21:34.269,safety/right_bumper,"FALSE"
2026-08-21 10:21:34.270,safety/emergency_button,"FALSE"
2026-08-21 10:21:34.270,safety/suction_switch,"FALSE"
2026-08-21 10:21:34.270,rated_current_left,"0.000000"
2026-08-21 10:21:34.270,rated_current_right,"0.000000"
2026-08-21 10:21:34.274,odometry/filtered,"x:-1.440365, y:0.122796, yaw:-0.032916, cov_xx:0.001949, cov_yy:0.002060"
2026-08-21 10:21:34.300,robot_status,"ROBOT_STANDBY"
2026-08-21 10:21:34.303,rated_current_left,"0.000000"
2026-08-21 10:21:34.304,rated_current_right,"0.000000"
2026-08-21 10:21:34.316,odometry/filtered,"x:-1.440366, y:0.122796, yaw:-0.032916, cov_xx:0.001948, cov_yy:0.002059"
2026-08-21 10:21:34.318,battery/status,"100.000000%"
2026-08-21 10:21:34.318,safety/left_bumper,"FALSE"
2026-08-21 10:21:34.318,safety/right_bumper,"FALSE"
2026-08-21 10:21:34.318,safety/emergency_button,"FALSE"
2026-08-21 10:21:34.318,safety/suction_switch,"FALSE"
2026-08-21 10:21:34.334,rated_current_left,"0.000000"
2026-08-21 10:21:34.334,rated_current_right,"0.000000"
2026-08-21 10:21:34.354,odometry/filtered,"x:-1.440369, y:0.122796, yaw:-0.032916, cov_xx:0.001910, cov_yy:0.002017"
2026-08-21 10:21:34.367,rated_current_left,"0.000000"
2026-08-21 10:21:34.367,rated_current_right,"0.000000"
2026-08-21 10:21:34.368,safety/emergency_button,"FALSE"
2026-08-21 10:21:34.368,safety/left_bumper,"FALSE"
2026-08-21 10:21:34.368,safety/right_bumper,"FALSE"
2026-08-21 10:21:34.368,safety/suction_switch,"FALSE"
2026-08-21 10:21:34.374,odometry/filtered,"x:-1.440369, y:0.122796, yaw:-0.032916, cov_xx:0.001922, cov_yy:0.002030"
2026-08-21 10:21:34.401,rated_current_left,"0.000000"
2026-08-21 10:21:34.403,rated_current_right,"0.000000"
2026-08-21 10:21:34.415,odometry/filtered,"x:-1.440367, y:0.122796, yaw:-0.032916, cov_xx:0.001985, cov_yy:0.002101"
2026-08-21 10:21:34.418,battery/status,"100.000000%"
2026-08-21 10:21:34.418,safety/left_bumper,"FALSE"
2026-08-21 10:21:34.418,safety/right_bumper,"FALSE"
2026-08-21 10:21:34.418,safety/emergency_button,"FALSE"
2026-08-21 10:21:34.418,safety/suction_switch,"FALSE"
2026-08-21 10:21:34.427,particle_cloud,"count:800, spread:0.105651"
2026-08-21 10:21:34.430,rated_current_left,"0.000000"
2026-08-21 10:21:34.430,rated_current_right,"0.000000"
2026-08-21 10:21:34.434,odometry/filtered,"x:-1.440380, y:0.122797, yaw:-0.032942, cov_xx:0.001904, cov_yy:0.002010"
2026-08-21 10:21:34.462,rated_current_left,"0.000000"
2026-08-21 10:21:34.462,rated_current_right,"0.000000"
2026-08-21 10:21:34.468,safety/emergency_button,"FALSE"
2026-08-21 10:21:34.468,safety/left_bumper,"FALSE"
2026-08-21 10:21:34.468,safety/right_bumper,"FALSE"
2026-08-21 10:21:34.468,safety/suction_switch,"FALSE"
2026-08-21 10:21:34.474,odometry/filtered,"x:-1.440395, y:0.122797, yaw:-0.032954, cov_xx:0.001919, cov_yy:0.002028"
2026-08-21 10:21:34.494,rated_current_left,"0.000000"
2026-08-21 10:21:34.494,rated_current_right,"0.000000"
2026-08-21 10:21:34.515,odometry/filtered,"x:-1.440421, y:0.122798, yaw:-0.032997, cov_xx:0.001944, cov_yy:0.002055"
2026-08-21 10:21:34.518,battery/status,"100.000000%"
2026-08-21 10:21:34.518,safety/left_bumper,"FALSE"
2026-08-21 10:21:34.518,safety/right_bumper,"FALSE"
2026-08-21 10:21:34.518,safety/emergency_button,"FALSE"
2026-08-21 10:21:34.518,safety/suction_switch,"FALSE"
2026-08-21 10:21:34.526,rated_current_left,"0.000000"
2026-08-21 10:21:34.526,rated_current_right,"0.000000"
2026-08-21 10:21:34.534,odometry/filtered,"x:-1.440454, y:0.122799, yaw:-0.032993, cov_xx:0.001925, cov_yy:0.002034"
2026-08-21 10:21:34.558,rated_current_left,"0.000000"
2026-08-21 10:21:34.558,rated_current_right,"0.000000"
2026-08-21 10:21:34.569,safety/emergency_button,"FALSE"
2026-08-21 10:21:34.570,safety/left_bumper,"FALSE"
2026-08-21 10:21:34.570,safety/right_bumper,"FALSE"
2026-08-21 10:21:34.570,safety/suction_switch,"FALSE"
2026-08-21 10:21:34.574,odometry/filtered,"x:-1.440473, y:0.122800, yaw:-0.033002, cov_xx:0.001929, cov_yy:0.002038"
2026-08-21 10:21:34.589,rated_current_left,"0.000000"
2026-08-21 10:21:34.591,rated_current_right,"0.000000"
2026-08-21 10:21:34.594,odometry/filtered,"x:-1.440486, y:0.122800, yaw:-0.033010, cov_xx:0.001920, cov_yy:0.002029"
2026-08-21 10:21:34.618,battery/status,"100.000000%"
2026-08-21 10:21:34.619,safety/left_bumper,"FALSE"
2026-08-21 10:21:34.619,safety/right_bumper,"FALSE"
2026-08-21 10:21:34.619,safety/emergency_button,"FALSE"
2026-08-21 10:21:34.619,safety/suction_switch,"FALSE"
2026-08-21 10:21:34.621,rated_current_left,"0.000000"
2026-08-21 10:21:34.622,rated_current_right,"0.000000"
2026-08-21 10:21:34.627,particle_cloud,"count:800, spread:0.103993"
2026-08-21 10:21:34.635,odometry/filtered,"x:-1.440493, y:0.122800, yaw:-0.033018, cov_xx:0.001941, cov_yy:0.002052"
2026-08-21 10:21:34.653,rated_current_left,"0.000000"
2026-08-21 10:21:34.653,rated_current_right,"0.000000"
2026-08-21 10:21:34.668,safety/emergency_button,"FALSE"
2026-08-21 10:21:34.668,safety/left_bumper,"FALSE"
2026-08-21 10:21:34.668,safety/right_bumper,"FALSE"
2026-08-21 10:21:34.668,safety/suction_switch,"FALSE"
2026-08-21 10:21:34.674,odometry/filtered,"x:-1.440499, y:0.122801, yaw:-0.033025, cov_xx:0.001924, cov_yy:0.002033"
2026-08-21 10:21:34.693,rated_current_left,"0.000000"
2026-08-21 10:21:34.694,rated_current_right,"0.000000"
2026-08-21 10:21:34.714,odometry/filtered,"x:-1.440535, y:0.122802, yaw:-0.032928, cov_xx:0.002048, cov_yy:0.002169"
2026-08-21 10:21:34.718,safety/left_bumper,"FALSE"
2026-08-21 10:21:34.718,safety/right_bumper,"FALSE"
2026-08-21 10:21:34.718,safety/emergency_button,"FALSE"
2026-08-21 10:21:34.718,safety/suction_switch,"FALSE"
2026-08-21 10:21:34.719,battery/status,"100.000000%"
2026-08-21 10:21:34.723,rated_current_left,"0.000000"
2026-08-21 10:21:34.723,rated_current_right,"0.000000"
2026-08-21 10:21:34.734,odometry/filtered,"x:-1.440562, y:0.122803, yaw:-0.032913, cov_xx:0.001953, cov_yy:0.002063"
2026-08-21 10:21:34.749,rated_current_left,"0.000000"
2026-08-21 10:21:34.749,rated_current_right,"0.000000"
2026-08-21 10:21:34.754,odometry/filtered,"x:-1.440581, y:0.122803, yaw:-0.032899, cov_xx:0.001848, cov_yy:0.001948"
2026-08-21 10:21:34.768,safety/left_bumper,"FALSE"
2026-08-21 10:21:34.768,safety/right_bumper,"FALSE"
2026-08-21 10:21:34.768,safety/emergency_button,"FALSE"
2026-08-21 10:21:34.769,safety/suction_switch,"FALSE"
2026-08-21 10:21:34.781,rated_current_left,"0.000000"
2026-08-21 10:21:34.781,rated_current_right,"0.000000"
2026-08-21 10:21:34.795,odometry/filtered,"x:-1.440587, y:0.122804, yaw:-0.032886, cov_xx:0.001896, cov_yy:0.002002"
2026-08-21 10:21:34.803,robot_status,"ROBOT_STANDBY"
2026-08-21 10:21:34.813,rated_current_left,"0.000000"
2026-08-21 10:21:34.813,rated_current_right,"0.000000"
2026-08-21 10:21:34.821,safety/emergency_button,"FALSE"
2026-08-21 10:21:34.822,battery/status,"100.000000%"
2026-08-21 10:21:34.822,safety/left_bumper,"FALSE"
2026-08-21 10:21:34.822,safety/right_bumper,"FALSE"
2026-08-21 10:21:34.822,safety/suction_switch,"FALSE"
2026-08-21 10:21:34.823,odometry/filtered,"x:-1.440593, y:0.122804, yaw:-0.032873, cov_xx:0.001908, cov_yy:0.002015"
2026-08-21 10:21:34.827,particle_cloud,"count:800, spread:0.110544"
2026-08-21 10:21:34.845,rated_current_left,"0.000000"
2026-08-21 10:21:34.845,rated_current_right,"0.000000"
2026-08-21 10:21:34.854,odometry/filtered,"x:-1.440596, y:0.122804, yaw:-0.032861, cov_xx:0.001926, cov_yy:0.002036"
2026-08-21 10:21:34.868,safety/emergency_button,"FALSE"
2026-08-21 10:21:34.868,safety/left_bumper,"FALSE"
2026-08-21 10:21:34.868,safety/right_bumper,"FALSE"
2026-08-21 10:21:34.868,safety/suction_switch,"FALSE"
2026-08-21 10:21:34.885,rated_current_left,"0.000000"
2026-08-21 10:21:34.885,rated_current_right,"0.000000"
2026-08-21 10:21:34.895,odometry/filtered,"x:-1.440595, y:0.122804, yaw:-0.032850, cov_xx:0.001985, cov_yy:0.002101"
2026-08-21 10:21:34.908,rated_current_left,"0.000000"
2026-08-21 10:21:34.909,rated_current_right,"0.000000"
2026-08-21 10:21:34.914,odometry/filtered,"x:-1.440601, y:0.122804, yaw:-0.032840, cov_xx:0.001885, cov_yy:0.001990"
2026-08-21 10:21:34.917,safety/left_bumper,"FALSE"
2026-08-21 10:21:34.917,safety/right_bumper,"FALSE"
2026-08-21 10:21:34.918,safety/emergency_button,"FALSE"
2026-08-21 10:21:34.918,safety/suction_switch,"FALSE"
2026-08-21 10:21:34.918,battery/status,"100.000000%"
2026-08-21 10:21:34.940,rated_current_left,"0.000000"
2026-08-21 10:21:34.940,rated_current_right,"0.000000"
2026-08-21 10:21:34.954,odometry/filtered,"x:-1.440600, y:0.122804, yaw:-0.032830, cov_xx:0.001917, cov_yy:0.002025"
2026-08-21 10:21:34.967,safety/left_bumper,"FALSE"
2026-08-21 10:21:34.968,safety/right_bumper,"FALSE"
2026-08-21 10:21:34.968,safety/emergency_button,"FALSE"
2026-08-21 10:21:34.968,safety/suction_switch,"FALSE"
2026-08-21 10:21:34.971,rated_current_left,"0.000000"
2026-08-21 10:21:34.972,rated_current_right,"0.000000"
2026-08-21 10:21:34.974,odometry/filtered,"x:-1.440613, y:0.122804, yaw:-0.032760, cov_xx:0.001924, cov_yy:0.002033"
2026-08-21 10:21:35.005,rated_current_left,"0.000000"
2026-08-21 10:21:35.005,rated_current_right,"0.000000"
2026-08-21 10:21:35.015,odometry/filtered,"x:-1.440619, y:0.122805, yaw:-0.032741, cov_xx:0.001947, cov_yy:0.002059"
2026-08-21 10:21:35.018,battery/status,"100.000000%"
2026-08-21 10:21:35.018,safety/left_bumper,"FALSE"
2026-08-21 10:21:35.018,safety/right_bumper,"FALSE"
2026-08-21 10:21:35.018,safety/emergency_button,"FALSE"
2026-08-21 10:21:35.019,safety/suction_switch,"FALSE"
2026-08-21 10:21:35.029,particle_cloud,"count:800, spread:0.101561"
2026-08-21 10:21:35.036,rated_current_left,"0.000000"
2026-08-21 10:21:35.036,rated_current_right,"0.000000"
2026-08-21 10:21:35.054,odometry/filtered,"x:-1.440624, y:0.122805, yaw:-0.032723, cov_xx:0.001925, cov_yy:0.002034"
2026-08-21 10:21:35.068,safety/emergency_button,"FALSE"
2026-08-21 10:21:35.068,safety/left_bumper,"FALSE"
2026-08-21 10:21:35.068,safety/right_bumper,"FALSE"
2026-08-21 10:21:35.068,safety/suction_switch,"FALSE"
2026-08-21 10:21:35.068,rated_current_left,"0.000000"
2026-08-21 10:21:35.068,rated_current_right,"0.000000"
2026-08-21 10:21:35.075,odometry/filtered,"x:-1.440625, y:0.122805, yaw:-0.032706, cov_xx:0.001975, cov_yy:0.002090"
2026-08-21 10:21:35.100,rated_current_left,"0.000000"
2026-08-21 10:21:35.100,rated_current_right,"0.000000"
2026-08-21 10:21:35.115,odometry/filtered,"x:-1.440633, y:0.122805, yaw:-0.032674, cov_xx:0.001903, cov_yy:0.002009"
2026-08-21 10:21:35.123,battery/status,"100.000000%"
2026-08-21 10:21:35.123,safety/left_bumper,"FALSE"
2026-08-21 10:21:35.123,safety/right_bumper,"FALSE"
2026-08-21 10:21:35.123,safety/emergency_button,"FALSE"
2026-08-21 10:21:35.123,safety/suction_switch,"FALSE"
2026-08-21 10:21:35.134,rated_current_left,"0.000000"
2026-08-21 10:21:35.135,rated_current_right,"0.000000"
2026-08-21 10:21:35.155,odometry/filtered,"x:-1.440645, y:0.122806, yaw:-0.032664, cov_xx:0.001953, cov_yy:0.002065"
2026-08-21 10:21:35.164,rated_current_left,"0.000000"
2026-08-21 10:21:35.164,rated_current_right,"0.000000"
2026-08-21 10:21:35.167,safety/right_bumper,"FALSE"
2026-08-21 10:21:35.168,safety/emergency_button,"FALSE"
2026-08-21 10:21:35.168,safety/left_bumper,"FALSE"
2026-08-21 10:21:35.168,safety/suction_switch,"FALSE"
2026-08-21 10:21:35.175,odometry/filtered,"x:-1.440654, y:0.122806, yaw:-0.032650, cov_xx:0.001906, cov_yy:0.002013"
2026-08-21 10:21:35.196,rated_current_left,"0.000000"
2026-08-21 10:21:35.197,rated_current_right,"0.000000"
2026-08-21 10:21:35.216,odometry/filtered,"x:-1.440659, y:0.122806, yaw:-0.032636, cov_xx:0.001930, cov_yy:0.002040"
2026-08-21 10:21:35.218,battery/status,"100.000000%"
2026-08-21 10:21:35.218,safety/left_bumper,"FALSE"
2026-08-21 10:21:35.218,safety/right_bumper,"FALSE"
2026-08-21 10:21:35.218,safety/emergency_button,"FALSE"
2026-08-21 10:21:35.218,safety/suction_switch,"FALSE"
2026-08-21 10:21:35.227,particle_cloud,"count:800, spread:0.103612"
2026-08-21 10:21:35.229,rated_current_left,"0.000000"
2026-08-21 10:21:35.229,rated_current_right,"0.000000"
2026-08-21 10:21:35.234,odometry/filtered,"x:-1.440662, y:0.122806, yaw:-0.032623, cov_xx:0.001931, cov_yy:0.002041"
2026-08-21 10:21:35.262,rated_current_left,"0.000000"
2026-08-21 10:21:35.262,rated_current_right,"0.000000"
2026-08-21 10:21:35.267,safety/emergency_button,"FALSE"
2026-08-21 10:21:35.268,safety/left_bumper,"FALSE"
2026-08-21 10:21:35.269,safety/right_bumper,"FALSE"
2026-08-21 10:21:35.269,safety/suction_switch,"FALSE"
2026-08-21 10:21:35.276,odometry/filtered,"x:-1.440692, y:0.122807, yaw:-0.032535, cov_xx:0.001933, cov_yy:0.002043"
2026-08-21 10:21:35.293,rated_current_left,"0.000000"
2026-08-21 10:21:35.294,rated_current_right,"0.000000"
2026-08-21 10:21:35.306,robot_status,"ROBOT_STANDBY"
2026-08-21 10:21:35.315,odometry/filtered,"x:-1.440708, y:0.122808, yaw:-0.032511, cov_xx:0.001954, cov_yy:0.002066"
2026-08-21 10:21:35.318,safety/emergency_button,"FALSE"
2026-08-21 10:21:35.318,safety/left_bumper,"FALSE"
2026-08-21 10:21:35.318,safety/right_bumper,"FALSE"
2026-08-21 10:21:35.319,safety/suction_switch,"FALSE"
2026-08-21 10:21:35.320,battery/status,"100.000000%"
2026-08-21 10:21:35.330,rated_current_left,"0.000000"
2026-08-21 10:21:35.330,rated_current_right,"0.000000"
2026-08-21 10:21:35.335,odometry/filtered,"x:-1.440728, y:0.122808, yaw:-0.032501, cov_xx:0.001990, cov_yy:0.002105"
2026-08-21 10:21:35.356,rated_current_left,"0.000000"
2026-08-21 10:21:35.356,rated_current_right,"0.000000"
2026-08-21 10:21:35.367,safety/emergency_button,"FALSE"
2026-08-21 10:21:35.368,safety/left_bumper,"FALSE"
2026-08-21 10:21:35.368,safety/right_bumper,"FALSE"
2026-08-21 10:21:35.368,safety/suction_switch,"FALSE"
2026-08-21 10:21:35.374,odometry/filtered,"x:-1.440743, y:0.122809, yaw:-0.032484, cov_xx:0.001877, cov_yy:0.001981"
2026-08-21 10:21:35.403,rated_current_left,"0.000000"
2026-08-21 10:21:35.405,rated_current_right,"0.000000"
2026-08-21 10:21:35.416,odometry/filtered,"x:-1.440756, y:0.122809, yaw:-0.032463, cov_xx:0.002128, cov_yy:0.002257"
2026-08-21 10:21:35.419,battery/status,"100.000000%"
2026-08-21 10:21:35.419,safety/left_bumper,"FALSE"
2026-08-21 10:21:35.419,safety/right_bumper,"FALSE"
2026-08-21 10:21:35.420,safety/emergency_button,"FALSE"
2026-08-21 10:21:35.420,safety/suction_switch,"FALSE"
2026-08-21 10:21:35.428,particle_cloud,"count:800, spread:0.100367"
2026-08-21 10:21:35.435,rated_current_left,"0.000000"
2026-08-21 10:21:35.435,rated_current_right,"0.000000"
2026-08-21 10:21:35.455,odometry/filtered,"x:-1.440782, y:0.122810, yaw:-0.032455, cov_xx:0.002024, cov_yy:0.002140"
2026-08-21 10:21:35.468,safety/left_bumper,"FALSE"
2026-08-21 10:21:35.469,safety/right_bumper,"FALSE"
2026-08-21 10:21:35.469,safety/emergency_button,"FALSE"
2026-08-21 10:21:35.469,safety/suction_switch,"FALSE"
2026-08-21 10:21:35.469,rated_current_left,"0.000000"
2026-08-21 10:21:35.469,rated_current_right,"0.000000"
2026-08-21 10:21:35.475,odometry/filtered,"x:-1.440797, y:0.122811, yaw:-0.032442, cov_xx:0.001974, cov_yy:0.002084"
2026-08-21 10:21:35.500,rated_current_left,"0.000000"
2026-08-21 10:21:35.500,rated_current_right,"0.000000"
2026-08-21 10:21:35.515,odometry/filtered,"x:-1.440827, y:0.122812, yaw:-0.032384, cov_xx:0.001963, cov_yy:0.002073"
2026-08-21 10:21:35.525,battery/status,"100.000000%"
2026-08-21 10:21:35.527,safety/left_bumper,"FALSE"
2026-08-21 10:21:35.527,safety/right_bumper,"FALSE"
2026-08-21 10:21:35.527,safety/emergency_button,"FALSE"
2026-08-21 10:21:35.527,safety/suction_switch,"FALSE"
2026-08-21 10:21:35.535,odometry/filtered,"x:-1.440854, y:0.122812, yaw:-0.032333, cov_xx:0.001958, cov_yy:0.002068"
2026-08-21 10:21:35.535,rated_current_left,"0.000000"
2026-08-21 10:21:35.535,rated_current_right,"0.000000"
2026-08-21 10:21:35.563,rated_current_left,"0.000000"
2026-08-21 10:21:35.563,rated_current_right,"0.000000"
2026-08-21 10:21:35.567,safety/right_bumper,"FALSE"
2026-08-21 10:21:35.567,safety/emergency_button,"FALSE"
2026-08-21 10:21:35.568,safety/left_bumper,"FALSE"
2026-08-21 10:21:35.568,safety/suction_switch,"FALSE"
2026-08-21 10:21:35.579,odometry/filtered,"x:-1.440884, y:0.122813, yaw:-0.032294, cov_xx:0.001910, cov_yy:0.002016"
2026-08-21 10:21:35.596,rated_current_left,"0.000000"
2026-08-21 10:21:35.598,rated_current_right,"0.000000"
2026-08-21 10:21:35.616,odometry/filtered,"x:-1.440900, y:0.122814, yaw:-0.032270, cov_xx:0.001920, cov_yy:0.002028"
2026-08-21 10:21:35.619,battery/status,"100.000000%"
2026-08-21 10:21:35.620,safety/left_bumper,"FALSE"
2026-08-21 10:21:35.620,safety/right_bumper,"FALSE"
2026-08-21 10:21:35.620,safety/emergency_button,"FALSE"
2026-08-21 10:21:35.620,safety/suction_switch,"FALSE"
2026-08-21 10:21:35.627,particle_cloud,"count:800, spread:0.101959"
2026-08-21 10:21:35.627,rated_current_left,"0.000000"
2026-08-21 10:21:35.627,rated_current_right,"0.000000"
2026-08-21 10:21:35.635,odometry/filtered,"x:-1.440929, y:0.122815, yaw:-0.032217, cov_xx:0.001937, cov_yy:0.002047"
2026-08-21 10:21:35.660,rated_current_left,"0.000000"
2026-08-21 10:21:35.660,rated_current_right,"0.000000"
2026-08-21 10:21:35.669,safety/emergency_button,"FALSE"
2026-08-21 10:21:35.669,safety/left_bumper,"FALSE"
2026-08-21 10:21:35.669,safety/right_bumper,"FALSE"
2026-08-21 10:21:35.669,safety/suction_switch,"FALSE"
2026-08-21 10:21:35.675,odometry/filtered,"x:-1.440946, y:0.122815, yaw:-0.032191, cov_xx:0.001937, cov_yy:0.002046"
2026-08-21 10:21:35.692,rated_current_left,"0.000000"
2026-08-21 10:21:35.692,rated_current_right,"0.000000"
2026-08-21 10:21:35.695,odometry/filtered,"x:-1.440979, y:0.122817, yaw:-0.032119, cov_xx:0.001920, cov_yy:0.002028"
2026-08-21 10:21:35.718,battery/status,"100.000000%"
2026-08-21 10:21:35.719,safety/left_bumper,"FALSE"
2026-08-21 10:21:35.719,safety/right_bumper,"FALSE"
2026-08-21 10:21:35.719,safety/emergency_button,"FALSE"
2026-08-21 10:21:35.719,safety/suction_switch,"FALSE"
2026-08-21 10:21:35.728,rated_current_left,"0.000000"
2026-08-21 10:21:35.728,rated_current_right,"0.000000"
2026-08-21 10:21:35.735,odometry/filtered,"x:-1.440997, y:0.122817, yaw:-0.032088, cov_xx:0.001949, cov_yy:0.002060"
2026-08-21 10:21:35.754,rated_current_left,"0.000000"
2026-08-21 10:21:35.754,rated_current_right,"0.000000"
2026-08-21 10:21:35.768,safety/emergency_button,"FALSE"
2026-08-21 10:21:35.768,safety/left_bumper,"FALSE"
2026-08-21 10:21:35.768,safety/right_bumper,"FALSE"
2026-08-21 10:21:35.768,safety/suction_switch,"FALSE"
2026-08-21 10:21:35.775,odometry/filtered,"x:-1.441029, y:0.122818, yaw:-0.032020, cov_xx:0.001920, cov_yy:0.002028"
2026-08-21 10:21:35.787,rated_current_left,"0.000000"
2026-08-21 10:21:35.791,rated_current_right,"0.000000"
2026-08-21 10:21:35.797,odometry/filtered,"x:-1.441047, y:0.122819, yaw:-0.031986, cov_xx:0.001936, cov_yy:0.002046"
2026-08-21 10:21:35.800,robot_status,"ROBOT_STANDBY"
2026-08-21 10:21:35.817,safety/emergency_button,"FALSE"
2026-08-21 10:21:35.818,battery/status,"100.000000%"
2026-08-21 10:21:35.818,safety/left_bumper,"FALSE"
2026-08-21 10:21:35.819,safety/right_bumper,"FALSE"
2026-08-21 10:21:35.820,safety/suction_switch,"FALSE"
2026-08-21 10:21:35.820,rated_current_left,"0.000000"
2026-08-21 10:21:35.820,rated_current_right,"0.000000"
2026-08-21 10:21:35.827,particle_cloud,"count:800, spread:0.103907"
2026-08-21 10:21:35.837,odometry/filtered,"x:-1.441074, y:0.122820, yaw:-0.031940, cov_xx:0.001934, cov_yy:0.002043"
2026-08-21 10:21:35.851,rated_current_left,"0.000000"
2026-08-21 10:21:35.851,rated_current_right,"0.000000"
2026-08-21 10:21:35.854,odometry/filtered,"x:-1.441089, y:0.122820, yaw:-0.031909, cov_xx:0.001941, cov_yy:0.002051"
2026-08-21 10:21:35.867,safety/left_bumper,"FALSE"
2026-08-21 10:21:35.868,safety/right_bumper,"FALSE"
2026-08-21 10:21:35.868,safety/emergency_button,"FALSE"
2026-08-21 10:21:35.868,safety/suction_switch,"FALSE"
2026-08-21 10:21:35.885,rated_current_left,"0.000000"
2026-08-21 10:21:35.885,rated_current_right,"0.000000"
2026-08-21 10:21:35.895,odometry/filtered,"x:-1.441118, y:0.122821, yaw:-0.031801, cov_xx:0.001915, cov_yy:0.002023"
2026-08-21 10:21:35.914,rated_current_left,"0.000000"
2026-08-21 10:21:35.914,rated_current_right,"0.000000"
2026-08-21 10:21:35.918,safety/emergency_button,"FALSE"
2026-08-21 10:21:35.918,battery/status,"100.000000%"
2026-08-21 10:21:35.918,safety/left_bumper,"FALSE"
2026-08-21 10:21:35.918,safety/right_bumper,"FALSE"
2026-08-21 10:21:35.918,safety/suction_switch,"FALSE"
2026-08-21 10:21:35.935,odometry/filtered,"x:-1.441144, y:0.122822, yaw:-0.031753, cov_xx:0.001929, cov_yy:0.002038"
2026-08-21 10:21:35.948,rated_current_left,"0.000000"
2026-08-21 10:21:35.948,rated_current_right,"0.000000"
2026-08-21 10:21:35.958,odometry/filtered,"x:-1.441160, y:0.122822, yaw:-0.031713, cov_xx:0.001962, cov_yy:0.002075"
2026-08-21 10:21:35.968,safety/left_bumper,"FALSE"
2026-08-21 10:21:35.968,safety/right_bumper,"FALSE"
2026-08-21 10:21:35.968,safety/emergency_button,"FALSE"
2026-08-21 10:21:35.968,safety/suction_switch,"FALSE"
2026-08-21 10:21:35.979,rated_current_left,"0.000000"
2026-08-21 10:21:35.980,rated_current_right,"0.000000"
2026-08-21 10:21:35.996,odometry/filtered,"x:-1.441170, y:0.122823, yaw:-0.031678, cov_xx:0.001926, cov_yy:0.002035"
2026-08-21 10:21:36.012,rated_current_left,"0.000000"
2026-08-21 10:21:36.012,rated_current_right,"0.000000"
2026-08-21 10:21:36.014,odometry/filtered,"x:-1.441175, y:0.122823, yaw:-0.031644, cov_xx:0.001931, cov_yy:0.002041"
2026-08-21 10:21:36.018,safety/emergency_button,"FALSE"
2026-08-21 10:21:36.018,battery/status,"100.000000%"
2026-08-21 10:21:36.018,safety/left_bumper,"FALSE"
2026-08-21 10:21:36.018,safety/right_bumper,"FALSE"
2026-08-21 10:21:36.018,safety/suction_switch,"FALSE"
2026-08-21 10:21:36.027,particle_cloud,"count:800, spread:0.106792"
2026-08-21 10:21:36.042,rated_current_left,"0.000000"
2026-08-21 10:21:36.044,rated_current_right,"0.000000"
2026-08-21 10:21:36.055,odometry/filtered,"x:-1.441195, y:0.122823, yaw:-0.031544, cov_xx:0.001929, cov_yy:0.002038"
2026-08-21 10:21:36.068,safety/left_bumper,"FALSE"
2026-08-21 10:21:36.068,safety/right_bumper,"FALSE"
2026-08-21 10:21:36.068,safety/emergency_button,"FALSE"
2026-08-21 10:21:36.068,safety/suction_switch,"FALSE"
2026-08-21 10:21:36.075,rated_current_left,"0.000000"
2026-08-21 10:21:36.075,rated_current_right,"0.000000"
2026-08-21 10:21:36.096,odometry/filtered,"x:-1.441206, y:0.122824, yaw:-0.031503, cov_xx:0.001933, cov_yy:0.002043"
2026-08-21 10:21:36.107,rated_current_left,"0.000000"
2026-08-21 10:21:36.108,rated_current_right,"0.000000"
2026-08-21 10:21:36.117,odometry/filtered,"x:-1.441220, y:0.122824, yaw:-0.031473, cov_xx:0.001939, cov_yy:0.002050"
2026-08-21 10:21:36.118,safety/emergency_button,"FALSE"
2026-08-21 10:21:36.118,battery/status,"100.000000%"
2026-08-21 10:21:36.118,safety/left_bumper,"FALSE"
2026-08-21 10:21:36.118,safety/right_bumper,"FALSE"
2026-08-21 10:21:36.119,safety/suction_switch,"FALSE"
2026-08-21 10:21:36.138,rated_current_left,"0.000000"
2026-08-21 10:21:36.138,rated_current_right,"0.000000"
2026-08-21 10:21:36.155,odometry/filtered,"x:-1.441228, y:0.122825, yaw:-0.031441, cov_xx:0.001917, cov_yy:0.002025"
2026-08-21 10:21:36.167,safety/emergency_button,"FALSE"
2026-08-21 10:21:36.168,safety/left_bumper,"FALSE"
2026-08-21 10:21:36.168,safety/right_bumper,"FALSE"
2026-08-21 10:21:36.168,safety/suction_switch,"FALSE"
2026-08-21 10:21:36.171,rated_current_left,"0.000000"
2026-08-21 10:21:36.171,rated_current_right,"0.000000"
2026-08-21 10:21:36.175,odometry/filtered,"x:-1.441232, y:0.122825, yaw:-0.031409, cov_xx:0.001942, cov_yy:0.002053"
2026-08-21 10:21:36.201,rated_current_left,"0.000000"
2026-08-21 10:21:36.202,rated_current_right,"0.000000"
2026-08-21 10:21:36.215,odometry/filtered,"x:-1.441235, y:0.122825, yaw:-0.031381, cov_xx:0.001914, cov_yy:0.002022"
2026-08-21 10:21:36.218,battery/status,"100.000000%"
2026-08-21 10:21:36.218,safety/left_bumper,"FALSE"
2026-08-21 10:21:36.218,safety/right_bumper,"FALSE"
2026-08-21 10:21:36.218,safety/emergency_button,"FALSE"
2026-08-21 10:21:36.218,safety/suction_switch,"FALSE"
2026-08-21 10:21:36.228,particle_cloud,"count:800, spread:0.101124"
2026-08-21 10:21:36.241,rated_current_left,"0.000000"
2026-08-21 10:21:36.241,rated_current_right,"0.000000"
2026-08-21 10:21:36.255,odometry/filtered,"x:-1.441234, y:0.122825, yaw:-0.031351, cov_xx:0.002037, cov_yy:0.002157"
2026-08-21 10:21:36.268,safety/left_bumper,"FALSE"
2026-08-21 10:21:36.269,safety/right_bumper,"FALSE"
2026-08-21 10:21:36.269,safety/emergency_button,"FALSE"
2026-08-21 10:21:36.269,safety/suction_switch,"FALSE"
2026-08-21 10:21:36.270,rated_current_left,"0.000000"
2026-08-21 10:21:36.270,rated_current_right,"0.000000"
2026-08-21 10:21:36.275,odometry/filtered,"x:-1.441258, y:0.122826, yaw:-0.031284, cov_xx:0.001880, cov_yy:0.001983"
2026-08-21 10:21:36.297,rated_current_left,"0.000000"
2026-08-21 10:21:36.303,robot_status,"ROBOT_STANDBY"
2026-08-21 10:21:36.303,rated_current_right,"0.000000"
2026-08-21 10:21:36.314,odometry/filtered,"x:-1.441269, y:0.122826, yaw:-0.031256, cov_xx:0.001896, cov_yy:0.002001"
2026-08-21 10:21:36.317,safety/right_bumper,"FALSE"
2026-08-21 10:21:36.317,safety/emergency_button,"FALSE"
2026-08-21 10:21:36.318,battery/status,"100.000000%"
2026-08-21 10:21:36.318,safety/left_bumper,"FALSE"
2026-08-21 10:21:36.318,safety/suction_switch,"FALSE"
2026-08-21 10:21:36.330,rated_current_left,"0.000000"
2026-08-21 10:21:36.331,rated_current_right,"0.000000"
2026-08-21 10:21:36.334,odometry/filtered,"x:-1.441284, y:0.122826, yaw:-0.031213, cov_xx:0.001925, cov_yy:0.002034"
2026-08-21 10:21:36.362,rated_current_left,"0.000000"
2026-08-21 10:21:36.362,rated_current_right,"0.000000"
2026-08-21 10:21:36.367,safety/emergency_button,"FALSE"
2026-08-21 10:21:36.367,safety/left_bumper,"FALSE"
2026-08-21 10:21:36.368,safety/right_bumper,"FALSE"
2026-08-21 10:21:36.368,safety/suction_switch,"FALSE"
2026-08-21 10:21:36.379,odometry/filtered,"x:-1.441297, y:0.122827, yaw:-0.031155, cov_xx:0.001925, cov_yy:0.002034"
2026-08-21 10:21:36.395,rated_current_left,"0.000000"
2026-08-21 10:21:36.395,rated_current_right,"0.000000"
2026-08-21 10:21:36.414,odometry/filtered,"x:-1.441313, y:0.122827, yaw:-0.031124, cov_xx:0.001952, cov_yy:0.002064"
2026-08-21 10:21:36.417,battery/status,"100.000000%"
2026-08-21 10:21:36.417,safety/left_bumper,"FALSE"
2026-08-21 10:21:36.418,safety/right_bumper,"FALSE"
2026-08-21 10:21:36.418,safety/emergency_button,"FALSE"
2026-08-21 10:21:36.418,safety/suction_switch,"FALSE"
2026-08-21 10:21:36.425,rated_current_left,"0.000000"
2026-08-21 10:21:36.427,particle_cloud,"count:800, spread:0.099786"
2026-08-21 10:21:36.427,rated_current_right,"0.000000"
2026-08-21 10:21:36.434,odometry/filtered,"x:-1.441323, y:0.122828, yaw:-0.031096, cov_xx:0.001911, cov_yy:0.002018"
2026-08-21 10:21:36.458,rated_current_left,"0.000000"
2026-08-21 10:21:36.458,rated_current_right,"0.000000"
2026-08-21 10:21:36.467,safety/left_bumper,"FALSE"
2026-08-21 10:21:36.467,safety/right_bumper,"FALSE"
2026-08-21 10:21:36.467,safety/emergency_button,"FALSE"
2026-08-21 10:21:36.467,safety/suction_switch,"FALSE"
2026-08-21 10:21:36.476,odometry/filtered,"x:-1.441328, y:0.122828, yaw:-0.031070, cov_xx:0.001934, cov_yy:0.002044"
2026-08-21 10:21:36.496,rated_current_left,"0.000000"
2026-08-21 10:21:36.497,rated_current_right,"0.000000"
2026-08-21 10:21:36.515,odometry/filtered,"x:-1.441329, y:0.122828, yaw:-0.031042, cov_xx:0.002039, cov_yy:0.002159"
2026-08-21 10:21:36.517,safety/left_bumper,"FALSE"
2026-08-21 10:21:36.518,safety/right_bumper,"FALSE"
2026-08-21 10:21:36.518,safety/emergency_button,"FALSE"
2026-08-21 10:21:36.518,safety/suction_switch,"FALSE"
2026-08-21 10:21:36.518,battery/status,"100.000000%"
2026-08-21 10:21:36.522,rated_current_left,"0.000000"
2026-08-21 10:21:36.524,rated_current_right,"0.000000"
2026-08-21 10:21:36.534,odometry/filtered,"x:-1.441335, y:0.122828, yaw:-0.031024, cov_xx:0.001878, cov_yy:0.001981"
2026-08-21 10:21:36.552,rated_current_left,"0.000000"
2026-08-21 10:21:36.554,rated_current_right,"0.000000"
2026-08-21 10:21:36.554,odometry/filtered,"x:-1.441335, y:0.122828, yaw:-0.031004, cov_xx:0.001880, cov_yy:0.001984"
2026-08-21 10:21:36.567,safety/emergency_button,"FALSE"
2026-08-21 10:21:36.567,safety/left_bumper,"FALSE"
2026-08-21 10:21:36.567,safety/right_bumper,"FALSE"
2026-08-21 10:21:36.567,safety/suction_switch,"FALSE"
2026-08-21 10:21:36.587,rated_current_left,"0.000000"
2026-08-21 10:21:36.587,rated_current_right,"0.000000"
2026-08-21 10:21:36.594,odometry/filtered,"x:-1.441333, y:0.122828, yaw:-0.030984, cov_xx:0.001955, cov_yy:0.002067"
2026-08-21 10:21:36.597,system_resources,"cpu:61.3%, mem:33.7%, mem_used_mb:2566, mem_total_mb:7619"
2026-08-21 10:21:36.617,rated_current_left,"0.000000"
2026-08-21 10:21:36.618,rated_current_right,"0.000000"
2026-08-21 10:21:36.619,safety/left_bumper,"FALSE"
2026-08-21 10:21:36.620,safety/right_bumper,"FALSE"
2026-08-21 10:21:36.620,safety/emergency_button,"FALSE"
2026-08-21 10:21:36.620,safety/suction_switch,"FALSE"
2026-08-21 10:21:36.621,battery/status,"100.000000%"
2026-08-21 10:21:36.627,particle_cloud,"count:800, spread:0.107017"
2026-08-21 10:21:36.634,odometry/filtered,"x:-1.441334, y:0.122828, yaw:-0.030968, cov_xx:0.001905, cov_yy:0.002012"
2026-08-21 10:21:36.648,rated_current_left,"0.000000"
2026-08-21 10:21:36.648,rated_current_right,"0.000000"
2026-08-21 10:21:36.654,odometry/filtered,"x:-1.441362, y:0.122829, yaw:-0.030876, cov_xx:0.001914, cov_yy:0.002023"
2026-08-21 10:21:36.668,safety/left_bumper,"FALSE"
2026-08-21 10:21:36.668,safety/right_bumper,"FALSE"
2026-08-21 10:21:36.668,safety/emergency_button,"FALSE"
2026-08-21 10:21:36.668,safety/suction_switch,"FALSE"
2026-08-21 10:21:36.682,rated_current_left,"0.000000"
2026-08-21 10:21:36.682,rated_current_right,"0.000000"
2026-08-21 10:21:36.695,odometry/filtered,"x:-1.441377, y:0.122829, yaw:-0.030847, cov_xx:0.001944, cov_yy:0.002056"
2026-08-21 10:21:36.712,rated_current_left,"0.000000"
2026-08-21 10:21:36.713,rated_current_right,"0.000000"
2026-08-21 10:21:36.714,odometry/filtered,"x:-1.441395, y:0.122830, yaw:-0.030799, cov_xx:0.001920, cov_yy:0.002029"
2026-08-21 10:21:36.721,battery/status,"100.000000%"
2026-08-21 10:21:36.722,safety/left_bumper,"FALSE"
2026-08-21 10:21:36.722,safety/right_bumper,"FALSE"
2026-08-21 10:21:36.722,safety/emergency_button,"FALSE"
2026-08-21 10:21:36.722,safety/suction_switch,"FALSE"
2026-08-21 10:21:36.747,rated_current_left,"0.000000"
2026-08-21 10:21:36.748,rated_current_right,"0.000000"
2026-08-21 10:21:36.755,odometry/filtered,"x:-1.441407, y:0.122830, yaw:-0.030741, cov_xx:0.001952, cov_yy:0.002065"
2026-08-21 10:21:36.767,safety/left_bumper,"FALSE"
2026-08-21 10:21:36.767,safety/right_bumper,"FALSE"
2026-08-21 10:21:36.767,safety/emergency_button,"FALSE"
2026-08-21 10:21:36.767,safety/suction_switch,"FALSE"
2026-08-21 10:21:36.779,rated_current_left,"0.000000"
2026-08-21 10:21:36.779,rated_current_right,"0.000000"
2026-08-21 10:21:36.795,odometry/filtered,"x:-1.441416, y:0.122831, yaw:-0.030710, cov_xx:0.001937, cov_yy:0.002047"
2026-08-21 10:21:36.803,robot_status,"ROBOT_STANDBY"
2026-08-21 10:21:36.811,rated_current_left,"0.000000"
2026-08-21 10:21:36.811,rated_current_right,"0.000000"
2026-08-21 10:21:36.814,odometry/filtered,"x:-1.441421, y:0.122831, yaw:-0.030682, cov_xx:0.001922, cov_yy:0.002031"
2026-08-21 10:21:36.822,battery/status,"100.000000%"
2026-08-21 10:21:36.822,safety/left_bumper,"FALSE"
2026-08-21 10:21:36.822,safety/right_bumper,"FALSE"
2026-08-21 10:21:36.823,safety/emergency_button,"FALSE"
2026-08-21 10:21:36.823,safety/suction_switch,"FALSE"
2026-08-21 10:21:36.827,particle_cloud,"count:800, spread:0.104047"
2026-08-21 10:21:36.842,rated_current_left,"0.000000"
2026-08-21 10:21:36.842,rated_current_right,"0.000000"
2026-08-21 10:21:36.859,odometry/filtered,"x:-1.441436, y:0.122831, yaw:-0.030625, cov_xx:0.001927, cov_yy:0.002036"
2026-08-21 10:21:36.867,safety/emergency_button,"FALSE"
2026-08-21 10:21:36.867,safety/left_bumper,"FALSE"
2026-08-21 10:21:36.867,safety/right_bumper,"FALSE"
2026-08-21 10:21:36.867,safety/suction_switch,"FALSE"
2026-08-21 10:21:36.876,rated_current_left,"0.000000"
2026-08-21 10:21:36.876,rated_current_right,"0.000000"
2026-08-21 10:21:36.894,odometry/filtered,"x:-1.441449, y:0.122832, yaw:-0.030543, cov_xx:0.001947, cov_yy:0.002059"
2026-08-21 10:21:36.910,rated_current_left,"0.000000"
2026-08-21 10:21:36.910,rated_current_right,"0.000000"
2026-08-21 10:21:36.914,odometry/filtered,"x:-1.441457, y:0.122832, yaw:-0.030506, cov_xx:0.001928, cov_yy:0.002037"
2026-08-21 10:21:36.917,safety/emergency_button,"FALSE"
2026-08-21 10:21:36.918,battery/status,"100.000000%"
2026-08-21 10:21:36.918,safety/left_bumper,"FALSE"
2026-08-21 10:21:36.918,safety/right_bumper,"FALSE"
2026-08-21 10:21:36.918,safety/suction_switch,"FALSE"
2026-08-21 10:21:36.937,rated_current_left,"0.000000"
2026-08-21 10:21:36.937,rated_current_right,"0.000000"
2026-08-21 10:21:36.955,odometry/filtered,"x:-1.441461, y:0.122832, yaw:-0.030472, cov_xx:0.001936, cov_yy:0.002046"
2026-08-21 10:21:36.967,safety/right_bumper,"FALSE"
2026-08-21 10:21:36.967,safety/emergency_button,"FALSE"
2026-08-21 10:21:36.967,safety/left_bumper,"FALSE"
2026-08-21 10:21:36.967,safety/suction_switch,"FALSE"
2026-08-21 10:21:36.970,rated_current_left,"0.000000"
2026-08-21 10:21:36.970,rated_current_right,"0.000000"
2026-08-21 10:21:36.974,odometry/filtered,"x:-1.441464, y:0.122832, yaw:-0.030440, cov_xx:0.001947, cov_yy:0.002058"
2026-08-21 10:21:37.000,rated_current_left,"0.000000"
2026-08-21 10:21:37.001,rated_current_right,"0.000000"
2026-08-21 10:21:37.016,odometry/filtered,"x:-1.441466, y:0.122832, yaw:-0.030412, cov_xx:0.001909, cov_yy:0.002016"
2026-08-21 10:21:37.017,safety/emergency_button,"FALSE"
2026-08-21 10:21:37.018,battery/status,"100.000000%"
2026-08-21 10:21:37.018,safety/left_bumper,"FALSE"
2026-08-21 10:21:37.018,safety/right_bumper,"FALSE"
2026-08-21 10:21:37.018,safety/suction_switch,"FALSE"
2026-08-21 10:21:37.026,particle_cloud,"count:800, spread:0.103412"
2026-08-21 10:21:37.032,rated_current_left,"0.000000"
2026-08-21 10:21:37.032,rated_current_right,"0.000000"
2026-08-21 10:21:37.034,odometry/filtered,"x:-1.441466, y:0.122832, yaw:-0.030385, cov_xx:0.001924, cov_yy:0.002033"
2026-08-21 10:21:37.064,rated_current_left,"0.000000"
2026-08-21 10:21:37.065,rated_current_right,"0.000000"
2026-08-21 10:21:37.069,safety/left_bumper,"FALSE"
2026-08-21 10:21:37.070,safety/right_bumper,"FALSE"
2026-08-21 10:21:37.070,safety/emergency_button,"FALSE"
2026-08-21 10:21:37.070,safety/suction_switch,"FALSE"
2026-08-21 10:21:37.075,odometry/filtered,"x:-1.441466, y:0.122832, yaw:-0.030361, cov_xx:0.001929, cov_yy:0.002038"
2026-08-21 10:21:37.096,rated_current_left,"0.000000"
2026-08-21 10:21:37.096,rated_current_right,"0.000000"
2026-08-21 10:21:37.114,odometry/filtered,"x:-1.441466, y:0.122832, yaw:-0.030338, cov_xx:0.001929, cov_yy:0.002038"
2026-08-21 10:21:37.119,battery/status,"100.000000%"
2026-08-21 10:21:37.120,safety/left_bumper,"FALSE"
2026-08-21 10:21:37.120,safety/right_bumper,"FALSE"
2026-08-21 10:21:37.120,safety/emergency_button,"FALSE"
2026-08-21 10:21:37.120,safety/suction_switch,"FALSE"
2026-08-21 10:21:37.128,rated_current_left,"0.000000"
2026-08-21 10:21:37.128,rated_current_right,"0.000000"
2026-08-21 10:21:37.134,odometry/filtered,"x:-1.441466, y:0.122832, yaw:-0.030317, cov_xx:0.001926, cov_yy:0.002035"
2026-08-21 10:21:37.160,rated_current_left,"0.000000"
2026-08-21 10:21:37.160,rated_current_right,"0.000000"
2026-08-21 10:21:37.167,safety/emergency_button,"FALSE"
2026-08-21 10:21:37.167,safety/left_bumper,"FALSE"
2026-08-21 10:21:37.167,safety/right_bumper,"FALSE"
2026-08-21 10:21:37.167,safety/suction_switch,"FALSE"
2026-08-21 10:21:37.175,odometry/filtered,"x:-1.441465, y:0.122832, yaw:-0.030298, cov_xx:0.001937, cov_yy:0.002048"
2026-08-21 10:21:37.192,rated_current_left,"0.000000"
2026-08-21 10:21:37.192,rated_current_right,"0.000000"
2026-08-21 10:21:37.195,odometry/filtered,"x:-1.441465, y:0.122832, yaw:-0.030281, cov_xx:0.001927, cov_yy:0.002036"
2026-08-21 10:21:37.217,safety/right_bumper,"FALSE"
2026-08-21 10:21:37.218,safety/emergency_button,"FALSE"
2026-08-21 10:21:37.218,battery/status,"100.000000%"
2026-08-21 10:21:37.218,safety/left_bumper,"FALSE"
2026-08-21 10:21:37.218,safety/suction_switch,"FALSE"
2026-08-21 10:21:37.225,rated_current_left,"0.000000"
2026-08-21 10:21:37.225,rated_current_right,"0.000000"
2026-08-21 10:21:37.227,particle_cloud,"count:800, spread:0.105624"
2026-08-21 10:21:37.235,odometry/filtered,"x:-1.441464, y:0.122832, yaw:-0.030264, cov_xx:0.001948, cov_yy:0.002059"
2026-08-21 10:21:37.256,rated_current_left,"0.000000"
2026-08-21 10:21:37.256,rated_current_right,"0.000000"
2026-08-21 10:21:37.267,safety/left_bumper,"FALSE"
2026-08-21 10:21:37.267,safety/right_bumper,"FALSE"
2026-08-21 10:21:37.267,safety/emergency_button,"FALSE"
2026-08-21 10:21:37.267,safety/suction_switch,"FALSE"
2026-08-21 10:21:37.274,odometry/filtered,"x:-1.441465, y:0.122832, yaw:-0.030250, cov_xx:0.001923, cov_yy:0.002032"
2026-08-21 10:21:37.292,rated_current_left,"0.000000"
2026-08-21 10:21:37.292,rated_current_right,"0.000000"
2026-08-21 10:21:37.296,odometry/filtered,"x:-1.441464, y:0.122832, yaw:-0.030236, cov_xx:0.001936, cov_yy:0.002046"
2026-08-21 10:21:37.300,robot_status,"ROBOT_STANDBY"
2026-08-21 10:21:37.318,battery/status,"100.000000%"
2026-08-21 10:21:37.318,safety/left_bumper,"FALSE"
2026-08-21 10:21:37.318,safety/right_bumper,"FALSE"
2026-08-21 10:21:37.318,safety/emergency_button,"FALSE"
2026-08-21 10:21:37.318,safety/suction_switch,"FALSE"
2026-08-21 10:21:37.322,rated_current_left,"0.000000"
2026-08-21 10:21:37.323,rated_current_right,"0.000000"
2026-08-21 10:21:37.335,odometry/filtered,"x:-1.441463, y:0.122832, yaw:-0.030223, cov_xx:0.001971, cov_yy:0.002085"
2026-08-21 10:21:37.351,rated_current_left,"0.000000"
2026-08-21 10:21:37.351,rated_current_right,"0.000000"
2026-08-21 10:21:37.354,odometry/filtered,"x:-1.441626, y:0.122837, yaw:-0.029417, cov_xx:0.001902, cov_yy:0.002008"
2026-08-21 10:21:37.367,safety/emergency_button,"FALSE"
2026-08-21 10:21:37.367,safety/left_bumper,"FALSE"
2026-08-21 10:21:37.367,safety/right_bumper,"FALSE"
2026-08-21 10:21:37.367,safety/suction_switch,"FALSE"
2026-08-21 10:21:37.387,rated_current_left,"0.000000"
2026-08-21 10:21:37.387,rated_current_right,"0.000000"
2026-08-21 10:21:37.395,odometry/filtered,"x:-1.441772, y:0.122841, yaw:-0.029170, cov_xx:0.001937, cov_yy:0.002048"
2026-08-21 10:21:37.415,rated_current_left,"0.000000"
2026-08-21 10:21:37.415,rated_current_right,"0.000000"
2026-08-21 10:21:37.417,safety/right_bumper,"FALSE"
2026-08-21 10:21:37.417,safety/emergency_button,"FALSE"
2026-08-21 10:21:37.417,safety/left_bumper,"FALSE"
2026-08-21 10:21:37.417,safety/suction_switch,"FALSE"
2026-08-21 10:21:37.417,battery/status,"100.000000%"
2026-08-21 10:21:37.429,particle_cloud,"count:800, spread:0.102340"
2026-08-21 10:21:37.434,odometry/filtered,"x:-1.441921, y:0.122845, yaw:-0.028810, cov_xx:0.001913, cov_yy:0.002021"
2026-08-21 10:21:37.447,rated_current_left,"0.000000"
2026-08-21 10:21:37.447,rated_current_right,"0.000000"
2026-08-21 10:21:37.454,odometry/filtered,"x:-1.442051, y:0.122849, yaw:-0.028505, cov_xx:0.001926, cov_yy:0.002036"
2026-08-21 10:21:37.467,safety/left_bumper,"FALSE"
2026-08-21 10:21:37.467,safety/right_bumper,"FALSE"
2026-08-21 10:21:37.467,safety/emergency_button,"FALSE"
2026-08-21 10:21:37.467,safety/suction_switch,"FALSE"
2026-08-21 10:21:37.479,rated_current_left,"0.000000"
2026-08-21 10:21:37.479,rated_current_right,"0.000000"
2026-08-21 10:21:37.495,odometry/filtered,"x:-1.442131, y:0.122851, yaw:-0.028319, cov_xx:0.001931, cov_yy:0.002041"
2026-08-21 10:21:37.511,rated_current_left,"0.000000"
2026-08-21 10:21:37.512,rated_current_right,"0.000000"
2026-08-21 10:21:37.517,odometry/filtered,"x:-1.442180, y:0.122852, yaw:-0.028146, cov_xx:0.001936, cov_yy:0.002046"
2026-08-21 10:21:37.517,safety/emergency_button,"FALSE"
2026-08-21 10:21:37.519,safety/right_bumper,"FALSE"
2026-08-21 10:21:37.519,safety/left_bumper,"FALSE"
2026-08-21 10:21:37.519,battery/status,"100.000000%"
2026-08-21 10:21:37.520,safety/suction_switch,"FALSE"
2026-08-21 10:21:37.543,rated_current_left,"0.000000"
2026-08-21 10:21:37.545,rated_current_right,"0.000000"
2026-08-21 10:21:37.555,odometry/filtered,"x:-1.442137, y:0.122851, yaw:-0.028287, cov_xx:0.001917, cov_yy:0.002026"
2026-08-21 10:21:37.567,safety/emergency_button,"FALSE"
2026-08-21 10:21:37.567,safety/left_bumper,"FALSE"
2026-08-21 10:21:37.567,safety/right_bumper,"FALSE"
2026-08-21 10:21:37.567,safety/suction_switch,"FALSE"
2026-08-21 10:21:37.577,rated_current_left,"0.000000"
2026-08-21 10:21:37.577,rated_current_right,"0.000000"
2026-08-21 10:21:37.596,odometry/filtered,"x:-1.442113, y:0.122851, yaw:-0.028186, cov_xx:0.001952, cov_yy:0.002064"
2026-08-21 10:21:37.608,rated_current_left,"0.000000"
2026-08-21 10:21:37.608,rated_current_right,"0.000000"
2026-08-21 10:21:37.614,odometry/filtered,"x:-1.442071, y:0.122849, yaw:-0.028218, cov_xx:0.001941, cov_yy:0.002052"
2026-08-21 10:21:37.617,safety/emergency_button,"FALSE"
2026-08-21 10:21:37.622,safety/right_bumper,"FALSE"
2026-08-21 10:21:37.622,battery/status,"100.000000%"
2026-08-21 10:21:37.622,safety/left_bumper,"FALSE"
2026-08-21 10:21:37.622,safety/suction_switch,"FALSE"
2026-08-21 10:21:37.628,particle_cloud,"count:800, spread:0.106591"
2026-08-21 10:21:37.639,rated_current_left,"0.000000"
2026-08-21 10:21:37.640,rated_current_right,"0.000000"
2026-08-21 10:21:37.655,odometry/filtered,"x:-1.442044, y:0.122849, yaw:-0.028158, cov_xx:0.001921, cov_yy:0.002029"
2026-08-21 10:21:37.667,safety/left_bumper,"FALSE"
2026-08-21 10:21:37.667,safety/right_bumper,"FALSE"
2026-08-21 10:21:37.667,safety/emergency_button,"FALSE"
2026-08-21 10:21:37.667,safety/suction_switch,"FALSE"
2026-08-21 10:21:37.673,rated_current_left,"0.000000"
2026-08-21 10:21:37.673,rated_current_right,"0.000000"
2026-08-21 10:21:37.674,odometry/filtered,"x:-1.442101, y:0.122850, yaw:-0.027795, cov_xx:0.001926, cov_yy:0.002035"
2026-08-21 10:21:37.704,rated_current_left,"0.000000"
2026-08-21 10:21:37.707,rated_current_right,"0.000000"
2026-08-21 10:21:37.715,odometry/filtered,"x:-1.442168, y:0.122852, yaw:-0.027634, cov_xx:0.001959, cov_yy:0.002072"
2026-08-21 10:21:37.717,safety/emergency_button,"FALSE"
2026-08-21 10:21:37.717,safety/right_bumper,"FALSE"
2026-08-21 10:21:37.717,battery/status,"100.000000%"
2026-08-21 10:21:37.718,safety/left_bumper,"FALSE"
2026-08-21 10:21:37.718,safety/suction_switch,"FALSE"
2026-08-21 10:21:37.735,rated_current_left,"0.000000"
2026-08-21 10:21:37.735,rated_current_right,"0.000000"
2026-08-21 10:21:37.754,odometry/filtered,"x:-1.442256, y:0.122854, yaw:-0.027466, cov_xx:0.001905, cov_yy:0.002012"
2026-08-21 10:21:37.767,safety/left_bumper,"FALSE"
2026-08-21 10:21:37.767,safety/right_bumper,"FALSE"
2026-08-21 10:21:37.767,safety/emergency_button,"FALSE"
2026-08-21 10:21:37.767,safety/suction_switch,"FALSE"
2026-08-21 10:21:37.768,rated_current_left,"0.000000"
2026-08-21 10:21:37.769,rated_current_right,"0.000000"
2026-08-21 10:21:37.774,odometry/filtered,"x:-1.442308, y:0.122856, yaw:-0.027353, cov_xx:0.001941, cov_yy:0.002052"
2026-08-21 10:21:37.799,robot_status,"ROBOT_STANDBY"
2026-08-21 10:21:37.802,rated_current_left,"0.000000"
2026-08-21 10:21:37.802,rated_current_right,"0.000000"
2026-08-21 10:21:37.815,odometry/filtered,"x:-1.442267, y:0.122855, yaw:-0.027179, cov_xx:0.002003, cov_yy:0.002120"
2026-08-21 10:21:37.819,battery/status,"100.000000%"
2026-08-21 10:21:37.819,safety/left_bumper,"FALSE"
2026-08-21 10:21:37.819,safety/right_bumper,"FALSE"
2026-08-21 10:21:37.819,safety/emergency_button,"FALSE"
2026-08-21 10:21:37.819,safety/suction_switch,"FALSE"
2026-08-21 10:21:37.827,particle_cloud,"count:800, spread:0.103839"
2026-08-21 10:21:37.830,rated_current_left,"0.000000"
2026-08-21 10:21:37.830,rated_current_right,"0.000000"
2026-08-21 10:21:37.834,odometry/filtered,"x:-1.442132, y:0.122851, yaw:-0.027311, cov_xx:0.001871, cov_yy:0.001973"
2026-08-21 10:21:37.862,rated_current_left,"0.000000"
2026-08-21 10:21:37.863,rated_current_right,"0.000000"
2026-08-21 10:21:37.870,safety/left_bumper,"FALSE"
2026-08-21 10:21:37.871,safety/right_bumper,"FALSE"
2026-08-21 10:21:37.871,safety/emergency_button,"FALSE"
2026-08-21 10:21:37.871,safety/suction_switch,"FALSE"
2026-08-21 10:21:37.875,odometry/filtered,"x:-1.441986, y:0.122847, yaw:-0.027523, cov_xx:0.001915, cov_yy:0.002023"
2026-08-21 10:21:37.896,rated_current_left,"0.000000"
2026-08-21 10:21:37.897,rated_current_right,"0.000000"
2026-08-21 10:21:37.914,odometry/filtered,"x:-1.441898, y:0.122845, yaw:-0.027587, cov_xx:0.001947, cov_yy:0.002059"
2026-08-21 10:21:37.917,safety/emergency_button,"FALSE"
2026-08-21 10:21:37.917,battery/status,"100.000000%"
2026-08-21 10:21:37.918,safety/left_bumper,"FALSE"
2026-08-21 10:21:37.918,safety/right_bumper,"FALSE"
2026-08-21 10:21:37.918,safety/suction_switch,"FALSE"
2026-08-21 10:21:37.926,rated_current_left,"0.000000"
2026-08-21 10:21:37.927,rated_current_right,"0.000000"
2026-08-21 10:21:37.934,odometry/filtered,"x:-1.441922, y:0.122846, yaw:-0.027577, cov_xx:0.001910, cov_yy:0.002017"
2026-08-21 10:21:37.959,rated_current_left,"0.000000"
2026-08-21 10:21:37.959,rated_current_right,"0.000000"
2026-08-21 10:21:37.967,safety/right_bumper,"FALSE"
2026-08-21 10:21:37.967,safety/emergency_button,"FALSE"
2026-08-21 10:21:37.967,safety/left_bumper,"FALSE"
2026-08-21 10:21:37.967,safety/suction_switch,"FALSE"
2026-08-21 10:21:37.975,odometry/filtered,"x:-1.442054, y:0.122849, yaw:-0.027289, cov_xx:0.001940, cov_yy:0.002051"
2026-08-21 10:21:37.992,rated_current_left,"0.000000"
2026-08-21 10:21:37.992,rated_current_right,"0.000000"
2026-08-21 10:21:37.995,odometry/filtered,"x:-1.442277, y:0.122855, yaw:-0.026776, cov_xx:0.001941, cov_yy:0.002051"
2026-08-21 10:21:38.018,battery/status,"100.000000%"
2026-08-21 10:21:38.018,safety/left_bumper,"FALSE"
2026-08-21 10:21:38.018,safety/right_bumper,"FALSE"
2026-08-21 10:21:38.018,safety/emergency_button,"FALSE"
2026-08-21 10:21:38.018,safety/suction_switch,"FALSE"
2026-08-21 10:21:38.023,rated_current_left,"0.000000"
2026-08-21 10:21:38.023,rated_current_right,"0.000000"
2026-08-21 10:21:38.026,particle_cloud,"count:800, spread:0.106261"
2026-08-21 10:21:38.035,odometry/filtered,"x:-1.442535, y:0.122862, yaw:-0.026572, cov_xx:0.001931, cov_yy:0.002041"
2026-08-21 10:21:38.055,rated_current_left,"0.000000"
2026-08-21 10:21:38.055,rated_current_right,"0.000000"
2026-08-21 10:21:38.067,safety/left_bumper,"FALSE"
2026-08-21 10:21:38.067,safety/right_bumper,"FALSE"
2026-08-21 10:21:38.067,safety/emergency_button,"FALSE"
2026-08-21 10:21:38.068,safety/suction_switch,"FALSE"
2026-08-21 10:21:38.074,odometry/filtered,"x:-1.442796, y:0.122869, yaw:-0.025968, cov_xx:0.001928, cov_yy:0.002038"
2026-08-21 10:21:38.087,rated_current_left,"0.000000"
2026-08-21 10:21:38.087,rated_current_right,"0.000000"
2026-08-21 10:21:38.094,odometry/filtered,"x:-1.442955, y:0.122872, yaw:-0.025718, cov_xx:0.001931, cov_yy:0.002041"
2026-08-21 10:21:38.120,battery/status,"100.000000%"
2026-08-21 10:21:38.120,safety/left_bumper,"FALSE"
2026-08-21 10:21:38.120,safety/right_bumper,"FALSE"
2026-08-21 10:21:38.120,safety/emergency_button,"FALSE"
2026-08-21 10:21:38.120,safety/suction_switch,"FALSE"
2026-08-21 10:21:38.120,rated_current_left,"0.000000"
2026-08-21 10:21:38.122,rated_current_right,"0.000000"
2026-08-21 10:21:38.137,odometry/filtered,"x:-1.443091, y:0.122876, yaw:-0.025340, cov_xx:0.001961, cov_yy:0.002074"
2026-08-21 10:21:38.151,rated_current_left,"0.000000"
2026-08-21 10:21:38.152,rated_current_right,"0.000000"
2026-08-21 10:21:38.156,odometry/filtered,"x:-1.443168, y:0.122878, yaw:-0.025101, cov_xx:0.001920, cov_yy:0.002028"
2026-08-21 10:21:38.167,safety/emergency_button,"FALSE"
2026-08-21 10:21:38.169,safety/left_bumper,"FALSE"
2026-08-21 10:21:38.170,safety/right_bumper,"FALSE"
2026-08-21 10:21:38.170,safety/suction_switch,"FALSE"
2026-08-21 10:21:38.183,rated_current_left,"0.000000"
2026-08-21 10:21:38.183,rated_current_right,"0.000000"
2026-08-21 10:21:38.195,odometry/filtered,"x:-1.443216, y:0.122879, yaw:-0.024875, cov_xx:0.001918, cov_yy:0.002026"
2026-08-21 10:21:38.221,battery/status,"100.000000%"
2026-08-21 10:21:38.221,safety/left_bumper,"FALSE"
2026-08-21 10:21:38.221,safety/right_bumper,"FALSE"
2026-08-21 10:21:38.221,safety/emergency_button,"FALSE"
2026-08-21 10:21:38.221,safety/suction_switch,"FALSE"
2026-08-21 10:21:38.222,rated_current_left,"0.000000"
2026-08-21 10:21:38.222,rated_current_right,"0.000000"
2026-08-21 10:21:38.226,particle_cloud,"count:800, spread:0.102833"
2026-08-21 10:21:38.235,odometry/filtered,"x:-1.443199, y:0.122878, yaw:-0.025019, cov_xx:0.002034, cov_yy:0.002154"
2026-08-21 10:21:38.246,rated_current_left,"0.000000"
2026-08-21 10:21:38.246,rated_current_right,"0.000000"
2026-08-21 10:21:38.254,odometry/filtered,"x:-1.443214, y:0.122879, yaw:-0.024837, cov_xx:0.001862, cov_yy:0.001963"
2026-08-21 10:21:38.270,safety/left_bumper,"FALSE"
2026-08-21 10:21:38.270,safety/right_bumper,"FALSE"
2026-08-21 10:21:38.270,safety/emergency_button,"FALSE"
2026-08-21 10:21:38.270,safety/suction_switch,"FALSE"
2026-08-21 10:21:38.278,rated_current_left,"0.000000"
2026-08-21 10:21:38.278,rated_current_right,"0.000000"
2026-08-21 10:21:38.295,odometry/filtered,"x:-1.443223, y:0.122879, yaw:-0.024714, cov_xx:0.001900, cov_yy:0.002007"
2026-08-21 10:21:38.299,robot_status,"ROBOT_STANDBY"
2026-08-21 10:21:38.311,rated_current_left,"0.000000"
2026-08-21 10:21:38.311,rated_current_right,"0.000000"
2026-08-21 10:21:38.314,odometry/filtered,"x:-1.443227, y:0.122879, yaw:-0.024598, cov_xx:0.001936, cov_yy:0.002047"
2026-08-21 10:21:38.317,battery/status,"100.000000%"
2026-08-21 10:21:38.317,safety/left_bumper,"FALSE"
2026-08-21 10:21:38.317,safety/right_bumper,"FALSE"
2026-08-21 10:21:38.317,safety/emergency_button,"FALSE"
2026-08-21 10:21:38.318,safety/suction_switch,"FALSE"
2026-08-21 10:21:38.342,rated_current_left,"0.000000"
2026-08-21 10:21:38.342,rated_current_right,"0.000000"
2026-08-21 10:21:38.354,odometry/filtered,"x:-1.443203, y:0.122879, yaw:-0.024596, cov_xx:0.001920, cov_yy:0.002028"
2026-08-21 10:21:38.367,safety/emergency_button,"FALSE"
2026-08-21 10:21:38.367,safety/right_bumper,"FALSE"
2026-08-21 10:21:38.367,safety/left_bumper,"FALSE"
2026-08-21 10:21:38.367,safety/suction_switch,"FALSE"
2026-08-21 10:21:38.373,rated_current_left,"0.000000"
2026-08-21 10:21:38.373,rated_current_right,"0.000000"
2026-08-21 10:21:38.396,odometry/filtered,"x:-1.443187, y:0.122878, yaw:-0.024517, cov_xx:0.001918, cov_yy:0.002027"
2026-08-21 10:21:38.407,rated_current_left,"0.000000"
2026-08-21 10:21:38.407,rated_current_right,"0.000000"
2026-08-21 10:21:38.415,odometry/filtered,"x:-1.443171, y:0.122878, yaw:-0.024478, cov_xx:0.001943, cov_yy:0.002054"
2026-08-21 10:21:38.418,battery/status,"100.000000%"
2026-08-21 10:21:38.418,safety/left_bumper,"FALSE"
2026-08-21 10:21:38.418,safety/right_bumper,"FALSE"
2026-08-21 10:21:38.418,safety/emergency_button,"FALSE"
2026-08-21 10:21:38.418,safety/suction_switch,"FALSE"
2026-08-21 10:21:38.426,particle_cloud,"count:800, spread:0.103793"
2026-08-21 10:21:38.438,rated_current_left,"0.000000"
2026-08-21 10:21:38.439,rated_current_right,"0.000000"
2026-08-21 10:21:38.456,odometry/filtered,"x:-1.443206, y:0.122879, yaw:-0.024371, cov_xx:0.001924, cov_yy:0.002033"
2026-08-21 10:21:38.467,safety/emergency_button,"FALSE"
2026-08-21 10:21:38.467,safety/left_bumper,"FALSE"
2026-08-21 10:21:38.467,safety/right_bumper,"FALSE"
2026-08-21 10:21:38.467,safety/suction_switch,"FALSE"
2026-08-21 10:21:38.471,rated_current_left,"0.000000"
2026-08-21 10:21:38.471,rated_current_right,"0.000000"
2026-08-21 10:21:38.474,odometry/filtered,"x:-1.443236, y:0.122879, yaw:-0.024305, cov_xx:0.001939, cov_yy:0.002050"
2026-08-21 10:21:38.501,rated_current_left,"0.000000"
2026-08-21 10:21:38.501,rated_current_right,"0.000000"
2026-08-21 10:21:38.517,odometry/filtered,"x:-1.443253, y:0.122880, yaw:-0.024246, cov_xx:0.001923, cov_yy:0.002032"
2026-08-21 10:21:38.517,safety/left_bumper,"FALSE"
2026-08-21 10:21:38.518,safety/right_bumper,"FALSE"
2026-08-21 10:21:38.518,safety/emergency_button,"FALSE"
2026-08-21 10:21:38.518,battery/status,"100.000000%"
2026-08-21 10:21:38.518,safety/suction_switch,"FALSE"
2026-08-21 10:21:38.534,rated_current_left,"0.000000"
2026-08-21 10:21:38.534,rated_current_right,"0.000000"
2026-08-21 10:21:38.554,odometry/filtered,"x:-1.443262, y:0.122880, yaw:-0.024191, cov_xx:0.001929, cov_yy:0.002038"
2026-08-21 10:21:38.565,rated_current_left,"0.000000"
2026-08-21 10:21:38.565,rated_current_right,"0.000000"
2026-08-21 10:21:38.567,safety/emergency_button,"FALSE"
2026-08-21 10:21:38.567,safety/left_bumper,"FALSE"
2026-08-21 10:21:38.567,safety/right_bumper,"FALSE"
2026-08-21 10:21:38.567,safety/suction_switch,"FALSE"
2026-08-21 10:21:38.575,odometry/filtered,"x:-1.443267, y:0.122880, yaw:-0.024141, cov_xx:0.001929, cov_yy:0.002039"
2026-08-21 10:21:38.597,rated_current_left,"0.000000"
2026-08-21 10:21:38.598,rated_current_right,"0.000000"
2026-08-21 10:21:38.614,odometry/filtered,"x:-1.443258, y:0.122880, yaw:-0.024147, cov_xx:0.001937, cov_yy:0.002048"
2026-08-21 10:21:38.617,battery/status,"100.000000%"
2026-08-21 10:21:38.617,safety/left_bumper,"FALSE"
2026-08-21 10:21:38.617,safety/right_bumper,"FALSE"
2026-08-21 10:21:38.617,safety/emergency_button,"FALSE"
2026-08-21 10:21:38.617,safety/suction_switch,"FALSE"
2026-08-21 10:21:38.626,particle_cloud,"count:800, spread:0.102495"
2026-08-21 10:21:38.629,rated_current_left,"0.000000"
2026-08-21 10:21:38.629,rated_current_right,"0.000000"
2026-08-21 10:21:38.634,odometry/filtered,"x:-1.443272, y:0.122880, yaw:-0.024137, cov_xx:0.001930, cov_yy:0.002040"
2026-08-21 10:21:38.661,rated_current_left,"0.000000"
2026-08-21 10:21:38.661,rated_current_right,"0.000000"
2026-08-21 10:21:38.667,safety/right_bumper,"FALSE"
2026-08-21 10:21:38.667,safety/emergency_button,"FALSE"
2026-08-21 10:21:38.667,safety/left_bumper,"FALSE"
2026-08-21 10:21:38.667,safety/suction_switch,"FALSE"
2026-08-21 10:21:38.674,odometry/filtered,"x:-1.443306, y:0.122881, yaw:-0.024034, cov_xx:0.001918, cov_yy:0.002027"
2026-08-21 10:21:38.694,rated_current_left,"0.000000"
2026-08-21 10:21:38.694,rated_current_right,"0.000000"
2026-08-21 10:21:38.715,odometry/filtered,"x:-1.443325, y:0.122882, yaw:-0.023995, cov_xx:0.001957, cov_yy:0.002070"
2026-08-21 10:21:38.718,safety/left_bumper,"FALSE"
2026-08-21 10:21:38.719,safety/right_bumper,"FALSE"
2026-08-21 10:21:38.719,safety/emergency_button,"FALSE"
2026-08-21 10:21:38.719,safety/suction_switch,"FALSE"
2026-08-21 10:21:38.719,battery/status,"100.000000%"
2026-08-21 10:21:38.725,rated_current_left,"0.000000"
2026-08-21 10:21:38.726,rated_current_right,"0.000000"
2026-08-21 10:21:38.734,odometry/filtered,"x:-1.443302, y:0.122881, yaw:-0.024073, cov_xx:0.001922, cov_yy:0.002030"
2026-08-21 10:21:38.757,rated_current_left,"0.000000"
2026-08-21 10:21:38.757,rated_current_right,"0.000000"
2026-08-21 10:21:38.767,safety/left_bumper,"FALSE"
2026-08-21 10:21:38.767,safety/right_bumper,"FALSE"
2026-08-21 10:21:38.767,safety/emergency_button,"FALSE"
2026-08-21 10:21:38.767,safety/suction_switch,"FALSE"
2026-08-21 10:21:38.775,odometry/filtered,"x:-1.443288, y:0.122881, yaw:-0.024061, cov_xx:0.001935, cov_yy:0.002045"
2026-08-21 10:21:38.790,rated_current_left,"0.000000"
2026-08-21 10:21:38.791,rated_current_right,"0.000000"
2026-08-21 10:21:38.795,odometry/filtered,"x:-1.443279, y:0.122881, yaw:-0.024050, cov_xx:0.001932, cov_yy:0.002041"
2026-08-21 10:21:38.799,robot_status,"ROBOT_STANDBY"
2026-08-21 10:21:38.816,safety/emergency_button,"FALSE"
2026-08-21 10:21:38.817,safety/left_bumper,"FALSE"
2026-08-21 10:21:38.817,safety/right_bumper,"FALSE"
2026-08-21 10:21:38.817,safety/suction_switch,"FALSE"
2026-08-21 10:21:38.817,battery/status,"100.000000%"
2026-08-21 10:21:38.822,rated_current_left,"0.000000"
2026-08-21 10:21:38.822,rated_current_right,"0.000000"
2026-08-21 10:21:38.826,particle_cloud,"count:800, spread:0.105183"
2026-08-21 10:21:38.835,odometry/filtered,"x:-1.443272, y:0.122880, yaw:-0.024041, cov_xx:0.001923, cov_yy:0.002032"
2026-08-21 10:21:38.852,rated_current_left,"0.000000"
2026-08-21 10:21:38.853,rated_current_right,"0.000000"
2026-08-21 10:21:38.854,odometry/filtered,"x:-1.443267, y:0.122880, yaw:-0.024033, cov_xx:0.001931, cov_yy:0.002041"
2026-08-21 10:21:38.870,safety/emergency_button,"FALSE"
2026-08-21 10:21:38.870,safety/left_bumper,"FALSE"
2026-08-21 10:21:38.870,safety/right_bumper,"FALSE"
2026-08-21 10:21:38.870,safety/suction_switch,"FALSE"
2026-08-21 10:21:38.885,rated_current_left,"0.000000"
2026-08-21 10:21:38.885,rated_current_right,"0.000000"
2026-08-21 10:21:38.895,odometry/filtered,"x:-1.443305, y:0.122881, yaw:-0.023887, cov_xx:0.001966, cov_yy:0.002079"
2026-08-21 10:21:38.916,rated_current_left,"0.000000"
2026-08-21 10:21:38.916,rated_current_right,"0.000000"
2026-08-21 10:21:38.917,battery/status,"100.000000%"
2026-08-21 10:21:38.918,safety/left_bumper,"FALSE"
2026-08-21 10:21:38.918,safety/right_bumper,"FALSE"
2026-08-21 10:21:38.918,safety/emergency_button,"FALSE"
2026-08-21 10:21:38.918,safety/suction_switch,"FALSE"
2026-08-21 10:21:38.934,odometry/filtered,"x:-1.443345, y:0.122882, yaw:-0.023891, cov_xx:0.001904, cov_yy:0.002011"
2026-08-21 10:21:38.950,rated_current_left,"0.000000"
2026-08-21 10:21:38.950,rated_current_right,"0.000000"
2026-08-21 10:21:38.954,odometry/filtered,"x:-1.443368, y:0.122883, yaw:-0.023867, cov_xx:0.001925, cov_yy:0.002035"
2026-08-21 10:21:38.967,safety/left_bumper,"FALSE"
2026-08-21 10:21:38.967,safety/right_bumper,"FALSE"
2026-08-21 10:21:38.967,safety/emergency_button,"FALSE"
2026-08-21 10:21:38.967,safety/suction_switch,"FALSE"
2026-08-21 10:21:38.979,rated_current_left,"0.000000"
2026-08-21 10:21:38.980,rated_current_right,"0.000000"
2026-08-21 10:21:38.995,odometry/filtered,"x:-1.443384, y:0.122883, yaw:-0.023839, cov_xx:0.001919, cov_yy:0.002028"
2026-08-21 10:21:39.011,rated_current_left,"0.000000"
2026-08-21 10:21:39.012,rated_current_right,"0.000000"
2026-08-21 10:21:39.015,odometry/filtered,"x:-1.443393, y:0.122883, yaw:-0.023818, cov_xx:0.001927, cov_yy:0.002037"
2026-08-21 10:21:39.019,battery/status,"100.000000%"
2026-08-21 10:21:39.019,safety/left_bumper,"FALSE"
2026-08-21 10:21:39.019,safety/right_bumper,"FALSE"
2026-08-21 10:21:39.019,safety/emergency_button,"FALSE"
2026-08-21 10:21:39.019,safety/suction_switch,"FALSE"
2026-08-21 10:21:39.027,particle_cloud,"count:800, spread:0.104414"
2026-08-21 10:21:39.046,rated_current_left,"0.000000"
2026-08-21 10:21:39.046,rated_current_right,"0.000000"
2026-08-21 10:21:39.055,odometry/filtered,"x:-1.443399, y:0.122883, yaw:-0.023798, cov_xx:0.001951, cov_yy:0.002063"
2026-08-21 10:21:39.069,safety/left_bumper,"FALSE"
2026-08-21 10:21:39.070,safety/right_bumper,"FALSE"
2026-08-21 10:21:39.070,safety/emergency_button,"FALSE"
2026-08-21 10:21:39.070,safety/suction_switch,"FALSE"
2026-08-21 10:21:39.076,rated_current_left,"0.000000"
2026-08-21 10:21:39.076,rated_current_right,"0.000000"
2026-08-21 10:21:39.095,odometry/filtered,"x:-1.443451, y:0.122885, yaw:-0.023844, cov_xx:0.001926, cov_yy:0.002035"
2026-08-21 10:21:39.111,rated_current_left,"0.000000"
2026-08-21 10:21:39.111,rated_current_right,"0.000000"
2026-08-21 10:21:39.114,odometry/filtered,"x:-1.443524, y:0.122886, yaw:-0.023699, cov_xx:0.001954, cov_yy:0.002066"
2026-08-21 10:21:39.117,battery/status,"100.000000%"
2026-08-21 10:21:39.117,safety/left_bumper,"FALSE"
2026-08-21 10:21:39.117,safety/right_bumper,"FALSE"
2026-08-21 10:21:39.117,safety/emergency_button,"FALSE"
2026-08-21 10:21:39.117,safety/suction_switch,"FALSE"
2026-08-21 10:21:39.140,rated_current_left,"0.000000"
2026-08-21 10:21:39.140,rated_current_right,"0.000000"
2026-08-21 10:21:39.155,odometry/filtered,"x:-1.443565, y:0.122887, yaw:-0.023671, cov_xx:0.001914, cov_yy:0.002022"
2026-08-21 10:21:39.168,safety/emergency_button,"FALSE"
2026-08-21 10:21:39.168,safety/left_bumper,"FALSE"
2026-08-21 10:21:39.168,safety/right_bumper,"FALSE"
2026-08-21 10:21:39.168,safety/suction_switch,"FALSE"
2026-08-21 10:21:39.172,rated_current_left,"0.000000"
2026-08-21 10:21:39.173,rated_current_right,"0.000000"
2026-08-21 10:21:39.174,odometry/filtered,"x:-1.443618, y:0.122889, yaw:-0.023530, cov_xx:0.001936, cov_yy:0.002046"
2026-08-21 10:21:39.206,rated_current_left,"0.000000"
2026-08-21 10:21:39.207,rated_current_right,"0.000000"
2026-08-21 10:21:39.214,odometry/filtered,"x:-1.443605, y:0.122888, yaw:-0.023439, cov_xx:0.001938, cov_yy:0.002048"
2026-08-21 10:21:39.217,battery/status,"100.000000%"
2026-08-21 10:21:39.217,safety/left_bumper,"FALSE"
2026-08-21 10:21:39.217,safety/right_bumper,"FALSE"
2026-08-21 10:21:39.217,safety/emergency_button,"FALSE"
2026-08-21 10:21:39.217,safety/suction_switch,"FALSE"
2026-08-21 10:21:39.226,particle_cloud,"count:800, spread:0.104447"
2026-08-21 10:21:39.236,rated_current_left,"0.000000"
2026-08-21 10:21:39.236,rated_current_right,"0.000000"
2026-08-21 10:21:39.255,odometry/filtered,"x:-1.443524, y:0.122887, yaw:-0.023514, cov_xx:0.001926, cov_yy:0.002036"
2026-08-21 10:21:39.266,safety/right_bumper,"FALSE"
2026-08-21 10:21:39.267,safety/emergency_button,"FALSE"
2026-08-21 10:21:39.267,safety/left_bumper,"FALSE"
2026-08-21 10:21:39.267,safety/suction_switch,"FALSE"
2026-08-21 10:21:39.268,rated_current_left,"0.000000"
2026-08-21 10:21:39.268,rated_current_right,"0.000000"
2026-08-21 10:21:39.276,odometry/filtered,"x:-1.443431, y:0.122884, yaw:-0.023635, cov_xx:0.001931, cov_yy:0.002040"
2026-08-21 10:21:39.304,robot_status,"ROBOT_STANDBY"
2026-08-21 10:21:39.304,rated_current_left,"0.000000"
2026-08-21 10:21:39.304,rated_current_right,"0.000000"
2026-08-21 10:21:39.314,odometry/filtered,"x:-1.443373, y:0.122883, yaw:-0.023638, cov_xx:0.001945, cov_yy:0.002056"
2026-08-21 10:21:39.318,safety/emergency_button,"FALSE"
2026-08-21 10:21:39.318,battery/status,"100.000000%"
2026-08-21 10:21:39.318,safety/left_bumper,"FALSE"
2026-08-21 10:21:39.318,safety/right_bumper,"FALSE"
2026-08-21 10:21:39.318,safety/suction_switch,"FALSE"
2026-08-21 10:21:39.332,rated_current_left,"0.000000"
2026-08-21 10:21:39.332,rated_current_right,"0.000000"
2026-08-21 10:21:39.334,odometry/filtered,"x:-1.443329, y:0.122882, yaw:-0.023727, cov_xx:0.001925, cov_yy:0.002034"
2026-08-21 10:21:39.364,rated_current_left,"0.000000"
2026-08-21 10:21:39.365,rated_current_right,"0.000000"
2026-08-21 10:21:39.367,safety/emergency_button,"FALSE"
2026-08-21 10:21:39.367,safety/left_bumper,"FALSE"
2026-08-21 10:21:39.367,safety/right_bumper,"FALSE"
2026-08-21 10:21:39.367,safety/suction_switch,"FALSE"
2026-08-21 10:21:39.374,odometry/filtered,"x:-1.443350, y:0.122883, yaw:-0.023723, cov_xx:0.001924, cov_yy:0.002033"
2026-08-21 10:21:39.397,rated_current_left,"0.000000"
2026-08-21 10:21:39.398,rated_current_right,"0.000000"
2026-08-21 10:21:39.415,odometry/filtered,"x:-1.443390, y:0.122884, yaw:-0.023647, cov_xx:0.001952, cov_yy:0.002064"
2026-08-21 10:21:39.419,battery/status,"100.000000%"
2026-08-21 10:21:39.419,safety/left_bumper,"FALSE"
2026-08-21 10:21:39.419,safety/right_bumper,"FALSE"
2026-08-21 10:21:39.419,safety/emergency_button,"FALSE"
2026-08-21 10:21:39.419,safety/suction_switch,"FALSE"
2026-08-21 10:21:39.426,particle_cloud,"count:800, spread:0.103625"
2026-08-21 10:21:39.428,rated_current_left,"0.000000"
2026-08-21 10:21:39.429,rated_current_right,"0.000000"
2026-08-21 10:21:39.435,odometry/filtered,"x:-1.443415, y:0.122884, yaw:-0.023645, cov_xx:0.001925, cov_yy:0.002034"
2026-08-21 10:21:39.460,rated_current_left,"0.000000"
2026-08-21 10:21:39.460,rated_current_right,"0.000000"
2026-08-21 10:21:39.468,safety/right_bumper,"FALSE"
2026-08-21 10:21:39.468,safety/emergency_button,"FALSE"
2026-08-21 10:21:39.468,safety/left_bumper,"FALSE"
2026-08-21 10:21:39.468,safety/suction_switch,"FALSE"
2026-08-21 10:21:39.475,odometry/filtered,"x:-1.443439, y:0.122885, yaw:-0.023596, cov_xx:0.001924, cov_yy:0.002033"
2026-08-21 10:21:39.492,rated_current_left,"0.000000"
2026-08-21 10:21:39.493,rated_current_right,"0.000000"
2026-08-21 10:21:39.515,odometry/filtered,"x:-1.443454, y:0.122885, yaw:-0.023585, cov_xx:0.001940, cov_yy:0.002051"
2026-08-21 10:21:39.518,battery/status,"100.000000%"
2026-08-21 10:21:39.519,safety/left_bumper,"FALSE"
2026-08-21 10:21:39.519,safety/right_bumper,"FALSE"
2026-08-21 10:21:39.519,safety/emergency_button,"FALSE"
2026-08-21 10:21:39.519,safety/suction_switch,"FALSE"
2026-08-21 10:21:39.523,rated_current_left,"0.000000"
2026-08-21 10:21:39.523,rated_current_right,"0.000000"
2026-08-21 10:21:39.535,odometry/filtered,"x:-1.443464, y:0.122885, yaw:-0.023576, cov_xx:0.001919, cov_yy:0.002028"
2026-08-21 10:21:39.555,rated_current_left,"0.000000"
2026-08-21 10:21:39.555,rated_current_right,"0.000000"
2026-08-21 10:21:39.566,safety/emergency_button,"FALSE"
2026-08-21 10:21:39.567,safety/left_bumper,"FALSE"
2026-08-21 10:21:39.567,safety/right_bumper,"FALSE"
2026-08-21 10:21:39.567,safety/suction_switch,"FALSE"
2026-08-21 10:21:39.575,odometry/filtered,"x:-1.443444, y:0.122885, yaw:-0.023675, cov_xx:0.001928, cov_yy:0.002038"
2026-08-21 10:21:39.589,rated_current_left,"0.000000"
2026-08-21 10:21:39.589,rated_current_right,"0.000000"
2026-08-21 10:21:39.594,odometry/filtered,"x:-1.443434, y:0.122885, yaw:-0.023686, cov_xx:0.001931, cov_yy:0.002041"
2026-08-21 10:21:39.616,safety/right_bumper,"FALSE"
2026-08-21 10:21:39.617,safety/emergency_button,"FALSE"
2026-08-21 10:21:39.617,safety/left_bumper,"FALSE"
2026-08-21 10:21:39.617,safety/suction_switch,"FALSE"
2026-08-21 10:21:39.617,battery/status,"100.000000%"
2026-08-21 10:21:39.623,rated_current_left,"0.000000"
2026-08-21 10:21:39.623,rated_current_right,"0.000000"
2026-08-21 10:21:39.626,particle_cloud,"count:800, spread:0.106840"
2026-08-21 10:21:39.634,odometry/filtered,"x:-1.443426, y:0.122884, yaw:-0.023697, cov_xx:0.001983, cov_yy:0.002099"
2026-08-21 10:21:39.651,rated_current_left,"0.000000"
2026-08-21 10:21:39.651,rated_current_right,"0.000000"
2026-08-21 10:21:39.654,odometry/filtered,"x:-1.443430, y:0.122885, yaw:-0.023682, cov_xx:0.001896, cov_yy:0.002002"
2026-08-21 10:21:39.667,safety/left_bumper,"FALSE"
2026-08-21 10:21:39.667,safety/right_bumper,"FALSE"
2026-08-21 10:21:39.667,safety/emergency_button,"FALSE"
2026-08-21 10:21:39.667,safety/suction_switch,"FALSE"
2026-08-21 10:21:39.690,rated_current_left,"0.000000"
2026-08-21 10:21:39.690,rated_current_right,"0.000000"
2026-08-21 10:21:39.695,odometry/filtered,"x:-1.443461, y:0.122885, yaw:-0.023625, cov_xx:0.001984, cov_yy:0.002099"
2026-08-21 10:21:39.716,rated_current_left,"0.000000"
2026-08-21 10:21:39.717,rated_current_right,"0.000000"
2026-08-21 10:21:39.717,battery/status,"100.000000%"
2026-08-21 10:21:39.717,safety/left_bumper,"FALSE"
2026-08-21 10:21:39.717,safety/right_bumper,"FALSE"
2026-08-21 10:21:39.717,safety/emergency_button,"FALSE"
2026-08-21 10:21:39.717,safety/suction_switch,"FALSE"
2026-08-21 10:21:39.735,odometry/filtered,"x:-1.443493, y:0.122886, yaw:-0.023594, cov_xx:0.001893, cov_yy:0.001998"
2026-08-21 10:21:39.746,rated_current_left,"0.000000"
2026-08-21 10:21:39.747,rated_current_right,"0.000000"
2026-08-21 10:21:39.754,odometry/filtered,"x:-1.443512, y:0.122887, yaw:-0.023584, cov_xx:0.001899, cov_yy:0.002006"
2026-08-21 10:21:39.766,safety/emergency_button,"FALSE"
2026-08-21 10:21:39.767,safety/left_bumper,"FALSE"
2026-08-21 10:21:39.767,safety/right_bumper,"FALSE"
2026-08-21 10:21:39.767,safety/suction_switch,"FALSE"
2026-08-21 10:21:39.783,rated_current_left,"0.000000"
2026-08-21 10:21:39.783,rated_current_right,"0.000000"
2026-08-21 10:21:39.795,odometry/filtered,"x:-1.443449, y:0.122885, yaw:-0.023695, cov_xx:0.001927, cov_yy:0.002036"
2026-08-21 10:21:39.799,robot_status,"ROBOT_STANDBY"
2026-08-21 10:21:39.811,rated_current_left,"0.000000"
2026-08-21 10:21:39.812,rated_current_right,"0.000000"
2026-08-21 10:21:39.814,odometry/filtered,"x:-1.443368, y:0.122883, yaw:-0.023884, cov_xx:0.001930, cov_yy:0.002040"
2026-08-21 10:21:39.816,safety/left_bumper,"FALSE"
2026-08-21 10:21:39.816,safety/right_bumper,"FALSE"
2026-08-21 10:21:39.816,safety/emergency_button,"FALSE"
2026-08-21 10:21:39.816,safety/suction_switch,"FALSE"
2026-08-21 10:21:39.817,battery/status,"100.000000%"
2026-08-21 10:21:39.826,particle_cloud,"count:800, spread:0.108201"
2026-08-21 10:21:39.843,rated_current_left,"0.000000"
2026-08-21 10:21:39.843,rated_current_right,"0.000000"
2026-08-21 10:21:39.855,odometry/filtered,"x:-1.443320, y:0.122882, yaw:-0.023928, cov_xx:0.001936, cov_yy:0.002047"
2026-08-21 10:21:39.866,safety/emergency_button,"FALSE"
2026-08-21 10:21:39.867,safety/left_bumper,"FALSE"
2026-08-21 10:21:39.867,safety/right_bumper,"FALSE"
2026-08-21 10:21:39.867,safety/suction_switch,"FALSE"
2026-08-21 10:21:39.874,rated_current_left,"0.000000"
2026-08-21 10:21:39.875,rated_current_right,"0.000000"
2026-08-21 10:21:39.895,odometry/filtered,"x:-1.443306, y:0.122882, yaw:-0.023915, cov_xx:0.001928, cov_yy:0.002038"
2026-08-21 10:21:39.909,rated_current_left,"0.000000"
2026-08-21 10:21:39.910,rated_current_right,"0.000000"
2026-08-21 10:21:39.917,battery/status,"100.000000%"
2026-08-21 10:21:39.917,odometry/filtered,"x:-1.443343, y:0.122882, yaw:-0.023801, cov_xx:0.001971, cov_yy:0.002084"
2026-08-21 10:21:39.917,safety/left_bumper,"FALSE"
2026-08-21 10:21:39.917,safety/right_bumper,"FALSE"
2026-08-21 10:21:39.918,safety/emergency_button,"FALSE"
2026-08-21 10:21:39.918,safety/suction_switch,"FALSE"
2026-08-21 10:21:39.939,rated_current_left,"0.000000"
2026-08-21 10:21:39.939,rated_current_right,"0.000000"
2026-08-21 10:21:39.955,odometry/filtered,"x:-1.443388, y:0.122884, yaw:-0.023697, cov_xx:0.001922, cov_yy:0.002031"
2026-08-21 10:21:39.966,safety/emergency_button,"FALSE"
2026-08-21 10:21:39.966,safety/left_bumper,"FALSE"
2026-08-21 10:21:39.966,safety/right_bumper,"FALSE"
2026-08-21 10:21:39.966,safety/suction_switch,"FALSE"
2026-08-21 10:21:39.973,rated_current_left,"0.000000"
2026-08-21 10:21:39.973,rated_current_right,"0.000000"
2026-08-21 10:21:39.995,odometry/filtered,"x:-1.443415, y:0.122884, yaw:-0.023679, cov_xx:0.001959, cov_yy:0.002071"
2026-08-21 10:21:40.003,rated_current_left,"0.000000"
2026-08-21 10:21:40.003,rated_current_right,"0.000000"
2026-08-21 10:21:40.014,odometry/filtered,"x:-1.443433, y:0.122885, yaw:-0.023663, cov_xx:0.001913, cov_yy:0.002020"
2026-08-21 10:21:40.017,safety/emergency_button,"FALSE"
2026-08-21 10:21:40.017,battery/status,"100.000000%"
2026-08-21 10:21:40.017,safety/left_bumper,"FALSE"
2026-08-21 10:21:40.017,safety/right_bumper,"FALSE"
2026-08-21 10:21:40.017,safety/suction_switch,"FALSE"
2026-08-21 10:21:40.026,particle_cloud,"count:800, spread:0.106589"
2026-08-21 10:21:40.036,rated_current_left,"0.000000"
2026-08-21 10:21:40.036,rated_current_right,"0.000000"
2026-08-21 10:21:40.055,odometry/filtered,"x:-1.443417, y:0.122884, yaw:-0.023761, cov_xx:0.001937, cov_yy:0.002047"
2026-08-21 10:21:40.067,safety/emergency_button,"FALSE"
2026-08-21 10:21:40.067,safety/left_bumper,"FALSE"
2026-08-21 10:21:40.067,safety/right_bumper,"FALSE"
2026-08-21 10:21:40.067,safety/suction_switch,"FALSE"
2026-08-21 10:21:40.074,rated_current_left,"0.000000"
2026-08-21 10:21:40.074,rated_current_right,"0.000000"
2026-08-21 10:21:40.075,odometry/filtered,"x:-1.443401, y:0.122884, yaw:-0.023781, cov_xx:0.001998, cov_yy:0.002114"
2026-08-21 10:21:40.099,rated_current_left,"0.000000"
2026-08-21 10:21:40.100,rated_current_right,"0.000000"
2026-08-21 10:21:40.115,odometry/filtered,"x:-1.443395, y:0.122884, yaw:-0.023790, cov_xx:0.001875, cov_yy:0.001978"
2026-08-21 10:21:40.116,safety/emergency_button,"FALSE"
2026-08-21 10:21:40.117,safety/left_bumper,"FALSE"
2026-08-21 10:21:40.118,safety/right_bumper,"FALSE"
2026-08-21 10:21:40.118,safety/suction_switch,"FALSE"
2026-08-21 10:21:40.119,battery/status,"100.000000%"
2026-08-21 10:21:40.131,rated_current_left,"0.000000"
2026-08-21 10:21:40.132,rated_current_right,"0.000000"
2026-08-21 10:21:40.135,odometry/filtered,"x:-1.443389, y:0.122884, yaw:-0.023798, cov_xx:0.001916, cov_yy:0.002024"
2026-08-21 10:21:40.161,rated_current_left,"0.000000"
2026-08-21 10:21:40.162,rated_current_right,"0.000000"
2026-08-21 10:21:40.166,safety/emergency_button,"FALSE"
2026-08-21 10:21:40.166,safety/left_bumper,"FALSE"
2026-08-21 10:21:40.166,safety/right_bumper,"FALSE"
2026-08-21 10:21:40.166,safety/suction_switch,"FALSE"
2026-08-21 10:21:40.175,odometry/filtered,"x:-1.443385, y:0.122884, yaw:-0.023806, cov_xx:0.001901, cov_yy:0.002008"
2026-08-21 10:21:40.194,rated_current_left,"0.000000"
2026-08-21 10:21:40.194,rated_current_right,"0.000000"
2026-08-21 10:21:40.216,safety/emergency_button,"FALSE"
2026-08-21 10:21:40.217,battery/status,"100.000000%"
2026-08-21 10:21:40.217,safety/left_bumper,"FALSE"
2026-08-21 10:21:40.217,safety/right_bumper,"FALSE"
2026-08-21 10:21:40.217,safety/suction_switch,"FALSE"
2026-08-21 10:21:40.219,odometry/filtered,"x:-1.443383, y:0.122884, yaw:-0.023813, cov_xx:0.001922, cov_yy:0.002031"
2026-08-21 10:21:40.226,particle_cloud,"count:800, spread:0.102207"
2026-08-21 10:21:40.226,rated_current_left,"0.000000"
2026-08-21 10:21:40.229,rated_current_right,"0.000000"
2026-08-21 10:21:40.236,odometry/filtered,"x:-1.443389, y:0.122884, yaw:-0.023783, cov_xx:0.001939, cov_yy:0.002050"
2026-08-21 10:21:40.259,rated_current_left,"0.000000"
2026-08-21 10:21:40.260,rated_current_right,"0.000000"
2026-08-21 10:21:40.267,safety/left_bumper,"FALSE"
2026-08-21 10:21:40.267,safety/right_bumper,"FALSE"
2026-08-21 10:21:40.267,safety/emergency_button,"FALSE"
2026-08-21 10:21:40.267,safety/suction_switch,"FALSE"
2026-08-21 10:21:40.274,odometry/filtered,"x:-1.443393, y:0.122884, yaw:-0.023782, cov_xx:0.001940, cov_yy:0.002050"
2026-08-21 10:21:40.291,rated_current_left,"0.000000"
2026-08-21 10:21:40.291,rated_current_right,"0.000000"
2026-08-21 10:21:40.294,odometry/filtered,"x:-1.443396, y:0.122884, yaw:-0.023782, cov_xx:0.001940, cov_yy:0.002050"
2026-08-21 10:21:40.299,robot_status,"ROBOT_STANDBY"
2026-08-21 10:21:40.317,safety/emergency_button,"FALSE"
2026-08-21 10:21:40.317,battery/status,"100.000000%"
2026-08-21 10:21:40.317,safety/left_bumper,"FALSE"
2026-08-21 10:21:40.317,safety/right_bumper,"FALSE"
2026-08-21 10:21:40.317,safety/suction_switch,"FALSE"
2026-08-21 10:21:40.321,rated_current_left,"0.000000"
2026-08-21 10:21:40.322,rated_current_right,"0.000000"
2026-08-21 10:21:40.334,odometry/filtered,"x:-1.443398, y:0.122884, yaw:-0.023782, cov_xx:0.001913, cov_yy:0.002021"
2026-08-21 10:21:40.353,rated_current_left,"0.000000"
2026-08-21 10:21:40.354,rated_current_right,"0.000000"
2026-08-21 10:21:40.367,safety/emergency_button,"FALSE"
2026-08-21 10:21:40.367,safety/left_bumper,"FALSE"
2026-08-21 10:21:40.367,safety/right_bumper,"FALSE"
2026-08-21 10:21:40.367,safety/suction_switch,"FALSE"
2026-08-21 10:21:40.375,odometry/filtered,"x:-1.443399, y:0.122884, yaw:-0.023782, cov_xx:0.001926, cov_yy:0.002035"
2026-08-21 10:21:40.386,rated_current_left,"0.000000"
2026-08-21 10:21:40.386,rated_current_right,"0.000000"
2026-08-21 10:21:40.395,odometry/filtered,"x:-1.443399, y:0.122884, yaw:-0.023782, cov_xx:0.001937, cov_yy:0.002047"
2026-08-21 10:21:40.419,battery/status,"100.000000%"
2026-08-21 10:21:40.419,safety/left_bumper,"FALSE"
2026-08-21 10:21:40.419,safety/right_bumper,"FALSE"
2026-08-21 10:21:40.419,safety/emergency_button,"FALSE"
2026-08-21 10:21:40.419,safety/suction_switch,"FALSE"
2026-08-21 10:21:40.419,rated_current_left,"0.000000"
2026-08-21 10:21:40.419,rated_current_right,"0.000000"
2026-08-21 10:21:40.427,particle_cloud,"count:800, spread:0.104587"
2026-08-21 10:21:40.439,odometry/filtered,"x:-1.443399, y:0.122884, yaw:-0.023782, cov_xx:0.001974, cov_yy:0.002088"
2026-08-21 10:21:40.450,rated_current_left,"0.000000"
2026-08-21 10:21:40.450,rated_current_right,"0.000000"
2026-08-21 10:21:40.455,odometry/filtered,"x:-1.443401, y:0.122884, yaw:-0.023783, cov_xx:0.001903, cov_yy:0.002009"
2026-08-21 10:21:40.467,safety/left_bumper,"FALSE"
2026-08-21 10:21:40.467,safety/right_bumper,"FALSE"
2026-08-21 10:21:40.467,safety/emergency_button,"FALSE"
2026-08-21 10:21:40.467,safety/suction_switch,"FALSE"
2026-08-21 10:21:40.481,rated_current_left,"0.000000"
2026-08-21 10:21:40.481,rated_current_right,"0.000000"
2026-08-21 10:21:40.495,odometry/filtered,"x:-1.443401, y:0.122884, yaw:-0.023783, cov_xx:0.001914, cov_yy:0.002022"
2026-08-21 10:21:40.514,rated_current_left,"0.000000"
2026-08-21 10:21:40.516,rated_current_right,"0.000000"
2026-08-21 10:21:40.516,safety/right_bumper,"FALSE"
2026-08-21 10:21:40.517,safety/emergency_button,"FALSE"
2026-08-21 10:21:40.517,safety/left_bumper,"FALSE"
2026-08-21 10:21:40.517,safety/suction_switch,"FALSE"
2026-08-21 10:21:40.518,battery/status,"100.000000%"
2026-08-21 10:21:40.535,odometry/filtered,"x:-1.443401, y:0.122884, yaw:-0.023783, cov_xx:0.001938, cov_yy:0.002048"
2026-08-21 10:21:40.547,rated_current_left,"0.000000"
2026-08-21 10:21:40.547,rated_current_right,"0.000000"
2026-08-21 10:21:40.554,odometry/filtered,"x:-1.443401, y:0.122884, yaw:-0.023783, cov_xx:0.001945, cov_yy:0.002057"
2026-08-21 10:21:40.567,safety/right_bumper,"FALSE"
2026-08-21 10:21:40.567,safety/emergency_button,"FALSE"
2026-08-21 10:21:40.567,safety/left_bumper,"FALSE"
2026-08-21 10:21:40.567,safety/suction_switch,"FALSE"
2026-08-21 10:21:40.579,rated_current_left,"0.000000"
2026-08-21 10:21:40.579,rated_current_right,"0.000000"
2026-08-21 10:21:40.595,odometry/filtered,"x:-1.443401, y:0.122884, yaw:-0.023784, cov_xx:0.001938, cov_yy:0.002049"
2026-08-21 10:21:40.609,rated_current_left,"0.000000"
2026-08-21 10:21:40.610,rated_current_right,"0.000000"
2026-08-21 10:21:40.615,odometry/filtered,"x:-1.443402, y:0.122884, yaw:-0.023784, cov_xx:0.001919, cov_yy:0.002027"
2026-08-21 10:21:40.619,battery/status,"100.000000%"
2026-08-21 10:21:40.619,safety/left_bumper,"FALSE"
2026-08-21 10:21:40.619,safety/right_bumper,"FALSE"
2026-08-21 10:21:40.619,safety/emergency_button,"FALSE"
2026-08-21 10:21:40.619,safety/suction_switch,"FALSE"
2026-08-21 10:21:40.627,particle_cloud,"count:800, spread:0.105547"
2026-08-21 10:21:40.641,rated_current_left,"0.000000"
2026-08-21 10:21:40.642,rated_current_right,"0.000000"
2026-08-21 10:21:40.655,odometry/filtered,"x:-1.443402, y:0.122884, yaw:-0.023784, cov_xx:0.001929, cov_yy:0.002039"
2026-08-21 10:21:40.666,safety/right_bumper,"FALSE"
2026-08-21 10:21:40.666,safety/emergency_button,"FALSE"
2026-08-21 10:21:40.666,safety/left_bumper,"FALSE"
2026-08-21 10:21:40.667,safety/suction_switch,"FALSE"
2026-08-21 10:21:40.672,rated_current_left,"0.000000"
2026-08-21 10:21:40.673,rated_current_right,"0.000000"
2026-08-21 10:21:40.695,odometry/filtered,"x:-1.443402, y:0.122884, yaw:-0.023784, cov_xx:0.001921, cov_yy:0.002029"
2026-08-21 10:21:40.706,rated_current_left,"0.000000"
2026-08-21 10:21:40.710,rated_current_right,"0.000000"
2026-08-21 10:21:40.714,odometry/filtered,"x:-1.443402, y:0.122884, yaw:-0.023785, cov_xx:0.001955, cov_yy:0.002067"
2026-08-21 10:21:40.717,battery/status,"100.000000%"
2026-08-21 10:21:40.717,safety/left_bumper,"FALSE"
2026-08-21 10:21:40.717,safety/right_bumper,"FALSE"
2026-08-21 10:21:40.717,safety/emergency_button,"FALSE"
2026-08-21 10:21:40.718,safety/suction_switch,"FALSE"
2026-08-21 10:21:40.737,rated_current_left,"0.000000"
2026-08-21 10:21:40.738,rated_current_right,"0.000000"
2026-08-21 10:21:40.755,odometry/filtered,"x:-1.443403, y:0.122884, yaw:-0.023785, cov_xx:0.001919, cov_yy:0.002027"
2026-08-21 10:21:40.766,safety/emergency_button,"FALSE"
2026-08-21 10:21:40.767,safety/left_bumper,"FALSE"
2026-08-21 10:21:40.767,safety/right_bumper,"FALSE"
2026-08-21 10:21:40.767,safety/suction_switch,"FALSE"
2026-08-21 10:21:40.769,rated_current_left,"0.000000"
2026-08-21 10:21:40.769,rated_current_right,"0.000000"
2026-08-21 10:21:40.774,odometry/filtered,"x:-1.443403, y:0.122884, yaw:-0.023785, cov_xx:0.001917, cov_yy:0.002025"
2026-08-21 10:21:40.798,robot_status,"ROBOT_STANDBY"
2026-08-21 10:21:40.800,rated_current_left,"0.000000"
2026-08-21 10:21:40.801,rated_current_right,"0.000000"
2026-08-21 10:21:40.814,odometry/filtered,"x:-1.443403, y:0.122884, yaw:-0.023786, cov_xx:0.001931, cov_yy:0.002041"
2026-08-21 10:21:40.818,battery/status,"100.000000%"
2026-08-21 10:21:40.820,safety/left_bumper,"FALSE"
2026-08-21 10:21:40.822,safety/right_bumper,"FALSE"
2026-08-21 10:21:40.822,safety/emergency_button,"FALSE"
2026-08-21 10:21:40.822,safety/suction_switch,"FALSE"
2026-08-21 10:21:40.826,particle_cloud,"count:800, spread:0.105809"
2026-08-21 10:21:40.832,rated_current_left,"0.000000"
2026-08-21 10:21:40.832,rated_current_right,"0.000000"
2026-08-21 10:21:40.835,odometry/filtered,"x:-1.443403, y:0.122884, yaw:-0.023786, cov_xx:0.001929, cov_yy:0.002039"
2026-08-21 10:21:40.864,rated_current_left,"0.000000"
2026-08-21 10:21:40.866,rated_current_right,"0.000000"
2026-08-21 10:21:40.866,safety/left_bumper,"FALSE"
2026-08-21 10:21:40.866,safety/right_bumper,"FALSE"
2026-08-21 10:21:40.866,safety/emergency_button,"FALSE"
2026-08-21 10:21:40.867,safety/suction_switch,"FALSE"
2026-08-21 10:21:40.875,odometry/filtered,"x:-1.443403, y:0.122884, yaw:-0.023786, cov_xx:0.001933, cov_yy:0.002043"
2026-08-21 10:21:40.898,rated_current_left,"0.000000"
2026-08-21 10:21:40.898,rated_current_right,"0.000000"
2026-08-21 10:21:40.914,odometry/filtered,"x:-1.443403, y:0.122884, yaw:-0.023787, cov_xx:0.001939, cov_yy:0.002049"
2026-08-21 10:21:40.917,battery/status,"100.000000%"
2026-08-21 10:21:40.917,safety/left_bumper,"FALSE"
2026-08-21 10:21:40.917,safety/right_bumper,"FALSE"
2026-08-21 10:21:40.917,safety/emergency_button,"FALSE"
2026-08-21 10:21:40.917,safety/suction_switch,"FALSE"
2026-08-21 10:21:40.928,rated_current_left,"0.000000"
2026-08-21 10:21:40.929,rated_current_right,"0.000000"
2026-08-21 10:21:40.934,odometry/filtered,"x:-1.443403, y:0.122884, yaw:-0.023787, cov_xx:0.001931, cov_yy:0.002041"
2026-08-21 10:21:40.960,rated_current_left,"0.000000"
2026-08-21 10:21:40.960,rated_current_right,"0.000000"
2026-08-21 10:21:40.967,safety/left_bumper,"FALSE"
2026-08-21 10:21:40.967,safety/right_bumper,"FALSE"
2026-08-21 10:21:40.967,safety/emergency_button,"FALSE"
2026-08-21 10:21:40.967,safety/suction_switch,"FALSE"
2026-08-21 10:21:40.975,odometry/filtered,"x:-1.443404, y:0.122884, yaw:-0.023787, cov_xx:0.001932, cov_yy:0.002042"
2026-08-21 10:21:40.993,rated_current_left,"0.000000"
2026-08-21 10:21:40.993,rated_current_right,"0.000000"
2026-08-21 10:21:41.014,odometry/filtered,"x:-1.443404, y:0.122884, yaw:-0.023788, cov_xx:0.001935, cov_yy:0.002045"
2026-08-21 10:21:41.020,battery/status,"100.000000%"
2026-08-21 10:21:41.020,safety/left_bumper,"FALSE"
2026-08-21 10:21:41.020,safety/right_bumper,"FALSE"
2026-08-21 10:21:41.020,safety/emergency_button,"FALSE"
2026-08-21 10:21:41.020,safety/suction_switch,"FALSE"
2026-08-21 10:21:41.025,rated_current_left,"0.000000"
2026-08-21 10:21:41.025,rated_current_right,"0.000000"
2026-08-21 10:21:41.026,particle_cloud,"count:800, spread:0.103354"
2026-08-21 10:21:41.034,odometry/filtered,"x:-1.443404, y:0.122884, yaw:-0.023788, cov_xx:0.001948, cov_yy:0.002060"
2026-08-21 10:21:41.057,rated_current_left,"0.000000"
2026-08-21 10:21:41.057,rated_current_right,"0.000000"
2026-08-21 10:21:41.067,safety/left_bumper,"FALSE"
2026-08-21 10:21:41.069,safety/right_bumper,"FALSE"
2026-08-21 10:21:41.069,safety/emergency_button,"FALSE"
2026-08-21 10:21:41.069,safety/suction_switch,"FALSE"
2026-08-21 10:21:41.075,odometry/filtered,"x:-1.443404, y:0.122884, yaw:-0.023788, cov_xx:0.001935, cov_yy:0.002045"
2026-08-21 10:21:41.090,rated_current_left,"0.000000"
2026-08-21 10:21:41.090,rated_current_right,"0.000000"
2026-08-21 10:21:41.095,odometry/filtered,"x:-1.443404, y:0.122884, yaw:-0.023789, cov_xx:0.001924, cov_yy:0.002033"
2026-08-21 10:21:41.121,battery/status,"100.000000%"
2026-08-21 10:21:41.122,safety/left_bumper,"FALSE"
2026-08-21 10:21:41.122,safety/right_bumper,"FALSE"
2026-08-21 10:21:41.122,safety/emergency_button,"FALSE"
2026-08-21 10:21:41.122,safety/suction_switch,"FALSE"
2026-08-21 10:21:41.122,rated_current_left,"0.000000"
2026-08-21 10:21:41.122,rated_current_right,"0.000000"
2026-08-21 10:21:41.135,odometry/filtered,"x:-1.443404, y:0.122884, yaw:-0.023789, cov_xx:0.001968, cov_yy:0.002082"
2026-08-21 10:21:41.157,rated_current_left,"0.000000"
2026-08-21 10:21:41.157,rated_current_right,"0.000000"
2026-08-21 10:21:41.166,safety/left_bumper,"FALSE"
2026-08-21 10:21:41.166,safety/right_bumper,"FALSE"
2026-08-21 10:21:41.167,safety/emergency_button,"FALSE"
2026-08-21 10:21:41.167,safety/suction_switch,"FALSE"
2026-08-21 10:21:41.175,odometry/filtered,"x:-1.443405, y:0.122884, yaw:-0.023789, cov_xx:0.001924, cov_yy:0.002033"
2026-08-21 10:21:41.189,rated_current_left,"0.000000"
2026-08-21 10:21:41.189,rated_current_right,"0.000000"
2026-08-21 10:21:41.198,odometry/filtered,"x:-1.443404, y:0.122884, yaw:-0.023790, cov_xx:0.001954, cov_yy:0.002066"
2026-08-21 10:21:41.216,safety/emergency_button,"FALSE"
2026-08-21 10:21:41.217,battery/status,"100.000000%"
2026-08-21 10:21:41.217,safety/left_bumper,"FALSE"
2026-08-21 10:21:41.217,safety/right_bumper,"FALSE"
2026-08-21 10:21:41.217,safety/suction_switch,"FALSE"
2026-08-21 10:21:41.217,rated_current_left,"0.000000"
2026-08-21 10:21:41.217,rated_current_right,"0.000000"
2026-08-21 10:21:41.227,particle_cloud,"count:800, spread:0.104404"
2026-08-21 10:21:41.234,odometry/filtered,"x:-1.443405, y:0.122884, yaw:-0.023790, cov_xx:0.001922, cov_yy:0.002030"
2026-08-21 10:21:41.248,rated_current_left,"0.000000"
2026-08-21 10:21:41.248,rated_current_right,"0.000000"
2026-08-21 10:21:41.255,odometry/filtered,"x:-1.443405, y:0.122884, yaw:-0.023790, cov_xx:0.001899, cov_yy:0.002005"
2026-08-21 10:21:41.268,safety/emergency_button,"FALSE"
2026-08-21 10:21:41.269,safety/left_bumper,"FALSE"
2026-08-21 10:21:41.269,safety/right_bumper,"FALSE"
2026-08-21 10:21:41.269,safety/suction_switch,"FALSE"
2026-08-21 10:21:41.280,rated_current_left,"0.000000"
2026-08-21 10:21:41.280,rated_current_right,"0.000000"
2026-08-21 10:21:41.295,odometry/filtered,"x:-1.443405, y:0.122884, yaw:-0.023791, cov_xx:0.001921, cov_yy:0.002030"
2026-08-21 10:21:41.299,robot_status,"ROBOT_STANDBY"
2026-08-21 10:21:41.312,rated_current_left,"0.000000"
2026-08-21 10:21:41.312,rated_current_right,"0.000000"
2026-08-21 10:21:41.315,odometry/filtered,"x:-1.443405, y:0.122884, yaw:-0.023791, cov_xx:0.001929, cov_yy:0.002039"
2026-08-21 10:21:41.316,safety/right_bumper,"FALSE"
2026-08-21 10:21:41.316,safety/emergency_button,"FALSE"
2026-08-21 10:21:41.318,safety/left_bumper,"FALSE"
2026-08-21 10:21:41.319,battery/status,"100.000000%"
2026-08-21 10:21:41.319,safety/suction_switch,"FALSE"
2026-08-21 10:21:41.344,rated_current_left,"0.000000"
2026-08-21 10:21:41.345,rated_current_right,"0.000000"
2026-08-21 10:21:41.355,odometry/filtered,"x:-1.443405, y:0.122884, yaw:-0.023791, cov_xx:0.001930, cov_yy:0.002040"
2026-08-21 10:21:41.366,safety/left_bumper,"FALSE"
2026-08-21 10:21:41.366,safety/right_bumper,"FALSE"
2026-08-21 10:21:41.367,safety/emergency_button,"FALSE"
2026-08-21 10:21:41.367,safety/suction_switch,"FALSE"
2026-08-21 10:21:41.375,rated_current_left,"0.000000"
2026-08-21 10:21:41.379,rated_current_right,"0.000000"
2026-08-21 10:21:41.394,odometry/filtered,"x:-1.443406, y:0.122884, yaw:-0.023791, cov_xx:0.001917, cov_yy:0.002026"
2026-08-21 10:21:41.408,rated_current_left,"0.000000"
2026-08-21 10:21:41.408,rated_current_right,"0.000000"
2026-08-21 10:21:41.415,odometry/filtered,"x:-1.443406, y:0.122884, yaw:-0.023792, cov_xx:0.001938, cov_yy:0.002049"
2026-08-21 10:21:41.420,battery/status,"100.000000%"
2026-08-21 10:21:41.420,safety/left_bumper,"FALSE"
2026-08-21 10:21:41.420,safety/right_bumper,"FALSE"
2026-08-21 10:21:41.420,safety/emergency_button,"FALSE"
2026-08-21 10:21:41.420,safety/suction_switch,"FALSE"
2026-08-21 10:21:41.426,particle_cloud,"count:800, spread:0.103637"
2026-08-21 10:21:41.443,rated_current_left,"0.000000"
2026-08-21 10:21:41.444,rated_current_right,"0.000000"
2026-08-21 10:21:41.455,odometry/filtered,"x:-1.443405, y:0.122884, yaw:-0.023792, cov_xx:0.001979, cov_yy:0.002094"
2026-08-21 10:21:41.470,safety/left_bumper,"FALSE"
2026-08-21 10:21:41.470,safety/right_bumper,"FALSE"
2026-08-21 10:21:41.470,safety/emergency_button,"FALSE"
2026-08-21 10:21:41.470,safety/suction_switch,"FALSE"
2026-08-21 10:21:41.472,rated_current_left,"0.000000"
2026-08-21 10:21:41.472,rated_current_right,"0.000000"
2026-08-21 10:21:41.478,odometry/filtered,"x:-1.443406, y:0.122884, yaw:-0.023792, cov_xx:0.001901, cov_yy:0.002008"
2026-08-21 10:21:41.503,rated_current_left,"0.000000"
2026-08-21 10:21:41.503,rated_current_right,"0.000000"
2026-08-21 10:21:41.515,odometry/filtered,"x:-1.443406, y:0.122884, yaw:-0.023792, cov_xx:0.001922, cov_yy:0.002031"
2026-08-21 10:21:41.520,safety/emergency_button,"FALSE"
2026-08-21 10:21:41.521,battery/status,"100.000000%"
2026-08-21 10:21:41.521,safety/left_bumper,"FALSE"
2026-08-21 10:21:41.521,safety/right_bumper,"FALSE"
2026-08-21 10:21:41.521,safety/suction_switch,"FALSE"
2026-08-21 10:21:41.537,rated_current_left,"0.000000"
2026-08-21 10:21:41.537,rated_current_right,"0.000000"
2026-08-21 10:21:41.555,odometry/filtered,"x:-1.443406, y:0.122884, yaw:-0.023793, cov_xx:0.001934, cov_yy:0.002045"
2026-08-21 10:21:41.566,safety/right_bumper,"FALSE"
2026-08-21 10:21:41.566,safety/emergency_button,"FALSE"
2026-08-21 10:21:41.566,safety/left_bumper,"FALSE"
2026-08-21 10:21:41.566,safety/suction_switch,"FALSE"
2026-08-21 10:21:41.568,rated_current_left,"0.000000"
2026-08-21 10:21:41.568,rated_current_right,"0.000000"
2026-08-21 10:21:41.575,odometry/filtered,"x:-1.443407, y:0.122884, yaw:-0.023793, cov_xx:0.001924, cov_yy:0.002033"
2026-08-21 10:21:41.596,system_resources,"cpu:60.6%, mem:33.7%, mem_used_mb:2570, mem_total_mb:7619"
2026-08-21 10:21:41.600,rated_current_left,"0.000000"
2026-08-21 10:21:41.600,rated_current_right,"0.000000"
2026-08-21 10:21:41.615,odometry/filtered,"x:-1.443407, y:0.122884, yaw:-0.023793, cov_xx:0.001935, cov_yy:0.002046"
2026-08-21 10:21:41.616,safety/emergency_button,"FALSE"
2026-08-21 10:21:41.617,battery/status,"100.000000%"
2026-08-21 10:21:41.617,safety/left_bumper,"FALSE"
2026-08-21 10:21:41.617,safety/right_bumper,"FALSE"
2026-08-21 10:21:41.617,safety/suction_switch,"FALSE"
2026-08-21 10:21:41.626,particle_cloud,"count:800, spread:0.107899"
2026-08-21 10:21:41.631,rated_current_left,"0.000000"
2026-08-21 10:21:41.631,rated_current_right,"0.000000"
2026-08-21 10:21:41.634,odometry/filtered,"x:-1.443407, y:0.122884, yaw:-0.023793, cov_xx:0.001926, cov_yy:0.002036"
2026-08-21 10:21:41.663,rated_current_left,"0.000000"
2026-08-21 10:21:41.663,rated_current_right,"0.000000"
2026-08-21 10:21:41.666,safety/emergency_button,"FALSE"
2026-08-21 10:21:41.667,safety/left_bumper,"FALSE"
2026-08-21 10:21:41.667,safety/right_bumper,"FALSE"
2026-08-21 10:21:41.667,safety/suction_switch,"FALSE"
2026-08-21 10:21:41.674,odometry/filtered,"x:-1.443407, y:0.122884, yaw:-0.023793, cov_xx:0.001927, cov_yy:0.002037"
2026-08-21 10:21:41.696,rated_current_left,"0.000000"
2026-08-21 10:21:41.696,rated_current_right,"0.000000"
2026-08-21 10:21:41.715,odometry/filtered,"x:-1.443407, y:0.122884, yaw:-0.023794, cov_xx:0.001924, cov_yy:0.002034"
2026-08-21 10:21:41.722,battery/status,"100.000000%"
2026-08-21 10:21:41.722,safety/left_bumper,"FALSE"
2026-08-21 10:21:41.723,safety/right_bumper,"FALSE"
2026-08-21 10:21:41.723,safety/emergency_button,"FALSE"
2026-08-21 10:21:41.723,safety/suction_switch,"FALSE"
2026-08-21 10:21:41.726,rated_current_left,"0.000000"
2026-08-21 10:21:41.726,rated_current_right,"0.000000"
2026-08-21 10:21:41.734,odometry/filtered,"x:-1.443407, y:0.122884, yaw:-0.023794, cov_xx:0.001929, cov_yy:0.002039"
2026-08-21 10:21:41.759,rated_current_left,"0.000000"
2026-08-21 10:21:41.759,rated_current_right,"0.000000"
2026-08-21 10:21:41.766,safety/left_bumper,"FALSE"
2026-08-21 10:21:41.766,safety/right_bumper,"FALSE"
2026-08-21 10:21:41.766,safety/emergency_button,"FALSE"
2026-08-21 10:21:41.766,safety/suction_switch,"FALSE"
2026-08-21 10:21:41.775,odometry/filtered,"x:-1.443407, y:0.122884, yaw:-0.023794, cov_xx:0.001941, cov_yy:0.002052"
2026-08-21 10:21:41.798,odometry/filtered,"x:-1.443407, y:0.122884, yaw:-0.023794, cov_xx:0.001926, cov_yy:0.002035"
2026-08-21 10:21:41.798,rated_current_left,"0.000000"
2026-08-21 10:21:41.798,rated_current_right,"0.000000"
2026-08-21 10:21:41.799,robot_status,"ROBOT_STANDBY"
2026-08-21 10:21:41.817,battery/status,"100.000000%"
2026-08-21 10:21:41.817,safety/left_bumper,"FALSE"
2026-08-21 10:21:41.817,safety/right_bumper,"FALSE"
2026-08-21 10:21:41.818,safety/emergency_button,"FALSE"
2026-08-21 10:21:41.818,safety/suction_switch,"FALSE"
2026-08-21 10:21:41.824,rated_current_left,"0.000000"
2026-08-21 10:21:41.826,rated_current_right,"0.000000"
2026-08-21 10:21:41.827,particle_cloud,"count:800, spread:0.105130"
2026-08-21 10:21:41.837,odometry/filtered,"x:-1.443407, y:0.122884, yaw:-0.023794, cov_xx:0.001957, cov_yy:0.002069"
2026-08-21 10:21:41.854,rated_current_left,"0.000000"
2026-08-21 10:21:41.855,rated_current_right,"0.000000"
2026-08-21 10:21:41.866,safety/emergency_button,"FALSE"
2026-08-21 10:21:41.866,safety/left_bumper,"FALSE"
2026-08-21 10:21:41.866,safety/right_bumper,"FALSE"
2026-08-21 10:21:41.866,safety/suction_switch,"FALSE"
2026-08-21 10:21:41.874,odometry/filtered,"x:-1.443408, y:0.122884, yaw:-0.023794, cov_xx:0.001913, cov_yy:0.002021"
2026-08-21 10:21:41.887,rated_current_left,"0.000000"
2026-08-21 10:21:41.888,rated_current_right,"0.000000"
2026-08-21 10:21:41.897,odometry/filtered,"x:-1.443408, y:0.122884, yaw:-0.023795, cov_xx:0.001940, cov_yy:0.002050"
2026-08-21 10:21:41.917,battery/status,"100.000000%"
2026-08-21 10:21:41.917,safety/left_bumper,"FALSE"
2026-08-21 10:21:41.917,safety/right_bumper,"FALSE"
2026-08-21 10:21:41.917,safety/emergency_button,"FALSE"
2026-08-21 10:21:41.918,safety/suction_switch,"FALSE"
2026-08-21 10:21:41.918,rated_current_left,"0.000000"
2026-08-21 10:21:41.918,rated_current_right,"0.000000"
2026-08-21 10:21:41.935,odometry/filtered,"x:-1.443408, y:0.122884, yaw:-0.023795, cov_xx:0.001925, cov_yy:0.002035"
2026-08-21 10:21:41.953,rated_current_left,"0.000000"
2026-08-21 10:21:41.954,rated_current_right,"0.000000"
2026-08-21 10:21:41.954,odometry/filtered,"x:-1.443408, y:0.122884, yaw:-0.023795, cov_xx:0.001928, cov_yy:0.002037"
2026-08-21 10:21:41.966,safety/left_bumper,"FALSE"
2026-08-21 10:21:41.966,safety/right_bumper,"FALSE"
2026-08-21 10:21:41.966,safety/emergency_button,"FALSE"
2026-08-21 10:21:41.967,safety/suction_switch,"FALSE"
2026-08-21 10:21:41.984,rated_current_left,"0.000000"
2026-08-21 10:21:41.984,rated_current_right,"0.000000"
2026-08-21 10:21:41.994,odometry/filtered,"x:-1.443408, y:0.122884, yaw:-0.023795, cov_xx:0.001939, cov_yy:0.002049"
2026-08-21 10:21:42.015,rated_current_left,"0.000000"
2026-08-21 10:21:42.015,rated_current_right,"0.000000"
2026-08-21 10:21:42.017,battery/status,"100.000000%"
2026-08-21 10:21:42.017,safety/left_bumper,"FALSE"
2026-08-21 10:21:42.017,safety/right_bumper,"FALSE"
2026-08-21 10:21:42.017,safety/emergency_button,"FALSE"
2026-08-21 10:21:42.018,safety/suction_switch,"FALSE"
2026-08-21 10:21:42.026,particle_cloud,"count:800, spread:0.103422"
2026-08-21 10:21:42.035,odometry/filtered,"x:-1.443408, y:0.122884, yaw:-0.023795, cov_xx:0.001926, cov_yy:0.002036"
2026-08-21 10:21:42.046,rated_current_left,"0.000000"
2026-08-21 10:21:42.046,rated_current_right,"0.000000"
2026-08-21 10:21:42.055,odometry/filtered,"x:-1.443408, y:0.122884, yaw:-0.023795, cov_xx:0.001934, cov_yy:0.002044"
2026-08-21 10:21:42.067,safety/emergency_button,"FALSE"
2026-08-21 10:21:42.067,safety/left_bumper,"FALSE"
2026-08-21 10:21:42.067,safety/right_bumper,"FALSE"
2026-08-21 10:21:42.067,safety/suction_switch,"FALSE"
2026-08-21 10:21:42.078,rated_current_left,"0.000000"
2026-08-21 10:21:42.079,rated_current_right,"0.000000"
2026-08-21 10:21:42.095,odometry/filtered,"x:-1.443409, y:0.122884, yaw:-0.023795, cov_xx:0.001930, cov_yy:0.002040"
2026-08-21 10:21:42.115,odometry/filtered,"x:-1.443408, y:0.122884, yaw:-0.023795, cov_xx:0.001968, cov_yy:0.002081"
2026-08-21 10:21:42.115,rated_current_left,"0.000000"
2026-08-21 10:21:42.115,rated_current_right,"0.000000"
2026-08-21 10:21:42.120,battery/status,"100.000000%"
2026-08-21 10:21:42.120,safety/left_bumper,"FALSE"
2026-08-21 10:21:42.120,safety/right_bumper,"FALSE"
2026-08-21 10:21:42.121,safety/emergency_button,"FALSE"
2026-08-21 10:21:42.121,safety/suction_switch,"FALSE"
2026-08-21 10:21:42.142,rated_current_left,"0.000000"
2026-08-21 10:21:42.142,rated_current_right,"0.000000"
2026-08-21 10:21:42.155,odometry/filtered,"x:-1.443409, y:0.122884, yaw:-0.023795, cov_xx:0.001917, cov_yy:0.002025"
2026-08-21 10:21:42.167,safety/left_bumper,"FALSE"
2026-08-21 10:21:42.167,safety/right_bumper,"FALSE"
2026-08-21 10:21:42.167,safety/emergency_button,"FALSE"
2026-08-21 10:21:42.167,safety/suction_switch,"FALSE"
2026-08-21 10:21:42.174,rated_current_left,"0.000000"
2026-08-21 10:21:42.175,rated_current_right,"0.000000"
2026-08-21 10:21:42.195,odometry/filtered,"x:-1.443409, y:0.122884, yaw:-0.023796, cov_xx:0.001924, cov_yy:0.002033"
2026-08-21 10:21:42.207,rated_current_left,"0.000000"
2026-08-21 10:21:42.207,rated_current_right,"0.000000"
2026-08-21 10:21:42.227,battery/status,"100.000000%"
2026-08-21 10:21:42.231,particle_cloud,"count:800, spread:0.104958"
2026-08-21 10:21:42.231,odometry/filtered,"x:-1.443409, y:0.122884, yaw:-0.023796, cov_xx:0.001946, cov_yy:0.002057"
2026-08-21 10:21:42.232,safety/left_bumper,"FALSE"
2026-08-21 10:21:42.232,safety/right_bumper,"FALSE"
2026-08-21 10:21:42.232,safety/emergency_button,"FALSE"
2026-08-21 10:21:42.232,safety/suction_switch,"FALSE"
2026-08-21 10:21:42.241,rated_current_left,"0.000000"
2026-08-21 10:21:42.241,rated_current_right,"0.000000"
2026-08-21 10:21:42.254,odometry/filtered,"x:-1.443409, y:0.122884, yaw:-0.023796, cov_xx:0.001916, cov_yy:0.002024"
2026-08-21 10:21:42.268,safety/left_bumper,"FALSE"
2026-08-21 10:21:42.269,safety/right_bumper,"FALSE"
2026-08-21 10:21:42.269,safety/emergency_button,"FALSE"
2026-08-21 10:21:42.269,safety/suction_switch,"FALSE"
2026-08-21 10:21:42.274,rated_current_left,"0.000000"
2026-08-21 10:21:42.275,rated_current_right,"0.000000"
2026-08-21 10:21:42.295,odometry/filtered,"x:-1.443409, y:0.122884, yaw:-0.023796, cov_xx:0.001987, cov_yy:0.002102"
2026-08-21 10:21:42.299,robot_status,"ROBOT_STANDBY"
2026-08-21 10:21:42.301,rated_current_left,"0.000000"
2026-08-21 10:21:42.302,rated_current_right,"0.000000"
2026-08-21 10:21:42.314,odometry/filtered,"x:-1.443410, y:0.122884, yaw:-0.023796, cov_xx:0.001890, cov_yy:0.001995"
2026-08-21 10:21:42.317,safety/emergency_button,"FALSE"
2026-08-21 10:21:42.318,battery/status,"100.000000%"
2026-08-21 10:21:42.318,safety/left_bumper,"FALSE"
2026-08-21 10:21:42.318,safety/right_bumper,"FALSE"
2026-08-21 10:21:42.318,safety/suction_switch,"FALSE"
2026-08-21 10:21:42.333,rated_current_left,"0.000000"
2026-08-21 10:21:42.334,rated_current_right,"0.000000"
2026-08-21 10:21:42.334,odometry/filtered,"x:-1.443410, y:0.122884, yaw:-0.023796, cov_xx:0.001910, cov_yy:0.002017"
2026-08-21 10:21:42.366,rated_current_left,"0.000000"
2026-08-21 10:21:42.366,rated_current_right,"0.000000"
2026-08-21 10:21:42.366,safety/left_bumper,"FALSE"
2026-08-21 10:21:42.366,safety/right_bumper,"FALSE"
2026-08-21 10:21:42.366,safety/emergency_button,"FALSE"
2026-08-21 10:21:42.366,safety/suction_switch,"FALSE"
2026-08-21 10:21:42.374,odometry/filtered,"x:-1.443410, y:0.122884, yaw:-0.023796, cov_xx:0.001932, cov_yy:0.002042"
2026-08-21 10:21:42.397,rated_current_left,"0.000000"
2026-08-21 10:21:42.401,rated_current_right,"0.000000"
2026-08-21 10:21:42.415,odometry/filtered,"x:-1.443410, y:0.122884, yaw:-0.023796, cov_xx:0.001920, cov_yy:0.002029"
2026-08-21 10:21:42.417,battery/status,"100.000000%"
2026-08-21 10:21:42.417,safety/left_bumper,"FALSE"
2026-08-21 10:21:42.417,safety/right_bumper,"FALSE"
2026-08-21 10:21:42.417,safety/emergency_button,"FALSE"
2026-08-21 10:21:42.417,safety/suction_switch,"FALSE"
2026-08-21 10:21:42.426,particle_cloud,"count:800, spread:0.106281"
2026-08-21 10:21:42.431,rated_current_left,"0.000000"
2026-08-21 10:21:42.431,rated_current_right,"0.000000"
2026-08-21 10:21:42.434,odometry/filtered,"x:-1.443410, y:0.122884, yaw:-0.023796, cov_xx:0.001942, cov_yy:0.002053"
2026-08-21 10:21:42.462,rated_current_left,"0.000000"
2026-08-21 10:21:42.462,rated_current_right,"0.000000"
2026-08-21 10:21:42.466,safety/emergency_button,"FALSE"
2026-08-21 10:21:42.467,safety/left_bumper,"FALSE"
2026-08-21 10:21:42.467,safety/right_bumper,"FALSE"
2026-08-21 10:21:42.467,safety/suction_switch,"FALSE"
2026-08-21 10:21:42.475,odometry/filtered,"x:-1.443410, y:0.122884, yaw:-0.023796, cov_xx:0.001939, cov_yy:0.002050"
2026-08-21 10:21:42.493,rated_current_left,"0.000000"
2026-08-21 10:21:42.493,rated_current_right,"0.000000"
2026-08-21 10:21:42.515,odometry/filtered,"x:-1.443410, y:0.122884, yaw:-0.023796, cov_xx:0.001922, cov_yy:0.002031"
2026-08-21 10:21:42.518,battery/status,"100.000000%"
2026-08-21 10:21:42.518,safety/left_bumper,"FALSE"
2026-08-21 10:21:42.518,safety/right_bumper,"FALSE"
2026-08-21 10:21:42.518,safety/emergency_button,"FALSE"
2026-08-21 10:21:42.518,safety/suction_switch,"FALSE"
2026-08-21 10:21:42.525,rated_current_left,"0.000000"
2026-08-21 10:21:42.525,rated_current_right,"0.000000"
2026-08-21 10:21:42.534,odometry/filtered,"x:-1.443410, y:0.122884, yaw:-0.023796, cov_xx:0.001929, cov_yy:0.002038"
2026-08-21 10:21:42.558,rated_current_left,"0.000000"
2026-08-21 10:21:42.558,rated_current_right,"0.000000"
2026-08-21 10:21:42.566,safety/emergency_button,"FALSE"
2026-08-21 10:21:42.566,safety/right_bumper,"FALSE"
2026-08-21 10:21:42.566,safety/left_bumper,"FALSE"
2026-08-21 10:21:42.566,safety/suction_switch,"FALSE"
2026-08-21 10:21:42.575,odometry/filtered,"x:-1.443410, y:0.122884, yaw:-0.023796, cov_xx:0.001946, cov_yy:0.002057"
2026-08-21 10:21:42.589,rated_current_left,"0.000000"
2026-08-21 10:21:42.589,rated_current_right,"0.000000"
2026-08-21 10:21:42.595,odometry/filtered,"x:-1.443411, y:0.122884, yaw:-0.023796, cov_xx:0.001917, cov_yy:0.002025"
2026-08-21 10:21:42.616,safety/left_bumper,"FALSE"
2026-08-21 10:21:42.617,safety/right_bumper,"FALSE"
2026-08-21 10:21:42.617,safety/emergency_button,"FALSE"
2026-08-21 10:21:42.617,battery/status,"100.000000%"
2026-08-21 10:21:42.617,safety/suction_switch,"FALSE"
2026-08-21 10:21:42.621,rated_current_left,"0.000000"
2026-08-21 10:21:42.621,rated_current_right,"0.000000"
2026-08-21 10:21:42.626,particle_cloud,"count:800, spread:0.103600"
2026-08-21 10:21:42.635,odometry/filtered,"x:-1.443411, y:0.122884, yaw:-0.023796, cov_xx:0.001928, cov_yy:0.002037"
2026-08-21 10:21:42.653,rated_current_left,"0.000000"
2026-08-21 10:21:42.654,rated_current_right,"0.000000"
2026-08-21 10:21:42.666,safety/emergency_button,"FALSE"
2026-08-21 10:21:42.666,safety/left_bumper,"FALSE"
2026-08-21 10:21:42.666,safety/right_bumper,"FALSE"
2026-08-21 10:21:42.666,safety/suction_switch,"FALSE"
2026-08-21 10:21:42.674,odometry/filtered,"x:-1.443411, y:0.122884, yaw:-0.023796, cov_xx:0.001931, cov_yy:0.002040"
2026-08-21 10:21:42.685,rated_current_left,"0.000000"
2026-08-21 10:21:42.687,rated_current_right,"0.000000"
2026-08-21 10:21:42.695,odometry/filtered,"x:-1.443411, y:0.122884, yaw:-0.023797, cov_xx:0.001941, cov_yy:0.002051"
2026-08-21 10:21:42.717,battery/status,"100.000000%"
2026-08-21 10:21:42.717,safety/left_bumper,"FALSE"
2026-08-21 10:21:42.717,safety/right_bumper,"FALSE"
2026-08-21 10:21:42.717,safety/emergency_button,"FALSE"
2026-08-21 10:21:42.717,safety/suction_switch,"FALSE"
2026-08-21 10:21:42.720,rated_current_left,"0.000000"
2026-08-21 10:21:42.721,rated_current_right,"0.000000"
2026-08-21 10:21:42.735,odometry/filtered,"x:-1.443411, y:0.122884, yaw:-0.023797, cov_xx:0.001975, cov_yy:0.002090"
2026-08-21 10:21:42.751,rated_current_left,"0.000000"
2026-08-21 10:21:42.752,rated_current_right,"0.000000"
2026-08-21 10:21:42.754,odometry/filtered,"x:-1.443411, y:0.122884, yaw:-0.023797, cov_xx:0.001923, cov_yy:0.002031"
2026-08-21 10:21:42.766,safety/left_bumper,"FALSE"
2026-08-21 10:21:42.766,safety/right_bumper,"FALSE"
2026-08-21 10:21:42.766,safety/emergency_button,"FALSE"
2026-08-21 10:21:42.766,safety/suction_switch,"FALSE"
2026-08-21 10:21:42.781,rated_current_left,"0.000000"
2026-08-21 10:21:42.781,rated_current_right,"0.000000"
2026-08-21 10:21:42.795,odometry/filtered,"x:-1.443416, y:0.122885, yaw:-0.023773, cov_xx:0.001907, cov_yy:0.002014"
2026-08-21 10:21:42.799,robot_status,"ROBOT_STANDBY"
2026-08-21 10:21:42.814,rated_current_left,"0.000000"
2026-08-21 10:21:42.815,rated_current_right,"0.000000"
2026-08-21 10:21:42.817,battery/status,"100.000000%"
2026-08-21 10:21:42.817,safety/left_bumper,"FALSE"
2026-08-21 10:21:42.817,safety/right_bumper,"FALSE"
2026-08-21 10:21:42.817,safety/emergency_button,"FALSE"
2026-08-21 10:21:42.817,safety/suction_switch,"FALSE"
2026-08-21 10:21:42.825,particle_cloud,"count:800, spread:0.099328"
2026-08-21 10:21:42.835,odometry/filtered,"x:-1.443419, y:0.122885, yaw:-0.023769, cov_xx:0.001932, cov_yy:0.002042"
2026-08-21 10:21:42.845,rated_current_left,"0.000000"
2026-08-21 10:21:42.846,rated_current_right,"0.000000"
2026-08-21 10:21:42.855,odometry/filtered,"x:-1.443420, y:0.122885, yaw:-0.023765, cov_xx:0.001931, cov_yy:0.002041"
2026-08-21 10:21:42.869,safety/left_bumper,"FALSE"
2026-08-21 10:21:42.869,safety/right_bumper,"FALSE"
2026-08-21 10:21:42.870,safety/emergency_button,"FALSE"
2026-08-21 10:21:42.870,safety/suction_switch,"FALSE"
2026-08-21 10:21:42.877,rated_current_left,"0.000000"
2026-08-21 10:21:42.878,rated_current_right,"0.000000"
2026-08-21 10:21:42.894,odometry/filtered,"x:-1.443422, y:0.122885, yaw:-0.023762, cov_xx:0.001932, cov_yy:0.002042"
2026-08-21 10:21:42.909,rated_current_left,"0.000000"
2026-08-21 10:21:42.909,rated_current_right,"0.000000"
2026-08-21 10:21:42.915,odometry/filtered,"x:-1.443422, y:0.122885, yaw:-0.023758, cov_xx:0.001927, cov_yy:0.002036"
2026-08-21 10:21:42.916,safety/right_bumper,"FALSE"
2026-08-21 10:21:42.916,safety/emergency_button,"FALSE"
2026-08-21 10:21:42.916,battery/status,"100.000000%"
2026-08-21 10:21:42.916,safety/left_bumper,"FALSE"
2026-08-21 10:21:42.916,safety/suction_switch,"FALSE"
2026-08-21 10:21:42.940,rated_current_left,"0.000000"
2026-08-21 10:21:42.940,rated_current_right,"0.000000"
2026-08-21 10:21:42.955,odometry/filtered,"x:-1.443423, y:0.122885, yaw:-0.023755, cov_xx:0.001926, cov_yy:0.002036"
2026-08-21 10:21:42.967,safety/emergency_button,"FALSE"
2026-08-21 10:21:42.967,safety/left_bumper,"FALSE"
2026-08-21 10:21:42.967,safety/right_bumper,"FALSE"
2026-08-21 10:21:42.967,safety/suction_switch,"FALSE"
2026-08-21 10:21:42.972,rated_current_left,"0.000000"
2026-08-21 10:21:42.973,rated_current_right,"0.000000"
2026-08-21 10:21:42.974,odometry/filtered,"x:-1.443423, y:0.122885, yaw:-0.023752, cov_xx:0.001924, cov_yy:0.002034"
2026-08-21 10:21:43.006,rated_current_left,"0.000000"
2026-08-21 10:21:43.006,rated_current_right,"0.000000"
2026-08-21 10:21:43.014,odometry/filtered,"x:-1.443423, y:0.122885, yaw:-0.023750, cov_xx:0.001960, cov_yy:0.002073"
2026-08-21 10:21:43.016,battery/status,"100.000000%"
2026-08-21 10:21:43.017,safety/left_bumper,"FALSE"
2026-08-21 10:21:43.017,safety/right_bumper,"FALSE"
2026-08-21 10:21:43.017,safety/emergency_button,"FALSE"
2026-08-21 10:21:43.017,safety/suction_switch,"FALSE"
2026-08-21 10:21:43.026,particle_cloud,"count:800, spread:0.097964"
2026-08-21 10:21:43.037,rated_current_left,"0.000000"
2026-08-21 10:21:43.037,rated_current_right,"0.000000"
2026-08-21 10:21:43.055,odometry/filtered,"x:-1.443424, y:0.122885, yaw:-0.023747, cov_xx:0.001928, cov_yy:0.002037"
2026-08-21 10:21:43.066,safety/emergency_button,"FALSE"
2026-08-21 10:21:43.068,safety/left_bumper,"FALSE"
2026-08-21 10:21:43.068,safety/right_bumper,"FALSE"
2026-08-21 10:21:43.068,safety/suction_switch,"FALSE"
2026-08-21 10:21:43.073,rated_current_left,"0.000000"
2026-08-21 10:21:43.074,odometry/filtered,"x:-1.443423, y:0.122885, yaw:-0.023745, cov_xx:0.001988, cov_yy:0.002103"
2026-08-21 10:21:43.078,rated_current_right,"0.000000"
2026-08-21 10:21:43.099,rated_current_left,"0.000000"
2026-08-21 10:21:43.100,rated_current_right,"0.000000"
2026-08-21 10:21:43.114,odometry/filtered,"x:-1.443424, y:0.122885, yaw:-0.023743, cov_xx:0.001878, cov_yy:0.001982"
2026-08-21 10:21:43.116,battery/status,"100.000000%"
2026-08-21 10:21:43.116,safety/left_bumper,"FALSE"
2026-08-21 10:21:43.116,safety/right_bumper,"FALSE"
2026-08-21 10:21:43.116,safety/emergency_button,"FALSE"
2026-08-21 10:21:43.116,safety/suction_switch,"FALSE"
2026-08-21 10:21:43.132,rated_current_left,"0.000000"
2026-08-21 10:21:43.132,rated_current_right,"0.000000"
2026-08-21 10:21:43.134,odometry/filtered,"x:-1.443424, y:0.122885, yaw:-0.023741, cov_xx:0.001920, cov_yy:0.002028"
2026-08-21 10:21:43.164,rated_current_left,"0.000000"
2026-08-21 10:21:43.164,rated_current_right,"0.000000"
2026-08-21 10:21:43.166,safety/right_bumper,"FALSE"
2026-08-21 10:21:43.166,safety/emergency_button,"FALSE"
2026-08-21 10:21:43.166,safety/left_bumper,"FALSE"
2026-08-21 10:21:43.166,safety/suction_switch,"FALSE"
2026-08-21 10:21:43.175,odometry/filtered,"x:-1.443424, y:0.122885, yaw:-0.023739, cov_xx:0.001929, cov_yy:0.002039"
2026-08-21 10:21:43.197,rated_current_left,"0.000000"
2026-08-21 10:21:43.198,rated_current_right,"0.000000"
2026-08-21 10:21:43.215,odometry/filtered,"x:-1.443424, y:0.122885, yaw:-0.023738, cov_xx:0.001931, cov_yy:0.002041"
2026-08-21 10:21:43.215,safety/emergency_button,"FALSE"
2026-08-21 10:21:43.216,safety/right_bumper,"FALSE"
2026-08-21 10:21:43.220,battery/status,"100.000000%"
2026-08-21 10:21:43.220,safety/left_bumper,"FALSE"
2026-08-21 10:21:43.220,safety/suction_switch,"FALSE"
2026-08-21 10:21:43.225,particle_cloud,"count:800, spread:0.107252"
2026-08-21 10:21:43.229,rated_current_left,"0.000000"
2026-08-21 10:21:43.229,rated_current_right,"0.000000"
2026-08-21 10:21:43.234,odometry/filtered,"x:-1.443424, y:0.122885, yaw:-0.023736, cov_xx:0.001932, cov_yy:0.002042"
2026-08-21 10:21:43.260,rated_current_left,"0.000000"
2026-08-21 10:21:43.260,rated_current_right,"0.000000"
2026-08-21 10:21:43.266,safety/emergency_button,"FALSE"
2026-08-21 10:21:43.266,safety/right_bumper,"FALSE"
2026-08-21 10:21:43.266,safety/left_bumper,"FALSE"
2026-08-21 10:21:43.266,safety/suction_switch,"FALSE"
2026-08-21 10:21:43.275,odometry/filtered,"x:-1.443424, y:0.122885, yaw:-0.023735, cov_xx:0.001933, cov_yy:0.002043"
2026-08-21 10:21:43.292,rated_current_left,"0.000000"
2026-08-21 10:21:43.292,rated_current_right,"0.000000"
2026-08-21 10:21:43.295,odometry/filtered,"x:-1.443424, y:0.122885, yaw:-0.023733, cov_xx:0.001934, cov_yy:0.002044"
2026-08-21 10:21:43.298,robot_status,"ROBOT_STANDBY"
2026-08-21 10:21:43.316,safety/right_bumper,"FALSE"
2026-08-21 10:21:43.316,safety/emergency_button,"FALSE"
2026-08-21 10:21:43.316,safety/left_bumper,"FALSE"
2026-08-21 10:21:43.317,battery/status,"100.000000%"
2026-08-21 10:21:43.317,safety/suction_switch,"FALSE"
2026-08-21 10:21:43.324,rated_current_left,"0.000000"
2026-08-21 10:21:43.324,rated_current_right,"0.000000"
2026-08-21 10:21:43.334,odometry/filtered,"x:-1.443424, y:0.122885, yaw:-0.023732, cov_xx:0.001935, cov_yy:0.002046"
2026-08-21 10:21:43.356,rated_current_left,"0.000000"
2026-08-21 10:21:43.356,rated_current_right,"0.000000"
2026-08-21 10:21:43.366,safety/left_bumper,"FALSE"
2026-08-21 10:21:43.366,safety/right_bumper,"FALSE"
2026-08-21 10:21:43.366,safety/emergency_button,"FALSE"
2026-08-21 10:21:43.366,safety/suction_switch,"FALSE"
2026-08-21 10:21:43.375,odometry/filtered,"x:-1.443424, y:0.122885, yaw:-0.023731, cov_xx:0.001919, cov_yy:0.002027"
2026-08-21 10:21:43.388,rated_current_left,"0.000000"
2026-08-21 10:21:43.388,rated_current_right,"0.000000"
2026-08-21 10:21:43.394,odometry/filtered,"x:-1.443424, y:0.122885, yaw:-0.023730, cov_xx:0.001938, cov_yy:0.002049"
2026-08-21 10:21:43.416,safety/left_bumper,"FALSE"
2026-08-21 10:21:43.416,safety/right_bumper,"FALSE"
2026-08-21 10:21:43.416,safety/emergency_button,"FALSE"
2026-08-21 10:21:43.416,safety/suction_switch,"FALSE"
2026-08-21 10:21:43.419,battery/status,"100.000000%"
2026-08-21 10:21:43.421,rated_current_left,"0.000000"
2026-08-21 10:21:43.421,rated_current_right,"0.000000"
2026-08-21 10:21:43.425,particle_cloud,"count:800, spread:0.102567"
2026-08-21 10:21:43.434,odometry/filtered,"x:-1.443424, y:0.122885, yaw:-0.023729, cov_xx:0.001945, cov_yy:0.002057"
2026-08-21 10:21:43.451,rated_current_left,"0.000000"
2026-08-21 10:21:43.451,rated_current_right,"0.000000"
2026-08-21 10:21:43.454,odometry/filtered,"x:-1.443424, y:0.122885, yaw:-0.023728, cov_xx:0.001916, cov_yy:0.002024"
2026-08-21 10:21:43.466,safety/left_bumper,"FALSE"
2026-08-21 10:21:43.466,safety/right_bumper,"FALSE"
2026-08-21 10:21:43.466,safety/emergency_button,"FALSE"
2026-08-21 10:21:43.466,safety/suction_switch,"FALSE"
2026-08-21 10:21:43.484,rated_current_left,"0.000000"
2026-08-21 10:21:43.484,rated_current_right,"0.000000"
2026-08-21 10:21:43.495,odometry/filtered,"x:-1.443424, y:0.122885, yaw:-0.023727, cov_xx:0.001930, cov_yy:0.002039"
2026-08-21 10:21:43.515,rated_current_left,"0.000000"
2026-08-21 10:21:43.517,battery/status,"100.000000%"
2026-08-21 10:21:43.517,safety/left_bumper,"FALSE"
2026-08-21 10:21:43.517,safety/right_bumper,"FALSE"
2026-08-21 10:21:43.517,safety/emergency_button,"FALSE"
2026-08-21 10:21:43.517,safety/suction_switch,"FALSE"
2026-08-21 10:21:43.517,rated_current_right,"0.000000"
2026-08-21 10:21:43.538,odometry/filtered,"x:-1.443424, y:0.122885, yaw:-0.023727, cov_xx:0.001931, cov_yy:0.002041"
2026-08-21 10:21:43.547,rated_current_left,"0.000000"
2026-08-21 10:21:43.547,rated_current_right,"0.000000"
2026-08-21 10:21:43.555,odometry/filtered,"x:-1.443425, y:0.122885, yaw:-0.023726, cov_xx:0.001931, cov_yy:0.002041"
2026-08-21 10:21:43.566,safety/emergency_button,"FALSE"
2026-08-21 10:21:43.566,safety/right_bumper,"FALSE"
2026-08-21 10:21:43.566,safety/left_bumper,"FALSE"
2026-08-21 10:21:43.566,safety/suction_switch,"FALSE"
2026-08-21 10:21:43.579,rated_current_left,"0.000000"
2026-08-21 10:21:43.580,rated_current_right,"0.000000"
2026-08-21 10:21:43.594,odometry/filtered,"x:-1.443425, y:0.122885, yaw:-0.023726, cov_xx:0.001934, cov_yy:0.002045"
2026-08-21 10:21:43.613,rated_current_left,"0.000000"
2026-08-21 10:21:43.613,rated_current_right,"0.000000"
2026-08-21 10:21:43.614,odometry/filtered,"x:-1.443425, y:0.122885, yaw:-0.023725, cov_xx:0.001934, cov_yy:0.002044"
2026-08-21 10:21:43.617,battery/status,"100.000000%"
2026-08-21 10:21:43.617,safety/left_bumper,"FALSE"
2026-08-21 10:21:43.617,safety/right_bumper,"FALSE"
2026-08-21 10:21:43.617,safety/emergency_button,"FALSE"
2026-08-21 10:21:43.618,safety/suction_switch,"FALSE"
2026-08-21 10:21:43.629,particle_cloud,"count:800, spread:0.105560"
2026-08-21 10:21:43.644,rated_current_left,"0.000000"
2026-08-21 10:21:43.645,rated_current_right,"0.000000"
2026-08-21 10:21:43.655,odometry/filtered,"x:-1.443425, y:0.122885, yaw:-0.023724, cov_xx:0.001945, cov_yy:0.002056"
2026-08-21 10:21:43.667,safety/left_bumper,"FALSE"
2026-08-21 10:21:43.667,safety/right_bumper,"FALSE"
2026-08-21 10:21:43.667,safety/emergency_button,"FALSE"
2026-08-21 10:21:43.667,safety/suction_switch,"FALSE"
2026-08-21 10:21:43.675,rated_current_left,"0.000000"
2026-08-21 10:21:43.677,rated_current_right,"0.000000"
2026-08-21 10:21:43.695,odometry/filtered,"x:-1.443425, y:0.122885, yaw:-0.023724, cov_xx:0.001920, cov_yy:0.002028"
2026-08-21 10:21:43.709,rated_current_left,"0.000000"
2026-08-21 10:21:43.711,rated_current_right,"0.000000"
2026-08-21 10:21:43.715,odometry/filtered,"x:-1.443425, y:0.122885, yaw:-0.023724, cov_xx:0.001956, cov_yy:0.002068"
2026-08-21 10:21:43.716,battery/status,"100.000000%"
2026-08-21 10:21:43.716,safety/left_bumper,"FALSE"
2026-08-21 10:21:43.716,safety/right_bumper,"FALSE"
2026-08-21 10:21:43.717,safety/emergency_button,"FALSE"
2026-08-21 10:21:43.717,safety/suction_switch,"FALSE"
2026-08-21 10:21:43.739,rated_current_left,"0.000000"
2026-08-21 10:21:43.739,rated_current_right,"0.000000"
2026-08-21 10:21:43.755,odometry/filtered,"x:-1.443425, y:0.122885, yaw:-0.023723, cov_xx:0.001911, cov_yy:0.002018"
2026-08-21 10:21:43.766,safety/right_bumper,"FALSE"
2026-08-21 10:21:43.766,safety/emergency_button,"FALSE"
2026-08-21 10:21:43.767,safety/left_bumper,"FALSE"
2026-08-21 10:21:43.767,safety/suction_switch,"FALSE"
2026-08-21 10:21:43.772,rated_current_left,"0.000000"
2026-08-21 10:21:43.773,rated_current_right,"0.000000"
2026-08-21 10:21:43.775,odometry/filtered,"x:-1.443425, y:0.122885, yaw:-0.023723, cov_xx:0.001928, cov_yy:0.002038"
2026-08-21 10:21:43.800,robot_status,"ROBOT_STANDBY"
2026-08-21 10:21:43.803,rated_current_left,"0.000000"
2026-08-21 10:21:43.804,rated_current_right,"0.000000"
2026-08-21 10:21:43.815,odometry/filtered,"x:-1.443425, y:0.122885, yaw:-0.023723, cov_xx:0.001936, cov_yy:0.002047"
2026-08-21 10:21:43.817,battery/status,"100.000000%"
2026-08-21 10:21:43.817,safety/left_bumper,"FALSE"
2026-08-21 10:21:43.817,safety/right_bumper,"FALSE"
2026-08-21 10:21:43.817,safety/emergency_button,"FALSE"
2026-08-21 10:21:43.817,safety/suction_switch,"FALSE"
2026-08-21 10:21:43.826,particle_cloud,"count:800, spread:0.104676"
2026-08-21 10:21:43.836,rated_current_left,"0.000000"
2026-08-21 10:21:43.837,rated_current_right,"0.000000"
2026-08-21 10:21:43.855,odometry/filtered,"x:-1.443425, y:0.122885, yaw:-0.023722, cov_xx:0.001944, cov_yy:0.002055"
2026-08-21 10:21:43.866,safety/emergency_button,"FALSE"
2026-08-21 10:21:43.867,safety/left_bumper,"FALSE"
2026-08-21 10:21:43.867,safety/right_bumper,"FALSE"
2026-08-21 10:21:43.867,safety/suction_switch,"FALSE"
2026-08-21 10:21:43.868,rated_current_left,"0.000000"
2026-08-21 10:21:43.868,rated_current_right,"0.000000"
2026-08-21 10:21:43.875,odometry/filtered,"x:-1.443425, y:0.122885, yaw:-0.023722, cov_xx:0.001921, cov_yy:0.002029"
2026-08-21 10:21:43.901,rated_current_left,"0.000000"
2026-08-21 10:21:43.903,rated_current_right,"0.000000"
2026-08-21 10:21:43.915,odometry/filtered,"x:-1.443425, y:0.122885, yaw:-0.023722, cov_xx:0.001949, cov_yy:0.002061"
2026-08-21 10:21:43.915,safety/emergency_button,"FALSE"
2026-08-21 10:21:43.916,battery/status,"100.000000%"
2026-08-21 10:21:43.916,safety/left_bumper,"FALSE"
2026-08-21 10:21:43.916,safety/right_bumper,"FALSE"
2026-08-21 10:21:43.917,safety/suction_switch,"FALSE"
2026-08-21 10:21:43.931,rated_current_left,"0.000000"
2026-08-21 10:21:43.931,rated_current_right,"0.000000"
2026-08-21 10:21:43.934,odometry/filtered,"x:-1.443425, y:0.122885, yaw:-0.023722, cov_xx:0.001923, cov_yy:0.002031"
2026-08-21 10:21:43.962,rated_current_left,"0.000000"
2026-08-21 10:21:43.962,rated_current_right,"0.000000"
2026-08-21 10:21:43.966,safety/left_bumper,"FALSE"
2026-08-21 10:21:43.966,safety/right_bumper,"FALSE"
2026-08-21 10:21:43.966,safety/emergency_button,"FALSE"
2026-08-21 10:21:43.966,safety/suction_switch,"FALSE"
2026-08-21 10:21:43.976,odometry/filtered,"x:-1.443426, y:0.122885, yaw:-0.023722, cov_xx:0.001920, cov_yy:0.002028"
2026-08-21 10:21:43.994,rated_current_left,"0.000000"
2026-08-21 10:21:43.994,rated_current_right,"0.000000"
2026-08-21 10:21:44.015,odometry/filtered,"x:-1.443426, y:0.122885, yaw:-0.023722, cov_xx:0.001917, cov_yy:0.002026"
2026-08-21 10:21:44.016,safety/left_bumper,"FALSE"
2026-08-21 10:21:44.016,safety/right_bumper,"FALSE"
2026-08-21 10:21:44.016,safety/emergency_button,"FALSE"
2026-08-21 10:21:44.016,safety/suction_switch,"FALSE"
2026-08-21 10:21:44.017,battery/status,"100.000000%"
2026-08-21 10:21:44.025,particle_cloud,"count:800, spread:0.106536"
2026-08-21 10:21:44.028,rated_current_left,"0.000000"
2026-08-21 10:21:44.028,rated_current_right,"0.000000"
2026-08-21 10:21:44.034,odometry/filtered,"x:-1.443426, y:0.122885, yaw:-0.023721, cov_xx:0.001930, cov_yy:0.002039"
2026-08-21 10:21:44.059,rated_current_left,"0.000000"
2026-08-21 10:21:44.059,rated_current_right,"0.000000"
2026-08-21 10:21:44.065,safety/emergency_button,"FALSE"
2026-08-21 10:21:44.066,safety/left_bumper,"FALSE"
2026-08-21 10:21:44.066,safety/right_bumper,"FALSE"
2026-08-21 10:21:44.066,safety/suction_switch,"FALSE"
2026-08-21 10:21:44.076,odometry/filtered,"x:-1.443426, y:0.122885, yaw:-0.023721, cov_xx:0.001947, cov_yy:0.002058"
2026-08-21 10:21:44.094,rated_current_left,"0.000000"
2026-08-21 10:21:44.094,rated_current_right,"0.000000"
2026-08-21 10:21:44.096,odometry/filtered,"x:-1.443426, y:0.122885, yaw:-0.023721, cov_xx:0.001944, cov_yy:0.002055"
2026-08-21 10:21:44.116,safety/emergency_button,"FALSE"
2026-08-21 10:21:44.116,safety/left_bumper,"FALSE"
2026-08-21 10:21:44.116,safety/right_bumper,"FALSE"
2026-08-21 10:21:44.116,safety/suction_switch,"FALSE"
2026-08-21 10:21:44.116,battery/status,"100.000000%"
2026-08-21 10:21:44.123,rated_current_left,"0.000000"
2026-08-21 10:21:44.123,rated_current_right,"0.000000"
2026-08-21 10:21:44.135,odometry/filtered,"x:-1.443426, y:0.122885, yaw:-0.023721, cov_xx:0.001933, cov_yy:0.002043"
2026-08-21 10:21:44.154,rated_current_left,"0.000000"
2026-08-21 10:21:44.154,rated_current_right,"0.000000"
2026-08-21 10:21:44.166,safety/left_bumper,"FALSE"
2026-08-21 10:21:44.166,safety/right_bumper,"FALSE"
2026-08-21 10:21:44.166,safety/emergency_button,"FALSE"
2026-08-21 10:21:44.166,safety/suction_switch,"FALSE"
2026-08-21 10:21:44.174,odometry/filtered,"x:-1.443426, y:0.122885, yaw:-0.023721, cov_xx:0.001915, cov_yy:0.002023"
2026-08-21 10:21:44.186,rated_current_left,"0.000000"
2026-08-21 10:21:44.186,rated_current_right,"0.000000"
2026-08-21 10:21:44.195,odometry/filtered,"x:-1.443426, y:0.122885, yaw:-0.023721, cov_xx:0.001928, cov_yy:0.002037"
2026-08-21 10:21:44.218,battery/status,"100.000000%"
2026-08-21 10:21:44.219,safety/left_bumper,"FALSE"
2026-08-21 10:21:44.219,safety/right_bumper,"FALSE"
2026-08-21 10:21:44.219,safety/emergency_button,"FALSE"
2026-08-21 10:21:44.219,safety/suction_switch,"FALSE"
2026-08-21 10:21:44.223,rated_current_left,"0.000000"
2026-08-21 10:21:44.223,rated_current_right,"0.000000"
2026-08-21 10:21:44.226,particle_cloud,"count:800, spread:0.099785"
2026-08-21 10:21:44.239,odometry/filtered,"x:-1.443426, y:0.122885, yaw:-0.023721, cov_xx:0.001964, cov_yy:0.002078"
2026-08-21 10:21:44.249,rated_current_left,"0.000000"
2026-08-21 10:21:44.251,rated_current_right,"0.000000"
2026-08-21 10:21:44.255,odometry/filtered,"x:-1.443426, y:0.122885, yaw:-0.023721, cov_xx:0.001903, cov_yy:0.002009"
2026-08-21 10:21:44.265,safety/emergency_button,"FALSE"
2026-08-21 10:21:44.268,safety/left_bumper,"FALSE"
2026-08-21 10:21:44.268,safety/right_bumper,"FALSE"
2026-08-21 10:21:44.268,safety/suction_switch,"FALSE"
2026-08-21 10:21:44.285,rated_current_left,"0.000000"
2026-08-21 10:21:44.285,rated_current_right,"0.000000"
2026-08-21 10:21:44.296,odometry/filtered,"x:-1.443426, y:0.122885, yaw:-0.023721, cov_xx:0.001932, cov_yy:0.002042"
2026-08-21 10:21:44.298,robot_status,"ROBOT_STANDBY"
2026-08-21 10:21:44.314,rated_current_left,"0.000000"
2026-08-21 10:21:44.315,rated_current_right,"0.000000"
2026-08-21 10:21:44.315,safety/emergency_button,"FALSE"
2026-08-21 10:21:44.316,safety/right_bumper,"FALSE"
2026-08-21 10:21:44.316,safety/left_bumper,"FALSE"
2026-08-21 10:21:44.317,battery/status,"100.000000%"
2026-08-21 10:21:44.317,safety/suction_switch,"FALSE"
2026-08-21 10:21:44.334,odometry/filtered,"x:-1.443426, y:0.122885, yaw:-0.023721, cov_xx:0.001931, cov_yy:0.002040"
2026-08-21 10:21:44.346,rated_current_left,"0.000000"
2026-08-21 10:21:44.346,rated_current_right,"0.000000"
2026-08-21 10:21:44.354,odometry/filtered,"x:-1.443426, y:0.122885, yaw:-0.023721, cov_xx:0.001935, cov_yy:0.002045"
2026-08-21 10:21:44.365,safety/emergency_button,"FALSE"
2026-08-21 10:21:44.366,safety/left_bumper,"FALSE"
2026-08-21 10:21:44.366,safety/right_bumper,"FALSE"
2026-08-21 10:21:44.366,safety/suction_switch,"FALSE"
2026-08-21 10:21:44.378,rated_current_left,"0.000000"
2026-08-21 10:21:44.378,rated_current_right,"0.000000"
2026-08-21 10:21:44.395,odometry/filtered,"x:-1.443426, y:0.122885, yaw:-0.023721, cov_xx:0.001935, cov_yy:0.002045"
2026-08-21 10:21:44.410,rated_current_left,"0.000000"
2026-08-21 10:21:44.411,rated_current_right,"0.000000"
2026-08-21 10:21:44.420,battery/status,"100.000000%"
2026-08-21 10:21:44.421,odometry/filtered,"x:-1.443426, y:0.122885, yaw:-0.023721, cov_xx:0.001938, cov_yy:0.002049"
2026-08-21 10:21:44.421,safety/left_bumper,"FALSE"
2026-08-21 10:21:44.421,safety/right_bumper,"FALSE"
2026-08-21 10:21:44.421,safety/emergency_button,"FALSE"
2026-08-21 10:21:44.421,safety/suction_switch,"FALSE"
2026-08-21 10:21:44.426,particle_cloud,"count:800, spread:0.102769"
2026-08-21 10:21:44.442,rated_current_left,"0.000000"
2026-08-21 10:21:44.442,rated_current_right,"0.000000"
2026-08-21 10:21:44.455,odometry/filtered,"x:-1.443426, y:0.122885, yaw:-0.023721, cov_xx:0.001939, cov_yy:0.002050"
2026-08-21 10:21:44.465,safety/emergency_button,"FALSE"
2026-08-21 10:21:44.466,safety/left_bumper,"FALSE"
2026-08-21 10:21:44.466,safety/right_bumper,"FALSE"
2026-08-21 10:21:44.466,safety/suction_switch,"FALSE"
2026-08-21 10:21:44.474,rated_current_left,"0.000000"
2026-08-21 10:21:44.474,rated_current_right,"0.000000"
2026-08-21 10:21:44.494,odometry/filtered,"x:-1.443427, y:0.122885, yaw:-0.023721, cov_xx:0.001919, cov_yy:0.002027"
2026-08-21 10:21:44.506,rated_current_left,"0.000000"
2026-08-21 10:21:44.506,rated_current_right,"0.000000"
2026-08-21 10:21:44.515,odometry/filtered,"x:-1.443427, y:0.122885, yaw:-0.023721, cov_xx:0.001928, cov_yy:0.002037"
2026-08-21 10:21:44.516,battery/status,"100.000000%"
2026-08-21 10:21:44.516,safety/left_bumper,"FALSE"
2026-08-21 10:21:44.516,safety/right_bumper,"FALSE"
2026-08-21 10:21:44.516,safety/emergency_button,"FALSE"
2026-08-21 10:21:44.516,safety/suction_switch,"FALSE"
2026-08-21 10:21:44.537,rated_current_left,"0.000000"
2026-08-21 10:21:44.538,rated_current_right,"0.000000"
2026-08-21 10:21:44.555,odometry/filtered,"x:-1.443427, y:0.122885, yaw:-0.023721, cov_xx:0.001923, cov_yy:0.002032"
2026-08-21 10:21:44.566,safety/emergency_button,"FALSE"
2026-08-21 10:21:44.566,safety/left_bumper,"FALSE"
2026-08-21 10:21:44.566,safety/right_bumper,"FALSE"
2026-08-21 10:21:44.566,safety/suction_switch,"FALSE"
2026-08-21 10:21:44.570,rated_current_left,"0.000000"
2026-08-21 10:21:44.570,rated_current_right,"0.000000"
2026-08-21 10:21:44.574,odometry/filtered,"x:-1.443427, y:0.122885, yaw:-0.023721, cov_xx:0.001938, cov_yy:0.002049"
2026-08-21 10:21:44.601,rated_current_left,"0.000000"
2026-08-21 10:21:44.603,rated_current_right,"0.000000"
2026-08-21 10:21:44.615,odometry/filtered,"x:-1.443427, y:0.122885, yaw:-0.023721, cov_xx:0.001931, cov_yy:0.002041"
2026-08-21 10:21:44.616,safety/emergency_button,"FALSE"
2026-08-21 10:21:44.617,battery/status,"100.000000%"
2026-08-21 10:21:44.617,safety/left_bumper,"FALSE"
2026-08-21 10:21:44.617,safety/right_bumper,"FALSE"
2026-08-21 10:21:44.617,safety/suction_switch,"FALSE"
2026-08-21 10:21:44.626,particle_cloud,"count:800, spread:0.103298"
2026-08-21 10:21:44.633,rated_current_left,"0.000000"
2026-08-21 10:21:44.634,rated_current_right,"0.000000"
2026-08-21 10:21:44.654,odometry/filtered,"x:-1.443427, y:0.122885, yaw:-0.023721, cov_xx:0.001933, cov_yy:0.002043"
2026-08-21 10:21:44.666,safety/right_bumper,"FALSE"
2026-08-21 10:21:44.666,safety/emergency_button,"FALSE"
2026-08-21 10:21:44.666,safety/left_bumper,"FALSE"
2026-08-21 10:21:44.666,safety/suction_switch,"FALSE"
2026-08-21 10:21:44.671,rated_current_left,"0.000000"
2026-08-21 10:21:44.671,rated_current_right,"0.000000"
2026-08-21 10:21:44.674,odometry/filtered,"x:-1.443427, y:0.122885, yaw:-0.023721, cov_xx:0.001936, cov_yy:0.002046"
2026-08-21 10:21:44.698,rated_current_left,"0.000000"
2026-08-21 10:21:44.698,rated_current_right,"0.000000"
2026-08-21 10:21:44.716,odometry/filtered,"x:-1.443427, y:0.122885, yaw:-0.023721, cov_xx:0.001943, cov_yy:0.002054"
2026-08-21 10:21:44.716,safety/right_bumper,"FALSE"
2026-08-21 10:21:44.716,safety/emergency_button,"FALSE"
2026-08-21 10:21:44.717,battery/status,"100.000000%"
2026-08-21 10:21:44.717,safety/left_bumper,"FALSE"
2026-08-21 10:21:44.717,safety/suction_switch,"FALSE"
2026-08-21 10:21:44.729,rated_current_left,"0.000000"
2026-08-21 10:21:44.730,rated_current_right,"0.000000"
2026-08-21 10:21:44.734,odometry/filtered,"x:-1.443427, y:0.122885, yaw:-0.023721, cov_xx:0.001927, cov_yy:0.002036"
2026-08-21 10:21:44.760,rated_current_left,"0.000000"
2026-08-21 10:21:44.762,rated_current_right,"0.000000"
2026-08-21 10:21:44.768,safety/left_bumper,"FALSE"
2026-08-21 10:21:44.769,safety/right_bumper,"FALSE"
2026-08-21 10:21:44.769,safety/emergency_button,"FALSE"
2026-08-21 10:21:44.769,safety/suction_switch,"FALSE"
2026-08-21 10:21:44.775,odometry/filtered,"x:-1.443427, y:0.122885, yaw:-0.023721, cov_xx:0.001915, cov_yy:0.002023"
2026-08-21 10:21:44.794,rated_current_left,"0.000000"
2026-08-21 10:21:44.794,rated_current_right,"0.000000"
2026-08-21 10:21:44.797,robot_status,"ROBOT_STANDBY"
2026-08-21 10:21:44.818,odometry/filtered,"x:-1.443427, y:0.122885, yaw:-0.023721, cov_xx:0.001934, cov_yy:0.002044"
2026-08-21 10:21:44.818,battery/status,"100.000000%"
2026-08-21 10:21:44.818,safety/left_bumper,"FALSE"
2026-08-21 10:21:44.818,safety/right_bumper,"FALSE"
2026-08-21 10:21:44.818,safety/emergency_button,"FALSE"
2026-08-21 10:21:44.818,safety/suction_switch,"FALSE"
2026-08-21 10:21:44.825,rated_current_left,"0.000000"
2026-08-21 10:21:44.827,rated_current_right,"0.000000"
2026-08-21 10:21:44.827,particle_cloud,"count:800, spread:0.104401"
2026-08-21 10:21:44.834,odometry/filtered,"x:-1.443427, y:0.122885, yaw:-0.023721, cov_xx:0.001927, cov_yy:0.002037"
2026-08-21 10:21:44.857,rated_current_left,"0.000000"
2026-08-21 10:21:44.857,rated_current_right,"0.000000"
2026-08-21 10:21:44.865,safety/emergency_button,"FALSE"
2026-08-21 10:21:44.865,safety/left_bumper,"FALSE"
2026-08-21 10:21:44.865,safety/right_bumper,"FALSE"
2026-08-21 10:21:44.865,safety/suction_switch,"FALSE"
2026-08-21 10:21:44.874,odometry/filtered,"x:-1.443427, y:0.122885, yaw:-0.023721, cov_xx:0.001932, cov_yy:0.002042"
2026-08-21 10:21:44.893,rated_current_left,"0.000000"
2026-08-21 10:21:44.893,rated_current_right,"0.000000"
2026-08-21 10:21:44.895,odometry/filtered,"x:-1.443427, y:0.122885, yaw:-0.023721, cov_xx:0.001981, cov_yy:0.002095"
2026-08-21 10:21:44.915,safety/left_bumper,"FALSE"
2026-08-21 10:21:44.915,safety/right_bumper,"FALSE"
2026-08-21 10:21:44.916,safety/emergency_button,"FALSE"
2026-08-21 10:21:44.916,battery/status,"100.000000%"
2026-08-21 10:21:44.916,safety/suction_switch,"FALSE"
2026-08-21 10:21:44.923,rated_current_left,"0.000000"
2026-08-21 10:21:44.923,rated_current_right,"0.000000"
2026-08-21 10:21:44.934,odometry/filtered,"x:-1.443428, y:0.122885, yaw:-0.023722, cov_xx:0.001926, cov_yy:0.002034"
2026-08-21 10:21:44.952,rated_current_left,"0.000000"
2026-08-21 10:21:44.952,rated_current_right,"0.000000"
2026-08-21 10:21:44.955,odometry/filtered,"x:-1.443428, y:0.122885, yaw:-0.023722, cov_xx:0.001908, cov_yy:0.002015"
2026-08-21 10:21:44.966,safety/left_bumper,"FALSE"
2026-08-21 10:21:44.967,safety/right_bumper,"FALSE"
2026-08-21 10:21:44.967,safety/emergency_button,"FALSE"
2026-08-21 10:21:44.967,safety/suction_switch,"FALSE"
2026-08-21 10:21:44.990,rated_current_left,"0.000000"
2026-08-21 10:21:44.990,rated_current_right,"0.000000"
2026-08-21 10:21:44.995,odometry/filtered,"x:-1.443427, y:0.122885, yaw:-0.023722, cov_xx:0.001976, cov_yy:0.002090"
2026-08-21 10:21:45.015,safety/left_bumper,"FALSE"
2026-08-21 10:21:45.015,safety/right_bumper,"FALSE"
2026-08-21 10:21:45.015,safety/emergency_button,"FALSE"
2026-08-21 10:21:45.016,safety/suction_switch,"FALSE"
2026-08-21 10:21:45.016,battery/status,"100.000000%"
2026-08-21 10:21:45.018,rated_current_left,"0.000000"
2026-08-21 10:21:45.018,rated_current_right,"0.000000"
2026-08-21 10:21:45.026,particle_cloud,"count:800, spread:0.103630"
2026-08-21 10:21:45.035,odometry/filtered,"x:-1.443428, y:0.122885, yaw:-0.023722, cov_xx:0.001927, cov_yy:0.002036"
2026-08-21 10:21:45.049,rated_current_left,"0.000000"
2026-08-21 10:21:45.049,rated_current_right,"0.000000"
2026-08-21 10:21:45.055,odometry/filtered,"x:-1.443428, y:0.122885, yaw:-0.023722, cov_xx:0.001899, cov_yy:0.002005"
2026-08-21 10:21:45.065,safety/emergency_button,"FALSE"
2026-08-21 10:21:45.070,safety/right_bumper,"FALSE"
2026-08-21 10:21:45.070,safety/left_bumper,"FALSE"
2026-08-21 10:21:45.070,safety/suction_switch,"FALSE"
2026-08-21 10:21:45.082,rated_current_left,"0.000000"
2026-08-21 10:21:45.082,rated_current_right,"0.000000"
2026-08-21 10:21:45.095,odometry/filtered,"x:-1.443428, y:0.122885, yaw:-0.023722, cov_xx:0.001910, cov_yy:0.002018"
2026-08-21 10:21:45.117,battery/status,"100.000000%"
2026-08-21 10:21:45.118,odometry/filtered,"x:-1.443428, y:0.122885, yaw:-0.023722, cov_xx:0.001941, cov_yy:0.002052"
2026-08-21 10:21:45.118,safety/left_bumper,"FALSE"
2026-08-21 10:21:45.118,safety/right_bumper,"FALSE"
2026-08-21 10:21:45.118,safety/emergency_button,"FALSE"
2026-08-21 10:21:45.118,safety/suction_switch,"FALSE"
2026-08-21 10:21:45.118,rated_current_left,"0.000000"
2026-08-21 10:21:45.118,rated_current_right,"0.000000"
2026-08-21 10:21:45.145,rated_current_left,"0.000000"
2026-08-21 10:21:45.146,rated_current_right,"0.000000"
2026-08-21 10:21:45.156,odometry/filtered,"x:-1.443428, y:0.122885, yaw:-0.023722, cov_xx:0.001938, cov_yy:0.002048"
2026-08-21 10:21:45.165,safety/left_bumper,"FALSE"
2026-08-21 10:21:45.165,safety/right_bumper,"FALSE"
2026-08-21 10:21:45.165,safety/emergency_button,"FALSE"
2026-08-21 10:21:45.166,safety/suction_switch,"FALSE"
2026-08-21 10:21:45.178,rated_current_left,"0.000000"
2026-08-21 10:21:45.178,rated_current_right,"0.000000"
2026-08-21 10:21:45.195,odometry/filtered,"x:-1.443428, y:0.122885, yaw:-0.023722, cov_xx:0.001932, cov_yy:0.002042"
2026-08-21 10:21:45.208,rated_current_left,"0.000000"
2026-08-21 10:21:45.209,rated_current_right,"0.000000"
2026-08-21 10:21:45.215,odometry/filtered,"x:-1.443428, y:0.122885, yaw:-0.023722, cov_xx:0.001925, cov_yy:0.002034"
2026-08-21 10:21:45.216,safety/left_bumper,"FALSE"
2026-08-21 10:21:45.216,safety/right_bumper,"FALSE"
2026-08-21 10:21:45.216,safety/emergency_button,"FALSE"
2026-08-21 10:21:45.216,safety/suction_switch,"FALSE"
2026-08-21 10:21:45.216,battery/status,"100.000000%"
2026-08-21 10:21:45.225,particle_cloud,"count:800, spread:0.106425"
2026-08-21 10:21:45.240,rated_current_left,"0.000000"
2026-08-21 10:21:45.240,rated_current_right,"0.000000"
2026-08-21 10:21:45.255,odometry/filtered,"x:-1.443428, y:0.122885, yaw:-0.023722, cov_xx:0.001918, cov_yy:0.002027"
2026-08-21 10:21:45.266,safety/left_bumper,"FALSE"
2026-08-21 10:21:45.266,safety/right_bumper,"FALSE"
2026-08-21 10:21:45.266,safety/emergency_button,"FALSE"
2026-08-21 10:21:45.266,safety/suction_switch,"FALSE"
2026-08-21 10:21:45.272,rated_current_left,"0.000000"
2026-08-21 10:21:45.272,rated_current_right,"0.000000"
2026-08-21 10:21:45.274,odometry/filtered,"x:-1.443428, y:0.122885, yaw:-0.023722, cov_xx:0.001932, cov_yy:0.002043"
2026-08-21 10:21:45.300,robot_status,"ROBOT_STANDBY"
2026-08-21 10:21:45.307,rated_current_left,"0.000000"
2026-08-21 10:21:45.307,rated_current_right,"0.000000"
2026-08-21 10:21:45.314,odometry/filtered,"x:-1.443428, y:0.122885, yaw:-0.023722, cov_xx:0.001950, cov_yy:0.002062"
2026-08-21 10:21:45.315,safety/emergency_button,"FALSE"
2026-08-21 10:21:45.316,safety/right_bumper,"FALSE"
2026-08-21 10:21:45.316,battery/status,"100.000000%"
2026-08-21 10:21:45.317,safety/left_bumper,"FALSE"
2026-08-21 10:21:45.317,safety/suction_switch,"FALSE"
2026-08-21 10:21:45.337,rated_current_left,"0.000000"
2026-08-21 10:21:45.338,rated_current_right,"0.000000"
2026-08-21 10:21:45.355,odometry/filtered,"x:-1.443428, y:0.122885, yaw:-0.023722, cov_xx:0.001934, cov_yy:0.002044"
2026-08-21 10:21:45.369,safety/left_bumper,"FALSE"
2026-08-21 10:21:45.370,safety/right_bumper,"FALSE"
2026-08-21 10:21:45.370,safety/emergency_button,"FALSE"
2026-08-21 10:21:45.370,safety/suction_switch,"FALSE"
2026-08-21 10:21:45.372,rated_current_left,"0.000000"
2026-08-21 10:21:45.373,rated_current_right,"0.000000"
2026-08-21 10:21:45.376,odometry/filtered,"x:-1.443428, y:0.122885, yaw:-0.023722, cov_xx:0.001958, cov_yy:0.002071"
2026-08-21 10:21:45.399,rated_current_left,"0.000000"
2026-08-21 10:21:45.401,rated_current_right,"0.000000"
2026-08-21 10:21:45.419,battery/status,"100.000000%"
2026-08-21 10:21:45.420,odometry/filtered,"x:-1.443428, y:0.122885, yaw:-0.023722, cov_xx:0.001899, cov_yy:0.002005"
2026-08-21 10:21:45.420,safety/left_bumper,"FALSE"
2026-08-21 10:21:45.420,safety/right_bumper,"FALSE"
2026-08-21 10:21:45.420,safety/emergency_button,"FALSE"
2026-08-21 10:21:45.420,safety/suction_switch,"FALSE"
2026-08-21 10:21:45.425,particle_cloud,"count:800, spread:0.107907"
2026-08-21 10:21:45.432,rated_current_left,"0.000000"
2026-08-21 10:21:45.432,rated_current_right,"0.000000"
2026-08-21 10:21:45.434,odometry/filtered,"x:-1.443428, y:0.122885, yaw:-0.023722, cov_xx:0.001935, cov_yy:0.002045"
2026-08-21 10:21:45.463,rated_current_left,"0.000000"
2026-08-21 10:21:45.463,rated_current_right,"0.000000"
2026-08-21 10:21:45.466,safety/left_bumper,"FALSE"
2026-08-21 10:21:45.466,safety/right_bumper,"FALSE"
2026-08-21 10:21:45.466,safety/emergency_button,"FALSE"
2026-08-21 10:21:45.466,safety/suction_switch,"FALSE"
2026-08-21 10:21:45.475,odometry/filtered,"x:-1.443428, y:0.122885, yaw:-0.023722, cov_xx:0.001919, cov_yy:0.002028"
2026-08-21 10:21:45.496,rated_current_left,"0.000000"
2026-08-21 10:21:45.497,rated_current_right,"0.000000"
2026-08-21 10:21:45.515,odometry/filtered,"x:-1.443428, y:0.122885, yaw:-0.023722, cov_xx:0.001945, cov_yy:0.002057"
2026-08-21 10:21:45.519,safety/emergency_button,"FALSE"
2026-08-21 10:21:45.519,battery/status,"100.000000%"
2026-08-21 10:21:45.519,safety/left_bumper,"FALSE"
2026-08-21 10:21:45.519,safety/right_bumper,"FALSE"
2026-08-21 10:21:45.519,safety/suction_switch,"FALSE"
2026-08-21 10:21:45.527,rated_current_left,"0.000000"
2026-08-21 10:21:45.528,rated_current_right,"0.000000"
2026-08-21 10:21:45.535,odometry/filtered,"x:-1.443429, y:0.122885, yaw:-0.023722, cov_xx:0.001914, cov_yy:0.002022"
2026-08-21 10:21:45.560,rated_current_left,"0.000000"
2026-08-21 10:21:45.560,rated_current_right,"0.000000"
2026-08-21 10:21:45.567,safety/left_bumper,"FALSE"
2026-08-21 10:21:45.567,safety/right_bumper,"FALSE"
2026-08-21 10:21:45.567,safety/emergency_button,"FALSE"
2026-08-21 10:21:45.567,safety/suction_switch,"FALSE"
2026-08-21 10:21:45.575,odometry/filtered,"x:-1.443429, y:0.122885, yaw:-0.023722, cov_xx:0.001937, cov_yy:0.002048"
2026-08-21 10:21:45.592,rated_current_left,"0.000000"
2026-08-21 10:21:45.593,rated_current_right,"0.000000"
2026-08-21 10:21:45.594,odometry/filtered,"x:-1.443429, y:0.122885, yaw:-0.023722, cov_xx:0.001924, cov_yy:0.002033"
2026-08-21 10:21:45.616,battery/status,"100.000000%"
2026-08-21 10:21:45.616,safety/left_bumper,"FALSE"
2026-08-21 10:21:45.616,safety/right_bumper,"FALSE"
2026-08-21 10:21:45.616,safety/emergency_button,"FALSE"
2026-08-21 10:21:45.616,safety/suction_switch,"FALSE"
2026-08-21 10:21:45.625,rated_current_left,"0.000000"
2026-08-21 10:21:45.625,rated_current_right,"0.000000"
2026-08-21 10:21:45.626,particle_cloud,"count:800, spread:0.110929"
2026-08-21 10:21:45.634,odometry/filtered,"x:-1.443429, y:0.122885, yaw:-0.023722, cov_xx:0.001946, cov_yy:0.002057"
2026-08-21 10:21:45.655,rated_current_left,"0.000000"
2026-08-21 10:21:45.655,rated_current_right,"0.000000"
2026-08-21 10:21:45.665,safety/emergency_button,"FALSE"
2026-08-21 10:21:45.666,safety/left_bumper,"FALSE"
2026-08-21 10:21:45.666,safety/right_bumper,"FALSE"
2026-08-21 10:21:45.666,safety/suction_switch,"FALSE"
2026-08-21 10:21:45.675,odometry/filtered,"x:-1.443430, y:0.122885, yaw:-0.023715, cov_xx:0.001935, cov_yy:0.002045"
2026-08-21 10:21:45.687,rated_current_left,"0.000000"
2026-08-21 10:21:45.687,rated_current_right,"0.000000"
2026-08-21 10:21:45.695,odometry/filtered,"x:-1.443431, y:0.122885, yaw:-0.023713, cov_xx:0.001924, cov_yy:0.002033"
2026-08-21 10:21:45.717,battery/status,"100.000000%"
2026-08-21 10:21:45.717,safety/left_bumper,"FALSE"
2026-08-21 10:21:45.717,safety/right_bumper,"FALSE"
2026-08-21 10:21:45.717,safety/emergency_button,"FALSE"
2026-08-21 10:21:45.717,safety/suction_switch,"FALSE"
2026-08-21 10:21:45.719,rated_current_left,"0.000000"
2026-08-21 10:21:45.720,rated_current_right,"0.000000"
2026-08-21 10:21:45.735,odometry/filtered,"x:-1.443432, y:0.122885, yaw:-0.023712, cov_xx:0.001927, cov_yy:0.002036"
2026-08-21 10:21:45.753,rated_current_left,"0.000000"
2026-08-21 10:21:45.753,rated_current_right,"0.000000"
2026-08-21 10:21:45.754,odometry/filtered,"x:-1.443432, y:0.122885, yaw:-0.023711, cov_xx:0.001934, cov_yy:0.002045"
2026-08-21 10:21:45.765,safety/emergency_button,"FALSE"
2026-08-21 10:21:45.766,safety/left_bumper,"FALSE"
2026-08-21 10:21:45.766,safety/right_bumper,"FALSE"
2026-08-21 10:21:45.766,safety/suction_switch,"FALSE"
2026-08-21 10:21:45.790,rated_current_left,"0.000000"
2026-08-21 10:21:45.790,rated_current_right,"0.000000"
2026-08-21 10:21:45.795,odometry/filtered,"x:-1.443432, y:0.122885, yaw:-0.023710, cov_xx:0.001999, cov_yy:0.002116"
2026-08-21 10:21:45.798,robot_status,"ROBOT_STANDBY"
2026-08-21 10:21:45.816,battery/status,"100.000000%"
2026-08-21 10:21:45.816,safety/left_bumper,"FALSE"
2026-08-21 10:21:45.816,safety/right_bumper,"FALSE"
2026-08-21 10:21:45.816,safety/emergency_button,"FALSE"
2026-08-21 10:21:45.816,safety/suction_switch,"FALSE"
2026-08-21 10:21:45.816,rated_current_left,"0.000000"
2026-08-21 10:21:45.816,rated_current_right,"0.000000"
2026-08-21 10:21:45.826,particle_cloud,"count:800, spread:0.099192"
2026-08-21 10:21:45.835,odometry/filtered,"x:-1.443433, y:0.122885, yaw:-0.023709, cov_xx:0.001901, cov_yy:0.002007"
2026-08-21 10:21:45.846,rated_current_left,"0.000000"
2026-08-21 10:21:45.847,rated_current_right,"0.000000"
2026-08-21 10:21:45.855,odometry/filtered,"x:-1.443433, y:0.122885, yaw:-0.023708, cov_xx:0.001901, cov_yy:0.002007"
2026-08-21 10:21:45.866,safety/left_bumper,"FALSE"
2026-08-21 10:21:45.866,safety/right_bumper,"FALSE"
2026-08-21 10:21:45.866,safety/emergency_button,"FALSE"
2026-08-21 10:21:45.866,safety/suction_switch,"FALSE"
2026-08-21 10:21:45.888,rated_current_left,"0.000000"
2026-08-21 10:21:45.889,rated_current_right,"0.000000"
2026-08-21 10:21:45.899,odometry/filtered,"x:-1.443433, y:0.122885, yaw:-0.023707, cov_xx:0.002056, cov_yy:0.002179"
2026-08-21 10:21:45.910,rated_current_left,"0.000000"
2026-08-21 10:21:45.911,rated_current_right,"0.000000"
2026-08-21 10:21:45.915,odometry/filtered,"x:-1.443433, y:0.122885, yaw:-0.023706, cov_xx:0.001845, cov_yy:0.001945"
2026-08-21 10:21:45.915,safety/right_bumper,"FALSE"
2026-08-21 10:21:45.915,safety/emergency_button,"FALSE"
2026-08-21 10:21:45.915,battery/status,"100.000000%"
2026-08-21 10:21:45.916,safety/left_bumper,"FALSE"
2026-08-21 10:21:45.916,safety/suction_switch,"FALSE"
2026-08-21 10:21:45.944,rated_current_left,"0.000000"
2026-08-21 10:21:45.944,rated_current_right,"0.000000"
2026-08-21 10:21:45.954,odometry/filtered,"x:-1.443433, y:0.122885, yaw:-0.023705, cov_xx:0.001905, cov_yy:0.002012"
2026-08-21 10:21:45.965,safety/right_bumper,"FALSE"
2026-08-21 10:21:45.965,safety/emergency_button,"FALSE"
2026-08-21 10:21:45.965,safety/left_bumper,"FALSE"
2026-08-21 10:21:45.965,safety/suction_switch,"FALSE"
2026-08-21 10:21:45.976,rated_current_left,"0.000000"
2026-08-21 10:21:45.977,rated_current_right,"0.000000"
2026-08-21 10:21:45.996,odometry/filtered,"x:-1.443433, y:0.122885, yaw:-0.023705, cov_xx:0.001928, cov_yy:0.002038"
2026-08-21 10:21:46.008,rated_current_left,"0.000000"
2026-08-21 10:21:46.008,rated_current_right,"0.000000"
2026-08-21 10:21:46.016,battery/status,"100.000000%"
2026-08-21 10:21:46.016,odometry/filtered,"x:-1.443433, y:0.122885, yaw:-0.023704, cov_xx:0.001926, cov_yy:0.002035"
2026-08-21 10:21:46.016,safety/left_bumper,"FALSE"
2026-08-21 10:21:46.016,safety/right_bumper,"FALSE"
2026-08-21 10:21:46.016,safety/emergency_button,"FALSE"
2026-08-21 10:21:46.016,safety/suction_switch,"FALSE"
2026-08-21 10:21:46.025,particle_cloud,"count:800, spread:0.103964"
2026-08-21 10:21:46.039,rated_current_left,"0.000000"
2026-08-21 10:21:46.039,rated_current_right,"0.000000"
2026-08-21 10:21:46.055,odometry/filtered,"x:-1.443433, y:0.122885, yaw:-0.023704, cov_xx:0.001921, cov_yy:0.002030"
2026-08-21 10:21:46.067,safety/left_bumper,"FALSE"
2026-08-21 10:21:46.067,safety/right_bumper,"FALSE"
2026-08-21 10:21:46.067,safety/emergency_button,"FALSE"
2026-08-21 10:21:46.067,safety/suction_switch,"FALSE"
2026-08-21 10:21:46.073,rated_current_left,"0.000000"
2026-08-21 10:21:46.074,rated_current_right,"0.000000"
2026-08-21 10:21:46.076,odometry/filtered,"x:-1.443433, y:0.122885, yaw:-0.023703, cov_xx:0.001939, cov_yy:0.002050"
2026-08-21 10:21:46.108,rated_current_left,"0.000000"
2026-08-21 10:21:46.109,rated_current_right,"0.000000"
2026-08-21 10:21:46.116,safety/left_bumper,"FALSE"
2026-08-21 10:21:46.116,safety/right_bumper,"FALSE"
2026-08-21 10:21:46.116,safety/emergency_button,"FALSE"
2026-08-21 10:21:46.116,safety/suction_switch,"FALSE"
2026-08-21 10:21:46.116,battery/status,"100.000000%"
2026-08-21 10:21:46.117,odometry/filtered,"x:-1.443433, y:0.122885, yaw:-0.023702, cov_xx:0.001927, cov_yy:0.002037"
2026-08-21 10:21:46.138,rated_current_left,"0.000000"
2026-08-21 10:21:46.138,rated_current_right,"0.000000"
2026-08-21 10:21:46.155,odometry/filtered,"x:-1.443433, y:0.122885, yaw:-0.023702, cov_xx:0.001923, cov_yy:0.002032"
2026-08-21 10:21:46.165,safety/right_bumper,"FALSE"
2026-08-21 10:21:46.165,safety/emergency_button,"FALSE"
2026-08-21 10:21:46.165,safety/left_bumper,"FALSE"
2026-08-21 10:21:46.165,safety/suction_switch,"FALSE"
2026-08-21 10:21:46.167,rated_current_left,"0.000000"
2026-08-21 10:21:46.167,rated_current_right,"0.000000"
2026-08-21 10:21:46.175,odometry/filtered,"x:-1.443436, y:0.122885, yaw:-0.023702, cov_xx:0.001922, cov_yy:0.002031"
2026-08-21 10:21:46.200,rated_current_left,"0.000000"
2026-08-21 10:21:46.200,rated_current_right,"0.000000"
2026-08-21 10:21:46.215,odometry/filtered,"x:-1.443438, y:0.122885, yaw:-0.023701, cov_xx:0.001950, cov_yy:0.002062"
2026-08-21 10:21:46.217,battery/status,"100.000000%"
2026-08-21 10:21:46.217,safety/left_bumper,"FALSE"
2026-08-21 10:21:46.217,safety/right_bumper,"FALSE"
2026-08-21 10:21:46.217,safety/emergency_button,"FALSE"
2026-08-21 10:21:46.217,safety/suction_switch,"FALSE"
2026-08-21 10:21:46.226,particle_cloud,"count:800, spread:0.105829"
2026-08-21 10:21:46.233,rated_current_left,"0.000000"
2026-08-21 10:21:46.233,rated_current_right,"0.000000"
2026-08-21 10:21:46.255,odometry/filtered,"x:-1.443439, y:0.122885, yaw:-0.023701, cov_xx:0.001965, cov_yy:0.002078"
2026-08-21 10:21:46.262,rated_current_left,"0.000000"
2026-08-21 10:21:46.262,rated_current_right,"0.000000"
2026-08-21 10:21:46.265,safety/emergency_button,"FALSE"
2026-08-21 10:21:46.265,safety/left_bumper,"FALSE"
2026-08-21 10:21:46.265,safety/right_bumper,"FALSE"
2026-08-21 10:21:46.265,safety/suction_switch,"FALSE"
2026-08-21 10:21:46.275,odometry/filtered,"x:-1.443440, y:0.122885, yaw:-0.023700, cov_xx:0.001905, cov_yy:0.002012"
2026-08-21 10:21:46.294,rated_current_left,"0.000000"
2026-08-21 10:21:46.294,rated_current_right,"0.000000"
2026-08-21 10:21:46.297,robot_status,"ROBOT_STANDBY"
2026-08-21 10:21:46.315,odometry/filtered,"x:-1.443441, y:0.122885, yaw:-0.023700, cov_xx:0.001920, cov_yy:0.002029"
2026-08-21 10:21:46.316,safety/emergency_button,"FALSE"
2026-08-21 10:21:46.317,battery/status,"100.000000%"
2026-08-21 10:21:46.317,safety/left_bumper,"FALSE"
2026-08-21 10:21:46.318,safety/right_bumper,"FALSE"
2026-08-21 10:21:46.318,safety/suction_switch,"FALSE"
2026-08-21 10:21:46.328,rated_current_left,"0.000000"
2026-08-21 10:21:46.328,rated_current_right,"0.000000"
2026-08-21 10:21:46.334,odometry/filtered,"x:-1.443441, y:0.122885, yaw:-0.023700, cov_xx:0.001926, cov_yy:0.002035"
2026-08-21 10:21:46.357,rated_current_left,"0.000000"
2026-08-21 10:21:46.357,rated_current_right,"0.000000"
2026-08-21 10:21:46.365,safety/left_bumper,"FALSE"
2026-08-21 10:21:46.365,safety/right_bumper,"FALSE"
2026-08-21 10:21:46.365,safety/emergency_button,"FALSE"
2026-08-21 10:21:46.366,safety/suction_switch,"FALSE"
2026-08-21 10:21:46.382,odometry/filtered,"x:-1.443441, y:0.122885, yaw:-0.023700, cov_xx:0.001915, cov_yy:0.002023"
2026-08-21 10:21:46.390,rated_current_left,"0.000000"
2026-08-21 10:21:46.390,rated_current_right,"0.000000"
2026-08-21 10:21:46.394,odometry/filtered,"x:-1.443441, y:0.122885, yaw:-0.023699, cov_xx:0.001941, cov_yy:0.002053"
2026-08-21 10:21:46.416,battery/status,"100.000000%"
2026-08-21 10:21:46.416,safety/left_bumper,"FALSE"
2026-08-21 10:21:46.416,safety/right_bumper,"FALSE"
2026-08-21 10:21:46.416,safety/emergency_button,"FALSE"
2026-08-21 10:21:46.416,safety/suction_switch,"FALSE"
2026-08-21 10:21:46.421,rated_current_left,"0.000000"
2026-08-21 10:21:46.422,rated_current_right,"0.000000"
2026-08-21 10:21:46.425,particle_cloud,"count:800, spread:0.103123"
2026-08-21 10:21:46.434,odometry/filtered,"x:-1.443441, y:0.122885, yaw:-0.023699, cov_xx:0.001922, cov_yy:0.002031"
2026-08-21 10:21:46.454,rated_current_left,"0.000000"
2026-08-21 10:21:46.454,rated_current_right,"0.000000"
2026-08-21 10:21:46.465,safety/left_bumper,"FALSE"
2026-08-21 10:21:46.465,safety/right_bumper,"FALSE"
2026-08-21 10:21:46.465,safety/emergency_button,"FALSE"
2026-08-21 10:21:46.465,safety/suction_switch,"FALSE"
2026-08-21 10:21:46.479,odometry/filtered,"x:-1.443444, y:0.122885, yaw:-0.023699, cov_xx:0.001940, cov_yy:0.002051"
2026-08-21 10:21:46.486,rated_current_left,"0.000000"
2026-08-21 10:21:46.486,rated_current_right,"0.000000"
2026-08-21 10:21:46.495,odometry/filtered,"x:-1.443446, y:0.122885, yaw:-0.023699, cov_xx:0.001939, cov_yy:0.002050"
2026-08-21 10:21:46.516,battery/status,"100.000000%"
2026-08-21 10:21:46.516,safety/left_bumper,"FALSE"
2026-08-21 10:21:46.516,safety/right_bumper,"FALSE"
2026-08-21 10:21:46.516,safety/emergency_button,"FALSE"
2026-08-21 10:21:46.516,safety/suction_switch,"FALSE"
2026-08-21 10:21:46.522,rated_current_left,"0.000000"
2026-08-21 10:21:46.523,rated_current_right,"0.000000"
2026-08-21 10:21:46.535,odometry/filtered,"x:-1.443447, y:0.122885, yaw:-0.023699, cov_xx:0.001995, cov_yy:0.002111"
2026-08-21 10:21:46.550,rated_current_left,"0.000000"
2026-08-21 10:21:46.550,rated_current_right,"0.000000"
2026-08-21 10:21:46.554,odometry/filtered,"x:-1.443448, y:0.122886, yaw:-0.023698, cov_xx:0.001892, cov_yy:0.001997"
2026-08-21 10:21:46.565,safety/emergency_button,"FALSE"
2026-08-21 10:21:46.565,safety/left_bumper,"FALSE"
2026-08-21 10:21:46.565,safety/right_bumper,"FALSE"
2026-08-21 10:21:46.565,safety/suction_switch,"FALSE"
2026-08-21 10:21:46.582,rated_current_left,"0.000000"
2026-08-21 10:21:46.588,rated_current_right,"0.000000"
2026-08-21 10:21:46.595,system_resources,"cpu:61.5%, mem:33.7%, mem_used_mb:2566, mem_total_mb:7619"
2026-08-21 10:21:46.596,odometry/filtered,"x:-1.443448, y:0.122886, yaw:-0.023698, cov_xx:0.001927, cov_yy:0.002036"
2026-08-21 10:21:46.614,rated_current_left,"0.000000"
2026-08-21 10:21:46.615,rated_current_right,"0.000000"
2026-08-21 10:21:46.616,battery/status,"100.000000%"
2026-08-21 10:21:46.617,safety/left_bumper,"FALSE"
2026-08-21 10:21:46.617,safety/right_bumper,"FALSE"
2026-08-21 10:21:46.617,safety/emergency_button,"FALSE"
2026-08-21 10:21:46.617,safety/suction_switch,"FALSE"
2026-08-21 10:21:46.627,particle_cloud,"count:800, spread:0.106836"
2026-08-21 10:21:46.639,odometry/filtered,"x:-1.443449, y:0.122886, yaw:-0.023698, cov_xx:0.001931, cov_yy:0.002040"
2026-08-21 10:21:46.644,rated_current_left,"0.000000"
2026-08-21 10:21:46.645,rated_current_right,"0.000000"
2026-08-21 10:21:46.654,odometry/filtered,"x:-1.443449, y:0.122886, yaw:-0.023698, cov_xx:0.001906, cov_yy:0.002014"
2026-08-21 10:21:46.665,safety/left_bumper,"FALSE"
2026-08-21 10:21:46.665,safety/right_bumper,"FALSE"
2026-08-21 10:21:46.665,safety/emergency_button,"FALSE"
2026-08-21 10:21:46.665,safety/suction_switch,"FALSE"
2026-08-21 10:21:46.679,rated_current_left,"0.000000"
2026-08-21 10:21:46.679,rated_current_right,"0.000000"
2026-08-21 10:21:46.694,odometry/filtered,"x:-1.443449, y:0.122886, yaw:-0.023698, cov_xx:0.001937, cov_yy:0.002047"
2026-08-21 10:21:46.711,rated_current_left,"0.000000"
2026-08-21 10:21:46.711,rated_current_right,"0.000000"
2026-08-21 10:21:46.714,odometry/filtered,"x:-1.443449, y:0.122886, yaw:-0.023698, cov_xx:0.001943, cov_yy:0.002054"
2026-08-21 10:21:46.718,battery/status,"100.000000%"
2026-08-21 10:21:46.718,safety/left_bumper,"FALSE"
2026-08-21 10:21:46.718,safety/right_bumper,"FALSE"
2026-08-21 10:21:46.718,safety/emergency_button,"FALSE"
2026-08-21 10:21:46.718,safety/suction_switch,"FALSE"
2026-08-21 10:21:46.741,rated_current_left,"0.000000"
2026-08-21 10:21:46.741,rated_current_right,"0.000000"
2026-08-21 10:21:46.754,odometry/filtered,"x:-1.443449, y:0.122886, yaw:-0.023698, cov_xx:0.001927, cov_yy:0.002037"
2026-08-21 10:21:46.766,safety/left_bumper,"FALSE"
2026-08-21 10:21:46.766,safety/right_bumper,"FALSE"
2026-08-21 10:21:46.766,safety/emergency_button,"FALSE"
2026-08-21 10:21:46.766,safety/suction_switch,"FALSE"
2026-08-21 10:21:46.774,rated_current_left,"0.000000"
2026-08-21 10:21:46.774,rated_current_right,"0.000000"
2026-08-21 10:21:46.795,odometry/filtered,"x:-1.443449, y:0.122886, yaw:-0.023698, cov_xx:0.001947, cov_yy:0.002059"
2026-08-21 10:21:46.797,robot_status,"ROBOT_STANDBY"
2026-08-21 10:21:46.804,rated_current_left,"0.000000"
2026-08-21 10:21:46.804,rated_current_right,"0.000000"
2026-08-21 10:21:46.814,odometry/filtered,"x:-1.443449, y:0.122886, yaw:-0.023698, cov_xx:0.001913, cov_yy:0.002020"
2026-08-21 10:21:46.815,safety/left_bumper,"FALSE"
2026-08-21 10:21:46.815,safety/right_bumper,"FALSE"
2026-08-21 10:21:46.815,safety/emergency_button,"FALSE"
2026-08-21 10:21:46.815,safety/suction_switch,"FALSE"
2026-08-21 10:21:46.816,battery/status,"100.000000%"
2026-08-21 10:21:46.825,particle_cloud,"count:800, spread:0.101330"
2026-08-21 10:21:46.838,rated_current_left,"0.000000"
2026-08-21 10:21:46.838,rated_current_right,"0.000000"
2026-08-21 10:21:46.854,odometry/filtered,"x:-1.443449, y:0.122886, yaw:-0.023698, cov_xx:0.001940, cov_yy:0.002051"
2026-08-21 10:21:46.865,safety/emergency_button,"FALSE"
2026-08-21 10:21:46.865,safety/left_bumper,"FALSE"
2026-08-21 10:21:46.865,safety/right_bumper,"FALSE"
2026-08-21 10:21:46.865,safety/suction_switch,"FALSE"
2026-08-21 10:21:46.869,rated_current_left,"0.000000"
2026-08-21 10:21:46.869,rated_current_right,"0.000000"
2026-08-21 10:21:46.874,odometry/filtered,"x:-1.443449, y:0.122886, yaw:-0.023698, cov_xx:0.001923, cov_yy:0.002032"
2026-08-21 10:21:46.901,rated_current_left,"0.000000"
2026-08-21 10:21:46.901,rated_current_right,"0.000000"
2026-08-21 10:21:46.914,odometry/filtered,"x:-1.443449, y:0.122886, yaw:-0.023698, cov_xx:0.001927, cov_yy:0.002036"
2026-08-21 10:21:46.917,battery/status,"100.000000%"
2026-08-21 10:21:46.917,safety/left_bumper,"FALSE"
2026-08-21 10:21:46.917,safety/right_bumper,"FALSE"
2026-08-21 10:21:46.917,safety/emergency_button,"FALSE"
2026-08-21 10:21:46.917,safety/suction_switch,"FALSE"
2026-08-21 10:21:46.933,rated_current_left,"0.000000"
2026-08-21 10:21:46.933,rated_current_right,"0.000000"
2026-08-21 10:21:46.955,odometry/filtered,"x:-1.443449, y:0.122886, yaw:-0.023698, cov_xx:0.001933, cov_yy:0.002044"
2026-08-21 10:21:46.966,safety/left_bumper,"FALSE"
2026-08-21 10:21:46.966,safety/right_bumper,"FALSE"
2026-08-21 10:21:46.966,safety/emergency_button,"FALSE"
2026-08-21 10:21:46.966,safety/suction_switch,"FALSE"
2026-08-21 10:21:46.966,rated_current_left,"0.000000"
2026-08-21 10:21:46.966,rated_current_right,"0.000000"
2026-08-21 10:21:46.975,odometry/filtered,"x:-1.443449, y:0.122886, yaw:-0.023697, cov_xx:0.001928, cov_yy:0.002037"
2026-08-21 10:21:46.997,rated_current_left,"0.000000"
2026-08-21 10:21:46.997,rated_current_right,"0.000000"
2026-08-21 10:21:47.014,odometry/filtered,"x:-1.443449, y:0.122886, yaw:-0.023697, cov_xx:0.001937, cov_yy:0.002047"
2026-08-21 10:21:47.017,safety/emergency_button,"FALSE"
2026-08-21 10:21:47.018,battery/status,"100.000000%"
2026-08-21 10:21:47.018,safety/left_bumper,"FALSE"
2026-08-21 10:21:47.018,safety/right_bumper,"FALSE"
2026-08-21 10:21:47.018,safety/suction_switch,"FALSE"
2026-08-21 10:21:47.025,particle_cloud,"count:800, spread:0.103531"
2026-08-21 10:21:47.029,rated_current_left,"0.000000"
2026-08-21 10:21:47.030,rated_current_right,"0.000000"
2026-08-21 10:21:47.034,odometry/filtered,"x:-1.443449, y:0.122886, yaw:-0.023697, cov_xx:0.001931, cov_yy:0.002041"
2026-08-21 10:21:47.061,rated_current_left,"0.000000"
2026-08-21 10:21:47.061,rated_current_right,"0.000000"
2026-08-21 10:21:47.065,safety/left_bumper,"FALSE"
2026-08-21 10:21:47.065,safety/right_bumper,"FALSE"
2026-08-21 10:21:47.065,safety/emergency_button,"FALSE"
2026-08-21 10:21:47.065,safety/suction_switch,"FALSE"
2026-08-21 10:21:47.076,odometry/filtered,"x:-1.443449, y:0.122886, yaw:-0.023697, cov_xx:0.001936, cov_yy:0.002047"
2026-08-21 10:21:47.093,rated_current_left,"0.000000"
2026-08-21 10:21:47.093,rated_current_right,"0.000000"
2026-08-21 10:21:47.114,odometry/filtered,"x:-1.443449, y:0.122886, yaw:-0.023697, cov_xx:0.001939, cov_yy:0.002050"
2026-08-21 10:21:47.115,safety/emergency_button,"FALSE"
2026-08-21 10:21:47.115,battery/status,"100.000000%"
2026-08-21 10:21:47.116,safety/left_bumper,"FALSE"
2026-08-21 10:21:47.116,safety/right_bumper,"FALSE"
2026-08-21 10:21:47.116,safety/suction_switch,"FALSE"
2026-08-21 10:21:47.125,rated_current_left,"0.000000"
2026-08-21 10:21:47.125,rated_current_right,"0.000000"
2026-08-21 10:21:47.134,odometry/filtered,"x:-1.443449, y:0.122886, yaw:-0.023697, cov_xx:0.001925, cov_yy:0.002034"
2026-08-21 10:21:47.159,rated_current_left,"0.000000"
2026-08-21 10:21:47.159,rated_current_right,"0.000000"
2026-08-21 10:21:47.165,safety/right_bumper,"FALSE"
2026-08-21 10:21:47.165,safety/emergency_button,"FALSE"
2026-08-21 10:21:47.165,safety/left_bumper,"FALSE"
2026-08-21 10:21:47.165,safety/suction_switch,"FALSE"
2026-08-21 10:21:47.174,odometry/filtered,"x:-1.443449, y:0.122886, yaw:-0.023697, cov_xx:0.001951, cov_yy:0.002063"
2026-08-21 10:21:47.190,rated_current_left,"0.000000"
2026-08-21 10:21:47.191,rated_current_right,"0.000000"
2026-08-21 10:21:47.194,odometry/filtered,"x:-1.443449, y:0.122886, yaw:-0.023697, cov_xx:0.001936, cov_yy:0.002046"
2026-08-21 10:21:47.215,safety/right_bumper,"FALSE"
2026-08-21 10:21:47.215,safety/emergency_button,"FALSE"
2026-08-21 10:21:47.216,battery/status,"100.000000%"
2026-08-21 10:21:47.216,safety/left_bumper,"FALSE"
2026-08-21 10:21:47.216,safety/suction_switch,"FALSE"
2026-08-21 10:21:47.222,rated_current_left,"0.000000"
2026-08-21 10:21:47.222,rated_current_right,"0.000000"
2026-08-21 10:21:47.225,particle_cloud,"count:800, spread:0.108545"
2026-08-21 10:21:47.236,odometry/filtered,"x:-1.443449, y:0.122886, yaw:-0.023697, cov_xx:0.001922, cov_yy:0.002031"
2026-08-21 10:21:47.254,rated_current_left,"0.000000"
2026-08-21 10:21:47.255,rated_current_right,"0.000000"
2026-08-21 10:21:47.255,odometry/filtered,"x:-1.443449, y:0.122886, yaw:-0.023697, cov_xx:0.001929, cov_yy:0.002039"
2026-08-21 10:21:47.266,safety/right_bumper,"FALSE"
2026-08-21 10:21:47.266,safety/emergency_button,"FALSE"
2026-08-21 10:21:47.266,safety/left_bumper,"FALSE"
2026-08-21 10:21:47.266,safety/suction_switch,"FALSE"
2026-08-21 10:21:47.285,rated_current_left,"0.000000"
2026-08-21 10:21:47.285,rated_current_right,"0.000000"
2026-08-21 10:21:47.294,odometry/filtered,"x:-1.443449, y:0.122886, yaw:-0.023697, cov_xx:0.001932, cov_yy:0.002042"
2026-08-21 10:21:47.297,robot_status,"ROBOT_STANDBY"
2026-08-21 10:21:47.321,battery/status,"100.000000%"
2026-08-21 10:21:47.322,safety/left_bumper,"FALSE"
2026-08-21 10:21:47.322,safety/right_bumper,"FALSE"
2026-08-21 10:21:47.322,safety/emergency_button,"FALSE"
2026-08-21 10:21:47.322,safety/suction_switch,"FALSE"
2026-08-21 10:21:47.322,rated_current_left,"0.000000"
2026-08-21 10:21:47.322,rated_current_right,"0.000000"
2026-08-21 10:21:47.335,odometry/filtered,"x:-1.443449, y:0.122886, yaw:-0.023697, cov_xx:0.001931, cov_yy:0.002041"
2026-08-21 10:21:47.347,rated_current_left,"0.000000"
2026-08-21 10:21:47.347,rated_current_right,"0.000000"
2026-08-21 10:21:47.354,odometry/filtered,"x:-1.443449, y:0.122886, yaw:-0.023697, cov_xx:0.001909, cov_yy:0.002016"
2026-08-21 10:21:47.368,safety/left_bumper,"FALSE"
2026-08-21 10:21:47.368,safety/right_bumper,"FALSE"
2026-08-21 10:21:47.368,safety/emergency_button,"FALSE"
2026-08-21 10:21:47.368,safety/suction_switch,"FALSE"
2026-08-21 10:21:47.384,rated_current_left,"0.000000"
2026-08-21 10:21:47.384,rated_current_right,"0.000000"
2026-08-21 10:21:47.400,odometry/filtered,"x:-1.443449, y:0.122886, yaw:-0.023697, cov_xx:0.001994, cov_yy:0.002110"
2026-08-21 10:21:47.413,rated_current_left,"0.000000"
2026-08-21 10:21:47.414,rated_current_right,"0.000000"
2026-08-21 10:21:47.414,odometry/filtered,"x:-1.443449, y:0.122886, yaw:-0.023697, cov_xx:0.001899, cov_yy:0.002005"
2026-08-21 10:21:47.416,safety/emergency_button,"FALSE"
2026-08-21 10:21:47.416,battery/status,"100.000000%"
2026-08-21 10:21:47.416,safety/left_bumper,"FALSE"
2026-08-21 10:21:47.416,safety/right_bumper,"FALSE"
2026-08-21 10:21:47.416,safety/suction_switch,"FALSE"
2026-08-21 10:21:47.424,particle_cloud,"count:800, spread:0.103308"
2026-08-21 10:21:47.443,rated_current_left,"0.000000"
2026-08-21 10:21:47.444,rated_current_right,"0.000000"
2026-08-21 10:21:47.454,odometry/filtered,"x:-1.443449, y:0.122886, yaw:-0.023697, cov_xx:0.001909, cov_yy:0.002016"
2026-08-21 10:21:47.469,safety/left_bumper,"FALSE"
2026-08-21 10:21:47.469,safety/right_bumper,"FALSE"
2026-08-21 10:21:47.470,safety/emergency_button,"FALSE"
2026-08-21 10:21:47.470,safety/suction_switch,"FALSE"
2026-08-21 10:21:47.476,rated_current_left,"0.000000"
2026-08-21 10:21:47.478,rated_current_right,"0.000000"
2026-08-21 10:21:47.495,odometry/filtered,"x:-1.443449, y:0.122886, yaw:-0.023697, cov_xx:0.001942, cov_yy:0.002053"
2026-08-21 10:21:47.508,rated_current_left,"0.000000"
2026-08-21 10:21:47.508,rated_current_right,"0.000000"
2026-08-21 10:21:47.514,odometry/filtered,"x:-1.443449, y:0.122886, yaw:-0.023697, cov_xx:0.001916, cov_yy:0.002025"
2026-08-21 10:21:47.519,battery/status,"100.000000%"
2026-08-21 10:21:47.520,safety/left_bumper,"FALSE"
2026-08-21 10:21:47.520,safety/right_bumper,"FALSE"
2026-08-21 10:21:47.520,safety/emergency_button,"FALSE"
2026-08-21 10:21:47.520,safety/suction_switch,"FALSE"
2026-08-21 10:21:47.540,rated_current_left,"0.000000"
2026-08-21 10:21:47.541,rated_current_right,"0.000000"
2026-08-21 10:21:47.555,odometry/filtered,"x:-1.443449, y:0.122886, yaw:-0.023697, cov_xx:0.001937, cov_yy:0.002048"
2026-08-21 10:21:47.565,safety/emergency_button,"FALSE"
2026-08-21 10:21:47.567,safety/right_bumper,"FALSE"
2026-08-21 10:21:47.567,safety/left_bumper,"FALSE"
2026-08-21 10:21:47.567,safety/suction_switch,"FALSE"
2026-08-21 10:21:47.572,rated_current_left,"0.000000"
2026-08-21 10:21:47.572,rated_current_right,"0.000000"
2026-08-21 10:21:47.576,odometry/filtered,"x:-1.443449, y:0.122886, yaw:-0.023697, cov_xx:0.001923, cov_yy:0.002032"
2026-08-21 10:21:47.603,rated_current_left,"0.000000"
2026-08-21 10:21:47.605,rated_current_right,"0.000000"
2026-08-21 10:21:47.614,odometry/filtered,"x:-1.443449, y:0.122886, yaw:-0.023697, cov_xx:0.001925, cov_yy:0.002034"
2026-08-21 10:21:47.616,safety/emergency_button,"FALSE"
2026-08-21 10:21:47.616,battery/status,"100.000000%"
2026-08-21 10:21:47.616,safety/left_bumper,"FALSE"
2026-08-21 10:21:47.616,safety/right_bumper,"FALSE"
2026-08-21 10:21:47.616,safety/suction_switch,"FALSE"
2026-08-21 10:21:47.624,particle_cloud,"count:800, spread:0.101126"
2026-08-21 10:21:47.636,rated_current_left,"0.000000"
2026-08-21 10:21:47.636,rated_current_right,"0.000000"
2026-08-21 10:21:47.655,odometry/filtered,"x:-1.443449, y:0.122886, yaw:-0.023697, cov_xx:0.001940, cov_yy:0.002050"
2026-08-21 10:21:47.665,safety/emergency_button,"FALSE"
2026-08-21 10:21:47.665,safety/left_bumper,"FALSE"
2026-08-21 10:21:47.665,safety/right_bumper,"FALSE"
2026-08-21 10:21:47.665,safety/suction_switch,"FALSE"
2026-08-21 10:21:47.667,rated_current_left,"0.000000"
2026-08-21 10:21:47.668,rated_current_right,"0.000000"
2026-08-21 10:21:47.674,odometry/filtered,"x:-1.443449, y:0.122886, yaw:-0.023698, cov_xx:0.001935, cov_yy:0.002045"
2026-08-21 10:21:47.701,rated_current_left,"0.000000"
2026-08-21 10:21:47.703,rated_current_right,"0.000000"
2026-08-21 10:21:47.715,odometry/filtered,"x:-1.443449, y:0.122886, yaw:-0.023698, cov_xx:0.001950, cov_yy:0.002062"
2026-08-21 10:21:47.726,battery/status,"100.000000%"
2026-08-21 10:21:47.726,safety/left_bumper,"FALSE"
2026-08-21 10:21:47.726,safety/right_bumper,"FALSE"
2026-08-21 10:21:47.726,safety/emergency_button,"FALSE"
2026-08-21 10:21:47.726,safety/suction_switch,"FALSE"
2026-08-21 10:21:47.730,rated_current_left,"0.000000"
2026-08-21 10:21:47.731,rated_current_right,"0.000000"
2026-08-21 10:21:47.737,odometry/filtered,"x:-1.443449, y:0.122886, yaw:-0.023698, cov_xx:0.001910, cov_yy:0.002018"
2026-08-21 10:21:47.764,rated_current_left,"0.000000"
2026-08-21 10:21:47.764,rated_current_right,"0.000000"
2026-08-21 10:21:47.765,safety/emergency_button,"FALSE"
2026-08-21 10:21:47.765,safety/right_bumper,"FALSE"
2026-08-21 10:21:47.765,safety/left_bumper,"FALSE"
2026-08-21 10:21:47.765,safety/suction_switch,"FALSE"
2026-08-21 10:21:47.776,odometry/filtered,"x:-1.443449, y:0.122886, yaw:-0.023698, cov_xx:0.001936, cov_yy:0.002046"
2026-08-21 10:21:47.796,rated_current_left,"0.000000"
2026-08-21 10:21:47.796,rated_current_right,"0.000000"
2026-08-21 10:21:47.798,robot_status,"ROBOT_STANDBY"
2026-08-21 10:21:47.816,battery/status,"100.000000%"
2026-08-21 10:21:47.816,odometry/filtered,"x:-1.443449, y:0.122886, yaw:-0.023698, cov_xx:0.001927, cov_yy:0.002036"
2026-08-21 10:21:47.817,safety/left_bumper,"FALSE"
2026-08-21 10:21:47.817,safety/right_bumper,"FALSE"
2026-08-21 10:21:47.817,safety/emergency_button,"FALSE"
2026-08-21 10:21:47.817,safety/suction_switch,"FALSE"
2026-08-21 10:21:47.828,particle_cloud,"count:800, spread:0.105223"
2026-08-21 10:21:47.828,rated_current_left,"0.000000"
2026-08-21 10:21:47.829,rated_current_right,"0.000000"
2026-08-21 10:21:47.835,odometry/filtered,"x:-1.443449, y:0.122886, yaw:-0.023698, cov_xx:0.001940, cov_yy:0.002051"
2026-08-21 10:21:47.859,rated_current_left,"0.000000"
2026-08-21 10:21:47.859,rated_current_right,"0.000000"
2026-08-21 10:21:47.865,safety/emergency_button,"FALSE"
2026-08-21 10:21:47.865,safety/left_bumper,"FALSE"
2026-08-21 10:21:47.865,safety/right_bumper,"FALSE"
2026-08-21 10:21:47.865,safety/suction_switch,"FALSE"
2026-08-21 10:21:47.876,odometry/filtered,"x:-1.443449, y:0.122886, yaw:-0.023698, cov_xx:0.001929, cov_yy:0.002038"
2026-08-21 10:21:47.896,odometry/filtered,"x:-1.443449, y:0.122886, yaw:-0.023698, cov_xx:0.001929, cov_yy:0.002039"
2026-08-21 10:21:47.896,rated_current_left,"0.000000"
2026-08-21 10:21:47.896,rated_current_right,"0.000000"
2026-08-21 10:21:47.915,safety/emergency_button,"FALSE"
2026-08-21 10:21:47.916,battery/status,"100.000000%"
2026-08-21 10:21:47.916,safety/left_bumper,"FALSE"
2026-08-21 10:21:47.916,safety/right_bumper,"FALSE"
2026-08-21 10:21:47.916,safety/suction_switch,"FALSE"
2026-08-21 10:21:47.923,rated_current_left,"0.000000"
2026-08-21 10:21:47.923,rated_current_right,"0.000000"
2026-08-21 10:21:47.937,odometry/filtered,"x:-1.443449, y:0.122886, yaw:-0.023698, cov_xx:0.001937, cov_yy:0.002047"
2026-08-21 10:21:47.954,rated_current_left,"0.000000"
2026-08-21 10:21:47.954,rated_current_right,"0.000000"
2026-08-21 10:21:47.965,safety/right_bumper,"FALSE"
2026-08-21 10:21:47.965,safety/emergency_button,"FALSE"
2026-08-21 10:21:47.966,safety/left_bumper,"FALSE"
2026-08-21 10:21:47.966,safety/suction_switch,"FALSE"
2026-08-21 10:21:47.974,odometry/filtered,"x:-1.443450, y:0.122886, yaw:-0.023698, cov_xx:0.001916, cov_yy:0.002024"
2026-08-21 10:21:47.991,rated_current_left,"0.000000"
2026-08-21 10:21:47.991,rated_current_right,"0.000000"
2026-08-21 10:21:47.994,odometry/filtered,"x:-1.443449, y:0.122886, yaw:-0.023698, cov_xx:0.001985, cov_yy:0.002100"
2026-08-21 10:21:48.015,safety/left_bumper,"FALSE"
2026-08-21 10:21:48.015,safety/right_bumper,"FALSE"
2026-08-21 10:21:48.015,safety/emergency_button,"FALSE"
2026-08-21 10:21:48.015,safety/suction_switch,"FALSE"
2026-08-21 10:21:48.015,battery/status,"100.000000%"
2026-08-21 10:21:48.019,rated_current_left,"0.000000"
2026-08-21 10:21:48.020,rated_current_right,"0.000000"
2026-08-21 10:21:48.024,particle_cloud,"count:800, spread:0.099676"
2026-08-21 10:21:48.035,odometry/filtered,"x:-1.443450, y:0.122886, yaw:-0.023698, cov_xx:0.001913, cov_yy:0.002020"
2026-08-21 10:21:48.050,rated_current_left,"0.000000"
2026-08-21 10:21:48.051,rated_current_right,"0.000000"
2026-08-21 10:21:48.056,odometry/filtered,"x:-1.443450, y:0.122886, yaw:-0.023698, cov_xx:0.001919, cov_yy:0.002027"
2026-08-21 10:21:48.065,safety/left_bumper,"FALSE"
2026-08-21 10:21:48.065,safety/right_bumper,"FALSE"
2026-08-21 10:21:48.065,safety/emergency_button,"FALSE"
2026-08-21 10:21:48.065,safety/suction_switch,"FALSE"
2026-08-21 10:21:48.084,rated_current_left,"0.000000"
2026-08-21 10:21:48.084,rated_current_right,"0.000000"
2026-08-21 10:21:48.096,odometry/filtered,"x:-1.443448, y:0.122886, yaw:-0.023690, cov_xx:0.001932, cov_yy:0.002042"
2026-08-21 10:21:48.115,safety/left_bumper,"FALSE"
2026-08-21 10:21:48.115,safety/right_bumper,"FALSE"
2026-08-21 10:21:48.115,safety/emergency_button,"FALSE"
2026-08-21 10:21:48.116,safety/suction_switch,"FALSE"
2026-08-21 10:21:48.116,rated_current_left,"0.000000"
2026-08-21 10:21:48.116,rated_current_right,"0.000000"
2026-08-21 10:21:48.116,battery/status,"100.000000%"
2026-08-21 10:21:48.134,odometry/filtered,"x:-1.443447, y:0.122886, yaw:-0.023689, cov_xx:0.001930, cov_yy:0.002040"
2026-08-21 10:21:48.146,rated_current_left,"0.000000"
2026-08-21 10:21:48.146,rated_current_right,"0.000000"
2026-08-21 10:21:48.154,odometry/filtered,"x:-1.443447, y:0.122886, yaw:-0.023688, cov_xx:0.001922, cov_yy:0.002031"
2026-08-21 10:21:48.166,safety/left_bumper,"FALSE"
2026-08-21 10:21:48.166,safety/right_bumper,"FALSE"
2026-08-21 10:21:48.166,safety/emergency_button,"FALSE"
2026-08-21 10:21:48.166,safety/suction_switch,"FALSE"
2026-08-21 10:21:48.179,rated_current_left,"0.000000"
2026-08-21 10:21:48.179,rated_current_right,"0.000000"
2026-08-21 10:21:48.195,odometry/filtered,"x:-1.443446, y:0.122886, yaw:-0.023686, cov_xx:0.001949, cov_yy:0.002060"
2026-08-21 10:21:48.212,rated_current_left,"0.000000"
2026-08-21 10:21:48.214,rated_current_right,"0.000000"
2026-08-21 10:21:48.215,safety/emergency_button,"FALSE"
2026-08-21 10:21:48.217,battery/status,"100.000000%"
2026-08-21 10:21:48.217,safety/left_bumper,"FALSE"
2026-08-21 10:21:48.217,safety/right_bumper,"FALSE"
2026-08-21 10:21:48.217,safety/suction_switch,"FALSE"
2026-08-21 10:21:48.223,odometry/filtered,"x:-1.443446, y:0.122885, yaw:-0.023685, cov_xx:0.001952, cov_yy:0.002063"
2026-08-21 10:21:48.232,particle_cloud,"count:800, spread:0.103955"
2026-08-21 10:21:48.244,rated_current_left,"0.000000"
2026-08-21 10:21:48.245,rated_current_right,"0.000000"
2026-08-21 10:21:48.255,odometry/filtered,"x:-1.443449, y:0.122886, yaw:-0.023699, cov_xx:0.001945, cov_yy:0.002056"
2026-08-21 10:21:48.265,safety/emergency_button,"FALSE"
2026-08-21 10:21:48.265,safety/right_bumper,"FALSE"
2026-08-21 10:21:48.265,safety/left_bumper,"FALSE"
2026-08-21 10:21:48.265,safety/suction_switch,"FALSE"
2026-08-21 10:21:48.275,rated_current_left,"0.000000"
2026-08-21 10:21:48.276,rated_current_right,"0.000000"
2026-08-21 10:21:48.296,odometry/filtered,"x:-1.443451, y:0.122886, yaw:-0.023701, cov_xx:0.001926, cov_yy:0.002035"
2026-08-21 10:21:48.303,robot_status,"ROBOT_STANDBY"
2026-08-21 10:21:48.308,rated_current_left,"0.000000"
2026-08-21 10:21:48.308,rated_current_right,"0.000000"
2026-08-21 10:21:48.315,safety/emergency_button,"FALSE"
2026-08-21 10:21:48.315,odometry/filtered,"x:-1.443452, y:0.122886, yaw:-0.023703, cov_xx:0.001932, cov_yy:0.002042"
2026-08-21 10:21:48.315,safety/right_bumper,"FALSE"
2026-08-21 10:21:48.317,safety/left_bumper,"FALSE"
2026-08-21 10:21:48.318,battery/status,"100.000000%"
2026-08-21 10:21:48.318,safety/suction_switch,"FALSE"
2026-08-21 10:21:48.337,rated_current_left,"0.000000"
2026-08-21 10:21:48.338,rated_current_right,"0.000000"
2026-08-21 10:21:48.355,odometry/filtered,"x:-1.443453, y:0.122886, yaw:-0.023704, cov_xx:0.001898, cov_yy:0.002005"
2026-08-21 10:21:48.365,safety/emergency_button,"FALSE"
2026-08-21 10:21:48.366,safety/left_bumper,"FALSE"
2026-08-21 10:21:48.366,safety/right_bumper,"FALSE"
2026-08-21 10:21:48.366,safety/suction_switch,"FALSE"
2026-08-21 10:21:48.370,rated_current_left,"0.000000"
2026-08-21 10:21:48.370,rated_current_right,"0.000000"
2026-08-21 10:21:48.380,odometry/filtered,"x:-1.443453, y:0.122886, yaw:-0.023706, cov_xx:0.001931, cov_yy:0.002042"
2026-08-21 10:21:48.402,rated_current_left,"0.000000"
2026-08-21 10:21:48.403,rated_current_right,"0.000000"
2026-08-21 10:21:48.415,safety/emergency_button,"FALSE"
2026-08-21 10:21:48.415,battery/status,"100.000000%"
2026-08-21 10:21:48.415,safety/left_bumper,"FALSE"
2026-08-21 10:21:48.415,safety/right_bumper,"FALSE"
2026-08-21 10:21:48.415,safety/suction_switch,"FALSE"
2026-08-21 10:21:48.425,particle_cloud,"count:800, spread:0.102315"
2026-08-21 10:21:48.428,odometry/filtered,"x:-1.443453, y:0.122886, yaw:-0.023707, cov_xx:0.001931, cov_yy:0.002041"
2026-08-21 10:21:48.434,rated_current_left,"0.000000"
2026-08-21 10:21:48.435,rated_current_right,"0.000000"
2026-08-21 10:21:48.457,odometry/filtered,"x:-1.443454, y:0.122886, yaw:-0.023708, cov_xx:0.001924, cov_yy:0.002033"
2026-08-21 10:21:48.464,safety/emergency_button,"FALSE"
2026-08-21 10:21:48.465,safety/left_bumper,"FALSE"
2026-08-21 10:21:48.465,safety/right_bumper,"FALSE"
2026-08-21 10:21:48.465,safety/suction_switch,"FALSE"
2026-08-21 10:21:48.467,rated_current_left,"0.000000"
2026-08-21 10:21:48.467,rated_current_right,"0.000000"
2026-08-21 10:21:48.475,odometry/filtered,"x:-1.443454, y:0.122886, yaw:-0.023710, cov_xx:0.001962, cov_yy:0.002075"
2026-08-21 10:21:48.498,rated_current_left,"0.000000"
2026-08-21 10:21:48.498,rated_current_right,"0.000000"
2026-08-21 10:21:48.515,safety/emergency_button,"FALSE"
2026-08-21 10:21:48.515,safety/left_bumper,"FALSE"
2026-08-21 10:21:48.515,safety/right_bumper,"FALSE"
2026-08-21 10:21:48.515,safety/suction_switch,"FALSE"
2026-08-21 10:21:48.515,battery/status,"100.000000%"
2026-08-21 10:21:48.521,odometry/filtered,"x:-1.443454, y:0.122886, yaw:-0.023711, cov_xx:0.001916, cov_yy:0.002024"
2026-08-21 10:21:48.530,rated_current_left,"0.000000"
2026-08-21 10:21:48.530,rated_current_right,"0.000000"
2026-08-21 10:21:48.535,odometry/filtered,"x:-1.443454, y:0.122886, yaw:-0.023712, cov_xx:0.001926, cov_yy:0.002036"
2026-08-21 10:21:48.562,rated_current_left,"0.000000"
2026-08-21 10:21:48.562,rated_current_right,"0.000000"
2026-08-21 10:21:48.565,safety/emergency_button,"FALSE"
2026-08-21 10:21:48.565,safety/left_bumper,"FALSE"
2026-08-21 10:21:48.565,safety/right_bumper,"FALSE"
2026-08-21 10:21:48.565,safety/suction_switch,"FALSE"
2026-08-21 10:21:48.576,odometry/filtered,"x:-1.443454, y:0.122886, yaw:-0.023713, cov_xx:0.001931, cov_yy:0.002041"
2026-08-21 10:21:48.593,rated_current_left,"0.000000"
2026-08-21 10:21:48.594,rated_current_right,"0.000000"
2026-08-21 10:21:48.614,odometry/filtered,"x:-1.443454, y:0.122886, yaw:-0.023714, cov_xx:0.001918, cov_yy:0.002026"
2026-08-21 10:21:48.615,safety/emergency_button,"FALSE"
2026-08-21 10:21:48.622,battery/status,"100.000000%"
2026-08-21 10:21:48.622,safety/left_bumper,"FALSE"
2026-08-21 10:21:48.622,safety/right_bumper,"FALSE"
2026-08-21 10:21:48.622,safety/suction_switch,"FALSE"
2026-08-21 10:21:48.625,particle_cloud,"count:800, spread:0.104115"
2026-08-21 10:21:48.627,rated_current_left,"0.000000"
2026-08-21 10:21:48.628,rated_current_right,"0.000000"
2026-08-21 10:21:48.635,odometry/filtered,"x:-1.443457, y:0.122886, yaw:-0.023729, cov_xx:0.001959, cov_yy:0.002071"
2026-08-21 10:21:48.657,rated_current_left,"0.000000"
2026-08-21 10:21:48.658,rated_current_right,"0.000000"
2026-08-21 10:21:48.665,safety/left_bumper,"FALSE"
2026-08-21 10:21:48.665,safety/right_bumper,"FALSE"
2026-08-21 10:21:48.667,safety/emergency_button,"FALSE"
2026-08-21 10:21:48.667,safety/suction_switch,"FALSE"
2026-08-21 10:21:48.675,odometry/filtered,"x:-1.443459, y:0.122886, yaw:-0.023732, cov_xx:0.001922, cov_yy:0.002030"
2026-08-21 10:21:48.690,rated_current_left,"0.000000"
2026-08-21 10:21:48.691,rated_current_right,"0.000000"
2026-08-21 10:21:48.694,odometry/filtered,"x:-1.443460, y:0.122886, yaw:-0.023736, cov_xx:0.001923, cov_yy:0.002032"
2026-08-21 10:21:48.718,battery/status,"100.000000%"
2026-08-21 10:21:48.718,safety/left_bumper,"FALSE"
2026-08-21 10:21:48.719,safety/right_bumper,"FALSE"
2026-08-21 10:21:48.719,safety/emergency_button,"FALSE"
2026-08-21 10:21:48.719,safety/suction_switch,"FALSE"
2026-08-21 10:21:48.724,rated_current_left,"0.000000"
2026-08-21 10:21:48.724,rated_current_right,"0.000000"
2026-08-21 10:21:48.735,odometry/filtered,"x:-1.443461, y:0.122886, yaw:-0.023739, cov_xx:0.001941, cov_yy:0.002052"
2026-08-21 10:21:48.753,rated_current_left,"0.000000"
2026-08-21 10:21:48.753,rated_current_right,"0.000000"
2026-08-21 10:21:48.768,safety/left_bumper,"FALSE"
2026-08-21 10:21:48.768,safety/right_bumper,"FALSE"
2026-08-21 10:21:48.768,safety/emergency_button,"FALSE"
2026-08-21 10:21:48.768,safety/suction_switch,"FALSE"
2026-08-21 10:21:48.775,odometry/filtered,"x:-1.443461, y:0.122886, yaw:-0.023741, cov_xx:0.001921, cov_yy:0.002030"
2026-08-21 10:21:48.790,rated_current_left,"0.000000"
2026-08-21 10:21:48.790,rated_current_right,"0.000000"
2026-08-21 10:21:48.795,odometry/filtered,"x:-1.443461, y:0.122886, yaw:-0.023744, cov_xx:0.001961, cov_yy:0.002074"
2026-08-21 10:21:48.797,robot_status,"ROBOT_STANDBY"
2026-08-21 10:21:48.814,safety/emergency_button,"FALSE"
2026-08-21 10:21:48.815,battery/status,"100.000000%"
2026-08-21 10:21:48.815,safety/left_bumper,"FALSE"
2026-08-21 10:21:48.815,safety/right_bumper,"FALSE"
2026-08-21 10:21:48.815,safety/suction_switch,"FALSE"
2026-08-21 10:21:48.817,rated_current_left,"0.000000"
2026-08-21 10:21:48.818,rated_current_right,"0.000000"
2026-08-21 10:21:48.825,particle_cloud,"count:800, spread:0.107526"
2026-08-21 10:21:48.835,odometry/filtered,"x:-1.443461, y:0.122886, yaw:-0.023746, cov_xx:0.001922, cov_yy:0.002030"
2026-08-21 10:21:48.849,rated_current_left,"0.000000"
2026-08-21 10:21:48.850,rated_current_right,"0.000000"
2026-08-21 10:21:48.855,odometry/filtered,"x:-1.443462, y:0.122886, yaw:-0.023749, cov_xx:0.001927, cov_yy:0.002036"
2026-08-21 10:21:48.868,safety/left_bumper,"FALSE"
2026-08-21 10:21:48.868,safety/right_bumper,"FALSE"
2026-08-21 10:21:48.868,safety/emergency_button,"FALSE"
2026-08-21 10:21:48.868,safety/suction_switch,"FALSE"
2026-08-21 10:21:48.885,rated_current_left,"0.000000"
2026-08-21 10:21:48.885,rated_current_right,"0.000000"
2026-08-21 10:21:48.896,odometry/filtered,"x:-1.443462, y:0.122886, yaw:-0.023751, cov_xx:0.001963, cov_yy:0.002075"
2026-08-21 10:21:48.920,battery/status,"100.000000%"
2026-08-21 10:21:48.920,safety/left_bumper,"FALSE"
2026-08-21 10:21:48.920,safety/right_bumper,"FALSE"
2026-08-21 10:21:48.920,safety/emergency_button,"FALSE"
2026-08-21 10:21:48.920,safety/suction_switch,"FALSE"
2026-08-21 10:21:48.920,rated_current_left,"0.000000"
2026-08-21 10:21:48.920,rated_current_right,"0.000000"
2026-08-21 10:21:48.936,odometry/filtered,"x:-1.443462, y:0.122886, yaw:-0.023753, cov_xx:0.001897, cov_yy:0.002003"
2026-08-21 10:21:48.945,rated_current_left,"0.000000"
2026-08-21 10:21:48.945,rated_current_right,"0.000000"
2026-08-21 10:21:48.956,odometry/filtered,"x:-1.443462, y:0.122886, yaw:-0.023755, cov_xx:0.001934, cov_yy:0.002044"
2026-08-21 10:21:48.969,safety/left_bumper,"FALSE"
2026-08-21 10:21:48.969,safety/right_bumper,"FALSE"
2026-08-21 10:21:48.969,safety/emergency_button,"FALSE"
2026-08-21 10:21:48.969,safety/suction_switch,"FALSE"
2026-08-21 10:21:48.976,rated_current_left,"0.000000"
2026-08-21 10:21:48.978,rated_current_right,"0.000000"
2026-08-21 10:21:48.995,odometry/filtered,"x:-1.443462, y:0.122886, yaw:-0.023756, cov_xx:0.001919, cov_yy:0.002027"
2026-08-21 10:21:49.008,rated_current_left,"0.000000"
2026-08-21 10:21:49.009,rated_current_right,"0.000000"
2026-08-21 10:21:49.014,odometry/filtered,"x:-1.443462, y:0.122886, yaw:-0.023758, cov_xx:0.001927, cov_yy:0.002037"
2026-08-21 10:21:49.015,safety/left_bumper,"FALSE"
2026-08-21 10:21:49.019,safety/right_bumper,"FALSE"
2026-08-21 10:21:49.019,safety/emergency_button,"FALSE"
2026-08-21 10:21:49.020,battery/status,"100.000000%"
2026-08-21 10:21:49.020,safety/suction_switch,"FALSE"
2026-08-21 10:21:49.024,particle_cloud,"count:800, spread:0.105761"
2026-08-21 10:21:49.041,rated_current_left,"0.000000"
2026-08-21 10:21:49.041,rated_current_right,"0.000000"
2026-08-21 10:21:49.054,odometry/filtered,"x:-1.443462, y:0.122886, yaw:-0.023759, cov_xx:0.001930, cov_yy:0.002040"
2026-08-21 10:21:49.065,safety/emergency_button,"FALSE"
2026-08-21 10:21:49.065,safety/right_bumper,"FALSE"
2026-08-21 10:21:49.067,safety/left_bumper,"FALSE"
2026-08-21 10:21:49.067,safety/suction_switch,"FALSE"
2026-08-21 10:21:49.073,rated_current_left,"0.000000"
2026-08-21 10:21:49.073,rated_current_right,"0.000000"
2026-08-21 10:21:49.074,odometry/filtered,"x:-1.443462, y:0.122886, yaw:-0.023761, cov_xx:0.001934, cov_yy:0.002044"
2026-08-21 10:21:49.109,rated_current_left,"0.000000"
2026-08-21 10:21:49.110,rated_current_right,"0.000000"
2026-08-21 10:21:49.114,odometry/filtered,"x:-1.443468, y:0.122886, yaw:-0.023790, cov_xx:0.002000, cov_yy:0.002117"
2026-08-21 10:21:49.119,battery/status,"100.000000%"
2026-08-21 10:21:49.119,safety/left_bumper,"FALSE"
2026-08-21 10:21:49.119,safety/right_bumper,"FALSE"
2026-08-21 10:21:49.120,safety/emergency_button,"FALSE"
2026-08-21 10:21:49.120,safety/suction_switch,"FALSE"
2026-08-21 10:21:49.136,rated_current_left,"0.000000"
2026-08-21 10:21:49.136,rated_current_right,"0.000000"
2026-08-21 10:21:49.155,odometry/filtered,"x:-1.443471, y:0.122886, yaw:-0.023796, cov_xx:0.001885, cov_yy:0.001989"
2026-08-21 10:21:49.164,safety/emergency_button,"FALSE"
2026-08-21 10:21:49.165,safety/left_bumper,"FALSE"
2026-08-21 10:21:49.165,safety/right_bumper,"FALSE"
2026-08-21 10:21:49.165,safety/suction_switch,"FALSE"
2026-08-21 10:21:49.168,rated_current_left,"0.000000"
2026-08-21 10:21:49.170,rated_current_right,"0.000000"
2026-08-21 10:21:49.174,odometry/filtered,"x:-1.443473, y:0.122886, yaw:-0.023802, cov_xx:0.001912, cov_yy:0.002020"
2026-08-21 10:21:49.202,rated_current_left,"0.000000"
2026-08-21 10:21:49.203,rated_current_right,"0.000000"
2026-08-21 10:21:49.214,odometry/filtered,"x:-1.443475, y:0.122886, yaw:-0.023808, cov_xx:0.001938, cov_yy:0.002049"
2026-08-21 10:21:49.215,safety/left_bumper,"FALSE"
2026-08-21 10:21:49.215,safety/right_bumper,"FALSE"
2026-08-21 10:21:49.215,safety/emergency_button,"FALSE"
2026-08-21 10:21:49.215,safety/suction_switch,"FALSE"
2026-08-21 10:21:49.215,battery/status,"100.000000%"
2026-08-21 10:21:49.224,particle_cloud,"count:800, spread:0.103187"
2026-08-21 10:21:49.233,rated_current_left,"0.000000"
2026-08-21 10:21:49.233,rated_current_right,"0.000000"
2026-08-21 10:21:49.234,odometry/filtered,"x:-1.443476, y:0.122886, yaw:-0.023813, cov_xx:0.001939, cov_yy:0.002049"
2026-08-21 10:21:49.264,rated_current_left,"0.000000"
2026-08-21 10:21:49.264,rated_current_right,"0.000000"
2026-08-21 10:21:49.265,safety/left_bumper,"FALSE"
2026-08-21 10:21:49.265,safety/right_bumper,"FALSE"
2026-08-21 10:21:49.265,safety/emergency_button,"FALSE"
2026-08-21 10:21:49.265,safety/suction_switch,"FALSE"
2026-08-21 10:21:49.275,odometry/filtered,"x:-1.443414, y:0.122885, yaw:-0.024033, cov_xx:0.001933, cov_yy:0.002042"
2026-08-21 10:21:49.296,rated_current_left,"0.000000"
2026-08-21 10:21:49.299,rated_current_right,"0.000000"
2026-08-21 10:21:49.299,robot_status,"ROBOT_STANDBY"
2026-08-21 10:21:49.319,battery/status,"100.000000%"
2026-08-21 10:21:49.319,odometry/filtered,"x:-1.443335, y:0.122883, yaw:-0.024231, cov_xx:0.001921, cov_yy:0.002029"
2026-08-21 10:21:49.319,safety/left_bumper,"FALSE"
2026-08-21 10:21:49.319,safety/right_bumper,"FALSE"
2026-08-21 10:21:49.319,safety/emergency_button,"FALSE"
2026-08-21 10:21:49.319,safety/suction_switch,"FALSE"
2026-08-21 10:21:49.331,rated_current_left,"0.000000"
2026-08-21 10:21:49.331,rated_current_right,"0.000000"
2026-08-21 10:21:49.335,odometry/filtered,"x:-1.443249, y:0.122881, yaw:-0.024446, cov_xx:0.001955, cov_yy:0.002067"
2026-08-21 10:21:49.360,rated_current_left,"0.000000"
2026-08-21 10:21:49.360,rated_current_right,"0.000000"
2026-08-21 10:21:49.364,safety/emergency_button,"FALSE"
2026-08-21 10:21:49.364,safety/left_bumper,"FALSE"
2026-08-21 10:21:49.365,safety/right_bumper,"FALSE"
2026-08-21 10:21:49.365,safety/suction_switch,"FALSE"
2026-08-21 10:21:49.375,odometry/filtered,"x:-1.443199, y:0.122879, yaw:-0.024534, cov_xx:0.001917, cov_yy:0.002025"
2026-08-21 10:21:49.392,rated_current_left,"0.000000"
2026-08-21 10:21:49.392,rated_current_right,"0.000000"
2026-08-21 10:21:49.396,odometry/filtered,"x:-1.443167, y:0.122879, yaw:-0.024616, cov_xx:0.001912, cov_yy:0.002019"
2026-08-21 10:21:49.415,safety/emergency_button,"FALSE"
2026-08-21 10:21:49.415,safety/right_bumper,"FALSE"
2026-08-21 10:21:49.417,safety/left_bumper,"FALSE"
2026-08-21 10:21:49.417,battery/status,"100.000000%"
2026-08-21 10:21:49.418,safety/suction_switch,"FALSE"
2026-08-21 10:21:49.424,rated_current_left,"0.000000"
2026-08-21 10:21:49.424,particle_cloud,"count:800, spread:0.107593"
2026-08-21 10:21:49.425,rated_current_right,"0.000000"
2026-08-21 10:21:49.436,odometry/filtered,"x:-1.442980, y:0.122874, yaw:-0.025449, cov_xx:0.001938, cov_yy:0.002048"
2026-08-21 10:21:49.456,rated_current_left,"0.000000"
2026-08-21 10:21:49.456,rated_current_right,"0.000000"
2026-08-21 10:21:49.467,safety/emergency_button,"FALSE"
2026-08-21 10:21:49.470,safety/right_bumper,"FALSE"
2026-08-21 10:21:49.470,safety/left_bumper,"FALSE"
2026-08-21 10:21:49.470,safety/suction_switch,"FALSE"
2026-08-21 10:21:49.474,odometry/filtered,"x:-1.442736, y:0.122867, yaw:-0.026044, cov_xx:0.001928, cov_yy:0.002037"
2026-08-21 10:21:49.490,rated_current_left,"0.000000"
2026-08-21 10:21:49.492,rated_current_right,"0.000000"
2026-08-21 10:21:49.494,odometry/filtered,"x:-1.442412, y:0.122857, yaw:-0.026924, cov_xx:0.001966, cov_yy:0.002079"
2026-08-21 10:21:49.515,safety/left_bumper,"FALSE"
2026-08-21 10:21:49.515,safety/right_bumper,"FALSE"
2026-08-21 10:21:49.515,safety/emergency_button,"FALSE"
2026-08-21 10:21:49.515,safety/suction_switch,"FALSE"
2026-08-21 10:21:49.515,battery/status,"100.000000%"
2026-08-21 10:21:49.525,rated_current_left,"0.000000"
2026-08-21 10:21:49.527,rated_current_right,"0.000000"
2026-08-21 10:21:49.535,odometry/filtered,"x:-1.442024, y:0.122845, yaw:-0.028147, cov_xx:0.001989, cov_yy:0.002104"
2026-08-21 10:21:49.553,rated_current_left,"0.000000"
2026-08-21 10:21:49.553,rated_current_right,"0.000000"
2026-08-21 10:21:49.554,odometry/filtered,"x:-1.441818, y:0.122839, yaw:-0.028610, cov_xx:0.001880, cov_yy:0.001984"
2026-08-21 10:21:49.564,safety/emergency_button,"FALSE"
2026-08-21 10:21:49.565,safety/right_bumper,"FALSE"
2026-08-21 10:21:49.565,safety/left_bumper,"FALSE"
2026-08-21 10:21:49.565,safety/suction_switch,"FALSE"
2026-08-21 10:21:49.599,rated_current_left,"0.000000"
2026-08-21 10:21:49.599,rated_current_right,"0.000000"
2026-08-21 10:21:49.615,battery/status,"100.000000%"
2026-08-21 10:21:49.615,odometry/filtered,"x:-1.441206, y:0.122816, yaw:-0.030897, cov_xx:0.002128, cov_yy:0.002258"
2026-08-21 10:21:49.615,safety/left_bumper,"FALSE"
2026-08-21 10:21:49.615,safety/right_bumper,"FALSE"
2026-08-21 10:21:49.615,safety/emergency_button,"FALSE"
2026-08-21 10:21:49.615,safety/suction_switch,"FALSE"
2026-08-21 10:21:49.620,rated_current_left,"0.000000"
2026-08-21 10:21:49.621,rated_current_right,"0.000000"
2026-08-21 10:21:49.625,particle_cloud,"count:800, spread:0.105920"
2026-08-21 10:21:49.635,odometry/filtered,"x:-1.440726, y:0.122797, yaw:-0.033537, cov_xx:0.001833, cov_yy:0.001930"
2026-08-21 10:21:49.648,rated_current_left,"0.000000"
2026-08-21 10:21:49.649,rated_current_right,"0.000000"
2026-08-21 10:21:49.654,odometry/filtered,"x:-1.440411, y:0.122784, yaw:-0.034504, cov_xx:0.001842, cov_yy:0.001942"
2026-08-21 10:21:49.664,safety/emergency_button,"FALSE"
2026-08-21 10:21:49.665,safety/right_bumper,"FALSE"
2026-08-21 10:21:49.665,safety/left_bumper,"FALSE"
2026-08-21 10:21:49.665,safety/suction_switch,"FALSE"
2026-08-21 10:21:49.680,rated_current_left,"0.000000"
2026-08-21 10:21:49.682,rated_current_right,"0.000000"
2026-08-21 10:21:49.695,odometry/filtered,"x:-1.439575, y:0.122744, yaw:-0.038275, cov_xx:0.001902, cov_yy:0.002009"
2026-08-21 10:21:49.714,rated_current_left,"0.000000"
2026-08-21 10:21:49.715,odometry/filtered,"x:-1.438668, y:0.122696, yaw:-0.041552, cov_xx:0.001902, cov_yy:0.002009"
2026-08-21 10:21:49.716,battery/status,"100.000000%"
2026-08-21 10:21:49.716,safety/left_bumper,"FALSE"
2026-08-21 10:21:49.716,safety/right_bumper,"FALSE"
2026-08-21 10:21:49.716,safety/emergency_button,"FALSE"
2026-08-21 10:21:49.716,safety/suction_switch,"FALSE"
2026-08-21 10:21:49.723,rated_current_right,"0.000000"
2026-08-21 10:21:49.743,rated_current_left,"0.000000"
2026-08-21 10:21:49.743,rated_current_right,"0.000000"
2026-08-21 10:21:49.757,odometry/filtered,"x:-1.437629, y:0.122634, yaw:-0.045312, cov_xx:0.001928, cov_yy:0.002038"
2026-08-21 10:21:49.769,safety/left_bumper,"FALSE"
2026-08-21 10:21:49.769,safety/right_bumper,"FALSE"
2026-08-21 10:21:49.769,safety/emergency_button,"FALSE"
2026-08-21 10:21:49.769,safety/suction_switch,"FALSE"
2026-08-21 10:21:49.775,rated_current_left,"0.000000"
2026-08-21 10:21:49.776,rated_current_right,"0.000000"
2026-08-21 10:21:49.794,odometry/filtered,"x:-1.436501, y:0.122559, yaw:-0.049748, cov_xx:0.001921, cov_yy:0.002031"
2026-08-21 10:21:49.799,robot_status,"ROBOT_MANUAL"
2026-08-21 10:21:49.807,rated_current_left,"0.000000"
2026-08-21 10:21:49.808,rated_current_right,"0.000000"
2026-08-21 10:21:49.815,odometry/filtered,"x:-1.435230, y:0.122465, yaw:-0.054897, cov_xx:0.001929, cov_yy:0.002039"
2026-08-21 10:21:49.816,safety/left_bumper,"FALSE"
2026-08-21 10:21:49.817,safety/right_bumper,"FALSE"
2026-08-21 10:21:49.817,safety/emergency_button,"FALSE"
2026-08-21 10:21:49.817,safety/suction_switch,"FALSE"
2026-08-21 10:21:49.817,battery/status,"100.000000%"
2026-08-21 10:21:49.825,particle_cloud,"count:800, spread:0.102873"
2026-08-21 10:21:49.838,rated_current_left,"0.000000"
2026-08-21 10:21:49.838,rated_current_right,"0.000000"
2026-08-21 10:21:49.854,odometry/filtered,"x:-1.433792, y:0.122344, yaw:-0.062179, cov_xx:0.001927, cov_yy:0.002036"
2026-08-21 10:21:49.864,safety/right_bumper,"FALSE"
2026-08-21 10:21:49.864,safety/emergency_button,"FALSE"
2026-08-21 10:21:49.864,safety/left_bumper,"FALSE"
2026-08-21 10:21:49.864,safety/suction_switch,"FALSE"
2026-08-21 10:21:49.872,rated_current_left,"0.000000"
2026-08-21 10:21:49.872,rated_current_right,"0.000000"
2026-08-21 10:21:49.874,odometry/filtered,"x:-1.432097, y:0.122184, yaw:-0.070081, cov_xx:0.001944, cov_yy:0.002055"
2026-08-21 10:21:49.903,rated_current_left,"0.000000"
2026-08-21 10:21:49.903,rated_current_right,"0.000000"
2026-08-21 10:21:49.914,odometry/filtered,"x:-1.430157, y:0.121977, yaw:-0.077950, cov_xx:0.001926, cov_yy:0.002035"
2026-08-21 10:21:49.917,battery/status,"100.000000%"
2026-08-21 10:21:49.917,safety/left_bumper,"FALSE"
2026-08-21 10:21:49.917,safety/right_bumper,"FALSE"
2026-08-21 10:21:49.917,safety/emergency_button,"FALSE"
2026-08-21 10:21:49.917,safety/suction_switch,"FALSE"
2026-08-21 10:21:49.935,rated_current_left,"0.000000"
2026-08-21 10:21:49.935,rated_current_right,"0.000000"
2026-08-21 10:21:49.955,odometry/filtered,"x:-1.427862, y:0.121707, yaw:-0.086555, cov_xx:0.001944, cov_yy:0.002054"
2026-08-21 10:21:49.964,safety/emergency_button,"FALSE"
2026-08-21 10:21:49.964,safety/left_bumper,"FALSE"
2026-08-21 10:21:49.964,safety/right_bumper,"FALSE"
2026-08-21 10:21:49.964,safety/suction_switch,"FALSE"
2026-08-21 10:21:49.967,rated_current_left,"0.000000"
2026-08-21 10:21:49.967,rated_current_right,"0.000000"
2026-08-21 10:21:49.975,odometry/filtered,"x:-1.425258, y:0.121367, yaw:-0.096236, cov_xx:0.001958, cov_yy:0.002069"
2026-08-21 10:21:49.999,rated_current_left,"0.000000"
2026-08-21 10:21:49.999,rated_current_right,"0.000000"
2026-08-21 10:21:50.014,safety/emergency_button,"FALSE"
2026-08-21 10:21:50.015,battery/status,"100.000000%"
2026-08-21 10:21:50.015,safety/left_bumper,"FALSE"
2026-08-21 10:21:50.015,safety/right_bumper,"FALSE"
2026-08-21 10:21:50.015,safety/suction_switch,"FALSE"
2026-08-21 10:21:50.019,odometry/filtered,"x:-1.422491, y:0.120965, yaw:-0.107571, cov_xx:0.001911, cov_yy:0.002017"
2026-08-21 10:21:50.023,mcl_pose,"x:4.012379, y:2.324250"
2026-08-21 10:21:50.024,particle_cloud,"count:800, spread:0.104526"
2026-08-21 10:21:50.030,rated_current_left,"0.000000"
2026-08-21 10:21:50.030,rated_current_right,"0.000000"
2026-08-21 10:21:50.037,odometry/filtered,"x:-1.419654, y:0.120505, yaw:-0.113575, cov_xx:0.001922, cov_yy:0.002029"
2026-08-21 10:21:50.062,rated_current_left,"0.000000"
2026-08-21 10:21:50.062,rated_current_right,"0.000000"
2026-08-21 10:21:50.064,safety/emergency_button,"FALSE"
2026-08-21 10:21:50.064,safety/left_bumper,"FALSE"
2026-08-21 10:21:50.064,safety/right_bumper,"FALSE"
2026-08-21 10:21:50.064,safety/suction_switch,"FALSE"
2026-08-21 10:21:50.074,odometry/filtered,"x:-1.416677, y:0.119975, yaw:-0.127331, cov_xx:0.001919, cov_yy:0.002025"
2026-08-21 10:21:50.095,rated_current_left,"0.000000"
2026-08-21 10:21:50.095,rated_current_right,"0.000000"
2026-08-21 10:21:50.116,battery/status,"100.000000%"
2026-08-21 10:21:50.116,odometry/filtered,"x:-1.413761, y:0.119402, yaw:-0.141703, cov_xx:0.001930, cov_yy:0.002037"
2026-08-21 10:21:50.116,safety/left_bumper,"FALSE"
2026-08-21 10:21:50.116,safety/right_bumper,"FALSE"
2026-08-21 10:21:50.116,safety/emergency_button,"FALSE"
2026-08-21 10:21:50.116,safety/suction_switch,"FALSE"
2026-08-21 10:21:50.127,rated_current_left,"0.000000"
2026-08-21 10:21:50.127,rated_current_right,"0.000000"
2026-08-21 10:21:50.134,odometry/filtered,"x:-1.410922, y:0.118787, yaw:-0.156341, cov_xx:0.001942, cov_yy:0.002050"
2026-08-21 10:21:50.159,rated_current_left,"0.000000"
2026-08-21 10:21:50.159,rated_current_right,"0.000000"
2026-08-21 10:21:50.164,safety/emergency_button,"FALSE"
2026-08-21 10:21:50.164,safety/right_bumper,"FALSE"
2026-08-21 10:21:50.164,safety/left_bumper,"FALSE"
2026-08-21 10:21:50.165,safety/suction_switch,"FALSE"
2026-08-21 10:21:50.177,odometry/filtered,"x:-1.408181, y:0.118136, yaw:-0.170914, cov_xx:0.001941, cov_yy:0.002047"
2026-08-21 10:21:50.196,rated_current_left,"0.000000"
2026-08-21 10:21:50.197,rated_current_right,"0.000000"
2026-08-21 10:21:50.215,battery/status,"100.000000%"
2026-08-21 10:21:50.215,odometry/filtered,"x:-1.405302, y:0.117395, yaw:-0.185648, cov_xx:0.002005, cov_yy:0.002117"
2026-08-21 10:21:50.215,safety/left_bumper,"FALSE"
2026-08-21 10:21:50.215,safety/right_bumper,"FALSE"
2026-08-21 10:21:50.215,safety/emergency_button,"FALSE"
2026-08-21 10:21:50.215,safety/suction_switch,"FALSE"
2026-08-21 10:21:50.223,mcl_pose,"x:4.003382, y:2.308807"
2026-08-21 10:21:50.224,rated_current_left,"0.000000"
2026-08-21 10:21:50.224,rated_current_right,"0.000000"
2026-08-21 10:21:50.227,particle_cloud,"count:800, spread:0.106824"
2026-08-21 10:21:50.235,odometry/filtered,"x:-1.402856, y:0.116710, yaw:-0.199801, cov_xx:0.001917, cov_yy:0.002018"
2026-08-21 10:21:50.255,rated_current_left,"0.000000"
2026-08-21 10:21:50.255,rated_current_right,"0.000000"
2026-08-21 10:21:50.264,safety/left_bumper,"FALSE"
2026-08-21 10:21:50.265,safety/right_bumper,"FALSE"
2026-08-21 10:21:50.265,safety/emergency_button,"FALSE"
2026-08-21 10:21:50.265,safety/suction_switch,"FALSE"
2026-08-21 10:21:50.275,odometry/filtered,"x:-1.400336, y:0.115963, yaw:-0.213733, cov_xx:0.001908, cov_yy:0.002009"
2026-08-21 10:21:50.292,rated_current_left,"0.000000"
2026-08-21 10:21:50.293,rated_current_right,"0.000000"
2026-08-21 10:21:50.294,odometry/filtered,"x:-1.397775, y:0.115169, yaw:-0.226854, cov_xx:0.001998, cov_yy:0.002106"
2026-08-21 10:21:50.296,robot_status,"ROBOT_MANUAL"
2026-08-21 10:21:50.314,safety/emergency_button,"FALSE"
2026-08-21 10:21:50.314,safety/left_bumper,"FALSE"
2026-08-21 10:21:50.314,safety/right_bumper,"FALSE"
2026-08-21 10:21:50.314,safety/suction_switch,"FALSE"
2026-08-21 10:21:50.316,battery/status,"100.000000%"
2026-08-21 10:21:50.317,rated_current_left,"0.000000"
2026-08-21 10:21:50.317,rated_current_right,"0.000000"
2026-08-21 10:21:50.337,odometry/filtered,"x:-1.395852, y:0.114534, yaw:-0.238136, cov_xx:0.001876, cov_yy:0.001970"
2026-08-21 10:21:50.350,rated_current_left,"0.000000"
2026-08-21 10:21:50.351,rated_current_right,"0.000000"
2026-08-21 10:21:50.355,odometry/filtered,"x:-1.393766, y:0.113838, yaw:-0.246516, cov_xx:0.001913, cov_yy:0.002011"
2026-08-21 10:21:50.365,safety/left_bumper,"FALSE"
2026-08-21 10:21:50.365,safety/right_bumper,"FALSE"
2026-08-21 10:21:50.365,safety/emergency_button,"FALSE"
2026-08-21 10:21:50.365,safety/suction_switch,"FALSE"
2026-08-21 10:21:50.384,rated_current_left,"0.000000"
2026-08-21 10:21:50.384,rated_current_right,"0.000000"
2026-08-21 10:21:50.396,odometry/filtered,"x:-1.391771, y:0.113162, yaw:-0.252883, cov_xx:0.001924, cov_yy:0.002022"
2026-08-21 10:21:50.414,safety/left_bumper,"FALSE"
2026-08-21 10:21:50.414,safety/right_bumper,"FALSE"
2026-08-21 10:21:50.415,safety/emergency_button,"FALSE"
2026-08-21 10:21:50.415,safety/suction_switch,"FALSE"
2026-08-21 10:21:50.415,rated_current_left,"0.000000"
2026-08-21 10:21:50.415,rated_current_right,"0.000000"
2026-08-21 10:21:50.415,battery/status,"100.000000%"
2026-08-21 10:21:50.424,particle_cloud,"count:800, spread:0.102314"
2026-08-21 10:21:50.437,odometry/filtered,"x:-1.389674, y:0.112455, yaw:-0.257131, cov_xx:0.001938, cov_yy:0.002036"
2026-08-21 10:21:50.439,mcl_pose,"x:3.993722, y:2.305404"
2026-08-21 10:21:50.447,rated_current_left,"0.000000"
2026-08-21 10:21:50.447,rated_current_right,"0.000000"
2026-08-21 10:21:50.455,odometry/filtered,"x:-1.387429, y:0.111717, yaw:-0.258438, cov_xx:0.001942, cov_yy:0.002040"
2026-08-21 10:21:50.465,safety/left_bumper,"FALSE"
2026-08-21 10:21:50.465,safety/right_bumper,"FALSE"
2026-08-21 10:21:50.465,safety/emergency_button,"FALSE"
2026-08-21 10:21:50.465,safety/suction_switch,"FALSE"
2026-08-21 10:21:50.477,rated_current_left,"0.000000"
2026-08-21 10:21:50.477,rated_current_right,"0.000000"
2026-08-21 10:21:50.495,odometry/filtered,"x:-1.386191, y:0.111295, yaw:-0.262787, cov_xx:0.001929, cov_yy:0.002025"
2026-08-21 10:21:50.510,rated_current_left,"0.000000"
2026-08-21 10:21:50.510,rated_current_right,"0.000000"
2026-08-21 10:21:50.514,safety/emergency_button,"FALSE"
2026-08-21 10:21:50.514,safety/left_bumper,"FALSE"
2026-08-21 10:21:50.514,safety/right_bumper,"FALSE"
2026-08-21 10:21:50.514,safety/suction_switch,"FALSE"
2026-08-21 10:21:50.515,battery/status,"100.000000%"
2026-08-21 10:21:50.515,odometry/filtered,"x:-1.383047, y:0.110381, yaw:-0.253383, cov_xx:0.001935, cov_yy:0.002031"
2026-08-21 10:21:50.541,rated_current_left,"0.000000"
2026-08-21 10:21:50.542,rated_current_right,"0.000000"
2026-08-21 10:21:50.555,odometry/filtered,"x:-1.379854, y:0.109510, yaw:-0.246358, cov_xx:0.001938, cov_yy:0.002034"
2026-08-21 10:21:50.564,safety/left_bumper,"FALSE"
2026-08-21 10:21:50.565,safety/right_bumper,"FALSE"
2026-08-21 10:21:50.565,safety/emergency_button,"FALSE"
2026-08-21 10:21:50.565,safety/suction_switch,"FALSE"
2026-08-21 10:21:50.573,rated_current_left,"0.000000"
2026-08-21 10:21:50.573,rated_current_right,"0.000000"
2026-08-21 10:21:50.596,odometry/filtered,"x:-1.376472, y:0.108673, yaw:-0.237323, cov_xx:0.001938, cov_yy:0.002035"
2026-08-21 10:21:50.606,rated_current_left,"0.000000"
2026-08-21 10:21:50.607,rated_current_right,"0.000000"
2026-08-21 10:21:50.615,battery/status,"100.000000%"
2026-08-21 10:21:50.615,odometry/filtered,"x:-1.372736, y:0.107853, yaw:-0.226349, cov_xx:0.001955, cov_yy:0.002054"
2026-08-21 10:21:50.615,safety/left_bumper,"FALSE"
2026-08-21 10:21:50.615,safety/right_bumper,"FALSE"
2026-08-21 10:21:50.615,safety/emergency_button,"FALSE"
2026-08-21 10:21:50.615,safety/suction_switch,"FALSE"
2026-08-21 10:21:50.629,mcl_pose,"x:3.977135, y:2.288947"
2026-08-21 10:21:50.630,particle_cloud,"count:800, spread:0.101830"
2026-08-21 10:21:50.638,rated_current_left,"0.000000"
2026-08-21 10:21:50.640,rated_current_right,"0.000000"
2026-08-21 10:21:50.654,odometry/filtered,"x:-1.370617, y:0.107394, yaw:-0.223639, cov_xx:0.001948, cov_yy:0.002047"
2026-08-21 10:21:50.664,safety/left_bumper,"FALSE"
2026-08-21 10:21:50.665,safety/right_bumper,"FALSE"
2026-08-21 10:21:50.665,safety/emergency_button,"FALSE"
2026-08-21 10:21:50.665,safety/suction_switch,"FALSE"
2026-08-21 10:21:50.670,rated_current_left,"0.000000"
2026-08-21 10:21:50.670,rated_current_right,"0.000000"
2026-08-21 10:21:50.676,odometry/filtered,"x:-1.365776, y:0.106620, yaw:-0.200511, cov_xx:0.001931, cov_yy:0.002029"
2026-08-21 10:21:50.702,rated_current_left,"0.000000"
2026-08-21 10:21:50.705,rated_current_right,"0.000000"
2026-08-21 10:21:50.722,battery/status,"100.000000%"
2026-08-21 10:21:50.722,odometry/filtered,"x:-1.363004, y:0.106191, yaw:-0.195048, cov_xx:0.001933, cov_yy:0.002032"
2026-08-21 10:21:50.722,safety/left_bumper,"FALSE"
2026-08-21 10:21:50.722,safety/right_bumper,"FALSE"
2026-08-21 10:21:50.723,safety/emergency_button,"FALSE"
2026-08-21 10:21:50.723,safety/suction_switch,"FALSE"
2026-08-21 10:21:50.731,mcl_pose,"x:3.966320, y:2.271116"
2026-08-21 10:21:50.733,rated_current_left,"0.000000"
2026-08-21 10:21:50.735,rated_current_right,"0.000000"
2026-08-21 10:21:50.755,odometry/filtered,"x:-1.357358, y:0.105617, yaw:-0.167187, cov_xx:0.001936, cov_yy:0.002036"
2026-08-21 10:21:50.764,safety/emergency_button,"FALSE"
2026-08-21 10:21:50.765,safety/left_bumper,"FALSE"
2026-08-21 10:21:50.765,safety/right_bumper,"FALSE"
2026-08-21 10:21:50.765,safety/suction_switch,"FALSE"
2026-08-21 10:21:50.767,rated_current_left,"0.000000"
2026-08-21 10:21:50.767,rated_current_right,"0.000000"
2026-08-21 10:21:50.776,odometry/filtered,"x:-1.352332, y:0.105258, yaw:-0.147614, cov_xx:0.001937, cov_yy:0.002039"
2026-08-21 10:21:50.797,robot_status,"ROBOT_MANUAL"
2026-08-21 10:21:50.799,rated_current_left,"0.000000"
2026-08-21 10:21:50.801,rated_current_right,"0.000000"
2026-08-21 10:21:50.817,battery/status,"100.000000%"
2026-08-21 10:21:50.817,odometry/filtered,"x:-1.347558, y:0.105064, yaw:-0.126895, cov_xx:0.001944, cov_yy:0.002049"
2026-08-21 10:21:50.817,safety/left_bumper,"FALSE"
2026-08-21 10:21:50.817,safety/right_bumper,"FALSE"
2026-08-21 10:21:50.818,safety/emergency_button,"FALSE"
2026-08-21 10:21:50.818,safety/suction_switch,"FALSE"
2026-08-21 10:21:50.823,mcl_pose,"x:3.956269, y:2.253641"
2026-08-21 10:21:50.824,particle_cloud,"count:800, spread:0.106646"
2026-08-21 10:21:50.830,rated_current_left,"0.000000"
2026-08-21 10:21:50.831,rated_current_right,"0.000000"
2026-08-21 10:21:50.836,odometry/filtered,"x:-1.343137, y:0.105032, yaw:-0.105554, cov_xx:0.001926, cov_yy:0.002030"
2026-08-21 10:21:50.862,rated_current_left,"0.000000"
2026-08-21 10:21:50.865,safety/left_bumper,"FALSE"
2026-08-21 10:21:50.865,safety/right_bumper,"FALSE"
2026-08-21 10:21:50.865,safety/emergency_button,"FALSE"
2026-08-21 10:21:50.865,safety/suction_switch,"FALSE"
2026-08-21 10:21:50.865,rated_current_right,"0.000000"
2026-08-21 10:21:50.875,odometry/filtered,"x:-1.338781, y:0.105124, yaw:-0.084280, cov_xx:0.001944, cov_yy:0.002051"
2026-08-21 10:21:50.894,rated_current_left,"0.000000"
2026-08-21 10:21:50.894,rated_current_right,"0.000000"
2026-08-21 10:21:50.914,odometry/filtered,"x:-1.334567, y:0.105348, yaw:-0.063302, cov_xx:0.001940, cov_yy:0.002049"
2026-08-21 10:21:50.915,safety/left_bumper,"FALSE"
2026-08-21 10:21:50.915,safety/right_bumper,"FALSE"
2026-08-21 10:21:50.915,safety/emergency_button,"FALSE"
2026-08-21 10:21:50.915,safety/suction_switch,"FALSE"
2026-08-21 10:21:50.915,battery/status,"100.000000%"
2026-08-21 10:21:50.919,mcl_pose,"x:3.946436, y:2.236147"
2026-08-21 10:21:50.930,rated_current_left,"0.000000"
2026-08-21 10:21:50.930,rated_current_right,"0.000000"
2026-08-21 10:21:50.935,odometry/filtered,"x:-1.330446, y:0.105681, yaw:-0.042546, cov_xx:0.001939, cov_yy:0.002048"
2026-08-21 10:21:50.956,rated_current_left,"0.000000"
2026-08-21 10:21:50.956,rated_current_right,"0.000000"
2026-08-21 10:21:50.966,safety/right_bumper,"FALSE"
2026-08-21 10:21:50.966,safety/emergency_button,"FALSE"
2026-08-21 10:21:50.966,safety/left_bumper,"FALSE"
2026-08-21 10:21:50.966,safety/suction_switch,"FALSE"
2026-08-21 10:21:50.976,odometry/filtered,"x:-1.326625, y:0.106097, yaw:-0.022473, cov_xx:0.001909, cov_yy:0.002016"
2026-08-21 10:21:50.989,rated_current_left,"0.000000"
2026-08-21 10:21:50.990,rated_current_right,"0.000000"
2026-08-21 10:21:50.995,odometry/filtered,"x:-1.322877, y:0.106577, yaw:-0.002460, cov_xx:0.001926, cov_yy:0.002035"
2026-08-21 10:21:50.999,mcl_pose,"x:3.935603, y:2.212296"
2026-08-21 10:21:51.014,safety/emergency_button,"FALSE"
2026-08-21 10:21:51.014,safety/left_bumper,"FALSE"
2026-08-21 10:21:51.014,safety/right_bumper,"FALSE"
2026-08-21 10:21:51.014,safety/suction_switch,"FALSE"
2026-08-21 10:21:51.019,battery/status,"100.000000%"
2026-08-21 10:21:51.020,rated_current_left,"0.000000"
2026-08-21 10:21:51.020,rated_current_right,"0.000000"
2026-08-21 10:21:51.024,particle_cloud,"count:800, spread:0.125793"
2026-08-21 10:21:51.035,odometry/filtered,"x:-1.319755, y:0.107062, yaw:0.010388, cov_xx:0.001918, cov_yy:0.002028"
2026-08-21 10:21:51.053,rated_current_left,"0.000000"
2026-08-21 10:21:51.053,rated_current_right,"0.000000"
2026-08-21 10:21:51.064,safety/emergency_button,"FALSE"
2026-08-21 10:21:51.064,safety/left_bumper,"FALSE"
2026-08-21 10:21:51.064,safety/right_bumper,"FALSE"
2026-08-21 10:21:51.064,safety/suction_switch,"FALSE"
2026-08-21 10:21:51.076,odometry/filtered,"x:-1.316707, y:0.107581, yaw:0.030246, cov_xx:0.001946, cov_yy:0.002058"
2026-08-21 10:21:51.087,rated_current_left,"0.000000"
2026-08-21 10:21:51.087,rated_current_right,"0.000000"
2026-08-21 10:21:51.094,odometry/filtered,"x:-1.315100, y:0.107902, yaw:0.042303, cov_xx:0.001931, cov_yy:0.002042"
2026-08-21 10:21:51.103,mcl_pose,"x:3.931105, y:2.194868"
2026-08-21 10:21:51.114,safety/right_bumper,"FALSE"
2026-08-21 10:21:51.115,safety/emergency_button,"FALSE"
2026-08-21 10:21:51.115,battery/status,"100.000000%"
2026-08-21 10:21:51.115,safety/left_bumper,"FALSE"
2026-08-21 10:21:51.115,safety/suction_switch,"FALSE"
2026-08-21 10:21:51.119,rated_current_left,"0.000000"
2026-08-21 10:21:51.120,rated_current_right,"0.000000"
2026-08-21 10:21:51.135,odometry/filtered,"x:-1.311982, y:0.108543, yaw:0.066703, cov_xx:0.001965, cov_yy:0.002078"
2026-08-21 10:21:51.150,rated_current_left,"0.000000"
2026-08-21 10:21:51.151,rated_current_right,"0.000000"
2026-08-21 10:21:51.156,odometry/filtered,"x:-1.309583, y:0.109112, yaw:0.085536, cov_xx:0.001938, cov_yy:0.002048"
2026-08-21 10:21:51.164,safety/left_bumper,"FALSE"
2026-08-21 10:21:51.165,safety/right_bumper,"FALSE"
2026-08-21 10:21:51.165,safety/emergency_button,"FALSE"
2026-08-21 10:21:51.165,safety/suction_switch,"FALSE"
2026-08-21 10:21:51.182,rated_current_left,"0.000000"
2026-08-21 10:21:51.182,rated_current_right,"0.000000"
2026-08-21 10:21:51.195,odometry/filtered,"x:-1.307382, y:0.109669, yaw:0.104061, cov_xx:0.001930, cov_yy:0.002039"
2026-08-21 10:21:51.201,mcl_pose,"x:3.927075, y:2.182929"
2026-08-21 10:21:51.213,rated_current_left,"0.000000"
2026-08-21 10:21:51.213,rated_current_right,"0.000000"
2026-08-21 10:21:51.215,safety/right_bumper,"FALSE"
2026-08-21 10:21:51.215,safety/emergency_button,"FALSE"
2026-08-21 10:21:51.216,safety/left_bumper,"FALSE"
2026-08-21 10:21:51.216,battery/status,"100.000000%"
2026-08-21 10:21:51.217,safety/suction_switch,"FALSE"
2026-08-21 10:21:51.224,particle_cloud,"count:800, spread:0.132433"
2026-08-21 10:21:51.235,odometry/filtered,"x:-1.305385, y:0.110211, yaw:0.122090, cov_xx:0.001925, cov_yy:0.002033"
2026-08-21 10:21:51.245,rated_current_left,"0.000000"
2026-08-21 10:21:51.246,rated_current_right,"0.000000"
2026-08-21 10:21:51.255,odometry/filtered,"x:-1.303637, y:0.110717, yaw:0.139279, cov_xx:0.001920, cov_yy:0.002027"
2026-08-21 10:21:51.264,safety/left_bumper,"FALSE"
2026-08-21 10:21:51.264,safety/right_bumper,"FALSE"
2026-08-21 10:21:51.264,safety/emergency_button,"FALSE"
2026-08-21 10:21:51.264,safety/suction_switch,"FALSE"
2026-08-21 10:21:51.277,rated_current_left,"0.000000"
2026-08-21 10:21:51.277,rated_current_right,"0.000000"
2026-08-21 10:21:51.296,odometry/filtered,"x:-1.302012, y:0.111206, yaw:0.153903, cov_xx:0.001937, cov_yy:0.002045"
2026-08-21 10:21:51.301,robot_status,"ROBOT_MANUAL"
2026-08-21 10:21:51.309,rated_current_left,"0.000000"
2026-08-21 10:21:51.310,rated_current_right,"0.000000"
2026-08-21 10:21:51.314,mcl_pose,"x:3.918949, y:2.166506"
2026-08-21 10:21:51.315,battery/status,"100.000000%"
2026-08-21 10:21:51.315,odometry/filtered,"x:-1.300609, y:0.111660, yaw:0.168108, cov_xx:0.001927, cov_yy:0.002033"
2026-08-21 10:21:51.316,safety/left_bumper,"FALSE"
2026-08-21 10:21:51.316,safety/right_bumper,"FALSE"
2026-08-21 10:21:51.316,safety/emergency_button,"FALSE"
2026-08-21 10:21:51.316,safety/suction_switch,"FALSE"
2026-08-21 10:21:51.340,rated_current_left,"0.000000"
2026-08-21 10:21:51.340,rated_current_right,"0.000000"
2026-08-21 10:21:51.354,odometry/filtered,"x:-1.299373, y:0.112080, yaw:0.181910, cov_xx:0.001921, cov_yy:0.002026"
2026-08-21 10:21:51.364,safety/left_bumper,"FALSE"
2026-08-21 10:21:51.364,safety/right_bumper,"FALSE"
2026-08-21 10:21:51.364,safety/emergency_button,"FALSE"
2026-08-21 10:21:51.364,safety/suction_switch,"FALSE"
2026-08-21 10:21:51.376,rated_current_left,"0.000000"
2026-08-21 10:21:51.376,rated_current_right,"0.000000"
2026-08-21 10:21:51.395,odometry/filtered,"x:-1.298131, y:0.112502, yaw:0.196092, cov_xx:0.001996, cov_yy:0.002107"
2026-08-21 10:21:51.408,rated_current_left,"0.000000"
2026-08-21 10:21:51.409,rated_current_right,"0.000000"
2026-08-21 10:21:51.415,odometry/filtered,"x:-1.297374, y:0.112803, yaw:0.209128, cov_xx:0.001966, cov_yy:0.002072"
2026-08-21 10:21:51.415,safety/left_bumper,"FALSE"
2026-08-21 10:21:51.415,safety/right_bumper,"FALSE"
2026-08-21 10:21:51.415,safety/emergency_button,"FALSE"
2026-08-21 10:21:51.415,safety/suction_switch,"FALSE"
2026-08-21 10:21:51.416,battery/status,"100.000000%"
2026-08-21 10:21:51.424,particle_cloud,"count:800, spread:0.125140"
2026-08-21 10:21:51.436,rated_current_left,"0.000000"
2026-08-21 10:21:51.436,rated_current_right,"0.000000"
2026-08-21 10:21:51.455,odometry/filtered,"x:-1.296985, y:0.112995, yaw:0.220841, cov_xx:0.001881, cov_yy:0.001978"
2026-08-21 10:21:51.467,safety/emergency_button,"FALSE"
2026-08-21 10:21:51.467,safety/left_bumper,"FALSE"
2026-08-21 10:21:51.467,safety/right_bumper,"FALSE"
2026-08-21 10:21:51.467,safety/suction_switch,"FALSE"
2026-08-21 10:21:51.468,rated_current_left,"0.000000"
2026-08-21 10:21:51.469,rated_current_right,"0.000000"
2026-08-21 10:21:51.475,odometry/filtered,"x:-1.296587, y:0.113166, yaw:0.232749, cov_xx:0.001943, cov_yy:0.002045"
2026-08-21 10:21:51.499,rated_current_left,"0.000000"
2026-08-21 10:21:51.500,rated_current_right,"0.000000"
2026-08-21 10:21:51.514,safety/right_bumper,"FALSE"
2026-08-21 10:21:51.514,safety/emergency_button,"FALSE"
2026-08-21 10:21:51.515,odometry/filtered,"x:-1.296674, y:0.113188, yaw:0.243171, cov_xx:0.001901, cov_yy:0.001999"
2026-08-21 10:21:51.515,safety/left_bumper,"FALSE"
2026-08-21 10:21:51.515,safety/suction_switch,"FALSE"
2026-08-21 10:21:51.515,battery/status,"100.000000%"
2026-08-21 10:21:51.523,mcl_pose,"x:3.912605, y:2.150899"
2026-08-21 10:21:51.531,rated_current_left,"0.000000"
2026-08-21 10:21:51.531,rated_current_right,"0.000000"
2026-08-21 10:21:51.537,odometry/filtered,"x:-1.296898, y:0.113150, yaw:0.253086, cov_xx:0.001915, cov_yy:0.002012"
2026-08-21 10:21:51.563,rated_current_left,"0.000000"
2026-08-21 10:21:51.563,rated_current_right,"0.000000"
2026-08-21 10:21:51.565,safety/emergency_button,"FALSE"
2026-08-21 10:21:51.565,safety/left_bumper,"FALSE"
2026-08-21 10:21:51.565,safety/right_bumper,"FALSE"
2026-08-21 10:21:51.565,safety/suction_switch,"FALSE"
2026-08-21 10:21:51.576,odometry/filtered,"x:-1.297242, y:0.113065, yaw:0.262334, cov_xx:0.001936, cov_yy:0.002035"
2026-08-21 10:21:51.594,system_resources,"cpu:60.8%, mem:33.7%, mem_used_mb:2565, mem_total_mb:7619"
2026-08-21 10:21:51.595,rated_current_left,"0.000000"
2026-08-21 10:21:51.598,rated_current_right,"0.000000"
2026-08-21 10:21:51.615,battery/status,"100.000000%"
2026-08-21 10:21:51.615,odometry/filtered,"x:-1.297698, y:0.112939, yaw:0.270713, cov_xx:0.001940, cov_yy:0.002037"
2026-08-21 10:21:51.615,safety/left_bumper,"FALSE"
2026-08-21 10:21:51.615,safety/right_bumper,"FALSE"
2026-08-21 10:21:51.615,safety/emergency_button,"FALSE"
2026-08-21 10:21:51.615,safety/suction_switch,"FALSE"
2026-08-21 10:21:51.624,particle_cloud,"count:800, spread:0.142640"
2026-08-21 10:21:51.629,rated_current_left,"0.000000"
2026-08-21 10:21:51.632,rated_current_right,"0.000000"
2026-08-21 10:21:51.634,odometry/filtered,"x:-1.298160, y:0.112805, yaw:0.278748, cov_xx:0.001972, cov_yy:0.002071"
2026-08-21 10:21:51.659,rated_current_left,"0.000000"
2026-08-21 10:21:51.659,rated_current_right,"0.000000"
2026-08-21 10:21:51.664,safety/emergency_button,"FALSE"
2026-08-21 10:21:51.664,safety/right_bumper,"FALSE"
2026-08-21 10:21:51.664,safety/left_bumper,"FALSE"
2026-08-21 10:21:51.664,safety/suction_switch,"FALSE"
2026-08-21 10:21:51.674,odometry/filtered,"x:-1.298735, y:0.112633, yaw:0.285464, cov_xx:0.001915, cov_yy:0.002007"
2026-08-21 10:21:51.692,rated_current_left,"0.000000"
2026-08-21 10:21:51.692,rated_current_right,"0.000000"
2026-08-21 10:21:51.694,odometry/filtered,"x:-1.299322, y:0.112448, yaw:0.292229, cov_xx:0.001941, cov_yy:0.002036"
2026-08-21 10:21:51.699,mcl_pose,"x:3.909979, y:2.146106"
2026-08-21 10:21:51.714,safety/right_bumper,"FALSE"
2026-08-21 10:21:51.714,safety/emergency_button,"FALSE"
2026-08-21 10:21:51.714,safety/left_bumper,"FALSE"
2026-08-21 10:21:51.714,battery/status,"100.000000%"
2026-08-21 10:21:51.715,safety/suction_switch,"FALSE"
2026-08-21 10:21:51.723,rated_current_left,"0.000000"
2026-08-21 10:21:51.726,rated_current_right,"0.000000"
2026-08-21 10:21:51.734,odometry/filtered,"x:-1.300069, y:0.112204, yaw:0.298636, cov_xx:0.001938, cov_yy:0.002031"
2026-08-21 10:21:51.756,rated_current_left,"0.000000"
2026-08-21 10:21:51.756,rated_current_right,"0.000000"
2026-08-21 10:21:51.764,safety/emergency_button,"FALSE"
2026-08-21 10:21:51.764,safety/left_bumper,"FALSE"
2026-08-21 10:21:51.764,safety/right_bumper,"FALSE"
2026-08-21 10:21:51.764,safety/suction_switch,"FALSE"
2026-08-21 10:21:51.774,odometry/filtered,"x:-1.300903, y:0.111925, yaw:0.305021, cov_xx:0.001955, cov_yy:0.002049"
2026-08-21 10:21:51.787,rated_current_left,"0.000000"
2026-08-21 10:21:51.787,rated_current_right,"0.000000"
2026-08-21 10:21:51.795,odometry/filtered,"x:-1.301783, y:0.111626, yaw:0.311328, cov_xx:0.001931, cov_yy:0.002021"
2026-08-21 10:21:51.796,robot_status,"ROBOT_MANUAL"
2026-08-21 10:21:51.817,battery/status,"100.000000%"
2026-08-21 10:21:51.817,safety/left_bumper,"FALSE"
2026-08-21 10:21:51.817,safety/right_bumper,"FALSE"
2026-08-21 10:21:51.817,safety/emergency_button,"FALSE"
2026-08-21 10:21:51.817,safety/suction_switch,"FALSE"
2026-08-21 10:21:51.822,rated_current_left,"0.000000"
2026-08-21 10:21:51.822,rated_current_right,"0.000000"
2026-08-21 10:21:51.826,particle_cloud,"count:800, spread:0.135521"
2026-08-21 10:21:51.835,odometry/filtered,"x:-1.302601, y:0.111343, yaw:0.317899, cov_xx:0.001971, cov_yy:0.002064"
2026-08-21 10:21:51.852,rated_current_left,"0.000000"
2026-08-21 10:21:51.852,rated_current_right,"0.000000"
2026-08-21 10:21:51.854,odometry/filtered,"x:-1.303261, y:0.111116, yaw:0.323905, cov_xx:0.001926, cov_yy:0.002014"
2026-08-21 10:21:51.867,safety/left_bumper,"FALSE"
2026-08-21 10:21:51.867,safety/right_bumper,"FALSE"
2026-08-21 10:21:51.867,safety/emergency_button,"FALSE"
2026-08-21 10:21:51.867,safety/suction_switch,"FALSE"
2026-08-21 10:21:51.887,rated_current_left,"0.000000"
2026-08-21 10:21:51.887,rated_current_right,"0.000000"
2026-08-21 10:21:51.895,odometry/filtered,"x:-1.303733, y:0.110952, yaw:0.329722, cov_xx:0.001970, cov_yy:0.002061"
2026-08-21 10:21:51.914,safety/right_bumper,"FALSE"
2026-08-21 10:21:51.914,safety/emergency_button,"FALSE"
2026-08-21 10:21:51.917,battery/status,"100.000000%"
2026-08-21 10:21:51.917,safety/left_bumper,"FALSE"
2026-08-21 10:21:51.917,safety/suction_switch,"FALSE"
2026-08-21 10:21:51.917,rated_current_left,"0.000000"
2026-08-21 10:21:51.917,rated_current_right,"0.000000"
2026-08-21 10:21:51.937,odometry/filtered,"x:-1.304080, y:0.110834, yaw:0.334558, cov_xx:0.001940, cov_yy:0.002028"
2026-08-21 10:21:51.947,rated_current_left,"0.000000"
2026-08-21 10:21:51.947,rated_current_right,"0.000000"
2026-08-21 10:21:51.954,odometry/filtered,"x:-1.304340, y:0.110747, yaw:0.338685, cov_xx:0.001919, cov_yy:0.002005"
2026-08-21 10:21:51.964,safety/emergency_button,"FALSE"
2026-08-21 10:21:51.964,safety/left_bumper,"FALSE"
2026-08-21 10:21:51.964,safety/right_bumper,"FALSE"
2026-08-21 10:21:51.965,safety/suction_switch,"FALSE"
2026-08-21 10:21:51.978,rated_current_left,"0.000000"
2026-08-21 10:21:51.978,rated_current_right,"0.000000"
2026-08-21 10:21:51.995,odometry/filtered,"x:-1.304518, y:0.110688, yaw:0.342397, cov_xx:0.001918, cov_yy:0.002003"
2026-08-21 10:21:52.011,rated_current_left,"0.000000"
2026-08-21 10:21:52.011,rated_current_right,"0.000000"
2026-08-21 10:21:52.015,battery/status,"100.000000%"
2026-08-21 10:21:52.015,odometry/filtered,"x:-1.304674, y:0.110636, yaw:0.345937, cov_xx:0.001953, cov_yy:0.002040"
2026-08-21 10:21:52.015,safety/left_bumper,"FALSE"
2026-08-21 10:21:52.015,safety/right_bumper,"FALSE"
2026-08-21 10:21:52.015,safety/emergency_button,"FALSE"
2026-08-21 10:21:52.015,safety/suction_switch,"FALSE"
2026-08-21 10:21:52.020,mcl_pose,"x:3.903729, y:2.132736"
2026-08-21 10:21:52.024,particle_cloud,"count:800, spread:0.141475"
2026-08-21 10:21:52.043,rated_current_left,"0.000000"
2026-08-21 10:21:52.043,rated_current_right,"0.000000"
2026-08-21 10:21:52.055,odometry/filtered,"x:-1.304746, y:0.110616, yaw:0.348826, cov_xx:0.001946, cov_yy:0.002032"
2026-08-21 10:21:52.064,safety/emergency_button,"FALSE"
2026-08-21 10:21:52.064,safety/left_bumper,"FALSE"
2026-08-21 10:21:52.064,safety/right_bumper,"FALSE"
2026-08-21 10:21:52.064,safety/suction_switch,"FALSE"
2026-08-21 10:21:52.075,rated_current_left,"0.000000"
2026-08-21 10:21:52.075,rated_current_right,"0.000000"
2026-08-21 10:21:52.095,odometry/filtered,"x:-1.304707, y:0.110636, yaw:0.351637, cov_xx:0.001930, cov_yy:0.002015"
2026-08-21 10:21:52.106,rated_current_left,"0.000000"
2026-08-21 10:21:52.107,rated_current_right,"0.000000"
2026-08-21 10:21:52.123,battery/status,"100.000000%"
2026-08-21 10:21:52.124,odometry/filtered,"x:-1.304631, y:0.110670, yaw:0.354427, cov_xx:0.001940, cov_yy:0.002025"
2026-08-21 10:21:52.124,safety/left_bumper,"FALSE"
2026-08-21 10:21:52.124,safety/right_bumper,"FALSE"
2026-08-21 10:21:52.124,safety/emergency_button,"FALSE"
2026-08-21 10:21:52.124,safety/suction_switch,"FALSE"
2026-08-21 10:21:52.138,rated_current_left,"0.000000"
2026-08-21 10:21:52.139,rated_current_right,"0.000000"
2026-08-21 10:21:52.155,odometry/filtered,"x:-1.304580, y:0.110694, yaw:0.356917, cov_xx:0.001946, cov_yy:0.002031"
2026-08-21 10:21:52.166,safety/left_bumper,"FALSE"
2026-08-21 10:21:52.166,safety/right_bumper,"FALSE"
2026-08-21 10:21:52.166,safety/emergency_button,"FALSE"
2026-08-21 10:21:52.166,safety/suction_switch,"FALSE"
2026-08-21 10:21:52.171,rated_current_left,"0.000000"
2026-08-21 10:21:52.172,rated_current_right,"0.000000"
2026-08-21 10:21:52.176,odometry/filtered,"x:-1.304599, y:0.110691, yaw:0.359336, cov_xx:0.001956, cov_yy:0.002041"
2026-08-21 10:21:52.204,rated_current_left,"0.000000"
2026-08-21 10:21:52.204,rated_current_right,"0.000000"
2026-08-21 10:21:52.215,battery/status,"100.000000%"
2026-08-21 10:21:52.215,safety/left_bumper,"FALSE"
2026-08-21 10:21:52.215,safety/right_bumper,"FALSE"
2026-08-21 10:21:52.215,safety/emergency_button,"FALSE"
2026-08-21 10:21:52.215,safety/suction_switch,"FALSE"
2026-08-21 10:21:52.223,odometry/filtered,"x:-1.304617, y:0.110688, yaw:0.361348, cov_xx:0.001965, cov_yy:0.002050"
2026-08-21 10:21:52.224,particle_cloud,"count:800, spread:0.136443"
2026-08-21 10:21:52.237,rated_current_left,"0.000000"
2026-08-21 10:21:52.237,rated_current_right,"0.000000"
2026-08-21 10:21:52.255,odometry/filtered,"x:-1.304735, y:0.110647, yaw:0.363231, cov_xx:0.001918, cov_yy:0.001999"
2026-08-21 10:21:52.264,safety/emergency_button,"FALSE"
2026-08-21 10:21:52.265,safety/left_bumper,"FALSE"
2026-08-21 10:21:52.265,safety/right_bumper,"FALSE"
2026-08-21 10:21:52.265,safety/suction_switch,"FALSE"
2026-08-21 10:21:52.268,rated_current_left,"0.000000"
2026-08-21 10:21:52.268,rated_current_right,"0.000000"
2026-08-21 10:21:52.279,odometry/filtered,"x:-1.304834, y:0.110612, yaw:0.364952, cov_xx:0.001935, cov_yy:0.002017"
2026-08-21 10:21:52.296,robot_status,"ROBOT_STANDBY"
2026-08-21 10:21:52.307,rated_current_left,"0.000000"
2026-08-21 10:21:52.307,rated_current_right,"0.000000"
2026-08-21 10:21:52.314,safety/emergency_button,"FALSE"
2026-08-21 10:21:52.314,safety/left_bumper,"FALSE"
2026-08-21 10:21:52.316,safety/right_bumper,"FALSE"
2026-08-21 10:21:52.317,safety/suction_switch,"FALSE"
2026-08-21 10:21:52.317,battery/status,"100.000000%"
2026-08-21 10:21:52.320,odometry/filtered,"x:-1.304903, y:0.110588, yaw:0.366562, cov_xx:0.001980, cov_yy:0.002065"
2026-08-21 10:21:52.331,rated_current_left,"0.000000"
2026-08-21 10:21:52.331,rated_current_right,"0.000000"
2026-08-21 10:21:52.336,odometry/filtered,"x:-1.304952, y:0.110571, yaw:0.367783, cov_xx:0.001946, cov_yy:0.002028"
2026-08-21 10:21:52.363,rated_current_left,"0.000000"
2026-08-21 10:21:52.364,rated_current_right,"0.000000"
2026-08-21 10:21:52.365,safety/emergency_button,"FALSE"
2026-08-21 10:21:52.365,safety/left_bumper,"FALSE"
2026-08-21 10:21:52.365,safety/right_bumper,"FALSE"
2026-08-21 10:21:52.365,safety/suction_switch,"FALSE"
2026-08-21 10:21:52.375,odometry/filtered,"x:-1.304988, y:0.110560, yaw:0.368916, cov_xx:0.001947, cov_yy:0.002029"
2026-08-21 10:21:52.394,rated_current_left,"0.000000"
2026-08-21 10:21:52.397,rated_current_right,"0.000000"
2026-08-21 10:21:52.414,safety/emergency_button,"FALSE"
2026-08-21 10:21:52.414,safety/left_bumper,"FALSE"
2026-08-21 10:21:52.414,safety/right_bumper,"FALSE"
2026-08-21 10:21:52.414,safety/suction_switch,"FALSE"
2026-08-21 10:21:52.415,battery/status,"100.000000%"
2026-08-21 10:21:52.415,odometry/filtered,"x:-1.305230, y:0.110469, yaw:0.370562, cov_xx:0.001934, cov_yy:0.002014"
2026-08-21 10:21:52.424,particle_cloud,"count:800, spread:0.138963"
2026-08-21 10:21:52.426,rated_current_left,"0.000000"
2026-08-21 10:21:52.427,rated_current_right,"0.000000"
2026-08-21 10:21:52.434,odometry/filtered,"x:-1.305579, y:0.110337, yaw:0.371847, cov_xx:0.001941, cov_yy:0.002022"
2026-08-21 10:21:52.458,rated_current_left,"0.000000"
2026-08-21 10:21:52.458,rated_current_right,"0.000000"
2026-08-21 10:21:52.464,safety/emergency_button,"FALSE"
2026-08-21 10:21:52.464,safety/right_bumper,"FALSE"
2026-08-21 10:21:52.465,safety/left_bumper,"FALSE"
2026-08-21 10:21:52.465,safety/suction_switch,"FALSE"
2026-08-21 10:21:52.475,odometry/filtered,"x:-1.306077, y:0.110146, yaw:0.373248, cov_xx:0.001939, cov_yy:0.002020"
2026-08-21 10:21:52.490,rated_current_left,"0.000000"
2026-08-21 10:21:52.491,rated_current_right,"0.000000"
2026-08-21 10:21:52.495,odometry/filtered,"x:-1.306729, y:0.109896, yaw:0.374754, cov_xx:0.001951, cov_yy:0.002033"
2026-08-21 10:21:52.517,battery/status,"100.000000%"
2026-08-21 10:21:52.518,safety/left_bumper,"FALSE"
2026-08-21 10:21:52.518,safety/right_bumper,"FALSE"
2026-08-21 10:21:52.518,safety/emergency_button,"FALSE"
2026-08-21 10:21:52.518,safety/suction_switch,"FALSE"
2026-08-21 10:21:52.522,rated_current_left,"0.000000"
2026-08-21 10:21:52.523,rated_current_right,"0.000000"
2026-08-21 10:21:52.535,odometry/filtered,"x:-1.307404, y:0.109635, yaw:0.376360, cov_xx:0.001947, cov_yy:0.002027"
2026-08-21 10:21:52.554,rated_current_left,"0.000000"
2026-08-21 10:21:52.554,rated_current_right,"0.000000"
2026-08-21 10:21:52.564,safety/emergency_button,"FALSE"
2026-08-21 10:21:52.566,safety/left_bumper,"FALSE"
2026-08-21 10:21:52.566,safety/right_bumper,"FALSE"
2026-08-21 10:21:52.566,safety/suction_switch,"FALSE"
2026-08-21 10:21:52.574,odometry/filtered,"x:-1.307981, y:0.109411, yaw:0.377895, cov_xx:0.001945, cov_yy:0.002026"
2026-08-21 10:21:52.586,rated_current_left,"0.000000"
2026-08-21 10:21:52.586,rated_current_right,"0.000000"
2026-08-21 10:21:52.599,odometry/filtered,"x:-1.308359, y:0.109264, yaw:0.379172, cov_xx:0.001955, cov_yy:0.002036"
2026-08-21 10:21:52.614,safety/emergency_button,"FALSE"
2026-08-21 10:21:52.614,battery/status,"100.000000%"
2026-08-21 10:21:52.614,safety/left_bumper,"FALSE"
2026-08-21 10:21:52.614,safety/right_bumper,"FALSE"
2026-08-21 10:21:52.614,safety/suction_switch,"FALSE"
2026-08-21 10:21:52.617,rated_current_left,"0.000000"
2026-08-21 10:21:52.618,rated_current_right,"0.000000"
2026-08-21 10:21:52.624,particle_cloud,"count:800, spread:0.138216"
2026-08-21 10:21:52.635,odometry/filtered,"x:-1.308483, y:0.109217, yaw:0.380371, cov_xx:0.001937, cov_yy:0.002016"
2026-08-21 10:21:52.650,rated_current_left,"0.000000"
2026-08-21 10:21:52.650,rated_current_right,"0.000000"
2026-08-21 10:21:52.654,odometry/filtered,"x:-1.308393, y:0.109254, yaw:0.381386, cov_xx:0.001949, cov_yy:0.002029"
2026-08-21 10:21:52.664,safety/emergency_button,"FALSE"
2026-08-21 10:21:52.664,safety/left_bumper,"FALSE"
2026-08-21 10:21:52.664,safety/right_bumper,"FALSE"
2026-08-21 10:21:52.664,safety/suction_switch,"FALSE"
2026-08-21 10:21:52.683,rated_current_left,"0.000000"
2026-08-21 10:21:52.683,rated_current_right,"0.000000"
2026-08-21 10:21:52.696,odometry/filtered,"x:-1.308166, y:0.109345, yaw:0.382373, cov_xx:0.001949, cov_yy:0.002029"
2026-08-21 10:21:52.717,battery/status,"100.000000%"
2026-08-21 10:21:52.717,safety/left_bumper,"FALSE"
2026-08-21 10:21:52.717,safety/right_bumper,"FALSE"
2026-08-21 10:21:52.717,safety/emergency_button,"FALSE"
2026-08-21 10:21:52.717,safety/suction_switch,"FALSE"
2026-08-21 10:21:52.718,rated_current_left,"0.000000"
2026-08-21 10:21:52.718,rated_current_right,"0.000000"
2026-08-21 10:21:52.734,odometry/filtered,"x:-1.307925, y:0.109441, yaw:0.383546, cov_xx:0.001981, cov_yy:0.002064"
2026-08-21 10:21:52.746,rated_current_left,"0.000000"
2026-08-21 10:21:52.746,rated_current_right,"0.000000"
2026-08-21 10:21:52.754,odometry/filtered,"x:-1.307768, y:0.109504, yaw:0.384108, cov_xx:0.001913, cov_yy:0.001989"
2026-08-21 10:21:52.767,safety/emergency_button,"FALSE"
2026-08-21 10:21:52.768,safety/left_bumper,"FALSE"
2026-08-21 10:21:52.768,safety/right_bumper,"FALSE"
2026-08-21 10:21:52.768,safety/suction_switch,"FALSE"
2026-08-21 10:21:52.779,rated_current_left,"0.000000"
2026-08-21 10:21:52.786,rated_current_right,"0.000000"
2026-08-21 10:21:52.794,odometry/filtered,"x:-1.307628, y:0.109561, yaw:0.385235, cov_xx:0.001971, cov_yy:0.002052"
2026-08-21 10:21:52.796,robot_status,"ROBOT_STANDBY"
2026-08-21 10:21:52.809,rated_current_left,"0.000000"
2026-08-21 10:21:52.810,rated_current_right,"0.000000"
2026-08-21 10:21:52.818,battery/status,"100.000000%"
2026-08-21 10:21:52.818,odometry/filtered,"x:-1.307532, y:0.109599, yaw:0.385749, cov_xx:0.001919, cov_yy:0.001996"
2026-08-21 10:21:52.818,safety/left_bumper,"FALSE"
2026-08-21 10:21:52.818,safety/right_bumper,"FALSE"
2026-08-21 10:21:52.818,safety/emergency_button,"FALSE"
2026-08-21 10:21:52.818,safety/suction_switch,"FALSE"
2026-08-21 10:21:52.824,particle_cloud,"count:800, spread:0.138755"
2026-08-21 10:21:52.841,rated_current_left,"0.000000"
2026-08-21 10:21:52.841,rated_current_right,"0.000000"
2026-08-21 10:21:52.855,odometry/filtered,"x:-1.307483, y:0.109619, yaw:0.386279, cov_xx:0.001939, cov_yy:0.002017"
2026-08-21 10:21:52.864,safety/right_bumper,"FALSE"
2026-08-21 10:21:52.864,safety/emergency_button,"FALSE"
2026-08-21 10:21:52.864,safety/left_bumper,"FALSE"
2026-08-21 10:21:52.864,safety/suction_switch,"FALSE"
2026-08-21 10:21:52.873,rated_current_left,"0.000000"
2026-08-21 10:21:52.874,rated_current_right,"0.000000"
2026-08-21 10:21:52.895,odometry/filtered,"x:-1.307444, y:0.109634, yaw:0.386639, cov_xx:0.001947, cov_yy:0.002027"
2026-08-21 10:21:52.907,rated_current_left,"0.000000"
2026-08-21 10:21:52.908,rated_current_right,"0.000000"
2026-08-21 10:21:52.915,battery/status,"100.000000%"
2026-08-21 10:21:52.915,odometry/filtered,"x:-1.307419, y:0.109644, yaw:0.387061, cov_xx:0.001979, cov_yy:0.002060"
2026-08-21 10:21:52.915,safety/left_bumper,"FALSE"
2026-08-21 10:21:52.915,safety/right_bumper,"FALSE"
2026-08-21 10:21:52.915,safety/emergency_button,"FALSE"
2026-08-21 10:21:52.915,safety/suction_switch,"FALSE"
2026-08-21 10:21:52.938,rated_current_left,"0.000000"
2026-08-21 10:21:52.938,rated_current_right,"0.000000"
2026-08-21 10:21:52.954,odometry/filtered,"x:-1.307398, y:0.109653, yaw:0.387331, cov_xx:0.001940, cov_yy:0.002018"
2026-08-21 10:21:52.966,safety/left_bumper,"FALSE"
2026-08-21 10:21:52.966,safety/right_bumper,"FALSE"
2026-08-21 10:21:52.966,safety/emergency_button,"FALSE"
2026-08-21 10:21:52.966,safety/suction_switch,"FALSE"
2026-08-21 10:21:52.970,rated_current_left,"0.000000"
2026-08-21 10:21:52.970,rated_current_right,"0.000000"
2026-08-21 10:21:52.978,odometry/filtered,"x:-1.307357, y:0.109670, yaw:0.387780, cov_xx:0.001936, cov_yy:0.002014"
2026-08-21 10:21:53.001,rated_current_left,"0.000000"
2026-08-21 10:21:53.001,rated_current_right,"0.000000"
2026-08-21 10:21:53.015,battery/status,"100.000000%"
2026-08-21 10:21:53.015,odometry/filtered,"x:-1.307332, y:0.109680, yaw:0.388030, cov_xx:0.001947, cov_yy:0.002026"
2026-08-21 10:21:53.015,safety/left_bumper,"FALSE"
2026-08-21 10:21:53.015,safety/right_bumper,"FALSE"
2026-08-21 10:21:53.015,safety/emergency_button,"FALSE"
2026-08-21 10:21:53.015,safety/suction_switch,"FALSE"
2026-08-21 10:21:53.026,particle_cloud,"count:800, spread:0.131985"
2026-08-21 10:21:53.035,rated_current_left,"0.000000"
2026-08-21 10:21:53.035,rated_current_right,"0.000000"
2026-08-21 10:21:53.054,odometry/filtered,"x:-1.307315, y:0.109687, yaw:0.388227, cov_xx:0.001948, cov_yy:0.002027"
2026-08-21 10:21:53.064,safety/left_bumper,"FALSE"
2026-08-21 10:21:53.064,safety/right_bumper,"FALSE"
2026-08-21 10:21:53.064,safety/emergency_button,"FALSE"
2026-08-21 10:21:53.064,safety/suction_switch,"FALSE"
2026-08-21 10:21:53.065,rated_current_left,"0.000000"
2026-08-21 10:21:53.065,rated_current_right,"0.000000"
2026-08-21 10:21:53.076,odometry/filtered,"x:-1.307320, y:0.109684, yaw:0.388136, cov_xx:0.001948, cov_yy:0.002027"
2026-08-21 10:21:53.097,rated_current_left,"0.000000"
2026-08-21 10:21:53.097,rated_current_right,"0.000000"
2026-08-21 10:21:53.114,safety/emergency_button,"FALSE"
2026-08-21 10:21:53.114,safety/left_bumper,"FALSE"
2026-08-21 10:21:53.114,safety/right_bumper,"FALSE"
2026-08-21 10:21:53.114,safety/suction_switch,"FALSE"
2026-08-21 10:21:53.115,odometry/filtered,"x:-1.307308, y:0.109689, yaw:0.388119, cov_xx:0.001944, cov_yy:0.002023"
2026-08-21 10:21:53.115,battery/status,"100.000000%"
2026-08-21 10:21:53.128,rated_current_left,"0.000000"
2026-08-21 10:21:53.128,rated_current_right,"0.000000"
2026-08-21 10:21:53.134,odometry/filtered,"x:-1.307301, y:0.109692, yaw:0.388142, cov_xx:0.001944, cov_yy:0.002022"
2026-08-21 10:21:53.160,rated_current_left,"0.000000"
2026-08-21 10:21:53.160,rated_current_right,"0.000000"
2026-08-21 10:21:53.164,safety/emergency_button,"FALSE"
2026-08-21 10:21:53.164,safety/left_bumper,"FALSE"
2026-08-21 10:21:53.164,safety/right_bumper,"FALSE"
2026-08-21 10:21:53.164,safety/suction_switch,"FALSE"
2026-08-21 10:21:53.174,odometry/filtered,"x:-1.307268, y:0.109706, yaw:0.388218, cov_xx:0.001938, cov_yy:0.002016"
2026-08-21 10:21:53.192,rated_current_left,"0.000000"
2026-08-21 10:21:53.192,rated_current_right,"0.000000"
2026-08-21 10:21:53.194,odometry/filtered,"x:-1.307261, y:0.109708, yaw:0.388351, cov_xx:0.001941, cov_yy:0.002019"
2026-08-21 10:21:53.214,safety/right_bumper,"FALSE"
2026-08-21 10:21:53.214,safety/emergency_button,"FALSE"
2026-08-21 10:21:53.214,safety/left_bumper,"FALSE"
2026-08-21 10:21:53.214,safety/suction_switch,"FALSE"
2026-08-21 10:21:53.218,battery/status,"100.000000%"
2026-08-21 10:21:53.224,particle_cloud,"count:800, spread:0.134793"
2026-08-21 10:21:53.225,rated_current_left,"0.000000"
2026-08-21 10:21:53.227,rated_current_right,"0.000000"
2026-08-21 10:21:53.235,odometry/filtered,"x:-1.307257, y:0.109710, yaw:0.388362, cov_xx:0.001964, cov_yy:0.002044"
2026-08-21 10:21:53.256,rated_current_left,"0.000000"
2026-08-21 10:21:53.256,rated_current_right,"0.000000"
2026-08-21 10:21:53.264,safety/left_bumper,"FALSE"
2026-08-21 10:21:53.264,safety/right_bumper,"FALSE"
2026-08-21 10:21:53.264,safety/emergency_button,"FALSE"
2026-08-21 10:21:53.264,safety/suction_switch,"FALSE"
2026-08-21 10:21:53.276,odometry/filtered,"x:-1.307272, y:0.109704, yaw:0.388305, cov_xx:0.001943, cov_yy:0.002021"
2026-08-21 10:21:53.289,rated_current_left,"0.000000"
2026-08-21 10:21:53.290,rated_current_right,"0.000000"
2026-08-21 10:21:53.297,robot_status,"ROBOT_STANDBY"
2026-08-21 10:21:53.297,odometry/filtered,"x:-1.307283, y:0.109700, yaw:0.388168, cov_xx:0.001960, cov_yy:0.002039"
2026-08-21 10:21:53.314,battery/status,"100.000000%"
2026-08-21 10:21:53.314,safety/left_bumper,"FALSE"
2026-08-21 10:21:53.314,safety/right_bumper,"FALSE"
2026-08-21 10:21:53.314,safety/emergency_button,"FALSE"
2026-08-21 10:21:53.314,safety/suction_switch,"FALSE"
2026-08-21 10:21:53.320,rated_current_left,"0.000000"
2026-08-21 10:21:53.320,rated_current_right,"0.000000"
2026-08-21 10:21:53.335,odometry/filtered,"x:-1.307288, y:0.109698, yaw:0.388070, cov_xx:0.001940, cov_yy:0.002018"
2026-08-21 10:21:53.352,rated_current_left,"0.000000"
2026-08-21 10:21:53.352,rated_current_right,"0.000000"
2026-08-21 10:21:53.354,odometry/filtered,"x:-1.307291, y:0.109697, yaw:0.387971, cov_xx:0.001946, cov_yy:0.002024"
2026-08-21 10:21:53.365,safety/left_bumper,"FALSE"
2026-08-21 10:21:53.365,safety/right_bumper,"FALSE"
2026-08-21 10:21:53.365,safety/emergency_button,"FALSE"
2026-08-21 10:21:53.365,safety/suction_switch,"FALSE"
2026-08-21 10:21:53.384,rated_current_left,"0.000000"
2026-08-21 10:21:53.385,rated_current_right,"0.000000"
2026-08-21 10:21:53.394,odometry/filtered,"x:-1.307268, y:0.109706, yaw:0.387805, cov_xx:0.001946, cov_yy:0.002024"
2026-08-21 10:21:53.414,battery/status,"100.000000%"
2026-08-21 10:21:53.414,safety/left_bumper,"FALSE"
2026-08-21 10:21:53.414,safety/right_bumper,"FALSE"
2026-08-21 10:21:53.414,safety/emergency_button,"FALSE"
2026-08-21 10:21:53.414,safety/suction_switch,"FALSE"
2026-08-21 10:21:53.417,rated_current_left,"0.000000"
2026-08-21 10:21:53.417,rated_current_right,"0.000000"
2026-08-21 10:21:53.424,particle_cloud,"count:800, spread:0.137132"
2026-08-21 10:21:53.435,odometry/filtered,"x:-1.307255, y:0.109712, yaw:0.387673, cov_xx:0.001948, cov_yy:0.002026"
2026-08-21 10:21:53.448,rated_current_left,"0.000000"
2026-08-21 10:21:53.448,rated_current_right,"0.000000"
2026-08-21 10:21:53.455,odometry/filtered,"x:-1.307241, y:0.109717, yaw:0.387554, cov_xx:0.001944, cov_yy:0.002022"
2026-08-21 10:21:53.464,safety/left_bumper,"FALSE"
2026-08-21 10:21:53.464,safety/right_bumper,"FALSE"
2026-08-21 10:21:53.464,safety/emergency_button,"FALSE"
2026-08-21 10:21:53.464,safety/suction_switch,"FALSE"
2026-08-21 10:21:53.483,rated_current_left,"0.000000"
2026-08-21 10:21:53.484,rated_current_right,"0.000000"
2026-08-21 10:21:53.495,odometry/filtered,"x:-1.307234, y:0.109720, yaw:0.387434, cov_xx:0.001991, cov_yy:0.002072"
2026-08-21 10:21:53.513,rated_current_left,"0.000000"
2026-08-21 10:21:53.513,rated_current_right,"0.000000"
2026-08-21 10:21:53.514,safety/emergency_button,"FALSE"
2026-08-21 10:21:53.514,battery/status,"100.000000%"
2026-08-21 10:21:53.515,safety/left_bumper,"FALSE"
2026-08-21 10:21:53.515,safety/right_bumper,"FALSE"
2026-08-21 10:21:53.515,safety/suction_switch,"FALSE"
2026-08-21 10:21:53.536,odometry/filtered,"x:-1.307226, y:0.109723, yaw:0.387262, cov_xx:0.001925, cov_yy:0.002002"
2026-08-21 10:21:53.544,rated_current_left,"0.000000"
2026-08-21 10:21:53.545,rated_current_right,"0.000000"
2026-08-21 10:21:53.555,odometry/filtered,"x:-1.307222, y:0.109725, yaw:0.387109, cov_xx:0.001938, cov_yy:0.002015"
2026-08-21 10:21:53.565,safety/left_bumper,"FALSE"
2026-08-21 10:21:53.565,safety/right_bumper,"FALSE"
2026-08-21 10:21:53.565,safety/emergency_button,"FALSE"
2026-08-21 10:21:53.566,safety/suction_switch,"FALSE"
2026-08-21 10:21:53.577,rated_current_left,"0.000000"
2026-08-21 10:21:53.577,rated_current_right,"0.000000"
2026-08-21 10:21:53.595,odometry/filtered,"x:-1.307244, y:0.109716, yaw:0.387213, cov_xx:0.001959, cov_yy:0.002038"
2026-08-21 10:21:53.609,rated_current_left,"0.000000"
2026-08-21 10:21:53.609,rated_current_right,"0.000000"
2026-08-21 10:21:53.614,safety/right_bumper,"FALSE"
2026-08-21 10:21:53.614,safety/emergency_button,"FALSE"
2026-08-21 10:21:53.615,battery/status,"100.000000%"
2026-08-21 10:21:53.615,safety/left_bumper,"FALSE"
2026-08-21 10:21:53.615,safety/suction_switch,"FALSE"
2026-08-21 10:21:53.618,odometry/filtered,"x:-1.307290, y:0.109698, yaw:0.387343, cov_xx:0.001958, cov_yy:0.002037"
2026-08-21 10:21:53.623,particle_cloud,"count:800, spread:0.136889"
2026-08-21 10:21:53.640,rated_current_left,"0.000000"
2026-08-21 10:21:53.640,rated_current_right,"0.000000"
2026-08-21 10:21:53.654,odometry/filtered,"x:-1.307315, y:0.109688, yaw:0.387259, cov_xx:0.001933, cov_yy:0.002010"
2026-08-21 10:21:53.664,safety/right_bumper,"FALSE"
2026-08-21 10:21:53.664,safety/emergency_button,"FALSE"
2026-08-21 10:21:53.664,safety/left_bumper,"FALSE"
2026-08-21 10:21:53.664,safety/suction_switch,"FALSE"
2026-08-21 10:21:53.672,rated_current_left,"0.000000"
2026-08-21 10:21:53.672,rated_current_right,"0.000000"
2026-08-21 10:21:53.677,odometry/filtered,"x:-1.307332, y:0.109681, yaw:0.387176, cov_xx:0.001941, cov_yy:0.002019"
2026-08-21 10:21:53.703,rated_current_left,"0.000000"
2026-08-21 10:21:53.703,rated_current_right,"0.000000"
2026-08-21 10:21:53.717,battery/status,"100.000000%"
2026-08-21 10:21:53.718,odometry/filtered,"x:-1.307342, y:0.109677, yaw:0.387084, cov_xx:0.001931, cov_yy:0.002008"
2026-08-21 10:21:53.718,safety/left_bumper,"FALSE"
2026-08-21 10:21:53.718,safety/right_bumper,"FALSE"
2026-08-21 10:21:53.719,safety/emergency_button,"FALSE"
2026-08-21 10:21:53.719,safety/suction_switch,"FALSE"
2026-08-21 10:21:53.736,rated_current_left,"0.000000"
2026-08-21 10:21:53.736,rated_current_right,"0.000000"
2026-08-21 10:21:53.755,odometry/filtered,"x:-1.307349, y:0.109674, yaw:0.386999, cov_xx:0.001961, cov_yy:0.002041"
2026-08-21 10:21:53.764,safety/emergency_button,"FALSE"
2026-08-21 10:21:53.764,safety/left_bumper,"FALSE"
2026-08-21 10:21:53.765,safety/right_bumper,"FALSE"
2026-08-21 10:21:53.765,safety/suction_switch,"FALSE"
2026-08-21 10:21:53.768,rated_current_left,"0.000000"
2026-08-21 10:21:53.768,rated_current_right,"0.000000"
2026-08-21 10:21:53.775,odometry/filtered,"x:-1.307354, y:0.109672, yaw:0.386915, cov_xx:0.001991, cov_yy:0.002073"
2026-08-21 10:21:53.797,robot_status,"ROBOT_CHARGING"
2026-08-21 10:21:53.811,rated_current_left,"0.000000"
2026-08-21 10:21:53.812,rated_current_right,"0.000000"
2026-08-21 10:21:53.814,safety/emergency_button,"FALSE"
2026-08-21 10:21:53.814,safety/right_bumper,"FALSE"
2026-08-21 10:21:53.816,battery/status,"100.000000%"
2026-08-21 10:21:53.817,odometry/filtered,"x:-1.307866, y:0.109464, yaw:0.388915, cov_xx:0.002087, cov_yy:0.002175"
2026-08-21 10:21:53.817,safety/left_bumper,"FALSE"
2026-08-21 10:21:53.817,safety/suction_switch,"FALSE"
2026-08-21 10:21:53.824,particle_cloud,"count:800, spread:0.141003"
2026-08-21 10:21:53.831,rated_current_left,"0.000000"
2026-08-21 10:21:53.832,rated_current_right,"0.000000"
2026-08-21 10:21:53.835,odometry/filtered,"x:-1.308380, y:0.109252, yaw:0.391254, cov_xx:0.001827, cov_yy:0.001896"
2026-08-21 10:21:53.862,rated_current_left,"0.000000"
2026-08-21 10:21:53.863,rated_current_right,"0.000000"
2026-08-21 10:21:53.864,safety/emergency_button,"FALSE"
2026-08-21 10:21:53.864,safety/right_bumper,"FALSE"
2026-08-21 10:21:53.864,safety/left_bumper,"FALSE"
2026-08-21 10:21:53.864,safety/suction_switch,"FALSE"
2026-08-21 10:21:53.875,odometry/filtered,"x:-1.308721, y:0.109112, yaw:0.391801, cov_xx:0.001883, cov_yy:0.001957"
2026-08-21 10:21:53.894,rated_current_left,"0.000000"
2026-08-21 10:21:53.895,rated_current_right,"0.000000"
2026-08-21 10:21:53.915,safety/left_bumper,"FALSE"
2026-08-21 10:21:53.915,safety/right_bumper,"FALSE"
2026-08-21 10:21:53.915,safety/emergency_button,"FALSE"
2026-08-21 10:21:53.915,safety/suction_switch,"FALSE"
2026-08-21 10:21:53.915,battery/status,"100.000000%"
2026-08-21 10:21:53.918,odometry/filtered,"x:-1.308946, y:0.109019, yaw:0.392323, cov_xx:0.001934, cov_yy:0.002011"
2026-08-21 10:21:53.926,speaker/sound_command,"tts:충전을 시작할게요."
2026-08-21 10:21:53.926,rated_current_left,"0.000000"
2026-08-21 10:21:53.926,rated_current_right,"0.000000"
2026-08-21 10:21:53.934,odometry/filtered,"x:-1.309789, y:0.108662, yaw:0.397216, cov_xx:0.001967, cov_yy:0.002047"
2026-08-21 10:21:53.958,rated_current_left,"0.000000"
2026-08-21 10:21:53.958,rated_current_right,"0.000000"
2026-08-21 10:21:53.964,safety/emergency_button,"FALSE"
2026-08-21 10:21:53.964,safety/left_bumper,"FALSE"
2026-08-21 10:21:53.964,safety/right_bumper,"FALSE"
2026-08-21 10:21:53.964,safety/suction_switch,"FALSE"
2026-08-21 10:21:53.974,odometry/filtered,"x:-1.310250, y:0.108467, yaw:0.398232, cov_xx:0.001922, cov_yy:0.001998"
2026-08-21 10:21:53.990,rated_current_left,"0.000000"
2026-08-21 10:21:53.991,rated_current_right,"0.000000"
2026-08-21 10:21:53.995,odometry/filtered,"x:-1.310767, y:0.108245, yaw:0.400194, cov_xx:0.001939, cov_yy:0.002016"
2026-08-21 10:21:53.999,mcl_pose,"x:3.895616, y:2.111737"
2026-08-21 10:21:54.013,safety/right_bumper,"FALSE"
2026-08-21 10:21:54.013,safety/emergency_button,"FALSE"
2026-08-21 10:21:54.014,safety/left_bumper,"FALSE"
2026-08-21 10:21:54.014,safety/suction_switch,"FALSE"
2026-08-21 10:21:54.014,battery/status,"100.000000%"
2026-08-21 10:21:54.023,rated_current_left,"0.000000"
2026-08-21 10:21:54.023,rated_current_right,"0.000000"
2026-08-21 10:21:54.024,particle_cloud,"count:800, spread:0.139733"
2026-08-21 10:21:54.035,odometry/filtered,"x:-1.311106, y:0.108100, yaw:0.401246, cov_xx:0.001942, cov_yy:0.002019"
2026-08-21 10:21:54.056,rated_current_left,"0.000000"
2026-08-21 10:21:54.056,rated_current_right,"0.000000"
2026-08-21 10:21:54.064,safety/emergency_button,"FALSE"
2026-08-21 10:21:54.064,safety/left_bumper,"FALSE"
2026-08-21 10:21:54.064,safety/right_bumper,"FALSE"
2026-08-21 10:21:54.064,safety/suction_switch,"FALSE"
2026-08-21 10:21:54.074,odometry/filtered,"x:-1.311311, y:0.108011, yaw:0.401995, cov_xx:0.001977, cov_yy:0.002056"
2026-08-21 10:21:54.087,rated_current_left,"0.000000"
2026-08-21 10:21:54.087,rated_current_right,"0.000000"
2026-08-21 10:21:54.094,odometry/filtered,"x:-1.311416, y:0.107966, yaw:0.402817, cov_xx:0.001939, cov_yy:0.002015"
2026-08-21 10:21:54.115,safety/left_bumper,"FALSE"
2026-08-21 10:21:54.115,safety/right_bumper,"FALSE"
2026-08-21 10:21:54.115,safety/emergency_button,"FALSE"
2026-08-21 10:21:54.115,battery/status,"100.000000%"
2026-08-21 10:21:54.115,safety/suction_switch,"FALSE"
2026-08-21 10:21:54.120,rated_current_left,"0.000000"
2026-08-21 10:21:54.121,rated_current_right,"0.000000"
2026-08-21 10:21:54.137,odometry/filtered,"x:-1.311311, y:0.108011, yaw:0.402860, cov_xx:0.001948, cov_yy:0.002025"
2026-08-21 10:21:54.151,rated_current_left,"0.000000"
2026-08-21 10:21:54.151,rated_current_right,"0.000000"
2026-08-21 10:21:54.155,odometry/filtered,"x:-1.311119, y:0.108094, yaw:0.403218, cov_xx:0.001949, cov_yy:0.002025"
2026-08-21 10:21:54.164,safety/right_bumper,"FALSE"
2026-08-21 10:21:54.164,safety/emergency_button,"FALSE"
2026-08-21 10:21:54.164,safety/left_bumper,"FALSE"
2026-08-21 10:21:54.164,safety/suction_switch,"FALSE"
2026-08-21 10:21:54.185,rated_current_left,"0.000000"
2026-08-21 10:21:54.187,rated_current_right,"0.000000"
2026-08-21 10:21:54.195,odometry/filtered,"x:-1.310906, y:0.108186, yaw:0.403495, cov_xx:0.001982, cov_yy:0.002061"
2026-08-21 10:21:54.214,safety/left_bumper,"FALSE"
2026-08-21 10:21:54.214,safety/right_bumper,"FALSE"
2026-08-21 10:21:54.214,safety/emergency_button,"FALSE"
2026-08-21 10:21:54.214,safety/suction_switch,"FALSE"
2026-08-21 10:21:54.214,battery/status,"100.000000%"
2026-08-21 10:21:54.217,rated_current_left,"0.000000"
2026-08-21 10:21:54.217,rated_current_right,"0.000000"
2026-08-21 10:21:54.224,particle_cloud,"count:800, spread:0.142397"
2026-08-21 10:21:54.234,odometry/filtered,"x:-1.310734, y:0.108260, yaw:0.403716, cov_xx:0.001919, cov_yy:0.001993"
2026-08-21 10:21:54.250,rated_current_left,"0.000000"
2026-08-21 10:21:54.250,rated_current_right,"0.000000"
2026-08-21 10:21:54.254,odometry/filtered,"x:-1.310625, y:0.108306, yaw:0.404014, cov_xx:0.001948, cov_yy:0.002024"
2026-08-21 10:21:54.264,safety/emergency_button,"FALSE"
2026-08-21 10:21:54.264,safety/left_bumper,"FALSE"
2026-08-21 10:21:54.264,safety/right_bumper,"FALSE"
2026-08-21 10:21:54.264,safety/suction_switch,"FALSE"
2026-08-21 10:21:54.277,rated_current_left,"0.000000"
2026-08-21 10:21:54.278,rated_current_right,"0.000000"
2026-08-21 10:21:54.294,odometry/filtered,"x:-1.310547, y:0.108340, yaw:0.404298, cov_xx:0.001927, cov_yy:0.002002"
2026-08-21 10:21:54.296,robot_status,"ROBOT_CHARGING"
2026-08-21 10:21:54.310,rated_current_left,"0.000000"
2026-08-21 10:21:54.311,rated_current_right,"0.000000"
2026-08-21 10:21:54.313,safety/emergency_button,"FALSE"
2026-08-21 10:21:54.314,safety/right_bumper,"FALSE"
2026-08-21 10:21:54.314,battery/status,"100.000000%"
2026-08-21 10:21:54.314,safety/left_bumper,"FALSE"
2026-08-21 10:21:54.314,safety/suction_switch,"FALSE"
2026-08-21 10:21:54.314,odometry/filtered,"x:-1.310520, y:0.108352, yaw:0.404460, cov_xx:0.001949, cov_yy:0.002025"
2026-08-21 10:21:54.343,rated_current_left,"0.000000"
2026-08-21 10:21:54.343,rated_current_right,"0.000000"
2026-08-21 10:21:54.358,odometry/filtered,"x:-1.310495, y:0.108362, yaw:0.404678, cov_xx:0.001945, cov_yy:0.002021"
2026-08-21 10:21:54.364,safety/left_bumper,"FALSE"
2026-08-21 10:21:54.364,safety/right_bumper,"FALSE"
2026-08-21 10:21:54.364,safety/emergency_button,"FALSE"
2026-08-21 10:21:54.364,safety/suction_switch,"FALSE"
2026-08-21 10:21:54.374,rated_current_left,"0.000000"
2026-08-21 10:21:54.374,rated_current_right,"0.000000"
2026-08-21 10:21:54.397,odometry/filtered,"x:-1.310475, y:0.108371, yaw:0.404928, cov_xx:0.001952, cov_yy:0.002029"
2026-08-21 10:21:54.407,rated_current_left,"0.000000"
2026-08-21 10:21:54.412,rated_current_right,"0.000000"
2026-08-21 10:21:54.414,safety/emergency_button,"FALSE"
2026-08-21 10:21:54.414,battery/status,"100.000000%"
2026-08-21 10:21:54.414,safety/left_bumper,"FALSE"
2026-08-21 10:21:54.414,safety/right_bumper,"FALSE"
2026-08-21 10:21:54.414,safety/suction_switch,"FALSE"
2026-08-21 10:21:54.415,odometry/filtered,"x:-1.310455, y:0.108379, yaw:0.405154, cov_xx:0.001963, cov_yy:0.002040"
2026-08-21 10:21:54.423,particle_cloud,"count:800, spread:0.137111"
2026-08-21 10:21:54.439,rated_current_left,"0.000000"
2026-08-21 10:21:54.439,rated_current_right,"0.000000"
2026-08-21 10:21:54.454,odometry/filtered,"x:-1.310438, y:0.108387, yaw:0.405328, cov_xx:0.001940, cov_yy:0.002015"
2026-08-21 10:21:54.464,safety/left_bumper,"FALSE"
2026-08-21 10:21:54.464,safety/right_bumper,"FALSE"
2026-08-21 10:21:54.464,safety/emergency_button,"FALSE"
2026-08-21 10:21:54.464,safety/suction_switch,"FALSE"
2026-08-21 10:21:54.469,rated_current_left,"0.000000"
2026-08-21 10:21:54.469,rated_current_right,"0.000000"
2026-08-21 10:21:54.475,odometry/filtered,"x:-1.310425, y:0.108392, yaw:0.405476, cov_xx:0.001941, cov_yy:0.002016"
2026-08-21 10:21:54.503,rated_current_left,"0.000000"
2026-08-21 10:21:54.503,rated_current_right,"0.000000"
2026-08-21 10:21:54.516,battery/status,"100.000000%"
2026-08-21 10:21:54.516,odometry/filtered,"x:-1.310416, y:0.108396, yaw:0.405613, cov_xx:0.001958, cov_yy:0.002035"
2026-08-21 10:21:54.516,safety/left_bumper,"FALSE"
2026-08-21 10:21:54.516,safety/right_bumper,"FALSE"
2026-08-21 10:21:54.516,safety/emergency_button,"FALSE"
2026-08-21 10:21:54.516,safety/suction_switch,"FALSE"
2026-08-21 10:21:54.534,rated_current_left,"0.000000"
2026-08-21 10:21:54.536,rated_current_right,"0.000000"
2026-08-21 10:21:54.555,odometry/filtered,"x:-1.310371, y:0.108415, yaw:0.405522, cov_xx:0.001956, cov_yy:0.002033"
2026-08-21 10:21:54.564,safety/left_bumper,"FALSE"
2026-08-21 10:21:54.564,safety/right_bumper,"FALSE"
2026-08-21 10:21:54.564,safety/emergency_button,"FALSE"
2026-08-21 10:21:54.564,safety/suction_switch,"FALSE"
2026-08-21 10:21:54.567,rated_current_left,"0.000000"
2026-08-21 10:21:54.567,rated_current_right,"0.000000"
2026-08-21 10:21:54.574,odometry/filtered,"x:-1.310302, y:0.108445, yaw:0.405312, cov_xx:0.001957, cov_yy:0.002033"
2026-08-21 10:21:54.597,rated_current_left,"0.000000"
2026-08-21 10:21:54.598,rated_current_right,"0.000000"
2026-08-21 10:21:54.615,battery/status,"100.000000%"
2026-08-21 10:21:54.615,odometry/filtered,"x:-1.310245, y:0.108469, yaw:0.405197, cov_xx:0.001937, cov_yy:0.002012"
2026-08-21 10:21:54.615,safety/left_bumper,"FALSE"
2026-08-21 10:21:54.615,safety/right_bumper,"FALSE"
2026-08-21 10:21:54.615,safety/emergency_button,"FALSE"
2026-08-21 10:21:54.615,safety/suction_switch,"FALSE"
2026-08-21 10:21:54.623,particle_cloud,"count:800, spread:0.141107"
2026-08-21 10:21:54.631,rated_current_left,"0.000000"
2026-08-21 10:21:54.632,rated_current_right,"0.000000"
2026-08-21 10:21:54.635,odometry/filtered,"x:-1.310208, y:0.108485, yaw:0.405174, cov_xx:0.001956, cov_yy:0.002032"
2026-08-21 10:21:54.663,rated_current_left,"0.000000"
2026-08-21 10:21:54.663,rated_current_right,"0.000000"
2026-08-21 10:21:54.664,safety/right_bumper,"FALSE"
2026-08-21 10:21:54.664,safety/emergency_button,"FALSE"
2026-08-21 10:21:54.664,safety/left_bumper,"FALSE"
2026-08-21 10:21:54.664,safety/suction_switch,"FALSE"
2026-08-21 10:21:54.675,odometry/filtered,"x:-1.310194, y:0.108491, yaw:0.405166, cov_xx:0.001955, cov_yy:0.002031"
2026-08-21 10:21:54.694,rated_current_left,"0.000000"
2026-08-21 10:21:54.694,rated_current_right,"0.000000"
2026-08-21 10:21:54.713,safety/right_bumper,"FALSE"
2026-08-21 10:21:54.714,safety/emergency_button,"FALSE"
2026-08-21 10:21:54.714,battery/status,"100.000000%"
2026-08-21 10:21:54.714,safety/left_bumper,"FALSE"
2026-08-21 10:21:54.715,safety/suction_switch,"FALSE"
2026-08-21 10:21:54.715,odometry/filtered,"x:-1.310182, y:0.108496, yaw:0.405130, cov_xx:0.001941, cov_yy:0.002016"
2026-08-21 10:21:54.726,rated_current_left,"0.000000"
2026-08-21 10:21:54.727,rated_current_right,"0.000000"
2026-08-21 10:21:54.735,odometry/filtered,"x:-1.310189, y:0.108493, yaw:0.405032, cov_xx:0.001945, cov_yy:0.002020"
2026-08-21 10:21:54.758,rated_current_left,"0.000000"
2026-08-21 10:21:54.758,rated_current_right,"0.000000"
2026-08-21 10:21:54.763,safety/emergency_button,"FALSE"
2026-08-21 10:21:54.764,safety/right_bumper,"FALSE"
2026-08-21 10:21:54.764,safety/left_bumper,"FALSE"
2026-08-21 10:21:54.764,safety/suction_switch,"FALSE"
2026-08-21 10:21:54.775,odometry/filtered,"x:-1.310206, y:0.108486, yaw:0.404814, cov_xx:0.001951, cov_yy:0.002027"
2026-08-21 10:21:54.790,rated_current_left,"0.000000"
2026-08-21 10:21:54.791,rated_current_right,"0.000000"
2026-08-21 10:21:54.795,odometry/filtered,"x:-1.310215, y:0.108482, yaw:0.404731, cov_xx:0.001956, cov_yy:0.002032"
2026-08-21 10:21:54.799,robot_status,"ROBOT_CHARGING"
2026-08-21 10:21:54.813,safety/left_bumper,"FALSE"
2026-08-21 10:21:54.813,safety/right_bumper,"FALSE"
2026-08-21 10:21:54.814,safety/emergency_button,"FALSE"
2026-08-21 10:21:54.814,battery/status,"100.000000%"
2026-08-21 10:21:54.814,safety/suction_switch,"FALSE"
2026-08-21 10:21:54.821,rated_current_left,"0.000000"
2026-08-21 10:21:54.822,rated_current_right,"0.000000"
2026-08-21 10:21:54.824,particle_cloud,"count:800, spread:0.145430"
2026-08-21 10:21:54.835,odometry/filtered,"x:-1.310236, y:0.108473, yaw:0.404565, cov_xx:0.001962, cov_yy:0.002039"
2026-08-21 10:21:54.853,rated_current_left,"0.000000"
2026-08-21 10:21:54.854,odometry/filtered,"x:-1.310246, y:0.108469, yaw:0.404462, cov_xx:0.001923, cov_yy:0.001997"
2026-08-21 10:21:54.856,rated_current_right,"0.000000"
2026-08-21 10:21:54.864,safety/left_bumper,"FALSE"
2026-08-21 10:21:54.864,safety/right_bumper,"FALSE"
2026-08-21 10:21:54.864,safety/emergency_button,"FALSE"
2026-08-21 10:21:54.864,safety/suction_switch,"FALSE"
2026-08-21 10:21:54.886,rated_current_left,"0.000000"
2026-08-21 10:21:54.886,rated_current_right,"0.000000"
2026-08-21 10:21:54.895,odometry/filtered,"x:-1.310254, y:0.108466, yaw:0.404366, cov_xx:0.001949, cov_yy:0.002025"
2026-08-21 10:21:54.914,safety/emergency_button,"FALSE"
2026-08-21 10:21:54.914,battery/status,"100.000000%"
2026-08-21 10:21:54.914,safety/left_bumper,"FALSE"
2026-08-21 10:21:54.914,safety/right_bumper,"FALSE"
2026-08-21 10:21:54.914,safety/suction_switch,"FALSE"
2026-08-21 10:21:54.917,rated_current_left,"0.000000"
2026-08-21 10:21:54.917,rated_current_right,"0.000000"
2026-08-21 10:21:54.936,odometry/filtered,"x:-1.310257, y:0.108464, yaw:0.404270, cov_xx:0.001943, cov_yy:0.002019"
2026-08-21 10:21:54.948,rated_current_left,"0.000000"
2026-08-21 10:21:54.949,rated_current_right,"0.000000"
2026-08-21 10:21:54.955,odometry/filtered,"x:-1.310224, y:0.108479, yaw:0.404362, cov_xx:0.001936, cov_yy:0.002011"
2026-08-21 10:21:54.963,safety/emergency_button,"FALSE"
2026-08-21 10:21:54.965,safety/left_bumper,"FALSE"
2026-08-21 10:21:54.965,safety/right_bumper,"FALSE"
2026-08-21 10:21:54.965,safety/suction_switch,"FALSE"
2026-08-21 10:21:54.982,rated_current_left,"0.000000"
2026-08-21 10:21:54.982,rated_current_right,"0.000000"
2026-08-21 10:21:54.997,odometry/filtered,"x:-1.310215, y:0.108482, yaw:0.404237, cov_xx:0.001957, cov_yy:0.002034"
2026-08-21 10:21:55.013,rated_current_left,"0.000000"
2026-08-21 10:21:55.013,rated_current_right,"0.000000"
2026-08-21 10:21:55.016,battery/status,"100.000000%"
2026-08-21 10:21:55.016,safety/left_bumper,"FALSE"
2026-08-21 10:21:55.016,safety/right_bumper,"FALSE"
2026-08-21 10:21:55.016,safety/emergency_button,"FALSE"
2026-08-21 10:21:55.016,safety/suction_switch,"FALSE"
2026-08-21 10:21:55.023,particle_cloud,"count:800, spread:0.137306"
2026-08-21 10:21:55.035,odometry/filtered,"x:-1.310207, y:0.108485, yaw:0.404165, cov_xx:0.001954, cov_yy:0.002030"
2026-08-21 10:21:55.045,rated_current_left,"0.000000"
2026-08-21 10:21:55.045,rated_current_right,"0.000000"
2026-08-21 10:21:55.054,odometry/filtered,"x:-1.310198, y:0.108490, yaw:0.404070, cov_xx:0.001944, cov_yy:0.002020"
2026-08-21 10:21:55.066,safety/left_bumper,"FALSE"
2026-08-21 10:21:55.068,safety/right_bumper,"FALSE"
2026-08-21 10:21:55.070,safety/emergency_button,"FALSE"
2026-08-21 10:21:55.070,safety/suction_switch,"FALSE"
2026-08-21 10:21:55.076,rated_current_left,"0.000000"
2026-08-21 10:21:55.077,rated_current_right,"0.000000"
2026-08-21 10:21:55.095,odometry/filtered,"x:-1.310192, y:0.108492, yaw:0.403997, cov_xx:0.001947, cov_yy:0.002023"
2026-08-21 10:21:55.108,rated_current_left,"0.000000"
2026-08-21 10:21:55.108,rated_current_right,"0.000000"
2026-08-21 10:21:55.114,battery/status,"100.000000%"
2026-08-21 10:21:55.114,safety/left_bumper,"FALSE"
2026-08-21 10:21:55.114,safety/right_bumper,"FALSE"
2026-08-21 10:21:55.114,safety/emergency_button,"FALSE"
2026-08-21 10:21:55.114,safety/suction_switch,"FALSE"
2026-08-21 10:21:55.115,odometry/filtered,"x:-1.310187, y:0.108494, yaw:0.403924, cov_xx:0.001949, cov_yy:0.002025"
2026-08-21 10:21:55.141,rated_current_left,"0.000000"
2026-08-21 10:21:55.141,rated_current_right,"0.000000"
2026-08-21 10:21:55.155,odometry/filtered,"x:-1.310184, y:0.108495, yaw:0.403853, cov_xx:0.001945, cov_yy:0.002021"
2026-08-21 10:21:55.163,safety/left_bumper,"FALSE"
2026-08-21 10:21:55.163,safety/right_bumper,"FALSE"
2026-08-21 10:21:55.163,safety/emergency_button,"FALSE"
2026-08-21 10:21:55.164,safety/suction_switch,"FALSE"
2026-08-21 10:21:55.172,rated_current_left,"0.000000"
2026-08-21 10:21:55.173,rated_current_right,"0.000000"
2026-08-21 10:21:55.176,odometry/filtered,"x:-1.310182, y:0.108496, yaw:0.403785, cov_xx:0.001952, cov_yy:0.002028"
2026-08-21 10:21:55.204,rated_current_left,"0.000000"
2026-08-21 10:21:55.206,rated_current_right,"0.000000"
2026-08-21 10:21:55.214,battery/status,"100.000000%"
2026-08-21 10:21:55.218,safety/left_bumper,"FALSE"
2026-08-21 10:21:55.218,safety/right_bumper,"FALSE"
2026-08-21 10:21:55.218,safety/emergency_button,"FALSE"
2026-08-21 10:21:55.218,safety/suction_switch,"FALSE"
2026-08-21 10:21:55.219,odometry/filtered,"x:-1.310180, y:0.108497, yaw:0.403717, cov_xx:0.001946, cov_yy:0.002022"
2026-08-21 10:21:55.223,particle_cloud,"count:800, spread:0.142054"
2026-08-21 10:21:55.236,rated_current_left,"0.000000"
2026-08-21 10:21:55.236,rated_current_right,"0.000000"
2026-08-21 10:21:55.255,odometry/filtered,"x:-1.310179, y:0.108498, yaw:0.403651, cov_xx:0.001946, cov_yy:0.002022"
2026-08-21 10:21:55.267,safety/left_bumper,"FALSE"
2026-08-21 10:21:55.267,safety/right_bumper,"FALSE"
2026-08-21 10:21:55.267,safety/emergency_button,"FALSE"
2026-08-21 10:21:55.267,safety/suction_switch,"FALSE"
2026-08-21 10:21:55.268,rated_current_left,"0.000000"
2026-08-21 10:21:55.268,rated_current_right,"0.000000"
2026-08-21 10:21:55.274,odometry/filtered,"x:-1.310177, y:0.108498, yaw:0.403587, cov_xx:0.001948, cov_yy:0.002024"
2026-08-21 10:21:55.297,robot_status,"ROBOT_CHARGING"
2026-08-21 10:21:55.301,rated_current_left,"0.000000"
2026-08-21 10:21:55.301,rated_current_right,"0.000000"
2026-08-21 10:21:55.320,battery/status,"100.000000%"
2026-08-21 10:21:55.320,odometry/filtered,"x:-1.310177, y:0.108499, yaw:0.403525, cov_xx:0.001956, cov_yy:0.002032"
2026-08-21 10:21:55.320,safety/left_bumper,"FALSE"
2026-08-21 10:21:55.320,safety/right_bumper,"FALSE"
2026-08-21 10:21:55.320,safety/emergency_button,"FALSE"
2026-08-21 10:21:55.320,safety/suction_switch,"FALSE"
2026-08-21 10:21:55.332,rated_current_left,"0.000000"
2026-08-21 10:21:55.333,rated_current_right,"0.000000"
2026-08-21 10:21:55.355,odometry/filtered,"x:-1.310176, y:0.108499, yaw:0.403465, cov_xx:0.001951, cov_yy:0.002027"
2026-08-21 10:21:55.363,safety/emergency_button,"FALSE"
2026-08-21 10:21:55.364,safety/left_bumper,"FALSE"
2026-08-21 10:21:55.364,safety/right_bumper,"FALSE"
2026-08-21 10:21:55.364,safety/suction_switch,"FALSE"
2026-08-21 10:21:55.365,rated_current_left,"0.000000"
2026-08-21 10:21:55.366,rated_current_right,"0.000000"
2026-08-21 10:21:55.375,odometry/filtered,"x:-1.310175, y:0.108499, yaw:0.403407, cov_xx:0.001961, cov_yy:0.002038"
2026-08-21 10:21:55.400,rated_current_left,"0.000000"
2026-08-21 10:21:55.400,rated_current_right,"0.000000"
2026-08-21 10:21:55.413,safety/emergency_button,"FALSE"
2026-08-21 10:21:55.416,battery/status,"100.000000%"
2026-08-21 10:21:55.416,odometry/filtered,"x:-1.310175, y:0.108499, yaw:0.403351, cov_xx:0.001984, cov_yy:0.002062"
2026-08-21 10:21:55.416,safety/left_bumper,"FALSE"
2026-08-21 10:21:55.416,safety/right_bumper,"FALSE"
2026-08-21 10:21:55.416,safety/suction_switch,"FALSE"
2026-08-21 10:21:55.423,particle_cloud,"count:800, spread:0.146570"
2026-08-21 10:21:55.429,rated_current_left,"0.000000"
2026-08-21 10:21:55.429,rated_current_right,"0.000000"
2026-08-21 10:21:55.435,odometry/filtered,"x:-1.310173, y:0.108500, yaw:0.403295, cov_xx:0.001932, cov_yy:0.002007"
2026-08-21 10:21:55.460,rated_current_left,"0.000000"
2026-08-21 10:21:55.460,rated_current_right,"0.000000"
2026-08-21 10:21:55.463,safety/emergency_button,"FALSE"
2026-08-21 10:21:55.464,safety/right_bumper,"FALSE"
2026-08-21 10:21:55.464,safety/left_bumper,"FALSE"
2026-08-21 10:21:55.464,safety/suction_switch,"FALSE"
2026-08-21 10:21:55.476,odometry/filtered,"x:-1.310193, y:0.108491, yaw:0.403359, cov_xx:0.001929, cov_yy:0.002003"
2026-08-21 10:21:55.492,rated_current_left,"0.000000"
2026-08-21 10:21:55.492,rated_current_right,"0.000000"
2026-08-21 10:21:55.494,odometry/filtered,"x:-1.310206, y:0.108486, yaw:0.403329, cov_xx:0.001949, cov_yy:0.002025"
2026-08-21 10:21:55.514,safety/right_bumper,"FALSE"
2026-08-21 10:21:55.514,safety/emergency_button,"FALSE"
2026-08-21 10:21:55.514,battery/status,"100.000000%"
2026-08-21 10:21:55.514,safety/left_bumper,"FALSE"
2026-08-21 10:21:55.514,safety/suction_switch,"FALSE"
2026-08-21 10:21:55.523,rated_current_left,"0.000000"
2026-08-21 10:21:55.524,rated_current_right,"0.000000"
2026-08-21 10:21:55.535,odometry/filtered,"x:-1.310213, y:0.108483, yaw:0.403298, cov_xx:0.001939, cov_yy:0.002014"
2026-08-21 10:21:55.556,rated_current_left,"0.000000"
2026-08-21 10:21:55.556,rated_current_right,"0.000000"
2026-08-21 10:21:55.563,safety/emergency_button,"FALSE"
2026-08-21 10:21:55.563,safety/right_bumper,"FALSE"
2026-08-21 10:21:55.564,safety/left_bumper,"FALSE"
2026-08-21 10:21:55.564,safety/suction_switch,"FALSE"
2026-08-21 10:21:55.577,odometry/filtered,"x:-1.310217, y:0.108481, yaw:0.403268, cov_xx:0.001947, cov_yy:0.002023"
2026-08-21 10:21:55.588,rated_current_left,"0.000000"
2026-08-21 10:21:55.588,rated_current_right,"0.000000"
2026-08-21 10:21:55.595,odometry/filtered,"x:-1.310220, y:0.108480, yaw:0.403239, cov_xx:0.001944, cov_yy:0.002019"
2026-08-21 10:21:55.614,safety/left_bumper,"FALSE"
2026-08-21 10:21:55.614,safety/right_bumper,"FALSE"
2026-08-21 10:21:55.614,safety/emergency_button,"FALSE"
2026-08-21 10:21:55.614,safety/suction_switch,"FALSE"
2026-08-21 10:21:55.614,battery/status,"100.000000%"
2026-08-21 10:21:55.621,rated_current_left,"0.000000"
2026-08-21 10:21:55.621,rated_current_right,"0.000000"
2026-08-21 10:21:55.623,particle_cloud,"count:800, spread:0.136154"
2026-08-21 10:21:55.635,odometry/filtered,"x:-1.310222, y:0.108479, yaw:0.403211, cov_xx:0.001970, cov_yy:0.002048"
2026-08-21 10:21:55.651,rated_current_left,"0.000000"
2026-08-21 10:21:55.651,rated_current_right,"0.000000"
2026-08-21 10:21:55.655,odometry/filtered,"x:-1.310221, y:0.108480, yaw:0.403183, cov_xx:0.001936, cov_yy:0.002011"
2026-08-21 10:21:55.663,safety/emergency_button,"FALSE"
2026-08-21 10:21:55.664,safety/left_bumper,"FALSE"
2026-08-21 10:21:55.664,safety/right_bumper,"FALSE"
2026-08-21 10:21:55.664,safety/suction_switch,"FALSE"
2026-08-21 10:21:55.683,rated_current_left,"0.000000"
2026-08-21 10:21:55.683,rated_current_right,"0.000000"
2026-08-21 10:21:55.695,odometry/filtered,"x:-1.310276, y:0.108456, yaw:0.403446, cov_xx:0.001944, cov_yy:0.002020"
2026-08-21 10:21:55.714,safety/emergency_button,"FALSE"
2026-08-21 10:21:55.715,battery/status,"100.000000%"
2026-08-21 10:21:55.715,safety/left_bumper,"FALSE"
2026-08-21 10:21:55.715,safety/right_bumper,"FALSE"
2026-08-21 10:21:55.715,safety/suction_switch,"FALSE"
2026-08-21 10:21:55.716,rated_current_left,"0.000000"
2026-08-21 10:21:55.717,rated_current_right,"0.000000"
2026-08-21 10:21:55.735,odometry/filtered,"x:-1.310307, y:0.108443, yaw:0.403471, cov_xx:0.001955, cov_yy:0.002032"
2026-08-21 10:21:55.747,rated_current_left,"0.000000"
2026-08-21 10:21:55.747,rated_current_right,"0.000000"
2026-08-21 10:21:55.755,odometry/filtered,"x:-1.310326, y:0.108435, yaw:0.403493, cov_xx:0.001945, cov_yy:0.002021"
2026-08-21 10:21:55.764,safety/left_bumper,"FALSE"
2026-08-21 10:21:55.764,safety/right_bumper,"FALSE"
2026-08-21 10:21:55.764,safety/emergency_button,"FALSE"
2026-08-21 10:21:55.764,safety/suction_switch,"FALSE"
2026-08-21 10:21:55.784,rated_current_left,"0.000000"
2026-08-21 10:21:55.785,rated_current_right,"0.000000"
2026-08-21 10:21:55.795,odometry/filtered,"x:-1.310340, y:0.108429, yaw:0.403516, cov_xx:0.002005, cov_yy:0.002085"
2026-08-21 10:21:55.797,robot_status,"ROBOT_CHARGING"
2026-08-21 10:21:55.812,rated_current_left,"0.000000"
2026-08-21 10:21:55.818,battery/status,"100.000000%"
2026-08-21 10:21:55.818,odometry/filtered,"x:-1.310344, y:0.108427, yaw:0.403530, cov_xx:0.001916, cov_yy:0.001989"
2026-08-21 10:21:55.818,safety/left_bumper,"FALSE"
2026-08-21 10:21:55.818,safety/right_bumper,"FALSE"
2026-08-21 10:21:55.818,safety/emergency_button,"FALSE"
2026-08-21 10:21:55.818,safety/suction_switch,"FALSE"
2026-08-21 10:21:55.819,rated_current_right,"0.000000"
2026-08-21 10:21:55.823,particle_cloud,"count:800, spread:0.138167"
2026-08-21 10:21:55.845,rated_current_left,"0.000000"
2026-08-21 10:21:55.845,rated_current_right,"0.000000"
2026-08-21 10:21:55.855,odometry/filtered,"x:-1.310348, y:0.108425, yaw:0.403545, cov_xx:0.001929, cov_yy:0.002004"
2026-08-21 10:21:55.863,safety/emergency_button,"FALSE"
2026-08-21 10:21:55.864,safety/right_bumper,"FALSE"
2026-08-21 10:21:55.864,safety/left_bumper,"FALSE"
2026-08-21 10:21:55.864,safety/suction_switch,"FALSE"
2026-08-21 10:21:55.875,rated_current_left,"0.000000"
2026-08-21 10:21:55.875,rated_current_right,"0.000000"
2026-08-21 10:21:55.895,odometry/filtered,"x:-1.310351, y:0.108424, yaw:0.403558, cov_xx:0.001943, cov_yy:0.002019"
2026-08-21 10:21:55.908,rated_current_left,"0.000000"
2026-08-21 10:21:55.908,rated_current_right,"0.000000"
2026-08-21 10:21:55.913,safety/emergency_button,"FALSE"
2026-08-21 10:21:55.913,safety/left_bumper,"FALSE"
2026-08-21 10:21:55.913,safety/right_bumper,"FALSE"
2026-08-21 10:21:55.913,safety/suction_switch,"FALSE"
2026-08-21 10:21:55.914,battery/status,"100.000000%"
2026-08-21 10:21:55.914,odometry/filtered,"x:-1.310352, y:0.108424, yaw:0.403571, cov_xx:0.001963, cov_yy:0.002041"
2026-08-21 10:21:55.939,rated_current_left,"0.000000"
2026-08-21 10:21:55.939,rated_current_right,"0.000000"
2026-08-21 10:21:55.955,odometry/filtered,"x:-1.310351, y:0.108424, yaw:0.403580, cov_xx:0.001938, cov_yy:0.002013"
2026-08-21 10:21:55.963,safety/right_bumper,"FALSE"
2026-08-21 10:21:55.963,safety/emergency_button,"FALSE"
2026-08-21 10:21:55.963,safety/left_bumper,"FALSE"
2026-08-21 10:21:55.964,safety/suction_switch,"FALSE"
2026-08-21 10:21:55.971,rated_current_left,"0.000000"
2026-08-21 10:21:55.971,rated_current_right,"0.000000"
2026-08-21 10:21:55.975,odometry/filtered,"x:-1.310351, y:0.108424, yaw:0.403588, cov_xx:0.001945, cov_yy:0.002021"
2026-08-21 10:21:56.003,rated_current_left,"0.000000"
2026-08-21 10:21:56.003,rated_current_right,"0.000000"
2026-08-21 10:21:56.013,safety/emergency_button,"FALSE"
2026-08-21 10:21:56.014,battery/status,"100.000000%"
2026-08-21 10:21:56.014,safety/left_bumper,"FALSE"
2026-08-21 10:21:56.014,safety/right_bumper,"FALSE"
2026-08-21 10:21:56.014,safety/suction_switch,"FALSE"
2026-08-21 10:21:56.015,odometry/filtered,"x:-1.310350, y:0.108425, yaw:0.403596, cov_xx:0.001951, cov_yy:0.002027"
2026-08-21 10:21:56.024,particle_cloud,"count:800, spread:0.140424"
2026-08-21 10:21:56.036,rated_current_left,"0.000000"
2026-08-21 10:21:56.036,rated_current_right,"0.000000"
2026-08-21 10:21:56.055,odometry/filtered,"x:-1.310350, y:0.108425, yaw:0.403602, cov_xx:0.001965, cov_yy:0.002043"
2026-08-21 10:21:56.063,safety/left_bumper,"FALSE"
2026-08-21 10:21:56.064,safety/right_bumper,"FALSE"
2026-08-21 10:21:56.064,safety/emergency_button,"FALSE"
2026-08-21 10:21:56.064,safety/suction_switch,"FALSE"
2026-08-21 10:21:56.067,rated_current_left,"0.000000"
2026-08-21 10:21:56.068,rated_current_right,"0.000000"
2026-08-21 10:21:56.075,odometry/filtered,"x:-1.310348, y:0.108426, yaw:0.403606, cov_xx:0.001937, cov_yy:0.002012"
2026-08-21 10:21:56.099,rated_current_left,"0.000000"
2026-08-21 10:21:56.099,rated_current_right,"0.000000"
2026-08-21 10:21:56.113,safety/emergency_button,"FALSE"
2026-08-21 10:21:56.113,safety/left_bumper,"FALSE"
2026-08-21 10:21:56.113,safety/right_bumper,"FALSE"
2026-08-21 10:21:56.116,battery/status,"100.000000%"
2026-08-21 10:21:56.116,safety/suction_switch,"FALSE"
2026-08-21 10:21:56.116,odometry/filtered,"x:-1.310327, y:0.108435, yaw:0.403733, cov_xx:0.001941, cov_yy:0.002017"
2026-08-21 10:21:56.131,rated_current_left,"0.000000"
2026-08-21 10:21:56.131,rated_current_right,"0.000000"
2026-08-21 10:21:56.134,odometry/filtered,"x:-1.310314, y:0.108440, yaw:0.403757, cov_xx:0.001944, cov_yy:0.002020"
2026-08-21 10:21:56.162,rated_current_left,"0.000000"
2026-08-21 10:21:56.163,rated_current_right,"0.000000"
2026-08-21 10:21:56.163,safety/emergency_button,"FALSE"
2026-08-21 10:21:56.163,safety/left_bumper,"FALSE"
2026-08-21 10:21:56.163,safety/right_bumper,"FALSE"
2026-08-21 10:21:56.164,safety/suction_switch,"FALSE"
2026-08-21 10:21:56.176,odometry/filtered,"x:-1.310308, y:0.108443, yaw:0.403787, cov_xx:0.001948, cov_yy:0.002024"
2026-08-21 10:21:56.194,rated_current_left,"0.000000"
2026-08-21 10:21:56.194,rated_current_right,"0.000000"
2026-08-21 10:21:56.214,battery/status,"100.000000%"
2026-08-21 10:21:56.214,safety/left_bumper,"FALSE"
2026-08-21 10:21:56.215,safety/right_bumper,"FALSE"
2026-08-21 10:21:56.215,safety/emergency_button,"FALSE"
2026-08-21 10:21:56.215,safety/suction_switch,"FALSE"
2026-08-21 10:21:56.221,odometry/filtered,"x:-1.310303, y:0.108445, yaw:0.403808, cov_xx:0.001945, cov_yy:0.002021"
2026-08-21 10:21:56.236,particle_cloud,"count:800, spread:0.137761"
2026-08-21 10:21:56.236,rated_current_left,"0.000000"
2026-08-21 10:21:56.236,rated_current_right,"0.000000"
2026-08-21 10:21:56.254,odometry/filtered,"x:-1.310300, y:0.108446, yaw:0.403829, cov_xx:0.001988, cov_yy:0.002067"
2026-08-21 10:21:56.259,rated_current_left,"0.000000"
2026-08-21 10:21:56.261,rated_current_right,"0.000000"
2026-08-21 10:21:56.263,safety/left_bumper,"FALSE"
2026-08-21 10:21:56.263,safety/right_bumper,"FALSE"
2026-08-21 10:21:56.263,safety/emergency_button,"FALSE"
2026-08-21 10:21:56.264,safety/suction_switch,"FALSE"
2026-08-21 10:21:56.284,odometry/filtered,"x:-1.310297, y:0.108447, yaw:0.403846, cov_xx:0.001941, cov_yy:0.002017"
2026-08-21 10:21:56.292,rated_current_left,"0.000000"
2026-08-21 10:21:56.292,rated_current_right,"0.000000"
2026-08-21 10:21:56.299,robot_status,"ROBOT_CHARGING"
2026-08-21 10:21:56.299,odometry/filtered,"x:-1.310296, y:0.108448, yaw:0.403861, cov_xx:0.001947, cov_yy:0.002023"
2026-08-21 10:21:56.315,battery/status,"100.000000%"
2026-08-21 10:21:56.315,safety/left_bumper,"FALSE"
2026-08-21 10:21:56.315,safety/right_bumper,"FALSE"
2026-08-21 10:21:56.315,safety/emergency_button,"FALSE"
2026-08-21 10:21:56.315,safety/suction_switch,"FALSE"
2026-08-21 10:21:56.322,rated_current_left,"0.000000"
2026-08-21 10:21:56.322,rated_current_right,"0.000000"
2026-08-21 10:21:56.336,odometry/filtered,"x:-1.310294, y:0.108448, yaw:0.403875, cov_xx:0.001934, cov_yy:0.002008"
2026-08-21 10:21:56.354,rated_current_left,"0.000000"
2026-08-21 10:21:56.355,rated_current_right,"0.000000"
2026-08-21 10:21:56.365,safety/left_bumper,"FALSE"
2026-08-21 10:21:56.365,safety/right_bumper,"FALSE"
2026-08-21 10:21:56.365,safety/emergency_button,"FALSE"
2026-08-21 10:21:56.365,safety/suction_switch,"FALSE"
2026-08-21 10:21:56.377,odometry/filtered,"x:-1.310294, y:0.108449, yaw:0.403887, cov_xx:0.001937, cov_yy:0.002013"
2026-08-21 10:21:56.391,rated_current_left,"0.000000"
2026-08-21 10:21:56.391,rated_current_right,"0.000000"
2026-08-21 10:21:56.395,odometry/filtered,"x:-1.310294, y:0.108448, yaw:0.403901, cov_xx:0.002024, cov_yy:0.002105"
2026-08-21 10:21:56.413,safety/right_bumper,"FALSE"
2026-08-21 10:21:56.413,safety/emergency_button,"FALSE"
2026-08-21 10:21:56.414,battery/status,"100.000000%"
2026-08-21 10:21:56.414,safety/left_bumper,"FALSE"
2026-08-21 10:21:56.414,safety/suction_switch,"FALSE"
2026-08-21 10:21:56.420,rated_current_left,"0.000000"
2026-08-21 10:21:56.420,rated_current_right,"0.000000"
2026-08-21 10:21:56.423,particle_cloud,"count:800, spread:0.140679"
2026-08-21 10:21:56.434,odometry/filtered,"x:-1.310292, y:0.108449, yaw:0.403909, cov_xx:0.001923, cov_yy:0.001996"
2026-08-21 10:21:56.450,rated_current_left,"0.000000"
2026-08-21 10:21:56.450,rated_current_right,"0.000000"
2026-08-21 10:21:56.455,odometry/filtered,"x:-1.310291, y:0.108450, yaw:0.403917, cov_xx:0.001911, cov_yy:0.001985"
2026-08-21 10:21:56.463,safety/emergency_button,"FALSE"
2026-08-21 10:21:56.464,safety/left_bumper,"FALSE"
2026-08-21 10:21:56.464,safety/right_bumper,"FALSE"
2026-08-21 10:21:56.464,safety/suction_switch,"FALSE"
2026-08-21 10:21:56.497,rated_current_left,"0.000000"
2026-08-21 10:21:56.497,rated_current_right,"0.000000"
2026-08-21 10:21:56.514,safety/emergency_button,"FALSE"
2026-08-21 10:21:56.514,safety/left_bumper,"FALSE"
2026-08-21 10:21:56.514,safety/right_bumper,"FALSE"
2026-08-21 10:21:56.514,safety/suction_switch,"FALSE"
2026-08-21 10:21:56.514,battery/status,"100.000000%"
2026-08-21 10:21:56.515,rated_current_left,"0.000000"
2026-08-21 10:21:56.516,rated_current_right,"0.000000"
2026-08-21 10:21:56.517,odometry/filtered,"x:-1.310295, y:0.108448, yaw:0.403931, cov_xx:0.002156, cov_yy:0.002246"
2026-08-21 10:21:56.536,odometry/filtered,"x:-1.310289, y:0.108450, yaw:0.403933, cov_xx:0.001861, cov_yy:0.001929"
2026-08-21 10:21:56.545,rated_current_left,"0.000000"
2026-08-21 10:21:56.546,rated_current_right,"0.000000"
2026-08-21 10:21:56.554,odometry/filtered,"x:-1.310289, y:0.108451, yaw:0.403937, cov_xx:0.001850, cov_yy:0.001919"
2026-08-21 10:21:56.564,safety/left_bumper,"FALSE"
2026-08-21 10:21:56.564,safety/right_bumper,"FALSE"
2026-08-21 10:21:56.564,safety/emergency_button,"FALSE"
2026-08-21 10:21:56.564,safety/suction_switch,"FALSE"
2026-08-21 10:21:56.578,rated_current_left,"0.000000"
2026-08-21 10:21:56.580,rated_current_right,"0.000000"
2026-08-21 10:21:56.593,system_resources,"cpu:60.6%, mem:33.8%, mem_used_mb:2572, mem_total_mb:7619"
2026-08-21 10:21:56.595,odometry/filtered,"x:-1.310290, y:0.108450, yaw:0.403943, cov_xx:0.001920, cov_yy:0.001994"
2026-08-21 10:21:56.611,rated_current_left,"0.000000"
2026-08-21 10:21:56.612,rated_current_right,"0.000000"
2026-08-21 10:21:56.613,safety/emergency_button,"FALSE"
2026-08-21 10:21:56.613,safety/right_bumper,"FALSE"
2026-08-21 10:21:56.615,battery/status,"100.000000%"
2026-08-21 10:21:56.615,safety/left_bumper,"FALSE"
2026-08-21 10:21:56.615,safety/suction_switch,"FALSE"
2026-08-21 10:21:56.619,odometry/filtered,"x:-1.310290, y:0.108450, yaw:0.403947, cov_xx:0.001928, cov_yy:0.002004"
2026-08-21 10:21:56.623,particle_cloud,"count:800, spread:0.138403"
2026-08-21 10:21:56.641,rated_current_left,"0.000000"
2026-08-21 10:21:56.642,rated_current_right,"0.000000"
2026-08-21 10:21:56.655,odometry/filtered,"x:-1.310289, y:0.108450, yaw:0.403950, cov_xx:0.001935, cov_yy:0.002011"
2026-08-21 10:21:56.664,safety/emergency_button,"FALSE"
2026-08-21 10:21:56.664,safety/left_bumper,"FALSE"
2026-08-21 10:21:56.664,safety/right_bumper,"FALSE"
2026-08-21 10:21:56.664,safety/suction_switch,"FALSE"
2026-08-21 10:21:56.675,rated_current_left,"0.000000"
2026-08-21 10:21:56.675,rated_current_right,"0.000000"
2026-08-21 10:21:56.695,odometry/filtered,"x:-1.310289, y:0.108450, yaw:0.403953, cov_xx:0.001949, cov_yy:0.002026"
2026-08-21 10:21:56.706,rated_current_left,"0.000000"
2026-08-21 10:21:56.707,rated_current_right,"0.000000"
2026-08-21 10:21:56.716,safety/emergency_button,"FALSE"
2026-08-21 10:21:56.716,safety/left_bumper,"FALSE"
2026-08-21 10:21:56.716,safety/right_bumper,"FALSE"
2026-08-21 10:21:56.716,safety/suction_switch,"FALSE"
2026-08-21 10:21:56.718,battery/status,"100.000000%"
2026-08-21 10:21:56.720,odometry/filtered,"x:-1.310290, y:0.108450, yaw:0.403956, cov_xx:0.001990, cov_yy:0.002069"
2026-08-21 10:21:56.737,rated_current_left,"0.000000"
2026-08-21 10:21:56.737,rated_current_right,"0.000000"
2026-08-21 10:21:56.755,odometry/filtered,"x:-1.310288, y:0.108451, yaw:0.403958, cov_xx:0.001922, cov_yy:0.001997"
2026-08-21 10:21:56.763,safety/emergency_button,"FALSE"
2026-08-21 10:21:56.763,safety/left_bumper,"FALSE"
2026-08-21 10:21:56.763,safety/right_bumper,"FALSE"
2026-08-21 10:21:56.764,safety/suction_switch,"FALSE"
2026-08-21 10:21:56.769,rated_current_left,"0.000000"
2026-08-21 10:21:56.771,rated_current_right,"0.000000"
2026-08-21 10:21:56.776,odometry/filtered,"x:-1.310288, y:0.108451, yaw:0.403959, cov_xx:0.001934, cov_yy:0.002010"
2026-08-21 10:21:56.796,robot_status,"ROBOT_CHARGING"
2026-08-21 10:21:56.803,rated_current_left,"0.000000"
2026-08-21 10:21:56.804,rated_current_right,"0.000000"
2026-08-21 10:21:56.814,safety/emergency_button,"FALSE"
2026-08-21 10:21:56.814,battery/status,"100.000000%"
2026-08-21 10:21:56.814,safety/left_bumper,"FALSE"
2026-08-21 10:21:56.814,safety/right_bumper,"FALSE"
2026-08-21 10:21:56.814,safety/suction_switch,"FALSE"
2026-08-21 10:21:56.816,odometry/filtered,"x:-1.310251, y:0.108467, yaw:0.404105, cov_xx:0.001979, cov_yy:0.002057"
2026-08-21 10:21:56.823,particle_cloud,"count:800, spread:0.141770"
2026-08-21 10:21:56.833,rated_current_left,"0.000000"
2026-08-21 10:21:56.835,rated_current_right,"0.000000"
2026-08-21 10:21:56.854,odometry/filtered,"x:-1.310229, y:0.108476, yaw:0.404132, cov_xx:0.001937, cov_yy:0.002013"
2026-08-21 10:21:56.864,safety/left_bumper,"FALSE"
2026-08-21 10:21:56.864,safety/right_bumper,"FALSE"
2026-08-21 10:21:56.864,safety/emergency_button,"FALSE"
2026-08-21 10:21:56.864,safety/suction_switch,"FALSE"
2026-08-21 10:21:56.866,rated_current_left,"0.000000"
2026-08-21 10:21:56.869,rated_current_right,"0.000000"
2026-08-21 10:21:56.875,odometry/filtered,"x:-1.310210, y:0.108484, yaw:0.404127, cov_xx:0.001946, cov_yy:0.002021"
2026-08-21 10:21:56.897,rated_current_left,"0.000000"
2026-08-21 10:21:56.897,rated_current_right,"0.000000"
2026-08-21 10:21:56.915,battery/status,"100.000000%"
2026-08-21 10:21:56.916,odometry/filtered,"x:-1.310198, y:0.108489, yaw:0.404145, cov_xx:0.001932, cov_yy:0.002007"
2026-08-21 10:21:56.916,safety/left_bumper,"FALSE"
2026-08-21 10:21:56.916,safety/right_bumper,"FALSE"
2026-08-21 10:21:56.916,safety/emergency_button,"FALSE"
2026-08-21 10:21:56.916,safety/suction_switch,"FALSE"
2026-08-21 10:21:56.930,rated_current_left,"0.000000"
2026-08-21 10:21:56.930,rated_current_right,"0.000000"
2026-08-21 10:21:56.935,odometry/filtered,"x:-1.310190, y:0.108493, yaw:0.404163, cov_xx:0.001966, cov_yy:0.002043"
2026-08-21 10:21:56.961,rated_current_left,"0.000000"
2026-08-21 10:21:56.961,rated_current_right,"0.000000"
2026-08-21 10:21:56.963,safety/emergency_button,"FALSE"
2026-08-21 10:21:56.964,safety/left_bumper,"FALSE"
2026-08-21 10:21:56.964,safety/right_bumper,"FALSE"
2026-08-21 10:21:56.965,safety/suction_switch,"FALSE"
2026-08-21 10:21:56.977,odometry/filtered,"x:-1.310185, y:0.108495, yaw:0.404177, cov_xx:0.001927, cov_yy:0.002002"
2026-08-21 10:21:56.994,rated_current_left,"0.000000"
2026-08-21 10:21:56.994,rated_current_right,"0.000000"
2026-08-21 10:21:57.014,safety/emergency_button,"FALSE"
2026-08-21 10:21:57.014,battery/status,"100.000000%"
2026-08-21 10:21:57.014,safety/left_bumper,"FALSE"
2026-08-21 10:21:57.014,safety/right_bumper,"FALSE"
2026-08-21 10:21:57.014,safety/suction_switch,"FALSE"
2026-08-21 10:21:57.017,odometry/filtered,"x:-1.310176, y:0.108499, yaw:0.404155, cov_xx:0.001962, cov_yy:0.002039"
2026-08-21 10:21:57.023,particle_cloud,"count:800, spread:0.141575"
2026-08-21 10:21:57.026,rated_current_left,"0.000000"
2026-08-21 10:21:57.026,rated_current_right,"0.000000"
2026-08-21 10:21:57.035,odometry/filtered,"x:-1.310170, y:0.108501, yaw:0.404161, cov_xx:0.001945, cov_yy:0.002021"
2026-08-21 10:21:57.057,rated_current_left,"0.000000"
2026-08-21 10:21:57.057,rated_current_right,"0.000000"
2026-08-21 10:21:57.065,safety/left_bumper,"FALSE"
2026-08-21 10:21:57.065,safety/right_bumper,"FALSE"
2026-08-21 10:21:57.065,safety/emergency_button,"FALSE"
2026-08-21 10:21:57.065,safety/suction_switch,"FALSE"
2026-08-21 10:21:57.075,odometry/filtered,"x:-1.310166, y:0.108503, yaw:0.404166, cov_xx:0.001946, cov_yy:0.002022"
2026-08-21 10:21:57.088,rated_current_left,"0.000000"
2026-08-21 10:21:57.089,rated_current_right,"0.000000"
2026-08-21 10:21:57.095,odometry/filtered,"x:-1.310164, y:0.108504, yaw:0.404171, cov_xx:0.001934, cov_yy:0.002009"
2026-08-21 10:21:57.115,battery/status,"100.000000%"
2026-08-21 10:21:57.115,safety/left_bumper,"FALSE"
2026-08-21 10:21:57.115,safety/right_bumper,"FALSE"
2026-08-21 10:21:57.115,safety/emergency_button,"FALSE"
2026-08-21 10:21:57.115,safety/suction_switch,"FALSE"
2026-08-21 10:21:57.127,rated_current_left,"0.000000"
2026-08-21 10:21:57.127,rated_current_right,"0.000000"
2026-08-21 10:21:57.135,odometry/filtered,"x:-1.310164, y:0.108504, yaw:0.404176, cov_xx:0.002026, cov_yy:0.002108"
2026-08-21 10:21:57.153,rated_current_left,"0.000000"
2026-08-21 10:21:57.153,rated_current_right,"0.000000"
2026-08-21 10:21:57.155,odometry/filtered,"x:-1.310162, y:0.108505, yaw:0.404179, cov_xx:0.001910, cov_yy:0.001983"
2026-08-21 10:21:57.163,safety/left_bumper,"FALSE"
2026-08-21 10:21:57.163,safety/right_bumper,"FALSE"
2026-08-21 10:21:57.163,safety/emergency_button,"FALSE"
2026-08-21 10:21:57.163,safety/suction_switch,"FALSE"
2026-08-21 10:21:57.185,rated_current_left,"0.000000"
2026-08-21 10:21:57.186,rated_current_right,"0.000000"
2026-08-21 10:21:57.194,odometry/filtered,"x:-1.310162, y:0.108505, yaw:0.404182, cov_xx:0.001939, cov_yy:0.002015"
2026-08-21 10:21:57.213,safety/emergency_button,"FALSE"
2026-08-21 10:21:57.214,battery/status,"100.000000%"
2026-08-21 10:21:57.214,safety/left_bumper,"FALSE"
2026-08-21 10:21:57.214,safety/right_bumper,"FALSE"
2026-08-21 10:21:57.214,safety/suction_switch,"FALSE"
2026-08-21 10:21:57.216,rated_current_left,"0.000000"
2026-08-21 10:21:57.216,rated_current_right,"0.000000"
2026-08-21 10:21:57.223,particle_cloud,"count:800, spread:0.137883"
2026-08-21 10:21:57.236,odometry/filtered,"x:-1.310162, y:0.108505, yaw:0.404185, cov_xx:0.001935, cov_yy:0.002010"
2026-08-21 10:21:57.249,rated_current_left,"0.000000"
2026-08-21 10:21:57.249,rated_current_right,"0.000000"
2026-08-21 10:21:57.254,odometry/filtered,"x:-1.310057, y:0.108549, yaw:0.404754, cov_xx:0.001951, cov_yy:0.002027"
2026-08-21 10:21:57.263,safety/left_bumper,"FALSE"
2026-08-21 10:21:57.263,safety/right_bumper,"FALSE"
2026-08-21 10:21:57.263,safety/emergency_button,"FALSE"
2026-08-21 10:21:57.263,safety/suction_switch,"FALSE"
2026-08-21 10:21:57.281,rated_current_left,"0.000000"
2026-08-21 10:21:57.281,rated_current_right,"0.000000"
2026-08-21 10:21:57.295,odometry/filtered,"x:-1.309982, y:0.108582, yaw:0.404911, cov_xx:0.001953, cov_yy:0.002029"
2026-08-21 10:21:57.296,robot_status,"ROBOT_CHARGING"
2026-08-21 10:21:57.314,battery/status,"100.000000%"
2026-08-21 10:21:57.314,safety/left_bumper,"FALSE"
2026-08-21 10:21:57.314,safety/right_bumper,"FALSE"
2026-08-21 10:21:57.314,safety/emergency_button,"FALSE"
2026-08-21 10:21:57.315,safety/suction_switch,"FALSE"
2026-08-21 10:21:57.315,rated_current_left,"0.000000"
2026-08-21 10:21:57.316,rated_current_right,"0.000000"
2026-08-21 10:21:57.335,odometry/filtered,"x:-1.309935, y:0.108602, yaw:0.405016, cov_xx:0.001947, cov_yy:0.002022"
2026-08-21 10:21:57.344,rated_current_left,"0.000000"
2026-08-21 10:21:57.345,rated_current_right,"0.000000"
2026-08-21 10:21:57.354,odometry/filtered,"x:-1.309906, y:0.108614, yaw:0.405115, cov_xx:0.001947, cov_yy:0.002023"
2026-08-21 10:21:57.363,safety/left_bumper,"FALSE"
2026-08-21 10:21:57.364,safety/right_bumper,"FALSE"
2026-08-21 10:21:57.364,safety/emergency_button,"FALSE"
2026-08-21 10:21:57.364,safety/suction_switch,"FALSE"
2026-08-21 10:21:57.382,rated_current_left,"0.000000"
2026-08-21 10:21:57.391,rated_current_right,"0.000000"
2026-08-21 10:21:57.394,odometry/filtered,"x:-1.309887, y:0.108622, yaw:0.405213, cov_xx:0.002022, cov_yy:0.002103"
2026-08-21 10:21:57.408,rated_current_left,"0.000000"
2026-08-21 10:21:57.408,rated_current_right,"0.000000"
2026-08-21 10:21:57.413,safety/emergency_button,"FALSE"
2026-08-21 10:21:57.417,battery/status,"100.000000%"
2026-08-21 10:21:57.417,odometry/filtered,"x:-1.309877, y:0.108627, yaw:0.405292, cov_xx:0.001901, cov_yy:0.001973"
2026-08-21 10:21:57.417,safety/left_bumper,"FALSE"
2026-08-21 10:21:57.417,safety/right_bumper,"FALSE"
2026-08-21 10:21:57.417,safety/suction_switch,"FALSE"
2026-08-21 10:21:57.423,particle_cloud,"count:800, spread:0.140651"
2026-08-21 10:21:57.440,rated_current_left,"0.000000"
2026-08-21 10:21:57.442,rated_current_right,"0.000000"
2026-08-21 10:21:57.454,odometry/filtered,"x:-1.309846, y:0.108640, yaw:0.405540, cov_xx:0.001922, cov_yy:0.001996"
2026-08-21 10:21:57.463,safety/emergency_button,"FALSE"
2026-08-21 10:21:57.464,safety/right_bumper,"FALSE"
2026-08-21 10:21:57.464,safety/left_bumper,"FALSE"
2026-08-21 10:21:57.464,safety/suction_switch,"FALSE"
2026-08-21 10:21:57.476,rated_current_left,"0.000000"
2026-08-21 10:21:57.477,rated_current_right,"0.000000"
2026-08-21 10:21:57.494,odometry/filtered,"x:-1.309828, y:0.108648, yaw:0.405647, cov_xx:0.001975, cov_yy:0.002052"
2026-08-21 10:21:57.506,rated_current_left,"0.000000"
2026-08-21 10:21:57.506,rated_current_right,"0.000000"
2026-08-21 10:21:57.513,safety/left_bumper,"FALSE"
2026-08-21 10:21:57.513,safety/right_bumper,"FALSE"
2026-08-21 10:21:57.513,safety/emergency_button,"FALSE"
2026-08-21 10:21:57.513,safety/suction_switch,"FALSE"
2026-08-21 10:21:57.514,battery/status,"100.000000%"
2026-08-21 10:21:57.517,odometry/filtered,"x:-1.309817, y:0.108653, yaw:0.405741, cov_xx:0.001936, cov_yy:0.002011"
2026-08-21 10:21:57.536,rated_current_left,"0.000000"
2026-08-21 10:21:57.537,rated_current_right,"0.000000"
2026-08-21 10:21:57.555,odometry/filtered,"x:-1.309729, y:0.108690, yaw:0.406235, cov_xx:0.001945, cov_yy:0.002021"
2026-08-21 10:21:57.563,safety/emergency_button,"FALSE"
2026-08-21 10:21:57.563,safety/left_bumper,"FALSE"
2026-08-21 10:21:57.563,safety/right_bumper,"FALSE"
2026-08-21 10:21:57.563,safety/suction_switch,"FALSE"
2026-08-21 10:21:57.567,rated_current_left,"0.000000"
2026-08-21 10:21:57.568,rated_current_right,"0.000000"
2026-08-21 10:21:57.577,odometry/filtered,"x:-1.309656, y:0.108722, yaw:0.406598, cov_xx:0.001936, cov_yy:0.002011"
2026-08-21 10:21:57.600,rated_current_left,"0.000000"
2026-08-21 10:21:57.602,rated_current_right,"0.000000"
2026-08-21 10:21:57.614,battery/status,"100.000000%"
2026-08-21 10:21:57.614,safety/left_bumper,"FALSE"
2026-08-21 10:21:57.614,safety/right_bumper,"FALSE"
2026-08-21 10:21:57.614,safety/emergency_button,"FALSE"
2026-08-21 10:21:57.614,safety/suction_switch,"FALSE"
2026-08-21 10:21:57.615,odometry/filtered,"x:-1.309591, y:0.108750, yaw:0.406946, cov_xx:0.001942, cov_yy:0.002017"
2026-08-21 10:21:57.623,particle_cloud,"count:800, spread:0.141129"
2026-08-21 10:21:57.632,rated_current_left,"0.000000"
2026-08-21 10:21:57.632,rated_current_right,"0.000000"
2026-08-21 10:21:57.634,odometry/filtered,"x:-1.309520, y:0.108781, yaw:0.407342, cov_xx:0.001948, cov_yy:0.002024"
2026-08-21 10:21:57.663,safety/emergency_button,"FALSE"
2026-08-21 10:21:57.663,safety/left_bumper,"FALSE"
2026-08-21 10:21:57.663,safety/right_bumper,"FALSE"
2026-08-21 10:21:57.663,safety/suction_switch,"FALSE"
2026-08-21 10:21:57.664,rated_current_left,"0.000000"
2026-08-21 10:21:57.664,rated_current_right,"0.000000"
2026-08-21 10:21:57.675,odometry/filtered,"x:-1.309425, y:0.108822, yaw:0.407615, cov_xx:0.001950, cov_yy:0.002025"
2026-08-21 10:21:57.696,rated_current_left,"0.000000"
2026-08-21 10:21:57.696,rated_current_right,"0.000000"
2026-08-21 10:21:57.713,battery/status,"100.000000%"
2026-08-21 10:21:57.713,safety/left_bumper,"FALSE"
2026-08-21 10:21:57.714,safety/right_bumper,"FALSE"
2026-08-21 10:21:57.714,safety/emergency_button,"FALSE"
2026-08-21 10:21:57.714,safety/suction_switch,"FALSE"
2026-08-21 10:21:57.716,odometry/filtered,"x:-1.309309, y:0.108873, yaw:0.407818, cov_xx:0.001941, cov_yy:0.002016"
2026-08-21 10:21:57.728,rated_current_left,"0.000000"
2026-08-21 10:21:57.728,rated_current_right,"0.000000"
2026-08-21 10:21:57.734,odometry/filtered,"x:-1.309238, y:0.108903, yaw:0.408019, cov_xx:0.001964, cov_yy:0.002041"
2026-08-21 10:21:57.759,rated_current_left,"0.000000"
2026-08-21 10:21:57.760,rated_current_right,"0.000000"
2026-08-21 10:21:57.766,safety/left_bumper,"FALSE"
2026-08-21 10:21:57.767,safety/right_bumper,"FALSE"
2026-08-21 10:21:57.767,safety/emergency_button,"FALSE"
2026-08-21 10:21:57.767,safety/suction_switch,"FALSE"
2026-08-21 10:21:57.775,odometry/filtered,"x:-1.309230, y:0.108907, yaw:0.408457, cov_xx:0.001942, cov_yy:0.002017"
2026-08-21 10:21:57.793,rated_current_left,"0.000000"
2026-08-21 10:21:57.794,rated_current_right,"0.000000"
2026-08-21 10:21:57.795,robot_status,"ROBOT_STANDBY"
2026-08-21 10:21:57.813,safety/left_bumper,"FALSE"
2026-08-21 10:21:57.814,safety/right_bumper,"FALSE"
2026-08-21 10:21:57.814,safety/emergency_button,"FALSE"
2026-08-21 10:21:57.817,battery/status,"100.000000%"
2026-08-21 10:21:57.819,safety/suction_switch,"FALSE"
2026-08-21 10:21:57.820,odometry/filtered,"x:-1.309240, y:0.108902, yaw:0.408780, cov_xx:0.001977, cov_yy:0.002054"
2026-08-21 10:21:57.823,particle_cloud,"count:800, spread:0.143594"
2026-08-21 10:21:57.823,rated_current_left,"0.000000"
2026-08-21 10:21:57.823,rated_current_right,"0.000000"
2026-08-21 10:21:57.835,odometry/filtered,"x:-1.309249, y:0.108899, yaw:0.408989, cov_xx:0.001923, cov_yy:0.001996"
2026-08-21 10:21:57.855,rated_current_left,"0.000000"
2026-08-21 10:21:57.855,rated_current_right,"0.000000"
2026-08-21 10:21:57.864,safety/left_bumper,"FALSE"
2026-08-21 10:21:57.864,safety/right_bumper,"FALSE"
2026-08-21 10:21:57.864,safety/emergency_button,"FALSE"
2026-08-21 10:21:57.864,safety/suction_switch,"FALSE"
2026-08-21 10:21:57.875,odometry/filtered,"x:-1.309255, y:0.108896, yaw:0.409193, cov_xx:0.001947, cov_yy:0.002022"
2026-08-21 10:21:57.894,rated_current_left,"0.000000"
2026-08-21 10:21:57.899,rated_current_right,"0.000000"
2026-08-21 10:21:57.913,battery/status,"100.000000%"
2026-08-21 10:21:57.913,safety/left_bumper,"FALSE"
2026-08-21 10:21:57.913,safety/right_bumper,"FALSE"
2026-08-21 10:21:57.913,safety/emergency_button,"FALSE"
2026-08-21 10:21:57.913,safety/suction_switch,"FALSE"
2026-08-21 10:21:57.916,odometry/filtered,"x:-1.309260, y:0.108894, yaw:0.409402, cov_xx:0.002051, cov_yy:0.002134"
2026-08-21 10:21:57.920,rated_current_left,"0.000000"
2026-08-21 10:21:57.920,rated_current_right,"0.000000"
2026-08-21 10:21:57.934,odometry/filtered,"x:-1.309273, y:0.108888, yaw:0.409506, cov_xx:0.001878, cov_yy:0.001948"
2026-08-21 10:21:57.952,rated_current_left,"0.000000"
2026-08-21 10:21:57.952,rated_current_right,"0.000000"
2026-08-21 10:21:57.954,odometry/filtered,"x:-1.309282, y:0.108884, yaw:0.409663, cov_xx:0.001936, cov_yy:0.002010"
2026-08-21 10:21:57.963,safety/emergency_button,"FALSE"
2026-08-21 10:21:57.963,safety/left_bumper,"FALSE"
2026-08-21 10:21:57.963,safety/right_bumper,"FALSE"
2026-08-21 10:21:57.963,safety/suction_switch,"FALSE"
2026-08-21 10:21:57.983,rated_current_left,"0.000000"
2026-08-21 10:21:57.983,rated_current_right,"0.000000"
2026-08-21 10:21:57.996,odometry/filtered,"x:-1.309274, y:0.108888, yaw:0.409943, cov_xx:0.001962, cov_yy:0.002038"
2026-08-21 10:21:58.013,safety/right_bumper,"FALSE"
2026-08-21 10:21:58.013,safety/emergency_button,"FALSE"
2026-08-21 10:21:58.013,battery/status,"100.000000%"
2026-08-21 10:21:58.013,safety/left_bumper,"FALSE"
2026-08-21 10:21:58.013,safety/suction_switch,"FALSE"
2026-08-21 10:21:58.016,rated_current_left,"0.000000"
2026-08-21 10:21:58.017,rated_current_right,"0.000000"
2026-08-21 10:21:58.022,particle_cloud,"count:800, spread:0.141420"
2026-08-21 10:21:58.034,odometry/filtered,"x:-1.309284, y:0.108883, yaw:0.410126, cov_xx:0.001939, cov_yy:0.002013"
2026-08-21 10:21:58.047,rated_current_left,"0.000000"
2026-08-21 10:21:58.047,rated_current_right,"0.000000"
2026-08-21 10:21:58.055,odometry/filtered,"x:-1.309291, y:0.108880, yaw:0.410296, cov_xx:0.001936, cov_yy:0.002011"
2026-08-21 10:21:58.063,safety/emergency_button,"FALSE"
2026-08-21 10:21:58.064,safety/right_bumper,"FALSE"
2026-08-21 10:21:58.064,safety/left_bumper,"FALSE"
2026-08-21 10:21:58.064,safety/suction_switch,"FALSE"
2026-08-21 10:21:58.078,rated_current_left,"0.000000"
2026-08-21 10:21:58.079,rated_current_right,"0.000000"
2026-08-21 10:21:58.094,odometry/filtered,"x:-1.309296, y:0.108878, yaw:0.410453, cov_xx:0.001932, cov_yy:0.002006"
2026-08-21 10:21:58.110,rated_current_left,"0.000000"
2026-08-21 10:21:58.111,rated_current_right,"0.000000"
2026-08-21 10:21:58.113,safety/emergency_button,"FALSE"
2026-08-21 10:21:58.113,battery/status,"100.000000%"
2026-08-21 10:21:58.113,safety/left_bumper,"FALSE"
2026-08-21 10:21:58.113,safety/right_bumper,"FALSE"
2026-08-21 10:21:58.114,safety/suction_switch,"FALSE"
2026-08-21 10:21:58.116,odometry/filtered,"x:-1.309301, y:0.108876, yaw:0.410602, cov_xx:0.001949, cov_yy:0.002025"
2026-08-21 10:21:58.143,rated_current_left,"0.000000"
2026-08-21 10:21:58.143,rated_current_right,"0.000000"
2026-08-21 10:21:58.154,odometry/filtered,"x:-1.309304, y:0.108874, yaw:0.410740, cov_xx:0.001954, cov_yy:0.002029"
2026-08-21 10:21:58.163,safety/emergency_button,"FALSE"
2026-08-21 10:21:58.163,safety/left_bumper,"FALSE"
2026-08-21 10:21:58.163,safety/right_bumper,"FALSE"
2026-08-21 10:21:58.163,safety/suction_switch,"FALSE"
2026-08-21 10:21:58.175,rated_current_left,"0.000000"
2026-08-21 10:21:58.177,rated_current_right,"0.000000"
2026-08-21 10:21:58.195,odometry/filtered,"x:-1.309307, y:0.108873, yaw:0.410867, cov_xx:0.001954, cov_yy:0.002030"
2026-08-21 10:21:58.207,rated_current_left,"0.000000"
2026-08-21 10:21:58.207,rated_current_right,"0.000000"
2026-08-21 10:21:58.213,safety/left_bumper,"FALSE"
2026-08-21 10:21:58.213,safety/right_bumper,"FALSE"
2026-08-21 10:21:58.213,safety/emergency_button,"FALSE"
2026-08-21 10:21:58.214,battery/status,"100.000000%"
2026-08-21 10:21:58.214,safety/suction_switch,"FALSE"
2026-08-21 10:21:58.215,odometry/filtered,"x:-1.309688, y:0.108705, yaw:0.413061, cov_xx:0.001946, cov_yy:0.002020"
2026-08-21 10:21:58.225,particle_cloud,"count:800, spread:0.140988"
2026-08-21 10:21:58.241,rated_current_left,"0.000000"
2026-08-21 10:21:58.241,rated_current_right,"0.000000"
2026-08-21 10:21:58.255,odometry/filtered,"x:-1.309960, y:0.108585, yaw:0.413938, cov_xx:0.001952, cov_yy:0.002027"
2026-08-21 10:21:58.266,safety/left_bumper,"FALSE"
2026-08-21 10:21:58.266,safety/right_bumper,"FALSE"
2026-08-21 10:21:58.266,safety/emergency_button,"FALSE"
2026-08-21 10:21:58.266,safety/suction_switch,"FALSE"
2026-08-21 10:21:58.272,rated_current_left,"0.000000"
2026-08-21 10:21:58.273,rated_current_right,"0.000000"
2026-08-21 10:21:58.276,odometry/filtered,"x:-1.310188, y:0.108484, yaw:0.414847, cov_xx:0.001948, cov_yy:0.002023"
2026-08-21 10:21:58.296,robot_status,"ROBOT_STANDBY"
2026-08-21 10:21:58.304,rated_current_left,"0.000000"
2026-08-21 10:21:58.305,rated_current_right,"0.000000"
2026-08-21 10:21:58.314,safety/emergency_button,"FALSE"
2026-08-21 10:21:58.317,safety/right_bumper,"FALSE"
2026-08-21 10:21:58.318,battery/status,"100.000000%"
2026-08-21 10:21:58.318,safety/left_bumper,"FALSE"
2026-08-21 10:21:58.318,safety/suction_switch,"FALSE"
2026-08-21 10:21:58.319,odometry/filtered,"x:-1.310380, y:0.108398, yaw:0.415745, cov_xx:0.001951, cov_yy:0.002026"
2026-08-21 10:21:58.334,rated_current_left,"0.000000"
2026-08-21 10:21:58.334,rated_current_right,"0.000000"
2026-08-21 10:21:58.355,odometry/filtered,"x:-1.310557, y:0.108319, yaw:0.416660, cov_xx:0.001945, cov_yy:0.002019"
2026-08-21 10:21:58.366,safety/left_bumper,"FALSE"
2026-08-21 10:21:58.366,safety/right_bumper,"FALSE"
2026-08-21 10:21:58.366,safety/emergency_button,"FALSE"
2026-08-21 10:21:58.366,safety/suction_switch,"FALSE"
2026-08-21 10:21:58.367,rated_current_left,"0.000000"
2026-08-21 10:21:58.367,rated_current_right,"0.000000"
2026-08-21 10:21:58.375,odometry/filtered,"x:-1.310666, y:0.108270, yaw:0.417258, cov_xx:0.001958, cov_yy:0.002033"
2026-08-21 10:21:58.400,rated_current_left,"0.000000"
2026-08-21 10:21:58.401,rated_current_right,"0.000000"
2026-08-21 10:21:58.413,safety/emergency_button,"FALSE"
2026-08-21 10:21:58.413,safety/left_bumper,"FALSE"
2026-08-21 10:21:58.413,safety/right_bumper,"FALSE"
2026-08-21 10:21:58.414,battery/status,"100.000000%"
2026-08-21 10:21:58.414,safety/suction_switch,"FALSE"
2026-08-21 10:21:58.418,odometry/filtered,"x:-1.310733, y:0.108240, yaw:0.417821, cov_xx:0.001979, cov_yy:0.002055"
2026-08-21 10:21:58.423,particle_cloud,"count:800, spread:0.139128"
2026-08-21 10:21:58.431,rated_current_left,"0.000000"
2026-08-21 10:21:58.431,rated_current_right,"0.000000"
2026-08-21 10:21:58.434,odometry/filtered,"x:-1.310768, y:0.108225, yaw:0.418317, cov_xx:0.001933, cov_yy:0.002005"
2026-08-21 10:21:58.462,rated_current_left,"0.000000"
2026-08-21 10:21:58.462,rated_current_right,"0.000000"
2026-08-21 10:21:58.465,safety/left_bumper,"FALSE"
2026-08-21 10:21:58.465,safety/right_bumper,"FALSE"
2026-08-21 10:21:58.465,safety/emergency_button,"FALSE"
2026-08-21 10:21:58.466,safety/suction_switch,"FALSE"
2026-08-21 10:21:58.475,odometry/filtered,"x:-1.310789, y:0.108215, yaw:0.418786, cov_xx:0.001931, cov_yy:0.002004"
2026-08-21 10:21:58.495,rated_current_left,"0.000000"
2026-08-21 10:21:58.495,rated_current_right,"0.000000"
2026-08-21 10:21:58.516,battery/status,"100.000000%"
2026-08-21 10:21:58.516,odometry/filtered,"x:-1.311226, y:0.108016, yaw:0.421550, cov_xx:0.001962, cov_yy:0.002037"
2026-08-21 10:21:58.516,safety/left_bumper,"FALSE"
2026-08-21 10:21:58.516,safety/right_bumper,"FALSE"
2026-08-21 10:21:58.516,safety/emergency_button,"FALSE"
2026-08-21 10:21:58.516,safety/suction_switch,"FALSE"
2026-08-21 10:21:58.528,rated_current_left,"0.000000"
2026-08-21 10:21:58.528,rated_current_right,"0.000000"
2026-08-21 10:21:58.536,odometry/filtered,"x:-1.311534, y:0.107875, yaw:0.422855, cov_xx:0.001935, cov_yy:0.002008"
2026-08-21 10:21:58.558,rated_current_left,"0.000000"
2026-08-21 10:21:58.558,rated_current_right,"0.000000"
2026-08-21 10:21:58.563,safety/emergency_button,"FALSE"
2026-08-21 10:21:58.565,safety/right_bumper,"FALSE"
2026-08-21 10:21:58.565,safety/left_bumper,"FALSE"
2026-08-21 10:21:58.565,safety/suction_switch,"FALSE"
2026-08-21 10:21:58.575,odometry/filtered,"x:-1.311789, y:0.107758, yaw:0.424086, cov_xx:0.001943, cov_yy:0.002016"
2026-08-21 10:21:58.590,rated_current_left,"0.000000"
2026-08-21 10:21:58.591,rated_current_right,"0.000000"
2026-08-21 10:21:58.597,odometry/filtered,"x:-1.311945, y:0.107686, yaw:0.424951, cov_xx:0.001950, cov_yy:0.002024"
2026-08-21 10:21:58.614,safety/right_bumper,"FALSE"
2026-08-21 10:21:58.614,safety/emergency_button,"FALSE"
2026-08-21 10:21:58.614,battery/status,"100.000000%"
2026-08-21 10:21:58.614,safety/left_bumper,"FALSE"
2026-08-21 10:21:58.614,safety/suction_switch,"FALSE"
2026-08-21 10:21:58.624,particle_cloud,"count:800, spread:0.137576"
2026-08-21 10:21:58.624,rated_current_left,"0.000000"
2026-08-21 10:21:58.624,rated_current_right,"0.000000"
2026-08-21 10:21:58.635,odometry/filtered,"x:-1.312039, y:0.107643, yaw:0.425759, cov_xx:0.001958, cov_yy:0.002032"
2026-08-21 10:21:58.654,rated_current_left,"0.000000"
2026-08-21 10:21:58.654,rated_current_right,"0.000000"
2026-08-21 10:21:58.666,safety/left_bumper,"FALSE"
2026-08-21 10:21:58.666,safety/right_bumper,"FALSE"
2026-08-21 10:21:58.666,safety/emergency_button,"FALSE"
2026-08-21 10:21:58.667,safety/suction_switch,"FALSE"
2026-08-21 10:21:58.675,odometry/filtered,"x:-1.312092, y:0.107618, yaw:0.426498, cov_xx:0.001947, cov_yy:0.002019"
2026-08-21 10:21:58.687,rated_current_left,"0.000000"
2026-08-21 10:21:58.688,rated_current_right,"0.000000"
2026-08-21 10:21:58.696,odometry/filtered,"x:-1.312291, y:0.107526, yaw:0.428098, cov_xx:0.001964, cov_yy:0.002038"
2026-08-21 10:21:58.715,battery/status,"100.000000%"
2026-08-21 10:21:58.715,safety/left_bumper,"FALSE"
2026-08-21 10:21:58.715,safety/right_bumper,"FALSE"
2026-08-21 10:21:58.715,safety/emergency_button,"FALSE"
2026-08-21 10:21:58.715,safety/suction_switch,"FALSE"
2026-08-21 10:21:58.720,rated_current_left,"0.000000"
2026-08-21 10:21:58.722,rated_current_right,"0.000000"
2026-08-21 10:21:58.735,odometry/filtered,"x:-1.312417, y:0.107467, yaw:0.429041, cov_xx:0.001971, cov_yy:0.002045"
2026-08-21 10:21:58.750,rated_current_left,"0.000000"
2026-08-21 10:21:58.750,rated_current_right,"0.000000"
2026-08-21 10:21:58.755,odometry/filtered,"x:-1.312483, y:0.107436, yaw:0.429785, cov_xx:0.001929, cov_yy:0.002000"
2026-08-21 10:21:58.765,safety/left_bumper,"FALSE"
2026-08-21 10:21:58.765,safety/right_bumper,"FALSE"
2026-08-21 10:21:58.765,safety/emergency_button,"FALSE"
2026-08-21 10:21:58.765,safety/suction_switch,"FALSE"
2026-08-21 10:21:58.783,rated_current_left,"0.000000"
2026-08-21 10:21:58.783,rated_current_right,"0.000000"
2026-08-21 10:21:58.803,robot_status,"ROBOT_STANDBY"
2026-08-21 10:21:58.803,odometry/filtered,"x:-1.312536, y:0.107412, yaw:0.430552, cov_xx:0.001964, cov_yy:0.002037"
2026-08-21 10:21:58.813,safety/emergency_button,"FALSE"
2026-08-21 10:21:58.813,battery/status,"100.000000%"
2026-08-21 10:21:58.813,safety/left_bumper,"FALSE"
2026-08-21 10:21:58.813,safety/right_bumper,"FALSE"
2026-08-21 10:21:58.813,safety/suction_switch,"FALSE"
2026-08-21 10:21:58.815,rated_current_left,"0.000000"
2026-08-21 10:21:58.816,rated_current_right,"0.000000"
2026-08-21 10:21:58.824,particle_cloud,"count:800, spread:0.142158"
2026-08-21 10:21:58.835,odometry/filtered,"x:-1.312560, y:0.107400, yaw:0.431222, cov_xx:0.001961, cov_yy:0.002033"
2026-08-21 10:21:58.845,rated_current_left,"0.000000"
2026-08-21 10:21:58.846,rated_current_right,"0.000000"
2026-08-21 10:21:58.855,odometry/filtered,"x:-1.312568, y:0.107396, yaw:0.431822, cov_xx:0.001931, cov_yy:0.002001"
2026-08-21 10:21:58.863,safety/emergency_button,"FALSE"
2026-08-21 10:21:58.863,safety/left_bumper,"FALSE"
2026-08-21 10:21:58.863,safety/right_bumper,"FALSE"
2026-08-21 10:21:58.864,safety/suction_switch,"FALSE"
2026-08-21 10:21:58.877,rated_current_left,"0.000000"
2026-08-21 10:21:58.877,rated_current_right,"0.000000"
2026-08-21 10:21:58.902,odometry/filtered,"x:-1.312570, y:0.107395, yaw:0.432384, cov_xx:0.001928, cov_yy:0.001998"
2026-08-21 10:21:58.910,rated_current_left,"0.000000"
2026-08-21 10:21:58.911,rated_current_right,"0.000000"
2026-08-21 10:21:58.916,safety/emergency_button,"FALSE"
2026-08-21 10:21:58.916,battery/status,"100.000000%"
2026-08-21 10:21:58.916,odometry/filtered,"x:-1.312570, y:0.107395, yaw:0.432929, cov_xx:0.001967, cov_yy:0.002040"
2026-08-21 10:21:58.916,safety/left_bumper,"FALSE"
2026-08-21 10:21:58.916,safety/right_bumper,"FALSE"
2026-08-21 10:21:58.916,safety/suction_switch,"FALSE"
2026-08-21 10:21:58.941,rated_current_left,"0.000000"
2026-08-21 10:21:58.941,rated_current_right,"0.000000"
2026-08-21 10:21:58.955,odometry/filtered,"x:-1.312561, y:0.107399, yaw:0.433402, cov_xx:0.001934, cov_yy:0.002004"
2026-08-21 10:21:58.966,safety/left_bumper,"FALSE"
2026-08-21 10:21:58.967,safety/right_bumper,"FALSE"
2026-08-21 10:21:58.967,safety/emergency_button,"FALSE"
2026-08-21 10:21:58.967,safety/suction_switch,"FALSE"
2026-08-21 10:21:58.976,rated_current_left,"0.000000"
2026-08-21 10:21:58.977,rated_current_right,"0.000000"
2026-08-21 10:21:58.995,odometry/filtered,"x:-1.312556, y:0.107402, yaw:0.433863, cov_xx:0.001962, cov_yy:0.002034"
2026-08-21 10:21:59.006,rated_current_left,"0.000000"
2026-08-21 10:21:59.006,rated_current_right,"0.000000"
2026-08-21 10:21:59.014,battery/status,"100.000000%"
2026-08-21 10:21:59.014,safety/left_bumper,"FALSE"
2026-08-21 10:21:59.014,safety/right_bumper,"FALSE"
2026-08-21 10:21:59.014,safety/emergency_button,"FALSE"
2026-08-21 10:21:59.014,safety/suction_switch,"FALSE"
2026-08-21 10:21:59.018,odometry/filtered,"x:-1.312546, y:0.107406, yaw:0.434277, cov_xx:0.001955, cov_yy:0.002027"
2026-08-21 10:21:59.023,particle_cloud,"count:800, spread:0.137826"
2026-08-21 10:21:59.039,rated_current_left,"0.000000"
2026-08-21 10:21:59.041,rated_current_right,"0.000000"
2026-08-21 10:21:59.055,odometry/filtered,"x:-1.312537, y:0.107410, yaw:0.434657, cov_xx:0.001951, cov_yy:0.002022"
2026-08-21 10:21:59.063,safety/left_bumper,"FALSE"
2026-08-21 10:21:59.063,safety/right_bumper,"FALSE"
2026-08-21 10:21:59.063,safety/emergency_button,"FALSE"
2026-08-21 10:21:59.063,safety/suction_switch,"FALSE"
2026-08-21 10:21:59.069,rated_current_left,"0.000000"
2026-08-21 10:21:59.070,rated_current_right,"0.000000"
2026-08-21 10:21:59.076,odometry/filtered,"x:-1.312528, y:0.107414, yaw:0.435004, cov_xx:0.001942, cov_yy:0.002013"
2026-08-21 10:21:59.101,rated_current_left,"0.000000"
2026-08-21 10:21:59.101,rated_current_right,"0.000000"
2026-08-21 10:21:59.114,battery/status,"100.000000%"
2026-08-21 10:21:59.114,safety/left_bumper,"FALSE"
2026-08-21 10:21:59.114,safety/right_bumper,"FALSE"
2026-08-21 10:21:59.114,safety/emergency_button,"FALSE"
2026-08-21 10:21:59.114,safety/suction_switch,"FALSE"
2026-08-21 10:21:59.115,odometry/filtered,"x:-1.312520, y:0.107418, yaw:0.435326, cov_xx:0.001948, cov_yy:0.002019"
2026-08-21 10:21:59.132,rated_current_left,"0.000000"
2026-08-21 10:21:59.133,rated_current_right,"0.000000"
2026-08-21 10:21:59.135,odometry/filtered,"x:-1.312512, y:0.107422, yaw:0.435618, cov_xx:0.001942, cov_yy:0.002012"
2026-08-21 10:21:59.163,safety/emergency_button,"FALSE"
2026-08-21 10:21:59.163,safety/left_bumper,"FALSE"
2026-08-21 10:21:59.163,safety/right_bumper,"FALSE"
2026-08-21 10:21:59.163,safety/suction_switch,"FALSE"
2026-08-21 10:21:59.165,rated_current_left,"0.000000"
2026-08-21 10:21:59.166,rated_current_right,"0.000000"
2026-08-21 10:21:59.174,odometry/filtered,"x:-1.312505, y:0.107425, yaw:0.435893, cov_xx:0.001958, cov_yy:0.002029"
2026-08-21 10:21:59.196,rated_current_left,"0.000000"
2026-08-21 10:21:59.196,rated_current_right,"0.000000"
2026-08-21 10:21:59.216,battery/status,"100.000000%"
2026-08-21 10:21:59.216,safety/left_bumper,"FALSE"
2026-08-21 10:21:59.216,safety/right_bumper,"FALSE"
2026-08-21 10:21:59.217,safety/emergency_button,"FALSE"
2026-08-21 10:21:59.217,safety/suction_switch,"FALSE"
2026-08-21 10:21:59.218,odometry/filtered,"x:-1.312498, y:0.107428, yaw:0.436137, cov_xx:0.001946, cov_yy:0.002016"
2026-08-21 10:21:59.224,particle_cloud,"count:800, spread:0.141219"
2026-08-21 10:21:59.229,rated_current_left,"0.000000"
2026-08-21 10:21:59.231,rated_current_right,"0.000000"
2026-08-21 10:21:59.234,odometry/filtered,"x:-1.312492, y:0.107431, yaw:0.436367, cov_xx:0.001960, cov_yy:0.002031"
2026-08-21 10:21:59.261,rated_current_left,"0.000000"
2026-08-21 10:21:59.261,rated_current_right,"0.000000"
2026-08-21 10:21:59.264,safety/left_bumper,"FALSE"
2026-08-21 10:21:59.264,safety/right_bumper,"FALSE"
2026-08-21 10:21:59.265,safety/emergency_button,"FALSE"
2026-08-21 10:21:59.265,safety/suction_switch,"FALSE"
2026-08-21 10:21:59.275,odometry/filtered,"x:-1.312486, y:0.107434, yaw:0.436573, cov_xx:0.001955, cov_yy:0.002026"
2026-08-21 10:21:59.293,rated_current_left,"0.000000"
2026-08-21 10:21:59.295,robot_status,"ROBOT_STANDBY"
2026-08-21 10:21:59.295,rated_current_right,"0.000000"
2026-08-21 10:21:59.313,safety/emergency_button,"FALSE"
2026-08-21 10:21:59.313,battery/status,"100.000000%"
2026-08-21 10:21:59.313,safety/left_bumper,"FALSE"
2026-08-21 10:21:59.313,safety/right_bumper,"FALSE"
2026-08-21 10:21:59.313,safety/suction_switch,"FALSE"
2026-08-21 10:21:59.316,odometry/filtered,"x:-1.313404, y:0.106996, yaw:0.442909, cov_xx:0.001962, cov_yy:0.002034"
2026-08-21 10:21:59.325,rated_current_left,"0.000000"
2026-08-21 10:21:59.325,rated_current_right,"0.000000"
2026-08-21 10:21:59.335,odometry/filtered,"x:-1.313921, y:0.106748, yaw:0.443951, cov_xx:0.001957, cov_yy:0.002027"
2026-08-21 10:21:59.356,rated_current_left,"0.000000"
2026-08-21 10:21:59.357,rated_current_right,"0.000000"
2026-08-21 10:21:59.363,safety/emergency_button,"FALSE"
2026-08-21 10:21:59.365,safety/right_bumper,"FALSE"
2026-08-21 10:21:59.365,safety/left_bumper,"FALSE"
2026-08-21 10:21:59.365,safety/suction_switch,"FALSE"
2026-08-21 10:21:59.374,odometry/filtered,"x:-1.314256, y:0.106587, yaw:0.444975, cov_xx:0.001938, cov_yy:0.002007"
2026-08-21 10:21:59.389,rated_current_left,"0.000000"
2026-08-21 10:21:59.389,rated_current_right,"0.000000"
2026-08-21 10:21:59.397,odometry/filtered,"x:-1.314471, y:0.106484, yaw:0.445895, cov_xx:0.001958, cov_yy:0.002028"
2026-08-21 10:21:59.413,safety/emergency_button,"FALSE"
2026-08-21 10:21:59.413,safety/right_bumper,"FALSE"
2026-08-21 10:21:59.413,battery/status,"100.000000%"
2026-08-21 10:21:59.413,safety/left_bumper,"FALSE"
2026-08-21 10:21:59.413,safety/suction_switch,"FALSE"
2026-08-21 10:21:59.421,rated_current_left,"0.000000"
2026-08-21 10:21:59.421,rated_current_right,"0.000000"
2026-08-21 10:21:59.423,particle_cloud,"count:800, spread:0.141617"
2026-08-21 10:21:59.434,odometry/filtered,"x:-1.314599, y:0.106422, yaw:0.446734, cov_xx:0.001954, cov_yy:0.002024"
2026-08-21 10:21:59.452,rated_current_left,"0.000000"
2026-08-21 10:21:59.452,rated_current_right,"0.000000"
2026-08-21 10:21:59.454,odometry/filtered,"x:-1.314666, y:0.106390, yaw:0.447507, cov_xx:0.001943, cov_yy:0.002012"
2026-08-21 10:21:59.464,safety/emergency_button,"FALSE"
2026-08-21 10:21:59.464,safety/left_bumper,"FALSE"
2026-08-21 10:21:59.464,safety/right_bumper,"FALSE"
2026-08-21 10:21:59.464,safety/suction_switch,"FALSE"
2026-08-21 10:21:59.485,rated_current_left,"0.000000"
2026-08-21 10:21:59.485,rated_current_right,"0.000000"
2026-08-21 10:21:59.494,odometry/filtered,"x:-1.314704, y:0.106372, yaw:0.448223, cov_xx:0.001947, cov_yy:0.002016"
2026-08-21 10:21:59.512,safety/emergency_button,"FALSE"
2026-08-21 10:21:59.523,battery/status,"100.000000%"
2026-08-21 10:21:59.523,safety/left_bumper,"FALSE"
2026-08-21 10:21:59.523,safety/right_bumper,"FALSE"
2026-08-21 10:21:59.523,safety/suction_switch,"FALSE"
2026-08-21 10:21:59.523,rated_current_left,"0.000000"
2026-08-21 10:21:59.523,rated_current_right,"0.000000"
2026-08-21 10:21:59.535,odometry/filtered,"x:-1.314725, y:0.106362, yaw:0.448903, cov_xx:0.001970, cov_yy:0.002040"
2026-08-21 10:21:59.548,rated_current_left,"0.000000"
2026-08-21 10:21:59.548,rated_current_right,"0.000000"
2026-08-21 10:21:59.554,odometry/filtered,"x:-1.314721, y:0.106363, yaw:0.449528, cov_xx:0.001943, cov_yy:0.002011"
2026-08-21 10:21:59.563,safety/emergency_button,"FALSE"
2026-08-21 10:21:59.563,safety/right_bumper,"FALSE"
2026-08-21 10:21:59.563,safety/left_bumper,"FALSE"
2026-08-21 10:21:59.563,safety/suction_switch,"FALSE"
2026-08-21 10:21:59.580,rated_current_left,"0.000000"
2026-08-21 10:21:59.580,rated_current_right,"0.000000"
2026-08-21 10:21:59.595,odometry/filtered,"x:-1.314716, y:0.106366, yaw:0.450094, cov_xx:0.001948, cov_yy:0.002017"
2026-08-21 10:21:59.604,mcl_pose,"x:3.883629, y:2.078941"
2026-08-21 10:21:59.613,safety/emergency_button,"FALSE"
2026-08-21 10:21:59.613,safety/left_bumper,"FALSE"
2026-08-21 10:21:59.613,safety/right_bumper,"FALSE"
2026-08-21 10:21:59.613,safety/suction_switch,"FALSE"
2026-08-21 10:21:59.613,battery/status,"100.000000%"
2026-08-21 10:21:59.618,rated_current_left,"0.000000"
2026-08-21 10:21:59.618,rated_current_right,"0.000000"
2026-08-21 10:21:59.622,particle_cloud,"count:800, spread:0.155259"
2026-08-21 10:21:59.635,odometry/filtered,"x:-1.314715, y:0.106366, yaw:0.450679, cov_xx:0.002035, cov_yy:0.002109"
2026-08-21 10:21:59.643,rated_current_left,"0.000000"
2026-08-21 10:21:59.644,rated_current_right,"0.000000"
2026-08-21 10:21:59.654,odometry/filtered,"x:-1.314692, y:0.106377, yaw:0.451083, cov_xx:0.001892, cov_yy:0.001957"
2026-08-21 10:21:59.663,safety/left_bumper,"FALSE"
2026-08-21 10:21:59.663,safety/right_bumper,"FALSE"
2026-08-21 10:21:59.663,safety/emergency_button,"FALSE"
2026-08-21 10:21:59.663,safety/suction_switch,"FALSE"
2026-08-21 10:21:59.676,rated_current_left,"0.000000"
2026-08-21 10:21:59.676,rated_current_right,"0.000000"
2026-08-21 10:21:59.695,odometry/filtered,"x:-1.314685, y:0.106381, yaw:0.451530, cov_xx:0.001941, cov_yy:0.002008"
2026-08-21 10:21:59.710,rated_current_left,"0.000000"
2026-08-21 10:21:59.710,rated_current_right,"0.000000"
2026-08-21 10:21:59.713,safety/emergency_button,"FALSE"
2026-08-21 10:21:59.713,battery/status,"100.000000%"
2026-08-21 10:21:59.713,safety/left_bumper,"FALSE"
2026-08-21 10:21:59.713,safety/right_bumper,"FALSE"
2026-08-21 10:21:59.713,safety/suction_switch,"FALSE"
2026-08-21 10:21:59.714,odometry/filtered,"x:-1.314677, y:0.106385, yaw:0.451956, cov_xx:0.001989, cov_yy:0.002060"
2026-08-21 10:21:59.742,rated_current_left,"0.000000"
2026-08-21 10:21:59.743,rated_current_right,"0.000000"
2026-08-21 10:21:59.755,odometry/filtered,"x:-1.314662, y:0.106392, yaw:0.452289, cov_xx:0.001920, cov_yy:0.001986"
2026-08-21 10:21:59.762,safety/emergency_button,"FALSE"
2026-08-21 10:21:59.763,safety/left_bumper,"FALSE"
2026-08-21 10:21:59.763,safety/right_bumper,"FALSE"
2026-08-21 10:21:59.763,safety/suction_switch,"FALSE"
2026-08-21 10:21:59.772,rated_current_left,"0.000000"
2026-08-21 10:21:59.773,rated_current_right,"0.000000"
2026-08-21 10:21:59.774,odometry/filtered,"x:-1.314653, y:0.106396, yaw:0.452626, cov_xx:0.001945, cov_yy:0.002013"
2026-08-21 10:21:59.797,robot_status,"ROBOT_STANDBY"
2026-08-21 10:21:59.804,rated_current_left,"0.000000"
2026-08-21 10:21:59.804,rated_current_right,"0.000000"
2026-08-21 10:21:59.813,safety/left_bumper,"FALSE"
2026-08-21 10:21:59.813,safety/right_bumper,"FALSE"
2026-08-21 10:21:59.813,safety/emergency_button,"FALSE"
2026-08-21 10:21:59.813,safety/suction_switch,"FALSE"
2026-08-21 10:21:59.814,battery/status,"100.000000%"
2026-08-21 10:21:59.815,odometry/filtered,"x:-1.314644, y:0.106401, yaw:0.452932, cov_xx:0.001956, cov_yy:0.002025"
2026-08-21 10:21:59.822,particle_cloud,"count:800, spread:0.151070"
2026-08-21 10:21:59.836,rated_current_left,"0.000000"
2026-08-21 10:21:59.836,rated_current_right,"0.000000"
2026-08-21 10:21:59.854,odometry/filtered,"x:-1.314634, y:0.106406, yaw:0.453200, cov_xx:0.001942, cov_yy:0.002009"
2026-08-21 10:21:59.863,safety/emergency_button,"FALSE"
2026-08-21 10:21:59.863,safety/left_bumper,"FALSE"
2026-08-21 10:21:59.863,safety/right_bumper,"FALSE"
2026-08-21 10:21:59.863,safety/suction_switch,"FALSE"
2026-08-21 10:21:59.869,rated_current_left,"0.000000"
2026-08-21 10:21:59.869,rated_current_right,"0.000000"
2026-08-21 10:21:59.875,odometry/filtered,"x:-1.314626, y:0.106409, yaw:0.453461, cov_xx:0.001972, cov_yy:0.002041"
2026-08-21 10:21:59.901,rated_current_left,"0.000000"
2026-08-21 10:21:59.901,rated_current_right,"0.000000"
2026-08-21 10:21:59.913,safety/left_bumper,"FALSE"
2026-08-21 10:21:59.913,safety/right_bumper,"FALSE"
2026-08-21 10:21:59.913,safety/emergency_button,"FALSE"
2026-08-21 10:21:59.913,safety/suction_switch,"FALSE"
2026-08-21 10:21:59.915,odometry/filtered,"x:-1.314624, y:0.106411, yaw:0.453720, cov_xx:0.001970, cov_yy:0.002039"
2026-08-21 10:21:59.916,battery/status,"100.000000%"
2026-08-21 10:21:59.933,rated_current_left,"0.000000"
2026-08-21 10:21:59.934,rated_current_right,"0.000000"
2026-08-21 10:21:59.934,odometry/filtered,"x:-1.314618, y:0.106413, yaw:0.453915, cov_xx:0.001933, cov_yy:0.002000"
2026-08-21 10:21:59.962,safety/emergency_button,"FALSE"
2026-08-21 10:21:59.963,safety/left_bumper,"FALSE"
2026-08-21 10:21:59.963,safety/right_bumper,"FALSE"
2026-08-21 10:21:59.963,safety/suction_switch,"FALSE"
2026-08-21 10:21:59.963,rated_current_left,"0.000000"
2026-08-21 10:21:59.963,rated_current_right,"0.000000"
2026-08-21 10:21:59.974,odometry/filtered,"x:-1.314614, y:0.106415, yaw:0.454110, cov_xx:0.001963, cov_yy:0.002031"
2026-08-21 10:21:59.996,rated_current_left,"0.000000"
2026-08-21 10:21:59.996,rated_current_right,"0.000000"
2026-08-21 10:22:00.012,safety/right_bumper,"FALSE"
2026-08-21 10:22:00.012,safety/emergency_button,"FALSE"
2026-08-21 10:22:00.013,battery/status,"100.000000%"
2026-08-21 10:22:00.013,safety/left_bumper,"FALSE"
2026-08-21 10:22:00.013,safety/suction_switch,"FALSE"
2026-08-21 10:22:00.016,odometry/filtered,"x:-1.314609, y:0.106418, yaw:0.454272, cov_xx:0.001943, cov_yy:0.002010"
2026-08-21 10:22:00.022,particle_cloud,"count:800, spread:0.145078"
2026-08-21 10:22:00.028,rated_current_left,"0.000000"
2026-08-21 10:22:00.028,rated_current_right,"0.000000"
2026-08-21 10:22:00.034,odometry/filtered,"x:-1.314604, y:0.106420, yaw:0.454422, cov_xx:0.001948, cov_yy:0.002016"
2026-08-21 10:22:00.059,rated_current_left,"0.000000"
2026-08-21 10:22:00.060,rated_current_right,"0.000000"
2026-08-21 10:22:00.065,safety/left_bumper,"FALSE"
2026-08-21 10:22:00.065,safety/right_bumper,"FALSE"
2026-08-21 10:22:00.065,safety/emergency_button,"FALSE"
2026-08-21 10:22:00.065,safety/suction_switch,"FALSE"
2026-08-21 10:22:00.075,odometry/filtered,"x:-1.314599, y:0.106422, yaw:0.454555, cov_xx:0.001947, cov_yy:0.002015"
2026-08-21 10:22:00.093,rated_current_left,"0.000000"
2026-08-21 10:22:00.093,rated_current_right,"0.000000"
2026-08-21 10:22:00.094,odometry/filtered,"x:-1.314595, y:0.106424, yaw:0.454681, cov_xx:0.001972, cov_yy:0.002041"
2026-08-21 10:22:00.113,battery/status,"100.000000%"
2026-08-21 10:22:00.113,safety/left_bumper,"FALSE"
2026-08-21 10:22:00.113,safety/right_bumper,"FALSE"
2026-08-21 10:22:00.113,safety/emergency_button,"FALSE"
2026-08-21 10:22:00.113,safety/suction_switch,"FALSE"
2026-08-21 10:22:00.123,rated_current_left,"0.000000"
2026-08-21 10:22:00.123,rated_current_right,"0.000000"
2026-08-21 10:22:00.134,odometry/filtered,"x:-1.314584, y:0.106430, yaw:0.454746, cov_xx:0.001937, cov_yy:0.002003"
2026-08-21 10:22:00.155,rated_current_left,"0.000000"
2026-08-21 10:22:00.155,rated_current_right,"0.000000"
2026-08-21 10:22:00.163,safety/emergency_button,"FALSE"
2026-08-21 10:22:00.163,safety/left_bumper,"FALSE"
2026-08-21 10:22:00.163,safety/right_bumper,"FALSE"
2026-08-21 10:22:00.163,safety/suction_switch,"FALSE"
2026-08-21 10:22:00.175,odometry/filtered,"x:-1.314577, y:0.106433, yaw:0.454832, cov_xx:0.001944, cov_yy:0.002011"
2026-08-21 10:22:00.196,rated_current_left,"0.000000"
2026-08-21 10:22:00.196,rated_current_right,"0.000000"
2026-08-21 10:22:00.213,battery/status,"100.000000%"
2026-08-21 10:22:00.215,safety/left_bumper,"FALSE"
2026-08-21 10:22:00.215,safety/right_bumper,"FALSE"
2026-08-21 10:22:00.216,safety/emergency_button,"FALSE"
2026-08-21 10:22:00.216,safety/suction_switch,"FALSE"
2026-08-21 10:22:00.216,odometry/filtered,"x:-1.314574, y:0.106435, yaw:0.454943, cov_xx:0.002072, cov_yy:0.002147"
2026-08-21 10:22:00.221,rated_current_left,"0.000000"
2026-08-21 10:22:00.223,rated_current_right,"0.000000"
2026-08-21 10:22:00.227,particle_cloud,"count:800, spread:0.143157"
2026-08-21 10:22:00.236,odometry/filtered,"x:-1.314565, y:0.106439, yaw:0.454971, cov_xx:0.001877, cov_yy:0.001939"
2026-08-21 10:22:00.250,rated_current_left,"0.000000"
2026-08-21 10:22:00.250,rated_current_right,"0.000000"
2026-08-21 10:22:00.254,odometry/filtered,"x:-1.314562, y:0.106441, yaw:0.455023, cov_xx:0.001903, cov_yy:0.001967"
2026-08-21 10:22:00.262,safety/left_bumper,"FALSE"
2026-08-21 10:22:00.263,safety/right_bumper,"FALSE"
2026-08-21 10:22:00.263,safety/emergency_button,"FALSE"
2026-08-21 10:22:00.263,safety/suction_switch,"FALSE"
2026-08-21 10:22:00.283,rated_current_left,"0.000000"
2026-08-21 10:22:00.283,rated_current_right,"0.000000"
2026-08-21 10:22:00.297,robot_status,"ROBOT_STANDBY"
2026-08-21 10:22:00.297,odometry/filtered,"x:-1.314560, y:0.106441, yaw:0.455089, cov_xx:0.002009, cov_yy:0.002080"
2026-08-21 10:22:00.313,battery/status,"100.000000%"
2026-08-21 10:22:00.313,safety/left_bumper,"FALSE"
2026-08-21 10:22:00.313,safety/right_bumper,"FALSE"
2026-08-21 10:22:00.313,safety/emergency_button,"FALSE"
2026-08-21 10:22:00.313,safety/suction_switch,"FALSE"
2026-08-21 10:22:00.315,rated_current_left,"0.000000"
2026-08-21 10:22:00.315,rated_current_right,"0.000000"
2026-08-21 10:22:00.335,odometry/filtered,"x:-1.314530, y:0.106456, yaw:0.454927, cov_xx:0.001917, cov_yy:0.001982"
2026-08-21 10:22:00.346,rated_current_left,"0.000000"
2026-08-21 10:22:00.347,rated_current_right,"0.000000"
2026-08-21 10:22:00.354,odometry/filtered,"x:-1.314523, y:0.106459, yaw:0.454860, cov_xx:0.001937, cov_yy:0.002004"
2026-08-21 10:22:00.364,safety/left_bumper,"FALSE"
2026-08-21 10:22:00.364,safety/right_bumper,"FALSE"
2026-08-21 10:22:00.364,safety/emergency_button,"FALSE"
2026-08-21 10:22:00.364,safety/suction_switch,"FALSE"
2026-08-21 10:22:00.380,rated_current_left,"0.000000"
2026-08-21 10:22:00.380,rated_current_right,"0.000000"
2026-08-21 10:22:00.396,odometry/filtered,"x:-1.314518, y:0.106462, yaw:0.454846, cov_xx:0.001951, cov_yy:0.002018"
2026-08-21 10:22:00.410,rated_current_left,"0.000000"
2026-08-21 10:22:00.411,rated_current_right,"0.000000"
2026-08-21 10:22:00.413,battery/status,"100.000000%"
2026-08-21 10:22:00.413,safety/left_bumper,"FALSE"
2026-08-21 10:22:00.413,safety/right_bumper,"FALSE"
2026-08-21 10:22:00.413,safety/emergency_button,"FALSE"
2026-08-21 10:22:00.413,safety/suction_switch,"FALSE"
2026-08-21 10:22:00.415,odometry/filtered,"x:-1.314520, y:0.106461, yaw:0.454678, cov_xx:0.001937, cov_yy:0.002004"
2026-08-21 10:22:00.422,particle_cloud,"count:800, spread:0.151971"
2026-08-21 10:22:00.442,rated_current_left,"0.000000"
2026-08-21 10:22:00.442,rated_current_right,"0.000000"
2026-08-21 10:22:00.454,odometry/filtered,"x:-1.314521, y:0.106460, yaw:0.454633, cov_xx:0.001949, cov_yy:0.002017"
2026-08-21 10:22:00.463,safety/emergency_button,"FALSE"
2026-08-21 10:22:00.463,safety/left_bumper,"FALSE"
2026-08-21 10:22:00.463,safety/right_bumper,"FALSE"
2026-08-21 10:22:00.463,safety/suction_switch,"FALSE"
2026-08-21 10:22:00.474,rated_current_left,"0.000000"
2026-08-21 10:22:00.474,rated_current_right,"0.000000"
2026-08-21 10:22:00.495,odometry/filtered,"x:-1.314493, y:0.106474, yaw:0.454373, cov_xx:0.001952, cov_yy:0.002020"
2026-08-21 10:22:00.508,rated_current_left,"0.000000"
2026-08-21 10:22:00.508,rated_current_right,"0.000000"
2026-08-21 10:22:00.513,battery/status,"100.000000%"
2026-08-21 10:22:00.513,safety/left_bumper,"FALSE"
2026-08-21 10:22:00.513,safety/right_bumper,"FALSE"
2026-08-21 10:22:00.513,safety/emergency_button,"FALSE"
2026-08-21 10:22:00.513,safety/suction_switch,"FALSE"
2026-08-21 10:22:00.515,odometry/filtered,"x:-1.314477, y:0.106482, yaw:0.454289, cov_xx:0.001971, cov_yy:0.002040"
2026-08-21 10:22:00.538,rated_current_left,"0.000000"
2026-08-21 10:22:00.539,rated_current_right,"0.000000"
2026-08-21 10:22:00.558,odometry/filtered,"x:-1.314466, y:0.106487, yaw:0.454205, cov_xx:0.001945, cov_yy:0.002012"
2026-08-21 10:22:00.563,safety/left_bumper,"FALSE"
2026-08-21 10:22:00.563,safety/right_bumper,"FALSE"
2026-08-21 10:22:00.563,safety/emergency_button,"FALSE"
2026-08-21 10:22:00.563,safety/suction_switch,"FALSE"
2026-08-21 10:22:00.571,rated_current_left,"0.000000"
2026-08-21 10:22:00.571,rated_current_right,"0.000000"
2026-08-21 10:22:00.575,odometry/filtered,"x:-1.314459, y:0.106491, yaw:0.454124, cov_xx:0.001952, cov_yy:0.002019"
2026-08-21 10:22:00.602,rated_current_left,"0.000000"
2026-08-21 10:22:00.603,rated_current_right,"0.000000"
2026-08-21 10:22:00.612,safety/right_bumper,"FALSE"
2026-08-21 10:22:00.613,safety/emergency_button,"FALSE"
2026-08-21 10:22:00.613,battery/status,"100.000000%"
2026-08-21 10:22:00.613,safety/left_bumper,"FALSE"
2026-08-21 10:22:00.613,safety/suction_switch,"FALSE"
2026-08-21 10:22:00.615,odometry/filtered,"x:-1.314454, y:0.106493, yaw:0.454046, cov_xx:0.001958, cov_yy:0.002026"
2026-08-21 10:22:00.623,particle_cloud,"count:800, spread:0.152847"
2026-08-21 10:22:00.634,rated_current_left,"0.000000"
2026-08-21 10:22:00.634,rated_current_right,"0.000000"
2026-08-21 10:22:00.654,odometry/filtered,"x:-1.314361, y:0.106538, yaw:0.453471, cov_xx:0.001942, cov_yy:0.002009"
2026-08-21 10:22:00.662,safety/emergency_button,"FALSE"
2026-08-21 10:22:00.663,safety/left_bumper,"FALSE"
2026-08-21 10:22:00.663,safety/right_bumper,"FALSE"
2026-08-21 10:22:00.663,safety/suction_switch,"FALSE"
2026-08-21 10:22:00.667,rated_current_left,"0.000000"
2026-08-21 10:22:00.669,rated_current_right,"0.000000"
2026-08-21 10:22:00.675,odometry/filtered,"x:-1.314307, y:0.106564, yaw:0.453310, cov_xx:0.001971, cov_yy:0.002040"
2026-08-21 10:22:00.697,rated_current_left,"0.000000"
2026-08-21 10:22:00.700,rated_current_right,"0.000000"
2026-08-21 10:22:00.713,safety/right_bumper,"FALSE"
2026-08-21 10:22:00.727,safety/emergency_button,"FALSE"
2026-08-21 10:22:00.727,battery/status,"100.000000%"
2026-08-21 10:22:00.727,odometry/filtered,"x:-1.314274, y:0.106581, yaw:0.453159, cov_xx:0.001931, cov_yy:0.001997"
2026-08-21 10:22:00.727,safety/left_bumper,"FALSE"
2026-08-21 10:22:00.727,safety/suction_switch,"FALSE"
2026-08-21 10:22:00.731,rated_current_left,"0.000000"
2026-08-21 10:22:00.731,rated_current_right,"0.000000"
2026-08-21 10:22:00.735,odometry/filtered,"x:-1.314252, y:0.106591, yaw:0.453014, cov_xx:0.001956, cov_yy:0.002025"
2026-08-21 10:22:00.762,rated_current_left,"0.000000"
2026-08-21 10:22:00.763,safety/right_bumper,"FALSE"
2026-08-21 10:22:00.763,safety/emergency_button,"FALSE"
2026-08-21 10:22:00.763,rated_current_right,"0.000000"
2026-08-21 10:22:00.763,safety/left_bumper,"FALSE"
2026-08-21 10:22:00.763,safety/suction_switch,"FALSE"
2026-08-21 10:22:00.776,odometry/filtered,"x:-1.314249, y:0.106593, yaw:0.452931, cov_xx:0.001960, cov_yy:0.002029"
2026-08-21 10:22:00.795,robot_status,"ROBOT_STANDBY"
2026-08-21 10:22:00.796,rated_current_left,"0.000000"
2026-08-21 10:22:00.797,rated_current_right,"0.000000"
2026-08-21 10:22:00.813,battery/status,"100.000000%"
2026-08-21 10:22:00.813,safety/left_bumper,"FALSE"
2026-08-21 10:22:00.813,safety/right_bumper,"FALSE"
2026-08-21 10:22:00.813,safety/emergency_button,"FALSE"
2026-08-21 10:22:00.813,safety/suction_switch,"FALSE"
2026-08-21 10:22:00.816,odometry/filtered,"x:-1.314246, y:0.106594, yaw:0.452809, cov_xx:0.002030, cov_yy:0.002103"
2026-08-21 10:22:00.823,particle_cloud,"count:800, spread:0.155042"
2026-08-21 10:22:00.825,rated_current_left,"0.000000"
2026-08-21 10:22:00.825,rated_current_right,"0.000000"
2026-08-21 10:22:00.834,odometry/filtered,"x:-1.314245, y:0.106594, yaw:0.452697, cov_xx:0.001897, cov_yy:0.001961"
2026-08-21 10:22:00.858,rated_current_left,"0.000000"
2026-08-21 10:22:00.858,rated_current_right,"0.000000"
2026-08-21 10:22:00.862,safety/emergency_button,"FALSE"
2026-08-21 10:22:00.863,safety/left_bumper,"FALSE"
2026-08-21 10:22:00.863,safety/right_bumper,"FALSE"
2026-08-21 10:22:00.863,safety/suction_switch,"FALSE"
2026-08-21 10:22:00.875,odometry/filtered,"x:-1.314245, y:0.106595, yaw:0.452588, cov_xx:0.001946, cov_yy:0.002014"
2026-08-21 10:22:00.889,rated_current_left,"0.000000"
2026-08-21 10:22:00.890,rated_current_right,"0.000000"
2026-08-21 10:22:00.895,odometry/filtered,"x:-1.314245, y:0.106594, yaw:0.452487, cov_xx:0.001938, cov_yy:0.002005"
2026-08-21 10:22:00.912,safety/emergency_button,"FALSE"
2026-08-21 10:22:00.913,battery/status,"100.000000%"
2026-08-21 10:22:00.913,safety/left_bumper,"FALSE"
2026-08-21 10:22:00.913,safety/right_bumper,"FALSE"
2026-08-21 10:22:00.913,safety/suction_switch,"FALSE"
2026-08-21 10:22:00.921,rated_current_left,"0.000000"
2026-08-21 10:22:00.922,rated_current_right,"0.000000"
2026-08-21 10:22:00.935,odometry/filtered,"x:-1.314246, y:0.106594, yaw:0.452390, cov_xx:0.001949, cov_yy:0.002017"
2026-08-21 10:22:00.953,rated_current_left,"0.000000"
2026-08-21 10:22:00.953,rated_current_right,"0.000000"
2026-08-21 10:22:00.963,safety/emergency_button,"FALSE"
2026-08-21 10:22:00.963,safety/left_bumper,"FALSE"
2026-08-21 10:22:00.963,safety/right_bumper,"FALSE"
2026-08-21 10:22:00.963,safety/suction_switch,"FALSE"
2026-08-21 10:22:00.974,odometry/filtered,"x:-1.314246, y:0.106594, yaw:0.452299, cov_xx:0.001947, cov_yy:0.002015"
2026-08-21 10:22:00.985,rated_current_left,"0.000000"
2026-08-21 10:22:00.987,rated_current_right,"0.000000"
2026-08-21 10:22:00.994,odometry/filtered,"x:-1.314247, y:0.106593, yaw:0.452212, cov_xx:0.001951, cov_yy:0.002019"
2026-08-21 10:22:01.012,safety/emergency_button,"FALSE"
2026-08-21 10:22:01.013,safety/right_bumper,"FALSE"
2026-08-21 10:22:01.019,battery/status,"100.000000%"
2026-08-21 10:22:01.020,safety/left_bumper,"FALSE"
2026-08-21 10:22:01.020,safety/suction_switch,"FALSE"
2026-08-21 10:22:01.020,rated_current_left,"0.000000"
2026-08-21 10:22:01.020,rated_current_right,"0.000000"
2026-08-21 10:22:01.022,particle_cloud,"count:800, spread:0.152465"
2026-08-21 10:22:01.035,odometry/filtered,"x:-1.314248, y:0.106593, yaw:0.452130, cov_xx:0.001958, cov_yy:0.002027"
2026-08-21 10:22:01.049,rated_current_left,"0.000000"
2026-08-21 10:22:01.050,rated_current_right,"0.000000"
2026-08-21 10:22:01.054,odometry/filtered,"x:-1.314249, y:0.106593, yaw:0.452053, cov_xx:0.001955, cov_yy:0.002023"
2026-08-21 10:22:01.063,safety/left_bumper,"FALSE"
2026-08-21 10:22:01.063,safety/right_bumper,"FALSE"
2026-08-21 10:22:01.063,safety/emergency_button,"FALSE"
2026-08-21 10:22:01.063,safety/suction_switch,"FALSE"
2026-08-21 10:22:01.083,rated_current_left,"0.000000"
2026-08-21 10:22:01.083,rated_current_right,"0.000000"
2026-08-21 10:22:01.096,odometry/filtered,"x:-1.314249, y:0.106592, yaw:0.451980, cov_xx:0.001943, cov_yy:0.002010"
2026-08-21 10:22:01.113,safety/emergency_button,"FALSE"
2026-08-21 10:22:01.113,battery/status,"100.000000%"
2026-08-21 10:22:01.113,safety/left_bumper,"FALSE"
2026-08-21 10:22:01.113,safety/right_bumper,"FALSE"
2026-08-21 10:22:01.113,safety/suction_switch,"FALSE"
2026-08-21 10:22:01.114,rated_current_left,"0.000000"
2026-08-21 10:22:01.114,rated_current_right,"0.000000"
2026-08-21 10:22:01.135,odometry/filtered,"x:-1.314250, y:0.106592, yaw:0.451911, cov_xx:0.001960, cov_yy:0.002029"
2026-08-21 10:22:01.145,rated_current_left,"0.000000"
2026-08-21 10:22:01.145,rated_current_right,"0.000000"
2026-08-21 10:22:01.156,odometry/filtered,"x:-1.314235, y:0.106599, yaw:0.451761, cov_xx:0.001953, cov_yy:0.002021"
2026-08-21 10:22:01.162,safety/emergency_button,"FALSE"
2026-08-21 10:22:01.163,safety/right_bumper,"FALSE"
2026-08-21 10:22:01.163,safety/left_bumper,"FALSE"
2026-08-21 10:22:01.163,safety/suction_switch,"FALSE"
2026-08-21 10:22:01.178,rated_current_left,"0.000000"
2026-08-21 10:22:01.180,rated_current_right,"0.000000"
2026-08-21 10:22:01.197,odometry/filtered,"x:-1.314227, y:0.106603, yaw:0.451685, cov_xx:0.001968, cov_yy:0.002037"
2026-08-21 10:22:01.209,rated_current_left,"0.000000"
2026-08-21 10:22:01.210,rated_current_right,"0.000000"
2026-08-21 10:22:01.212,safety/emergency_button,"FALSE"
2026-08-21 10:22:01.213,battery/status,"100.000000%"
2026-08-21 10:22:01.213,safety/left_bumper,"FALSE"
2026-08-21 10:22:01.213,safety/right_bumper,"FALSE"
2026-08-21 10:22:01.214,safety/suction_switch,"FALSE"
2026-08-21 10:22:01.216,odometry/filtered,"x:-1.314222, y:0.106606, yaw:0.451612, cov_xx:0.001972, cov_yy:0.002041"
2026-08-21 10:22:01.222,particle_cloud,"count:800, spread:0.146064"
2026-08-21 10:22:01.242,rated_current_left,"0.000000"
2026-08-21 10:22:01.242,rated_current_right,"0.000000"
2026-08-21 10:22:01.255,odometry/filtered,"x:-1.314219, y:0.106607, yaw:0.451546, cov_xx:0.001926, cov_yy:0.001992"
2026-08-21 10:22:01.263,safety/emergency_button,"FALSE"
2026-08-21 10:22:01.263,safety/left_bumper,"FALSE"
2026-08-21 10:22:01.263,safety/right_bumper,"FALSE"
2026-08-21 10:22:01.263,safety/suction_switch,"FALSE"
2026-08-21 10:22:01.273,rated_current_left,"0.000000"
2026-08-21 10:22:01.275,rated_current_right,"0.000000"
2026-08-21 10:22:01.298,robot_status,"ROBOT_STANDBY"
2026-08-21 10:22:01.298,odometry/filtered,"x:-1.314206, y:0.106613, yaw:0.451422, cov_xx:0.001952, cov_yy:0.002021"
2026-08-21 10:22:01.305,rated_current_left,"0.000000"
2026-08-21 10:22:01.305,rated_current_right,"0.000000"
2026-08-21 10:22:01.313,safety/emergency_button,"FALSE"
2026-08-21 10:22:01.314,battery/status,"100.000000%"
2026-08-21 10:22:01.314,safety/left_bumper,"FALSE"
2026-08-21 10:22:01.314,safety/right_bumper,"FALSE"
2026-08-21 10:22:01.314,safety/suction_switch,"FALSE"
2026-08-21 10:22:01.315,odometry/filtered,"x:-1.314189, y:0.106622, yaw:0.451421, cov_xx:0.001950, cov_yy:0.002018"
2026-08-21 10:22:01.337,rated_current_left,"0.000000"
2026-08-21 10:22:01.337,rated_current_right,"0.000000"
2026-08-21 10:22:01.355,odometry/filtered,"x:-1.314180, y:0.106626, yaw:0.451498, cov_xx:0.001947, cov_yy:0.002015"
2026-08-21 10:22:01.362,safety/emergency_button,"FALSE"
2026-08-21 10:22:01.363,safety/left_bumper,"FALSE"
2026-08-21 10:22:01.363,safety/right_bumper,"FALSE"
2026-08-21 10:22:01.363,safety/suction_switch,"FALSE"
2026-08-21 10:22:01.372,rated_current_left,"0.000000"
2026-08-21 10:22:01.372,rated_current_right,"0.000000"
2026-08-21 10:22:01.376,odometry/filtered,"x:-1.314173, y:0.106629, yaw:0.451534, cov_xx:0.001998, cov_yy:0.002069"
2026-08-21 10:22:01.402,rated_current_left,"0.000000"
2026-08-21 10:22:01.403,rated_current_right,"0.000000"
2026-08-21 10:22:01.412,safety/left_bumper,"FALSE"
2026-08-21 10:22:01.412,safety/right_bumper,"FALSE"
2026-08-21 10:22:01.412,safety/emergency_button,"FALSE"
2026-08-21 10:22:01.413,battery/status,"100.000000%"
2026-08-21 10:22:01.413,safety/suction_switch,"FALSE"
2026-08-21 10:22:01.414,odometry/filtered,"x:-1.314170, y:0.106631, yaw:0.451521, cov_xx:0.001932, cov_yy:0.001998"
2026-08-21 10:22:01.422,particle_cloud,"count:800, spread:0.149420"
2026-08-21 10:22:01.434,rated_current_left,"0.000000"
2026-08-21 10:22:01.434,rated_current_right,"0.000000"
2026-08-21 10:22:01.455,odometry/filtered,"x:-1.314167, y:0.106632, yaw:0.451508, cov_xx:0.001944, cov_yy:0.002012"
2026-08-21 10:22:01.463,safety/emergency_button,"FALSE"
2026-08-21 10:22:01.463,safety/left_bumper,"FALSE"
2026-08-21 10:22:01.463,safety/right_bumper,"FALSE"
2026-08-21 10:22:01.463,safety/suction_switch,"FALSE"
2026-08-21 10:22:01.465,rated_current_left,"0.000000"
2026-08-21 10:22:01.465,rated_current_right,"0.000000"
2026-08-21 10:22:01.475,odometry/filtered,"x:-1.314166, y:0.106633, yaw:0.451495, cov_xx:0.001949, cov_yy:0.002017"
2026-08-21 10:22:01.500,rated_current_left,"0.000000"
2026-08-21 10:22:01.500,rated_current_right,"0.000000"
2026-08-21 10:22:01.515,battery/status,"100.000000%"
2026-08-21 10:22:01.515,safety/left_bumper,"FALSE"
2026-08-21 10:22:01.518,safety/right_bumper,"FALSE"
2026-08-21 10:22:01.518,safety/emergency_button,"FALSE"
2026-08-21 10:22:01.518,safety/suction_switch,"FALSE"
2026-08-21 10:22:01.518,odometry/filtered,"x:-1.314166, y:0.106633, yaw:0.451484, cov_xx:0.001975, cov_yy:0.002045"
2026-08-21 10:22:01.528,rated_current_left,"0.000000"
2026-08-21 10:22:01.528,rated_current_right,"0.000000"
2026-08-21 10:22:01.535,odometry/filtered,"x:-1.314166, y:0.106633, yaw:0.451473, cov_xx:0.001927, cov_yy:0.001993"
2026-08-21 10:22:01.560,rated_current_left,"0.000000"
2026-08-21 10:22:01.560,rated_current_right,"0.000000"
2026-08-21 10:22:01.562,safety/right_bumper,"FALSE"
2026-08-21 10:22:01.562,safety/emergency_button,"FALSE"
2026-08-21 10:22:01.562,safety/left_bumper,"FALSE"
2026-08-21 10:22:01.563,safety/suction_switch,"FALSE"
2026-08-21 10:22:01.579,odometry/filtered,"x:-1.314166, y:0.106633, yaw:0.451462, cov_xx:0.001943, cov_yy:0.002010"
2026-08-21 10:22:01.592,system_resources,"cpu:61.3%, mem:33.9%, mem_used_mb:2580, mem_total_mb:7619"
2026-08-21 10:22:01.593,rated_current_left,"0.000000"
2026-08-21 10:22:01.593,rated_current_right,"0.000000"
2026-08-21 10:22:01.596,odometry/filtered,"x:-1.314166, y:0.106633, yaw:0.451452, cov_xx:0.001950, cov_yy:0.002018"
2026-08-21 10:22:01.612,safety/emergency_button,"FALSE"
2026-08-21 10:22:01.619,safety/left_bumper,"FALSE"
2026-08-21 10:22:01.619,safety/right_bumper,"FALSE"
2026-08-21 10:22:01.619,safety/suction_switch,"FALSE"
2026-08-21 10:22:01.619,battery/status,"100.000000%"
2026-08-21 10:22:01.622,particle_cloud,"count:800, spread:0.146769"
2026-08-21 10:22:01.623,rated_current_left,"0.000000"
2026-08-21 10:22:01.624,rated_current_right,"0.000000"
2026-08-21 10:22:01.635,odometry/filtered,"x:-1.314167, y:0.106632, yaw:0.451443, cov_xx:0.001938, cov_yy:0.002005"
2026-08-21 10:22:01.657,rated_current_left,"0.000000"
2026-08-21 10:22:01.657,rated_current_right,"0.000000"
2026-08-21 10:22:01.663,safety/left_bumper,"FALSE"
2026-08-21 10:22:01.663,safety/right_bumper,"FALSE"
2026-08-21 10:22:01.663,safety/emergency_button,"FALSE"
2026-08-21 10:22:01.663,safety/suction_switch,"FALSE"
2026-08-21 10:22:01.675,odometry/filtered,"x:-1.314167, y:0.106632, yaw:0.451434, cov_xx:0.001961, cov_yy:0.002030"
2026-08-21 10:22:01.688,rated_current_left,"0.000000"
2026-08-21 10:22:01.688,rated_current_right,"0.000000"
2026-08-21 10:22:01.694,odometry/filtered,"x:-1.314167, y:0.106632, yaw:0.451425, cov_xx:0.001962, cov_yy:0.002030"
2026-08-21 10:22:01.712,safety/left_bumper,"FALSE"
2026-08-21 10:22:01.713,safety/right_bumper,"FALSE"
2026-08-21 10:22:01.713,safety/emergency_button,"FALSE"
2026-08-21 10:22:01.713,battery/status,"100.000000%"
2026-08-21 10:22:01.713,safety/suction_switch,"FALSE"
2026-08-21 10:22:01.720,rated_current_left,"0.000000"
2026-08-21 10:22:01.721,rated_current_right,"0.000000"
2026-08-21 10:22:01.735,odometry/filtered,"x:-1.314168, y:0.106632, yaw:0.451418, cov_xx:0.001951, cov_yy:0.002019"
2026-08-21 10:22:01.751,rated_current_left,"0.000000"
2026-08-21 10:22:01.751,rated_current_right,"0.000000"
2026-08-21 10:22:01.755,odometry/filtered,"x:-1.314168, y:0.106632, yaw:0.451410, cov_xx:0.001942, cov_yy:0.002010"
2026-08-21 10:22:01.762,safety/left_bumper,"FALSE"
2026-08-21 10:22:01.763,safety/right_bumper,"FALSE"
2026-08-21 10:22:01.763,safety/emergency_button,"FALSE"
2026-08-21 10:22:01.763,safety/suction_switch,"FALSE"
2026-08-21 10:22:01.784,rated_current_left,"0.000000"
2026-08-21 10:22:01.785,rated_current_right,"0.000000"
2026-08-21 10:22:01.795,robot_status,"ROBOT_STANDBY"
2026-08-21 10:22:01.796,odometry/filtered,"x:-1.314169, y:0.106631, yaw:0.451403, cov_xx:0.001962, cov_yy:0.002031"
2026-08-21 10:22:01.813,battery/status,"100.000000%"
2026-08-21 10:22:01.813,safety/left_bumper,"FALSE"
2026-08-21 10:22:01.813,safety/right_bumper,"FALSE"
2026-08-21 10:22:01.813,safety/emergency_button,"FALSE"
2026-08-21 10:22:01.813,safety/suction_switch,"FALSE"
2026-08-21 10:22:01.817,rated_current_left,"0.000000"
2026-08-21 10:22:01.817,rated_current_right,"0.000000"
2026-08-21 10:22:01.822,particle_cloud,"count:800, spread:0.151850"
2026-08-21 10:22:01.835,odometry/filtered,"x:-1.314169, y:0.106631, yaw:0.451396, cov_xx:0.001970, cov_yy:0.002039"
2026-08-21 10:22:01.848,rated_current_left,"0.000000"
2026-08-21 10:22:01.848,rated_current_right,"0.000000"
2026-08-21 10:22:01.854,odometry/filtered,"x:-1.314169, y:0.106631, yaw:0.451390, cov_xx:0.001942, cov_yy:0.002009"
2026-08-21 10:22:01.862,safety/emergency_button,"FALSE"
2026-08-21 10:22:01.863,safety/left_bumper,"FALSE"
2026-08-21 10:22:01.863,safety/right_bumper,"FALSE"
2026-08-21 10:22:01.863,safety/suction_switch,"FALSE"
2026-08-21 10:22:01.880,rated_current_left,"0.000000"
2026-08-21 10:22:01.882,rated_current_right,"0.000000"
2026-08-21 10:22:01.896,odometry/filtered,"x:-1.314170, y:0.106631, yaw:0.451384, cov_xx:0.001956, cov_yy:0.002025"
2026-08-21 10:22:01.915,safety/emergency_button,"FALSE"
2026-08-21 10:22:01.915,battery/status,"100.000000%"
2026-08-21 10:22:01.915,safety/left_bumper,"FALSE"
2026-08-21 10:22:01.915,safety/right_bumper,"FALSE"
2026-08-21 10:22:01.915,safety/suction_switch,"FALSE"
2026-08-21 10:22:01.915,rated_current_left,"0.000000"
2026-08-21 10:22:01.915,rated_current_right,"0.000000"
2026-08-21 10:22:01.934,odometry/filtered,"x:-1.314116, y:0.106657, yaw:0.451100, cov_xx:0.001985, cov_yy:0.002055"
2026-08-21 10:22:01.943,rated_current_left,"0.000000"
2026-08-21 10:22:01.943,rated_current_right,"0.000000"
2026-08-21 10:22:01.955,odometry/filtered,"x:-1.314087, y:0.106671, yaw:0.451045, cov_xx:0.001917, cov_yy:0.001983"
2026-08-21 10:22:01.962,safety/emergency_button,"FALSE"
2026-08-21 10:22:01.963,safety/left_bumper,"FALSE"
2026-08-21 10:22:01.963,safety/right_bumper,"FALSE"
2026-08-21 10:22:01.963,safety/suction_switch,"FALSE"
2026-08-21 10:22:01.976,rated_current_left,"0.000000"
2026-08-21 10:22:01.976,rated_current_right,"0.000000"
2026-08-21 10:22:01.995,odometry/filtered,"x:-1.314068, y:0.106680, yaw:0.450992, cov_xx:0.001942, cov_yy:0.002009"
2026-08-21 10:22:02.007,rated_current_left,"0.000000"
2026-08-21 10:22:02.008,rated_current_right,"0.000000"
2026-08-21 10:22:02.013,battery/status,"100.000000%"
2026-08-21 10:22:02.013,safety/left_bumper,"FALSE"
2026-08-21 10:22:02.013,safety/right_bumper,"FALSE"
2026-08-21 10:22:02.013,safety/emergency_button,"FALSE"
2026-08-21 10:22:02.013,safety/suction_switch,"FALSE"
2026-08-21 10:22:02.020,odometry/filtered,"x:-1.314056, y:0.106686, yaw:0.450943, cov_xx:0.001944, cov_yy:0.002012"
2026-08-21 10:22:02.021,particle_cloud,"count:800, spread:0.145542"
2026-08-21 10:22:02.041,rated_current_left,"0.000000"
2026-08-21 10:22:02.041,rated_current_right,"0.000000"
2026-08-21 10:22:02.047,speaker/sound_command,"tts:충전을 시작할게요."
2026-08-21 10:22:02.055,odometry/filtered,"x:-1.314048, y:0.106690, yaw:0.450896, cov_xx:0.001968, cov_yy:0.002037"
2026-08-21 10:22:02.062,safety/left_bumper,"FALSE"
2026-08-21 10:22:02.062,safety/right_bumper,"FALSE"
2026-08-21 10:22:02.062,safety/emergency_button,"FALSE"
2026-08-21 10:22:02.062,safety/suction_switch,"FALSE"
2026-08-21 10:22:02.072,rated_current_left,"0.000000"
2026-08-21 10:22:02.072,rated_current_right,"0.000000"
2026-08-21 10:22:02.074,odometry/filtered,"x:-1.314044, y:0.106692, yaw:0.450853, cov_xx:0.001955, cov_yy:0.002023"
2026-08-21 10:22:02.103,rated_current_left,"0.000000"
2026-08-21 10:22:02.103,rated_current_right,"0.000000"
2026-08-21 10:22:02.116,battery/status,"100.000000%"
2026-08-21 10:22:02.116,odometry/filtered,"x:-1.314042, y:0.106693, yaw:0.450813, cov_xx:0.001945, cov_yy:0.002012"
2026-08-21 10:22:02.116,safety/left_bumper,"FALSE"
2026-08-21 10:22:02.117,safety/right_bumper,"FALSE"
2026-08-21 10:22:02.117,safety/emergency_button,"FALSE"
2026-08-21 10:22:02.117,safety/suction_switch,"FALSE"
2026-08-21 10:22:02.137,rated_current_left,"0.000000"
2026-08-21 10:22:02.137,rated_current_right,"0.000000"
2026-08-21 10:22:02.156,odometry/filtered,"x:-1.314040, y:0.106693, yaw:0.450775, cov_xx:0.001958, cov_yy:0.002027"
2026-08-21 10:22:02.164,safety/left_bumper,"FALSE"
2026-08-21 10:22:02.164,safety/right_bumper,"FALSE"
2026-08-21 10:22:02.164,safety/emergency_button,"FALSE"
2026-08-21 10:22:02.164,safety/suction_switch,"FALSE"
2026-08-21 10:22:02.166,rated_current_left,"0.000000"
2026-08-21 10:22:02.170,rated_current_right,"0.000000"
2026-08-21 10:22:02.175,odometry/filtered,"x:-1.313952, y:0.106736, yaw:0.450356, cov_xx:0.001939, cov_yy:0.002006"
2026-08-21 10:22:02.202,rated_current_left,"0.000000"
2026-08-21 10:22:02.202,rated_current_right,"0.000000"
2026-08-21 10:22:02.216,battery/status,"100.000000%"
2026-08-21 10:22:02.216,odometry/filtered,"x:-1.313849, y:0.106786, yaw:0.450108, cov_xx:0.001971, cov_yy:0.002041"
2026-08-21 10:22:02.216,safety/left_bumper,"FALSE"
2026-08-21 10:22:02.216,safety/right_bumper,"FALSE"
2026-08-21 10:22:02.216,safety/emergency_button,"FALSE"
2026-08-21 10:22:02.216,safety/suction_switch,"FALSE"
2026-08-21 10:22:02.222,particle_cloud,"count:800, spread:0.148526"
2026-08-21 10:22:02.232,rated_current_left,"0.000000"
2026-08-21 10:22:02.232,rated_current_right,"0.000000"
2026-08-21 10:22:02.236,odometry/filtered,"x:-1.313701, y:0.106857, yaw:0.449850, cov_xx:0.001957, cov_yy:0.002025"
2026-08-21 10:22:02.262,safety/emergency_button,"FALSE"
2026-08-21 10:22:02.262,safety/left_bumper,"FALSE"
2026-08-21 10:22:02.262,safety/right_bumper,"FALSE"
2026-08-21 10:22:02.263,safety/suction_switch,"FALSE"
2026-08-21 10:22:02.264,rated_current_left,"0.000000"
2026-08-21 10:22:02.264,rated_current_right,"0.000000"
2026-08-21 10:22:02.275,odometry/filtered,"x:-1.313542, y:0.106934, yaw:0.449600, cov_xx:0.001958, cov_yy:0.002027"
2026-08-21 10:22:02.296,robot_status,"ROBOT_CHARGING"
2026-08-21 10:22:02.298,rated_current_left,"0.000000"
2026-08-21 10:22:02.298,rated_current_right,"0.000000"
2026-08-21 10:22:02.314,battery/status,"100.000000%"
2026-08-21 10:22:02.316,safety/left_bumper,"FALSE"
2026-08-21 10:22:02.316,safety/right_bumper,"FALSE"
2026-08-21 10:22:02.316,safety/emergency_button,"FALSE"
2026-08-21 10:22:02.316,safety/suction_switch,"FALSE"
2026-08-21 10:22:02.316,odometry/filtered,"x:-1.313404, y:0.107000, yaw:0.449264, cov_xx:0.001966, cov_yy:0.002035"
2026-08-21 10:22:02.326,rated_current_left,"0.000000"
2026-08-21 10:22:02.330,rated_current_right,"0.000000"
2026-08-21 10:22:02.334,odometry/filtered,"x:-1.313339, y:0.107031, yaw:0.448889, cov_xx:0.001927, cov_yy:0.001994"
2026-08-21 10:22:02.358,rated_current_left,"0.000000"
2026-08-21 10:22:02.359,rated_current_right,"0.000000"
2026-08-21 10:22:02.362,safety/left_bumper,"FALSE"
2026-08-21 10:22:02.362,safety/right_bumper,"FALSE"
2026-08-21 10:22:02.362,safety/emergency_button,"FALSE"
2026-08-21 10:22:02.362,safety/suction_switch,"FALSE"
2026-08-21 10:22:02.374,odometry/filtered,"x:-1.313295, y:0.107052, yaw:0.448696, cov_xx:0.001939, cov_yy:0.002007"
2026-08-21 10:22:02.391,rated_current_left,"0.000000"
2026-08-21 10:22:02.392,rated_current_right,"0.000000"
2026-08-21 10:22:02.397,odometry/filtered,"x:-1.313339, y:0.107031, yaw:0.448408, cov_xx:0.001968, cov_yy:0.002037"
2026-08-21 10:22:02.412,safety/emergency_button,"FALSE"
2026-08-21 10:22:02.416,safety/right_bumper,"FALSE"
2026-08-21 10:22:02.416,battery/status,"100.000000%"
2026-08-21 10:22:02.416,safety/left_bumper,"FALSE"
2026-08-21 10:22:02.416,safety/suction_switch,"FALSE"
2026-08-21 10:22:02.422,particle_cloud,"count:800, spread:0.158037"
2026-08-21 10:22:02.422,rated_current_left,"0.000000"
2026-08-21 10:22:02.424,rated_current_right,"0.000000"
2026-08-21 10:22:02.435,odometry/filtered,"x:-1.313366, y:0.107018, yaw:0.448224, cov_xx:0.001944, cov_yy:0.002012"
2026-08-21 10:22:02.454,rated_current_left,"0.000000"
2026-08-21 10:22:02.455,rated_current_right,"0.000000"
2026-08-21 10:22:02.462,safety/emergency_button,"FALSE"
2026-08-21 10:22:02.462,safety/left_bumper,"FALSE"
2026-08-21 10:22:02.462,safety/right_bumper,"FALSE"
2026-08-21 10:22:02.462,safety/suction_switch,"FALSE"
2026-08-21 10:22:02.475,odometry/filtered,"x:-1.313426, y:0.106989, yaw:0.448308, cov_xx:0.001954, cov_yy:0.002023"
2026-08-21 10:22:02.487,rated_current_left,"0.000000"
2026-08-21 10:22:02.488,rated_current_right,"0.000000"
2026-08-21 10:22:02.496,odometry/filtered,"x:-1.313474, y:0.106967, yaw:0.448261, cov_xx:0.001954, cov_yy:0.002023"
2026-08-21 10:22:02.514,battery/status,"100.000000%"
2026-08-21 10:22:02.514,safety/left_bumper,"FALSE"
2026-08-21 10:22:02.514,safety/right_bumper,"FALSE"
2026-08-21 10:22:02.514,safety/emergency_button,"FALSE"
2026-08-21 10:22:02.514,safety/suction_switch,"FALSE"
2026-08-21 10:22:02.521,rated_current_left,"0.000000"
2026-08-21 10:22:02.522,rated_current_right,"0.000000"
2026-08-21 10:22:02.535,odometry/filtered,"x:-1.313505, y:0.106952, yaw:0.448166, cov_xx:0.001959, cov_yy:0.002028"
2026-08-21 10:22:02.551,rated_current_left,"0.000000"
2026-08-21 10:22:02.552,rated_current_right,"0.000000"
2026-08-21 10:22:02.555,odometry/filtered,"x:-1.313525, y:0.106942, yaw:0.448080, cov_xx:0.001940, cov_yy:0.002007"
2026-08-21 10:22:02.563,safety/left_bumper,"FALSE"
2026-08-21 10:22:02.563,safety/right_bumper,"FALSE"
2026-08-21 10:22:02.563,safety/emergency_button,"FALSE"
2026-08-21 10:22:02.563,safety/suction_switch,"FALSE"
2026-08-21 10:22:02.584,rated_current_left,"0.000000"
2026-08-21 10:22:02.584,rated_current_right,"0.000000"
2026-08-21 10:22:02.601,odometry/filtered,"x:-1.313552, y:0.106929, yaw:0.448133, cov_xx:0.001985, cov_yy:0.002055"
2026-08-21 10:22:02.612,safety/emergency_button,"FALSE"
2026-08-21 10:22:02.619,battery/status,"100.000000%"
2026-08-21 10:22:02.619,safety/left_bumper,"FALSE"
2026-08-21 10:22:02.620,safety/right_bumper,"FALSE"
2026-08-21 10:22:02.620,safety/suction_switch,"FALSE"
2026-08-21 10:22:02.620,rated_current_left,"0.000000"
2026-08-21 10:22:02.620,rated_current_right,"0.000000"
2026-08-21 10:22:02.621,particle_cloud,"count:800, spread:0.150300"
2026-08-21 10:22:02.635,odometry/filtered,"x:-1.313569, y:0.106921, yaw:0.448085, cov_xx:0.001954, cov_yy:0.002023"
2026-08-21 10:22:02.646,rated_current_left,"0.000000"
2026-08-21 10:22:02.647,rated_current_right,"0.000000"
2026-08-21 10:22:02.655,odometry/filtered,"x:-1.313581, y:0.106916, yaw:0.448041, cov_xx:0.001931, cov_yy:0.001998"
2026-08-21 10:22:02.662,safety/emergency_button,"FALSE"
2026-08-21 10:22:02.663,safety/left_bumper,"FALSE"
2026-08-21 10:22:02.663,safety/right_bumper,"FALSE"
2026-08-21 10:22:02.663,safety/suction_switch,"FALSE"
2026-08-21 10:22:02.677,rated_current_left,"0.000000"
2026-08-21 10:22:02.677,rated_current_right,"0.000000"
2026-08-21 10:22:02.695,odometry/filtered,"x:-1.313573, y:0.106919, yaw:0.448087, cov_xx:0.001930, cov_yy:0.001998"
2026-08-21 10:22:02.710,rated_current_left,"0.000000"
2026-08-21 10:22:02.712,rated_current_right,"0.000000"
2026-08-21 10:22:02.712,safety/emergency_button,"FALSE"
2026-08-21 10:22:02.713,safety/right_bumper,"FALSE"
2026-08-21 10:22:02.715,safety/left_bumper,"FALSE"
2026-08-21 10:22:02.715,battery/status,"100.000000%"
2026-08-21 10:22:02.715,odometry/filtered,"x:-1.313569, y:0.106921, yaw:0.448064, cov_xx:0.001953, cov_yy:0.002022"
2026-08-21 10:22:02.715,safety/suction_switch,"FALSE"
2026-08-21 10:22:02.741,rated_current_left,"0.000000"
2026-08-21 10:22:02.741,rated_current_right,"0.000000"
2026-08-21 10:22:02.754,odometry/filtered,"x:-1.313568, y:0.106922, yaw:0.448044, cov_xx:0.001945, cov_yy:0.002014"
2026-08-21 10:22:02.762,safety/emergency_button,"FALSE"
2026-08-21 10:22:02.762,safety/left_bumper,"FALSE"
2026-08-21 10:22:02.762,safety/right_bumper,"FALSE"
2026-08-21 10:22:02.762,safety/suction_switch,"FALSE"
2026-08-21 10:22:02.774,rated_current_left,"0.000000"
2026-08-21 10:22:02.775,rated_current_right,"0.000000"
2026-08-21 10:22:02.796,robot_status,"ROBOT_CHARGING"
2026-08-21 10:22:02.797,odometry/filtered,"x:-1.313565, y:0.106923, yaw:0.448032, cov_xx:0.001965, cov_yy:0.002035"
2026-08-21 10:22:02.806,rated_current_left,"0.000000"
2026-08-21 10:22:02.806,rated_current_right,"0.000000"
2026-08-21 10:22:02.812,safety/emergency_button,"FALSE"
2026-08-21 10:22:02.813,battery/status,"100.000000%"
2026-08-21 10:22:02.813,safety/left_bumper,"FALSE"
2026-08-21 10:22:02.813,safety/right_bumper,"FALSE"
2026-08-21 10:22:02.813,safety/suction_switch,"FALSE"
2026-08-21 10:22:02.815,odometry/filtered,"x:-1.313565, y:0.106923, yaw:0.448018, cov_xx:0.001947, cov_yy:0.002016"
2026-08-21 10:22:02.825,particle_cloud,"count:800, spread:0.145685"
2026-08-21 10:22:02.838,rated_current_left,"0.000000"
2026-08-21 10:22:02.838,rated_current_right,"0.000000"
2026-08-21 10:22:02.855,odometry/filtered,"x:-1.313564, y:0.106923, yaw:0.448004, cov_xx:0.001963, cov_yy:0.002032"
2026-08-21 10:22:02.862,safety/emergency_button,"FALSE"
2026-08-21 10:22:02.862,safety/left_bumper,"FALSE"
2026-08-21 10:22:02.862,safety/right_bumper,"FALSE"
2026-08-21 10:22:02.862,safety/suction_switch,"FALSE"
2026-08-21 10:22:02.869,rated_current_left,"0.000000"
2026-08-21 10:22:02.869,rated_current_right,"0.000000"
2026-08-21 10:22:02.875,odometry/filtered,"x:-1.313564, y:0.106923, yaw:0.447993, cov_xx:0.001942, cov_yy:0.002010"
2026-08-21 10:22:02.901,rated_current_left,"0.000000"
2026-08-21 10:22:02.902,rated_current_right,"0.000000"
2026-08-21 10:22:02.912,safety/emergency_button,"FALSE"
2026-08-21 10:22:02.912,battery/status,"100.000000%"
2026-08-21 10:22:02.912,safety/left_bumper,"FALSE"
2026-08-21 10:22:02.912,safety/right_bumper,"FALSE"
2026-08-21 10:22:02.913,safety/suction_switch,"FALSE"
2026-08-21 10:22:02.914,odometry/filtered,"x:-1.313565, y:0.106923, yaw:0.447981, cov_xx:0.001996, cov_yy:0.002067"
2026-08-21 10:22:02.934,rated_current_left,"0.000000"
2026-08-21 10:22:02.934,rated_current_right,"0.000000"
2026-08-21 10:22:02.954,odometry/filtered,"x:-1.313565, y:0.106923, yaw:0.447974, cov_xx:0.001931, cov_yy:0.001998"
2026-08-21 10:22:02.962,safety/emergency_button,"FALSE"
2026-08-21 10:22:02.962,safety/left_bumper,"FALSE"
2026-08-21 10:22:02.962,safety/right_bumper,"FALSE"
                                                                                                                                                                                                                                                                                                                                                                                                                                                                                                                                                                                                                                                                                                                                                                                                                                                                                                                                                                                                                                                                                                                                                                                                                                                                                                                                                                                                                                                                                                                                                                                                                                                                         