2026-08-21 10:38:39.784 [session=000420] [INFO] [MainThread] [Logger] Session 000420 opened: /home/dentium/robot_GUIs/log/log_session_000420_20260821_103839.log
2026-08-21 10:38:39.783 [session=000420] [INFO] [MainThread] [STARTUP] main() entered DISPLAY=':0' ROBOT_ID='robot_ec2b' DEBUG='' trace=/home/dentium/robot_GUIs/log/startup_session_000420_20260821_103839.log
2026-08-21 10:38:39.786 [session=000420] [INFO] [MainThread] 설정 백그라운드 preload 시작
2026-08-21 10:38:39.787 [session=000420] [INFO] [MainThread] 지도 표시 캐시 백그라운드 preload 시작
2026-08-21 10:38:39.788 [session=000420] [INFO] [MainThread] nav2 파라미터 백그라운드 preload 시작
2026-08-21 10:38:39.789 [session=000420] [INFO] [ThreadPoolExecutor-1_0] 설정 로드 완료: /home/dentium/robot_GUIs/app/config/setting.json
2026-08-21 10:38:39.798 [session=000420] [INFO] [MainThread] [STACK_DUMP] freeze 시 수동 스택 덤프: kill -USR1 3466 → /home/dentium/robot_GUIs/log/manual_stack_dump/dump_session_000420_20260821_103839.log, kill -USR2 3466 → /tmp/dentium_display_stacks_3466.log
2026-08-21 10:38:39.802 [session=000420] [INFO] [MainThread] [STARTUP] creating QApplication
2026-08-21 10:38:39.869 [session=000420] [INFO] [MainThread] [STARTUP] QApplication created
2026-08-21 10:38:39.923 [session=000420] [INFO] [MainThread] 폰트 로드 성공: Pretendard-ExtraLight.otf -> ['Pretendard', 'Pretendard ExtraLight']
2026-08-21 10:38:39.932 [session=000420] [INFO] [MainThread] 폰트 로드 성공: Pretendard-ExtraBold.otf -> ['Pretendard', 'Pretendard ExtraBold']
2026-08-21 10:38:39.943 [session=000420] [INFO] [MainThread] 폰트 로드 성공: Pretendard-Bold.otf -> ['Pretendard']
2026-08-21 10:38:39.953 [session=000420] [INFO] [MainThread] 폰트 로드 성공: Pretendard-SemiBold.otf -> ['Pretendard', 'Pretendard SemiBold']
2026-08-21 10:38:39.956 [session=000420] [INFO] [MainThread] 폰트 로드 성공: Pretendard-Thin.otf -> ['Pretendard', 'Pretendard Thin']
2026-08-21 10:38:39.958 [session=000420] [INFO] [MainThread] 폰트 로드 성공: Pretendard-Medium.otf -> ['Pretendard', 'Pretendard Medium']
2026-08-21 10:38:39.961 [session=000420] [INFO] [MainThread] 폰트 로드 성공: Pretendard-Black.otf -> ['Pretendard', 'Pretendard Black']
2026-08-21 10:38:39.965 [session=000420] [INFO] [MainThread] 폰트 로드 성공: Pretendard-Regular.otf -> ['Pretendard']
2026-08-21 10:38:39.969 [session=000420] [INFO] [MainThread] 폰트 로드 성공: Pretendard-Light.otf -> ['Pretendard', 'Pretendard Light']
2026-08-21 10:38:39.969 [session=000420] [INFO] [MainThread] 총 9개의 Pretendard 폰트를 로드했습니다.
2026-08-21 10:38:39.982 [session=000420] [INFO] [MainThread] Using required font: Pretendard (resolved=Pretendard, exact=True)
2026-08-21 10:38:39.985 [session=000420] [INFO] [MainThread] ================================================================================
2026-08-21 10:38:39.985 [session=000420] [INFO] [MainThread] 🚀 DisplayGUI 초기화 시작
2026-08-21 10:38:39.986 [session=000420] [INFO] [MainThread] ================================================================================
2026-08-21 10:38:39.988 [session=000420] [INFO] [MainThread] [STARTUP] creating ViewManager
2026-08-21 10:38:39.991 [session=000420] [INFO] [MainThread] ✓ 전체화면 강제 모드: 활성화 (ENFORCE_FULLSCREEN_MODE=True)
2026-08-21 10:38:39.992 [session=000420] [INFO] [MainThread] ViewManager 초기화 시작 (지연 로딩 모드)
2026-08-21 10:38:40.011 [session=000420] [INFO] [MainThread] ✓ LoadingView 생성 (즉시)
2026-08-21 10:38:40.104 [session=000420] [INFO] [MainThread] ✓ MenuButtonLayer 생성
2026-08-21 10:38:40.150 [session=000420] [INFO] [MainThread] ✓ ScreenMenuOverlay 생성
2026-08-21 10:38:40.164 [session=000420] [INFO] [MainThread] ✓ ViewManager 기본 구조 생성 완료 (무거운 위젯은 지연 생성 예정)
2026-08-21 10:38:40.183 [session=000420] [INFO] [MainThread] 전체화면 강제 모드 활성화 (운영 모드)
2026-08-21 10:38:40.184 [session=000420] [INFO] [MainThread] 마우스 커서 숨김 적용
2026-08-21 10:38:40.186 [session=000420] [INFO] [MainThread] ================================================================================
2026-08-21 10:38:40.187 [session=000420] [INFO] [MainThread] 🚀 로딩 화면 표시 완료 (사용자에게 화면 노출)
2026-08-21 10:38:40.187 [session=000420] [INFO] [MainThread] ================================================================================
2026-08-21 10:38:40.293 [session=000420] [INFO] [MainThread] ================================================================================
2026-08-21 10:38:40.294 [session=000420] [INFO] [MainThread] 🚀 로딩 화면 표시 완료 (사용자에게 화면 노출)
2026-08-21 10:38:40.294 [session=000420] [INFO] [MainThread] ================================================================================
2026-08-21 10:38:40.296 [session=000420] [INFO] [MainThread] [STARTUP] loading screen shown
2026-08-21 10:38:40.296 [session=000420] [CRITICAL] [MainThread] SYSTEM STARTUP - LOGGING TEST
2026-08-21 10:38:40.297 [session=000420] [INFO] [MainThread] Application Started
2026-08-21 10:38:40.298 [session=000420] [INFO] [MainThread] GUI event loop watchdog started: interval=500ms, threshold=2.5s, heartbeat_file=/tmp/dentium-display.heartbeat
2026-08-21 10:38:40.392 [session=000420] [INFO] [MainThread] ⏰ 로딩 애니메이션 우선 시작 - startup UI 생성은 전환 직전으로 지연
2026-08-21 10:38:40.394 [session=000420] [INFO] [MainThread] ✅ startup UI 준비 완료
2026-08-21 10:38:40.396 [session=000420] [INFO] [MainThread] My IP : 192.168.104.212
2026-08-21 10:38:40.397 [session=000420] [INFO] [MainThread] ViewManager에 ModelManager 참조 설정 완료
2026-08-21 10:38:40.397 [session=000420] [INFO] [MainThread] ViewManager에 SettingFileManager 참조 설정 완료
2026-08-21 10:38:40.399 [session=000420] [INFO] [MainThread] REST API controller runtime initialization queued on REST worker thread
2026-08-21 10:38:40.401 [session=000420] [INFO] [RestApiThread] [REST API] 연결 설정: robot_host=localhost, robot_id=robot_ec2b
2026-08-21 10:38:40.403 [session=000420] [INFO] [RestApiThread] [REST API] Base URL: http://localhost:8080/robot_ec2b/
2026-08-21 10:38:40.403 [session=000420] [INFO] [RestApiThread] [REST API] X-API-Key header enabled via X_API_KEY
2026-08-21 10:38:40.407 [session=000420] [INFO] [RestApiThread] [SSE_DIAG] runtime config robot_host='localhost', robot_id='robot_ec2b', base_url=http://localhost:8080/robot_ec2b/
2026-08-21 10:38:40.407 [session=000420] [INFO] [Dummy-3] RobotPollingWorker initialized
2026-08-21 10:38:40.408 [session=000420] [INFO] [RestApiThread] [REST API] GET_MAP timeout=30000ms, retry_delay=5000ms, retry_limit=3
2026-08-21 10:38:40.411 [session=000420] [INFO] [RestApiThread] [SSE_DIAG] start requested tag=SSE_GOAL_STATUS, url=http://localhost:8080/robot_ec2b/events/goal_pose/status, timeout=None
2026-08-21 10:38:40.413 [session=000420] [INFO] [SSE-SSE_GOAL_STATUS] [SSE_DIAG] connect attempt tag=SSE_GOAL_STATUS, reconnect=0, url=http://localhost:8080/robot_ec2b/events/goal_pose/status
2026-08-21 10:38:40.417 [session=000420] [INFO] [RestApiThread] [SSE_DIAG] start requested tag=SSE_BATTERY_CHECK, url=http://localhost:8080/robot_ec2b/events/battery/status, timeout=None
2026-08-21 10:38:40.419 [session=000420] [INFO] [MainThread] [MapManager] Nav2 파라미터 로드 완료: /home/dentium/robot_ws/src/navigation_pkg/params/nav2_params.yaml
2026-08-21 10:38:40.420 [session=000420] [INFO] [SSE-SSE_BATTERY_CHECK] [SSE_DIAG] connect attempt tag=SSE_BATTERY_CHECK, reconnect=0, url=http://localhost:8080/robot_ec2b/events/battery/status
2026-08-21 10:38:40.421 [session=000420] [INFO] [RestApiThread] [SSE_DIAG] start requested tag=SSE_BATTERY_PERCENT, url=http://localhost:8080/robot_ec2b/events/battery/percent, timeout=None
2026-08-21 10:38:40.421 [session=000420] [INFO] [MainThread]   inflation_radius=0.55m, cost_scaling_factor=3.0, robot_radius=0.22m
2026-08-21 10:38:40.423 [session=000420] [INFO] [SSE-SSE_BATTERY_PERCENT] [SSE_DIAG] connect attempt tag=SSE_BATTERY_PERCENT, reconnect=0, url=http://localhost:8080/robot_ec2b/events/battery/percent
2026-08-21 10:38:40.423 [session=000420] [INFO] [MainThread] [MapManager] 표시용 SLAM 지도 캐시 preload 적용: 740x613, path=/home/dentium/.local/share/dentium-webgui/data/maps/slam_display_map_cache.npz
2026-08-21 10:38:40.424 [session=000420] [INFO] [RestApiThread] [SSE_DIAG] start requested tag=SSE_BATTERY_LOW_SHUTDOWN, url=http://localhost:8080/robot_ec2b/events/battery/low_shutdown, timeout=None
2026-08-21 10:38:40.429 [session=000420] [INFO] [SSE-SSE_BATTERY_LOW_SHUTDOWN] [SSE_DIAG] connect attempt tag=SSE_BATTERY_LOW_SHUTDOWN, reconnect=0, url=http://localhost:8080/robot_ec2b/events/battery/low_shutdown
2026-08-21 10:38:40.429 [session=000420] [INFO] [RestApiThread] [SSE_DIAG] start requested tag=SSE_ROBOT_STATUS, url=http://localhost:8080/robot_ec2b/events/robot_status, timeout=None
2026-08-21 10:38:40.430 [session=000420] [INFO] [Dummy-4] ThreadedTimerWorker initialized: ['speaker_status_poll', 'safety_bumper_alarm', 'navigation_departure_finish', 'navigation_warning_finish', 'navigation_safety', 'battery_warning_sound', 'battery_warning_startup_delay', 'volume_save', 'volume_api', 'fresh_robot_pose_timeout']
2026-08-21 10:38:40.432 [session=000420] [INFO] [SSE-SSE_ROBOT_STATUS] [SSE_DIAG] connect attempt tag=SSE_ROBOT_STATUS, reconnect=0, url=http://localhost:8080/robot_ec2b/events/robot_status
2026-08-21 10:38:40.437 [session=000420] [INFO] [RestApiThread] [SSE_DIAG] start requested tag=SSE_HOME_POSE, url=http://localhost:8080/robot_ec2b/events/home_pose, timeout=None
2026-08-21 10:38:40.443 [session=000420] [INFO] [SSE-SSE_HOME_POSE] [SSE_DIAG] connect attempt tag=SSE_HOME_POSE, reconnect=0, url=http://localhost:8080/robot_ec2b/events/home_pose
2026-08-21 10:38:40.471 [session=000420] [INFO] [SSE-SSE_GOAL_STATUS] [SSE_DIAG] connected tag=SSE_GOAL_STATUS, status=200, reason=OK, elapsed=0.06s, content_type=text/event-stream; charset=utf-8, url=http://localhost:8080/robot_ec2b/events/goal_pose/status
2026-08-21 10:38:40.501 [session=000420] [INFO] [SSE-SSE_BATTERY_LOW_SHUTDOWN] [SSE_DIAG] connected tag=SSE_BATTERY_LOW_SHUTDOWN, status=404, reason=Not Found, elapsed=0.07s, content_type=application/json, url=http://localhost:8080/robot_ec2b/events/battery/low_shutdown
2026-08-21 10:38:40.505 [session=000420] [ERROR] [SSE-SSE_BATTERY_LOW_SHUTDOWN] [SSE_DIAG] non-200 response tag=SSE_BATTERY_LOW_SHUTDOWN, status=404, reason=Not Found, url=http://localhost:8080/robot_ec2b/events/battery/low_shutdown
2026-08-21 10:38:40.507 [session=000420] [INFO] [SSE-SSE_BATTERY_LOW_SHUTDOWN] [SSE_DIAG] reconnect wait tag=SSE_BATTERY_LOW_SHUTDOWN, delay=10s, reconnect=1, reason=HTTP 404, url=http://localhost:8080/robot_ec2b/events/battery/low_shutdown
2026-08-21 10:38:40.503 [session=000420] [INFO] [SSE-SSE_BATTERY_PERCENT] [SSE_DIAG] connected tag=SSE_BATTERY_PERCENT, status=200, reason=OK, elapsed=0.08s, content_type=text/event-stream; charset=utf-8, url=http://localhost:8080/robot_ec2b/events/battery/percent
2026-08-21 10:38:40.508 [session=000420] [INFO] [SSE-SSE_BATTERY_PERCENT] [SSE_DIAG] event received tag=SSE_BATTERY_PERCENT, count=1, event=message, id=None, url=http://localhost:8080/robot_ec2b/events/battery/percent, data={"data": 100}
2026-08-21 10:38:40.506 [session=000420] [INFO] [SSE-SSE_ROBOT_STATUS] [SSE_DIAG] connected tag=SSE_ROBOT_STATUS, status=200, reason=OK, elapsed=0.07s, content_type=text/event-stream; charset=utf-8, url=http://localhost:8080/robot_ec2b/events/robot_status
2026-08-21 10:38:40.503 [session=000420] [INFO] [SSE-SSE_HOME_POSE] [SSE_DIAG] connected tag=SSE_HOME_POSE, status=200, reason=OK, elapsed=0.06s, content_type=text/event-stream; charset=utf-8, url=http://localhost:8080/robot_ec2b/events/home_pose
2026-08-21 10:38:40.505 [session=000420] [INFO] [SSE-SSE_BATTERY_CHECK] [SSE_DIAG] connected tag=SSE_BATTERY_CHECK, status=200, reason=OK, elapsed=0.08s, content_type=text/event-stream; charset=utf-8, url=http://localhost:8080/robot_ec2b/events/battery/status
2026-08-21 10:38:40.510 [session=000420] [INFO] [SSE-SSE_BATTERY_CHECK] [SSE_DIAG] event received tag=SSE_BATTERY_CHECK, count=1, event=message, id=None, url=http://localhost:8080/robot_ec2b/events/battery/status, data={"header": {"stamp": {"sec": 1787276320, "nanosec": 436467251}, "frame_id": ""}, "voltage": 28.58049964904785, "temperature": 0.0, "current": 0.875499963760376, "charge": 0.0, "capacity": 17.510000228881836, "design_capacity": 15.930000305175781, "percentage": 1.0, "power_supply_status": 2, "power_supply_health": 0, "power_supply_technology": 2, "present": true, "cell_voltage": [], "cell_temperature": [], "location": "", "serial_number": ""}
2026-08-21 10:38:40.510 [session=000420] [INFO] [SSE-SSE_ROBOT_STATUS] [SSE_DIAG] event received tag=SSE_ROBOT_STATUS, count=1, event=message, id=None, url=http://localhost:8080/robot_ec2b/events/robot_status, data={"data": "ROBOT_STANDBY"}
2026-08-21 10:38:40.513 [session=000420] [DEBUG] [SSE-SSE_ROBOT_STATUS] SSE robot status: ROBOT_STANDBY
2026-08-21 10:38:40.519 [session=000420] [INFO] [MainThread] ViewManager에 MapManager 참조 설정 완료
2026-08-21 10:38:40.520 [session=000420] [INFO] [MainThread] ViewManager에 ControllerManager 참조 설정 완료
2026-08-21 10:38:40.661 [session=000420] [INFO] [MainThread] [SafetyRos] ROS_DOMAIN_ID 환경 변수 사용: domain=3, setting=39
2026-08-21 10:38:40.696 [session=000420] [INFO] [SSE-SSE_BATTERY_PERCENT] [SSE_DIAG] event received tag=SSE_BATTERY_PERCENT, count=2, event=message, id=None, url=http://localhost:8080/robot_ec2b/events/battery/percent, data={"data": 100}
2026-08-21 10:38:40.698 [session=000420] [INFO] [SSE-SSE_BATTERY_CHECK] [SSE_DIAG] event received tag=SSE_BATTERY_CHECK, count=2, event=message, id=None, url=http://localhost:8080/robot_ec2b/events/battery/status, data={"header": {"stamp": {"sec": 1787276320, "nanosec": 636437276}, "frame_id": ""}, "voltage": 28.574501037597656, "temperature": 0.0, "current": 0.9614999890327454, "charge": 0.0, "capacity": 17.510000228881836, "design_capacity": 15.930000305175781, "percentage": 1.0, "power_supply_status": 2, "power_supply_health": 0, "power_supply_technology": 2, "present": true, "cell_voltage": [], "cell_temperature": [], "location": "", "serial_number": ""}
2026-08-21 10:38:40.903 [session=000420] [INFO] [SSE-SSE_BATTERY_PERCENT] [SSE_DIAG] event received tag=SSE_BATTERY_PERCENT, count=3, event=message, id=None, url=http://localhost:8080/robot_ec2b/events/battery/percent, data={"data": 100}
2026-08-21 10:38:40.904 [session=000420] [INFO] [SSE-SSE_BATTERY_CHECK] [SSE_DIAG] event received tag=SSE_BATTERY_CHECK, count=3, event=message, id=None, url=http://localhost:8080/robot_ec2b/events/battery/status, data={"header": {"stamp": {"sec": 1787276320, "nanosec": 836406085}, "frame_id": ""}, "voltage": 28.57400131225586, "temperature": 0.0, "current": 0.9549999833106995, "charge": 0.0, "capacity": 17.510000228881836, "design_capacity": 15.930000305175781, "percentage": 1.0, "power_supply_status": 2, "power_supply_health": 0, "power_supply_technology": 2, "present": true, "cell_voltage": [], "cell_temperature": [], "location": "", "serial_number": ""}
2026-08-21 10:38:41.001 [session=000420] [INFO] [MainThread] [SafetyRos] publisher 감지: topic=/robot_ec2b/safety/left_bumper, type=std_msgs/msg/Bool, reliability=RELIABLE, durability=TRANSIENT_LOCAL, depth=1
2026-08-21 10:38:41.019 [session=000420] [INFO] [MainThread] [SafetyRos] 구독 시작: topic=/robot_ec2b/safety/left_bumper, domain=3, qos_reliability=RELIABLE, qos_durability=TRANSIENT_LOCAL
2026-08-21 10:38:41.024 [session=000420] [INFO] [MainThread] [SafetyRos] publisher 감지: topic=/robot_ec2b/safety/left_brake, type=std_msgs/msg/Bool, reliability=RELIABLE, durability=TRANSIENT_LOCAL, depth=1
2026-08-21 10:38:41.029 [session=000420] [INFO] [MainThread] [SafetyRos] 구독 시작: topic=/robot_ec2b/safety/left_brake, domain=3, qos_reliability=RELIABLE, qos_durability=TRANSIENT_LOCAL
2026-08-21 10:38:41.030 [session=000420] [INFO] [MainThread] [SafetyRos] publisher 감지: topic=/robot_ec2b/safety/right_bumper, type=std_msgs/msg/Bool, reliability=RELIABLE, durability=TRANSIENT_LOCAL, depth=1
2026-08-21 10:38:41.035 [session=000420] [INFO] [MainThread] [SafetyRos] 구독 시작: topic=/robot_ec2b/safety/right_bumper, domain=3, qos_reliability=RELIABLE, qos_durability=TRANSIENT_LOCAL
2026-08-21 10:38:41.037 [session=000420] [INFO] [MainThread] [SafetyRos] publisher 감지: topic=/robot_ec2b/safety/right_brake, type=std_msgs/msg/Bool, reliability=RELIABLE, durability=TRANSIENT_LOCAL, depth=1
2026-08-21 10:38:41.041 [session=000420] [INFO] [MainThread] [SafetyRos] 구독 시작: topic=/robot_ec2b/safety/right_brake, domain=3, qos_reliability=RELIABLE, qos_durability=TRANSIENT_LOCAL
2026-08-21 10:38:41.042 [session=000420] [INFO] [MainThread] [SafetyRos] publisher 감지: topic=/robot_ec2b/safety/emergency_button, type=std_msgs/msg/Bool, reliability=RELIABLE, durability=TRANSIENT_LOCAL, depth=1
2026-08-21 10:38:41.047 [session=000420] [INFO] [MainThread] [SafetyRos] 구독 시작: topic=/robot_ec2b/safety/emergency_button, domain=3, qos_reliability=RELIABLE, qos_durability=TRANSIENT_LOCAL
2026-08-21 10:38:41.050 [session=000420] [INFO] [SafetyRosSpin] [SAFETY_BUMPER] ROS2 범퍼 해제: side=left, pressed=False, topic=/robot_ec2b/safety/left_bumper
2026-08-21 10:38:41.051 [session=000420] [INFO] [SafetyRosSpin] [SAFETY_BUMPER] ROS2 범퍼 해제: side=right, pressed=False, topic=/robot_ec2b/safety/right_bumper
2026-08-21 10:38:41.055 [session=000420] [INFO] [SafetyRosSpin] [SAFETY_EMC] ROS2 EMC 상태: active=False, topic=/robot_ec2b/safety/emergency_button
2026-08-21 10:38:41.085 [session=000420] [INFO] [MainThread] 배경 음악 API 조회 실패 - 파일 fallback 적용: operation=selection_get, track=sha256:544a37fae858ebe055345cd7ff56af4c8593d043a4aedaa3ba8ca8ba64cffdcf
2026-08-21 10:38:41.086 [session=000420] [WARNING] [MainThread] 배경 음악 Master 조회 생략 - 로컬 fallback 확인: operation=selection_get, reason=api_not_ready, applied=True
2026-08-21 10:38:41.090 [session=000420] [INFO] [MainThread] 배경 음악 API 조회 실패 - 파일 fallback 적용: operation=resolved_get, track=sha256:544a37fae858ebe055345cd7ff56af4c8593d043a4aedaa3ba8ca8ba64cffdcf
2026-08-21 10:38:41.091 [session=000420] [WARNING] [MainThread] 배경 음악 Master 조회 생략 - 로컬 fallback 확인: operation=resolved_get, reason=api_not_ready, applied=True
2026-08-21 10:38:41.093 [session=000420] [INFO] [MainThread] 키보드 UI 초기화 완료 (키 레이아웃은 첫 표시 시 생성)
2026-08-21 10:38:41.095 [session=000420] [INFO] [MainThread] *** VirtualKeyboard 객체 생성 완료 (부모 위젯 설정됨) ***
2026-08-21 10:38:41.098 [session=000420] [DEBUG] [MainThread] [LockByTouch] LockByTouch 초기화 완료
2026-08-21 10:38:41.098 [session=000420] [INFO] [MainThread] [LockByTouch] Idle timeout disabled
2026-08-21 10:38:41.108 [session=000420] [INFO] [MainThread] 🚀 로딩 화면 표시 - 초기화 시작
2026-08-21 10:38:41.116 [session=000420] [INFO] [SSE-SSE_ROBOT_STATUS] [SSE_DIAG] event received tag=SSE_ROBOT_STATUS, count=2, event=message, id=None, url=http://localhost:8080/robot_ec2b/events/robot_status, data={"data": "ROBOT_STANDBY"}
2026-08-21 10:38:41.123 [session=000420] [INFO] [MainThread] REST API controller ready
2026-08-21 10:38:41.124 [session=000420] [INFO] [MainThread] [SAFETY_BUMPER] GUI 범퍼 상태 적용: side=left, pressed=False, left=False, right=False, alarm_active=False, alarm_timer_active=False, sound_manager_ready=False
2026-08-21 10:38:41.124 [session=000420] [INFO] [MainThread] ⏳ MovingRelatedView 지연 생성 시작
2026-08-21 10:38:41.226 [session=000420] [INFO] [MainThread] ✓ MovingRelatedView 생성 완료
2026-08-21 10:38:41.227 [session=000420] [INFO] [MainThread] [SAFETY_BUMPER] GUI 범퍼 상태 적용: side=right, pressed=False, left=False, right=False, alarm_active=False, alarm_timer_active=False, sound_manager_ready=False
2026-08-21 10:38:41.234 [session=000420] [DEBUG] [MainThread] 📊 로딩 진행률: 1% (완료:0%, 시간:1%, 0/4)
2026-08-21 10:38:41.235 [session=000420] [INFO] [MainThread] 🔗 시그널 연결 시작
2026-08-21 10:38:41.245 [session=000420] [INFO] [MainThread] 최신 배터리 SSE 캐시 동기화: display_percent=100
2026-08-21 10:38:41.247 [session=000420] [INFO] [MainThread] 최신 배터리 퍼센트 SSE 캐시 동기화: display_percent=100
2026-08-21 10:38:41.252 [session=000420] [INFO] [MainThread] [SAFETY_BUMPER] GUI 범퍼 상태 적용: side=left, pressed=False, left=False, right=False, alarm_active=False, alarm_timer_active=False, sound_manager_ready=False
2026-08-21 10:38:41.252 [session=000420] [INFO] [MainThread] [SAFETY_BUMPER] GUI 범퍼 상태 적용: side=right, pressed=False, left=False, right=False, alarm_active=False, alarm_timer_active=False, sound_manager_ready=False
2026-08-21 10:38:41.268 [session=000420] [INFO] [MainThread] ScreenContentHost 비활성화 - SlamPanel/SlamController 초기화 생략
2026-08-21 10:38:41.269 [session=000420] [INFO] [MainThread] MapManager map_changed를 지연 표시 지도 갱신 핸들러에 연결
2026-08-21 10:38:41.270 [session=000420] [INFO] [MainThread] relocalization_status SSE를 상태/브레이크 해제 핸들러에 연결 완료
2026-08-21 10:38:41.270 [session=000420] [INFO] [MainThread] 지도/자동 탐색 시그널 연결 완료
2026-08-21 10:38:41.446 [session=000420] [INFO] [MainThread] ✅ 시그널 연결 완료
2026-08-21 10:38:41.447 [session=000420] [INFO] [MainThread] 시작 문제 진단 에러 코드 REST API 조회 시작
2026-08-21 10:38:41.448 [session=000420] [DEBUG] [RestApiThread] GetRobotErrorCodesFromRESTAPI 요청 시작
2026-08-21 10:38:41.449 [session=000420] [DEBUG] [RestApiThread] _get_data: 요청 시작 - tag: REST_API_TAG.GET_ROBOT_ERROR_CODES, url: http://localhost:8080/robot_ec2b/robot/error_codes
2026-08-21 10:38:41.454 [session=000420] [DEBUG] [RestApiThread] _get_data: 요청 전송 완료 - tag: REST_API_TAG.GET_ROBOT_ERROR_CODES, timeout: 30000ms
2026-08-21 10:38:41.456 [session=000420] [INFO] [RestApiThread] [REST API] voice-event command GET 전송: url=http://127.0.0.1:5051/api/voice-event-settings/command?robot_id=robot_ec2b&language=ko&event_id=driving_warning_1
2026-08-21 10:38:41.460 [session=000420] [INFO] [RestApiThread] [REST API] voice-event command GET 전송: url=http://127.0.0.1:5051/api/voice-event-settings/command?robot_id=robot_ec2b&language=ko&event_id=driving_warning_2
2026-08-21 10:38:41.473 [session=000420] [DEBUG] [RestApiThread] _handle_response 호출됨 - tag: REST_API_TAG.GET_ROBOT_ERROR_CODES, status_code: 200
2026-08-21 10:38:41.481 [session=000420] [INFO] [ThreadPoolExecutor-5_0] 문제 진단 에러 코드 수신: 0개
2026-08-21 10:38:41.504 [session=000420] [DEBUG] [RestApiThread] _handle_response 호출됨 - tag: REST_API_TAG.GET_VOICE_EVENT_COMMAND, status_code: 200
2026-08-21 10:38:41.505 [session=000420] [INFO] [RestApiThread] voice-event command 비활성화 응답 수신: event_id=driving_warning_1, language=ko, response={"soundCommand": ""}
2026-08-21 10:38:41.517 [session=000420] [DEBUG] [RestApiThread] _get_data: 요청 시작 - tag: REST_API_TAG.GET_BATTERY_PERCENT, url: http://localhost:8080/robot_ec2b/battery/percent
2026-08-21 10:38:41.518 [session=000420] [INFO] [MainThread] 문제 진단 에러 코드 SSE 시작
2026-08-21 10:38:41.518 [session=000420] [DEBUG] [RestApiThread] _get_data: 요청 전송 완료 - tag: REST_API_TAG.GET_BATTERY_PERCENT, timeout: 30000ms
2026-08-21 10:38:41.519 [session=000420] [DEBUG] [RestApiThread] _get_data: 요청 시작 - tag: REST_API_TAG.GET_SAFETY_RIGHT_BRAKE, url: http://localhost:8080/robot_ec2b/safety/right_brake
2026-08-21 10:38:41.520 [session=000420] [DEBUG] [RestApiThread] _get_data: 요청 전송 완료 - tag: REST_API_TAG.GET_SAFETY_RIGHT_BRAKE, timeout: 30000ms
2026-08-21 10:38:41.520 [session=000420] [DEBUG] [RestApiThread] _get_data: 요청 시작 - tag: REST_API_TAG.GET_SAFETY_LEFT_BRAKE, url: http://localhost:8080/robot_ec2b/safety/left_brake
2026-08-21 10:38:41.520 [session=000420] [DEBUG] [RestApiThread] _get_data: 요청 전송 완료 - tag: REST_API_TAG.GET_SAFETY_LEFT_BRAKE, timeout: 30000ms
2026-08-21 10:38:41.521 [session=000420] [DEBUG] [RestApiThread] _get_data: 요청 시작 - tag: REST_API_TAG.GET_ROBOT_LOCK, url: http://localhost:8080/robot_ec2b/robot_lock
2026-08-21 10:38:41.521 [session=000420] [DEBUG] [RestApiThread] _get_data: 요청 전송 완료 - tag: REST_API_TAG.GET_ROBOT_LOCK, timeout: 30000ms
2026-08-21 10:38:41.522 [session=000420] [DEBUG] [RestApiThread] _get_data: 요청 시작 - tag: REST_API_TAG.GET_MD_SET_BREAK, url: http://localhost:8080/robot_ec2b/md/set_brake
2026-08-21 10:38:41.523 [session=000420] [DEBUG] [RestApiThread] _get_data: 요청 전송 완료 - tag: REST_API_TAG.GET_MD_SET_BREAK, timeout: 30000ms
2026-08-21 10:38:41.525 [session=000420] [INFO] [RestApiThread] [SSE_DIAG] start requested tag=SSE_ROBOT_ERROR_CODES, url=http://localhost:8080/robot_ec2b/event/robot/error_codes, timeout=None
2026-08-21 10:38:41.530 [session=000420] [INFO] [SSE-SSE_ROBOT_STATUS] [SSE_DIAG] event received tag=SSE_ROBOT_STATUS, count=3, event=message, id=None, url=http://localhost:8080/robot_ec2b/events/robot_status, data={"data": "ROBOT_STANDBY"}
2026-08-21 10:38:41.531 [session=000420] [INFO] [SSE-SSE_ROBOT_ERROR_CODES] [SSE_DIAG] connect attempt tag=SSE_ROBOT_ERROR_CODES, reconnect=0, url=http://localhost:8080/robot_ec2b/event/robot/error_codes
2026-08-21 10:38:41.532 [session=000420] [DEBUG] [RestApiThread] _handle_response 호출됨 - tag: REST_API_TAG.GET_VOICE_EVENT_COMMAND, status_code: 200
2026-08-21 10:38:41.539 [session=000420] [INFO] [RestApiThread] voice-event command 비활성화 응답 수신: event_id=driving_warning_2, language=ko, response={"soundCommand": ""}
2026-08-21 10:38:41.540 [session=000420] [INFO] [MainThread] ⚡ 시스템 초기화 시작
2026-08-21 10:38:41.541 [session=000420] [INFO] [MainThread] 📡 필수 데이터 요청 (destinations, robot_status, map)
2026-08-21 10:38:41.544 [session=000420] [INFO] [MainThread] ✅ 메인 초기화 완료
2026-08-21 10:38:41.545 [session=000420] [INFO] [MainThread] 문제 진단 에러 코드 수신(REST): 0개, 표시: 0개
2026-08-21 10:38:41.548 [session=000420] [DEBUG] [RestApiThread] GetMapFromRESTAPI 요청 시작
2026-08-21 10:38:41.548 [session=000420] [DEBUG] [RestApiThread] _get_data: 요청 시작 - tag: REST_API_TAG.GET_MAP, url: http://localhost:8080/robot_ec2b/map
2026-08-21 10:38:41.549 [session=000420] [DEBUG] [RestApiThread] _get_data: 요청 전송 완료 - tag: REST_API_TAG.GET_MAP, timeout: 30000ms
2026-08-21 10:38:41.550 [session=000420] [DEBUG] [RestApiThread] 맵 데이터 요청 시작 - 타임아웃: 30000ms
2026-08-21 10:38:41.558 [session=000420] [DEBUG] [RestApiThread] _handle_response 호출됨 - tag: REST_API_TAG.GET_BATTERY_PERCENT, status_code: 200
2026-08-21 10:38:41.655 [session=000420] [DEBUG] [RestApiThread] GetRobotUseFromRESTAPI 요청 시작
2026-08-21 10:38:41.656 [session=000420] [DEBUG] [RestApiThread] _get_data: 요청 시작 - tag: REST_API_TAG.GET_ROBOT_USE, url: http://localhost:8080/robot_ec2b/robot_use
2026-08-21 10:38:41.657 [session=000420] [DEBUG] [RestApiThread] _get_data: 요청 전송 완료 - tag: REST_API_TAG.GET_ROBOT_USE, timeout: 30000ms
2026-08-21 10:38:41.657 [session=000420] [DEBUG] [RestApiThread] GetCallBellFromRESTAPI 요청 시작
2026-08-21 10:38:41.657 [session=000420] [DEBUG] [RestApiThread] _get_data: 요청 시작 - tag: REST_API_TAG.GET_CALLBELL, url: http://localhost:8080/robot_ec2b/callbell
2026-08-21 10:38:41.659 [session=000420] [DEBUG] [RestApiThread] _get_data: 요청 전송 완료 - tag: REST_API_TAG.GET_CALLBELL, timeout: 30000ms
2026-08-21 10:38:41.659 [session=000420] [DEBUG] [RestApiThread] GetKeepoutZoneFromRESTAPI 요청 시작
2026-08-21 10:38:41.660 [session=000420] [DEBUG] [RestApiThread] _get_data: 요청 시작 - tag: REST_API_TAG.GET_KEEPOUT_ZONE, url: http://localhost:8080/robot_ec2b/keepout_zone_position
2026-08-21 10:38:41.671 [session=000420] [DEBUG] [RestApiThread] _get_data: 요청 전송 완료 - tag: REST_API_TAG.GET_KEEPOUT_ZONE, timeout: 30000ms
2026-08-21 10:38:41.674 [session=000420] [DEBUG] [RestApiThread] GetPreferredAreaFromRESTAPI 요청 시작
2026-08-21 10:38:41.675 [session=000420] [DEBUG] [RestApiThread] _get_data: 요청 시작 - tag: REST_API_TAG.GET_PREFERRED_AREA, url: http://localhost:8080/robot_ec2b/preferred_area_position
2026-08-21 10:38:41.681 [session=000420] [DEBUG] [RestApiThread] _get_data: 요청 전송 완료 - tag: REST_API_TAG.GET_PREFERRED_AREA, timeout: 30000ms
2026-08-21 10:38:41.685 [session=000420] [DEBUG] [RestApiThread] master IP GET 중복 요청 - 현재 응답 수신 후 최신 값 재조회 예약
2026-08-21 10:38:41.685 [session=000420] [DEBUG] [RestApiThread] _get_data: 중복 요청 방지됨 - tag: REST_API_TAG.GET_MASTER_IP_ADDRESS, pending_count: 15
2026-08-21 10:38:41.692 [session=000420] [INFO] [MainThread] 설정 UI 위젯 준비 대기 중 - 생성 콜백에서 UI 설정 적용 예정
2026-08-21 10:38:41.693 [session=000420] [DEBUG] [RestApiThread] SetVolumeToRESTAPI 직렬화된 데이터: {"data": 0.0}
2026-08-21 10:38:41.694 [session=000420] [INFO] [RestApiThread] [REST API] 볼륨 POST 전송 직전: url=http://localhost:8080/robot_ec2b/speaker/volume, payload={"data": 0.0}, timeout=30000ms
2026-08-21 10:38:41.695 [session=000420] [INFO] [RestApiThread] [REST API] 볼륨 POST 전송 등록 완료: url=http://localhost:8080/robot_ec2b/speaker/volume, reply_id=281471767426752
2026-08-21 10:38:41.696 [session=000420] [INFO] [RestApiThread] [REST API] 최대 속도 POST 전송 직전: url=http://localhost:8080/robot_ec2b/md/set_max_spd, payload={"data": 0.7}, timeout=30000ms, pending_before=16
2026-08-21 10:38:41.698 [session=000420] [INFO] [RestApiThread] [REST API] 최대 속도 POST 전송 등록 완료: url=http://localhost:8080/robot_ec2b/md/set_max_spd, reply_id=281471359097024, pending_after=17
2026-08-21 10:38:41.699 [session=000420] [DEBUG] [RestApiThread] SetMaxSpeedToRESTAPI 직렬화된 데이터: {"data": 0.7}
2026-08-21 10:38:42.186 [session=000420] [DEBUG] [MainThread] 📊 로딩 진행률: 10% (완료:0%, 시간:10%, 0/4)
2026-08-21 10:38:43.118 [session=000420] [DEBUG] [MainThread] 📊 로딩 진행률: 20% (완료:0%, 시간:20%, 0/4)
2026-08-21 10:38:43.356 [session=000420] [INFO] [Thread-5] [ControllerManager] 맵 처리 프로세스 warm-up 완료
2026-08-21 10:38:44.194 [session=000420] [DEBUG] [MainThread] 📊 로딩 진행률: 30% (완료:0%, 시간:30%, 0/4)
2026-08-21 10:38:44.491 [session=000420] [INFO] [RestApiThread] master IP GET 응답 폐기 - 후속 요청을 위해 최신 master IP 재조회
2026-08-21 10:38:45.192 [session=000420] [DEBUG] [MainThread] 📊 로딩 진행률: 40% (완료:0%, 시간:40%, 0/4)
2026-08-21 10:38:45.490 [session=000420] [INFO] [MainThread] [MAIN_THREAD_HEARTBEAT] GUI main thread alive: thread=MainThread
2026-08-21 10:38:45.957 [session=000420] [DEBUG] [RestApiThread] _handle_response 호출됨 - tag: REST_API_TAG.GET_MAP, status_code: 200
2026-08-21 10:38:45.969 [session=000420] [DEBUG] [RestApiThread] _handle_response 호출됨 - tag: REST_API_TAG.GET_SAFETY_RIGHT_BRAKE, status_code: 404
2026-08-21 10:38:45.969 [session=000420] [ERROR] [RestApiThread] REST API 에러: status_code: 404, tag: REST_API_TAG.GET_SAFETY_RIGHT_BRAKE, error: Error transferring http://localhost:8080/robot_ec2b/safety/right_brake - server replied: Not Found
2026-08-21 10:38:45.970 [session=000420] [INFO] [MainThread] [ControllerManager] 맵 처리 작업 예약: seq=1, slam_mode=False
2026-08-21 10:38:45.973 [session=000420] [DEBUG] [RestApiThread] _handle_response 호출됨 - tag: REST_API_TAG.GET_SAFETY_LEFT_BRAKE, status_code: 404
2026-08-21 10:38:45.976 [session=000420] [ERROR] [RestApiThread] REST API 에러: status_code: 404, tag: REST_API_TAG.GET_SAFETY_LEFT_BRAKE, error: Error transferring http://localhost:8080/robot_ec2b/safety/left_brake - server replied: Not Found
2026-08-21 10:38:45.977 [session=000420] [ERROR] [MainThread] API Error Handler - Tag: REST_API_TAG.GET_SAFETY_RIGHT_BRAKE, Status: 404, Msg: status_code: 404, tag: REST_API_TAG.GET_SAFETY_RIGHT_BRAKE, error: Error transferring http://localhost:8080/robot_ec2b/safety/right_brake - server replied: Not Found
2026-08-21 10:38:45.981 [session=000420] [WARNING] [MainThread] 물리 모터 브레이크 API 미지원(404) - 사이드 브레이크 인터록 비활성화: side=right
2026-08-21 10:38:45.982 [session=000420] [INFO] [MainThread] 물리 모터 브레이크 상태 변경: side=right, engaged=False, all={'left': None, 'right': False}
2026-08-21 10:38:45.985 [session=000420] [INFO] [MainThread] [MOTOR_SIDE_BRAKE] GUI 상태 적용: side=right, engaged=False, left=None, right=False, stop_active=False
2026-08-21 10:38:45.986 [session=000420] [DEBUG] [RestApiThread] _handle_response 호출됨 - tag: REST_API_TAG.GET_ROBOT_LOCK, status_code: 200
2026-08-21 10:38:45.993 [session=000420] [WARNING] [ThreadPoolExecutor-5_0] 로봇 잠금 응답 파싱 실패: {"topic":"/robot_lock","latest":null}
2026-08-21 10:38:45.998 [session=000420] [DEBUG] [RestApiThread] _handle_response 호출됨 - tag: REST_API_TAG.GET_MD_SET_BREAK, status_code: 200
2026-08-21 10:38:45.998 [session=000420] [ERROR] [MainThread] API Error Handler - Tag: REST_API_TAG.GET_SAFETY_LEFT_BRAKE, Status: 404, Msg: status_code: 404, tag: REST_API_TAG.GET_SAFETY_LEFT_BRAKE, error: Error transferring http://localhost:8080/robot_ec2b/safety/left_brake - server replied: Not Found
2026-08-21 10:38:45.999 [session=000420] [WARNING] [ThreadPoolExecutor-5_0] 브레이크 응답 파싱 실패: {"topic":"/md/set_brake","latest":null}
2026-08-21 10:38:46.001 [session=000420] [WARNING] [MainThread] 물리 모터 브레이크 API 미지원(404) - 사이드 브레이크 인터록 비활성화: side=left
2026-08-21 10:38:46.003 [session=000420] [INFO] [MainThread] 물리 모터 브레이크 상태 변경: side=left, engaged=False, all={'left': False, 'right': False}
2026-08-21 10:38:46.004 [session=000420] [INFO] [MainThread] [MOTOR_SIDE_BRAKE] GUI 상태 적용: side=left, engaged=False, left=False, right=False, stop_active=False
2026-08-21 10:38:46.013 [session=000420] [INFO] [SSE-SSE_ROBOT_ERROR_CODES] [SSE_DIAG] connected tag=SSE_ROBOT_ERROR_CODES, status=200, reason=OK, elapsed=4.48s, content_type=text/event-stream; charset=utf-8, url=http://localhost:8080/robot_ec2b/event/robot/error_codes
2026-08-21 10:38:46.014 [session=000420] [INFO] [SSE-SSE_ROBOT_ERROR_CODES] [SSE_DIAG] event received tag=SSE_ROBOT_ERROR_CODES, count=1, event=message, id=None, url=http://localhost:8080/robot_ec2b/event/robot/error_codes, data={"data": "[]"}
2026-08-21 10:38:46.015 [session=000420] [INFO] [SSE-SSE_ROBOT_ERROR_CODES] SSE robot error codes: 0
2026-08-21 10:38:46.015 [session=000420] [INFO] [MainThread] 문제 진단 에러 코드 수신(SSE): 0개, 표시: 0개
2026-08-21 10:38:46.018 [session=000420] [INFO] [RestApiThread] _handle_response (CYCLIC 정상) - tag: REST_API_TAG.GET_ROBOT_STATUS, status: 200, pending→11
2026-08-21 10:38:46.019 [session=000420] [INFO] [SSE-SSE_HOME_POSE] [SSE_DIAG] event received tag=SSE_HOME_POSE, count=1, event=message, id=None, url=http://localhost:8080/robot_ec2b/events/home_pose, data={"header": {"stamp": {"sec": 0, "nanosec": 0}, "frame_id": "map"}, "pose": {"position": {"x": 3.1192162459935915, "y": 1.1022778576180379, "z": 0.0}, "orientation": {"x": 0.0, "y": 0.0, "z": -0.5348746418379224, "w": 0.8449314277021267}}}
2026-08-21 10:38:46.021 [session=000420] [DEBUG] [SSE-SSE_HOME_POSE] SSE home pose: (3.12, 1.10)
2026-08-21 10:38:46.028 [session=000420] [INFO] [MainThread] [필수] Init item complete: robot_status (1/4)
2026-08-21 10:38:46.028 [session=000420] [INFO] [MainThread] 홈 위치 수신: (3.12, 1.10)
2026-08-21 10:38:46.029 [session=000420] [INFO] [MainThread] 홈 위치 서버 값은 있으나 맵 정보가 아직 로드되지 않음 - 맵 로드 후 반영
2026-08-21 10:38:46.029 [session=000420] [INFO] [MainThread] [선택] Init item complete: home_pose (1/5)
2026-08-21 10:38:46.034 [session=000420] [INFO] [RestApiThread] _handle_response (CYCLIC 정상) - tag: REST_API_TAG.GET_ROBOT_POSE, status: 200, pending→10
2026-08-21 10:38:46.036 [session=000420] [WARNING] [MainThread] [MapManager] meter_to_pixel: 맵 정보 미로드
2026-08-21 10:38:46.039 [session=000420] [WARNING] [MainThread] [ControllerManager] 맵 정보 미로드 - 픽셀 변환 실패
2026-08-21 10:38:46.048 [session=000420] [INFO] [RestApiThread] _handle_response (CYCLIC 정상) - tag: REST_API_TAG.GET_SLAM_MODE, status: 200, pending→9
2026-08-21 10:38:46.049 [session=000420] [INFO] [RestApiThread] _handle_response (CYCLIC 정상) - tag: REST_API_TAG.GET_HOME_POSE, status: 200, pending→8
2026-08-21 10:38:46.049 [session=000420] [INFO] [MainThread] MapManager set_slam_mode: slam_mode: False
2026-08-21 10:38:46.050 [session=000420] [INFO] [MainThread] [선택] Init item complete: slam_mode (2/5)
2026-08-21 10:38:46.050 [session=000420] [INFO] [MainThread] 홈 위치 수신: (3.12, 1.10)
2026-08-21 10:38:46.050 [session=000420] [INFO] [MainThread] 홈 위치 서버 값은 있으나 맵 정보가 아직 로드되지 않음 - 맵 로드 후 반영
2026-08-21 10:38:46.052 [session=000420] [DEBUG] [RestApiThread] _handle_response 호출됨 - tag: REST_API_TAG.GET_ROBOT_USE, status_code: 200
2026-08-21 10:38:46.052 [session=000420] [INFO] [ThreadPoolExecutor-5_0] 로봇 용도 데이터 수신: {'current': 'suction', 'usages': []}
2026-08-21 10:38:46.053 [session=000420] [INFO] [MainThread] [REST API] 로봇 용도 데이터 수신: {'current': 'suction', 'usages': []}
2026-08-21 10:38:46.053 [session=000420] [INFO] [MainThread] 현재 로봇 용도 업데이트: suction
2026-08-21 10:38:46.053 [session=000420] [WARNING] [MainThread] 빈 로봇 용도 리스트 수신 - 기존/기본 용도 목록 유지
2026-08-21 10:38:46.055 [session=000420] [INFO] [MainThread] 로봇 용도 리스트 업데이트: ['treatment', 'suction']
2026-08-21 10:38:46.055 [session=000420] [INFO] [MainThread] [선택] Init item complete: robot_use (3/5)
2026-08-21 10:38:46.059 [session=000420] [DEBUG] [RestApiThread] _handle_response 호출됨 - tag: REST_API_TAG.GET_CALLBELL, status_code: 200
2026-08-21 10:38:46.059 [session=000420] [INFO] [ThreadPoolExecutor-5_0] 호출벨 데이터 수신: 5개
2026-08-21 10:38:46.060 [session=000420] [INFO] [MainThread] 호출벨-목적지 동기화 완료: 5개 호출벨
2026-08-21 10:38:46.061 [session=000420] [INFO] [MainThread] 목적지 리스트 반환: destinations=[]
2026-08-21 10:38:46.061 [session=000420] [INFO] [MainThread] 호출벨 목적지 아이콘 UI 갱신: 0개
2026-08-21 10:38:46.061 [session=000420] [INFO] [MainThread] 호출벨 리스트 반환: callbells={'64012cd7': {'name': '호출벨 1', 'usage': 'suction', 'destination': '로비'}, '64132cd7': {'name': '호출벨 2', 'usage': 'suction', 'destination': '수술실'}, '64252cd7': {'name': '호출벨 3', 'usage': 'suction', 'destination': '진료실'}, '64372cd7': {'name': '호출벨 4', 'usage': 'suction', 'destination': '창고'}, '64492cd7': {'name': '호출벨 5', 'usage': 'suction', 'destination': '소독실'}}, robot_usages=['treatment', 'suction']
2026-08-21 10:38:46.077 [session=000420] [INFO] [RestApiThread] _handle_response (CYCLIC 정상) - tag: REST_API_TAG.GET_DESTINATIONS, status: 200, pending→5
2026-08-21 10:38:46.079 [session=000420] [INFO] [MainThread] model_manager set_destinations: 5 items
2026-08-21 10:38:46.079 [session=000420] [INFO] [MainThread] model_manager set_destinations: updated (5 items)
2026-08-21 10:38:46.079 [session=000420] [INFO] [MainThread] [필수] Init item complete: destinations (2/4)
2026-08-21 10:38:46.080 [session=000420] [INFO] [MainThread] 호출벨-목적지 동기화 완료: 5개 호출벨
2026-08-21 10:38:46.082 [session=000420] [DEBUG] [RestApiThread] _handle_response 호출됨 - tag: REST_API_TAG.GET_KEEPOUT_ZONE, status_code: 200
2026-08-21 10:38:46.083 [session=000420] [INFO] [ThreadPoolExecutor-5_0] 금지영역 데이터 수신: 0개
2026-08-21 10:38:46.084 [session=000420] [INFO] [MainThread] 금지영역 데이터 수신: 0개
2026-08-21 10:38:46.084 [session=000420] [INFO] [MainThread] [MapManager] 금지영역 설정: 0개 (costmap worker 대기)
2026-08-21 10:38:46.093 [session=000420] [DEBUG] [MainThread] 📊 로딩 진행률: 50% (완료:50%, 시간:49%, 2/4)
2026-08-21 10:38:46.093 [session=000420] [DEBUG] [RestApiThread] _handle_response 호출됨 - tag: REST_API_TAG.GET_PREFERRED_AREA, status_code: 200
2026-08-21 10:38:46.095 [session=000420] [INFO] [ThreadPoolExecutor-5_0] 선호영역 데이터 수신: 0개
2026-08-21 10:38:46.097 [session=000420] [INFO] [MainThread] 선호영역 데이터 수신: 0개
2026-08-21 10:38:46.097 [session=000420] [INFO] [MainThread] [MapManager] 선호영역 설정: 0개
2026-08-21 10:38:46.114 [session=000420] [DEBUG] [RestApiThread] _handle_response 호출됨 - tag: REST_API_TAG.POST_VOLUME, status_code: 200
2026-08-21 10:38:46.115 [session=000420] [INFO] [RestApiThread] [REST API] 볼륨 POST 성공: status=200, response={"ok":true,"payload":{"data":0.0}}
2026-08-21 10:38:46.147 [session=000420] [DEBUG] [RestApiThread] _handle_response 호출됨 - tag: REST_API_TAG.POST_MAX_SPEED, status_code: 200
2026-08-21 10:38:46.148 [session=000420] [INFO] [RestApiThread] [REST API] 최대 속도 POST 성공: status=200, response={"ok":true,"payload":{"data":0.7}}
2026-08-21 10:38:46.158 [session=000420] [INFO] [RestApiThread] _handle_response (CYCLIC 정상) - tag: REST_API_TAG.GET_MASTER_IP_ADDRESS, status: 200, pending→0
2026-08-21 10:38:46.159 [session=000420] [INFO] [MainThread] My IP : 192.168.104.212
2026-08-21 10:38:46.160 [session=000420] [INFO] [MainThread] Master Status Changed: True (My IP: 192.168.104.212, Master IP: 192.168.104.212)
2026-08-21 10:38:46.160 [session=000420] [INFO] [MainThread] 맵 재검증 요청: master 역할 활성화
2026-08-21 10:38:46.161 [session=000420] [DEBUG] [RestApiThread] GetMapFromRESTAPI 요청 시작
2026-08-21 10:38:46.162 [session=000420] [DEBUG] [RestApiThread] _get_data: 요청 시작 - tag: REST_API_TAG.GET_MAP, url: http://localhost:8080/robot_ec2b/map
2026-08-21 10:38:46.163 [session=000420] [DEBUG] [RestApiThread] _get_data: 요청 전송 완료 - tag: REST_API_TAG.GET_MAP, timeout: 30000ms
2026-08-21 10:38:46.164 [session=000420] [DEBUG] [RestApiThread] 맵 데이터 요청 시작 - 타임아웃: 30000ms
2026-08-21 10:38:46.164 [session=000420] [INFO] [MainThread] voice-event settings 스냅샷 조회 요청: master_ip=192.168.104.212, reason=initial_master_ip
2026-08-21 10:38:46.166 [session=000420] [INFO] [MainThread] [BROWSER_MUSIC_SYNC] event=master_changed master_id=robot_ec2b master_base_url=http://127.0.0.1:5051 is_master=True master_generation=1
2026-08-21 10:38:46.169 [session=000420] [INFO] [browser-music-sync_0] [BROWSER_MUSIC_SYNC] event=catalog_fetch_started master_base_url=http://127.0.0.1:5051
2026-08-21 10:38:46.175 [session=000420] [INFO] [RestApiThread] [REST API] voice-event settings GET 전송: url=http://192.168.104.212:5051/api/voice-event-settings
2026-08-21 10:38:46.207 [session=000420] [INFO] [RestApiThread] [REST API] 배경 음악 GET 전송: operation=selection_get, url=http://127.0.0.1:5051/api/voice-event-settings/background-music?robot_id=robot_ec2b
2026-08-21 10:38:46.214 [session=000420] [INFO] [RestApiThread] [REST API] 배경 음악 GET 전송: operation=resolved_get, url=http://127.0.0.1:5051/api/voice-event-settings/resolved?robot_id=robot_ec2b
2026-08-21 10:38:46.233 [session=000420] [DEBUG] [RestApiThread] _handle_response 호출됨 - tag: REST_API_TAG.GET_VOICE_EVENT_SETTINGS, status_code: 200
2026-08-21 10:38:46.234 [session=000420] [INFO] [RestApiThread] [REST API] voice-event settings GET 성공: master_ip=192.168.104.212, response_len=3246
2026-08-21 10:38:46.241 [session=000420] [INFO] [MainThread] voice-event settings 메모리 상태 갱신: master_ip=192.168.104.212
2026-08-21 10:38:46.264 [session=000420] [INFO] [browser-music-sync_0] [BROWSER_MUSIC_SYNC] event=catalog_fetch_succeeded master_base_url=http://127.0.0.1:5051 item_count=3
2026-08-21 10:38:46.276 [session=000420] [INFO] [RestApiThread] 배경 음악 GET 중복 요청 생략: operation=selection_get, url=http://127.0.0.1:5051/api/voice-event-settings/background-music?robot_id=robot_ec2b
2026-08-21 10:38:46.281 [session=000420] [DEBUG] [RestApiThread] _handle_response 호출됨 - tag: REST_API_TAG.GET_RESOLVED_BACKGROUND_MUSIC, status_code: 200
2026-08-21 10:38:46.289 [session=000420] [INFO] [RestApiThread] [REST API] 배경 음악 GET 전송: operation=resolved_get, url=http://127.0.0.1:5051/api/voice-event-settings/resolved?robot_id=robot_ec2b
2026-08-21 10:38:46.291 [session=000420] [DEBUG] [RestApiThread] _handle_response 호출됨 - tag: REST_API_TAG.GET_BACKGROUND_MUSIC_SETTING, status_code: 200
2026-08-21 10:38:46.327 [session=000420] [DEBUG] [RestApiThread] _handle_response 호출됨 - tag: REST_API_TAG.GET_RESOLVED_BACKGROUND_MUSIC, status_code: 200
2026-08-21 10:38:46.424 [session=000420] [INFO] [MainThread] [MAP_VALUE_STATS] seq=1, route=normal_cache, requested_slam=False, current_slam=False, size=1120x822, total=920640, unknown(-1)=0 (0.00%), free(0)=905241 (98.33%), mid(1-99)=0 (0.00%), occupied(100+)=15399 (1.67%), min=0, max=100
2026-08-21 10:38:46.425 [session=000420] [INFO] [MainThread] [MapManager] 최신 저장 지도 비동기 로드 요청: apply_prepared_map_state
2026-08-21 10:38:46.425 [session=000420] [INFO] [MainThread] [ControllerManager] 저장 지도 비동기 처리 예약: reason=apply_prepared_map_state
2026-08-21 10:38:46.458 [session=000420] [INFO] [MainThread] [MapManager] 확정 지도 캐시 갱신: 1120x822, 0.030m/cell, reason=map_applied
2026-08-21 10:38:46.459 [session=000420] [INFO] [MainThread] [MapManager] 확정 지도 기준 설정: reason=map_applied
2026-08-21 10:38:46.460 [session=000420] [INFO] [MainThread] 홈 위치 캐시 값은 있으나 지도 UI가 아직 준비되지 않음
2026-08-21 10:38:46.460 [session=000420] [INFO] [MainThread] [필수] Init item complete: map (3/4)
2026-08-21 10:38:46.493 [session=000420] [DEBUG] [MainThread] 📊 로딩 진행률: 75% (완료:75%, 시간:53%, 3/4)
2026-08-21 10:38:47.423 [session=000420] [INFO] [MainThread] [MapManager] 확정 지도 캐시 갱신: 1120x822, 0.030m/cell, reason=map_applied
2026-08-21 10:38:47.425 [session=000420] [INFO] [MainThread] [MapManager] 확정 지도 기준 설정: reason=map_applied
2026-08-21 10:38:47.426 [session=000420] [INFO] [MainThread] [ControllerManager] 저장 지도 적용 완료: 1120x822
2026-08-21 10:38:47.426 [session=000420] [INFO] [MainThread] 홈 위치 캐시 값은 있으나 지도 UI가 아직 준비되지 않음
2026-08-21 10:38:47.893 [session=000420] [INFO] [MainThread] ⏰ 로딩 UI warm-up 시작
2026-08-21 10:38:47.893 [session=000420] [INFO] [MainThread] ⏳ Move2DestView 지연 생성 시작
2026-08-21 10:38:48.007 [session=000420] [WARNING] [MainThread] [PERF] Move2DestView.__init__ 지연: 113.3ms, steps: base_view=18.4ms, destination_table=73.6ms
2026-08-21 10:38:48.031 [session=000420] [INFO] [MainThread] 목적지 리스트 반환: destinations=[Destination(name='로비', goal_pose=Pose(x=4.241336459631034, y=-2.361104203714551, qw=0.5097087478206948, qz=0.8603470185890456), bell=Bells(treatment='', suction='64012cd7'), idx=0, color='#e53935'), Destination(name='수술실', goal_pose=Pose(x=4.5199271819089395, y=-3.9219605026851503, qw=0.14533446519134308, qz=-0.9893825818294691), bell=Bells(treatment='', suction='64132cd7'), idx=1, color='#e53935'), Destination(name='진료실', goal_pose=Pose(x=0.11980823444488001, y=-3.735511450600503, qw=0.9963649848510123, qz=0.0851869530083222), bell=Bells(treatment='', suction='64252cd7'), idx=2, color='#e53935'), Destination(name='창고', goal_pose=Pose(x=0.2834625688692579, y=-6.793061814598156, qw=0.5257961572167338, qz=0.850610604834031), bell=Bells(treatment='', suction='64372cd7'), idx=3, color='#e53935'), Destination(name='소독실', goal_pose=Pose(x=-3.4045695907217928, y=-7.611793760201744, qw=0.546869706461766, qz=0.8372177280459497), bell=Bells(treatment='', suction='64492cd7'), idx=4, color='#e53935')]
2026-08-21 10:38:48.032 [session=000420] [INFO] [MainThread] DestinationTableWidget.set_destinations: 5 items
2026-08-21 10:38:48.106 [session=000420] [WARNING] [MainThread] [PERF] DestinationTableWidget.button_batch 지연: buttons=2, index=0->2, 74.1ms
2026-08-21 10:38:48.108 [session=000420] [WARNING] [MainThread] [PERF] DestinationTableWidget.update_buttons 첫 batch 지연: items=7, created=2, 76.5ms
2026-08-21 10:38:48.112 [session=000420] [WARNING] [MainThread] [PERF] DestinationTableWidget.set_destinations 지연: items=5, 80.6ms, steps: buttons=80.3ms
2026-08-21 10:38:48.152 [session=000420] [INFO] [MainThread] ✓ Move2DestView 생성 완료
2026-08-21 10:38:48.166 [session=000420] [INFO] [MainThread] Move2DestView 지연 시그널 연결 완료
2026-08-21 10:38:48.168 [session=000420] [WARNING] [MainThread] [PERF] Move2DestView 생성 단계 지연: 274.3ms, steps: construct=116.3ms, stack_replace=20.8ms, destinations=86.6ms, scale=31.1ms
2026-08-21 10:38:48.169 [session=000420] [WARNING] [MainThread] [PERF] 시작 대상 뷰 생성 지연: view=1, 275.7ms
2026-08-21 10:38:48.172 [session=000420] [INFO] [MainThread] ⏰ ViewManager 무거운 위젯 생성 시작 (틱 분산)
2026-08-21 10:38:48.311 [session=000420] [WARNING] [MainThread] [PERF] DestinationTableWidget.button_batch 지연: buttons=2, index=4->6, 34.6ms
2026-08-21 10:38:48.326 [session=000420] [WARNING] [MainThread] [PERF] DestinationTableWidget.button_build 전체 지연: buttons=7, 293.9ms
2026-08-21 10:38:48.541 [session=000420] [INFO] [MainThread] ScreenContentHost 기본 구조 초기화 완료 (콘텐츠 지연 생성)
2026-08-21 10:38:48.544 [session=000420] [INFO] [MainThread] ✓ ScreenContentHost 기본 구조 생성
2026-08-21 10:38:48.583 [session=000420] [INFO] [MainThread] [ViewStateManager] 초기화 완료 - 초기 상태: NORMAL
2026-08-21 10:38:48.583 [session=000420] [INFO] [MainThread] 화면형 콘텐츠 위젯들의 Custom_button에 ViewManager 참조 전달 완료
2026-08-21 10:38:48.583 [session=000420] [INFO] [MainThread] ScreenContentHost에 ViewManager 참조 설정 완료
2026-08-21 10:38:48.584 [session=000420] [INFO] [MainThread] ✓ ViewStateManager 생성 (중앙 집중식 화면 상태 관리)
2026-08-21 10:38:48.656 [session=000420] [INFO] [MainThread] ✓ 전체화면 복원/최상위 재적용 기능: 비활성화
2026-08-21 10:38:48.698 [session=000420] [INFO] [MainThread] ✅ ViewManager 무거운 위젯 생성 완료
2026-08-21 10:38:48.807 [session=000420] [INFO] [MainThread] RobotContentWidget 초기화 완료 (하위 페이지 lazy 생성)
2026-08-21 10:38:48.816 [session=000420] [INFO] [MainThread] 키보드 매니저가 ScreenContentHost에 연결되었습니다.
2026-08-21 10:38:48.817 [session=000420] [INFO] [MainThread] 키보드 매니저가 RobotContentWidget에 전달되었습니다.
2026-08-21 10:38:48.907 [session=000420] [WARNING] [MainThread] [PERF] 화면형 콘텐츠 생성 단계 지연: robot_content, 112.0ms, steps: construct=10.7ms, replace_placeholder=5.2ms, fixed_scale=2.6ms, created_hooks=91.5ms
2026-08-21 10:38:48.909 [session=000420] [WARNING] [MainThread] [PERF] 화면형 콘텐츠 lazy 생성 지연: robot_content, 114.4ms
2026-08-21 10:38:48.911 [session=000420] [WARNING] [MainThread] [PERF] 로봇 상세 설정 콘텐츠 prewarm 지연: 115.9ms
2026-08-21 10:38:48.912 [session=000420] [INFO] [MainThread] 로봇 상세 설정 콘텐츠 idle prewarm 완료
2026-08-21 10:38:48.962 [session=000420] [INFO] [MainThread] MapContentWidget 초기화 완료 (내부 지도/SLAM 위젯 lazy 준비) (컨테이너: 1024x536, 내부: 1024x536)
2026-08-21 10:38:48.968 [session=000420] [INFO] [MainThread] 키보드 매니저가 ScreenContentHost에 연결되었습니다.
2026-08-21 10:38:48.969 [session=000420] [INFO] [MainThread] 키보드 매니저가 RobotContentWidget에 전달되었습니다.
2026-08-21 10:38:48.970 [session=000420] [INFO] [MainThread] 사이드바 지도 콘텐츠 lazy 생성 시그널 연결 완료
2026-08-21 10:38:48.970 [session=000420] [INFO] [MainThread]   홈 위치 캐시 → 픽셀 좌표로 변환 및 UI 업데이트: (894.0, 100.9)
2026-08-21 10:38:48.972 [session=000420] [INFO] [MainThread] 지도 콘텐츠 컨테이너 prewarm 완료: 14.5ms
2026-08-21 10:38:48.972 [session=000420] [DEBUG] [MainThread] MapContentWidget.update_map_data() 호출: map_arrays=True, force_clear=False, 현재 인덱스=0, map_view_widget_ready=False
2026-08-21 10:38:48.973 [session=000420] [DEBUG] [MainThread]   맵 배열 크기: 1120x822
2026-08-21 10:38:48.997 [session=000420] [INFO] [MainThread] [slam_config] 로봇 표시 크기: 0.20m × 0.20m
2026-08-21 10:38:48.998 [session=000420] [INFO] [MainThread] [slam_config] 센서 전방 오프셋: +180.0°
2026-08-21 10:38:49.002 [session=000420] [INFO] [MainThread] MapContentWidget 지도 보기 위젯 lazy 생성 시작
2026-08-21 10:38:49.166 [session=000420] [INFO] [MainThread] MapDetailWidget_Position(QGraphicsView) 초기화 완료
2026-08-21 10:38:49.270 [session=000420] [DEBUG] [MainThread] === MapDetailWidget_Position(QGraphicsView): update_map_data 호출 ===
2026-08-21 10:38:49.275 [session=000420] [DEBUG] [MainThread] 지도 렌더링 완료: 1120x822, refit=True
2026-08-21 10:38:49.275 [session=000420] [INFO] [MainThread] 홈 위치 표시 업데이트: (894.0, 100.9)
2026-08-21 10:38:49.284 [session=000420] [INFO] [MainThread] ScreenContentHost MapView 지도 위치/영역 시그널 연결 완료
2026-08-21 10:38:49.285 [session=000420] [INFO] [MainThread] 사이드바 지도 위젯의 scan_filtered/scan_bottom_filtered 오버레이 시그널 연결 완료
2026-08-21 10:38:49.285 [session=000420] [INFO] [MainThread] MapContentWidget 지도 보기 위젯 lazy 생성 완료
2026-08-21 10:38:49.285 [session=000420] [WARNING] [MainThread] [PERF] 지도 보기 콘텐츠 prewarm 지연: 313.0ms
2026-08-21 10:38:49.287 [session=000420] [WARNING] [MainThread] [PERF] 로딩 중 지도 콘텐츠 prewarm 지연: 329.2ms
2026-08-21 10:38:49.302 [session=000420] [DEBUG] [MainThread] 📊 로딩 진행률: 81% (완료:75%, 시간:81%, 3/4)
2026-08-21 10:38:49.311 [session=000420] [INFO] [MainThread] ✅ 로딩 UI warm-up 완료 (필수 UI만 준비)
2026-08-21 10:38:49.312 [session=000420] [INFO] [MainThread] 키보드 매니저가 ScreenContentHost에 연결되었습니다.
2026-08-21 10:38:49.312 [session=000420] [INFO] [MainThread] 키보드 매니저가 RobotContentWidget에 전달되었습니다.
2026-08-21 10:38:49.314 [session=000420] [INFO] [MainThread] 목적지 리스트 반환: destinations=[Destination(name='로비', goal_pose=Pose(x=4.241336459631034, y=-2.361104203714551, qw=0.5097087478206948, qz=0.8603470185890456), bell=Bells(treatment='', suction='64012cd7'), idx=0, color='#e53935'), Destination(name='수술실', goal_pose=Pose(x=4.5199271819089395, y=-3.9219605026851503, qw=0.14533446519134308, qz=-0.9893825818294691), bell=Bells(treatment='', suction='64132cd7'), idx=1, color='#e53935'), Destination(name='진료실', goal_pose=Pose(x=0.11980823444488001, y=-3.735511450600503, qw=0.9963649848510123, qz=0.0851869530083222), bell=Bells(treatment='', suction='64252cd7'), idx=2, color='#e53935'), Destination(name='창고', goal_pose=Pose(x=0.2834625688692579, y=-6.793061814598156, qw=0.5257961572167338, qz=0.850610604834031), bell=Bells(treatment='', suction='64372cd7'), idx=3, color='#e53935'), Destination(name='소독실', goal_pose=Pose(x=-3.4045695907217928, y=-7.611793760201744, qw=0.546869706461766, qz=0.8372177280459497), bell=Bells(treatment='', suction='64492cd7'), idx=4, color='#e53935')]
2026-08-21 10:38:49.314 [session=000420] [INFO] [MainThread] DestinationTableWidget.set_destinations: 5 items
2026-08-21 10:38:49.314 [session=000420] [INFO] [MainThread] 목적지 데이터 로드 예약: 5개
2026-08-21 10:38:49.314 [session=000420] [INFO] [MainThread] [필수] Init item complete: ui_warmup (4/4)
2026-08-21 10:38:49.324 [session=000420] [INFO] [MainThread] 지도 콘텐츠 컨테이너 prewarm 완료: 0.0ms
2026-08-21 10:38:49.324 [session=000420] [DEBUG] [MainThread] MapContentWidget.update_map_data() 호출: map_arrays=True, force_clear=False, 현재 인덱스=0, map_view_widget_ready=True
2026-08-21 10:38:49.324 [session=000420] [DEBUG] [MainThread]   맵 배열 크기: 1120x822
2026-08-21 10:38:49.325 [session=000420] [DEBUG] [MainThread] === MapDetailWidget_Position(QGraphicsView): update_map_data 호출 ===
2026-08-21 10:38:49.330 [session=000420] [DEBUG] [MainThread] 동일 지도 데이터 - 픽스맵 재렌더링 스킵
2026-08-21 10:38:49.331 [session=000420] [INFO] [MainThread] 지도 보기 콘텐츠 prewarm 완료: 6.8ms
2026-08-21 10:38:49.333 [session=000420] [INFO] [MainThread] === update_map_data_to_sidebar 호출 ===
2026-08-21 10:38:49.333 [session=000420] [INFO] [MainThread] MapManager에서 지도 데이터 가져옴: True
2026-08-21 10:38:49.333 [session=000420] [INFO] [MainThread] 지도 데이터를 사이드바 MapContentWidget에 전달
2026-08-21 10:38:49.333 [session=000420] [DEBUG] [MainThread] MapContentWidget.update_map_data() 호출: map_arrays=True, force_clear=False, 현재 인덱스=0, map_view_widget_ready=True
2026-08-21 10:38:49.333 [session=000420] [DEBUG] [MainThread]   맵 배열 크기: 1120x822
2026-08-21 10:38:49.333 [session=000420] [DEBUG] [MainThread] === MapDetailWidget_Position(QGraphicsView): update_map_data 호출 ===
2026-08-21 10:38:49.334 [session=000420] [DEBUG] [MainThread] 동일 지도 데이터 - 픽스맵 재렌더링 스킵
2026-08-21 10:38:49.334 [session=000420] [INFO] [MainThread] 로봇 위치를 사이드바에 업데이트: (895.2, 97.2)
2026-08-21 10:38:49.399 [session=000420] [DEBUG] [MainThread] 📊 로딩 진행률: 95% (완료:100%, 시간:82%, 4/4)
2026-08-21 10:38:49.399 [session=000420] [INFO] [MainThread] All initialization items complete (4/4)
2026-08-21 10:38:50.489 [session=000420] [INFO] [MainThread] [MAIN_THREAD_HEARTBEAT] GUI main thread alive: thread=MainThread
2026-08-21 10:38:50.508 [session=000420] [INFO] [SSE-SSE_BATTERY_LOW_SHUTDOWN] [SSE_DIAG] connect attempt tag=SSE_BATTERY_LOW_SHUTDOWN, reconnect=1, url=http://localhost:8080/robot_ec2b/events/battery/low_shutdown
2026-08-21 10:38:50.555 [session=000420] [DEBUG] [RestApiThread] _handle_response 호출됨 - tag: REST_API_TAG.GET_MAP, status_code: 200
2026-08-21 10:38:50.559 [session=000420] [DEBUG] [ThreadPoolExecutor-5_0] [맵 처리] 이전 GET_MAP payload와 동일하여 역직렬화 스킵
2026-08-21 10:38:50.614 [session=000420] [INFO] [SSE-SSE_BATTERY_LOW_SHUTDOWN] [SSE_DIAG] connected tag=SSE_BATTERY_LOW_SHUTDOWN, status=404, reason=Not Found, elapsed=0.11s, content_type=application/json, url=http://localhost:8080/robot_ec2b/events/battery/low_shutdown
2026-08-21 10:38:50.615 [session=000420] [ERROR] [SSE-SSE_BATTERY_LOW_SHUTDOWN] [SSE_DIAG] non-200 response tag=SSE_BATTERY_LOW_SHUTDOWN, status=404, reason=Not Found, url=http://localhost:8080/robot_ec2b/events/battery/low_shutdown
2026-08-21 10:38:50.618 [session=000420] [INFO] [SSE-SSE_BATTERY_LOW_SHUTDOWN] [SSE_DIAG] reconnect wait tag=SSE_BATTERY_LOW_SHUTDOWN, delay=10s, reconnect=2, reason=HTTP 404, url=http://localhost:8080/robot_ec2b/events/battery/low_shutdown
2026-08-21 10:38:51.506 [session=000420] [INFO] [MainThread] model_manager set_destinations: unchanged (5 items) - emit skipped
2026-08-21 10:38:51.521 [session=000420] [INFO] [MainThread] My IP : 192.168.104.212
2026-08-21 10:38:51.694 [session=000420] [INFO] [MainThread] ================================================================================
2026-08-21 10:38:51.702 [session=000420] [INFO] [MainThread] 🎯 로딩 타임아웃 - 화면 전환 시작
2026-08-21 10:38:51.702 [session=000420] [INFO] [MainThread] ================================================================================
2026-08-21 10:38:51.703 [session=000420] [DEBUG] [RestApiThread] [LockByTouch] [REST API] SendRobotLock(False)
2026-08-21 10:38:51.703 [session=000420] [INFO] [MainThread] ✓ 시작 시 바퀴 락 해제 완료
2026-08-21 10:38:51.705 [session=000420] [INFO] [MainThread] ================================================================================
2026-08-21 10:38:51.705 [session=000420] [INFO] [MainThread] 📍 목적지 이동 화면으로 전환 시도
2026-08-21 10:38:51.706 [session=000420] [INFO] [MainThread]    - 맵 로드 상태: ✓
2026-08-21 10:38:51.706 [session=000420] [INFO] [MainThread]    - 목적지 개수: 5
2026-08-21 10:38:51.706 [session=000420] [INFO] [MainThread]    - 로봇 상태: ROBOT_STATE_STANDBY
2026-08-21 10:38:51.706 [session=000420] [INFO] [MainThread] ================================================================================
2026-08-21 10:38:51.707 [session=000420] [INFO] [MainThread] ================================================================================
2026-08-21 10:38:51.708 [session=000420] [INFO] [MainThread] ✅ 로딩 완료 - 로딩 화면 표시 후 소요 시간: 11.52초
2026-08-21 10:38:51.711 [session=000420] [INFO] [MainThread] ================================================================================
2026-08-21 10:38:51.733 [session=000420] [DEBUG] [RestApiThread] _handle_response 호출됨 - tag: REST_API_TAG.POST_ROBOT_LOCK, status_code: 200
2026-08-21 10:38:51.734 [session=000420] [DEBUG] [ThreadPoolExecutor-5_0] 백그라운드 파싱 대상이 아닌 REST 태그: REST_API_TAG.POST_ROBOT_LOCK
2026-08-21 10:38:51.785 [session=000420] [INFO] [RestApiThread] [SSE_DIAG] start requested tag=SSE_CALLBELL_SYNC, url=http://localhost:8080/robot_ec2b/events/callbell, timeout=None
2026-08-21 10:38:51.787 [session=000420] [INFO] [SSE-SSE_CALLBELL_SYNC] [SSE_DIAG] connect attempt tag=SSE_CALLBELL_SYNC, reconnect=0, url=http://localhost:8080/robot_ec2b/events/callbell
2026-08-21 10:38:51.794 [session=000420] [INFO] [MainThread] 지연 뷰는 첫 진입 시 생성하도록 유지
2026-08-21 10:38:51.798 [session=000420] [DEBUG] [RestApiThread] GetCallBellFromRESTAPI 요청 시작
2026-08-21 10:38:51.799 [session=000420] [DEBUG] [RestApiThread] _get_data: 요청 시작 - tag: REST_API_TAG.GET_CALLBELL, url: http://localhost:8080/robot_ec2b/callbell
2026-08-21 10:38:51.799 [session=000420] [INFO] [MainThread] [SoundManager] sound list 백그라운드 preload 시작
2026-08-21 10:38:51.800 [session=000420] [DEBUG] [RestApiThread] _get_data: 요청 전송 완료 - tag: REST_API_TAG.GET_CALLBELL, timeout: 30000ms
2026-08-21 10:38:51.819 [session=000420] [INFO] [MainThread] ================================================================================
2026-08-21 10:38:51.820 [session=000420] [INFO] [MainThread] ✅ 시스템 초기화 완료 - 목적지 이동 화면 표시
2026-08-21 10:38:51.821 [session=000420] [INFO] [RestApiThread] [SSE_DIAG] start requested tag=SSE_MD_SET_BREAK, url=http://localhost:8080/robot_ec2b/events/md/set_brake, timeout=None
2026-08-21 10:38:51.823 [session=000420] [INFO] [MainThread] ================================================================================
2026-08-21 10:38:51.828 [session=000420] [INFO] [SSE-SSE_MD_SET_BREAK] [SSE_DIAG] connect attempt tag=SSE_MD_SET_BREAK, reconnect=0, url=http://localhost:8080/robot_ec2b/events/md/set_brake
2026-08-21 10:38:51.835 [session=000420] [DEBUG] [RestApiThread] _handle_response 호출됨 - tag: REST_API_TAG.GET_CALLBELL, status_code: 200
2026-08-21 10:38:51.842 [session=000420] [INFO] [ThreadPoolExecutor-5_0] 호출벨 데이터 수신: 5개
2026-08-21 10:38:51.844 [session=000420] [INFO] [SSE-SSE_CALLBELL_SYNC] [SSE_DIAG] connected tag=SSE_CALLBELL_SYNC, status=200, reason=OK, elapsed=0.06s, content_type=text/event-stream; charset=utf-8, url=http://localhost:8080/robot_ec2b/events/callbell
2026-08-21 10:38:51.846 [session=000420] [INFO] [SSE-SSE_CALLBELL_SYNC] [SSE_DIAG] event received tag=SSE_CALLBELL_SYNC, count=1, event=message, id=None, url=http://localhost:8080/robot_ec2b/events/callbell, data={"data": "{\"callbells\": {\"64012cd7\": {\"name\": \"\ud638\ucd9c\ubca8 1\", \"usage\": \"suction\", \"destination\": \"\ub85c\ube44\"}, \"64132cd7\": {\"name\": \"\ud638\ucd9c\ubca8 2\", \"usage\": \"suction\", \"destination\": \"\uc218\uc220\uc2e4\"}, \"64252cd7\": {\"name\": \"\ud638\ucd9c\ubca8 3\", \"usage\": \"suction\", \"destination\": \"\uc9c4\ub8cc\uc2e4\"}, \"64372cd7\": {\"name\": \"\ud638\ucd9c\ubca8 4\", \"usage\": \"suction\", \"destination\": \"\ucc3d\uace0\"}, \"64492cd7\": {\"...(len=684)
2026-08-21 10:38:51.846 [session=000420] [INFO] [SSE-SSE_CALLBELL_SYNC] [CALLBELL SSE] 목록 변경 신호 감지: url=http://localhost:8080/robot_ec2b/events/callbell, raw={"data": "{\"callbells\": {\"64012cd7\": {\"name\": \"\ud638\ucd9c\ubca8 1\", \"usage\": \"suction\", \"destination\": \"\ub85c\ube44\"}, \"64132cd7\": {\"name\": \"\ud638\ucd9c\ubca8 2\", \"usage\": \"suction\", \"destination\": \"\uc218\uc220\uc2e4\"}, \"64252cd7\": {\"name\": \"\ud638\ucd9c\ubca8 3\", \"usage\": \"suction\", \"destination\": \"\uc9c4\ub8cc\uc2e4\"}, \"64372cd7\": {\"name\": \"\ud638\ucd9c\ubca8 4\", \"usage\": \"suction\", \"destination\": \"\ucc3d\uace0\"}, \"64492cd7\": {\"...(len=684)
2026-08-21 10:38:51.847 [session=000420] [INFO] [SSE-SSE_MD_SET_BREAK] [SSE_DIAG] connected tag=SSE_MD_SET_BREAK, status=200, reason=OK, elapsed=0.02s, content_type=text/event-stream; charset=utf-8, url=http://localhost:8080/robot_ec2b/events/md/set_brake
2026-08-21 10:38:51.941 [session=000420] [INFO] [MainThread] 호출벨-목적지 동기화 완료: 5개 호출벨
2026-08-21 10:38:51.942 [session=000420] [INFO] [MainThread] 목적지 리스트 반환: destinations=[Destination(name='로비', goal_pose=Pose(x=4.241336459631034, y=-2.361104203714551, qw=0.5097087478206948, qz=0.8603470185890456), bell=Bells(treatment='', suction='64012cd7'), idx=0, color='#e53935'), Destination(name='수술실', goal_pose=Pose(x=4.5199271819089395, y=-3.9219605026851503, qw=0.14533446519134308, qz=-0.9893825818294691), bell=Bells(treatment='', suction='64132cd7'), idx=1, color='#e53935'), Destination(name='진료실', goal_pose=Pose(x=0.11980823444488001, y=-3.735511450600503, qw=0.9963649848510123, qz=0.0851869530083222), bell=Bells(treatment='', suction='64252cd7'), idx=2, color='#e53935'), Destination(name='창고', goal_pose=Pose(x=0.2834625688692579, y=-6.793061814598156, qw=0.5257961572167338, qz=0.850610604834031), bell=Bells(treatment='', suction='64372cd7'), idx=3, color='#e53935'), Destination(name='소독실', goal_pose=Pose(x=-3.4045695907217928, y=-7.611793760201744, qw=0.546869706461766, qz=0.8372177280459497), bell=Bells(treatment='', suction='64492cd7'), idx=4, color='#e53935')]
2026-08-21 10:38:51.942 [session=000420] [INFO] [MainThread] 호출벨 목적지 아이콘 UI 갱신: 5개
2026-08-21 10:38:51.942 [session=000420] [INFO] [MainThread] 호출벨 리스트 반환: callbells={'64012cd7': {'name': '호출벨 1', 'usage': 'suction', 'destination': '로비'}, '64132cd7': {'name': '호출벨 2', 'usage': 'suction', 'destination': '수술실'}, '64252cd7': {'name': '호출벨 3', 'usage': 'suction', 'destination': '진료실'}, '64372cd7': {'name': '호출벨 4', 'usage': 'suction', 'destination': '창고'}, '64492cd7': {'name': '호출벨 5', 'usage': 'suction', 'destination': '소독실'}}, robot_usages=['treatment', 'suction']
2026-08-21 10:38:51.943 [session=000420] [INFO] [MainThread] 호출벨 목록 변경 SSE 수신 - REST API 재조회: payload={"data": "{\"callbells\": {\"64012cd7\": {\"name\": \"\ud638\ucd9c\ubca8 1\", \"usage\": \"suction\", \"destination\": \"\ub85c\ube44\"}, \"64132cd7\": {\"name\": \"\ud638\ucd9c\ubca8 2\", \"usage\": 
2026-08-21 10:38:51.943 [session=000420] [DEBUG] [RestApiThread] GetCallBellFromRESTAPI 요청 시작
2026-08-21 10:38:51.944 [session=000420] [DEBUG] [RestApiThread] _get_data: 요청 시작 - tag: REST_API_TAG.GET_CALLBELL, url: http://localhost:8080/robot_ec2b/callbell
2026-08-21 10:38:51.945 [session=000420] [INFO] [MainThread] DestinationTableWidget.set_destinations: 5 items
2026-08-21 10:38:51.945 [session=000420] [DEBUG] [RestApiThread] _get_data: 요청 전송 완료 - tag: REST_API_TAG.GET_CALLBELL, timeout: 30000ms
2026-08-21 10:38:51.960 [session=000420] [DEBUG] [RestApiThread] _handle_response 호출됨 - tag: REST_API_TAG.GET_CALLBELL, status_code: 200
2026-08-21 10:38:51.961 [session=000420] [INFO] [ThreadPoolExecutor-5_0] 호출벨 데이터 수신: 5개
2026-08-21 10:38:51.962 [session=000420] [INFO] [MainThread] 호출벨-목적지 동기화 완료: 5개 호출벨
2026-08-21 10:38:51.963 [session=000420] [INFO] [MainThread] 목적지 리스트 반환: destinations=[Destination(name='로비', goal_pose=Pose(x=4.241336459631034, y=-2.361104203714551, qw=0.5097087478206948, qz=0.8603470185890456), bell=Bells(treatment='', suction='64012cd7'), idx=0, color='#e53935'), Destination(name='수술실', goal_pose=Pose(x=4.5199271819089395, y=-3.9219605026851503, qw=0.14533446519134308, qz=-0.9893825818294691), bell=Bells(treatment='', suction='64132cd7'), idx=1, color='#e53935'), Destination(name='진료실', goal_pose=Pose(x=0.11980823444488001, y=-3.735511450600503, qw=0.9963649848510123, qz=0.0851869530083222), bell=Bells(treatment='', suction='64252cd7'), idx=2, color='#e53935'), Destination(name='창고', goal_pose=Pose(x=0.2834625688692579, y=-6.793061814598156, qw=0.5257961572167338, qz=0.850610604834031), bell=Bells(treatment='', suction='64372cd7'), idx=3, color='#e53935'), Destination(name='소독실', goal_pose=Pose(x=-3.4045695907217928, y=-7.611793760201744, qw=0.546869706461766, qz=0.8372177280459497), bell=Bells(treatment='', suction='64492cd7'), idx=4, color='#e53935')]
2026-08-21 10:38:51.963 [session=000420] [INFO] [MainThread] 호출벨 리스트 반환: callbells={'64012cd7': {'name': '호출벨 1', 'usage': 'suction', 'destination': '로비'}, '64132cd7': {'name': '호출벨 2', 'usage': 'suction', 'destination': '수술실'}, '64252cd7': {'name': '호출벨 3', 'usage': 'suction', 'destination': '진료실'}, '64372cd7': {'name': '호출벨 4', 'usage': 'suction', 'destination': '창고'}, '64492cd7': {'name': '호출벨 5', 'usage': 'suction', 'destination': '소독실'}}, robot_usages=['treatment', 'suction']
2026-08-21 10:38:52.319 [session=000420] [INFO] [MainThread] 외부 안내 음성 설정 조회 요청: master_ip=192.168.104.212, robot_id=robot_ec2b, language=ko, event_id=startup_welcome
2026-08-21 10:38:52.321 [session=000420] [INFO] [RestApiThread] [REST API] voice-event command GET 전송: url=http://192.168.104.212:5051/api/voice-event-settings/command?robot_id=robot_ec2b&language=ko&event_id=startup_welcome
2026-08-21 10:38:52.339 [session=000420] [DEBUG] [RestApiThread] _handle_response 호출됨 - tag: REST_API_TAG.GET_VOICE_EVENT_COMMAND, status_code: 200
2026-08-21 10:38:52.341 [session=000420] [INFO] [RestApiThread] voice-event command 수신: event_id=startup_welcome, language=ko, command=tts:안녕하세요.
2026-08-21 10:38:52.344 [session=000420] [INFO] [MainThread] 스피커 idle 대기 후 사운드 명령 전송 예정: command=tts:안녕하세요., pending_count=1
2026-08-21 10:38:52.350 [session=000420] [INFO] [MainThread] 스피커 상태 조회 API 호출: command=tts:안녕하세요., pending_count=1
2026-08-21 10:38:52.351 [session=000420] [DEBUG] [RestApiThread] _get_data: 요청 시작 - tag: REST_API_TAG.GET_SPEAKER_STATUS, url: http://localhost:8080/robot_ec2b/speaker/status
2026-08-21 10:38:52.353 [session=000420] [DEBUG] [RestApiThread] _get_data: 요청 전송 완료 - tag: REST_API_TAG.GET_SPEAKER_STATUS, timeout: 30000ms
2026-08-21 10:38:52.362 [session=000420] [DEBUG] [RestApiThread] _handle_response 호출됨 - tag: REST_API_TAG.GET_SPEAKER_STATUS, status_code: 200
2026-08-21 10:38:52.364 [session=000420] [INFO] [MainThread] 스피커 상태 조회 응답: status=idle, command=tts:안녕하세요., pending_count=1
2026-08-21 10:38:52.364 [session=000420] [INFO] [MainThread] 스피커 idle 확인 - 음성 재생 API 호출: command=tts:안녕하세요., remaining_count=0
2026-08-21 10:38:52.366 [session=000420] [INFO] [MainThread] 음성 재생 API 호출 완료: command=tts:안녕하세요.
2026-08-21 10:38:52.367 [session=000420] [INFO] [RestApiThread] [REST API] 음성 재생 POST 전송 직전: url=http://localhost:8080/robot_ec2b/speaker/sound_command, payload={"data": "tts:\uc548\ub155\ud558\uc138\uc694."}, timeout=30000ms, pending_before=0
2026-08-21 10:38:52.368 [session=000420] [INFO] [RestApiThread] [REST API] 음성 재생 POST 전송 등록 완료: url=http://localhost:8080/robot_ec2b/speaker/sound_command, reply_id=281470816870848, pending_after=1
2026-08-21 10:38:52.397 [session=000420] [DEBUG] [RestApiThread] _handle_response 호출됨 - tag: REST_API_TAG.POST_SOUND_COMMAND, status_code: 200
2026-08-21 10:38:52.400 [session=000420] [INFO] [RestApiThread] [REST API] 음성 재생 POST 성공: status=200, pending→0, response={"ok":true,"payload":{"data":"tts:안녕하세요."}}
2026-08-21 10:38:54.452 [session=000420] [INFO] [MainThread] 배터리 로거 초기화 완료
2026-08-21 10:38:54.455 [session=000420] [INFO] [ThreadPoolExecutor-7_0] 배터리 로그 로드 완료: 580개 레코드
2026-08-21 10:38:54.492 [session=000420] [INFO] [MainThread] 🔊 SoundManager 초기화 시작 (QtMultimedia worker)
2026-08-21 10:38:54.497 [session=000420] [INFO] [MainThread] Loading sound list from: /home/dentium/robot_GUIs/app/config/sound_list.json
2026-08-21 10:38:54.502 [session=000420] [DEBUG] [MainThread] [SoundManager] 볼륨 설정: 50%
2026-08-21 10:38:54.503 [session=000420] [INFO] [MainThread] [SoundManager] BGM 프로세스 시작: program=/home/dentium/robot_GUIs/.venv/bin/python3, args=-u /home/dentium/robot_GUIs/app/resources/sounds/bgm_player_process.py
2026-08-21 10:38:54.651 [session=000420] [INFO] [MainThread] SoundManager initialized. backend=qt-worker+bgm-process
2026-08-21 10:38:54.651 [session=000420] [INFO] [Dummy-6] [SoundManager] HDMI 오디오 장치 선택: Built-in Audio Digital Stereo (HDMI)
2026-08-21 10:38:54.654 [session=000420] [DEBUG] [MainThread] [SoundManager] 볼륨 설정: 14%
2026-08-21 10:38:54.654 [session=000420] [INFO] [Dummy-6] [SoundManager] QtMultimedia worker initialized thread=QtAudioWorkerThread, device=Built-in Audio Digital Stereo (HDMI)
2026-08-21 10:38:54.654 [session=000420] [DEBUG] [Dummy-6] [SoundManager] 워커 볼륨 설정: 50%
2026-08-21 10:38:54.655 [session=000420] [DEBUG] [Dummy-6] [SoundManager] 워커 볼륨 설정: 14%
2026-08-21 10:38:54.655 [session=000420] [INFO] [MainThread] [INIT] 설정 파일 볼륨 적용: 14% (muted)
2026-08-21 10:38:54.655 [session=000420] [INFO] [MainThread] ViewManager에 SoundManager 참조 설정 완료
2026-08-21 10:38:54.655 [session=000420] [DEBUG] [Dummy-6] [SoundManager] 워커 볼륨 설정: 0%
2026-08-21 10:38:54.655 [session=000420] [INFO] [MainThread] [SoundManager] 오디오 keepalive warm-up 생략: DENTIUM_AUDIO_KEEPALIVE=1에서만 활성
2026-08-21 10:38:54.657 [session=000420] [INFO] [MainThread] 버튼 클릭 사운드 warm-up 완료: button0.wav
2026-08-21 10:38:54.659 [session=000420] [INFO] [MainThread] ✅ SoundManager 초기화 완료
2026-08-21 10:38:54.661 [session=000420] [INFO] [Dummy-6] [AUDIO_DIAG] cached effect created device=Built-in Audio Digital Stereo (HDMI), path=/home/dentium/robot_GUIs/app/resources/sounds/sounds/button0.wav
2026-08-21 10:38:54.663 [session=000420] [INFO] [MainThread] SoundManager worker ready. device=Built-in Audio Digital Stereo (HDMI)
2026-08-21 10:38:54.666 [session=000420] [DEBUG] [Dummy-6] [AUDIO_DIAG] cached effect status status=Ready, path=/home/dentium/robot_GUIs/app/resources/sounds/sounds/button0.wav
2026-08-21 10:38:54.670 [session=000420] [INFO] [MainThread] [SoundManager] BGM 프로세스 started
2026-08-21 10:38:55.141 [session=000420] [INFO] [MainThread] [Logger] Session 000420 opened: /home/dentium/robot_GUIs/log/log_session_000420_20260821_103839.log
2026-08-21 10:38:55.140 [session=000420] [INFO] [MainThread] [BGM_PROCESS] HDMI 오디오 장치 선택: Built-in Audio Digital Stereo (HDMI)
2026-08-21 10:38:55.143 [session=000420] [INFO] [MainThread] [BGM_PROCESS] initialized pid=3865, device=Built-in Audio Digital Stereo (HDMI)
2026-08-21 10:38:55.144 [session=000420] [INFO] [MainThread] [SoundManager] BGM 프로세스 ready: pid=3865, device=Built-in Audio Digital Stereo (HDMI)
2026-08-21 10:38:55.491 [session=000420] [INFO] [MainThread] [MAIN_THREAD_HEARTBEAT] GUI main thread alive: thread=MainThread
2026-08-21 10:38:56.577 [session=000420] [INFO] [MainThread] SettingContentWidget 초기화 완료 (상세 화면 lazy 생성)
2026-08-21 10:38:56.602 [session=000420] [INFO] [MainThread] 키보드 매니저가 ScreenContentHost에 연결되었습니다.
2026-08-21 10:38:56.603 [session=000420] [INFO] [MainThread] 키보드 매니저가 RobotContentWidget에 전달되었습니다.
2026-08-21 10:38:56.618 [session=000420] [WARNING] [MainThread] [PERF] 화면형 콘텐츠 생성 단계 지연: system_content, 74.9ms, steps: import_class=16.9ms, construct=19.1ms, replace_placeholder=21.9ms, fixed_scale_skip=0.0ms, created_hooks=16.7ms
2026-08-21 10:38:56.620 [session=000420] [INFO] [MainThread] 일반 설정 콘텐츠 prewarm 완료: 76.9ms
2026-08-21 10:38:56.621 [session=000420] [INFO] [MainThread] 일반 설정 콘텐츠 idle prewarm 완료
2026-08-21 10:38:59.197 [session=000420] [WARNING] [MainThread] [PERF] SettingDetailWidget_Network.__init__ 지연: 105.0ms, steps: imports=19.0ms, base_setup=9.2ms, state_timers=3.6ms, wifi_power_controls=2.8ms, dashboard_panel=4.1ms, saved_network_list=31.2ms, scanned_network_list=21.7ms, loading_indicator=4.4ms, power_ui_init=2.4ms
2026-08-21 10:38:59.235 [session=000420] [WARNING] [MainThread] [PERF] SettingContentWidget page 생성 지연: page=network, 143.3ms, steps: construct_and_signals=111.5ms, replace_placeholder=31.4ms, fixed_scale_skip=0.0ms
2026-08-21 10:38:59.242 [session=000420] [INFO] [MainThread] 키보드 매니저가 ScreenContentHost에 연결되었습니다.
2026-08-21 10:38:59.243 [session=000420] [INFO] [MainThread] 키보드 매니저가 RobotContentWidget에 전달되었습니다.
2026-08-21 10:38:59.248 [session=000420] [WARNING] [MainThread] [PERF] 시스템 상세 콘텐츠 prewarm 지연: 156.5ms, pages=network
2026-08-21 10:38:59.249 [session=000420] [INFO] [MainThread] 네트워크 설정 콘텐츠 idle prewarm 완료
2026-08-21 10:38:59.914 [session=000420] [INFO] [MainThread] WiFi Scan Results Summary:
2026-08-21 10:38:59.915 [session=000420] [INFO] [MainThread]  - Raw networks from scan: 1
2026-08-21 10:38:59.915 [session=000420] [INFO] [MainThread]  - Unique SSIDs to display: 1
2026-08-21 10:38:59.915 [session=000420] [INFO] [MainThread]  - Connected networks (top): 1
2026-08-21 10:38:59.915 [session=000420] [INFO] [MainThread]  - Disconnected networks: 0
2026-08-21 10:38:59.966 [session=000420] [DEBUG] [MainThread] SSID: Dentium_wifi, SIGNAL: 84
2026-08-21 10:38:59.967 [session=000420] [WARNING] [MainThread] [PERF] 네트워크 리스트 위젯 생성 배치 지연: 49.4ms
2026-08-21 10:39:00.112 [session=000420] [INFO] [MainThread] WiFi Scan Results Summary: 재생성 중 메타 갱신 지연 적용
2026-08-21 10:39:00.114 [session=000420] [INFO] [MainThread] WiFi Scan Results Summary:
2026-08-21 10:39:00.114 [session=000420] [INFO] [MainThread]  - Raw networks from scan: 10
2026-08-21 10:39:00.114 [session=000420] [INFO] [MainThread]  - Unique SSIDs to display: 10
2026-08-21 10:39:00.114 [session=000420] [INFO] [MainThread]  - Connected networks (top): 0
2026-08-21 10:39:00.115 [session=000420] [INFO] [MainThread]  - Disconnected networks: 10
2026-08-21 10:39:00.164 [session=000420] [WARNING] [MainThread] [PERF] 네트워크 리스트 UI 배치 반영 지연: 43.2ms
2026-08-21 10:39:00.203 [session=000420] [DEBUG] [MainThread] SSID: robot_cam, SIGNAL: 100
2026-08-21 10:39:00.219 [session=000420] [DEBUG] [MainThread] SSID: Dentium_wifi, SIGNAL: 84
2026-08-21 10:39:00.240 [session=000420] [DEBUG] [MainThread] SSID: [LG_AirPurifier]a63c, SIGNAL: 100
2026-08-21 10:39:00.256 [session=000420] [DEBUG] [MainThread] SSID: robot_cam5G, SIGNAL: 97
2026-08-21 10:39:00.286 [session=000420] [DEBUG] [MainThread] SSID: iptime, SIGNAL: 82
2026-08-21 10:39:00.317 [session=000420] [DEBUG] [MainThread] SSID: iptime5G, SIGNAL: 67
2026-08-21 10:39:00.336 [session=000420] [DEBUG] [MainThread] SSID: [LG_AirPurifier]47de, SIGNAL: 65
2026-08-21 10:39:00.350 [session=000420] [DEBUG] [MainThread] SSID: Dentium_wifi_5F, SIGNAL: 59
2026-08-21 10:39:00.378 [session=000420] [DEBUG] [MainThread] SSID: Dentium_wifi_6F, SIGNAL: 54
2026-08-21 10:39:00.406 [session=000420] [DEBUG] [MainThread] SSID: [LG_AirPurifier]dca4, SIGNAL: 47
2026-08-21 10:39:00.427 [session=000420] [DEBUG] [MainThread] SSID: DIRECT-23-HP OfficeJet Pro 9010, SIGNAL: 42
2026-08-21 10:39:00.629 [session=000420] [INFO] [SSE-SSE_BATTERY_LOW_SHUTDOWN] [SSE_DIAG] connect attempt tag=SSE_BATTERY_LOW_SHUTDOWN, reconnect=2, url=http://localhost:8080/robot_ec2b/events/battery/low_shutdown
2026-08-21 10:39:00.681 [session=000420] [INFO] [SSE-SSE_BATTERY_LOW_SHUTDOWN] [SSE_DIAG] connected tag=SSE_BATTERY_LOW_SHUTDOWN, status=404, reason=Not Found, elapsed=0.05s, content_type=application/json, url=http://localhost:8080/robot_ec2b/events/battery/low_shutdown
2026-08-21 10:39:00.700 [session=000420] [ERROR] [SSE-SSE_BATTERY_LOW_SHUTDOWN] [SSE_DIAG] non-200 response tag=SSE_BATTERY_LOW_SHUTDOWN, status=404, reason=Not Found, url=http://localhost:8080/robot_ec2b/events/battery/low_shutdown
2026-08-21 10:39:00.718 [session=000420] [INFO] [SSE-SSE_BATTERY_LOW_SHUTDOWN] [SSE_DIAG] reconnect wait tag=SSE_BATTERY_LOW_SHUTDOWN, delay=10s, reconnect=3, reason=HTTP 404, url=http://localhost:8080/robot_ec2b/events/battery/low_shutdown
2026-08-21 10:39:00.781 [session=000420] [WARNING] [MainThread] [PERF] SettingContentWidget page 생성 지연: page=info, 265.5ms, steps: construct_and_signals=132.6ms, replace_placeholder=36.5ms, fixed_scale=88.8ms, page_layout=7.7ms
2026-08-21 10:39:00.783 [session=000420] [INFO] [MainThread] 키보드 매니저가 ScreenContentHost에 연결되었습니다.
2026-08-21 10:39:00.784 [session=000420] [INFO] [MainThread] 키보드 매니저가 RobotContentWidget에 전달되었습니다.
2026-08-21 10:39:00.786 [session=000420] [WARNING] [MainThread] [PERF] 시스템 상세 콘텐츠 prewarm 지연: 269.7ms, pages=info
2026-08-21 10:39:00.790 [session=000420] [INFO] [MainThread] 시스템 정보 콘텐츠 idle prewarm 완료
2026-08-21 10:39:00.790 [session=000420] [INFO] [MainThread] [MAIN_THREAD_HEARTBEAT] GUI main thread alive: thread=MainThread
2026-08-21 10:39:01.493 [session=000420] [DEBUG] [RestApiThread] GetCallBellFromRESTAPI 요청 시작
2026-08-21 10:39:01.494 [session=000420] [DEBUG] [RestApiThread] _get_data: 요청 시작 - tag: REST_API_TAG.GET_CALLBELL, url: http://localhost:8080/robot_ec2b/callbell
2026-08-21 10:39:01.496 [session=000420] [DEBUG] [RestApiThread] _get_data: 요청 전송 완료 - tag: REST_API_TAG.GET_CALLBELL, timeout: 30000ms
2026-08-21 10:39:01.501 [session=000420] [INFO] [MainThread] model_manager set_destinations: unchanged (5 items) - emit skipped
2026-08-21 10:39:01.512 [session=000420] [DEBUG] [RestApiThread] _handle_response 호출됨 - tag: REST_API_TAG.GET_CALLBELL, status_code: 200
2026-08-21 10:39:01.513 [session=000420] [INFO] [ThreadPoolExecutor-5_0] 호출벨 데이터 수신: 5개
2026-08-21 10:39:01.515 [session=000420] [INFO] [MainThread] 호출벨-목적지 동기화 완료: 5개 호출벨
2026-08-21 10:39:01.515 [session=000420] [INFO] [MainThread] 목적지 리스트 반환: destinations=[Destination(name='로비', goal_pose=Pose(x=4.241336459631034, y=-2.361104203714551, qw=0.5097087478206948, qz=0.8603470185890456), bell=Bells(treatment='', suction='64012cd7'), idx=0, color='#e53935'), Destination(name='수술실', goal_pose=Pose(x=4.5199271819089395, y=-3.9219605026851503, qw=0.14533446519134308, qz=-0.9893825818294691), bell=Bells(treatment='', suction='64132cd7'), idx=1, color='#e53935'), Destination(name='진료실', goal_pose=Pose(x=0.11980823444488001, y=-3.735511450600503, qw=0.9963649848510123, qz=0.0851869530083222), bell=Bells(treatment='', suction='64252cd7'), idx=2, color='#e53935'), Destination(name='창고', goal_pose=Pose(x=0.2834625688692579, y=-6.793061814598156, qw=0.5257961572167338, qz=0.850610604834031), bell=Bells(treatment='', suction='64372cd7'), idx=3, color='#e53935'), Destination(name='소독실', goal_pose=Pose(x=-3.4045695907217928, y=-7.611793760201744, qw=0.546869706461766, qz=0.8372177280459497), bell=Bells(treatment='', suction='64492cd7'), idx=4, color='#e53935')]
2026-08-21 10:39:01.516 [session=000420] [INFO] [MainThread] 호출벨 리스트 반환: callbells={'64012cd7': {'name': '호출벨 1', 'usage': 'suction', 'destination': '로비'}, '64132cd7': {'name': '호출벨 2', 'usage': 'suction', 'destination': '수술실'}, '64252cd7': {'name': '호출벨 3', 'usage': 'suction', 'destination': '진료실'}, '64372cd7': {'name': '호출벨 4', 'usage': 'suction', 'destination': '창고'}, '64492cd7': {'name': '호출벨 5', 'usage': 'suction', 'destination': '소독실'}}, robot_usages=['treatment', 'suction']
2026-08-21 10:39:01.523 [session=000420] [INFO] [MainThread] My IP : 192.168.104.212
2026-08-21 10:39:01.551 [session=000420] [DEBUG] [MainThread] SSID: Dentium_wifi, SIGNAL: 85
2026-08-21 10:39:02.221 [session=000420] [INFO] [MainThread] WiFi Scan Results Summary: 동일 네트워크 목록 - UI 재생성 생략
2026-08-21 10:39:02.225 [session=000420] [INFO] [MainThread] WiFi Scan Results Summary: 동일 네트워크 목록 - UI 재생성 생략
2026-08-21 10:39:02.623 [session=000420] [INFO] [MainThread] MonitorContentWidget 초기화 완료
2026-08-21 10:39:02.671 [session=000420] [INFO] [MainThread] 키보드 매니저가 ScreenContentHost에 연결되었습니다.
2026-08-21 10:39:02.672 [session=000420] [INFO] [MainThread] 키보드 매니저가 RobotContentWidget에 전달되었습니다.
2026-08-21 10:39:02.674 [session=000420] [WARNING] [MainThread] [PERF] 화면형 콘텐츠 생성 단계 지연: monitor_content, 179.7ms, steps: import_class=13.6ms, construct=115.5ms, replace_placeholder=18.5ms, fixed_scale=29.3ms, created_hooks=2.7ms
2026-08-21 10:39:02.676 [session=000420] [WARNING] [MainThread] [PERF] 화면형 콘텐츠 lazy 생성 지연: monitor_content, 181.3ms
2026-08-21 10:39:02.677 [session=000420] [WARNING] [MainThread] [PERF] 모니터링 콘텐츠 prewarm 지연: 182.3ms
2026-08-21 10:39:02.678 [session=000420] [INFO] [MainThread] 모니터링 콘텐츠 idle prewarm 완료
2026-08-21 10:39:03.527 [session=000420] [INFO] [MainThread] 배터리 그래프 위젯 초기화 완료
2026-08-21 10:39:03.536 [session=000420] [INFO] [MainThread] 배터리 이력 위젯 초기화 완료
2026-08-21 10:39:03.558 [session=000420] [INFO] [MainThread] 배터리 이력 콘텐츠 prewarm 완료: 67.6ms
2026-08-21 10:39:03.561 [session=000420] [INFO] [MainThread] 배터리 이력 콘텐츠 idle prewarm 완료
2026-08-21 10:39:05.572 [session=000420] [INFO] [MainThread] 문제 진단 콘텐츠 prewarm 완료: 79.4ms
2026-08-21 10:39:05.574 [session=000420] [INFO] [MainThread] 문제 진단 콘텐츠 idle prewarm 완료
2026-08-21 10:39:05.574 [session=000420] [INFO] [MainThread] [MAIN_THREAD_HEARTBEAT] GUI main thread alive: thread=MainThread
2026-08-21 10:39:06.550 [session=000420] [INFO] [MainThread] CallBellContentWidget 초기화 완료
2026-08-21 10:39:06.604 [session=000420] [INFO] [MainThread] 키보드 매니저가 ScreenContentHost에 연결되었습니다.
2026-08-21 10:39:06.606 [session=000420] [INFO] [MainThread] 키보드 매니저가 RobotContentWidget에 전달되었습니다.
2026-08-21 10:39:06.606 [session=000420] [INFO] [MainThread] 키보드 매니저가 CallBellContentWidget에 연결되었습니다.
2026-08-21 10:39:06.608 [session=000420] [WARNING] [MainThread] [PERF] 화면형 콘텐츠 생성 단계 지연: callbell_content, 117.3ms, steps: import_class=9.6ms, construct=49.6ms, replace_placeholder=28.4ms, fixed_scale=23.9ms, created_hooks=5.6ms
2026-08-21 10:39:06.610 [session=000420] [WARNING] [MainThread] [PERF] 화면형 콘텐츠 lazy 생성 지연: callbell_content, 118.6ms
2026-08-21 10:39:06.611 [session=000420] [WARNING] [MainThread] [PERF] 호출벨 관리 콘텐츠 prewarm 지연: 119.8ms
2026-08-21 10:39:06.615 [session=000420] [INFO] [MainThread] 호출벨 관리 콘텐츠 idle prewarm 완료
2026-08-21 10:39:06.624 [session=000420] [INFO] [MainThread] 목적지 데이터 로드 예약: 5개
2026-08-21 10:39:06.625 [session=000420] [INFO] [MainThread] 호출벨 리스트 로드: 5개
2026-08-21 10:39:06.626 [session=000420] [DEBUG] [MainThread] [CallBellContentWidget.add_bell] ID=64012cd7, 신규=False
2026-08-21 10:39:06.627 [session=000420] [DEBUG] [MainThread] [CallBellItem.__init__] 생성 시작: bell_id=64012cd7
2026-08-21 10:39:06.641 [session=000420] [DEBUG] [MainThread] [CallBellItem.__init__] 생성 완료: bell_id=64012cd7
2026-08-21 10:39:06.647 [session=000420] [DEBUG] [MainThread] [CallBellContentWidget.add_bell] CallBellItem 생성 완료
2026-08-21 10:39:06.648 [session=000420] [DEBUG] [MainThread] [CallBellContentWidget.add_bell] 시그널 연결 완료
2026-08-21 10:39:06.649 [session=000420] [DEBUG] [MainThread] [CallBellContentWidget.add_bell] 레이아웃에 위젯 추가 완료
2026-08-21 10:39:06.649 [session=000420] [DEBUG] [MainThread] [CallBellContentWidget.add_bell] 기존 호출벨 로드 (하이라이트 없음)
2026-08-21 10:39:06.649 [session=000420] [DEBUG] [MainThread] [CallBellContentWidget.add_bell] 완료
2026-08-21 10:39:06.649 [session=000420] [DEBUG] [MainThread] [CallBellContentWidget.add_bell] ID=64132cd7, 신규=False
2026-08-21 10:39:06.650 [session=000420] [DEBUG] [MainThread] [CallBellItem.__init__] 생성 시작: bell_id=64132cd7
2026-08-21 10:39:06.655 [session=000420] [DEBUG] [MainThread] [CallBellItem.__init__] 생성 완료: bell_id=64132cd7
2026-08-21 10:39:06.660 [session=000420] [DEBUG] [MainThread] [CallBellContentWidget.add_bell] CallBellItem 생성 완료
2026-08-21 10:39:06.661 [session=000420] [DEBUG] [MainThread] [CallBellContentWidget.add_bell] 시그널 연결 완료
2026-08-21 10:39:06.661 [session=000420] [DEBUG] [MainThread] [CallBellContentWidget.add_bell] 레이아웃에 위젯 추가 완료
2026-08-21 10:39:06.661 [session=000420] [DEBUG] [MainThread] [CallBellContentWidget.add_bell] 기존 호출벨 로드 (하이라이트 없음)
2026-08-21 10:39:06.661 [session=000420] [DEBUG] [MainThread] [CallBellContentWidget.add_bell] 완료
2026-08-21 10:39:06.661 [session=000420] [INFO] [MainThread] 호출벨용 용도 목록 로드 요청
2026-08-21 10:39:06.662 [session=000420] [INFO] [MainThread] 호출벨에 용도 목록 전달: 2개
2026-08-21 10:39:06.662 [session=000420] [INFO] [MainThread] 용도 목록 로드: 2개
2026-08-21 10:39:06.662 [session=000420] [INFO] [MainThread] 목적지 목록 로드: 5개
2026-08-21 10:39:06.663 [session=000420] [INFO] [MainThread] 호출벨 관리에 목적지 목록 전달: 5개
2026-08-21 10:39:06.679 [session=000420] [DEBUG] [MainThread] [CallBellContentWidget.add_bell] ID=64252cd7, 신규=False
2026-08-21 10:39:06.680 [session=000420] [DEBUG] [MainThread] [CallBellItem.__init__] 생성 시작: bell_id=64252cd7
2026-08-21 10:39:06.686 [session=000420] [DEBUG] [MainThread] [CallBellItem.__init__] 생성 완료: bell_id=64252cd7
2026-08-21 10:39:06.693 [session=000420] [DEBUG] [MainThread] [CallBellContentWidget.add_bell] CallBellItem 생성 완료
2026-08-21 10:39:06.694 [session=000420] [DEBUG] [MainThread] [CallBellContentWidget.add_bell] 시그널 연결 완료
2026-08-21 10:39:06.694 [session=000420] [DEBUG] [MainThread] [CallBellContentWidget.add_bell] 레이아웃에 위젯 추가 완료
2026-08-21 10:39:06.694 [session=000420] [DEBUG] [MainThread] [CallBellContentWidget.add_bell] 기존 호출벨 로드 (하이라이트 없음)
2026-08-21 10:39:06.694 [session=000420] [DEBUG] [MainThread] [CallBellContentWidget.add_bell] 완료
2026-08-21 10:39:06.694 [session=000420] [DEBUG] [MainThread] [CallBellContentWidget.add_bell] ID=64372cd7, 신규=False
2026-08-21 10:39:06.695 [session=000420] [DEBUG] [MainThread] [CallBellItem.__init__] 생성 시작: bell_id=64372cd7
2026-08-21 10:39:06.701 [session=000420] [DEBUG] [MainThread] [CallBellItem.__init__] 생성 완료: bell_id=64372cd7
2026-08-21 10:39:06.705 [session=000420] [DEBUG] [MainThread] [CallBellContentWidget.add_bell] CallBellItem 생성 완료
2026-08-21 10:39:06.705 [session=000420] [DEBUG] [MainThread] [CallBellContentWidget.add_bell] 시그널 연결 완료
2026-08-21 10:39:06.706 [session=000420] [DEBUG] [MainThread] [CallBellContentWidget.add_bell] 레이아웃에 위젯 추가 완료
2026-08-21 10:39:06.706 [session=000420] [DEBUG] [MainThread] [CallBellContentWidget.add_bell] 기존 호출벨 로드 (하이라이트 없음)
2026-08-21 10:39:06.706 [session=000420] [DEBUG] [MainThread] [CallBellContentWidget.add_bell] 완료
2026-08-21 10:39:06.718 [session=000420] [DEBUG] [MainThread] [CallBellContentWidget.add_bell] ID=64492cd7, 신규=False
2026-08-21 10:39:06.718 [session=000420] [DEBUG] [MainThread] [CallBellItem.__init__] 생성 시작: bell_id=64492cd7
2026-08-21 10:39:06.724 [session=000420] [DEBUG] [MainThread] [CallBellItem.__init__] 생성 완료: bell_id=64492cd7
2026-08-21 10:39:06.729 [session=000420] [DEBUG] [MainThread] [CallBellContentWidget.add_bell] CallBellItem 생성 완료
2026-08-21 10:39:06.730 [session=000420] [DEBUG] [MainThread] [CallBellContentWidget.add_bell] 시그널 연결 완료
2026-08-21 10:39:06.730 [session=000420] [DEBUG] [MainThread] [CallBellContentWidget.add_bell] 레이아웃에 위젯 추가 완료
2026-08-21 10:39:06.730 [session=000420] [DEBUG] [MainThread] [CallBellContentWidget.add_bell] 기존 호출벨 로드 (하이라이트 없음)
2026-08-21 10:39:06.730 [session=000420] [DEBUG] [MainThread] [CallBellContentWidget.add_bell] 완료
2026-08-21 10:39:06.733 [session=000420] [INFO] [MainThread] 목적지 목록 로드: 5개
2026-08-21 10:39:06.733 [session=000420] [INFO] [MainThread] 호출벨 관리에 목적지 목록 전달: 5개
2026-08-21 10:39:09.727 [session=000420] [INFO] [MainThread] 키보드 매니저가 ScreenContentHost에 연결되었습니다.
2026-08-21 10:39:09.729 [session=000420] [INFO] [MainThread] 키보드 매니저가 RobotContentWidget에 전달되었습니다.
2026-08-21 10:39:09.730 [session=000420] [INFO] [MainThread] 키보드 매니저가 CallBellContentWidget에 연결되었습니다.
2026-08-21 10:39:09.735 [session=000420] [WARNING] [MainThread] [PERF] 화면형 콘텐츠 생성 단계 지연: sequential_move_content, 243.5ms, steps: import_class=7.8ms, construct=155.7ms, replace_placeholder=69.4ms, created_hooks=9.2ms
2026-08-21 10:39:09.737 [session=000420] [WARNING] [MainThread] [PERF] 화면형 콘텐츠 lazy 생성 지연: sequential_move_content, 244.7ms
2026-08-21 10:39:09.738 [session=000420] [WARNING] [MainThread] [PERF] 순차 이동 콘텐츠 prewarm 지연: 246.4ms
2026-08-21 10:39:09.748 [session=000420] [INFO] [MainThread] 순차 이동 콘텐츠 idle prewarm 완료
2026-08-21 10:39:09.771 [session=000420] [INFO] [MainThread] 순차 이동 설정 로드 완료: /home/dentium/robot_GUIs/app/config/sequential_move.json
2026-08-21 10:39:09.775 [session=000420] [INFO] [MainThread] 목적지 데이터 로드 예약: 5개
2026-08-21 10:39:09.811 [session=000420] [INFO] [MainThread] 목적지 목록 로드: 5개
2026-08-21 10:39:09.811 [session=000420] [INFO] [MainThread] 호출벨 관리에 목적지 목록 전달: 5개
2026-08-21 10:39:09.993 [session=000420] [INFO] [ThreadPoolExecutor-8_0] 순차 이동 설정 저장 완료: /home/dentium/robot_GUIs/app/config/sequential_move.json
2026-08-21 10:39:10.494 [session=000420] [INFO] [MainThread] [MAIN_THREAD_HEARTBEAT] GUI main thread alive: thread=MainThread
2026-08-21 10:39:10.725 [session=000420] [INFO] [SSE-SSE_BATTERY_LOW_SHUTDOWN] [SSE_DIAG] connect attempt tag=SSE_BATTERY_LOW_SHUTDOWN, reconnect=3, url=http://localhost:8080/robot_ec2b/events/battery/low_shutdown
2026-08-21 10:39:10.736 [session=000420] [INFO] [SSE-SSE_BATTERY_LOW_SHUTDOWN] [SSE_DIAG] connected tag=SSE_BATTERY_LOW_SHUTDOWN, status=404, reason=Not Found, elapsed=0.01s, content_type=application/json, url=http://localhost:8080/robot_ec2b/events/battery/low_shutdown
2026-08-21 10:39:10.736 [session=000420] [ERROR] [SSE-SSE_BATTERY_LOW_SHUTDOWN] [SSE_DIAG] non-200 response tag=SSE_BATTERY_LOW_SHUTDOWN, status=404, reason=Not Found, url=http://localhost:8080/robot_ec2b/events/battery/low_shutdown
2026-08-21 10:39:10.739 [session=000420] [INFO] [SSE-SSE_BATTERY_LOW_SHUTDOWN] [SSE_DIAG] reconnect wait tag=SSE_BATTERY_LOW_SHUTDOWN, delay=10s, reconnect=4, reason=HTTP 404, url=http://localhost:8080/robot_ec2b/events/battery/low_shutdown
2026-08-21 10:39:11.504 [session=000420] [DEBUG] [RestApiThread] GetCallBellFromRESTAPI 요청 시작
2026-08-21 10:39:11.505 [session=000420] [DEBUG] [RestApiThread] _get_data: 요청 시작 - tag: REST_API_TAG.GET_CALLBELL, url: http://localhost:8080/robot_ec2b/callbell
2026-08-21 10:39:11.508 [session=000420] [DEBUG] [RestApiThread] _get_data: 요청 전송 완료 - tag: REST_API_TAG.GET_CALLBELL, timeout: 30000ms
2026-08-21 10:39:11.512 [session=000420] [INFO] [MainThread] model_manager set_destinations: unchanged (5 items) - emit skipped
2026-08-21 10:39:11.524 [session=000420] [DEBUG] [RestApiThread] _handle_response 호출됨 - tag: REST_API_TAG.GET_CALLBELL, status_code: 200
2026-08-21 10:39:11.525 [session=000420] [INFO] [ThreadPoolExecutor-5_0] 호출벨 데이터 수신: 5개
2026-08-21 10:39:11.528 [session=000420] [INFO] [MainThread] 호출벨-목적지 동기화 완료: 5개 호출벨
2026-08-21 10:39:11.528 [session=000420] [INFO] [MainThread] 목적지 리스트 반환: destinations=[Destination(name='로비', goal_pose=Pose(x=4.241336459631034, y=-2.361104203714551, qw=0.5097087478206948, qz=0.8603470185890456), bell=Bells(treatment='', suction='64012cd7'), idx=0, color='#e53935'), Destination(name='수술실', goal_pose=Pose(x=4.5199271819089395, y=-3.9219605026851503, qw=0.14533446519134308, qz=-0.9893825818294691), bell=Bells(treatment='', suction='64132cd7'), idx=1, color='#e53935'), Destination(name='진료실', goal_pose=Pose(x=0.11980823444488001, y=-3.735511450600503, qw=0.9963649848510123, qz=0.0851869530083222), bell=Bells(treatment='', suction='64252cd7'), idx=2, color='#e53935'), Destination(name='창고', goal_pose=Pose(x=0.2834625688692579, y=-6.793061814598156, qw=0.5257961572167338, qz=0.850610604834031), bell=Bells(treatment='', suction='64372cd7'), idx=3, color='#e53935'), Destination(name='소독실', goal_pose=Pose(x=-3.4045695907217928, y=-7.611793760201744, qw=0.546869706461766, qz=0.8372177280459497), bell=Bells(treatment='', suction='64492cd7'), idx=4, color='#e53935')]
2026-08-21 10:39:11.529 [session=000420] [INFO] [MainThread] 호출벨 리스트 반환: callbells={'64012cd7': {'name': '호출벨 1', 'usage': 'suction', 'destination': '로비'}, '64132cd7': {'name': '호출벨 2', 'usage': 'suction', 'destination': '수술실'}, '64252cd7': {'name': '호출벨 3', 'usage': 'suction', 'destination': '진료실'}, '64372cd7': {'name': '호출벨 4', 'usage': 'suction', 'destination': '창고'}, '64492cd7': {'name': '호출벨 5', 'usage': 'suction', 'destination': '소독실'}}, robot_usages=['treatment', 'suction']
2026-08-21 10:39:11.529 [session=000420] [INFO] [MainThread] 호출벨 리스트 로드: 5개
2026-08-21 10:39:11.529 [session=000420] [INFO] [MainThread] 호출벨 목록 동일 - UI 재생성 생략
2026-08-21 10:39:11.529 [session=000420] [INFO] [MainThread] 호출벨용 용도 목록 로드 요청
2026-08-21 10:39:11.529 [session=000420] [INFO] [MainThread] 호출벨에 용도 목록 전달: 2개
2026-08-21 10:39:11.530 [session=000420] [INFO] [MainThread] 용도 목록 로드: 2개
2026-08-21 10:39:11.530 [session=000420] [INFO] [MainThread] 목적지 목록 로드: 5개
2026-08-21 10:39:11.530 [session=000420] [INFO] [MainThread] 호출벨 관리에 목적지 목록 전달: 5개
2026-08-21 10:39:11.531 [session=000420] [INFO] [MainThread] My IP : 192.168.104.212
2026-08-21 10:39:15.489 [session=000420] [INFO] [MainThread] [MAIN_THREAD_HEARTBEAT] GUI main thread alive: thread=MainThread
2026-08-21 10:39:20.490 [session=000420] [INFO] [MainThread] [MAIN_THREAD_HEARTBEAT] GUI main thread alive: thread=MainThread
2026-08-21 10:39:20.745 [session=000420] [INFO] [SSE-SSE_BATTERY_LOW_SHUTDOWN] [SSE_DIAG] connect attempt tag=SSE_BATTERY_LOW_SHUTDOWN, reconnect=4, url=http://localhost:8080/robot_ec2b/events/battery/low_shutdown
2026-08-21 10:39:20.756 [session=000420] [INFO] [SSE-SSE_BATTERY_LOW_SHUTDOWN] [SSE_DIAG] connected tag=SSE_BATTERY_LOW_SHUTDOWN, status=404, reason=Not Found, elapsed=0.01s, content_type=application/json, url=http://localhost:8080/robot_ec2b/events/battery/low_shutdown
2026-08-21 10:39:20.756 [session=000420] [ERROR] [SSE-SSE_BATTERY_LOW_SHUTDOWN] [SSE_DIAG] non-200 response tag=SSE_BATTERY_LOW_SHUTDOWN, status=404, reason=Not Found, url=http://localhost:8080/robot_ec2b/events/battery/low_shutdown
2026-08-21 10:39:20.758 [session=000420] [INFO] [SSE-SSE_BATTERY_LOW_SHUTDOWN] [SSE_DIAG] reconnect wait tag=SSE_BATTERY_LOW_SHUTDOWN, delay=10s, reconnect=5, reason=HTTP 404, url=http://localhost:8080/robot_ec2b/events/battery/low_shutdown
2026-08-21 10:39:21.494 [session=000420] [DEBUG] [RestApiThread] GetCallBellFromRESTAPI 요청 시작
2026-08-21 10:39:21.501 [session=000420] [DEBUG] [RestApiThread] _get_data: 요청 시작 - tag: REST_API_TAG.GET_CALLBELL, url: http://localhost:8080/robot_ec2b/callbell
2026-08-21 10:39:21.503 [session=000420] [DEBUG] [RestApiThread] _get_data: 요청 전송 완료 - tag: REST_API_TAG.GET_CALLBELL, timeout: 30000ms
2026-08-21 10:39:21.505 [session=000420] [INFO] [MainThread] model_manager set_destinations: unchanged (5 items) - emit skipped
2026-08-21 10:39:21.514 [session=000420] [DEBUG] [RestApiThread] _handle_response 호출됨 - tag: REST_API_TAG.GET_CALLBELL, status_code: 200
2026-08-21 10:39:21.515 [session=000420] [INFO] [ThreadPoolExecutor-5_1] 호출벨 데이터 수신: 5개
2026-08-21 10:39:21.516 [session=000420] [INFO] [MainThread] 호출벨-목적지 동기화 완료: 5개 호출벨
2026-08-21 10:39:21.517 [session=000420] [INFO] [MainThread] 목적지 리스트 반환: destinations=[Destination(name='로비', goal_pose=Pose(x=4.241336459631034, y=-2.361104203714551, qw=0.5097087478206948, qz=0.8603470185890456), bell=Bells(treatment='', suction='64012cd7'), idx=0, color='#e53935'), Destination(name='수술실', goal_pose=Pose(x=4.5199271819089395, y=-3.9219605026851503, qw=0.14533446519134308, qz=-0.9893825818294691), bell=Bells(treatment='', suction='64132cd7'), idx=1, color='#e53935'), Destination(name='진료실', goal_pose=Pose(x=0.11980823444488001, y=-3.735511450600503, qw=0.9963649848510123, qz=0.0851869530083222), bell=Bells(treatment='', suction='64252cd7'), idx=2, color='#e53935'), Destination(name='창고', goal_pose=Pose(x=0.2834625688692579, y=-6.793061814598156, qw=0.5257961572167338, qz=0.850610604834031), bell=Bells(treatment='', suction='64372cd7'), idx=3, color='#e53935'), Destination(name='소독실', goal_pose=Pose(x=-3.4045695907217928, y=-7.611793760201744, qw=0.546869706461766, qz=0.8372177280459497), bell=Bells(treatment='', suction='64492cd7'), idx=4, color='#e53935')]
2026-08-21 10:39:21.517 [session=000420] [INFO] [MainThread] 호출벨 리스트 반환: callbells={'64012cd7': {'name': '호출벨 1', 'usage': 'suction', 'destination': '로비'}, '64132cd7': {'name': '호출벨 2', 'usage': 'suction', 'destination': '수술실'}, '64252cd7': {'name': '호출벨 3', 'usage': 'suction', 'destination': '진료실'}, '64372cd7': {'name': '호출벨 4', 'usage': 'suction', 'destination': '창고'}, '64492cd7': {'name': '호출벨 5', 'usage': 'suction', 'destination': '소독실'}}, robot_usages=['treatment', 'suction']
2026-08-21 10:39:21.518 [session=000420] [INFO] [MainThread] 호출벨 리스트 로드: 5개
2026-08-21 10:39:21.518 [session=000420] [INFO] [MainThread] 호출벨 목록 동일 - UI 재생성 생략
2026-08-21 10:39:21.518 [session=000420] [INFO] [MainThread] 호출벨용 용도 목록 로드 요청
2026-08-21 10:39:21.518 [session=000420] [INFO] [MainThread] 호출벨에 용도 목록 전달: 2개
2026-08-21 10:39:21.518 [session=000420] [INFO] [MainThread] 용도 목록 로드: 2개
2026-08-21 10:39:21.519 [session=000420] [INFO] [MainThread] 목적지 목록 로드: 5개
2026-08-21 10:39:21.519 [session=000420] [INFO] [MainThread] 호출벨 관리에 목적지 목록 전달: 5개
2026-08-21 10:39:21.527 [session=000420] [INFO] [MainThread] My IP : 192.168.104.212
2026-08-21 10:39:21.530 [session=000420] [INFO] [browser-music-sync_0] [BROWSER_MUSIC_SYNC] event=catalog_fetch_started master_base_url=http://127.0.0.1:5051
2026-08-21 10:39:21.558 [session=000420] [INFO] [browser-music-sync_0] [BROWSER_MUSIC_SYNC] event=catalog_fetch_succeeded master_base_url=http://127.0.0.1:5051 item_count=3
2026-08-21 10:39:21.564 [session=000420] [INFO] [RestApiThread] [REST API] 배경 음악 GET 전송: operation=selection_get, url=http://127.0.0.1:5051/api/voice-event-settings/background-music?robot_id=robot_ec2b
2026-08-21 10:39:21.567 [session=000420] [INFO] [RestApiThread] [REST API] 배경 음악 GET 전송: operation=resolved_get, url=http://127.0.0.1:5051/api/voice-event-settings/resolved?robot_id=robot_ec2b
2026-08-21 10:39:21.580 [session=000420] [DEBUG] [RestApiThread] _handle_response 호출됨 - tag: REST_API_TAG.GET_BACKGROUND_MUSIC_SETTING, status_code: 200
2026-08-21 10:39:21.593 [session=000420] [DEBUG] [RestApiThread] _handle_response 호출됨 - tag: REST_API_TAG.GET_RESOLVED_BACKGROUND_MUSIC, status_code: 200
2026-08-21 10:39:25.495 [session=000420] [INFO] [MainThread] [MAIN_THREAD_HEARTBEAT] GUI main thread alive: thread=MainThread
2026-08-21 10:39:30.489 [session=000420] [INFO] [MainThread] [MAIN_THREAD_HEARTBEAT] GUI main thread alive: thread=MainThread
2026-08-21 10:39:30.759 [session=000420] [INFO] [SSE-SSE_BATTERY_LOW_SHUTDOWN] [SSE_DIAG] connect attempt tag=SSE_BATTERY_LOW_SHUTDOWN, reconnect=5, url=http://localhost:8080/robot_ec2b/events/battery/low_shutdown
2026-08-21 10:39:30.775 [session=000420] [INFO] [SSE-SSE_BATTERY_LOW_SHUTDOWN] [SSE_DIAG] connected tag=SSE_BATTERY_LOW_SHUTDOWN, status=404, reason=Not Found, elapsed=0.02s, content_type=application/json, url=http://localhost:8080/robot_ec2b/events/battery/low_shutdown
2026-08-21 10:39:30.776 [session=000420] [ERROR] [SSE-SSE_BATTERY_LOW_SHUTDOWN] [SSE_DIAG] non-200 response tag=SSE_BATTERY_LOW_SHUTDOWN, status=404, reason=Not Found, url=http://localhost:8080/robot_ec2b/events/battery/low_shutdown
2026-08-21 10:39:30.778 [session=000420] [INFO] [SSE-SSE_BATTERY_LOW_SHUTDOWN] [SSE_DIAG] reconnect wait tag=SSE_BATTERY_LOW_SHUTDOWN, delay=10s, reconnect=6, reason=HTTP 404, url=http://localhost:8080/robot_ec2b/events/battery/low_shutdown
2026-08-21 10:39:31.496 [session=000420] [DEBUG] [RestApiThread] GetCallBellFromRESTAPI 요청 시작
2026-08-21 10:39:31.497 [session=000420] [DEBUG] [RestApiThread] _get_data: 요청 시작 - tag: REST_API_TAG.GET_CALLBELL, url: http://localhost:8080/robot_ec2b/callbell
2026-08-21 10:39:31.498 [session=000420] [DEBUG] [RestApiThread] _get_data: 요청 전송 완료 - tag: REST_API_TAG.GET_CALLBELL, timeout: 30000ms
2026-08-21 10:39:31.512 [session=000420] [INFO] [MainThread] model_manager set_destinations: unchanged (5 items) - emit skipped
2026-08-21 10:39:31.513 [session=000420] [DEBUG] [RestApiThread] _handle_response 호출됨 - tag: REST_API_TAG.GET_CALLBELL, status_code: 200
2026-08-21 10:39:31.514 [session=000420] [INFO] [ThreadPoolExecutor-5_0] 호출벨 데이터 수신: 5개
2026-08-21 10:39:31.515 [session=000420] [INFO] [MainThread] 호출벨-목적지 동기화 완료: 5개 호출벨
2026-08-21 10:39:31.516 [session=000420] [INFO] [MainThread] 목적지 리스트 반환: destinations=[Destination(name='로비', goal_pose=Pose(x=4.241336459631034, y=-2.361104203714551, qw=0.5097087478206948, qz=0.8603470185890456), bell=Bells(treatment='', suction='64012cd7'), idx=0, color='#e53935'), Destination(name='수술실', goal_pose=Pose(x=4.5199271819089395, y=-3.9219605026851503, qw=0.14533446519134308, qz=-0.9893825818294691), bell=Bells(treatment='', suction='64132cd7'), idx=1, color='#e53935'), Destination(name='진료실', goal_pose=Pose(x=0.11980823444488001, y=-3.735511450600503, qw=0.9963649848510123, qz=0.0851869530083222), bell=Bells(treatment='', suction='64252cd7'), idx=2, color='#e53935'), Destination(name='창고', goal_pose=Pose(x=0.2834625688692579, y=-6.793061814598156, qw=0.5257961572167338, qz=0.850610604834031), bell=Bells(treatment='', suction='64372cd7'), idx=3, color='#e53935'), Destination(name='소독실', goal_pose=Pose(x=-3.4045695907217928, y=-7.611793760201744, qw=0.546869706461766, qz=0.8372177280459497), bell=Bells(treatment='', suction='64492cd7'), idx=4, color='#e53935')]
2026-08-21 10:39:31.522 [session=000420] [INFO] [MainThread] 호출벨 리스트 반환: callbells={'64012cd7': {'name': '호출벨 1', 'usage': 'suction', 'destination': '로비'}, '64132cd7': {'name': '호출벨 2', 'usage': 'suction', 'destination': '수술실'}, '64252cd7': {'name': '호출벨 3', 'usage': 'suction', 'destination': '진료실'}, '64372cd7': {'name': '호출벨 4', 'usage': 'suction', 'destination': '창고'}, '64492cd7': {'name': '호출벨 5', 'usage': 'suction', 'destination': '소독실'}}, robot_usages=['treatment', 'suction']
2026-08-21 10:39:31.523 [session=000420] [INFO] [MainThread] 호출벨 리스트 로드: 5개
2026-08-21 10:39:31.523 [session=000420] [INFO] [MainThread] 호출벨 목록 동일 - UI 재생성 생략
2026-08-21 10:39:31.523 [session=000420] [INFO] [MainThread] 호출벨용 용도 목록 로드 요청
2026-08-21 10:39:31.523 [session=000420] [INFO] [MainThread] 호출벨에 용도 목록 전달: 2개
2026-08-21 10:39:31.523 [session=000420] [INFO] [MainThread] 용도 목록 로드: 2개
2026-08-21 10:39:31.523 [session=000420] [INFO] [MainThread] 목적지 목록 로드: 5개
2026-08-21 10:39:31.524 [session=000420] [INFO] [MainThread] 호출벨 관리에 목적지 목록 전달: 5개
2026-08-21 10:39:31.524 [session=000420] [INFO] [MainThread] My IP : 192.168.104.212
2026-08-21 10:39:35.495 [session=000420] [INFO] [MainThread] [MAIN_THREAD_HEARTBEAT] GUI main thread alive: thread=MainThread
2026-08-21 10:39:40.494 [session=000420] [INFO] [MainThread] [MAIN_THREAD_HEARTBEAT] GUI main thread alive: thread=MainThread
2026-08-21 10:39:40.779 [session=000420] [INFO] [SSE-SSE_BATTERY_LOW_SHUTDOWN] [SSE_DIAG] connect attempt tag=SSE_BATTERY_LOW_SHUTDOWN, reconnect=6, url=http://localhost:8080/robot_ec2b/events/battery/low_shutdown
2026-08-21 10:39:40.800 [session=000420] [INFO] [SSE-SSE_BATTERY_LOW_SHUTDOWN] [SSE_DIAG] connected tag=SSE_BATTERY_LOW_SHUTDOWN, status=404, reason=Not Found, elapsed=0.02s, content_type=application/json, url=http://localhost:8080/robot_ec2b/events/battery/low_shutdown
2026-08-21 10:39:40.800 [session=000420] [ERROR] [SSE-SSE_BATTERY_LOW_SHUTDOWN] [SSE_DIAG] non-200 response tag=SSE_BATTERY_LOW_SHUTDOWN, status=404, reason=Not Found, url=http://localhost:8080/robot_ec2b/events/battery/low_shutdown
2026-08-21 10:39:40.802 [session=000420] [INFO] [SSE-SSE_BATTERY_LOW_SHUTDOWN] [SSE_DIAG] reconnect wait tag=SSE_BATTERY_LOW_SHUTDOWN, delay=10s, reconnect=7, reason=HTTP 404, url=http://localhost:8080/robot_ec2b/events/battery/low_shutdown
2026-08-21 10:39:41.494 [session=000420] [DEBUG] [RestApiThread] GetCallBellFromRESTAPI 요청 시작
2026-08-21 10:39:41.495 [session=000420] [DEBUG] [RestApiThread] _get_data: 요청 시작 - tag: REST_API_TAG.GET_CALLBELL, url: http://localhost:8080/robot_ec2b/callbell
2026-08-21 10:39:41.497 [session=000420] [DEBUG] [RestApiThread] _get_data: 요청 전송 완료 - tag: REST_API_TAG.GET_CALLBELL, timeout: 30000ms
2026-08-21 10:39:41.510 [session=000420] [DEBUG] [RestApiThread] _handle_response 호출됨 - tag: REST_API_TAG.GET_CALLBELL, status_code: 200
2026-08-21 10:39:41.511 [session=000420] [INFO] [MainThread] model_manager set_destinations: unchanged (5 items) - emit skipped
2026-08-21 10:39:41.513 [session=000420] [INFO] [ThreadPoolExecutor-5_0] 호출벨 데이터 수신: 5개
2026-08-21 10:39:41.515 [session=000420] [INFO] [MainThread] 호출벨-목적지 동기화 완료: 5개 호출벨
2026-08-21 10:39:41.516 [session=000420] [INFO] [MainThread] 목적지 리스트 반환: destinations=[Destination(name='로비', goal_pose=Pose(x=4.241336459631034, y=-2.361104203714551, qw=0.5097087478206948, qz=0.8603470185890456), bell=Bells(treatment='', suction='64012cd7'), idx=0, color='#e53935'), Destination(name='수술실', goal_pose=Pose(x=4.5199271819089395, y=-3.9219605026851503, qw=0.14533446519134308, qz=-0.9893825818294691), bell=Bells(treatment='', suction='64132cd7'), idx=1, color='#e53935'), Destination(name='진료실', goal_pose=Pose(x=0.11980823444488001, y=-3.735511450600503, qw=0.9963649848510123, qz=0.0851869530083222), bell=Bells(treatment='', suction='64252cd7'), idx=2, color='#e53935'), Destination(name='창고', goal_pose=Pose(x=0.2834625688692579, y=-6.793061814598156, qw=0.5257961572167338, qz=0.850610604834031), bell=Bells(treatment='', suction='64372cd7'), idx=3, color='#e53935'), Destination(name='소독실', goal_pose=Pose(x=-3.4045695907217928, y=-7.611793760201744, qw=0.546869706461766, qz=0.8372177280459497), bell=Bells(treatment='', suction='64492cd7'), idx=4, color='#e53935')]
2026-08-21 10:39:41.516 [session=000420] [INFO] [MainThread] 호출벨 리스트 반환: callbells={'64012cd7': {'name': '호출벨 1', 'usage': 'suction', 'destination': '로비'}, '64132cd7': {'name': '호출벨 2', 'usage': 'suction', 'destination': '수술실'}, '64252cd7': {'name': '호출벨 3', 'usage': 'suction', 'destination': '진료실'}, '64372cd7': {'name': '호출벨 4', 'usage': 'suction', 'destination': '창고'}, '64492cd7': {'name': '호출벨 5', 'usage': 'suction', 'destination': '소독실'}}, robot_usages=['treatment', 'suction']
2026-08-21 10:39:41.517 [session=000420] [INFO] [MainThread] 호출벨 리스트 로드: 5개
2026-08-21 10:39:41.517 [session=000420] [INFO] [MainThread] 호출벨 목록 동일 - UI 재생성 생략
2026-08-21 10:39:41.517 [session=000420] [INFO] [MainThread] 호출벨용 용도 목록 로드 요청
2026-08-21 10:39:41.518 [session=000420] [INFO] [MainThread] 호출벨에 용도 목록 전달: 2개
2026-08-21 10:39:41.518 [session=000420] [INFO] [MainThread] 용도 목록 로드: 2개
2026-08-21 10:39:41.518 [session=000420] [INFO] [MainThread] 목적지 목록 로드: 5개
2026-08-21 10:39:41.518 [session=000420] [INFO] [MainThread] 호출벨 관리에 목적지 목록 전달: 5개
2026-08-21 10:39:41.519 [session=000420] [INFO] [MainThread] My IP : 192.168.104.212
2026-08-21 10:39:45.495 [session=000420] [INFO] [MainThread] [MAIN_THREAD_HEARTBEAT] GUI main thread alive: thread=MainThread
2026-08-21 10:39:50.497 [session=000420] [INFO] [MainThread] [MAIN_THREAD_HEARTBEAT] GUI main thread alive: thread=MainThread
2026-08-21 10:39:50.804 [session=000420] [INFO] [SSE-SSE_BATTERY_LOW_SHUTDOWN] [SSE_DIAG] connect attempt tag=SSE_BATTERY_LOW_SHUTDOWN, reconnect=7, url=http://localhost:8080/robot_ec2b/events/battery/low_shutdown
2026-08-21 10:39:50.818 [session=000420] [INFO] [SSE-SSE_BATTERY_LOW_SHUTDOWN] [SSE_DIAG] connected tag=SSE_BATTERY_LOW_SHUTDOWN, status=404, reason=Not Found, elapsed=0.01s, content_type=application/json, url=http://localhost:8080/robot_ec2b/events/battery/low_shutdown
2026-08-21 10:39:50.819 [session=000420] [ERROR] [SSE-SSE_BATTERY_LOW_SHUTDOWN] [SSE_DIAG] non-200 response tag=SSE_BATTERY_LOW_SHUTDOWN, status=404, reason=Not Found, url=http://localhost:8080/robot_ec2b/events/battery/low_shutdown
2026-08-21 10:39:50.820 [session=000420] [INFO] [SSE-SSE_BATTERY_LOW_SHUTDOWN] [SSE_DIAG] reconnect wait tag=SSE_BATTERY_LOW_SHUTDOWN, delay=10s, reconnect=8, reason=HTTP 404, url=http://localhost:8080/robot_ec2b/events/battery/low_shutdown
2026-08-21 10:39:51.507 [session=000420] [DEBUG] [RestApiThread] GetCallBellFromRESTAPI 요청 시작
2026-08-21 10:39:51.508 [session=000420] [DEBUG] [RestApiThread] _get_data: 요청 시작 - tag: REST_API_TAG.GET_CALLBELL, url: http://localhost:8080/robot_ec2b/callbell
2026-08-21 10:39:51.517 [session=000420] [DEBUG] [RestApiThread] _get_data: 요청 전송 완료 - tag: REST_API_TAG.GET_CALLBELL, timeout: 30000ms
2026-08-21 10:39:51.526 [session=000420] [INFO] [MainThread] model_manager set_destinations: unchanged (5 items) - emit skipped
2026-08-21 10:39:51.529 [session=000420] [DEBUG] [RestApiThread] _handle_response 호출됨 - tag: REST_API_TAG.GET_CALLBELL, status_code: 200
2026-08-21 10:39:51.530 [session=000420] [INFO] [ThreadPoolExecutor-5_1] 호출벨 데이터 수신: 5개
2026-08-21 10:39:51.530 [session=000420] [INFO] [MainThread] 호출벨-목적지 동기화 완료: 5개 호출벨
2026-08-21 10:39:51.531 [session=000420] [INFO] [MainThread] 목적지 리스트 반환: destinations=[Destination(name='로비', goal_pose=Pose(x=4.241336459631034, y=-2.361104203714551, qw=0.5097087478206948, qz=0.8603470185890456), bell=Bells(treatment='', suction='64012cd7'), idx=0, color='#e53935'), Destination(name='수술실', goal_pose=Pose(x=4.5199271819089395, y=-3.9219605026851503, qw=0.14533446519134308, qz=-0.9893825818294691), bell=Bells(treatment='', suction='64132cd7'), idx=1, color='#e53935'), Destination(name='진료실', goal_pose=Pose(x=0.11980823444488001, y=-3.735511450600503, qw=0.9963649848510123, qz=0.0851869530083222), bell=Bells(treatment='', suction='64252cd7'), idx=2, color='#e53935'), Destination(name='창고', goal_pose=Pose(x=0.2834625688692579, y=-6.793061814598156, qw=0.5257961572167338, qz=0.850610604834031), bell=Bells(treatment='', suction='64372cd7'), idx=3, color='#e53935'), Destination(name='소독실', goal_pose=Pose(x=-3.4045695907217928, y=-7.611793760201744, qw=0.546869706461766, qz=0.8372177280459497), bell=Bells(treatment='', suction='64492cd7'), idx=4, color='#e53935')]
2026-08-21 10:39:51.531 [session=000420] [INFO] [MainThread] 호출벨 리스트 반환: callbells={'64012cd7': {'name': '호출벨 1', 'usage': 'suction', 'destination': '로비'}, '64132cd7': {'name': '호출벨 2', 'usage': 'suction', 'destination': '수술실'}, '64252cd7': {'name': '호출벨 3', 'usage': 'suction', 'destination': '진료실'}, '64372cd7': {'name': '호출벨 4', 'usage': 'suction', 'destination': '창고'}, '64492cd7': {'name': '호출벨 5', 'usage': 'suction', 'destination': '소독실'}}, robot_usages=['treatment', 'suction']
2026-08-21 10:39:51.531 [session=000420] [INFO] [MainThread] 호출벨 리스트 로드: 5개
2026-08-21 10:39:51.531 [session=000420] [INFO] [MainThread] 호출벨 목록 동일 - UI 재생성 생략
2026-08-21 10:39:51.532 [session=000420] [INFO] [MainThread] 호출벨용 용도 목록 로드 요청
2026-08-21 10:39:51.532 [session=000420] [INFO] [MainThread] 호출벨에 용도 목록 전달: 2개
2026-08-21 10:39:51.532 [session=000420] [INFO] [MainThread] 용도 목록 로드: 2개
2026-08-21 10:39:51.532 [session=000420] [INFO] [MainThread] 목적지 목록 로드: 5개
2026-08-21 10:39:51.532 [session=000420] [INFO] [MainThread] 호출벨 관리에 목적지 목록 전달: 5개
2026-08-21 10:39:51.535 [session=000420] [INFO] [MainThread] My IP : 192.168.104.212
2026-08-21 10:39:55.489 [session=000420] [INFO] [MainThread] [MAIN_THREAD_HEARTBEAT] GUI main thread alive: thread=MainThread
2026-08-21 10:40:00.490 [session=000420] [INFO] [MainThread] [MAIN_THREAD_HEARTBEAT] GUI main thread alive: thread=MainThread
2026-08-21 10:40:00.822 [session=000420] [INFO] [SSE-SSE_BATTERY_LOW_SHUTDOWN] [SSE_DIAG] connect attempt tag=SSE_BATTERY_LOW_SHUTDOWN, reconnect=8, url=http://localhost:8080/robot_ec2b/events/battery/low_shutdown
2026-08-21 10:40:00.840 [session=000420] [INFO] [SSE-SSE_BATTERY_LOW_SHUTDOWN] [SSE_DIAG] connected tag=SSE_BATTERY_LOW_SHUTDOWN, status=404, reason=Not Found, elapsed=0.02s, content_type=application/json, url=http://localhost:8080/robot_ec2b/events/battery/low_shutdown
2026-08-21 10:40:00.842 [session=000420] [ERROR] [SSE-SSE_BATTERY_LOW_SHUTDOWN] [SSE_DIAG] non-200 response tag=SSE_BATTERY_LOW_SHUTDOWN, status=404, reason=Not Found, url=http://localhost:8080/robot_ec2b/events/battery/low_shutdown
2026-08-21 10:40:00.845 [session=000420] [INFO] [SSE-SSE_BATTERY_LOW_SHUTDOWN] [SSE_DIAG] reconnect wait tag=SSE_BATTERY_LOW_SHUTDOWN, delay=10s, reconnect=9, reason=HTTP 404, url=http://localhost:8080/robot_ec2b/events/battery/low_shutdown
2026-08-21 10:40:01.500 [session=000420] [DEBUG] [RestApiThread] GetCallBellFromRESTAPI 요청 시작
2026-08-21 10:40:01.501 [session=000420] [DEBUG] [RestApiThread] _get_data: 요청 시작 - tag: REST_API_TAG.GET_CALLBELL, url: http://localhost:8080/robot_ec2b/callbell
2026-08-21 10:40:01.502 [session=000420] [DEBUG] [RestApiThread] _get_data: 요청 전송 완료 - tag: REST_API_TAG.GET_CALLBELL, timeout: 30000ms
2026-08-21 10:40:01.508 [session=000420] [INFO] [MainThread] model_manager set_destinations: unchanged (5 items) - emit skipped
2026-08-21 10:40:01.512 [session=000420] [DEBUG] [RestApiThread] _handle_response 호출됨 - tag: REST_API_TAG.GET_CALLBELL, status_code: 200
2026-08-21 10:40:01.514 [session=000420] [INFO] [ThreadPoolExecutor-5_0] 호출벨 데이터 수신: 5개
2026-08-21 10:40:01.518 [session=000420] [INFO] [MainThread] 호출벨-목적지 동기화 완료: 5개 호출벨
2026-08-21 10:40:01.519 [session=000420] [INFO] [MainThread] 목적지 리스트 반환: destinations=[Destination(name='로비', goal_pose=Pose(x=4.241336459631034, y=-2.361104203714551, qw=0.5097087478206948, qz=0.8603470185890456), bell=Bells(treatment='', suction='64012cd7'), idx=0, color='#e53935'), Destination(name='수술실', goal_pose=Pose(x=4.5199271819089395, y=-3.9219605026851503, qw=0.14533446519134308, qz=-0.9893825818294691), bell=Bells(treatment='', suction='64132cd7'), idx=1, color='#e53935'), Destination(name='진료실', goal_pose=Pose(x=0.11980823444488001, y=-3.735511450600503, qw=0.9963649848510123, qz=0.0851869530083222), bell=Bells(treatment='', suction='64252cd7'), idx=2, color='#e53935'), Destination(name='창고', goal_pose=Pose(x=0.2834625688692579, y=-6.793061814598156, qw=0.5257961572167338, qz=0.850610604834031), bell=Bells(treatment='', suction='64372cd7'), idx=3, color='#e53935'), Destination(name='소독실', goal_pose=Pose(x=-3.4045695907217928, y=-7.611793760201744, qw=0.546869706461766, qz=0.8372177280459497), bell=Bells(treatment='', suction='64492cd7'), idx=4, color='#e53935')]
2026-08-21 10:40:01.522 [session=000420] [INFO] [MainThread] 호출벨 리스트 반환: callbells={'64012cd7': {'name': '호출벨 1', 'usage': 'suction', 'destination': '로비'}, '64132cd7': {'name': '호출벨 2', 'usage': 'suction', 'destination': '수술실'}, '64252cd7': {'name': '호출벨 3', 'usage': 'suction', 'destination': '진료실'}, '64372cd7': {'name': '호출벨 4', 'usage': 'suction', 'destination': '창고'}, '64492cd7': {'name': '호출벨 5', 'usage': 'suction', 'destination': '소독실'}}, robot_usages=['treatment', 'suction']
2026-08-21 10:40:01.524 [session=000420] [INFO] [MainThread] 호출벨 리스트 로드: 5개
2026-08-21 10:40:01.525 [session=000420] [INFO] [MainThread] 호출벨 목록 동일 - UI 재생성 생략
2026-08-21 10:40:01.527 [session=000420] [INFO] [MainThread] 호출벨용 용도 목록 로드 요청
2026-08-21 10:40:01.528 [session=000420] [INFO] [MainThread] 호출벨에 용도 목록 전달: 2개
2026-08-21 10:40:01.528 [session=000420] [INFO] [MainThread] 용도 목록 로드: 2개
2026-08-21 10:40:01.528 [session=000420] [INFO] [MainThread] 목적지 목록 로드: 5개
2026-08-21 10:40:01.528 [session=000420] [INFO] [MainThread] 호출벨 관리에 목적지 목록 전달: 5개
2026-08-21 10:40:01.530 [session=000420] [INFO] [MainThread] My IP : 192.168.104.212
2026-08-21 10:40:01.531 [session=000420] [INFO] [browser-music-sync_0] [BROWSER_MUSIC_SYNC] event=catalog_fetch_started master_base_url=http://127.0.0.1:5051
2026-08-21 10:40:01.563 [session=000420] [INFO] [browser-music-sync_0] [BROWSER_MUSIC_SYNC] event=catalog_fetch_succeeded master_base_url=http://127.0.0.1:5051 item_count=3
2026-08-21 10:40:01.570 [session=000420] [INFO] [RestApiThread] [REST API] 배경 음악 GET 전송: operation=selection_get, url=http://127.0.0.1:5051/api/voice-event-settings/background-music?robot_id=robot_ec2b
2026-08-21 10:40:01.571 [session=000420] [INFO] [RestApiThread] [REST API] 배경 음악 GET 전송: operation=resolved_get, url=http://127.0.0.1:5051/api/voice-event-settings/resolved?robot_id=robot_ec2b
2026-08-21 10:40:01.598 [session=000420] [DEBUG] [RestApiThread] _handle_response 호출됨 - tag: REST_API_TAG.GET_RESOLVED_BACKGROUND_MUSIC, status_code: 200
2026-08-21 10:40:01.600 [session=000420] [DEBUG] [RestApiThread] _handle_response 호출됨 - tag: REST_API_TAG.GET_BACKGROUND_MUSIC_SETTING, status_code: 200
2026-08-21 10:40:05.489 [session=000420] [INFO] [MainThread] [MAIN_THREAD_HEARTBEAT] GUI main thread alive: thread=MainThread
2026-08-21 10:40:10.496 [session=000420] [INFO] [MainThread] [MAIN_THREAD_HEARTBEAT] GUI main thread alive: thread=MainThread
2026-08-21 10:40:10.847 [session=000420] [INFO] [SSE-SSE_BATTERY_LOW_SHUTDOWN] [SSE_DIAG] connect attempt tag=SSE_BATTERY_LOW_SHUTDOWN, reconnect=9, url=http://localhost:8080/robot_ec2b/events/battery/low_shutdown
2026-08-21 10:40:10.864 [session=000420] [INFO] [SSE-SSE_BATTERY_LOW_SHUTDOWN] [SSE_DIAG] connected tag=SSE_BATTERY_LOW_SHUTDOWN, status=404, reason=Not Found, elapsed=0.02s, content_type=application/json, url=http://localhost:8080/robot_ec2b/events/battery/low_shutdown
2026-08-21 10:40:10.865 [session=000420] [ERROR] [SSE-SSE_BATTERY_LOW_SHUTDOWN] [SSE_DIAG] non-200 response tag=SSE_BATTERY_LOW_SHUTDOWN, status=404, reason=Not Found, url=http://localhost:8080/robot_ec2b/events/battery/low_shutdown
2026-08-21 10:40:10.867 [session=000420] [INFO] [SSE-SSE_BATTERY_LOW_SHUTDOWN] [SSE_DIAG] reconnect wait tag=SSE_BATTERY_LOW_SHUTDOWN, delay=10s, reconnect=10, reason=HTTP 404, url=http://localhost:8080/robot_ec2b/events/battery/low_shutdown
2026-08-21 10:40:11.496 [session=000420] [DEBUG] [RestApiThread] GetCallBellFromRESTAPI 요청 시작
2026-08-21 10:40:11.498 [session=000420] [DEBUG] [RestApiThread] _get_data: 요청 시작 - tag: REST_API_TAG.GET_CALLBELL, url: http://localhost:8080/robot_ec2b/callbell
2026-08-21 10:40:11.499 [session=000420] [DEBUG] [RestApiThread] _get_data: 요청 전송 완료 - tag: REST_API_TAG.GET_CALLBELL, timeout: 30000ms
2026-08-21 10:40:11.507 [session=000420] [INFO] [MainThread] model_manager set_destinations: unchanged (5 items) - emit skipped
2026-08-21 10:40:11.523 [session=000420] [DEBUG] [RestApiThread] _handle_response 호출됨 - tag: REST_API_TAG.GET_CALLBELL, status_code: 200
2026-08-21 10:40:11.524 [session=000420] [INFO] [ThreadPoolExecutor-5_0] 호출벨 데이터 수신: 5개
2026-08-21 10:40:11.527 [session=000420] [INFO] [MainThread] 호출벨-목적지 동기화 완료: 5개 호출벨
2026-08-21 10:40:11.527 [session=000420] [INFO] [MainThread] 목적지 리스트 반환: destinations=[Destination(name='로비', goal_pose=Pose(x=4.241336459631034, y=-2.361104203714551, qw=0.5097087478206948, qz=0.8603470185890456), bell=Bells(treatment='', suction='64012cd7'), idx=0, color='#e53935'), Destination(name='수술실', goal_pose=Pose(x=4.5199271819089395, y=-3.9219605026851503, qw=0.14533446519134308, qz=-0.9893825818294691), bell=Bells(treatment='', suction='64132cd7'), idx=1, color='#e53935'), Destination(name='진료실', goal_pose=Pose(x=0.11980823444488001, y=-3.735511450600503, qw=0.9963649848510123, qz=0.0851869530083222), bell=Bells(treatment='', suction='64252cd7'), idx=2, color='#e53935'), Destination(name='창고', goal_pose=Pose(x=0.2834625688692579, y=-6.793061814598156, qw=0.5257961572167338, qz=0.850610604834031), bell=Bells(treatment='', suction='64372cd7'), idx=3, color='#e53935'), Destination(name='소독실', goal_pose=Pose(x=-3.4045695907217928, y=-7.611793760201744, qw=0.546869706461766, qz=0.8372177280459497), bell=Bells(treatment='', suction='64492cd7'), idx=4, color='#e53935')]
2026-08-21 10:40:11.528 [session=000420] [INFO] [MainThread] 호출벨 리스트 반환: callbells={'64012cd7': {'name': '호출벨 1', 'usage': 'suction', 'destination': '로비'}, '64132cd7': {'name': '호출벨 2', 'usage': 'suction', 'destination': '수술실'}, '64252cd7': {'name': '호출벨 3', 'usage': 'suction', 'destination': '진료실'}, '64372cd7': {'name': '호출벨 4', 'usage': 'suction', 'destination': '창고'}, '64492cd7': {'name': '호출벨 5', 'usage': 'suction', 'destination': '소독실'}}, robot_usages=['treatment', 'suction']
2026-08-21 10:40:11.528 [session=000420] [INFO] [MainThread] 호출벨 리스트 로드: 5개
2026-08-21 10:40:11.528 [session=000420] [INFO] [MainThread] 호출벨 목록 동일 - UI 재생성 생략
2026-08-21 10:40:11.528 [session=000420] [INFO] [MainThread] 호출벨용 용도 목록 로드 요청
2026-08-21 10:40:11.528 [session=000420] [INFO] [MainThread] 호출벨에 용도 목록 전달: 2개
2026-08-21 10:40:11.528 [session=000420] [INFO] [MainThread] 용도 목록 로드: 2개
2026-08-21 10:40:11.529 [session=000420] [INFO] [MainThread] 목적지 목록 로드: 5개
2026-08-21 10:40:11.529 [session=000420] [INFO] [MainThread] 호출벨 관리에 목적지 목록 전달: 5개
2026-08-21 10:40:11.529 [session=000420] [INFO] [MainThread] My IP : 192.168.104.212
2026-08-21 10:40:15.489 [session=000420] [INFO] [MainThread] [MAIN_THREAD_HEARTBEAT] GUI main thread alive: thread=MainThread
2026-08-21 10:40:20.490 [session=000420] [INFO] [MainThread] [MAIN_THREAD_HEARTBEAT] GUI main thread alive: thread=MainThread
2026-08-21 10:40:20.868 [session=000420] [INFO] [SSE-SSE_BATTERY_LOW_SHUTDOWN] [SSE_DIAG] connect attempt tag=SSE_BATTERY_LOW_SHUTDOWN, reconnect=10, url=http://localhost:8080/robot_ec2b/events/battery/low_shutdown
2026-08-21 10:40:20.882 [session=000420] [INFO] [SSE-SSE_BATTERY_LOW_SHUTDOWN] [SSE_DIAG] connected tag=SSE_BATTERY_LOW_SHUTDOWN, status=404, reason=Not Found, elapsed=0.01s, content_type=application/json, url=http://localhost:8080/robot_ec2b/events/battery/low_shutdown
2026-08-21 10:40:20.883 [session=000420] [ERROR] [SSE-SSE_BATTERY_LOW_SHUTDOWN] [SSE_DIAG] non-200 response tag=SSE_BATTERY_LOW_SHUTDOWN, status=404, reason=Not Found, url=http://localhost:8080/robot_ec2b/events/battery/low_shutdown
2026-08-21 10:40:20.884 [session=000420] [INFO] [SSE-SSE_BATTERY_LOW_SHUTDOWN] [SSE_DIAG] reconnect wait tag=SSE_BATTERY_LOW_SHUTDOWN, delay=10s, reconnect=11, reason=HTTP 404, url=http://localhost:8080/robot_ec2b/events/battery/low_shutdown
2026-08-21 10:40:21.491 [session=000420] [DEBUG] [RestApiThread] GetCallBellFromRESTAPI 요청 시작
2026-08-21 10:40:21.492 [session=000420] [DEBUG] [RestApiThread] _get_data: 요청 시작 - tag: REST_API_TAG.GET_CALLBELL, url: http://localhost:8080/robot_ec2b/callbell
2026-08-21 10:40:21.497 [session=000420] [DEBUG] [RestApiThread] _get_data: 요청 전송 완료 - tag: REST_API_TAG.GET_CALLBELL, timeout: 30000ms
2026-08-21 10:40:21.506 [session=000420] [INFO] [RestApiThread] _handle_response (CYCLIC 정상) - tag: REST_API_TAG.GET_DESTINATIONS, status: 200, pending→2
2026-08-21 10:40:21.509 [session=000420] [INFO] [MainThread] model_manager set_destinations: unchanged (5 items) - emit skipped
2026-08-21 10:40:21.516 [session=000420] [DEBUG] [RestApiThread] _handle_response 호출됨 - tag: REST_API_TAG.GET_CALLBELL, status_code: 200
2026-08-21 10:40:21.517 [session=000420] [INFO] [ThreadPoolExecutor-5_0] 호출벨 데이터 수신: 5개
2026-08-21 10:40:21.520 [session=000420] [INFO] [MainThread] 호출벨-목적지 동기화 완료: 5개 호출벨
2026-08-21 10:40:21.520 [session=000420] [INFO] [MainThread] 목적지 리스트 반환: destinations=[Destination(name='로비', goal_pose=Pose(x=4.241336459631034, y=-2.361104203714551, qw=0.5097087478206948, qz=0.8603470185890456), bell=Bells(treatment='', suction='64012cd7'), idx=0, color='#e53935'), Destination(name='수술실', goal_pose=Pose(x=4.5199271819089395, y=-3.9219605026851503, qw=0.14533446519134308, qz=-0.9893825818294691), bell=Bells(treatment='', suction='64132cd7'), idx=1, color='#e53935'), Destination(name='진료실', goal_pose=Pose(x=0.11980823444488001, y=-3.735511450600503, qw=0.9963649848510123, qz=0.0851869530083222), bell=Bells(treatment='', suction='64252cd7'), idx=2, color='#e53935'), Destination(name='창고', goal_pose=Pose(x=0.2834625688692579, y=-6.793061814598156, qw=0.5257961572167338, qz=0.850610604834031), bell=Bells(treatment='', suction='64372cd7'), idx=3, color='#e53935'), Destination(name='소독실', goal_pose=Pose(x=-3.4045695907217928, y=-7.611793760201744, qw=0.546869706461766, qz=0.8372177280459497), bell=Bells(treatment='', suction='64492cd7'), idx=4, color='#e53935')]
2026-08-21 10:40:21.521 [session=000420] [INFO] [MainThread] 호출벨 리스트 반환: callbells={'64012cd7': {'name': '호출벨 1', 'usage': 'suction', 'destination': '로비'}, '64132cd7': {'name': '호출벨 2', 'usage': 'suction', 'destination': '수술실'}, '64252cd7': {'name': '호출벨 3', 'usage': 'suction', 'destination': '진료실'}, '64372cd7': {'name': '호출벨 4', 'usage': 'suction', 'destination': '창고'}, '64492cd7': {'name': '호출벨 5', 'usage': 'suction', 'destination': '소독실'}}, robot_usages=['treatment', 'suction']
2026-08-21 10:40:21.521 [session=000420] [INFO] [MainThread] 호출벨 리스트 로드: 5개
2026-08-21 10:40:21.521 [session=000420] [INFO] [MainThread] 호출벨 목록 동일 - UI 재생성 생략
2026-08-21 10:40:21.521 [session=000420] [INFO] [MainThread] 호출벨용 용도 목록 로드 요청
2026-08-21 10:40:21.521 [session=000420] [INFO] [MainThread] 호출벨에 용도 목록 전달: 2개
2026-08-21 10:40:21.522 [session=000420] [INFO] [MainThread] 용도 목록 로드: 2개
2026-08-21 10:40:21.522 [session=000420] [INFO] [MainThread] 목적지 목록 로드: 5개
2026-08-21 10:40:21.522 [session=000420] [INFO] [MainThread] 호출벨 관리에 목적지 목록 전달: 5개
2026-08-21 10:40:21.523 [session=000420] [INFO] [RestApiThread] _handle_response (CYCLIC 정상) - tag: REST_API_TAG.GET_MASTER_IP_ADDRESS, status: 200, pending→0
2026-08-21 10:40:21.530 [session=000420] [INFO] [MainThread] My IP : 192.168.104.212
2026-08-21 10:40:25.490 [session=000420] [INFO] [MainThread] [MAIN_THREAD_HEARTBEAT] GUI main thread alive: thread=MainThread
2026-08-21 10:40:30.491 [session=000420] [INFO] [MainThread] [MAIN_THREAD_HEARTBEAT] GUI main thread alive: thread=MainThread
2026-08-21 10:40:30.889 [session=000420] [INFO] [SSE-SSE_BATTERY_LOW_SHUTDOWN] [SSE_DIAG] connect attempt tag=SSE_BATTERY_LOW_SHUTDOWN, reconnect=11, url=http://localhost:8080/robot_ec2b/events/battery/low_shutdown
2026-08-21 10:40:30.914 [session=000420] [INFO] [SSE-SSE_BATTERY_LOW_SHUTDOWN] [SSE_DIAG] connected tag=SSE_BATTERY_LOW_SHUTDOWN, status=404, reason=Not Found, elapsed=0.03s, content_type=application/json, url=http://localhost:8080/robot_ec2b/events/battery/low_shutdown
2026-08-21 10:40:30.916 [session=000420] [ERROR] [SSE-SSE_BATTERY_LOW_SHUTDOWN] [SSE_DIAG] non-200 response tag=SSE_BATTERY_LOW_SHUTDOWN, status=404, reason=Not Found, url=http://localhost:8080/robot_ec2b/events/battery/low_shutdown
2026-08-21 10:40:30.920 [session=000420] [INFO] [SSE-SSE_BATTERY_LOW_SHUTDOWN] [SSE_DIAG] reconnect wait tag=SSE_BATTERY_LOW_SHUTDOWN, delay=10s, reconnect=12, reason=HTTP 404, url=http://localhost:8080/robot_ec2b/events/battery/low_shutdown
2026-08-21 10:40:31.493 [session=000420] [DEBUG] [RestApiThread] GetCallBellFromRESTAPI 요청 시작
2026-08-21 10:40:31.502 [session=000420] [DEBUG] [RestApiThread] _get_data: 요청 시작 - tag: REST_API_TAG.GET_CALLBELL, url: http://localhost:8080/robot_ec2b/callbell
2026-08-21 10:40:31.510 [session=000420] [DEBUG] [RestApiThread] _get_data: 요청 전송 완료 - tag: REST_API_TAG.GET_CALLBELL, timeout: 30000ms
2026-08-21 10:40:31.515 [session=000420] [INFO] [MainThread] model_manager set_destinations: unchanged (5 items) - emit skipped
2026-08-21 10:40:31.527 [session=000420] [DEBUG] [RestApiThread] _handle_response 호출됨 - tag: REST_API_TAG.GET_CALLBELL, status_code: 200
2026-08-21 10:40:31.528 [session=000420] [INFO] [ThreadPoolExecutor-5_0] 호출벨 데이터 수신: 5개
2026-08-21 10:40:31.531 [session=000420] [INFO] [MainThread] 호출벨-목적지 동기화 완료: 5개 호출벨
2026-08-21 10:40:31.532 [session=000420] [INFO] [MainThread] 목적지 리스트 반환: destinations=[Destination(name='로비', goal_pose=Pose(x=4.241336459631034, y=-2.361104203714551, qw=0.5097087478206948, qz=0.8603470185890456), bell=Bells(treatment='', suction='64012cd7'), idx=0, color='#e53935'), Destination(name='수술실', goal_pose=Pose(x=4.5199271819089395, y=-3.9219605026851503, qw=0.14533446519134308, qz=-0.9893825818294691), bell=Bells(treatment='', suction='64132cd7'), idx=1, color='#e53935'), Destination(name='진료실', goal_pose=Pose(x=0.11980823444488001, y=-3.735511450600503, qw=0.9963649848510123, qz=0.0851869530083222), bell=Bells(treatment='', suction='64252cd7'), idx=2, color='#e53935'), Destination(name='창고', goal_pose=Pose(x=0.2834625688692579, y=-6.793061814598156, qw=0.5257961572167338, qz=0.850610604834031), bell=Bells(treatment='', suction='64372cd7'), idx=3, color='#e53935'), Destination(name='소독실', goal_pose=Pose(x=-3.4045695907217928, y=-7.611793760201744, qw=0.546869706461766, qz=0.8372177280459497), bell=Bells(treatment='', suction='64492cd7'), idx=4, color='#e53935')]
2026-08-21 10:40:31.532 [session=000420] [INFO] [MainThread] 호출벨 리스트 반환: callbells={'64012cd7': {'name': '호출벨 1', 'usage': 'suction', 'destination': '로비'}, '64132cd7': {'name': '호출벨 2', 'usage': 'suction', 'destination': '수술실'}, '64252cd7': {'name': '호출벨 3', 'usage': 'suction', 'destination': '진료실'}, '64372cd7': {'name': '호출벨 4', 'usage': 'suction', 'destination': '창고'}, '64492cd7': {'name': '호출벨 5', 'usage': 'suction', 'destination': '소독실'}}, robot_usages=['treatment', 'suction']
2026-08-21 10:40:31.532 [session=000420] [INFO] [MainThread] 호출벨 리스트 로드: 5개
2026-08-21 10:40:31.532 [session=000420] [INFO] [MainThread] 호출벨 목록 동일 - UI 재생성 생략
2026-08-21 10:40:31.533 [session=000420] [INFO] [MainThread] 호출벨용 용도 목록 로드 요청
2026-08-21 10:40:31.533 [session=000420] [INFO] [MainThread] 호출벨에 용도 목록 전달: 2개
2026-08-21 10:40:31.533 [session=000420] [INFO] [MainThread] 용도 목록 로드: 2개
2026-08-21 10:40:31.534 [session=000420] [INFO] [MainThread] 목적지 목록 로드: 5개
2026-08-21 10:40:31.535 [session=000420] [INFO] [MainThread] 호출벨 관리에 목적지 목록 전달: 5개
2026-08-21 10:40:31.536 [session=000420] [INFO] [MainThread] My IP : 192.168.104.212
2026-08-21 10:40:35.489 [session=000420] [INFO] [MainThread] [MAIN_THREAD_HEARTBEAT] GUI main thread alive: thread=MainThread
2026-08-21 10:40:40.491 [session=000420] [INFO] [MainThread] [MAIN_THREAD_HEARTBEAT] GUI main thread alive: thread=MainThread
2026-08-21 10:40:40.921 [session=000420] [INFO] [SSE-SSE_BATTERY_LOW_SHUTDOWN] [SSE_DIAG] connect attempt tag=SSE_BATTERY_LOW_SHUTDOWN, reconnect=12, url=http://localhost:8080/robot_ec2b/events/battery/low_shutdown
2026-08-21 10:40:40.932 [session=000420] [INFO] [SSE-SSE_BATTERY_LOW_SHUTDOWN] [SSE_DIAG] connected tag=SSE_BATTERY_LOW_SHUTDOWN, status=404, reason=Not Found, elapsed=0.01s, content_type=application/json, url=http://localhost:8080/robot_ec2b/events/battery/low_shutdown
2026-08-21 10:40:40.933 [session=000420] [ERROR] [SSE-SSE_BATTERY_LOW_SHUTDOWN] [SSE_DIAG] non-200 response tag=SSE_BATTERY_LOW_SHUTDOWN, status=404, reason=Not Found, url=http://localhost:8080/robot_ec2b/events/battery/low_shutdown
2026-08-21 10:40:40.936 [session=000420] [INFO] [SSE-SSE_BATTERY_LOW_SHUTDOWN] [SSE_DIAG] reconnect wait tag=SSE_BATTERY_LOW_SHUTDOWN, delay=10s, reconnect=13, reason=HTTP 404, url=http://localhost:8080/robot_ec2b/events/battery/low_shutdown
2026-08-21 10:40:41.501 [session=000420] [DEBUG] [RestApiThread] GetCallBellFromRESTAPI 요청 시작
2026-08-21 10:40:41.501 [session=000420] [DEBUG] [RestApiThread] _get_data: 요청 시작 - tag: REST_API_TAG.GET_CALLBELL, url: http://localhost:8080/robot_ec2b/callbell
2026-08-21 10:40:41.502 [session=000420] [DEBUG] [RestApiThread] _get_data: 요청 전송 완료 - tag: REST_API_TAG.GET_CALLBELL, timeout: 30000ms
2026-08-21 10:40:41.504 [session=000420] [INFO] [MainThread] model_manager set_destinations: unchanged (5 items) - emit skipped
2026-08-21 10:40:41.521 [session=000420] [DEBUG] [RestApiThread] _handle_response 호출됨 - tag: REST_API_TAG.GET_CALLBELL, status_code: 200
2026-08-21 10:40:41.522 [session=000420] [INFO] [ThreadPoolExecutor-5_1] 호출벨 데이터 수신: 5개
2026-08-21 10:40:41.525 [session=000420] [INFO] [MainThread] 호출벨-목적지 동기화 완료: 5개 호출벨
2026-08-21 10:40:41.526 [session=000420] [INFO] [MainThread] 목적지 리스트 반환: destinations=[Destination(name='로비', goal_pose=Pose(x=4.241336459631034, y=-2.361104203714551, qw=0.5097087478206948, qz=0.8603470185890456), bell=Bells(treatment='', suction='64012cd7'), idx=0, color='#e53935'), Destination(name='수술실', goal_pose=Pose(x=4.5199271819089395, y=-3.9219605026851503, qw=0.14533446519134308, qz=-0.9893825818294691), bell=Bells(treatment='', suction='64132cd7'), idx=1, color='#e53935'), Destination(name='진료실', goal_pose=Pose(x=0.11980823444488001, y=-3.735511450600503, qw=0.9963649848510123, qz=0.0851869530083222), bell=Bells(treatment='', suction='64252cd7'), idx=2, color='#e53935'), Destination(name='창고', goal_pose=Pose(x=0.2834625688692579, y=-6.793061814598156, qw=0.5257961572167338, qz=0.850610604834031), bell=Bells(treatment='', suction='64372cd7'), idx=3, color='#e53935'), Destination(name='소독실', goal_pose=Pose(x=-3.4045695907217928, y=-7.611793760201744, qw=0.546869706461766, qz=0.8372177280459497), bell=Bells(treatment='', suction='64492cd7'), idx=4, color='#e53935')]
2026-08-21 10:40:41.526 [session=000420] [INFO] [MainThread] 호출벨 리스트 반환: callbells={'64012cd7': {'name': '호출벨 1', 'usage': 'suction', 'destination': '로비'}, '64132cd7': {'name': '호출벨 2', 'usage': 'suction', 'destination': '수술실'}, '64252cd7': {'name': '호출벨 3', 'usage': 'suction', 'destination': '진료실'}, '64372cd7': {'name': '호출벨 4', 'usage': 'suction', 'destination': '창고'}, '64492cd7': {'name': '호출벨 5', 'usage': 'suction', 'destination': '소독실'}}, robot_usages=['treatment', 'suction']
2026-08-21 10:40:41.526 [session=000420] [INFO] [MainThread] 호출벨 리스트 로드: 5개
2026-08-21 10:40:41.527 [session=000420] [INFO] [MainThread] 호출벨 목록 동일 - UI 재생성 생략
2026-08-21 10:40:41.531 [session=000420] [INFO] [MainThread] 호출벨용 용도 목록 로드 요청
2026-08-21 10:40:41.531 [session=000420] [INFO] [MainThread] 호출벨에 용도 목록 전달: 2개
2026-08-21 10:40:41.532 [session=000420] [INFO] [MainThread] 용도 목록 로드: 2개
2026-08-21 10:40:41.533 [session=000420] [INFO] [MainThread] 목적지 목록 로드: 5개
2026-08-21 10:40:41.533 [session=000420] [INFO] [MainThread] 호출벨 관리에 목적지 목록 전달: 5개
2026-08-21 10:40:41.535 [session=000420] [INFO] [MainThread] My IP : 192.168.104.212
2026-08-21 10:40:41.537 [session=000420] [INFO] [browser-music-sync_0] [BROWSER_MUSIC_SYNC] event=catalog_fetch_started master_base_url=http://127.0.0.1:5051
2026-08-21 10:40:41.562 [session=000420] [INFO] [browser-music-sync_0] [BROWSER_MUSIC_SYNC] event=catalog_fetch_succeeded master_base_url=http://127.0.0.1:5051 item_count=3
2026-08-21 10:40:41.567 [session=000420] [INFO] [RestApiThread] [REST API] 배경 음악 GET 전송: operation=selection_get, url=http://127.0.0.1:5051/api/voice-event-settings/background-music?robot_id=robot_ec2b
2026-08-21 10:40:41.568 [session=000420] [INFO] [RestApiThread] [REST API] 배경 음악 GET 전송: operation=resolved_get, url=http://127.0.0.1:5051/api/voice-event-settings/resolved?robot_id=robot_ec2b
2026-08-21 10:40:41.583 [session=000420] [DEBUG] [RestApiThread] _handle_response 호출됨 - tag: REST_API_TAG.GET_BACKGROUND_MUSIC_SETTING, status_code: 200
2026-08-21 10:40:41.601 [session=000420] [DEBUG] [RestApiThread] _handle_response 호출됨 - tag: REST_API_TAG.GET_RESOLVED_BACKGROUND_MUSIC, status_code: 200
2026-08-21 10:40:45.490 [session=000420] [INFO] [MainThread] [MAIN_THREAD_HEARTBEAT] GUI main thread alive: thread=MainThread
2026-08-21 10:40:50.491 [session=000420] [INFO] [MainThread] [MAIN_THREAD_HEARTBEAT] GUI main thread alive: thread=MainThread
2026-08-21 10:40:50.937 [session=000420] [INFO] [SSE-SSE_BATTERY_LOW_SHUTDOWN] [SSE_DIAG] connect attempt tag=SSE_BATTERY_LOW_SHUTDOWN, reconnect=13, url=http://localhost:8080/robot_ec2b/events/battery/low_shutdown
2026-08-21 10:40:50.946 [session=000420] [INFO] [SSE-SSE_BATTERY_LOW_SHUTDOWN] [SSE_DIAG] connected tag=SSE_BATTERY_LOW_SHUTDOWN, status=404, reason=Not Found, elapsed=0.01s, content_type=application/json, url=http://localhost:8080/robot_ec2b/events/battery/low_shutdown
2026-08-21 10:40:50.948 [session=000420] [ERROR] [SSE-SSE_BATTERY_LOW_SHUTDOWN] [SSE_DIAG] non-200 response tag=SSE_BATTERY_LOW_SHUTDOWN, status=404, reason=Not Found, url=http://localhost:8080/robot_ec2b/events/battery/low_shutdown
2026-08-21 10:40:50.950 [session=000420] [INFO] [SSE-SSE_BATTERY_LOW_SHUTDOWN] [SSE_DIAG] reconnect wait tag=SSE_BATTERY_LOW_SHUTDOWN, delay=10s, reconnect=14, reason=HTTP 404, url=http://localhost:8080/robot_ec2b/events/battery/low_shutdown
2026-08-21 10:40:51.491 [session=000420] [DEBUG] [RestApiThread] GetCallBellFromRESTAPI 요청 시작
2026-08-21 10:40:51.492 [session=000420] [DEBUG] [RestApiThread] _get_data: 요청 시작 - tag: REST_API_TAG.GET_CALLBELL, url: http://localhost:8080/robot_ec2b/callbell
2026-08-21 10:40:51.498 [session=000420] [DEBUG] [RestApiThread] _get_data: 요청 전송 완료 - tag: REST_API_TAG.GET_CALLBELL, timeout: 30000ms
2026-08-21 10:40:51.506 [session=000420] [INFO] [MainThread] model_manager set_destinations: unchanged (5 items) - emit skipped
2026-08-21 10:40:51.522 [session=000420] [DEBUG] [RestApiThread] _handle_response 호출됨 - tag: REST_API_TAG.GET_CALLBELL, status_code: 200
2026-08-21 10:40:51.523 [session=000420] [INFO] [ThreadPoolExecutor-5_1] 호출벨 데이터 수신: 5개
2026-08-21 10:40:51.526 [session=000420] [INFO] [MainThread] 호출벨-목적지 동기화 완료: 5개 호출벨
2026-08-21 10:40:51.526 [session=000420] [INFO] [MainThread] 목적지 리스트 반환: destinations=[Destination(name='로비', goal_pose=Pose(x=4.241336459631034, y=-2.361104203714551, qw=0.5097087478206948, qz=0.8603470185890456), bell=Bells(treatment='', suction='64012cd7'), idx=0, color='#e53935'), Destination(name='수술실', goal_pose=Pose(x=4.5199271819089395, y=-3.9219605026851503, qw=0.14533446519134308, qz=-0.9893825818294691), bell=Bells(treatment='', suction='64132cd7'), idx=1, color='#e53935'), Destination(name='진료실', goal_pose=Pose(x=0.11980823444488001, y=-3.735511450600503, qw=0.9963649848510123, qz=0.0851869530083222), bell=Bells(treatment='', suction='64252cd7'), idx=2, color='#e53935'), Destination(name='창고', goal_pose=Pose(x=0.2834625688692579, y=-6.793061814598156, qw=0.5257961572167338, qz=0.850610604834031), bell=Bells(treatment='', suction='64372cd7'), idx=3, color='#e53935'), Destination(name='소독실', goal_pose=Pose(x=-3.4045695907217928, y=-7.611793760201744, qw=0.546869706461766, qz=0.8372177280459497), bell=Bells(treatment='', suction='64492cd7'), idx=4, color='#e53935')]
2026-08-21 10:40:51.527 [session=000420] [INFO] [MainThread] 호출벨 리스트 반환: callbells={'64012cd7': {'name': '호출벨 1', 'usage': 'suction', 'destination': '로비'}, '64132cd7': {'name': '호출벨 2', 'usage': 'suction', 'destination': '수술실'}, '64252cd7': {'name': '호출벨 3', 'usage': 'suction', 'destination': '진료실'}, '64372cd7': {'name': '호출벨 4', 'usage': 'suction', 'destination': '창고'}, '64492cd7': {'name': '호출벨 5', 'usage': 'suction', 'destination': '소독실'}}, robot_usages=['treatment', 'suction']
2026-08-21 10:40:51.528 [session=000420] [INFO] [MainThread] 호출벨 리스트 로드: 5개
2026-08-21 10:40:51.528 [session=000420] [INFO] [MainThread] 호출벨 목록 동일 - UI 재생성 생략
2026-08-21 10:40:51.529 [session=000420] [INFO] [MainThread] 호출벨용 용도 목록 로드 요청
2026-08-21 10:40:51.529 [session=000420] [INFO] [MainThread] 호출벨에 용도 목록 전달: 2개
2026-08-21 10:40:51.529 [session=000420] [INFO] [MainThread] 용도 목록 로드: 2개
2026-08-21 10:40:51.529 [session=000420] [INFO] [MainThread] 목적지 목록 로드: 5개
2026-08-21 10:40:51.530 [session=000420] [INFO] [MainThread] 호출벨 관리에 목적지 목록 전달: 5개
2026-08-21 10:40:51.533 [session=000420] [INFO] [MainThread] My IP : 192.168.104.212
2026-08-21 10:40:55.489 [session=000420] [INFO] [MainThread] [MAIN_THREAD_HEARTBEAT] GUI main thread alive: thread=MainThread
2026-08-21 10:41:00.489 [session=000420] [INFO] [MainThread] [MAIN_THREAD_HEARTBEAT] GUI main thread alive: thread=MainThread
2026-08-21 10:41:00.953 [session=000420] [INFO] [SSE-SSE_BATTERY_LOW_SHUTDOWN] [SSE_DIAG] connect attempt tag=SSE_BATTERY_LOW_SHUTDOWN, reconnect=14, url=http://localhost:8080/robot_ec2b/events/battery/low_shutdown
2026-08-21 10:41:00.970 [session=000420] [INFO] [SSE-SSE_BATTERY_LOW_SHUTDOWN] [SSE_DIAG] connected tag=SSE_BATTERY_LOW_SHUTDOWN, status=404, reason=Not Found, elapsed=0.02s, content_type=application/json, url=http://localhost:8080/robot_ec2b/events/battery/low_shutdown
2026-08-21 10:41:00.971 [session=000420] [ERROR] [SSE-SSE_BATTERY_LOW_SHUTDOWN] [SSE_DIAG] non-200 response tag=SSE_BATTERY_LOW_SHUTDOWN, status=404, reason=Not Found, url=http://localhost:8080/robot_ec2b/events/battery/low_shutdown
2026-08-21 10:41:00.974 [session=000420] [INFO] [SSE-SSE_BATTERY_LOW_SHUTDOWN] [SSE_DIAG] reconnect wait tag=SSE_BATTERY_LOW_SHUTDOWN, delay=10s, reconnect=15, reason=HTTP 404, url=http://localhost:8080/robot_ec2b/events/battery/low_shutdown
2026-08-21 10:41:01.491 [session=000420] [DEBUG] [RestApiThread] GetCallBellFromRESTAPI 요청 시작
2026-08-21 10:41:01.497 [session=000420] [DEBUG] [RestApiThread] _get_data: 요청 시작 - tag: REST_API_TAG.GET_CALLBELL, url: http://localhost:8080/robot_ec2b/callbell
2026-08-21 10:41:01.498 [session=000420] [DEBUG] [RestApiThread] _get_data: 요청 전송 완료 - tag: REST_API_TAG.GET_CALLBELL, timeout: 30000ms
2026-08-21 10:41:01.512 [session=000420] [INFO] [MainThread] model_manager set_destinations: unchanged (5 items) - emit skipped
2026-08-21 10:41:01.525 [session=000420] [DEBUG] [RestApiThread] _handle_response 호출됨 - tag: REST_API_TAG.GET_CALLBELL, status_code: 200
2026-08-21 10:41:01.526 [session=000420] [INFO] [ThreadPoolExecutor-5_1] 호출벨 데이터 수신: 5개
2026-08-21 10:41:01.529 [session=000420] [INFO] [MainThread] 호출벨-목적지 동기화 완료: 5개 호출벨
2026-08-21 10:41:01.529 [session=000420] [INFO] [MainThread] 목적지 리스트 반환: destinations=[Destination(name='로비', goal_pose=Pose(x=4.241336459631034, y=-2.361104203714551, qw=0.5097087478206948, qz=0.8603470185890456), bell=Bells(treatment='', suction='64012cd7'), idx=0, color='#e53935'), Destination(name='수술실', goal_pose=Pose(x=4.5199271819089395, y=-3.9219605026851503, qw=0.14533446519134308, qz=-0.9893825818294691), bell=Bells(treatment='', suction='64132cd7'), idx=1, color='#e53935'), Destination(name='진료실', goal_pose=Pose(x=0.11980823444488001, y=-3.735511450600503, qw=0.9963649848510123, qz=0.0851869530083222), bell=Bells(treatment='', suction='64252cd7'), idx=2, color='#e53935'), Destination(name='창고', goal_pose=Pose(x=0.2834625688692579, y=-6.793061814598156, qw=0.5257961572167338, qz=0.850610604834031), bell=Bells(treatment='', suction='64372cd7'), idx=3, color='#e53935'), Destination(name='소독실', goal_pose=Pose(x=-3.4045695907217928, y=-7.611793760201744, qw=0.546869706461766, qz=0.8372177280459497), bell=Bells(treatment='', suction='64492cd7'), idx=4, color='#e53935')]
2026-08-21 10:41:01.529 [session=000420] [INFO] [MainThread] 호출벨 리스트 반환: callbells={'64012cd7': {'name': '호출벨 1', 'usage': 'suction', 'destination': '로비'}, '64132cd7': {'name': '호출벨 2', 'usage': 'suction', 'destination': '수술실'}, '64252cd7': {'name': '호출벨 3', 'usage': 'suction', 'destination': '진료실'}, '64372cd7': {'name': '호출벨 4', 'usage': 'suction', 'destination': '창고'}, '64492cd7': {'name': '호출벨 5', 'usage': 'suction', 'destination': '소독실'}}, robot_usages=['treatment', 'suction']
2026-08-21 10:41:01.530 [session=000420] [INFO] [MainThread] 호출벨 리스트 로드: 5개
2026-08-21 10:41:01.530 [session=000420] [INFO] [MainThread] 호출벨 목록 동일 - UI 재생성 생략
2026-08-21 10:41:01.530 [session=000420] [INFO] [MainThread] 호출벨용 용도 목록 로드 요청
2026-08-21 10:41:01.530 [session=000420] [INFO] [MainThread] 호출벨에 용도 목록 전달: 2개
2026-08-21 10:41:01.530 [session=000420] [INFO] [MainThread] 용도 목록 로드: 2개
2026-08-21 10:41:01.530 [session=000420] [INFO] [MainThread] 목적지 목록 로드: 5개
2026-08-21 10:41:01.530 [session=000420] [INFO] [MainThread] 호출벨 관리에 목적지 목록 전달: 5개
2026-08-21 10:41:01.535 [session=000420] [INFO] [MainThread] My IP : 192.168.104.212
2026-08-21 10:41:05.489 [session=000420] [INFO] [MainThread] [MAIN_THREAD_HEARTBEAT] GUI main thread alive: thread=MainThread
2026-08-21 10:41:10.491 [session=000420] [INFO] [MainThread] [MAIN_THREAD_HEARTBEAT] GUI main thread alive: thread=MainThread
2026-08-21 10:41:10.975 [session=000420] [INFO] [SSE-SSE_BATTERY_LOW_SHUTDOWN] [SSE_DIAG] connect attempt tag=SSE_BATTERY_LOW_SHUTDOWN, reconnect=15, url=http://localhost:8080/robot_ec2b/events/battery/low_shutdown
2026-08-21 10:41:10.988 [session=000420] [INFO] [SSE-SSE_BATTERY_LOW_SHUTDOWN] [SSE_DIAG] connected tag=SSE_BATTERY_LOW_SHUTDOWN, status=404, reason=Not Found, elapsed=0.01s, content_type=application/json, url=http://localhost:8080/robot_ec2b/events/battery/low_shutdown
2026-08-21 10:41:10.989 [session=000420] [ERROR] [SSE-SSE_BATTERY_LOW_SHUTDOWN] [SSE_DIAG] non-200 response tag=SSE_BATTERY_LOW_SHUTDOWN, status=404, reason=Not Found, url=http://localhost:8080/robot_ec2b/events/battery/low_shutdown
2026-08-21 10:41:10.992 [session=000420] [INFO] [SSE-SSE_BATTERY_LOW_SHUTDOWN] [SSE_DIAG] reconnect wait tag=SSE_BATTERY_LOW_SHUTDOWN, delay=10s, reconnect=16, reason=HTTP 404, url=http://localhost:8080/robot_ec2b/events/battery/low_shutdown
2026-08-21 10:41:11.505 [session=000420] [DEBUG] [RestApiThread] GetCallBellFromRESTAPI 요청 시작
2026-08-21 10:41:11.506 [session=000420] [DEBUG] [RestApiThread] _get_data: 요청 시작 - tag: REST_API_TAG.GET_CALLBELL, url: http://localhost:8080/robot_ec2b/callbell
2026-08-21 10:41:11.507 [session=000420] [DEBUG] [RestApiThread] _get_data: 요청 전송 완료 - tag: REST_API_TAG.GET_CALLBELL, timeout: 30000ms
2026-08-21 10:41:11.509 [session=000420] [INFO] [MainThread] model_manager set_destinations: unchanged (5 items) - emit skipped
2026-08-21 10:41:11.530 [session=000420] [DEBUG] [RestApiThread] _handle_response 호출됨 - tag: REST_API_TAG.GET_CALLBELL, status_code: 200
2026-08-21 10:41:11.531 [session=000420] [INFO] [ThreadPoolExecutor-5_0] 호출벨 데이터 수신: 5개
2026-08-21 10:41:11.533 [session=000420] [INFO] [MainThread] 호출벨-목적지 동기화 완료: 5개 호출벨
2026-08-21 10:41:11.534 [session=000420] [INFO] [MainThread] 목적지 리스트 반환: destinations=[Destination(name='로비', goal_pose=Pose(x=4.241336459631034, y=-2.361104203714551, qw=0.5097087478206948, qz=0.8603470185890456), bell=Bells(treatment='', suction='64012cd7'), idx=0, color='#e53935'), Destination(name='수술실', goal_pose=Pose(x=4.5199271819089395, y=-3.9219605026851503, qw=0.14533446519134308, qz=-0.9893825818294691), bell=Bells(treatment='', suction='64132cd7'), idx=1, color='#e53935'), Destination(name='진료실', goal_pose=Pose(x=0.11980823444488001, y=-3.735511450600503, qw=0.9963649848510123, qz=0.0851869530083222), bell=Bells(treatment='', suction='64252cd7'), idx=2, color='#e53935'), Destination(name='창고', goal_pose=Pose(x=0.2834625688692579, y=-6.793061814598156, qw=0.5257961572167338, qz=0.850610604834031), bell=Bells(treatment='', suction='64372cd7'), idx=3, color='#e53935'), Destination(name='소독실', goal_pose=Pose(x=-3.4045695907217928, y=-7.611793760201744, qw=0.546869706461766, qz=0.8372177280459497), bell=Bells(treatment='', suction='64492cd7'), idx=4, color='#e53935')]
2026-08-21 10:41:11.535 [session=000420] [INFO] [MainThread] 호출벨 리스트 반환: callbells={'64012cd7': {'name': '호출벨 1', 'usage': 'suction', 'destination': '로비'}, '64132cd7': {'name': '호출벨 2', 'usage': 'suction', 'destination': '수술실'}, '64252cd7': {'name': '호출벨 3', 'usage': 'suction', 'destination': '진료실'}, '64372cd7': {'name': '호출벨 4', 'usage': 'suction', 'destination': '창고'}, '64492cd7': {'name': '호출벨 5', 'usage': 'suction', 'destination': '소독실'}}, robot_usages=['treatment', 'suction']
2026-08-21 10:41:11.535 [session=000420] [INFO] [MainThread] 호출벨 리스트 로드: 5개
2026-08-21 10:41:11.536 [session=000420] [INFO] [MainThread] 호출벨 목록 동일 - UI 재생성 생략
2026-08-21 10:41:11.536 [session=000420] [INFO] [MainThread] 호출벨용 용도 목록 로드 요청
2026-08-21 10:41:11.536 [session=000420] [INFO] [MainThread] 호출벨에 용도 목록 전달: 2개
2026-08-21 10:41:11.536 [session=000420] [INFO] [MainThread] 용도 목록 로드: 2개
2026-08-21 10:41:11.536 [session=000420] [INFO] [MainThread] 목적지 목록 로드: 5개
2026-08-21 10:41:11.536 [session=000420] [INFO] [MainThread] 호출벨 관리에 목적지 목록 전달: 5개
2026-08-21 10:41:11.539 [session=000420] [INFO] [MainThread] My IP : 192.168.104.212
2026-08-21 10:41:15.490 [session=000420] [INFO] [MainThread] [MAIN_THREAD_HEARTBEAT] GUI main thread alive: thread=MainThread
2026-08-21 10:41:20.489 [session=000420] [INFO] [MainThread] [MAIN_THREAD_HEARTBEAT] GUI main thread alive: thread=MainThread
2026-08-21 10:41:20.999 [session=000420] [INFO] [SSE-SSE_BATTERY_LOW_SHUTDOWN] [SSE_DIAG] connect attempt tag=SSE_BATTERY_LOW_SHUTDOWN, reconnect=16, url=http://localhost:8080/robot_ec2b/events/battery/low_shutdown
2026-08-21 10:41:21.014 [session=000420] [INFO] [SSE-SSE_BATTERY_LOW_SHUTDOWN] [SSE_DIAG] connected tag=SSE_BATTERY_LOW_SHUTDOWN, status=404, reason=Not Found, elapsed=0.02s, content_type=application/json, url=http://localhost:8080/robot_ec2b/events/battery/low_shutdown
2026-08-21 10:41:21.015 [session=000420] [ERROR] [SSE-SSE_BATTERY_LOW_SHUTDOWN] [SSE_DIAG] non-200 response tag=SSE_BATTERY_LOW_SHUTDOWN, status=404, reason=Not Found, url=http://localhost:8080/robot_ec2b/events/battery/low_shutdown
2026-08-21 10:41:21.016 [session=000420] [INFO] [SSE-SSE_BATTERY_LOW_SHUTDOWN] [SSE_DIAG] reconnect wait tag=SSE_BATTERY_LOW_SHUTDOWN, delay=10s, reconnect=17, reason=HTTP 404, url=http://localhost:8080/robot_ec2b/events/battery/low_shutdown
2026-08-21 10:41:21.494 [session=000420] [DEBUG] [RestApiThread] GetCallBellFromRESTAPI 요청 시작
2026-08-21 10:41:21.494 [session=000420] [DEBUG] [RestApiThread] _get_data: 요청 시작 - tag: REST_API_TAG.GET_CALLBELL, url: http://localhost:8080/robot_ec2b/callbell
2026-08-21 10:41:21.502 [session=000420] [DEBUG] [RestApiThread] _get_data: 요청 전송 완료 - tag: REST_API_TAG.GET_CALLBELL, timeout: 30000ms
2026-08-21 10:41:21.510 [session=000420] [INFO] [MainThread] model_manager set_destinations: unchanged (5 items) - emit skipped
2026-08-21 10:41:21.528 [session=000420] [DEBUG] [RestApiThread] _handle_response 호출됨 - tag: REST_API_TAG.GET_CALLBELL, status_code: 200
2026-08-21 10:41:21.529 [session=000420] [INFO] [ThreadPoolExecutor-5_0] 호출벨 데이터 수신: 5개
2026-08-21 10:41:21.531 [session=000420] [INFO] [MainThread] 호출벨-목적지 동기화 완료: 5개 호출벨
2026-08-21 10:41:21.531 [session=000420] [INFO] [MainThread] 목적지 리스트 반환: destinations=[Destination(name='로비', goal_pose=Pose(x=4.241336459631034, y=-2.361104203714551, qw=0.5097087478206948, qz=0.8603470185890456), bell=Bells(treatment='', suction='64012cd7'), idx=0, color='#e53935'), Destination(name='수술실', goal_pose=Pose(x=4.5199271819089395, y=-3.9219605026851503, qw=0.14533446519134308, qz=-0.9893825818294691), bell=Bells(treatment='', suction='64132cd7'), idx=1, color='#e53935'), Destination(name='진료실', goal_pose=Pose(x=0.11980823444488001, y=-3.735511450600503, qw=0.9963649848510123, qz=0.0851869530083222), bell=Bells(treatment='', suction='64252cd7'), idx=2, color='#e53935'), Destination(name='창고', goal_pose=Pose(x=0.2834625688692579, y=-6.793061814598156, qw=0.5257961572167338, qz=0.850610604834031), bell=Bells(treatment='', suction='64372cd7'), idx=3, color='#e53935'), Destination(name='소독실', goal_pose=Pose(x=-3.4045695907217928, y=-7.611793760201744, qw=0.546869706461766, qz=0.8372177280459497), bell=Bells(treatment='', suction='64492cd7'), idx=4, color='#e53935')]
2026-08-21 10:41:21.532 [session=000420] [INFO] [MainThread] 호출벨 리스트 반환: callbells={'64012cd7': {'name': '호출벨 1', 'usage': 'suction', 'destination': '로비'}, '64132cd7': {'name': '호출벨 2', 'usage': 'suction', 'destination': '수술실'}, '64252cd7': {'name': '호출벨 3', 'usage': 'suction', 'destination': '진료실'}, '64372cd7': {'name': '호출벨 4', 'usage': 'suction', 'destination': '창고'}, '64492cd7': {'name': '호출벨 5', 'usage': 'suction', 'destination': '소독실'}}, robot_usages=['treatment', 'suction']
2026-08-21 10:41:21.533 [session=000420] [INFO] [MainThread] 호출벨 리스트 로드: 5개
2026-08-21 10:41:21.534 [session=000420] [INFO] [MainThread] 호출벨 목록 동일 - UI 재생성 생략
2026-08-21 10:41:21.535 [session=000420] [INFO] [MainThread] 호출벨용 용도 목록 로드 요청
2026-08-21 10:41:21.535 [session=000420] [INFO] [MainThread] 호출벨에 용도 목록 전달: 2개
2026-08-21 10:41:21.535 [session=000420] [INFO] [MainThread] 용도 목록 로드: 2개
2026-08-21 10:41:21.535 [session=000420] [INFO] [MainThread] 목적지 목록 로드: 5개
2026-08-21 10:41:21.535 [session=000420] [INFO] [MainThread] 호출벨 관리에 목적지 목록 전달: 5개
2026-08-21 10:41:21.537 [session=000420] [INFO] [MainThread] My IP : 192.168.104.212
2026-08-21 10:41:21.540 [session=000420] [INFO] [browser-music-sync_0] [BROWSER_MUSIC_SYNC] event=catalog_fetch_started master_base_url=http://127.0.0.1:5051
2026-08-21 10:41:21.571 [session=000420] [INFO] [browser-music-sync_0] [BROWSER_MUSIC_SYNC] event=catalog_fetch_succeeded master_base_url=http://127.0.0.1:5051 item_count=3
2026-08-21 10:41:21.577 [session=000420] [INFO] [RestApiThread] [REST API] 배경 음악 GET 전송: operation=selection_get, url=http://127.0.0.1:5051/api/voice-event-settings/background-music?robot_id=robot_ec2b
2026-08-21 10:41:21.582 [session=000420] [INFO] [RestApiThread] [REST API] 배경 음악 GET 전송: operation=resolved_get, url=http://127.0.0.1:5051/api/voice-event-settings/resolved?robot_id=robot_ec2b
2026-08-21 10:41:21.603 [session=000420] [DEBUG] [RestApiThread] _handle_response 호출됨 - tag: REST_API_TAG.GET_BACKGROUND_MUSIC_SETTING, status_code: 200
2026-08-21 10:41:21.607 [session=000420] [DEBUG] [RestApiThread] _handle_response 호출됨 - tag: REST_API_TAG.GET_RESOLVED_BACKGROUND_MUSIC, status_code: 200
2026-08-21 10:41:25.489 [session=000420] [INFO] [MainThread] [MAIN_THREAD_HEARTBEAT] GUI main thread alive: thread=MainThread
2026-08-21 10:41:30.489 [session=000420] [INFO] [MainThread] [MAIN_THREAD_HEARTBEAT] GUI main thread alive: thread=MainThread
2026-08-21 10:41:31.018 [session=000420] [INFO] [SSE-SSE_BATTERY_LOW_SHUTDOWN] [SSE_DIAG] connect attempt tag=SSE_BATTERY_LOW_SHUTDOWN, reconnect=17, url=http://localhost:8080/robot_ec2b/events/battery/low_shutdown
2026-08-21 10:41:31.028 [session=000420] [INFO] [SSE-SSE_BATTERY_LOW_SHUTDOWN] [SSE_DIAG] connected tag=SSE_BATTERY_LOW_SHUTDOWN, status=404, reason=Not Found, elapsed=0.01s, content_type=application/json, url=http://localhost:8080/robot_ec2b/events/battery/low_shutdown
2026-08-21 10:41:31.035 [session=000420] [ERROR] [SSE-SSE_BATTERY_LOW_SHUTDOWN] [SSE_DIAG] non-200 response tag=SSE_BATTERY_LOW_SHUTDOWN, status=404, reason=Not Found, url=http://localhost:8080/robot_ec2b/events/battery/low_shutdown
2026-08-21 10:41:31.040 [session=000420] [INFO] [SSE-SSE_BATTERY_LOW_SHUTDOWN] [SSE_DIAG] reconnect wait tag=SSE_BATTERY_LOW_SHUTDOWN, delay=10s, reconnect=18, reason=HTTP 404, url=http://localhost:8080/robot_ec2b/events/battery/low_shutdown
2026-08-21 10:41:31.491 [session=000420] [DEBUG] [RestApiThread] GetCallBellFromRESTAPI 요청 시작
2026-08-21 10:41:31.492 [session=000420] [DEBUG] [RestApiThread] _get_data: 요청 시작 - tag: REST_API_TAG.GET_CALLBELL, url: http://localhost:8080/robot_ec2b/callbell
2026-08-21 10:41:31.493 [session=000420] [DEBUG] [RestApiThread] _get_data: 요청 전송 완료 - tag: REST_API_TAG.GET_CALLBELL, timeout: 30000ms
2026-08-21 10:41:31.533 [session=000420] [INFO] [MainThread] model_manager set_destinations: unchanged (5 items) - emit skipped
2026-08-21 10:41:31.536 [session=000420] [DEBUG] [RestApiThread] _handle_response 호출됨 - tag: REST_API_TAG.GET_CALLBELL, status_code: 200
2026-08-21 10:41:31.537 [session=000420] [INFO] [ThreadPoolExecutor-5_1] 호출벨 데이터 수신: 5개
2026-08-21 10:41:31.539 [session=000420] [INFO] [MainThread] 호출벨-목적지 동기화 완료: 5개 호출벨
2026-08-21 10:41:31.539 [session=000420] [INFO] [MainThread] 목적지 리스트 반환: destinations=[Destination(name='로비', goal_pose=Pose(x=4.241336459631034, y=-2.361104203714551, qw=0.5097087478206948, qz=0.8603470185890456), bell=Bells(treatment='', suction='64012cd7'), idx=0, color='#e53935'), Destination(name='수술실', goal_pose=Pose(x=4.5199271819089395, y=-3.9219605026851503, qw=0.14533446519134308, qz=-0.9893825818294691), bell=Bells(treatment='', suction='64132cd7'), idx=1, color='#e53935'), Destination(name='진료실', goal_pose=Pose(x=0.11980823444488001, y=-3.735511450600503, qw=0.9963649848510123, qz=0.0851869530083222), bell=Bells(treatment='', suction='64252cd7'), idx=2, color='#e53935'), Destination(name='창고', goal_pose=Pose(x=0.2834625688692579, y=-6.793061814598156, qw=0.5257961572167338, qz=0.850610604834031), bell=Bells(treatment='', suction='64372cd7'), idx=3, color='#e53935'), Destination(name='소독실', goal_pose=Pose(x=-3.4045695907217928, y=-7.611793760201744, qw=0.546869706461766, qz=0.8372177280459497), bell=Bells(treatment='', suction='64492cd7'), idx=4, color='#e53935')]
2026-08-21 10:41:31.540 [session=000420] [INFO] [MainThread] 호출벨 리스트 반환: callbells={'64012cd7': {'name': '호출벨 1', 'usage': 'suction', 'destination': '로비'}, '64132cd7': {'name': '호출벨 2', 'usage': 'suction', 'destination': '수술실'}, '64252cd7': {'name': '호출벨 3', 'usage': 'suction', 'destination': '진료실'}, '64372cd7': {'name': '호출벨 4', 'usage': 'suction', 'destination': '창고'}, '64492cd7': {'name': '호출벨 5', 'usage': 'suction', 'destination': '소독실'}}, robot_usages=['treatment', 'suction']
2026-08-21 10:41:31.540 [session=000420] [INFO] [MainThread] 호출벨 리스트 로드: 5개
2026-08-21 10:41:31.540 [session=000420] [INFO] [MainThread] 호출벨 목록 동일 - UI 재생성 생략
2026-08-21 10:41:31.541 [session=000420] [INFO] [MainThread] 호출벨용 용도 목록 로드 요청
2026-08-21 10:41:31.541 [session=000420] [INFO] [MainThread] 호출벨에 용도 목록 전달: 2개
2026-08-21 10:41:31.541 [session=000420] [INFO] [MainThread] 용도 목록 로드: 2개
2026-08-21 10:41:31.541 [session=000420] [INFO] [MainThread] 목적지 목록 로드: 5개
2026-08-21 10:41:31.541 [session=000420] [INFO] [MainThread] 호출벨 관리에 목적지 목록 전달: 5개
2026-08-21 10:41:31.543 [session=000420] [INFO] [MainThread] My IP : 192.168.104.212
2026-08-21 10:41:35.489 [session=000420] [INFO] [MainThread] [MAIN_THREAD_HEARTBEAT] GUI main thread alive: thread=MainThread
2026-08-21 10:41:40.490 [session=000420] [INFO] [MainThread] [MAIN_THREAD_HEARTBEAT] GUI main thread alive: thread=MainThread
2026-08-21 10:41:41.042 [session=000420] [INFO] [SSE-SSE_BATTERY_LOW_SHUTDOWN] [SSE_DIAG] connect attempt tag=SSE_BATTERY_LOW_SHUTDOWN, reconnect=18, url=http://localhost:8080/robot_ec2b/events/battery/low_shutdown
2026-08-21 10:41:41.055 [session=000420] [INFO] [SSE-SSE_BATTERY_LOW_SHUTDOWN] [SSE_DIAG] connected tag=SSE_BATTERY_LOW_SHUTDOWN, status=404, reason=Not Found, elapsed=0.01s, content_type=application/json, url=http://localhost:8080/robot_ec2b/events/battery/low_shutdown
2026-08-21 10:41:41.055 [session=000420] [ERROR] [SSE-SSE_BATTERY_LOW_SHUTDOWN] [SSE_DIAG] non-200 response tag=SSE_BATTERY_LOW_SHUTDOWN, status=404, reason=Not Found, url=http://localhost:8080/robot_ec2b/events/battery/low_shutdown
2026-08-21 10:41:41.057 [session=000420] [INFO] [SSE-SSE_BATTERY_LOW_SHUTDOWN] [SSE_DIAG] reconnect wait tag=SSE_BATTERY_LOW_SHUTDOWN, delay=10s, reconnect=19, reason=HTTP 404, url=http://localhost:8080/robot_ec2b/events/battery/low_shutdown
2026-08-21 10:41:41.493 [session=000420] [DEBUG] [RestApiThread] GetCallBellFromRESTAPI 요청 시작
2026-08-21 10:41:41.494 [session=000420] [DEBUG] [RestApiThread] _get_data: 요청 시작 - tag: REST_API_TAG.GET_CALLBELL, url: http://localhost:8080/robot_ec2b/callbell
2026-08-21 10:41:41.500 [session=000420] [DEBUG] [RestApiThread] _get_data: 요청 전송 완료 - tag: REST_API_TAG.GET_CALLBELL, timeout: 30000ms
2026-08-21 10:41:41.505 [session=000420] [INFO] [MainThread] model_manager set_destinations: unchanged (5 items) - emit skipped
2026-08-21 10:41:41.511 [session=000420] [DEBUG] [RestApiThread] _handle_response 호출됨 - tag: REST_API_TAG.GET_CALLBELL, status_code: 200
2026-08-21 10:41:41.512 [session=000420] [INFO] [ThreadPoolExecutor-5_0] 호출벨 데이터 수신: 5개
2026-08-21 10:41:41.517 [session=000420] [INFO] [MainThread] 호출벨-목적지 동기화 완료: 5개 호출벨
2026-08-21 10:41:41.517 [session=000420] [INFO] [MainThread] 목적지 리스트 반환: destinations=[Destination(name='로비', goal_pose=Pose(x=4.241336459631034, y=-2.361104203714551, qw=0.5097087478206948, qz=0.8603470185890456), bell=Bells(treatment='', suction='64012cd7'), idx=0, color='#e53935'), Destination(name='수술실', goal_pose=Pose(x=4.5199271819089395, y=-3.9219605026851503, qw=0.14533446519134308, qz=-0.9893825818294691), bell=Bells(treatment='', suction='64132cd7'), idx=1, color='#e53935'), Destination(name='진료실', goal_pose=Pose(x=0.11980823444488001, y=-3.735511450600503, qw=0.9963649848510123, qz=0.0851869530083222), bell=Bells(treatment='', suction='64252cd7'), idx=2, color='#e53935'), Destination(name='창고', goal_pose=Pose(x=0.2834625688692579, y=-6.793061814598156, qw=0.5257961572167338, qz=0.850610604834031), bell=Bells(treatment='', suction='64372cd7'), idx=3, color='#e53935'), Destination(name='소독실', goal_pose=Pose(x=-3.4045695907217928, y=-7.611793760201744, qw=0.546869706461766, qz=0.8372177280459497), bell=Bells(treatment='', suction='64492cd7'), idx=4, color='#e53935')]
2026-08-21 10:41:41.518 [session=000420] [INFO] [MainThread] 호출벨 리스트 반환: callbells={'64012cd7': {'name': '호출벨 1', 'usage': 'suction', 'destination': '로비'}, '64132cd7': {'name': '호출벨 2', 'usage': 'suction', 'destination': '수술실'}, '64252cd7': {'name': '호출벨 3', 'usage': 'suction', 'destination': '진료실'}, '64372cd7': {'name': '호출벨 4', 'usage': 'suction', 'destination': '창고'}, '64492cd7': {'name': '호출벨 5', 'usage': 'suction', 'destination': '소독실'}}, robot_usages=['treatment', 'suction']
2026-08-21 10:41:41.518 [session=000420] [INFO] [MainThread] 호출벨 리스트 로드: 5개
2026-08-21 10:41:41.518 [session=000420] [INFO] [MainThread] 호출벨 목록 동일 - UI 재생성 생략
2026-08-21 10:41:41.519 [session=000420] [INFO] [MainThread] 호출벨용 용도 목록 로드 요청
2026-08-21 10:41:41.519 [session=000420] [INFO] [MainThread] 호출벨에 용도 목록 전달: 2개
2026-08-21 10:41:41.519 [session=000420] [INFO] [MainThread] 용도 목록 로드: 2개
2026-08-21 10:41:41.520 [session=000420] [INFO] [MainThread] 목적지 목록 로드: 5개
2026-08-21 10:41:41.520 [session=000420] [INFO] [MainThread] 호출벨 관리에 목적지 목록 전달: 5개
2026-08-21 10:41:41.531 [session=000420] [INFO] [MainThread] My IP : 192.168.104.212
2026-08-21 10:41:45.490 [session=000420] [INFO] [MainThread] [MAIN_THREAD_HEARTBEAT] GUI main thread alive: thread=MainThread
2026-08-21 10:41:50.489 [session=000420] [INFO] [MainThread] [MAIN_THREAD_HEARTBEAT] GUI main thread alive: thread=MainThread
2026-08-21 10:41:51.058 [session=000420] [INFO] [SSE-SSE_BATTERY_LOW_SHUTDOWN] [SSE_DIAG] connect attempt tag=SSE_BATTERY_LOW_SHUTDOWN, reconnect=19, url=http://localhost:8080/robot_ec2b/events/battery/low_shutdown
2026-08-21 10:41:51.075 [session=000420] [INFO] [SSE-SSE_BATTERY_LOW_SHUTDOWN] [SSE_DIAG] connected tag=SSE_BATTERY_LOW_SHUTDOWN, status=404, reason=Not Found, elapsed=0.02s, content_type=application/json, url=http://localhost:8080/robot_ec2b/events/battery/low_shutdown
2026-08-21 10:41:51.075 [session=000420] [ERROR] [SSE-SSE_BATTERY_LOW_SHUTDOWN] [SSE_DIAG] non-200 response tag=SSE_BATTERY_LOW_SHUTDOWN, status=404, reason=Not Found, url=http://localhost:8080/robot_ec2b/events/battery/low_shutdown
2026-08-21 10:41:51.077 [session=000420] [INFO] [SSE-SSE_BATTERY_LOW_SHUTDOWN] [SSE_DIAG] reconnect wait tag=SSE_BATTERY_LOW_SHUTDOWN, delay=10s, reconnect=20, reason=HTTP 404, url=http://localhost:8080/robot_ec2b/events/battery/low_shutdown
2026-08-21 10:41:51.496 [session=000420] [DEBUG] [RestApiThread] GetCallBellFromRESTAPI 요청 시작
2026-08-21 10:41:51.497 [session=000420] [DEBUG] [RestApiThread] _get_data: 요청 시작 - tag: REST_API_TAG.GET_CALLBELL, url: http://localhost:8080/robot_ec2b/callbell
2026-08-21 10:41:51.500 [session=000420] [DEBUG] [RestApiThread] _get_data: 요청 전송 완료 - tag: REST_API_TAG.GET_CALLBELL, timeout: 30000ms
2026-08-21 10:41:51.504 [session=000420] [INFO] [MainThread] model_manager set_destinations: unchanged (5 items) - emit skipped
2026-08-21 10:41:51.512 [session=000420] [INFO] [MainThread] My IP : 192.168.104.212
2026-08-21 10:41:51.522 [session=000420] [DEBUG] [RestApiThread] _handle_response 호출됨 - tag: REST_API_TAG.GET_CALLBELL, status_code: 200
2026-08-21 10:41:51.523 [session=000420] [INFO] [ThreadPoolExecutor-5_0] 호출벨 데이터 수신: 5개
2026-08-21 10:41:51.524 [session=000420] [INFO] [MainThread] 호출벨-목적지 동기화 완료: 5개 호출벨
2026-08-21 10:41:51.524 [session=000420] [INFO] [MainThread] 목적지 리스트 반환: destinations=[Destination(name='로비', goal_pose=Pose(x=4.241336459631034, y=-2.361104203714551, qw=0.5097087478206948, qz=0.8603470185890456), bell=Bells(treatment='', suction='64012cd7'), idx=0, color='#e53935'), Destination(name='수술실', goal_pose=Pose(x=4.5199271819089395, y=-3.9219605026851503, qw=0.14533446519134308, qz=-0.9893825818294691), bell=Bells(treatment='', suction='64132cd7'), idx=1, color='#e53935'), Destination(name='진료실', goal_pose=Pose(x=0.11980823444488001, y=-3.735511450600503, qw=0.9963649848510123, qz=0.0851869530083222), bell=Bells(treatment='', suction='64252cd7'), idx=2, color='#e53935'), Destination(name='창고', goal_pose=Pose(x=0.2834625688692579, y=-6.793061814598156, qw=0.5257961572167338, qz=0.850610604834031), bell=Bells(treatment='', suction='64372cd7'), idx=3, color='#e53935'), Destination(name='소독실', goal_pose=Pose(x=-3.4045695907217928, y=-7.611793760201744, qw=0.546869706461766, qz=0.8372177280459497), bell=Bells(treatment='', suction='64492cd7'), idx=4, color='#e53935')]
2026-08-21 10:41:51.525 [session=000420] [INFO] [MainThread] 호출벨 리스트 반환: callbells={'64012cd7': {'name': '호출벨 1', 'usage': 'suction', 'destination': '로비'}, '64132cd7': {'name': '호출벨 2', 'usage': 'suction', 'destination': '수술실'}, '64252cd7': {'name': '호출벨 3', 'usage': 'suction', 'destination': '진료실'}, '64372cd7': {'name': '호출벨 4', 'usage': 'suction', 'destination': '창고'}, '64492cd7': {'name': '호출벨 5', 'usage': 'suction', 'destination': '소독실'}}, robot_usages=['treatment', 'suction']
2026-08-21 10:41:51.525 [session=000420] [INFO] [MainThread] 호출벨 리스트 로드: 5개
2026-08-21 10:41:51.525 [session=000420] [INFO] [MainThread] 호출벨 목록 동일 - UI 재생성 생략
2026-08-21 10:41:51.526 [session=000420] [INFO] [MainThread] 호출벨용 용도 목록 로드 요청
2026-08-21 10:41:51.527 [session=000420] [INFO] [MainThread] 호출벨에 용도 목록 전달: 2개
2026-08-21 10:41:51.527 [session=000420] [INFO] [MainThread] 용도 목록 로드: 2개
2026-08-21 10:41:51.529 [session=000420] [INFO] [MainThread] 목적지 목록 로드: 5개
2026-08-21 10:41:51.529 [session=000420] [INFO] [MainThread] 호출벨 관리에 목적지 목록 전달: 5개
2026-08-21 10:41:55.489 [session=000420] [INFO] [MainThread] [MAIN_THREAD_HEARTBEAT] GUI main thread alive: thread=MainThread
2026-08-21 10:42:00.489 [session=000420] [INFO] [MainThread] [MAIN_THREAD_HEARTBEAT] GUI main thread alive: thread=MainThread
2026-08-21 10:42:01.079 [session=000420] [INFO] [SSE-SSE_BATTERY_LOW_SHUTDOWN] [SSE_DIAG] connect attempt tag=SSE_BATTERY_LOW_SHUTDOWN, reconnect=20, url=http://localhost:8080/robot_ec2b/events/battery/low_shutdown
2026-08-21 10:42:01.090 [session=000420] [INFO] [SSE-SSE_BATTERY_LOW_SHUTDOWN] [SSE_DIAG] connected tag=SSE_BATTERY_LOW_SHUTDOWN, status=404, reason=Not Found, elapsed=0.01s, content_type=application/json, url=http://localhost:8080/robot_ec2b/events/battery/low_shutdown
2026-08-21 10:42:01.091 [session=000420] [ERROR] [SSE-SSE_BATTERY_LOW_SHUTDOWN] [SSE_DIAG] non-200 response tag=SSE_BATTERY_LOW_SHUTDOWN, status=404, reason=Not Found, url=http://localhost:8080/robot_ec2b/events/battery/low_shutdown
2026-08-21 10:42:01.096 [session=000420] [INFO] [SSE-SSE_BATTERY_LOW_SHUTDOWN] [SSE_DIAG] reconnect wait tag=SSE_BATTERY_LOW_SHUTDOWN, delay=10s, reconnect=21, reason=HTTP 404, url=http://localhost:8080/robot_ec2b/events/battery/low_shutdown
2026-08-21 10:42:01.491 [session=000420] [DEBUG] [RestApiThread] GetCallBellFromRESTAPI 요청 시작
2026-08-21 10:42:01.492 [session=000420] [DEBUG] [RestApiThread] _get_data: 요청 시작 - tag: REST_API_TAG.GET_CALLBELL, url: http://localhost:8080/robot_ec2b/callbell
2026-08-21 10:42:01.493 [session=000420] [DEBUG] [RestApiThread] _get_data: 요청 전송 완료 - tag: REST_API_TAG.GET_CALLBELL, timeout: 30000ms
2026-08-21 10:42:01.506 [session=000420] [INFO] [RestApiThread] _handle_response (CYCLIC 정상) - tag: REST_API_TAG.GET_DESTINATIONS, status: 200, pending→2
2026-08-21 10:42:01.509 [session=000420] [INFO] [MainThread] model_manager set_destinations: unchanged (5 items) - emit skipped
2026-08-21 10:42:01.518 [session=000420] [DEBUG] [RestApiThread] _handle_response 호출됨 - tag: REST_API_TAG.GET_CALLBELL, status_code: 200
2026-08-21 10:42:01.520 [session=000420] [INFO] [ThreadPoolExecutor-5_0] 호출벨 데이터 수신: 5개
2026-08-21 10:42:01.521 [session=000420] [INFO] [MainThread] 호출벨-목적지 동기화 완료: 5개 호출벨
2026-08-21 10:42:01.521 [session=000420] [INFO] [MainThread] 목적지 리스트 반환: destinations=[Destination(name='로비', goal_pose=Pose(x=4.241336459631034, y=-2.361104203714551, qw=0.5097087478206948, qz=0.8603470185890456), bell=Bells(treatment='', suction='64012cd7'), idx=0, color='#e53935'), Destination(name='수술실', goal_pose=Pose(x=4.5199271819089395, y=-3.9219605026851503, qw=0.14533446519134308, qz=-0.9893825818294691), bell=Bells(treatment='', suction='64132cd7'), idx=1, color='#e53935'), Destination(name='진료실', goal_pose=Pose(x=0.11980823444488001, y=-3.735511450600503, qw=0.9963649848510123, qz=0.0851869530083222), bell=Bells(treatment='', suction='64252cd7'), idx=2, color='#e53935'), Destination(name='창고', goal_pose=Pose(x=0.2834625688692579, y=-6.793061814598156, qw=0.5257961572167338, qz=0.850610604834031), bell=Bells(treatment='', suction='64372cd7'), idx=3, color='#e53935'), Destination(name='소독실', goal_pose=Pose(x=-3.4045695907217928, y=-7.611793760201744, qw=0.546869706461766, qz=0.8372177280459497), bell=Bells(treatment='', suction='64492cd7'), idx=4, color='#e53935')]
2026-08-21 10:42:01.522 [session=000420] [INFO] [MainThread] 호출벨 리스트 반환: callbells={'64012cd7': {'name': '호출벨 1', 'usage': 'suction', 'destination': '로비'}, '64132cd7': {'name': '호출벨 2', 'usage': 'suction', 'destination': '수술실'}, '64252cd7': {'name': '호출벨 3', 'usage': 'suction', 'destination': '진료실'}, '64372cd7': {'name': '호출벨 4', 'usage': 'suction', 'destination': '창고'}, '64492cd7': {'name': '호출벨 5', 'usage': 'suction', 'destination': '소독실'}}, robot_usages=['treatment', 'suction']
2026-08-21 10:42:01.523 [session=000420] [INFO] [RestApiThread] _handle_response (CYCLIC 정상) - tag: REST_API_TAG.GET_MASTER_IP_ADDRESS, status: 200, pending→0
2026-08-21 10:42:01.523 [session=000420] [INFO] [MainThread] 호출벨 리스트 로드: 5개
2026-08-21 10:42:01.526 [session=000420] [INFO] [MainThread] 호출벨 목록 동일 - UI 재생성 생략
2026-08-21 10:42:01.526 [session=000420] [INFO] [MainThread] 호출벨용 용도 목록 로드 요청
2026-08-21 10:42:01.527 [session=000420] [INFO] [MainThread] 호출벨에 용도 목록 전달: 2개
2026-08-21 10:42:01.527 [session=000420] [INFO] [MainThread] 용도 목록 로드: 2개
2026-08-21 10:42:01.527 [session=000420] [INFO] [MainThread] 목적지 목록 로드: 5개
2026-08-21 10:42:01.527 [session=000420] [INFO] [MainThread] 호출벨 관리에 목적지 목록 전달: 5개
2026-08-21 10:42:01.528 [session=000420] [INFO] [MainThread] My IP : 192.168.104.212
2026-08-21 10:42:01.531 [session=000420] [INFO] [browser-music-sync_0] [BROWSER_MUSIC_SYNC] event=catalog_fetch_started master_base_url=http://127.0.0.1:5051
2026-08-21 10:42:01.559 [session=000420] [INFO] [browser-music-sync_0] [BROWSER_MUSIC_SYNC] event=catalog_fetch_succeeded master_base_url=http://127.0.0.1:5051 item_count=3
2026-08-21 10:42:01.566 [session=000420] [INFO] [RestApiThread] [REST API] 배경 음악 GET 전송: operation=selection_get, url=http://127.0.0.1:5051/api/voice-event-settings/background-music?robot_id=robot_ec2b
2026-08-21 10:42:01.567 [session=000420] [INFO] [RestApiThread] [REST API] 배경 음악 GET 전송: operation=resolved_get, url=http://127.0.0.1:5051/api/voice-event-settings/resolved?robot_id=robot_ec2b
2026-08-21 10:42:01.580 [session=000420] [DEBUG] [RestApiThread] _handle_response 호출됨 - tag: REST_API_TAG.GET_BACKGROUND_MUSIC_SETTING, status_code: 200
2026-08-21 10:42:01.608 [session=000420] [DEBUG] [RestApiThread] _handle_response 호출됨 - tag: REST_API_TAG.GET_RESOLVED_BACKGROUND_MUSIC, status_code: 200
2026-08-21 10:42:05.489 [session=000420] [INFO] [MainThread] [MAIN_THREAD_HEARTBEAT] GUI main thread alive: thread=MainThread
2026-08-21 10:42:10.490 [session=000420] [INFO] [MainThread] [MAIN_THREAD_HEARTBEAT] GUI main thread alive: thread=MainThread
2026-08-21 10:42:11.107 [session=000420] [INFO] [SSE-SSE_BATTERY_LOW_SHUTDOWN] [SSE_DIAG] connect attempt tag=SSE_BATTERY_LOW_SHUTDOWN, reconnect=21, url=http://localhost:8080/robot_ec2b/events/battery/low_shutdown
2026-08-21 10:42:11.129 [session=000420] [INFO] [SSE-SSE_BATTERY_LOW_SHUTDOWN] [SSE_DIAG] connected tag=SSE_BATTERY_LOW_SHUTDOWN, status=404, reason=Not Found, elapsed=0.02s, content_type=application/json, url=http://localhost:8080/robot_ec2b/events/battery/low_shutdown
2026-08-21 10:42:11.130 [session=000420] [ERROR] [SSE-SSE_BATTERY_LOW_SHUTDOWN] [SSE_DIAG] non-200 response tag=SSE_BATTERY_LOW_SHUTDOWN, status=404, reason=Not Found, url=http://localhost:8080/robot_ec2b/events/battery/low_shutdown
2026-08-21 10:42:11.132 [session=000420] [INFO] [SSE-SSE_BATTERY_LOW_SHUTDOWN] [SSE_DIAG] reconnect wait tag=SSE_BATTERY_LOW_SHUTDOWN, delay=10s, reconnect=22, reason=HTTP 404, url=http://localhost:8080/robot_ec2b/events/battery/low_shutdown
2026-08-21 10:42:11.503 [session=000420] [DEBUG] [RestApiThread] GetCallBellFromRESTAPI 요청 시작
2026-08-21 10:42:11.504 [session=000420] [DEBUG] [RestApiThread] _get_data: 요청 시작 - tag: REST_API_TAG.GET_CALLBELL, url: http://localhost:8080/robot_ec2b/callbell
2026-08-21 10:42:11.505 [session=000420] [DEBUG] [RestApiThread] _get_data: 요청 전송 완료 - tag: REST_API_TAG.GET_CALLBELL, timeout: 30000ms
2026-08-21 10:42:11.517 [session=000420] [INFO] [MainThread] model_manager set_destinations: unchanged (5 items) - emit skipped
2026-08-21 10:42:11.529 [session=000420] [DEBUG] [RestApiThread] _handle_response 호출됨 - tag: REST_API_TAG.GET_CALLBELL, status_code: 200
2026-08-21 10:42:11.530 [session=000420] [INFO] [ThreadPoolExecutor-5_0] 호출벨 데이터 수신: 5개
2026-08-21 10:42:11.531 [session=000420] [INFO] [MainThread] 호출벨-목적지 동기화 완료: 5개 호출벨
2026-08-21 10:42:11.532 [session=000420] [INFO] [MainThread] 목적지 리스트 반환: destinations=[Destination(name='로비', goal_pose=Pose(x=4.241336459631034, y=-2.361104203714551, qw=0.5097087478206948, qz=0.8603470185890456), bell=Bells(treatment='', suction='64012cd7'), idx=0, color='#e53935'), Destination(name='수술실', goal_pose=Pose(x=4.5199271819089395, y=-3.9219605026851503, qw=0.14533446519134308, qz=-0.9893825818294691), bell=Bells(treatment='', suction='64132cd7'), idx=1, color='#e53935'), Destination(name='진료실', goal_pose=Pose(x=0.11980823444488001, y=-3.735511450600503, qw=0.9963649848510123, qz=0.0851869530083222), bell=Bells(treatment='', suction='64252cd7'), idx=2, color='#e53935'), Destination(name='창고', goal_pose=Pose(x=0.2834625688692579, y=-6.793061814598156, qw=0.5257961572167338, qz=0.850610604834031), bell=Bells(treatment='', suction='64372cd7'), idx=3, color='#e53935'), Destination(name='소독실', goal_pose=Pose(x=-3.4045695907217928, y=-7.611793760201744, qw=0.546869706461766, qz=0.8372177280459497), bell=Bells(treatment='', suction='64492cd7'), idx=4, color='#e53935')]
2026-08-21 10:42:11.533 [session=000420] [INFO] [MainThread] 호출벨 리스트 반환: callbells={'64012cd7': {'name': '호출벨 1', 'usage': 'suction', 'destination': '로비'}, '64132cd7': {'name': '호출벨 2', 'usage': 'suction', 'destination': '수술실'}, '64252cd7': {'name': '호출벨 3', 'usage': 'suction', 'destination': '진료실'}, '64372cd7': {'name': '호출벨 4', 'usage': 'suction', 'destination': '창고'}, '64492cd7': {'name': '호출벨 5', 'usage': 'suction', 'destination': '소독실'}}, robot_usages=['treatment', 'suction']
2026-08-21 10:42:11.533 [session=000420] [INFO] [MainThread] 호출벨 리스트 로드: 5개
2026-08-21 10:42:11.533 [session=000420] [INFO] [MainThread] 호출벨 목록 동일 - UI 재생성 생략
2026-08-21 10:42:11.533 [session=000420] [INFO] [MainThread] 호출벨용 용도 목록 로드 요청
2026-08-21 10:42:11.533 [session=000420] [INFO] [MainThread] 호출벨에 용도 목록 전달: 2개
2026-08-21 10:42:11.534 [session=000420] [INFO] [MainThread] 용도 목록 로드: 2개
2026-08-21 10:42:11.534 [session=000420] [INFO] [MainThread] 목적지 목록 로드: 5개
2026-08-21 10:42:11.534 [session=000420] [INFO] [MainThread] 호출벨 관리에 목적지 목록 전달: 5개
2026-08-21 10:42:11.534 [session=000420] [INFO] [MainThread] My IP : 192.168.104.212
2026-08-21 10:42:15.489 [session=000420] [INFO] [MainThread] [MAIN_THREAD_HEARTBEAT] GUI main thread alive: thread=MainThread
2026-08-21 10:42:20.489 [session=000420] [INFO] [MainThread] [MAIN_THREAD_HEARTBEAT] GUI main thread alive: thread=MainThread
2026-08-21 10:42:21.134 [session=000420] [INFO] [SSE-SSE_BATTERY_LOW_SHUTDOWN] [SSE_DIAG] connect attempt tag=SSE_BATTERY_LOW_SHUTDOWN, reconnect=22, url=http://localhost:8080/robot_ec2b/events/battery/low_shutdown
2026-08-21 10:42:21.151 [session=000420] [INFO] [SSE-SSE_BATTERY_LOW_SHUTDOWN] [SSE_DIAG] connected tag=SSE_BATTERY_LOW_SHUTDOWN, status=404, reason=Not Found, elapsed=0.02s, content_type=application/json, url=http://localhost:8080/robot_ec2b/events/battery/low_shutdown
2026-08-21 10:42:21.151 [session=000420] [ERROR] [SSE-SSE_BATTERY_LOW_SHUTDOWN] [SSE_DIAG] non-200 response tag=SSE_BATTERY_LOW_SHUTDOWN, status=404, reason=Not Found, url=http://localhost:8080/robot_ec2b/events/battery/low_shutdown
2026-08-21 10:42:21.154 [session=000420] [INFO] [SSE-SSE_BATTERY_LOW_SHUTDOWN] [SSE_DIAG] reconnect wait tag=SSE_BATTERY_LOW_SHUTDOWN, delay=10s, reconnect=23, reason=HTTP 404, url=http://localhost:8080/robot_ec2b/events/battery/low_shutdown
2026-08-21 10:42:21.491 [session=000420] [DEBUG] [RestApiThread] GetCallBellFromRESTAPI 요청 시작
2026-08-21 10:42:21.492 [session=000420] [DEBUG] [RestApiThread] _get_data: 요청 시작 - tag: REST_API_TAG.GET_CALLBELL, url: http://localhost:8080/robot_ec2b/callbell
2026-08-21 10:42:21.493 [session=000420] [DEBUG] [RestApiThread] _get_data: 요청 전송 완료 - tag: REST_API_TAG.GET_CALLBELL, timeout: 30000ms
2026-08-21 10:42:21.503 [session=000420] [INFO] [MainThread] model_manager set_destinations: unchanged (5 items) - emit skipped
2026-08-21 10:42:21.509 [session=000420] [INFO] [MainThread] My IP : 192.168.104.212
2026-08-21 10:42:21.517 [session=000420] [DEBUG] [RestApiThread] _handle_response 호출됨 - tag: REST_API_TAG.GET_CALLBELL, status_code: 200
2026-08-21 10:42:21.518 [session=000420] [INFO] [ThreadPoolExecutor-5_1] 호출벨 데이터 수신: 5개
2026-08-21 10:42:21.521 [session=000420] [INFO] [MainThread] 호출벨-목적지 동기화 완료: 5개 호출벨
2026-08-21 10:42:21.523 [session=000420] [INFO] [MainThread] 목적지 리스트 반환: destinations=[Destination(name='로비', goal_pose=Pose(x=4.241336459631034, y=-2.361104203714551, qw=0.5097087478206948, qz=0.8603470185890456), bell=Bells(treatment='', suction='64012cd7'), idx=0, color='#e53935'), Destination(name='수술실', goal_pose=Pose(x=4.5199271819089395, y=-3.9219605026851503, qw=0.14533446519134308, qz=-0.9893825818294691), bell=Bells(treatment='', suction='64132cd7'), idx=1, color='#e53935'), Destination(name='진료실', goal_pose=Pose(x=0.11980823444488001, y=-3.735511450600503, qw=0.9963649848510123, qz=0.0851869530083222), bell=Bells(treatment='', suction='64252cd7'), idx=2, color='#e53935'), Destination(name='창고', goal_pose=Pose(x=0.2834625688692579, y=-6.793061814598156, qw=0.5257961572167338, qz=0.850610604834031), bell=Bells(treatment='', suction='64372cd7'), idx=3, color='#e53935'), Destination(name='소독실', goal_pose=Pose(x=-3.4045695907217928, y=-7.611793760201744, qw=0.546869706461766, qz=0.8372177280459497), bell=Bells(treatment='', suction='64492cd7'), idx=4, color='#e53935')]
2026-08-21 10:42:21.528 [session=000420] [INFO] [MainThread] 호출벨 리스트 반환: callbells={'64012cd7': {'name': '호출벨 1', 'usage': 'suction', 'destination': '로비'}, '64132cd7': {'name': '호출벨 2', 'usage': 'suction', 'destination': '수술실'}, '64252cd7': {'name': '호출벨 3', 'usage': 'suction', 'destination': '진료실'}, '64372cd7': {'name': '호출벨 4', 'usage': 'suction', 'destination': '창고'}, '64492cd7': {'name': '호출벨 5', 'usage': 'suction', 'destination': '소독실'}}, robot_usages=['treatment', 'suction']
2026-08-21 10:42:21.529 [session=000420] [INFO] [MainThread] 호출벨 리스트 로드: 5개
2026-08-21 10:42:21.531 [session=000420] [INFO] [MainThread] 호출벨 목록 동일 - UI 재생성 생략
2026-08-21 10:42:21.532 [session=000420] [INFO] [MainThread] 호출벨용 용도 목록 로드 요청
2026-08-21 10:42:21.532 [session=000420] [INFO] [MainThread] 호출벨에 용도 목록 전달: 2개
2026-08-21 10:42:21.533 [session=000420] [INFO] [MainThread] 용도 목록 로드: 2개
2026-08-21 10:42:21.533 [session=000420] [INFO] [MainThread] 목적지 목록 로드: 5개
2026-08-21 10:42:21.533 [session=000420] [INFO] [MainThread] 호출벨 관리에 목적지 목록 전달: 5개
2026-08-21 10:42:25.489 [session=000420] [INFO] [MainThread] [MAIN_THREAD_HEARTBEAT] GUI main thread alive: thread=MainThread
2026-08-21 10:42:30.489 [session=000420] [INFO] [MainThread] [MAIN_THREAD_HEARTBEAT] GUI main thread alive: thread=MainThread
2026-08-21 10:42:31.155 [session=000420] [INFO] [SSE-SSE_BATTERY_LOW_SHUTDOWN] [SSE_DIAG] connect attempt tag=SSE_BATTERY_LOW_SHUTDOWN, reconnect=23, url=http://localhost:8080/robot_ec2b/events/battery/low_shutdown
2026-08-21 10:42:31.162 [session=000420] [INFO] [SSE-SSE_BATTERY_LOW_SHUTDOWN] [SSE_DIAG] connected tag=SSE_BATTERY_LOW_SHUTDOWN, status=404, reason=Not Found, elapsed=0.01s, content_type=application/json, url=http://localhost:8080/robot_ec2b/events/battery/low_shutdown
2026-08-21 10:42:31.163 [session=000420] [ERROR] [SSE-SSE_BATTERY_LOW_SHUTDOWN] [SSE_DIAG] non-200 response tag=SSE_BATTERY_LOW_SHUTDOWN, status=404, reason=Not Found, url=http://localhost:8080/robot_ec2b/events/battery/low_shutdown
2026-08-21 10:42:31.164 [session=000420] [INFO] [SSE-SSE_BATTERY_LOW_SHUTDOWN] [SSE_DIAG] reconnect wait tag=SSE_BATTERY_LOW_SHUTDOWN, delay=10s, reconnect=24, reason=HTTP 404, url=http://localhost:8080/robot_ec2b/events/battery/low_shutdown
2026-08-21 10:42:31.491 [session=000420] [DEBUG] [RestApiThread] GetCallBellFromRESTAPI 요청 시작
2026-08-21 10:42:31.492 [session=000420] [DEBUG] [RestApiThread] _get_data: 요청 시작 - tag: REST_API_TAG.GET_CALLBELL, url: http://localhost:8080/robot_ec2b/callbell
2026-08-21 10:42:31.501 [session=000420] [DEBUG] [RestApiThread] _get_data: 요청 전송 완료 - tag: REST_API_TAG.GET_CALLBELL, timeout: 30000ms
2026-08-21 10:42:31.521 [session=000420] [INFO] [MainThread] model_manager set_destinations: unchanged (5 items) - emit skipped
2026-08-21 10:42:31.537 [session=000420] [DEBUG] [RestApiThread] _handle_response 호출됨 - tag: REST_API_TAG.GET_CALLBELL, status_code: 200
2026-08-21 10:42:31.538 [session=000420] [INFO] [ThreadPoolExecutor-5_1] 호출벨 데이터 수신: 5개
2026-08-21 10:42:31.540 [session=000420] [INFO] [MainThread] 호출벨-목적지 동기화 완료: 5개 호출벨
2026-08-21 10:42:31.540 [session=000420] [INFO] [MainThread] 목적지 리스트 반환: destinations=[Destination(name='로비', goal_pose=Pose(x=4.241336459631034, y=-2.361104203714551, qw=0.5097087478206948, qz=0.8603470185890456), bell=Bells(treatment='', suction='64012cd7'), idx=0, color='#e53935'), Destination(name='수술실', goal_pose=Pose(x=4.5199271819089395, y=-3.9219605026851503, qw=0.14533446519134308, qz=-0.9893825818294691), bell=Bells(treatment='', suction='64132cd7'), idx=1, color='#e53935'), Destination(name='진료실', goal_pose=Pose(x=0.11980823444488001, y=-3.735511450600503, qw=0.9963649848510123, qz=0.0851869530083222), bell=Bells(treatment='', suction='64252cd7'), idx=2, color='#e53935'), Destination(name='창고', goal_pose=Pose(x=0.2834625688692579, y=-6.793061814598156, qw=0.5257961572167338, qz=0.850610604834031), bell=Bells(treatment='', suction='64372cd7'), idx=3, color='#e53935'), Destination(name='소독실', goal_pose=Pose(x=-3.4045695907217928, y=-7.611793760201744, qw=0.546869706461766, qz=0.8372177280459497), bell=Bells(treatment='', suction='64492cd7'), idx=4, color='#e53935')]
2026-08-21 10:42:31.541 [session=000420] [INFO] [MainThread] 호출벨 리스트 반환: callbells={'64012cd7': {'name': '호출벨 1', 'usage': 'suction', 'destination': '로비'}, '64132cd7': {'name': '호출벨 2', 'usage': 'suction', 'destination': '수술실'}, '64252cd7': {'name': '호출벨 3', 'usage': 'suction', 'destination': '진료실'}, '64372cd7': {'name': '호출벨 4', 'usage': 'suction', 'destination': '창고'}, '64492cd7': {'name': '호출벨 5', 'usage': 'suction', 'destination': '소독실'}}, robot_usages=['treatment', 'suction']
2026-08-21 10:42:31.541 [session=000420] [INFO] [MainThread] 호출벨 리스트 로드: 5개
2026-08-21 10:42:31.542 [session=000420] [INFO] [MainThread] 호출벨 목록 동일 - UI 재생성 생략
2026-08-21 10:42:31.542 [session=000420] [INFO] [MainThread] 호출벨용 용도 목록 로드 요청
2026-08-21 10:42:31.542 [session=000420] [INFO] [MainThread] 호출벨에 용도 목록 전달: 2개
2026-08-21 10:42:31.542 [session=000420] [INFO] [MainThread] 용도 목록 로드: 2개
2026-08-21 10:42:31.542 [session=000420] [INFO] [MainThread] 목적지 목록 로드: 5개
2026-08-21 10:42:31.543 [session=000420] [INFO] [MainThread] 호출벨 관리에 목적지 목록 전달: 5개
2026-08-21 10:42:31.543 [session=000420] [INFO] [MainThread] My IP : 192.168.104.212
2026-08-21 10:42:35.489 [session=000420] [INFO] [MainThread] [MAIN_THREAD_HEARTBEAT] GUI main thread alive: thread=MainThread
2026-08-21 10:42:40.489 [session=000420] [INFO] [MainThread] [MAIN_THREAD_HEARTBEAT] GUI main thread alive: thread=MainThread
2026-08-21 10:42:41.166 [session=000420] [INFO] [SSE-SSE_BATTERY_LOW_SHUTDOWN] [SSE_DIAG] connect attempt tag=SSE_BATTERY_LOW_SHUTDOWN, reconnect=24, url=http://localhost:8080/robot_ec2b/events/battery/low_shutdown
2026-08-21 10:42:41.174 [session=000420] [INFO] [SSE-SSE_BATTERY_LOW_SHUTDOWN] [SSE_DIAG] connected tag=SSE_BATTERY_LOW_SHUTDOWN, status=404, reason=Not Found, elapsed=0.01s, content_type=application/json, url=http://localhost:8080/robot_ec2b/events/battery/low_shutdown
2026-08-21 10:42:41.175 [session=000420] [ERROR] [SSE-SSE_BATTERY_LOW_SHUTDOWN] [SSE_DIAG] non-200 response tag=SSE_BATTERY_LOW_SHUTDOWN, status=404, reason=Not Found, url=http://localhost:8080/robot_ec2b/events/battery/low_shutdown
2026-08-21 10:42:41.177 [session=000420] [INFO] [SSE-SSE_BATTERY_LOW_SHUTDOWN] [SSE_DIAG] reconnect wait tag=SSE_BATTERY_LOW_SHUTDOWN, delay=10s, reconnect=25, reason=HTTP 404, url=http://localhost:8080/robot_ec2b/events/battery/low_shutdown
2026-08-21 10:42:41.492 [session=000420] [DEBUG] [RestApiThread] GetCallBellFromRESTAPI 요청 시작
2026-08-21 10:42:41.495 [session=000420] [DEBUG] [RestApiThread] _get_data: 요청 시작 - tag: REST_API_TAG.GET_CALLBELL, url: http://localhost:8080/robot_ec2b/callbell
2026-08-21 10:42:41.497 [session=000420] [DEBUG] [RestApiThread] _get_data: 요청 전송 완료 - tag: REST_API_TAG.GET_CALLBELL, timeout: 30000ms
2026-08-21 10:42:41.507 [session=000420] [INFO] [MainThread] model_manager set_destinations: unchanged (5 items) - emit skipped
2026-08-21 10:42:41.516 [session=000420] [DEBUG] [RestApiThread] _handle_response 호출됨 - tag: REST_API_TAG.GET_CALLBELL, status_code: 200
2026-08-21 10:42:41.517 [session=000420] [INFO] [ThreadPoolExecutor-5_1] 호출벨 데이터 수신: 5개
2026-08-21 10:42:41.519 [session=000420] [INFO] [MainThread] 호출벨-목적지 동기화 완료: 5개 호출벨
2026-08-21 10:42:41.520 [session=000420] [INFO] [MainThread] 목적지 리스트 반환: destinations=[Destination(name='로비', goal_pose=Pose(x=4.241336459631034, y=-2.361104203714551, qw=0.5097087478206948, qz=0.8603470185890456), bell=Bells(treatment='', suction='64012cd7'), idx=0, color='#e53935'), Destination(name='수술실', goal_pose=Pose(x=4.5199271819089395, y=-3.9219605026851503, qw=0.14533446519134308, qz=-0.9893825818294691), bell=Bells(treatment='', suction='64132cd7'), idx=1, color='#e53935'), Destination(name='진료실', goal_pose=Pose(x=0.11980823444488001, y=-3.735511450600503, qw=0.9963649848510123, qz=0.0851869530083222), bell=Bells(treatment='', suction='64252cd7'), idx=2, color='#e53935'), Destination(name='창고', goal_pose=Pose(x=0.2834625688692579, y=-6.793061814598156, qw=0.5257961572167338, qz=0.850610604834031), bell=Bells(treatment='', suction='64372cd7'), idx=3, color='#e53935'), Destination(name='소독실', goal_pose=Pose(x=-3.4045695907217928, y=-7.611793760201744, qw=0.546869706461766, qz=0.8372177280459497), bell=Bells(treatment='', suction='64492cd7'), idx=4, color='#e53935')]
2026-08-21 10:42:41.520 [session=000420] [INFO] [MainThread] 호출벨 리스트 반환: callbells={'64012cd7': {'name': '호출벨 1', 'usage': 'suction', 'destination': '로비'}, '64132cd7': {'name': '호출벨 2', 'usage': 'suction', 'destination': '수술실'}, '64252cd7': {'name': '호출벨 3', 'usage': 'suction', 'destination': '진료실'}, '64372cd7': {'name': '호출벨 4', 'usage': 'suction', 'destination': '창고'}, '64492cd7': {'name': '호출벨 5', 'usage': 'suction', 'destination': '소독실'}}, robot_usages=['treatment', 'suction']
2026-08-21 10:42:41.520 [session=000420] [INFO] [MainThread] 호출벨 리스트 로드: 5개
2026-08-21 10:42:41.521 [session=000420] [INFO] [MainThread] 호출벨 목록 동일 - UI 재생성 생략
2026-08-21 10:42:41.521 [session=000420] [INFO] [MainThread] 호출벨용 용도 목록 로드 요청
2026-08-21 10:42:41.521 [session=000420] [INFO] [MainThread] 호출벨에 용도 목록 전달: 2개
2026-08-21 10:42:41.521 [session=000420] [INFO] [MainThread] 용도 목록 로드: 2개
2026-08-21 10:42:41.521 [session=000420] [INFO] [MainThread] 목적지 목록 로드: 5개
2026-08-21 10:42:41.521 [session=000420] [INFO] [MainThread] 호출벨 관리에 목적지 목록 전달: 5개
2026-08-21 10:42:41.531 [session=000420] [INFO] [MainThread] My IP : 192.168.104.212
2026-08-21 10:42:41.534 [session=000420] [INFO] [browser-music-sync_0] [BROWSER_MUSIC_SYNC] event=catalog_fetch_started master_base_url=http://127.0.0.1:5051
2026-08-21 10:42:41.557 [session=000420] [INFO] [browser-music-sync_0] [BROWSER_MUSIC_SYNC] event=catalog_fetch_succeeded master_base_url=http://127.0.0.1:5051 item_count=3
2026-08-21 10:42:41.563 [session=000420] [INFO] [RestApiThread] [REST API] 배경 음악 GET 전송: operation=selection_get, url=http://127.0.0.1:5051/api/voice-event-settings/background-music?robot_id=robot_ec2b
2026-08-21 10:42:41.567 [session=000420] [INFO] [RestApiThread] [REST API] 배경 음악 GET 전송: operation=resolved_get, url=http://127.0.0.1:5051/api/voice-event-settings/resolved?robot_id=robot_ec2b
2026-08-21 10:42:41.577 [session=000420] [DEBUG] [RestApiThread] _handle_response 호출됨 - tag: REST_API_TAG.GET_BACKGROUND_MUSIC_SETTING, status_code: 200
2026-08-21 10:42:41.589 [session=000420] [DEBUG] [RestApiThread] _handle_response 호출됨 - tag: REST_API_TAG.GET_RESOLVED_BACKGROUND_MUSIC, status_code: 200
2026-08-21 10:42:45.489 [session=000420] [INFO] [MainThread] [MAIN_THREAD_HEARTBEAT] GUI main thread alive: thread=MainThread
2026-08-21 10:42:50.489 [session=000420] [INFO] [MainThread] [MAIN_THREAD_HEARTBEAT] GUI main thread alive: thread=MainThread
2026-08-21 10:42:51.178 [session=000420] [INFO] [SSE-SSE_BATTERY_LOW_SHUTDOWN] [SSE_DIAG] connect attempt tag=SSE_BATTERY_LOW_SHUTDOWN, reconnect=25, url=http://localhost:8080/robot_ec2b/events/battery/low_shutdown
2026-08-21 10:42:51.191 [session=000420] [INFO] [SSE-SSE_BATTERY_LOW_SHUTDOWN] [SSE_DIAG] connected tag=SSE_BATTERY_LOW_SHUTDOWN, status=404, reason=Not Found, elapsed=0.01s, content_type=application/json, url=http://localhost:8080/robot_ec2b/events/battery/low_shutdown
2026-08-21 10:42:51.192 [session=000420] [ERROR] [SSE-SSE_BATTERY_LOW_SHUTDOWN] [SSE_DIAG] non-200 response tag=SSE_BATTERY_LOW_SHUTDOWN, status=404, reason=Not Found, url=http://localhost:8080/robot_ec2b/events/battery/low_shutdown
2026-08-21 10:42:51.196 [session=000420] [INFO] [SSE-SSE_BATTERY_LOW_SHUTDOWN] [SSE_DIAG] reconnect wait tag=SSE_BATTERY_LOW_SHUTDOWN, delay=10s, reconnect=26, reason=HTTP 404, url=http://localhost:8080/robot_ec2b/events/battery/low_shutdown
2026-08-21 10:42:51.491 [session=000420] [DEBUG] [RestApiThread] GetCallBellFromRESTAPI 요청 시작
2026-08-21 10:42:51.491 [session=000420] [DEBUG] [RestApiThread] _get_data: 요청 시작 - tag: REST_API_TAG.GET_CALLBELL, url: http://localhost:8080/robot_ec2b/callbell
2026-08-21 10:42:51.492 [session=000420] [DEBUG] [RestApiThread] _get_data: 요청 전송 완료 - tag: REST_API_TAG.GET_CALLBELL, timeout: 30000ms
2026-08-21 10:42:51.503 [session=000420] [INFO] [MainThread] model_manager set_destinations: unchanged (5 items) - emit skipped
2026-08-21 10:42:51.511 [session=000420] [DEBUG] [RestApiThread] _handle_response 호출됨 - tag: REST_API_TAG.GET_CALLBELL, status_code: 200
2026-08-21 10:42:51.512 [session=000420] [INFO] [ThreadPoolExecutor-5_1] 호출벨 데이터 수신: 5개
2026-08-21 10:42:51.514 [session=000420] [INFO] [MainThread] 호출벨-목적지 동기화 완료: 5개 호출벨
2026-08-21 10:42:51.514 [session=000420] [INFO] [MainThread] 목적지 리스트 반환: destinations=[Destination(name='로비', goal_pose=Pose(x=4.241336459631034, y=-2.361104203714551, qw=0.5097087478206948, qz=0.8603470185890456), bell=Bells(treatment='', suction='64012cd7'), idx=0, color='#e53935'), Destination(name='수술실', goal_pose=Pose(x=4.5199271819089395, y=-3.9219605026851503, qw=0.14533446519134308, qz=-0.9893825818294691), bell=Bells(treatment='', suction='64132cd7'), idx=1, color='#e53935'), Destination(name='진료실', goal_pose=Pose(x=0.11980823444488001, y=-3.735511450600503, qw=0.9963649848510123, qz=0.0851869530083222), bell=Bells(treatment='', suction='64252cd7'), idx=2, color='#e53935'), Destination(name='창고', goal_pose=Pose(x=0.2834625688692579, y=-6.793061814598156, qw=0.5257961572167338, qz=0.850610604834031), bell=Bells(treatment='', suction='64372cd7'), idx=3, color='#e53935'), Destination(name='소독실', goal_pose=Pose(x=-3.4045695907217928, y=-7.611793760201744, qw=0.546869706461766, qz=0.8372177280459497), bell=Bells(treatment='', suction='64492cd7'), idx=4, color='#e53935')]
2026-08-21 10:42:51.515 [session=000420] [INFO] [MainThread] 호출벨 리스트 반환: callbells={'64012cd7': {'name': '호출벨 1', 'usage': 'suction', 'destination': '로비'}, '64132cd7': {'name': '호출벨 2', 'usage': 'suction', 'destination': '수술실'}, '64252cd7': {'name': '호출벨 3', 'usage': 'suction', 'destination': '진료실'}, '64372cd7': {'name': '호출벨 4', 'usage': 'suction', 'destination': '창고'}, '64492cd7': {'name': '호출벨 5', 'usage': 'suction', 'destination': '소독실'}}, robot_usages=['treatment', 'suction']
2026-08-21 10:42:51.515 [session=000420] [INFO] [MainThread] 호출벨 리스트 로드: 5개
2026-08-21 10:42:51.515 [session=000420] [INFO] [MainThread] 호출벨 목록 동일 - UI 재생성 생략
2026-08-21 10:42:51.517 [session=000420] [INFO] [MainThread] 호출벨용 용도 목록 로드 요청
2026-08-21 10:42:51.517 [session=000420] [INFO] [MainThread] 호출벨에 용도 목록 전달: 2개
2026-08-21 10:42:51.518 [session=000420] [INFO] [MainThread] 용도 목록 로드: 2개
2026-08-21 10:42:51.518 [session=000420] [INFO] [MainThread] 목적지 목록 로드: 5개
2026-08-21 10:42:51.518 [session=000420] [INFO] [MainThread] 호출벨 관리에 목적지 목록 전달: 5개
2026-08-21 10:42:51.526 [session=000420] [INFO] [MainThread] My IP : 192.168.104.212
2026-08-21 10:42:55.489 [session=000420] [INFO] [MainThread] [MAIN_THREAD_HEARTBEAT] GUI main thread alive: thread=MainThread
2026-08-21 10:43:00.489 [session=000420] [INFO] [MainThread] [MAIN_THREAD_HEARTBEAT] GUI main thread alive: thread=MainThread
2026-08-21 10:43:01.197 [session=000420] [INFO] [SSE-SSE_BATTERY_LOW_SHUTDOWN] [SSE_DIAG] connect attempt tag=SSE_BATTERY_LOW_SHUTDOWN, reconnect=26, url=http://localhost:8080/robot_ec2b/events/battery/low_shutdown
2026-08-21 10:43:01.223 [session=000420] [INFO] [SSE-SSE_BATTERY_LOW_SHUTDOWN] [SSE_DIAG] connected tag=SSE_BATTERY_LOW_SHUTDOWN, status=404, reason=Not Found, elapsed=0.03s, content_type=application/json, url=http://localhost:8080/robot_ec2b/events/battery/low_shutdown
2026-08-21 10:43:01.224 [session=000420] [ERROR] [SSE-SSE_BATTERY_LOW_SHUTDOWN] [SSE_DIAG] non-200 response tag=SSE_BATTERY_LOW_SHUTDOWN, status=404, reason=Not Found, url=http://localhost:8080/robot_ec2b/events/battery/low_shutdown
2026-08-21 10:43:01.226 [session=000420] [INFO] [SSE-SSE_BATTERY_LOW_SHUTDOWN] [SSE_DIAG] reconnect wait tag=SSE_BATTERY_LOW_SHUTDOWN, delay=10s, reconnect=27, reason=HTTP 404, url=http://localhost:8080/robot_ec2b/events/battery/low_shutdown
2026-08-21 10:43:01.494 [session=000420] [DEBUG] [RestApiThread] GetCallBellFromRESTAPI 요청 시작
2026-08-21 10:43:01.495 [session=000420] [DEBUG] [RestApiThread] _get_data: 요청 시작 - tag: REST_API_TAG.GET_CALLBELL, url: http://localhost:8080/robot_ec2b/callbell
2026-08-21 10:43:01.495 [session=000420] [DEBUG] [RestApiThread] _get_data: 요청 전송 완료 - tag: REST_API_TAG.GET_CALLBELL, timeout: 30000ms
2026-08-21 10:43:01.517 [session=000420] [INFO] [MainThread] model_manager set_destinations: unchanged (5 items) - emit skipped
2026-08-21 10:43:01.519 [session=000420] [DEBUG] [RestApiThread] _handle_response 호출됨 - tag: REST_API_TAG.GET_CALLBELL, status_code: 200
2026-08-21 10:43:01.519 [session=000420] [INFO] [ThreadPoolExecutor-5_1] 호출벨 데이터 수신: 5개
2026-08-21 10:43:01.523 [session=000420] [INFO] [MainThread] 호출벨-목적지 동기화 완료: 5개 호출벨
2026-08-21 10:43:01.525 [session=000420] [INFO] [MainThread] 목적지 리스트 반환: destinations=[Destination(name='로비', goal_pose=Pose(x=4.241336459631034, y=-2.361104203714551, qw=0.5097087478206948, qz=0.8603470185890456), bell=Bells(treatment='', suction='64012cd7'), idx=0, color='#e53935'), Destination(name='수술실', goal_pose=Pose(x=4.5199271819089395, y=-3.9219605026851503, qw=0.14533446519134308, qz=-0.9893825818294691), bell=Bells(treatment='', suction='64132cd7'), idx=1, color='#e53935'), Destination(name='진료실', goal_pose=Pose(x=0.11980823444488001, y=-3.735511450600503, qw=0.9963649848510123, qz=0.0851869530083222), bell=Bells(treatment='', suction='64252cd7'), idx=2, color='#e53935'), Destination(name='창고', goal_pose=Pose(x=0.2834625688692579, y=-6.793061814598156, qw=0.5257961572167338, qz=0.850610604834031), bell=Bells(treatment='', suction='64372cd7'), idx=3, color='#e53935'), Destination(name='소독실', goal_pose=Pose(x=-3.4045695907217928, y=-7.611793760201744, qw=0.546869706461766, qz=0.8372177280459497), bell=Bells(treatment='', suction='64492cd7'), idx=4, color='#e53935')]
2026-08-21 10:43:01.525 [session=000420] [INFO] [MainThread] 호출벨 리스트 반환: callbells={'64012cd7': {'name': '호출벨 1', 'usage': 'suction', 'destination': '로비'}, '64132cd7': {'name': '호출벨 2', 'usage': 'suction', 'destination': '수술실'}, '64252cd7': {'name': '호출벨 3', 'usage': 'suction', 'destination': '진료실'}, '64372cd7': {'name': '호출벨 4', 'usage': 'suction', 'destination': '창고'}, '64492cd7': {'name': '호출벨 5', 'usage': 'suction', 'destination': '소독실'}}, robot_usages=['treatment', 'suction']
2026-08-21 10:43:01.525 [session=000420] [INFO] [MainThread] 호출벨 리스트 로드: 5개
2026-08-21 10:43:01.526 [session=000420] [INFO] [MainThread] 호출벨 목록 동일 - UI 재생성 생략
2026-08-21 10:43:01.526 [session=000420] [INFO] [MainThread] 호출벨용 용도 목록 로드 요청
2026-08-21 10:43:01.526 [session=000420] [INFO] [MainThread] 호출벨에 용도 목록 전달: 2개
2026-08-21 10:43:01.526 [session=000420] [INFO] [MainThread] 용도 목록 로드: 2개
2026-08-21 10:43:01.528 [session=000420] [INFO] [MainThread] 목적지 목록 로드: 5개
2026-08-21 10:43:01.528 [session=000420] [INFO] [MainThread] 호출벨 관리에 목적지 목록 전달: 5개
2026-08-21 10:43:01.531 [session=000420] [INFO] [MainThread] My IP : 192.168.104.212
2026-08-21 10:43:05.489 [session=000420] [INFO] [MainThread] [MAIN_THREAD_HEARTBEAT] GUI main thread alive: thread=MainThread
2026-08-21 10:43:10.490 [session=000420] [INFO] [MainThread] [MAIN_THREAD_HEARTBEAT] GUI main thread alive: thread=MainThread
2026-08-21 10:43:11.228 [session=000420] [INFO] [SSE-SSE_BATTERY_LOW_SHUTDOWN] [SSE_DIAG] connect attempt tag=SSE_BATTERY_LOW_SHUTDOWN, reconnect=27, url=http://localhost:8080/robot_ec2b/events/battery/low_shutdown
2026-08-21 10:43:11.249 [session=000420] [INFO] [SSE-SSE_BATTERY_LOW_SHUTDOWN] [SSE_DIAG] connected tag=SSE_BATTERY_LOW_SHUTDOWN, status=404, reason=Not Found, elapsed=0.02s, content_type=application/json, url=http://localhost:8080/robot_ec2b/events/battery/low_shutdown
2026-08-21 10:43:11.249 [session=000420] [ERROR] [SSE-SSE_BATTERY_LOW_SHUTDOWN] [SSE_DIAG] non-200 response tag=SSE_BATTERY_LOW_SHUTDOWN, status=404, reason=Not Found, url=http://localhost:8080/robot_ec2b/events/battery/low_shutdown
2026-08-21 10:43:11.252 [session=000420] [INFO] [SSE-SSE_BATTERY_LOW_SHUTDOWN] [SSE_DIAG] reconnect wait tag=SSE_BATTERY_LOW_SHUTDOWN, delay=10s, reconnect=28, reason=HTTP 404, url=http://localhost:8080/robot_ec2b/events/battery/low_shutdown
2026-08-21 10:43:11.495 [session=000420] [DEBUG] [RestApiThread] GetCallBellFromRESTAPI 요청 시작
2026-08-21 10:43:11.503 [session=000420] [DEBUG] [RestApiThread] _get_data: 요청 시작 - tag: REST_API_TAG.GET_CALLBELL, url: http://localhost:8080/robot_ec2b/callbell
2026-08-21 10:43:11.504 [session=000420] [DEBUG] [RestApiThread] _get_data: 요청 전송 완료 - tag: REST_API_TAG.GET_CALLBELL, timeout: 30000ms
2026-08-21 10:43:11.514 [session=000420] [INFO] [MainThread] model_manager set_destinations: unchanged (5 items) - emit skipped
2026-08-21 10:43:11.526 [session=000420] [DEBUG] [RestApiThread] _handle_response 호출됨 - tag: REST_API_TAG.GET_CALLBELL, status_code: 200
2026-08-21 10:43:11.529 [session=000420] [INFO] [ThreadPoolExecutor-5_1] 호출벨 데이터 수신: 5개
2026-08-21 10:43:11.532 [session=000420] [INFO] [MainThread] 호출벨-목적지 동기화 완료: 5개 호출벨
2026-08-21 10:43:11.533 [session=000420] [INFO] [MainThread] 목적지 리스트 반환: destinations=[Destination(name='로비', goal_pose=Pose(x=4.241336459631034, y=-2.361104203714551, qw=0.5097087478206948, qz=0.8603470185890456), bell=Bells(treatment='', suction='64012cd7'), idx=0, color='#e53935'), Destination(name='수술실', goal_pose=Pose(x=4.5199271819089395, y=-3.9219605026851503, qw=0.14533446519134308, qz=-0.9893825818294691), bell=Bells(treatment='', suction='64132cd7'), idx=1, color='#e53935'), Destination(name='진료실', goal_pose=Pose(x=0.11980823444488001, y=-3.735511450600503, qw=0.9963649848510123, qz=0.0851869530083222), bell=Bells(treatment='', suction='64252cd7'), idx=2, color='#e53935'), Destination(name='창고', goal_pose=Pose(x=0.2834625688692579, y=-6.793061814598156, qw=0.5257961572167338, qz=0.850610604834031), bell=Bells(treatment='', suction='64372cd7'), idx=3, color='#e53935'), Destination(name='소독실', goal_pose=Pose(x=-3.4045695907217928, y=-7.611793760201744, qw=0.546869706461766, qz=0.8372177280459497), bell=Bells(treatment='', suction='64492cd7'), idx=4, color='#e53935')]
2026-08-21 10:43:11.534 [session=000420] [INFO] [MainThread] 호출벨 리스트 반환: callbells={'64012cd7': {'name': '호출벨 1', 'usage': 'suction', 'destination': '로비'}, '64132cd7': {'name': '호출벨 2', 'usage': 'suction', 'destination': '수술실'}, '64252cd7': {'name': '호출벨 3', 'usage': 'suction', 'destination': '진료실'}, '64372cd7': {'name': '호출벨 4', 'usage': 'suction', 'destination': '창고'}, '64492cd7': {'name': '호출벨 5', 'usage': 'suction', 'destination': '소독실'}}, robot_usages=['treatment', 'suction']
2026-08-21 10:43:11.534 [session=000420] [INFO] [MainThread] 호출벨 리스트 로드: 5개
2026-08-21 10:43:11.534 [session=000420] [INFO] [MainThread] 호출벨 목록 동일 - UI 재생성 생략
2026-08-21 10:43:11.534 [session=000420] [INFO] [MainThread] 호출벨용 용도 목록 로드 요청
2026-08-21 10:43:11.534 [session=000420] [INFO] [MainThread] 호출벨에 용도 목록 전달: 2개
2026-08-21 10:43:11.535 [session=000420] [INFO] [MainThread] 용도 목록 로드: 2개
2026-08-21 10:43:11.535 [session=000420] [INFO] [MainThread] 목적지 목록 로드: 5개
2026-08-21 10:43:11.535 [session=000420] [INFO] [MainThread] 호출벨 관리에 목적지 목록 전달: 5개
2026-08-21 10:43:11.535 [session=000420] [INFO] [MainThread] My IP : 192.168.104.212
2026-08-21 10:43:15.489 [session=000420] [INFO] [MainThread] [MAIN_THREAD_HEARTBEAT] GUI main thread alive: thread=MainThread
2026-08-21 10:43:20.489 [session=000420] [INFO] [MainThread] [MAIN_THREAD_HEARTBEAT] GUI main thread alive: thread=MainThread
2026-08-21 10:43:21.254 [session=000420] [INFO] [SSE-SSE_BATTERY_LOW_SHUTDOWN] [SSE_DIAG] connect attempt tag=SSE_BATTERY_LOW_SHUTDOWN, reconnect=28, url=http://localhost:8080/robot_ec2b/events/battery/low_shutdown
2026-08-21 10:43:21.267 [session=000420] [INFO] [SSE-SSE_BATTERY_LOW_SHUTDOWN] [SSE_DIAG] connected tag=SSE_BATTERY_LOW_SHUTDOWN, status=404, reason=Not Found, elapsed=0.01s, content_type=application/json, url=http://localhost:8080/robot_ec2b/events/battery/low_shutdown
2026-08-21 10:43:21.268 [session=000420] [ERROR] [SSE-SSE_BATTERY_LOW_SHUTDOWN] [SSE_DIAG] non-200 response tag=SSE_BATTERY_LOW_SHUTDOWN, status=404, reason=Not Found, url=http://localhost:8080/robot_ec2b/events/battery/low_shutdown
2026-08-21 10:43:21.270 [session=000420] [INFO] [SSE-SSE_BATTERY_LOW_SHUTDOWN] [SSE_DIAG] reconnect wait tag=SSE_BATTERY_LOW_SHUTDOWN, delay=10s, reconnect=29, reason=HTTP 404, url=http://localhost:8080/robot_ec2b/events/battery/low_shutdown
2026-08-21 10:43:21.490 [session=000420] [DEBUG] [RestApiThread] GetCallBellFromRESTAPI 요청 시작
2026-08-21 10:43:21.491 [session=000420] [DEBUG] [RestApiThread] _get_data: 요청 시작 - tag: REST_API_TAG.GET_CALLBELL, url: http://localhost:8080/robot_ec2b/callbell
2026-08-21 10:43:21.493 [session=000420] [DEBUG] [RestApiThread] _get_data: 요청 전송 완료 - tag: REST_API_TAG.GET_CALLBELL, timeout: 30000ms
2026-08-21 10:43:21.505 [session=000420] [INFO] [MainThread] model_manager set_destinations: unchanged (5 items) - emit skipped
2026-08-21 10:43:21.510 [session=000420] [DEBUG] [RestApiThread] _handle_response 호출됨 - tag: REST_API_TAG.GET_CALLBELL, status_code: 200
2026-08-21 10:43:21.510 [session=000420] [INFO] [ThreadPoolExecutor-5_1] 호출벨 데이터 수신: 5개
2026-08-21 10:43:21.512 [session=000420] [INFO] [MainThread] 호출벨-목적지 동기화 완료: 5개 호출벨
2026-08-21 10:43:21.513 [session=000420] [INFO] [MainThread] 목적지 리스트 반환: destinations=[Destination(name='로비', goal_pose=Pose(x=4.241336459631034, y=-2.361104203714551, qw=0.5097087478206948, qz=0.8603470185890456), bell=Bells(treatment='', suction='64012cd7'), idx=0, color='#e53935'), Destination(name='수술실', goal_pose=Pose(x=4.5199271819089395, y=-3.9219605026851503, qw=0.14533446519134308, qz=-0.9893825818294691), bell=Bells(treatment='', suction='64132cd7'), idx=1, color='#e53935'), Destination(name='진료실', goal_pose=Pose(x=0.11980823444488001, y=-3.735511450600503, qw=0.9963649848510123, qz=0.0851869530083222), bell=Bells(treatment='', suction='64252cd7'), idx=2, color='#e53935'), Destination(name='창고', goal_pose=Pose(x=0.2834625688692579, y=-6.793061814598156, qw=0.5257961572167338, qz=0.850610604834031), bell=Bells(treatment='', suction='64372cd7'), idx=3, color='#e53935'), Destination(name='소독실', goal_pose=Pose(x=-3.4045695907217928, y=-7.611793760201744, qw=0.546869706461766, qz=0.8372177280459497), bell=Bells(treatment='', suction='64492cd7'), idx=4, color='#e53935')]
2026-08-21 10:43:21.513 [session=000420] [INFO] [MainThread] 호출벨 리스트 반환: callbells={'64012cd7': {'name': '호출벨 1', 'usage': 'suction', 'destination': '로비'}, '64132cd7': {'name': '호출벨 2', 'usage': 'suction', 'destination': '수술실'}, '64252cd7': {'name': '호출벨 3', 'usage': 'suction', 'destination': '진료실'}, '64372cd7': {'name': '호출벨 4', 'usage': 'suction', 'destination': '창고'}, '64492cd7': {'name': '호출벨 5', 'usage': 'suction', 'destination': '소독실'}}, robot_usages=['treatment', 'suction']
2026-08-21 10:43:21.514 [session=000420] [INFO] [MainThread] 호출벨 리스트 로드: 5개
2026-08-21 10:43:21.514 [session=000420] [INFO] [MainThread] 호출벨 목록 동일 - UI 재생성 생략
2026-08-21 10:43:21.515 [session=000420] [INFO] [MainThread] 호출벨용 용도 목록 로드 요청
2026-08-21 10:43:21.515 [session=000420] [INFO] [MainThread] 호출벨에 용도 목록 전달: 2개
2026-08-21 10:43:21.515 [session=000420] [INFO] [MainThread] 용도 목록 로드: 2개
2026-08-21 10:43:21.515 [session=000420] [INFO] [MainThread] 목적지 목록 로드: 5개
2026-08-21 10:43:21.515 [session=000420] [INFO] [MainThread] 호출벨 관리에 목적지 목록 전달: 5개
2026-08-21 10:43:21.523 [session=000420] [INFO] [MainThread] My IP : 192.168.104.212
2026-08-21 10:43:21.525 [session=000420] [INFO] [browser-music-sync_0] [BROWSER_MUSIC_SYNC] event=catalog_fetch_started master_base_url=http://127.0.0.1:5051
2026-08-21 10:43:21.554 [session=000420] [INFO] [browser-music-sync_0] [BROWSER_MUSIC_SYNC] event=catalog_fetch_succeeded master_base_url=http://127.0.0.1:5051 item_count=3
2026-08-21 10:43:21.561 [session=000420] [INFO] [RestApiThread] [REST API] 배경 음악 GET 전송: operation=selection_get, url=http://127.0.0.1:5051/api/voice-event-settings/background-music?robot_id=robot_ec2b
2026-08-21 10:43:21.563 [session=000420] [INFO] [RestApiThread] [REST API] 배경 음악 GET 전송: operation=resolved_get, url=http://127.0.0.1:5051/api/voice-event-settings/resolved?robot_id=robot_ec2b
2026-08-21 10:43:21.574 [session=000420] [DEBUG] [RestApiThread] _handle_response 호출됨 - tag: REST_API_TAG.GET_BACKGROUND_MUSIC_SETTING, status_code: 200
2026-08-21 10:43:21.584 [session=000420] [DEBUG] [RestApiThread] _handle_response 호출됨 - tag: REST_API_TAG.GET_RESOLVED_BACKGROUND_MUSIC, status_code: 200
2026-08-21 10:43:25.490 [session=000420] [INFO] [MainThread] [MAIN_THREAD_HEARTBEAT] GUI main thread alive: thread=MainThread
2026-08-21 10:43:30.489 [session=000420] [INFO] [MainThread] [MAIN_THREAD_HEARTBEAT] GUI main thread alive: thread=MainThread
2026-08-21 10:43:31.271 [session=000420] [INFO] [SSE-SSE_BATTERY_LOW_SHUTDOWN] [SSE_DIAG] connect attempt tag=SSE_BATTERY_LOW_SHUTDOWN, reconnect=29, url=http://localhost:8080/robot_ec2b/events/battery/low_shutdown
2026-08-21 10:43:31.293 [session=000420] [INFO] [SSE-SSE_BATTERY_LOW_SHUTDOWN] [SSE_DIAG] connected tag=SSE_BATTERY_LOW_SHUTDOWN, status=404, reason=Not Found, elapsed=0.02s, content_type=application/json, url=http://localhost:8080/robot_ec2b/events/battery/low_shutdown
2026-08-21 10:43:31.294 [session=000420] [ERROR] [SSE-SSE_BATTERY_LOW_SHUTDOWN] [SSE_DIAG] non-200 response tag=SSE_BATTERY_LOW_SHUTDOWN, status=404, reason=Not Found, url=http://localhost:8080/robot_ec2b/events/battery/low_shutdown
2026-08-21 10:43:31.296 [session=000420] [INFO] [SSE-SSE_BATTERY_LOW_SHUTDOWN] [SSE_DIAG] reconnect wait tag=SSE_BATTERY_LOW_SHUTDOWN, delay=10s, reconnect=30, reason=HTTP 404, url=http://localhost:8080/robot_ec2b/events/battery/low_shutdown
2026-08-21 10:43:31.493 [session=000420] [DEBUG] [RestApiThread] GetCallBellFromRESTAPI 요청 시작
2026-08-21 10:43:31.493 [session=000420] [DEBUG] [RestApiThread] _get_data: 요청 시작 - tag: REST_API_TAG.GET_CALLBELL, url: http://localhost:8080/robot_ec2b/callbell
2026-08-21 10:43:31.507 [session=000420] [DEBUG] [RestApiThread] _get_data: 요청 전송 완료 - tag: REST_API_TAG.GET_CALLBELL, timeout: 30000ms
2026-08-21 10:43:31.512 [session=000420] [INFO] [MainThread] model_manager set_destinations: unchanged (5 items) - emit skipped
2026-08-21 10:43:31.522 [session=000420] [INFO] [MainThread] My IP : 192.168.104.212
2026-08-21 10:43:31.533 [session=000420] [DEBUG] [RestApiThread] _handle_response 호출됨 - tag: REST_API_TAG.GET_CALLBELL, status_code: 200
2026-08-21 10:43:31.534 [session=000420] [INFO] [ThreadPoolExecutor-5_1] 호출벨 데이터 수신: 5개
2026-08-21 10:43:31.536 [session=000420] [INFO] [MainThread] 호출벨-목적지 동기화 완료: 5개 호출벨
2026-08-21 10:43:31.536 [session=000420] [INFO] [MainThread] 목적지 리스트 반환: destinations=[Destination(name='로비', goal_pose=Pose(x=4.241336459631034, y=-2.361104203714551, qw=0.5097087478206948, qz=0.8603470185890456), bell=Bells(treatment='', suction='64012cd7'), idx=0, color='#e53935'), Destination(name='수술실', goal_pose=Pose(x=4.5199271819089395, y=-3.9219605026851503, qw=0.14533446519134308, qz=-0.9893825818294691), bell=Bells(treatment='', suction='64132cd7'), idx=1, color='#e53935'), Destination(name='진료실', goal_pose=Pose(x=0.11980823444488001, y=-3.735511450600503, qw=0.9963649848510123, qz=0.0851869530083222), bell=Bells(treatment='', suction='64252cd7'), idx=2, color='#e53935'), Destination(name='창고', goal_pose=Pose(x=0.2834625688692579, y=-6.793061814598156, qw=0.5257961572167338, qz=0.850610604834031), bell=Bells(treatment='', suction='64372cd7'), idx=3, color='#e53935'), Destination(name='소독실', goal_pose=Pose(x=-3.4045695907217928, y=-7.611793760201744, qw=0.546869706461766, qz=0.8372177280459497), bell=Bells(treatment='', suction='64492cd7'), idx=4, color='#e53935')]
2026-08-21 10:43:31.536 [session=000420] [INFO] [MainThread] 호출벨 리스트 반환: callbells={'64012cd7': {'name': '호출벨 1', 'usage': 'suction', 'destination': '로비'}, '64132cd7': {'name': '호출벨 2', 'usage': 'suction', 'destination': '수술실'}, '64252cd7': {'name': '호출벨 3', 'usage': 'suction', 'destination': '진료실'}, '64372cd7': {'name': '호출벨 4', 'usage': 'suction', 'destination': '창고'}, '64492cd7': {'name': '호출벨 5', 'usage': 'suction', 'destination': '소독실'}}, robot_usages=['treatment', 'suction']
2026-08-21 10:43:31.537 [session=000420] [INFO] [MainThread] 호출벨 리스트 로드: 5개
2026-08-21 10:43:31.537 [session=000420] [INFO] [MainThread] 호출벨 목록 동일 - UI 재생성 생략
2026-08-21 10:43:31.538 [session=000420] [INFO] [MainThread] 호출벨용 용도 목록 로드 요청
2026-08-21 10:43:31.539 [session=000420] [INFO] [MainThread] 호출벨에 용도 목록 전달: 2개
2026-08-21 10:43:31.539 [session=000420] [INFO] [MainThread] 용도 목록 로드: 2개
2026-08-21 10:43:31.539 [session=000420] [INFO] [MainThread] 목적지 목록 로드: 5개
2026-08-21 10:43:31.539 [session=000420] [INFO] [MainThread] 호출벨 관리에 목적지 목록 전달: 5개
2026-08-21 10:43:35.489 [session=000420] [INFO] [MainThread] [MAIN_THREAD_HEARTBEAT] GUI main thread alive: thread=MainThread
2026-08-21 10:43:40.489 [session=000420] [INFO] [MainThread] [MAIN_THREAD_HEARTBEAT] GUI main thread alive: thread=MainThread
2026-08-21 10:43:41.298 [session=000420] [INFO] [SSE-SSE_BATTERY_LOW_SHUTDOWN] [SSE_DIAG] connect attempt tag=SSE_BATTERY_LOW_SHUTDOWN, reconnect=30, url=http://localhost:8080/robot_ec2b/events/battery/low_shutdown
2026-08-21 10:43:41.315 [session=000420] [INFO] [SSE-SSE_BATTERY_LOW_SHUTDOWN] [SSE_DIAG] connected tag=SSE_BATTERY_LOW_SHUTDOWN, status=404, reason=Not Found, elapsed=0.02s, content_type=application/json, url=http://localhost:8080/robot_ec2b/events/battery/low_shutdown
2026-08-21 10:43:41.315 [session=000420] [ERROR] [SSE-SSE_BATTERY_LOW_SHUTDOWN] [SSE_DIAG] non-200 response tag=SSE_BATTERY_LOW_SHUTDOWN, status=404, reason=Not Found, url=http://localhost:8080/robot_ec2b/events/battery/low_shutdown
2026-08-21 10:43:41.318 [session=000420] [INFO] [SSE-SSE_BATTERY_LOW_SHUTDOWN] [SSE_DIAG] reconnect wait tag=SSE_BATTERY_LOW_SHUTDOWN, delay=10s, reconnect=31, reason=HTTP 404, url=http://localhost:8080/robot_ec2b/events/battery/low_shutdown
2026-08-21 10:43:41.492 [session=000420] [DEBUG] [RestApiThread] GetCallBellFromRESTAPI 요청 시작
2026-08-21 10:43:41.493 [session=000420] [DEBUG] [RestApiThread] _get_data: 요청 시작 - tag: REST_API_TAG.GET_CALLBELL, url: http://localhost:8080/robot_ec2b/callbell
2026-08-21 10:43:41.494 [session=000420] [DEBUG] [RestApiThread] _get_data: 요청 전송 완료 - tag: REST_API_TAG.GET_CALLBELL, timeout: 30000ms
2026-08-21 10:43:41.503 [session=000420] [INFO] [RestApiThread] _handle_response (CYCLIC 정상) - tag: REST_API_TAG.GET_DESTINATIONS, status: 200, pending→1
2026-08-21 10:43:41.517 [session=000420] [INFO] [MainThread] model_manager set_destinations: unchanged (5 items) - emit skipped
2026-08-21 10:43:41.530 [session=000420] [DEBUG] [RestApiThread] _handle_response 호출됨 - tag: REST_API_TAG.GET_CALLBELL, status_code: 200
2026-08-21 10:43:41.532 [session=000420] [INFO] [ThreadPoolExecutor-5_1] 호출벨 데이터 수신: 5개
2026-08-21 10:43:41.537 [session=000420] [INFO] [MainThread] 호출벨-목적지 동기화 완료: 5개 호출벨
2026-08-21 10:43:41.537 [session=000420] [INFO] [MainThread] 목적지 리스트 반환: destinations=[Destination(name='로비', goal_pose=Pose(x=4.241336459631034, y=-2.361104203714551, qw=0.5097087478206948, qz=0.8603470185890456), bell=Bells(treatment='', suction='64012cd7'), idx=0, color='#e53935'), Destination(name='수술실', goal_pose=Pose(x=4.5199271819089395, y=-3.9219605026851503, qw=0.14533446519134308, qz=-0.9893825818294691), bell=Bells(treatment='', suction='64132cd7'), idx=1, color='#e53935'), Destination(name='진료실', goal_pose=Pose(x=0.11980823444488001, y=-3.735511450600503, qw=0.9963649848510123, qz=0.0851869530083222), bell=Bells(treatment='', suction='64252cd7'), idx=2, color='#e53935'), Destination(name='창고', goal_pose=Pose(x=0.2834625688692579, y=-6.793061814598156, qw=0.5257961572167338, qz=0.850610604834031), bell=Bells(treatment='', suction='64372cd7'), idx=3, color='#e53935'), Destination(name='소독실', goal_pose=Pose(x=-3.4045695907217928, y=-7.611793760201744, qw=0.546869706461766, qz=0.8372177280459497), bell=Bells(treatment='', suction='64492cd7'), idx=4, color='#e53935')]
2026-08-21 10:43:41.538 [session=000420] [INFO] [MainThread] 호출벨 리스트 반환: callbells={'64012cd7': {'name': '호출벨 1', 'usage': 'suction', 'destination': '로비'}, '64132cd7': {'name': '호출벨 2', 'usage': 'suction', 'destination': '수술실'}, '64252cd7': {'name': '호출벨 3', 'usage': 'suction', 'destination': '진료실'}, '64372cd7': {'name': '호출벨 4', 'usage': 'suction', 'destination': '창고'}, '64492cd7': {'name': '호출벨 5', 'usage': 'suction', 'destination': '소독실'}}, robot_usages=['treatment', 'suction']
2026-08-21 10:43:41.538 [session=000420] [INFO] [MainThread] 호출벨 리스트 로드: 5개
2026-08-21 10:43:41.539 [session=000420] [INFO] [MainThread] 호출벨 목록 동일 - UI 재생성 생략
2026-08-21 10:43:41.539 [session=000420] [INFO] [MainThread] 호출벨용 용도 목록 로드 요청
2026-08-21 10:43:41.539 [session=000420] [INFO] [MainThread] 호출벨에 용도 목록 전달: 2개
2026-08-21 10:43:41.540 [session=000420] [INFO] [MainThread] 용도 목록 로드: 2개
2026-08-21 10:43:41.540 [session=000420] [INFO] [RestApiThread] _handle_response (CYCLIC 정상) - tag: REST_API_TAG.GET_MASTER_IP_ADDRESS, status: 200, pending→0
2026-08-21 10:43:41.541 [session=000420] [INFO] [MainThread] 목적지 목록 로드: 5개
2026-08-21 10:43:41.541 [session=000420] [INFO] [MainThread] 호출벨 관리에 목적지 목록 전달: 5개
2026-08-21 10:43:41.542 [session=000420] [INFO] [MainThread] My IP : 192.168.104.212
2026-08-21 10:43:45.490 [session=000420] [INFO] [MainThread] [MAIN_THREAD_HEARTBEAT] GUI main thread alive: thread=MainThread
2026-08-21 10:43:50.490 [session=000420] [INFO] [MainThread] [MAIN_THREAD_HEARTBEAT] GUI main thread alive: thread=MainThread
2026-08-21 10:43:51.319 [session=000420] [INFO] [SSE-SSE_BATTERY_LOW_SHUTDOWN] [SSE_DIAG] connect attempt tag=SSE_BATTERY_LOW_SHUTDOWN, reconnect=31, url=http://localhost:8080/robot_ec2b/events/battery/low_shutdown
2026-08-21 10:43:51.336 [session=000420] [INFO] [SSE-SSE_BATTERY_LOW_SHUTDOWN] [SSE_DIAG] connected tag=SSE_BATTERY_LOW_SHUTDOWN, status=404, reason=Not Found, elapsed=0.02s, content_type=application/json, url=http://localhost:8080/robot_ec2b/events/battery/low_shutdown
2026-08-21 10:43:51.337 [session=000420] [ERROR] [SSE-SSE_BATTERY_LOW_SHUTDOWN] [SSE_DIAG] non-200 response tag=SSE_BATTERY_LOW_SHUTDOWN, status=404, reason=Not Found, url=http://localhost:8080/robot_ec2b/events/battery/low_shutdown
2026-08-21 10:43:51.339 [session=000420] [INFO] [SSE-SSE_BATTERY_LOW_SHUTDOWN] [SSE_DIAG] reconnect wait tag=SSE_BATTERY_LOW_SHUTDOWN, delay=10s, reconnect=32, reason=HTTP 404, url=http://localhost:8080/robot_ec2b/events/battery/low_shutdown
2026-08-21 10:43:51.491 [session=000420] [DEBUG] [RestApiThread] GetCallBellFromRESTAPI 요청 시작
2026-08-21 10:43:51.492 [session=000420] [DEBUG] [RestApiThread] _get_data: 요청 시작 - tag: REST_API_TAG.GET_CALLBELL, url: http://localhost:8080/robot_ec2b/callbell
2026-08-21 10:43:51.508 [session=000420] [DEBUG] [RestApiThread] _get_data: 요청 전송 완료 - tag: REST_API_TAG.GET_CALLBELL, timeout: 30000ms
2026-08-21 10:43:51.513 [session=000420] [DEBUG] [RestApiThread] _handle_response 호출됨 - tag: REST_API_TAG.GET_CALLBELL, status_code: 200
2026-08-21 10:43:51.519 [session=000420] [INFO] [MainThread] model_manager set_destinations: unchanged (5 items) - emit skipped
2026-08-21 10:43:51.521 [session=000420] [INFO] [ThreadPoolExecutor-5_0] 호출벨 데이터 수신: 5개
2026-08-21 10:43:51.523 [session=000420] [INFO] [MainThread] 호출벨-목적지 동기화 완료: 5개 호출벨
2026-08-21 10:43:51.524 [session=000420] [INFO] [MainThread] 목적지 리스트 반환: destinations=[Destination(name='로비', goal_pose=Pose(x=4.241336459631034, y=-2.361104203714551, qw=0.5097087478206948, qz=0.8603470185890456), bell=Bells(treatment='', suction='64012cd7'), idx=0, color='#e53935'), Destination(name='수술실', goal_pose=Pose(x=4.5199271819089395, y=-3.9219605026851503, qw=0.14533446519134308, qz=-0.9893825818294691), bell=Bells(treatment='', suction='64132cd7'), idx=1, color='#e53935'), Destination(name='진료실', goal_pose=Pose(x=0.11980823444488001, y=-3.735511450600503, qw=0.9963649848510123, qz=0.0851869530083222), bell=Bells(treatment='', suction='64252cd7'), idx=2, color='#e53935'), Destination(name='창고', goal_pose=Pose(x=0.2834625688692579, y=-6.793061814598156, qw=0.5257961572167338, qz=0.850610604834031), bell=Bells(treatment='', suction='64372cd7'), idx=3, color='#e53935'), Destination(name='소독실', goal_pose=Pose(x=-3.4045695907217928, y=-7.611793760201744, qw=0.546869706461766, qz=0.8372177280459497), bell=Bells(treatment='', suction='64492cd7'), idx=4, color='#e53935')]
2026-08-21 10:43:51.526 [session=000420] [INFO] [MainThread] 호출벨 리스트 반환: callbells={'64012cd7': {'name': '호출벨 1', 'usage': 'suction', 'destination': '로비'}, '64132cd7': {'name': '호출벨 2', 'usage': 'suction', 'destination': '수술실'}, '64252cd7': {'name': '호출벨 3', 'usage': 'suction', 'destination': '진료실'}, '64372cd7': {'name': '호출벨 4', 'usage': 'suction', 'destination': '창고'}, '64492cd7': {'name': '호출벨 5', 'usage': 'suction', 'destination': '소독실'}}, robot_usages=['treatment', 'suction']
2026-08-21 10:43:51.526 [session=000420] [INFO] [MainThread] 호출벨 리스트 로드: 5개
2026-08-21 10:43:51.527 [session=000420] [INFO] [MainThread] 호출벨 목록 동일 - UI 재생성 생략
2026-08-21 10:43:51.528 [session=000420] [INFO] [MainThread] 호출벨용 용도 목록 로드 요청
2026-08-21 10:43:51.529 [session=000420] [INFO] [MainThread] 호출벨에 용도 목록 전달: 2개
2026-08-21 10:43:51.529 [session=000420] [INFO] [MainThread] 용도 목록 로드: 2개
2026-08-21 10:43:51.529 [session=000420] [INFO] [MainThread] 목적지 목록 로드: 5개
2026-08-21 10:43:51.530 [session=000420] [INFO] [MainThread] 호출벨 관리에 목적지 목록 전달: 5개
2026-08-21 10:43:51.530 [session=000420] [INFO] [MainThread] My IP : 192.168.104.212
2026-08-21 10:43:55.489 [session=000420] [INFO] [MainThread] [MAIN_THREAD_HEARTBEAT] GUI main thread alive: thread=MainThread
2026-08-21 10:44:00.491 [session=000420] [INFO] [MainThread] [MAIN_THREAD_HEARTBEAT] GUI main thread alive: thread=MainThread
2026-08-21 10:44:01.340 [session=000420] [INFO] [SSE-SSE_BATTERY_LOW_SHUTDOWN] [SSE_DIAG] connect attempt tag=SSE_BATTERY_LOW_SHUTDOWN, reconnect=32, url=http://localhost:8080/robot_ec2b/events/battery/low_shutdown
2026-08-21 10:44:01.354 [session=000420] [INFO] [SSE-SSE_BATTERY_LOW_SHUTDOWN] [SSE_DIAG] connected tag=SSE_BATTERY_LOW_SHUTDOWN, status=404, reason=Not Found, elapsed=0.01s, content_type=application/json, url=http://localhost:8080/robot_ec2b/events/battery/low_shutdown
2026-08-21 10:44:01.356 [session=000420] [ERROR] [SSE-SSE_BATTERY_LOW_SHUTDOWN] [SSE_DIAG] non-200 response tag=SSE_BATTERY_LOW_SHUTDOWN, status=404, reason=Not Found, url=http://localhost:8080/robot_ec2b/events/battery/low_shutdown
2026-08-21 10:44:01.357 [session=000420] [INFO] [SSE-SSE_BATTERY_LOW_SHUTDOWN] [SSE_DIAG] reconnect wait tag=SSE_BATTERY_LOW_SHUTDOWN, delay=10s, reconnect=33, reason=HTTP 404, url=http://localhost:8080/robot_ec2b/events/battery/low_shutdown
2026-08-21 10:44:01.492 [session=000420] [DEBUG] [RestApiThread] GetCallBellFromRESTAPI 요청 시작
2026-08-21 10:44:01.492 [session=000420] [DEBUG] [RestApiThread] _get_data: 요청 시작 - tag: REST_API_TAG.GET_CALLBELL, url: http://localhost:8080/robot_ec2b/callbell
2026-08-21 10:44:01.499 [session=000420] [DEBUG] [RestApiThread] _get_data: 요청 전송 완료 - tag: REST_API_TAG.GET_CALLBELL, timeout: 30000ms
2026-08-21 10:44:01.516 [session=000420] [INFO] [MainThread] model_manager set_destinations: unchanged (5 items) - emit skipped
2026-08-21 10:44:01.527 [session=000420] [INFO] [MainThread] My IP : 192.168.104.212
2026-08-21 10:44:01.529 [session=000420] [INFO] [browser-music-sync_0] [BROWSER_MUSIC_SYNC] event=catalog_fetch_started master_base_url=http://127.0.0.1:5051
2026-08-21 10:44:01.530 [session=000420] [DEBUG] [RestApiThread] _handle_response 호출됨 - tag: REST_API_TAG.GET_CALLBELL, status_code: 200
2026-08-21 10:44:01.534 [session=000420] [INFO] [ThreadPoolExecutor-5_1] 호출벨 데이터 수신: 5개
2026-08-21 10:44:01.535 [session=000420] [INFO] [MainThread] 호출벨-목적지 동기화 완료: 5개 호출벨
2026-08-21 10:44:01.537 [session=000420] [INFO] [MainThread] 목적지 리스트 반환: destinations=[Destination(name='로비', goal_pose=Pose(x=4.241336459631034, y=-2.361104203714551, qw=0.5097087478206948, qz=0.8603470185890456), bell=Bells(treatment='', suction='64012cd7'), idx=0, color='#e53935'), Destination(name='수술실', goal_pose=Pose(x=4.5199271819089395, y=-3.9219605026851503, qw=0.14533446519134308, qz=-0.9893825818294691), bell=Bells(treatment='', suction='64132cd7'), idx=1, color='#e53935'), Destination(name='진료실', goal_pose=Pose(x=0.11980823444488001, y=-3.735511450600503, qw=0.9963649848510123, qz=0.0851869530083222), bell=Bells(treatment='', suction='64252cd7'), idx=2, color='#e53935'), Destination(name='창고', goal_pose=Pose(x=0.2834625688692579, y=-6.793061814598156, qw=0.5257961572167338, qz=0.850610604834031), bell=Bells(treatment='', suction='64372cd7'), idx=3, color='#e53935'), Destination(name='소독실', goal_pose=Pose(x=-3.4045695907217928, y=-7.611793760201744, qw=0.546869706461766, qz=0.8372177280459497), bell=Bells(treatment='', suction='64492cd7'), idx=4, color='#e53935')]
2026-08-21 10:44:01.538 [session=000420] [INFO] [MainThread] 호출벨 리스트 반환: callbells={'64012cd7': {'name': '호출벨 1', 'usage': 'suction', 'destination': '로비'}, '64132cd7': {'name': '호출벨 2', 'usage': 'suction', 'destination': '수술실'}, '64252cd7': {'name': '호출벨 3', 'usage': 'suction', 'destination': '진료실'}, '64372cd7': {'name': '호출벨 4', 'usage': 'suction', 'destination': '창고'}, '64492cd7': {'name': '호출벨 5', 'usage': 'suction', 'destination': '소독실'}}, robot_usages=['treatment', 'suction']
2026-08-21 10:44:01.538 [session=000420] [INFO] [MainThread] 호출벨 리스트 로드: 5개
2026-08-21 10:44:01.538 [session=000420] [INFO] [MainThread] 호출벨 목록 동일 - UI 재생성 생략
2026-08-21 10:44:01.538 [session=000420] [INFO] [MainThread] 호출벨용 용도 목록 로드 요청
2026-08-21 10:44:01.539 [session=000420] [INFO] [MainThread] 호출벨에 용도 목록 전달: 2개
2026-08-21 10:44:01.539 [session=000420] [INFO] [MainThread] 용도 목록 로드: 2개
2026-08-21 10:44:01.539 [session=000420] [INFO] [MainThread] 목적지 목록 로드: 5개
2026-08-21 10:44:01.539 [session=000420] [INFO] [MainThread] 호출벨 관리에 목적지 목록 전달: 5개
2026-08-21 10:44:01.560 [session=000420] [INFO] [browser-music-sync_0] [BROWSER_MUSIC_SYNC] event=catalog_fetch_succeeded master_base_url=http://127.0.0.1:5051 item_count=3
2026-08-21 10:44:01.568 [session=000420] [INFO] [RestApiThread] [REST API] 배경 음악 GET 전송: operation=selection_get, url=http://127.0.0.1:5051/api/voice-event-settings/background-music?robot_id=robot_ec2b
2026-08-21 10:44:01.569 [session=000420] [INFO] [RestApiThread] [REST API] 배경 음악 GET 전송: operation=resolved_get, url=http://127.0.0.1:5051/api/voice-event-settings/resolved?robot_id=robot_ec2b
2026-08-21 10:44:01.589 [session=000420] [DEBUG] [RestApiThread] _handle_response 호출됨 - tag: REST_API_TAG.GET_BACKGROUND_MUSIC_SETTING, status_code: 200
2026-08-21 10:44:01.594 [session=000420] [DEBUG] [RestApiThread] _handle_response 호출됨 - tag: REST_API_TAG.GET_RESOLVED_BACKGROUND_MUSIC, status_code: 200
2026-08-21 10:44:05.489 [session=000420] [INFO] [MainThread] [MAIN_THREAD_HEARTBEAT] GUI main thread alive: thread=MainThread
2026-08-21 10:44:10.490 [session=000420] [INFO] [MainThread] [MAIN_THREAD_HEARTBEAT] GUI main thread alive: thread=MainThread
2026-08-21 10:44:11.362 [session=000420] [INFO] [SSE-SSE_BATTERY_LOW_SHUTDOWN] [SSE_DIAG] connect attempt tag=SSE_BATTERY_LOW_SHUTDOWN, reconnect=33, url=http://localhost:8080/robot_ec2b/events/battery/low_shutdown
2026-08-21 10:44:11.374 [session=000420] [INFO] [SSE-SSE_BATTERY_LOW_SHUTDOWN] [SSE_DIAG] connected tag=SSE_BATTERY_LOW_SHUTDOWN, status=404, reason=Not Found, elapsed=0.01s, content_type=application/json, url=http://localhost:8080/robot_ec2b/events/battery/low_shutdown
2026-08-21 10:44:11.375 [session=000420] [ERROR] [SSE-SSE_BATTERY_LOW_SHUTDOWN] [SSE_DIAG] non-200 response tag=SSE_BATTERY_LOW_SHUTDOWN, status=404, reason=Not Found, url=http://localhost:8080/robot_ec2b/events/battery/low_shutdown
2026-08-21 10:44:11.377 [session=000420] [INFO] [SSE-SSE_BATTERY_LOW_SHUTDOWN] [SSE_DIAG] reconnect wait tag=SSE_BATTERY_LOW_SHUTDOWN, delay=10s, reconnect=34, reason=HTTP 404, url=http://localhost:8080/robot_ec2b/events/battery/low_shutdown
2026-08-21 10:44:11.502 [session=000420] [DEBUG] [RestApiThread] GetCallBellFromRESTAPI 요청 시작
2026-08-21 10:44:11.502 [session=000420] [DEBUG] [RestApiThread] _get_data: 요청 시작 - tag: REST_API_TAG.GET_CALLBELL, url: http://localhost:8080/robot_ec2b/callbell
2026-08-21 10:44:11.509 [session=000420] [DEBUG] [RestApiThread] _get_data: 요청 전송 완료 - tag: REST_API_TAG.GET_CALLBELL, timeout: 30000ms
2026-08-21 10:44:11.514 [session=000420] [INFO] [MainThread] model_manager set_destinations: unchanged (5 items) - emit skipped
2026-08-21 10:44:11.530 [session=000420] [DEBUG] [RestApiThread] _handle_response 호출됨 - tag: REST_API_TAG.GET_CALLBELL, status_code: 200
2026-08-21 10:44:11.531 [session=000420] [INFO] [ThreadPoolExecutor-5_1] 호출벨 데이터 수신: 5개
2026-08-21 10:44:11.533 [session=000420] [INFO] [MainThread] 호출벨-목적지 동기화 완료: 5개 호출벨
2026-08-21 10:44:11.533 [session=000420] [INFO] [MainThread] 목적지 리스트 반환: destinations=[Destination(name='로비', goal_pose=Pose(x=4.241336459631034, y=-2.361104203714551, qw=0.5097087478206948, qz=0.8603470185890456), bell=Bells(treatment='', suction='64012cd7'), idx=0, color='#e53935'), Destination(name='수술실', goal_pose=Pose(x=4.5199271819089395, y=-3.9219605026851503, qw=0.14533446519134308, qz=-0.9893825818294691), bell=Bells(treatment='', suction='64132cd7'), idx=1, color='#e53935'), Destination(name='진료실', goal_pose=Pose(x=0.11980823444488001, y=-3.735511450600503, qw=0.9963649848510123, qz=0.0851869530083222), bell=Bells(treatment='', suction='64252cd7'), idx=2, color='#e53935'), Destination(name='창고', goal_pose=Pose(x=0.2834625688692579, y=-6.793061814598156, qw=0.5257961572167338, qz=0.850610604834031), bell=Bells(treatment='', suction='64372cd7'), idx=3, color='#e53935'), Destination(name='소독실', goal_pose=Pose(x=-3.4045695907217928, y=-7.611793760201744, qw=0.546869706461766, qz=0.8372177280459497), bell=Bells(treatment='', suction='64492cd7'), idx=4, color='#e53935')]
2026-08-21 10:44:11.533 [session=000420] [INFO] [MainThread] 호출벨 리스트 반환: callbells={'64012cd7': {'name': '호출벨 1', 'usage': 'suction', 'destination': '로비'}, '64132cd7': {'name': '호출벨 2', 'usage': 'suction', 'destination': '수술실'}, '64252cd7': {'name': '호출벨 3', 'usage': 'suction', 'destination': '진료실'}, '64372cd7': {'name': '호출벨 4', 'usage': 'suction', 'destination': '창고'}, '64492cd7': {'name': '호출벨 5', 'usage': 'suction', 'destination': '소독실'}}, robot_usages=['treatment', 'suction']
2026-08-21 10:44:11.533 [session=000420] [INFO] [MainThread] 호출벨 리스트 로드: 5개
2026-08-21 10:44:11.534 [session=000420] [INFO] [MainThread] 호출벨 목록 동일 - UI 재생성 생략
2026-08-21 10:44:11.534 [session=000420] [INFO] [MainThread] 호출벨용 용도 목록 로드 요청
2026-08-21 10:44:11.534 [session=000420] [INFO] [MainThread] 호출벨에 용도 목록 전달: 2개
2026-08-21 10:44:11.534 [session=000420] [INFO] [MainThread] 용도 목록 로드: 2개
2026-08-21 10:44:11.534 [session=000420] [INFO] [MainThread] 목적지 목록 로드: 5개
2026-08-21 10:44:11.534 [session=000420] [INFO] [MainThread] 호출벨 관리에 목적지 목록 전달: 5개
2026-08-21 10:44:11.539 [session=000420] [INFO] [MainThread] My IP : 192.168.104.212
2026-08-21 10:44:15.490 [session=000420] [INFO] [MainThread] [MAIN_THREAD_HEARTBEAT] GUI main thread alive: thread=MainThread
2026-08-21 10:44:20.489 [session=000420] [INFO] [MainThread] [MAIN_THREAD_HEARTBEAT] GUI main thread alive: thread=MainThread
2026-08-21 10:44:21.379 [session=000420] [INFO] [SSE-SSE_BATTERY_LOW_SHUTDOWN] [SSE_DIAG] connect attempt tag=SSE_BATTERY_LOW_SHUTDOWN, reconnect=34, url=http://localhost:8080/robot_ec2b/events/battery/low_shutdown
2026-08-21 10:44:21.394 [session=000420] [INFO] [SSE-SSE_BATTERY_LOW_SHUTDOWN] [SSE_DIAG] connected tag=SSE_BATTERY_LOW_SHUTDOWN, status=404, reason=Not Found, elapsed=0.01s, content_type=application/json, url=http://localhost:8080/robot_ec2b/events/battery/low_shutdown
2026-08-21 10:44:21.395 [session=000420] [ERROR] [SSE-SSE_BATTERY_LOW_SHUTDOWN] [SSE_DIAG] non-200 response tag=SSE_BATTERY_LOW_SHUTDOWN, status=404, reason=Not Found, url=http://localhost:8080/robot_ec2b/events/battery/low_shutdown
2026-08-21 10:44:21.399 [session=000420] [INFO] [SSE-SSE_BATTERY_LOW_SHUTDOWN] [SSE_DIAG] reconnect wait tag=SSE_BATTERY_LOW_SHUTDOWN, delay=10s, reconnect=35, reason=HTTP 404, url=http://localhost:8080/robot_ec2b/events/battery/low_shutdown
2026-08-21 10:44:21.492 [session=000420] [DEBUG] [RestApiThread] GetCallBellFromRESTAPI 요청 시작
2026-08-21 10:44:21.494 [session=000420] [DEBUG] [RestApiThread] _get_data: 요청 시작 - tag: REST_API_TAG.GET_CALLBELL, url: http://localhost:8080/robot_ec2b/callbell
2026-08-21 10:44:21.499 [session=000420] [DEBUG] [RestApiThread] _get_data: 요청 전송 완료 - tag: REST_API_TAG.GET_CALLBELL, timeout: 30000ms
2026-08-21 10:44:21.506 [session=000420] [INFO] [MainThread] model_manager set_destinations: unchanged (5 items) - emit skipped
2026-08-21 10:44:21.511 [session=000420] [DEBUG] [RestApiThread] _handle_response 호출됨 - tag: REST_API_TAG.GET_CALLBELL, status_code: 200
2026-08-21 10:44:21.512 [session=000420] [INFO] [ThreadPoolExecutor-5_0] 호출벨 데이터 수신: 5개
2026-08-21 10:44:21.513 [session=000420] [INFO] [MainThread] 호출벨-목적지 동기화 완료: 5개 호출벨
2026-08-21 10:44:21.514 [session=000420] [INFO] [MainThread] 목적지 리스트 반환: destinations=[Destination(name='로비', goal_pose=Pose(x=4.241336459631034, y=-2.361104203714551, qw=0.5097087478206948, qz=0.8603470185890456), bell=Bells(treatment='', suction='64012cd7'), idx=0, color='#e53935'), Destination(name='수술실', goal_pose=Pose(x=4.5199271819089395, y=-3.9219605026851503, qw=0.14533446519134308, qz=-0.9893825818294691), bell=Bells(treatment='', suction='64132cd7'), idx=1, color='#e53935'), Destination(name='진료실', goal_pose=Pose(x=0.11980823444488001, y=-3.735511450600503, qw=0.9963649848510123, qz=0.0851869530083222), bell=Bells(treatment='', suction='64252cd7'), idx=2, color='#e53935'), Destination(name='창고', goal_pose=Pose(x=0.2834625688692579, y=-6.793061814598156, qw=0.5257961572167338, qz=0.850610604834031), bell=Bells(treatment='', suction='64372cd7'), idx=3, color='#e53935'), Destination(name='소독실', goal_pose=Pose(x=-3.4045695907217928, y=-7.611793760201744, qw=0.546869706461766, qz=0.8372177280459497), bell=Bells(treatment='', suction='64492cd7'), idx=4, color='#e53935')]
2026-08-21 10:44:21.514 [session=000420] [INFO] [MainThread] 호출벨 리스트 반환: callbells={'64012cd7': {'name': '호출벨 1', 'usage': 'suction', 'destination': '로비'}, '64132cd7': {'name': '호출벨 2', 'usage': 'suction', 'destination': '수술실'}, '64252cd7': {'name': '호출벨 3', 'usage': 'suction', 'destination': '진료실'}, '64372cd7': {'name': '호출벨 4', 'usage': 'suction', 'destination': '창고'}, '64492cd7': {'name': '호출벨 5', 'usage': 'suction', 'destination': '소독실'}}, robot_usages=['treatment', 'suction']
2026-08-21 10:44:21.514 [session=000420] [INFO] [MainThread] 호출벨 리스트 로드: 5개
2026-08-21 10:44:21.515 [session=000420] [INFO] [MainThread] 호출벨 목록 동일 - UI 재생성 생략
2026-08-21 10:44:21.515 [session=000420] [INFO] [MainThread] 호출벨용 용도 목록 로드 요청
2026-08-21 10:44:21.516 [session=000420] [INFO] [MainThread] 호출벨에 용도 목록 전달: 2개
2026-08-21 10:44:21.518 [session=000420] [INFO] [MainThread] 용도 목록 로드: 2개
2026-08-21 10:44:21.519 [session=000420] [INFO] [MainThread] 목적지 목록 로드: 5개
2026-08-21 10:44:21.520 [session=000420] [INFO] [MainThread] 호출벨 관리에 목적지 목록 전달: 5개
2026-08-21 10:44:21.527 [session=000420] [INFO] [MainThread] My IP : 192.168.104.212
2026-08-21 10:44:25.489 [session=000420] [INFO] [MainThread] [MAIN_THREAD_HEARTBEAT] GUI main thread alive: thread=MainThread
2026-08-21 10:44:30.489 [session=000420] [INFO] [MainThread] [MAIN_THREAD_HEARTBEAT] GUI main thread alive: thread=MainThread
2026-08-21 10:44:31.404 [session=000420] [INFO] [SSE-SSE_BATTERY_LOW_SHUTDOWN] [SSE_DIAG] connect attempt tag=SSE_BATTERY_LOW_SHUTDOWN, reconnect=35, url=http://localhost:8080/robot_ec2b/events/battery/low_shutdown
2026-08-21 10:44:31.435 [session=000420] [INFO] [SSE-SSE_BATTERY_LOW_SHUTDOWN] [SSE_DIAG] connected tag=SSE_BATTERY_LOW_SHUTDOWN, status=404, reason=Not Found, elapsed=0.03s, content_type=application/json, url=http://localhost:8080/robot_ec2b/events/battery/low_shutdown
2026-08-21 10:44:31.435 [session=000420] [ERROR] [SSE-SSE_BATTERY_LOW_SHUTDOWN] [SSE_DIAG] non-200 response tag=SSE_BATTERY_LOW_SHUTDOWN, status=404, reason=Not Found, url=http://localhost:8080/robot_ec2b/events/battery/low_shutdown
2026-08-21 10:44:31.438 [session=000420] [INFO] [SSE-SSE_BATTERY_LOW_SHUTDOWN] [SSE_DIAG] reconnect wait tag=SSE_BATTERY_LOW_SHUTDOWN, delay=10s, reconnect=36, reason=HTTP 404, url=http://localhost:8080/robot_ec2b/events/battery/low_shutdown
2026-08-21 10:44:31.492 [session=000420] [DEBUG] [RestApiThread] GetCallBellFromRESTAPI 요청 시작
2026-08-21 10:44:31.493 [session=000420] [DEBUG] [RestApiThread] _get_data: 요청 시작 - tag: REST_API_TAG.GET_CALLBELL, url: http://localhost:8080/robot_ec2b/callbell
2026-08-21 10:44:31.503 [session=000420] [DEBUG] [RestApiThread] _get_data: 요청 전송 완료 - tag: REST_API_TAG.GET_CALLBELL, timeout: 30000ms
2026-08-21 10:44:31.510 [session=000420] [INFO] [MainThread] model_manager set_destinations: unchanged (5 items) - emit skipped
2026-08-21 10:44:31.525 [session=000420] [INFO] [MainThread] My IP : 192.168.104.212
2026-08-21 10:44:31.533 [session=000420] [DEBUG] [RestApiThread] _handle_response 호출됨 - tag: REST_API_TAG.GET_CALLBELL, status_code: 200
2026-08-21 10:44:31.534 [session=000420] [INFO] [ThreadPoolExecutor-5_1] 호출벨 데이터 수신: 5개
2026-08-21 10:44:31.536 [session=000420] [INFO] [MainThread] 호출벨-목적지 동기화 완료: 5개 호출벨
2026-08-21 10:44:31.537 [session=000420] [INFO] [MainThread] 목적지 리스트 반환: destinations=[Destination(name='로비', goal_pose=Pose(x=4.241336459631034, y=-2.361104203714551, qw=0.5097087478206948, qz=0.8603470185890456), bell=Bells(treatment='', suction='64012cd7'), idx=0, color='#e53935'), Destination(name='수술실', goal_pose=Pose(x=4.5199271819089395, y=-3.9219605026851503, qw=0.14533446519134308, qz=-0.9893825818294691), bell=Bells(treatment='', suction='64132cd7'), idx=1, color='#e53935'), Destination(name='진료실', goal_pose=Pose(x=0.11980823444488001, y=-3.735511450600503, qw=0.9963649848510123, qz=0.0851869530083222), bell=Bells(treatment='', suction='64252cd7'), idx=2, color='#e53935'), Destination(name='창고', goal_pose=Pose(x=0.2834625688692579, y=-6.793061814598156, qw=0.5257961572167338, qz=0.850610604834031), bell=Bells(treatment='', suction='64372cd7'), idx=3, color='#e53935'), Destination(name='소독실', goal_pose=Pose(x=-3.4045695907217928, y=-7.611793760201744, qw=0.546869706461766, qz=0.8372177280459497), bell=Bells(treatment='', suction='64492cd7'), idx=4, color='#e53935')]
2026-08-21 10:44:31.537 [session=000420] [INFO] [MainThread] 호출벨 리스트 반환: callbells={'64012cd7': {'name': '호출벨 1', 'usage': 'suction', 'destination': '로비'}, '64132cd7': {'name': '호출벨 2', 'usage': 'suction', 'destination': '수술실'}, '64252cd7': {'name': '호출벨 3', 'usage': 'suction', 'destination': '진료실'}, '64372cd7': {'name': '호출벨 4', 'usage': 'suction', 'destination': '창고'}, '64492cd7': {'name': '호출벨 5', 'usage': 'suction', 'destination': '소독실'}}, robot_usages=['treatment', 'suction']
2026-08-21 10:44:31.537 [session=000420] [INFO] [MainThread] 호출벨 리스트 로드: 5개
2026-08-21 10:44:31.537 [session=000420] [INFO] [MainThread] 호출벨 목록 동일 - UI 재생성 생략
2026-08-21 10:44:31.538 [session=000420] [INFO] [MainThread] 호출벨용 용도 목록 로드 요청
2026-08-21 10:44:31.538 [session=000420] [INFO] [MainThread] 호출벨에 용도 목록 전달: 2개
2026-08-21 10:44:31.538 [session=000420] [INFO] [MainThread] 용도 목록 로드: 2개
2026-08-21 10:44:31.538 [session=000420] [INFO] [MainThread] 목적지 목록 로드: 5개
2026-08-21 10:44:31.538 [session=000420] [INFO] [MainThread] 호출벨 관리에 목적지 목록 전달: 5개
2026-08-21 10:44:35.489 [session=000420] [INFO] [MainThread] [MAIN_THREAD_HEARTBEAT] GUI main thread alive: thread=MainThread
2026-08-21 10:44:40.489 [session=000420] [INFO] [MainThread] [MAIN_THREAD_HEARTBEAT] GUI main thread alive: thread=MainThread
2026-08-21 10:44:41.440 [session=000420] [INFO] [SSE-SSE_BATTERY_LOW_SHUTDOWN] [SSE_DIAG] connect attempt tag=SSE_BATTERY_LOW_SHUTDOWN, reconnect=36, url=http://localhost:8080/robot_ec2b/events/battery/low_shutdown
2026-08-21 10:44:41.453 [session=000420] [INFO] [SSE-SSE_BATTERY_LOW_SHUTDOWN] [SSE_DIAG] connected tag=SSE_BATTERY_LOW_SHUTDOWN, status=404, reason=Not Found, elapsed=0.01s, content_type=application/json, url=http://localhost:8080/robot_ec2b/events/battery/low_shutdown
2026-08-21 10:44:41.457 [session=000420] [ERROR] [SSE-SSE_BATTERY_LOW_SHUTDOWN] [SSE_DIAG] non-200 response tag=SSE_BATTERY_LOW_SHUTDOWN, status=404, reason=Not Found, url=http://localhost:8080/robot_ec2b/events/battery/low_shutdown
2026-08-21 10:44:41.460 [session=000420] [INFO] [SSE-SSE_BATTERY_LOW_SHUTDOWN] [SSE_DIAG] reconnect wait tag=SSE_BATTERY_LOW_SHUTDOWN, delay=10s, reconnect=37, reason=HTTP 404, url=http://localhost:8080/robot_ec2b/events/battery/low_shutdown
2026-08-21 10:44:41.493 [session=000420] [DEBUG] [RestApiThread] GetCallBellFromRESTAPI 요청 시작
2026-08-21 10:44:41.493 [session=000420] [DEBUG] [RestApiThread] _get_data: 요청 시작 - tag: REST_API_TAG.GET_CALLBELL, url: http://localhost:8080/robot_ec2b/callbell
2026-08-21 10:44:41.495 [session=000420] [DEBUG] [RestApiThread] _get_data: 요청 전송 완료 - tag: REST_API_TAG.GET_CALLBELL, timeout: 30000ms
2026-08-21 10:44:41.509 [session=000420] [INFO] [MainThread] model_manager set_destinations: unchanged (5 items) - emit skipped
2026-08-21 10:44:41.527 [session=000420] [INFO] [MainThread] My IP : 192.168.104.212
2026-08-21 10:44:41.532 [session=000420] [INFO] [browser-music-sync_0] [BROWSER_MUSIC_SYNC] event=catalog_fetch_started master_base_url=http://127.0.0.1:5051
2026-08-21 10:44:41.561 [session=000420] [DEBUG] [RestApiThread] _handle_response 호출됨 - tag: REST_API_TAG.GET_CALLBELL, status_code: 200
2026-08-21 10:44:41.567 [session=000420] [INFO] [browser-music-sync_0] [BROWSER_MUSIC_SYNC] event=catalog_fetch_succeeded master_base_url=http://127.0.0.1:5051 item_count=3
2026-08-21 10:44:41.568 [session=000420] [INFO] [ThreadPoolExecutor-5_0] 호출벨 데이터 수신: 5개
2026-08-21 10:44:41.570 [session=000420] [INFO] [MainThread] 호출벨-목적지 동기화 완료: 5개 호출벨
2026-08-21 10:44:41.571 [session=000420] [INFO] [MainThread] 목적지 리스트 반환: destinations=[Destination(name='로비', goal_pose=Pose(x=4.241336459631034, y=-2.361104203714551, qw=0.5097087478206948, qz=0.8603470185890456), bell=Bells(treatment='', suction='64012cd7'), idx=0, color='#e53935'), Destination(name='수술실', goal_pose=Pose(x=4.5199271819089395, y=-3.9219605026851503, qw=0.14533446519134308, qz=-0.9893825818294691), bell=Bells(treatment='', suction='64132cd7'), idx=1, color='#e53935'), Destination(name='진료실', goal_pose=Pose(x=0.11980823444488001, y=-3.735511450600503, qw=0.9963649848510123, qz=0.0851869530083222), bell=Bells(treatment='', suction='64252cd7'), idx=2, color='#e53935'), Destination(name='창고', goal_pose=Pose(x=0.2834625688692579, y=-6.793061814598156, qw=0.5257961572167338, qz=0.850610604834031), bell=Bells(treatment='', suction='64372cd7'), idx=3, color='#e53935'), Destination(name='소독실', goal_pose=Pose(x=-3.4045695907217928, y=-7.611793760201744, qw=0.546869706461766, qz=0.8372177280459497), bell=Bells(treatment='', suction='64492cd7'), idx=4, color='#e53935')]
2026-08-21 10:44:41.571 [session=000420] [INFO] [MainThread] 호출벨 리스트 반환: callbells={'64012cd7': {'name': '호출벨 1', 'usage': 'suction', 'destination': '로비'}, '64132cd7': {'name': '호출벨 2', 'usage': 'suction', 'destination': '수술실'}, '64252cd7': {'name': '호출벨 3', 'usage': 'suction', 'destination': '진료실'}, '64372cd7': {'name': '호출벨 4', 'usage': 'suction', 'destination': '창고'}, '64492cd7': {'name': '호출벨 5', 'usage': 'suction', 'destination': '소독실'}}, robot_usages=['treatment', 'suction']
2026-08-21 10:44:41.571 [session=000420] [INFO] [MainThread] 호출벨 리스트 로드: 5개
2026-08-21 10:44:41.572 [session=000420] [INFO] [MainThread] 호출벨 목록 동일 - UI 재생성 생략
2026-08-21 10:44:41.572 [session=000420] [INFO] [MainThread] 호출벨용 용도 목록 로드 요청
2026-08-21 10:44:41.572 [session=000420] [INFO] [MainThread] 호출벨에 용도 목록 전달: 2개
2026-08-21 10:44:41.572 [session=000420] [INFO] [MainThread] 용도 목록 로드: 2개
2026-08-21 10:44:41.572 [session=000420] [INFO] [MainThread] 목적지 목록 로드: 5개
2026-08-21 10:44:41.572 [session=000420] [INFO] [MainThread] 호출벨 관리에 목적지 목록 전달: 5개
2026-08-21 10:44:41.575 [session=000420] [INFO] [RestApiThread] [REST API] 배경 음악 GET 전송: operation=selection_get, url=http://127.0.0.1:5051/api/voice-event-settings/background-music?robot_id=robot_ec2b
2026-08-21 10:44:41.576 [session=000420] [INFO] [RestApiThread] [REST API] 배경 음악 GET 전송: operation=resolved_get, url=http://127.0.0.1:5051/api/voice-event-settings/resolved?robot_id=robot_ec2b
2026-08-21 10:44:41.598 [session=000420] [DEBUG] [RestApiThread] _handle_response 호출됨 - tag: REST_API_TAG.GET_BACKGROUND_MUSIC_SETTING, status_code: 200
2026-08-21 10:44:41.602 [session=000420] [DEBUG] [RestApiThread] _handle_response 호출됨 - tag: REST_API_TAG.GET_RESOLVED_BACKGROUND_MUSIC, status_code: 200
2026-08-21 10:44:45.489 [session=000420] [INFO] [MainThread] [MAIN_THREAD_HEARTBEAT] GUI main thread alive: thread=MainThread
2026-08-21 10:44:50.489 [session=000420] [INFO] [MainThread] [MAIN_THREAD_HEARTBEAT] GUI main thread alive: thread=MainThread
2026-08-21 10:44:51.462 [session=000420] [INFO] [SSE-SSE_BATTERY_LOW_SHUTDOWN] [SSE_DIAG] connect attempt tag=SSE_BATTERY_LOW_SHUTDOWN, reconnect=37, url=http://localhost:8080/robot_ec2b/events/battery/low_shutdown
2026-08-21 10:44:51.476 [session=000420] [INFO] [SSE-SSE_BATTERY_LOW_SHUTDOWN] [SSE_DIAG] connected tag=SSE_BATTERY_LOW_SHUTDOWN, status=404, reason=Not Found, elapsed=0.01s, content_type=application/json, url=http://localhost:8080/robot_ec2b/events/battery/low_shutdown
2026-08-21 10:44:51.476 [session=000420] [ERROR] [SSE-SSE_BATTERY_LOW_SHUTDOWN] [SSE_DIAG] non-200 response tag=SSE_BATTERY_LOW_SHUTDOWN, status=404, reason=Not Found, url=http://localhost:8080/robot_ec2b/events/battery/low_shutdown
2026-08-21 10:44:51.478 [session=000420] [INFO] [SSE-SSE_BATTERY_LOW_SHUTDOWN] [SSE_DIAG] reconnect wait tag=SSE_BATTERY_LOW_SHUTDOWN, delay=10s, reconnect=38, reason=HTTP 404, url=http://localhost:8080/robot_ec2b/events/battery/low_shutdown
2026-08-21 10:44:51.491 [session=000420] [DEBUG] [RestApiThread] GetCallBellFromRESTAPI 요청 시작
2026-08-21 10:44:51.493 [session=000420] [DEBUG] [RestApiThread] _get_data: 요청 시작 - tag: REST_API_TAG.GET_CALLBELL, url: http://localhost:8080/robot_ec2b/callbell
2026-08-21 10:44:51.506 [session=000420] [DEBUG] [RestApiThread] _get_data: 요청 전송 완료 - tag: REST_API_TAG.GET_CALLBELL, timeout: 30000ms
2026-08-21 10:44:51.513 [session=000420] [INFO] [MainThread] model_manager set_destinations: unchanged (5 items) - emit skipped
2026-08-21 10:44:51.516 [session=000420] [DEBUG] [RestApiThread] _handle_response 호출됨 - tag: REST_API_TAG.GET_CALLBELL, status_code: 200
2026-08-21 10:44:51.518 [session=000420] [INFO] [ThreadPoolExecutor-5_0] 호출벨 데이터 수신: 5개
2026-08-21 10:44:51.519 [session=000420] [INFO] [MainThread] 호출벨-목적지 동기화 완료: 5개 호출벨
2026-08-21 10:44:51.520 [session=000420] [INFO] [MainThread] 목적지 리스트 반환: destinations=[Destination(name='로비', goal_pose=Pose(x=4.241336459631034, y=-2.361104203714551, qw=0.5097087478206948, qz=0.8603470185890456), bell=Bells(treatment='', suction='64012cd7'), idx=0, color='#e53935'), Destination(name='수술실', goal_pose=Pose(x=4.5199271819089395, y=-3.9219605026851503, qw=0.14533446519134308, qz=-0.9893825818294691), bell=Bells(treatment='', suction='64132cd7'), idx=1, color='#e53935'), Destination(name='진료실', goal_pose=Pose(x=0.11980823444488001, y=-3.735511450600503, qw=0.9963649848510123, qz=0.0851869530083222), bell=Bells(treatment='', suction='64252cd7'), idx=2, color='#e53935'), Destination(name='창고', goal_pose=Pose(x=0.2834625688692579, y=-6.793061814598156, qw=0.5257961572167338, qz=0.850610604834031), bell=Bells(treatment='', suction='64372cd7'), idx=3, color='#e53935'), Destination(name='소독실', goal_pose=Pose(x=-3.4045695907217928, y=-7.611793760201744, qw=0.546869706461766, qz=0.8372177280459497), bell=Bells(treatment='', suction='64492cd7'), idx=4, color='#e53935')]
2026-08-21 10:44:51.520 [session=000420] [INFO] [MainThread] 호출벨 리스트 반환: callbells={'64012cd7': {'name': '호출벨 1', 'usage': 'suction', 'destination': '로비'}, '64132cd7': {'name': '호출벨 2', 'usage': 'suction', 'destination': '수술실'}, '64252cd7': {'name': '호출벨 3', 'usage': 'suction', 'destination': '진료실'}, '64372cd7': {'name': '호출벨 4', 'usage': 'suction', 'destination': '창고'}, '64492cd7': {'name': '호출벨 5', 'usage': 'suction', 'destination': '소독실'}}, robot_usages=['treatment', 'suction']
2026-08-21 10:44:51.520 [session=000420] [INFO] [MainThread] 호출벨 리스트 로드: 5개
2026-08-21 10:44:51.521 [session=000420] [INFO] [MainThread] 호출벨 목록 동일 - UI 재생성 생략
2026-08-21 10:44:51.521 [session=000420] [INFO] [MainThread] 호출벨용 용도 목록 로드 요청
2026-08-21 10:44:51.521 [session=000420] [INFO] [MainThread] 호출벨에 용도 목록 전달: 2개
2026-08-21 10:44:51.521 [session=000420] [INFO] [MainThread] 용도 목록 로드: 2개
2026-08-21 10:44:51.522 [session=000420] [INFO] [MainThread] 목적지 목록 로드: 5개
2026-08-21 10:44:51.522 [session=000420] [INFO] [MainThread] 호출벨 관리에 목적지 목록 전달: 5개
2026-08-21 10:44:51.527 [session=000420] [INFO] [MainThread] My IP : 192.168.104.212
2026-08-21 10:44:55.491 [session=000420] [INFO] [MainThread] [MAIN_THREAD_HEARTBEAT] GUI main thread alive: thread=MainThread
2026-08-21 10:45:00.489 [session=000420] [INFO] [MainThread] [MAIN_THREAD_HEARTBEAT] GUI main thread alive: thread=MainThread
2026-08-21 10:45:01.480 [session=000420] [INFO] [SSE-SSE_BATTERY_LOW_SHUTDOWN] [SSE_DIAG] connect attempt tag=SSE_BATTERY_LOW_SHUTDOWN, reconnect=38, url=http://localhost:8080/robot_ec2b/events/battery/low_shutdown
2026-08-21 10:45:01.492 [session=000420] [DEBUG] [RestApiThread] GetCallBellFromRESTAPI 요청 시작
2026-08-21 10:45:01.500 [session=000420] [DEBUG] [RestApiThread] _get_data: 요청 시작 - tag: REST_API_TAG.GET_CALLBELL, url: http://localhost:8080/robot_ec2b/callbell
2026-08-21 10:45:01.494 [session=000420] [INFO] [SSE-SSE_BATTERY_LOW_SHUTDOWN] [SSE_DIAG] connected tag=SSE_BATTERY_LOW_SHUTDOWN, status=404, reason=Not Found, elapsed=0.01s, content_type=application/json, url=http://localhost:8080/robot_ec2b/events/battery/low_shutdown
2026-08-21 10:45:01.511 [session=000420] [DEBUG] [RestApiThread] _get_data: 요청 전송 완료 - tag: REST_API_TAG.GET_CALLBELL, timeout: 30000ms
2026-08-21 10:45:01.511 [session=000420] [ERROR] [SSE-SSE_BATTERY_LOW_SHUTDOWN] [SSE_DIAG] non-200 response tag=SSE_BATTERY_LOW_SHUTDOWN, status=404, reason=Not Found, url=http://localhost:8080/robot_ec2b/events/battery/low_shutdown
2026-08-21 10:45:01.518 [session=000420] [INFO] [SSE-SSE_BATTERY_LOW_SHUTDOWN] [SSE_DIAG] reconnect wait tag=SSE_BATTERY_LOW_SHUTDOWN, delay=10s, reconnect=39, reason=HTTP 404, url=http://localhost:8080/robot_ec2b/events/battery/low_shutdown
2026-08-21 10:45:01.519 [session=000420] [DEBUG] [RestApiThread] _handle_response 호출됨 - tag: REST_API_TAG.GET_CALLBELL, status_code: 200
2026-08-21 10:45:01.522 [session=000420] [INFO] [ThreadPoolExecutor-5_1] 호출벨 데이터 수신: 5개
2026-08-21 10:45:01.515 [session=000420] [INFO] [MainThread] model_manager set_destinations: unchanged (5 items) - emit skipped
2026-08-21 10:45:01.525 [session=000420] [INFO] [MainThread] 호출벨-목적지 동기화 완료: 5개 호출벨
2026-08-21 10:45:01.525 [session=000420] [INFO] [MainThread] 목적지 리스트 반환: destinations=[Destination(name='로비', goal_pose=Pose(x=4.241336459631034, y=-2.361104203714551, qw=0.5097087478206948, qz=0.8603470185890456), bell=Bells(treatment='', suction='64012cd7'), idx=0, color='#e53935'), Destination(name='수술실', goal_pose=Pose(x=4.5199271819089395, y=-3.9219605026851503, qw=0.14533446519134308, qz=-0.9893825818294691), bell=Bells(treatment='', suction='64132cd7'), idx=1, color='#e53935'), Destination(name='진료실', goal_pose=Pose(x=0.11980823444488001, y=-3.735511450600503, qw=0.9963649848510123, qz=0.0851869530083222), bell=Bells(treatment='', suction='64252cd7'), idx=2, color='#e53935'), Destination(name='창고', goal_pose=Pose(x=0.2834625688692579, y=-6.793061814598156, qw=0.5257961572167338, qz=0.850610604834031), bell=Bells(treatment='', suction='64372cd7'), idx=3, color='#e53935'), Destination(name='소독실', goal_pose=Pose(x=-3.4045695907217928, y=-7.611793760201744, qw=0.546869706461766, qz=0.8372177280459497), bell=Bells(treatment='', suction='64492cd7'), idx=4, color='#e53935')]
2026-08-21 10:45:01.526 [session=000420] [INFO] [MainThread] 호출벨 리스트 반환: callbells={'64012cd7': {'name': '호출벨 1', 'usage': 'suction', 'destination': '로비'}, '64132cd7': {'name': '호출벨 2', 'usage': 'suction', 'destination': '수술실'}, '64252cd7': {'name': '호출벨 3', 'usage': 'suction', 'destination': '진료실'}, '64372cd7': {'name': '호출벨 4', 'usage': 'suction', 'destination': '창고'}, '64492cd7': {'name': '호출벨 5', 'usage': 'suction', 'destination': '소독실'}}, robot_usages=['treatment', 'suction']
2026-08-21 10:45:01.526 [session=000420] [INFO] [MainThread] 호출벨 리스트 로드: 5개
2026-08-21 10:45:01.526 [session=000420] [INFO] [MainThread] 호출벨 목록 동일 - UI 재생성 생략
2026-08-21 10:45:01.526 [session=000420] [INFO] [MainThread] 호출벨용 용도 목록 로드 요청
2026-08-21 10:45:01.526 [session=000420] [INFO] [MainThread] 호출벨에 용도 목록 전달: 2개
2026-08-21 10:45:01.531 [session=000420] [INFO] [MainThread] 용도 목록 로드: 2개
2026-08-21 10:45:01.532 [session=000420] [INFO] [MainThread] 목적지 목록 로드: 5개
2026-08-21 10:45:01.533 [session=000420] [INFO] [MainThread] 호출벨 관리에 목적지 목록 전달: 5개
2026-08-21 10:45:01.538 [session=000420] [INFO] [MainThread] My IP : 192.168.104.212
2026-08-21 10:45:05.490 [session=000420] [INFO] [MainThread] [MAIN_THREAD_HEARTBEAT] GUI main thread alive: thread=MainThread
2026-08-21 10:45:10.491 [session=000420] [INFO] [MainThread] [MAIN_THREAD_HEARTBEAT] GUI main thread alive: thread=MainThread
2026-08-21 10:45:11.491 [session=000420] [DEBUG] [RestApiThread] GetCallBellFromRESTAPI 요청 시작
2026-08-21 10:45:11.491 [session=000420] [DEBUG] [RestApiThread] _get_data: 요청 시작 - tag: REST_API_TAG.GET_CALLBELL, url: http://localhost:8080/robot_ec2b/callbell
2026-08-21 10:45:11.504 [session=000420] [DEBUG] [RestApiThread] _get_data: 요청 전송 완료 - tag: REST_API_TAG.GET_CALLBELL, timeout: 30000ms
2026-08-21 10:45:11.513 [session=000420] [INFO] [MainThread] model_manager set_destinations: unchanged (5 items) - emit skipped
2026-08-21 10:45:11.519 [session=000420] [INFO] [SSE-SSE_BATTERY_LOW_SHUTDOWN] [SSE_DIAG] connect attempt tag=SSE_BATTERY_LOW_SHUTDOWN, reconnect=39, url=http://localhost:8080/robot_ec2b/events/battery/low_shutdown
2026-08-21 10:45:11.526 [session=000420] [DEBUG] [RestApiThread] _handle_response 호출됨 - tag: REST_API_TAG.GET_CALLBELL, status_code: 200
2026-08-21 10:45:11.527 [session=000420] [INFO] [ThreadPoolExecutor-5_0] 호출벨 데이터 수신: 5개
2026-08-21 10:45:11.529 [session=000420] [INFO] [MainThread] 호출벨-목적지 동기화 완료: 5개 호출벨
2026-08-21 10:45:11.532 [session=000420] [INFO] [SSE-SSE_BATTERY_LOW_SHUTDOWN] [SSE_DIAG] connected tag=SSE_BATTERY_LOW_SHUTDOWN, status=404, reason=Not Found, elapsed=0.01s, content_type=application/json, url=http://localhost:8080/robot_ec2b/events/battery/low_shutdown
2026-08-21 10:45:11.533 [session=000420] [INFO] [MainThread] 목적지 리스트 반환: destinations=[Destination(name='로비', goal_pose=Pose(x=4.241336459631034, y=-2.361104203714551, qw=0.5097087478206948, qz=0.8603470185890456), bell=Bells(treatment='', suction='64012cd7'), idx=0, color='#e53935'), Destination(name='수술실', goal_pose=Pose(x=4.5199271819089395, y=-3.9219605026851503, qw=0.14533446519134308, qz=-0.9893825818294691), bell=Bells(treatment='', suction='64132cd7'), idx=1, color='#e53935'), Destination(name='진료실', goal_pose=Pose(x=0.11980823444488001, y=-3.735511450600503, qw=0.9963649848510123, qz=0.0851869530083222), bell=Bells(treatment='', suction='64252cd7'), idx=2, color='#e53935'), Destination(name='창고', goal_pose=Pose(x=0.2834625688692579, y=-6.793061814598156, qw=0.5257961572167338, qz=0.850610604834031), bell=Bells(treatment='', suction='64372cd7'), idx=3, color='#e53935'), Destination(name='소독실', goal_pose=Pose(x=-3.4045695907217928, y=-7.611793760201744, qw=0.546869706461766, qz=0.8372177280459497), bell=Bells(treatment='', suction='64492cd7'), idx=4, color='#e53935')]
2026-08-21 10:45:11.537 [session=000420] [ERROR] [SSE-SSE_BATTERY_LOW_SHUTDOWN] [SSE_DIAG] non-200 response tag=SSE_BATTERY_LOW_SHUTDOWN, status=404, reason=Not Found, url=http://localhost:8080/robot_ec2b/events/battery/low_shutdown
2026-08-21 10:45:11.537 [session=000420] [INFO] [MainThread] 호출벨 리스트 반환: callbells={'64012cd7': {'name': '호출벨 1', 'usage': 'suction', 'destination': '로비'}, '64132cd7': {'name': '호출벨 2', 'usage': 'suction', 'destination': '수술실'}, '64252cd7': {'name': '호출벨 3', 'usage': 'suction', 'destination': '진료실'}, '64372cd7': {'name': '호출벨 4', 'usage': 'suction', 'destination': '창고'}, '64492cd7': {'name': '호출벨 5', 'usage': 'suction', 'destination': '소독실'}}, robot_usages=['treatment', 'suction']
2026-08-21 10:45:11.538 [session=000420] [INFO] [SSE-SSE_BATTERY_LOW_SHUTDOWN] [SSE_DIAG] reconnect wait tag=SSE_BATTERY_LOW_SHUTDOWN, delay=10s, reconnect=40, reason=HTTP 404, url=http://localhost:8080/robot_ec2b/events/battery/low_shutdown
2026-08-21 10:45:11.539 [session=000420] [INFO] [MainThread] 호출벨 리스트 로드: 5개
2026-08-21 10:45:11.539 [session=000420] [INFO] [MainThread] 호출벨 목록 동일 - UI 재생성 생략
2026-08-21 10:45:11.540 [session=000420] [INFO] [MainThread] 호출벨용 용도 목록 로드 요청
2026-08-21 10:45:11.540 [session=000420] [INFO] [MainThread] 호출벨에 용도 목록 전달: 2개
2026-08-21 10:45:11.540 [session=000420] [INFO] [MainThread] 용도 목록 로드: 2개
2026-08-21 10:45:11.540 [session=000420] [INFO] [MainThread] 목적지 목록 로드: 5개
2026-08-21 10:45:11.540 [session=000420] [INFO] [MainThread] 호출벨 관리에 목적지 목록 전달: 5개
2026-08-21 10:45:11.541 [session=000420] [INFO] [MainThread] My IP : 192.168.104.212
2026-08-21 10:45:15.489 [session=000420] [INFO] [MainThread] [MAIN_THREAD_HEARTBEAT] GUI main thread alive: thread=MainThread
2026-08-21 10:45:20.489 [session=000420] [INFO] [MainThread] [MAIN_THREAD_HEARTBEAT] GUI main thread alive: thread=MainThread
2026-08-21 10:45:21.495 [session=000420] [DEBUG] [RestApiThread] GetCallBellFromRESTAPI 요청 시작
2026-08-21 10:45:21.506 [session=000420] [DEBUG] [RestApiThread] _get_data: 요청 시작 - tag: REST_API_TAG.GET_CALLBELL, url: http://localhost:8080/robot_ec2b/callbell
2026-08-21 10:45:21.507 [session=000420] [DEBUG] [RestApiThread] _get_data: 요청 전송 완료 - tag: REST_API_TAG.GET_CALLBELL, timeout: 30000ms
2026-08-21 10:45:21.511 [session=000420] [INFO] [RestApiThread] _handle_response (CYCLIC 정상) - tag: REST_API_TAG.GET_DESTINATIONS, status: 200, pending→1
2026-08-21 10:45:21.513 [session=000420] [INFO] [MainThread] model_manager set_destinations: unchanged (5 items) - emit skipped
2026-08-21 10:45:21.517 [session=000420] [DEBUG] [RestApiThread] _handle_response 호출됨 - tag: REST_API_TAG.GET_CALLBELL, status_code: 200
2026-08-21 10:45:21.522 [session=000420] [INFO] [ThreadPoolExecutor-5_1] 호출벨 데이터 수신: 5개
2026-08-21 10:45:21.525 [session=000420] [INFO] [MainThread] 호출벨-목적지 동기화 완료: 5개 호출벨
2026-08-21 10:45:21.526 [session=000420] [INFO] [MainThread] 목적지 리스트 반환: destinations=[Destination(name='로비', goal_pose=Pose(x=4.241336459631034, y=-2.361104203714551, qw=0.5097087478206948, qz=0.8603470185890456), bell=Bells(treatment='', suction='64012cd7'), idx=0, color='#e53935'), Destination(name='수술실', goal_pose=Pose(x=4.5199271819089395, y=-3.9219605026851503, qw=0.14533446519134308, qz=-0.9893825818294691), bell=Bells(treatment='', suction='64132cd7'), idx=1, color='#e53935'), Destination(name='진료실', goal_pose=Pose(x=0.11980823444488001, y=-3.735511450600503, qw=0.9963649848510123, qz=0.0851869530083222), bell=Bells(treatment='', suction='64252cd7'), idx=2, color='#e53935'), Destination(name='창고', goal_pose=Pose(x=0.2834625688692579, y=-6.793061814598156, qw=0.5257961572167338, qz=0.850610604834031), bell=Bells(treatment='', suction='64372cd7'), idx=3, color='#e53935'), Destination(name='소독실', goal_pose=Pose(x=-3.4045695907217928, y=-7.611793760201744, qw=0.546869706461766, qz=0.8372177280459497), bell=Bells(treatment='', suction='64492cd7'), idx=4, color='#e53935')]
2026-08-21 10:45:21.528 [session=000420] [INFO] [MainThread] 호출벨 리스트 반환: callbells={'64012cd7': {'name': '호출벨 1', 'usage': 'suction', 'destination': '로비'}, '64132cd7': {'name': '호출벨 2', 'usage': 'suction', 'destination': '수술실'}, '64252cd7': {'name': '호출벨 3', 'usage': 'suction', 'destination': '진료실'}, '64372cd7': {'name': '호출벨 4', 'usage': 'suction', 'destination': '창고'}, '64492cd7': {'name': '호출벨 5', 'usage': 'suction', 'destination': '소독실'}}, robot_usages=['treatment', 'suction']
2026-08-21 10:45:21.529 [session=000420] [INFO] [MainThread] 호출벨 리스트 로드: 5개
2026-08-21 10:45:21.529 [session=000420] [INFO] [MainThread] 호출벨 목록 동일 - UI 재생성 생략
2026-08-21 10:45:21.529 [session=000420] [INFO] [MainThread] 호출벨용 용도 목록 로드 요청
2026-08-21 10:45:21.531 [session=000420] [INFO] [MainThread] 호출벨에 용도 목록 전달: 2개
2026-08-21 10:45:21.531 [session=000420] [INFO] [MainThread] 용도 목록 로드: 2개
2026-08-21 10:45:21.531 [session=000420] [INFO] [MainThread] 목적지 목록 로드: 5개
2026-08-21 10:45:21.532 [session=000420] [INFO] [MainThread] 호출벨 관리에 목적지 목록 전달: 5개
2026-08-21 10:45:21.533 [session=000420] [INFO] [RestApiThread] _handle_response (CYCLIC 정상) - tag: REST_API_TAG.GET_MASTER_IP_ADDRESS, status: 200, pending→0
2026-08-21 10:45:21.537 [session=000420] [INFO] [MainThread] My IP : 192.168.104.212
2026-08-21 10:45:21.539 [session=000420] [INFO] [browser-music-sync_0] [BROWSER_MUSIC_SYNC] event=catalog_fetch_started master_base_url=http://127.0.0.1:5051
2026-08-21 10:45:21.540 [session=000420] [INFO] [SSE-SSE_BATTERY_LOW_SHUTDOWN] [SSE_DIAG] connect attempt tag=SSE_BATTERY_LOW_SHUTDOWN, reconnect=40, url=http://localhost:8080/robot_ec2b/events/battery/low_shutdown
2026-08-21 10:45:21.554 [session=000420] [INFO] [SSE-SSE_BATTERY_LOW_SHUTDOWN] [SSE_DIAG] connected tag=SSE_BATTERY_LOW_SHUTDOWN, status=404, reason=Not Found, elapsed=0.01s, content_type=application/json, url=http://localhost:8080/robot_ec2b/events/battery/low_shutdown
2026-08-21 10:45:21.554 [session=000420] [ERROR] [SSE-SSE_BATTERY_LOW_SHUTDOWN] [SSE_DIAG] non-200 response tag=SSE_BATTERY_LOW_SHUTDOWN, status=404, reason=Not Found, url=http://localhost:8080/robot_ec2b/events/battery/low_shutdown
2026-08-21 10:45:21.555 [session=000420] [INFO] [SSE-SSE_BATTERY_LOW_SHUTDOWN] [SSE_DIAG] reconnect wait tag=SSE_BATTERY_LOW_SHUTDOWN, delay=10s, reconnect=41, reason=HTTP 404, url=http://localhost:8080/robot_ec2b/events/battery/low_shutdown
2026-08-21 10:45:21.574 [session=000420] [INFO] [browser-music-sync_0] [BROWSER_MUSIC_SYNC] event=catalog_fetch_succeeded master_base_url=http://127.0.0.1:5051 item_count=3
2026-08-21 10:45:21.584 [session=000420] [INFO] [RestApiThread] [REST API] 배경 음악 GET 전송: operation=selection_get, url=http://127.0.0.1:5051/api/voice-event-settings/background-music?robot_id=robot_ec2b
2026-08-21 10:45:21.585 [session=000420] [INFO] [RestApiThread] [REST API] 배경 음악 GET 전송: operation=resolved_get, url=http://127.0.0.1:5051/api/voice-event-settings/resolved?robot_id=robot_ec2b
2026-08-21 10:45:21.603 [session=000420] [DEBUG] [RestApiThread] _handle_response 호출됨 - tag: REST_API_TAG.GET_BACKGROUND_MUSIC_SETTING, status_code: 200
2026-08-21 10:45:21.613 [session=000420] [DEBUG] [RestApiThread] _handle_response 호출됨 - tag: REST_API_TAG.GET_RESOLVED_BACKGROUND_MUSIC, status_code: 200
2026-08-21 10:45:25.489 [session=000420] [INFO] [MainThread] [MAIN_THREAD_HEARTBEAT] GUI main thread alive: thread=MainThread
2026-08-21 10:45:30.489 [session=000420] [INFO] [MainThread] [MAIN_THREAD_HEARTBEAT] GUI main thread alive: thread=MainThread
2026-08-21 10:45:31.491 [session=000420] [DEBUG] [RestApiThread] GetCallBellFromRESTAPI 요청 시작
2026-08-21 10:45:31.498 [session=000420] [DEBUG] [RestApiThread] _get_data: 요청 시작 - tag: REST_API_TAG.GET_CALLBELL, url: http://localhost:8080/robot_ec2b/callbell
2026-08-21 10:45:31.499 [session=000420] [DEBUG] [RestApiThread] _get_data: 요청 전송 완료 - tag: REST_API_TAG.GET_CALLBELL, timeout: 30000ms
2026-08-21 10:45:31.509 [session=000420] [INFO] [MainThread] model_manager set_destinations: unchanged (5 items) - emit skipped
2026-08-21 10:45:31.524 [session=000420] [DEBUG] [RestApiThread] _handle_response 호출됨 - tag: REST_API_TAG.GET_CALLBELL, status_code: 200
2026-08-21 10:45:31.525 [session=000420] [INFO] [ThreadPoolExecutor-5_0] 호출벨 데이터 수신: 5개
2026-08-21 10:45:31.526 [session=000420] [INFO] [MainThread] 호출벨-목적지 동기화 완료: 5개 호출벨
2026-08-21 10:45:31.527 [session=000420] [INFO] [MainThread] 목적지 리스트 반환: destinations=[Destination(name='로비', goal_pose=Pose(x=4.241336459631034, y=-2.361104203714551, qw=0.5097087478206948, qz=0.8603470185890456), bell=Bells(treatment='', suction='64012cd7'), idx=0, color='#e53935'), Destination(name='수술실', goal_pose=Pose(x=4.5199271819089395, y=-3.9219605026851503, qw=0.14533446519134308, qz=-0.9893825818294691), bell=Bells(treatment='', suction='64132cd7'), idx=1, color='#e53935'), Destination(name='진료실', goal_pose=Pose(x=0.11980823444488001, y=-3.735511450600503, qw=0.9963649848510123, qz=0.0851869530083222), bell=Bells(treatment='', suction='64252cd7'), idx=2, color='#e53935'), Destination(name='창고', goal_pose=Pose(x=0.2834625688692579, y=-6.793061814598156, qw=0.5257961572167338, qz=0.850610604834031), bell=Bells(treatment='', suction='64372cd7'), idx=3, color='#e53935'), Destination(name='소독실', goal_pose=Pose(x=-3.4045695907217928, y=-7.611793760201744, qw=0.546869706461766, qz=0.8372177280459497), bell=Bells(treatment='', suction='64492cd7'), idx=4, color='#e53935')]
2026-08-21 10:45:31.527 [session=000420] [INFO] [MainThread] 호출벨 리스트 반환: callbells={'64012cd7': {'name': '호출벨 1', 'usage': 'suction', 'destination': '로비'}, '64132cd7': {'name': '호출벨 2', 'usage': 'suction', 'destination': '수술실'}, '64252cd7': {'name': '호출벨 3', 'usage': 'suction', 'destination': '진료실'}, '64372cd7': {'name': '호출벨 4', 'usage': 'suction', 'destination': '창고'}, '64492cd7': {'name': '호출벨 5', 'usage': 'suction', 'destination': '소독실'}}, robot_usages=['treatment', 'suction']
2026-08-21 10:45:31.527 [session=000420] [INFO] [MainThread] 호출벨 리스트 로드: 5개
2026-08-21 10:45:31.527 [session=000420] [INFO] [MainThread] 호출벨 목록 동일 - UI 재생성 생략
2026-08-21 10:45:31.528 [session=000420] [INFO] [MainThread] 호출벨용 용도 목록 로드 요청
2026-08-21 10:45:31.528 [session=000420] [INFO] [MainThread] 호출벨에 용도 목록 전달: 2개
2026-08-21 10:45:31.529 [session=000420] [INFO] [MainThread] 용도 목록 로드: 2개
2026-08-21 10:45:31.529 [session=000420] [INFO] [MainThread] 목적지 목록 로드: 5개
2026-08-21 10:45:31.529 [session=000420] [INFO] [MainThread] 호출벨 관리에 목적지 목록 전달: 5개
2026-08-21 10:45:31.530 [session=000420] [INFO] [MainThread] My IP : 192.168.104.212
2026-08-21 10:45:31.562 [session=000420] [INFO] [SSE-SSE_BATTERY_LOW_SHUTDOWN] [SSE_DIAG] connect attempt tag=SSE_BATTERY_LOW_SHUTDOWN, reconnect=41, url=http://localhost:8080/robot_ec2b/events/battery/low_shutdown
2026-08-21 10:45:31.572 [session=000420] [INFO] [SSE-SSE_BATTERY_LOW_SHUTDOWN] [SSE_DIAG] connected tag=SSE_BATTERY_LOW_SHUTDOWN, status=404, reason=Not Found, elapsed=0.01s, content_type=application/json, url=http://localhost:8080/robot_ec2b/events/battery/low_shutdown
2026-08-21 10:45:31.572 [session=000420] [ERROR] [SSE-SSE_BATTERY_LOW_SHUTDOWN] [SSE_DIAG] non-200 response tag=SSE_BATTERY_LOW_SHUTDOWN, status=404, reason=Not Found, url=http://localhost:8080/robot_ec2b/events/battery/low_shutdown
2026-08-21 10:45:31.574 [session=000420] [INFO] [SSE-SSE_BATTERY_LOW_SHUTDOWN] [SSE_DIAG] reconnect wait tag=SSE_BATTERY_LOW_SHUTDOWN, delay=10s, reconnect=42, reason=HTTP 404, url=http://localhost:8080/robot_ec2b/events/battery/low_shutdown
2026-08-21 10:45:35.489 [session=000420] [INFO] [MainThread] [MAIN_THREAD_HEARTBEAT] GUI main thread alive: thread=MainThread
2026-08-21 10:45:40.489 [session=000420] [INFO] [MainThread] [MAIN_THREAD_HEARTBEAT] GUI main thread alive: thread=MainThread
2026-08-21 10:45:41.495 [session=000420] [DEBUG] [RestApiThread] GetCallBellFromRESTAPI 요청 시작
2026-08-21 10:45:41.498 [session=000420] [DEBUG] [RestApiThread] _get_data: 요청 시작 - tag: REST_API_TAG.GET_CALLBELL, url: http://localhost:8080/robot_ec2b/callbell
2026-08-21 10:45:41.499 [session=000420] [DEBUG] [RestApiThread] _get_data: 요청 전송 완료 - tag: REST_API_TAG.GET_CALLBELL, timeout: 30000ms
2026-08-21 10:45:41.507 [session=000420] [INFO] [MainThread] model_manager set_destinations: unchanged (5 items) - emit skipped
2026-08-21 10:45:41.524 [session=000420] [DEBUG] [RestApiThread] _handle_response 호출됨 - tag: REST_API_TAG.GET_CALLBELL, status_code: 200
2026-08-21 10:45:41.526 [session=000420] [INFO] [ThreadPoolExecutor-5_0] 호출벨 데이터 수신: 5개
2026-08-21 10:45:41.527 [session=000420] [INFO] [MainThread] 호출벨-목적지 동기화 완료: 5개 호출벨
2026-08-21 10:45:41.527 [session=000420] [INFO] [MainThread] 목적지 리스트 반환: destinations=[Destination(name='로비', goal_pose=Pose(x=4.241336459631034, y=-2.361104203714551, qw=0.5097087478206948, qz=0.8603470185890456), bell=Bells(treatment='', suction='64012cd7'), idx=0, color='#e53935'), Destination(name='수술실', goal_pose=Pose(x=4.5199271819089395, y=-3.9219605026851503, qw=0.14533446519134308, qz=-0.9893825818294691), bell=Bells(treatment='', suction='64132cd7'), idx=1, color='#e53935'), Destination(name='진료실', goal_pose=Pose(x=0.11980823444488001, y=-3.735511450600503, qw=0.9963649848510123, qz=0.0851869530083222), bell=Bells(treatment='', suction='64252cd7'), idx=2, color='#e53935'), Destination(name='창고', goal_pose=Pose(x=0.2834625688692579, y=-6.793061814598156, qw=0.5257961572167338, qz=0.850610604834031), bell=Bells(treatment='', suction='64372cd7'), idx=3, color='#e53935'), Destination(name='소독실', goal_pose=Pose(x=-3.4045695907217928, y=-7.611793760201744, qw=0.546869706461766, qz=0.8372177280459497), bell=Bells(treatment='', suction='64492cd7'), idx=4, color='#e53935')]
2026-08-21 10:45:41.528 [session=000420] [INFO] [MainThread] 호출벨 리스트 반환: callbells={'64012cd7': {'name': '호출벨 1', 'usage': 'suction', 'destination': '로비'}, '64132cd7': {'name': '호출벨 2', 'usage': 'suction', 'destination': '수술실'}, '64252cd7': {'name': '호출벨 3', 'usage': 'suction', 'destination': '진료실'}, '64372cd7': {'name': '호출벨 4', 'usage': 'suction', 'destination': '창고'}, '64492cd7': {'name': '호출벨 5', 'usage': 'suction', 'destination': '소독실'}}, robot_usages=['treatment', 'suction']
2026-08-21 10:45:41.528 [session=000420] [INFO] [MainThread] 호출벨 리스트 로드: 5개
2026-08-21 10:45:41.528 [session=000420] [INFO] [MainThread] 호출벨 목록 동일 - UI 재생성 생략
2026-08-21 10:45:41.528 [session=000420] [INFO] [MainThread] 호출벨용 용도 목록 로드 요청
2026-08-21 10:45:41.529 [session=000420] [INFO] [MainThread] 호출벨에 용도 목록 전달: 2개
2026-08-21 10:45:41.529 [session=000420] [INFO] [MainThread] 용도 목록 로드: 2개
2026-08-21 10:45:41.529 [session=000420] [INFO] [MainThread] 목적지 목록 로드: 5개
2026-08-21 10:45:41.529 [session=000420] [INFO] [MainThread] 호출벨 관리에 목적지 목록 전달: 5개
2026-08-21 10:45:41.539 [session=000420] [INFO] [MainThread] My IP : 192.168.104.212
2026-08-21 10:45:41.575 [session=000420] [INFO] [SSE-SSE_BATTERY_LOW_SHUTDOWN] [SSE_DIAG] connect attempt tag=SSE_BATTERY_LOW_SHUTDOWN, reconnect=42, url=http://localhost:8080/robot_ec2b/events/battery/low_shutdown
2026-08-21 10:45:41.587 [session=000420] [INFO] [SSE-SSE_BATTERY_LOW_SHUTDOWN] [SSE_DIAG] connected tag=SSE_BATTERY_LOW_SHUTDOWN, status=404, reason=Not Found, elapsed=0.01s, content_type=application/json, url=http://localhost:8080/robot_ec2b/events/battery/low_shutdown
2026-08-21 10:45:41.588 [session=000420] [ERROR] [SSE-SSE_BATTERY_LOW_SHUTDOWN] [SSE_DIAG] non-200 response tag=SSE_BATTERY_LOW_SHUTDOWN, status=404, reason=Not Found, url=http://localhost:8080/robot_ec2b/events/battery/low_shutdown
2026-08-21 10:45:41.590 [session=000420] [INFO] [SSE-SSE_BATTERY_LOW_SHUTDOWN] [SSE_DIAG] reconnect wait tag=SSE_BATTERY_LOW_SHUTDOWN, delay=10s, reconnect=43, reason=HTTP 404, url=http://localhost:8080/robot_ec2b/events/battery/low_shutdown
2026-08-21 10:45:45.489 [session=000420] [INFO] [MainThread] [MAIN_THREAD_HEARTBEAT] GUI main thread alive: thread=MainThread
2026-08-21 10:45:50.489 [session=000420] [INFO] [MainThread] [MAIN_THREAD_HEARTBEAT] GUI main thread alive: thread=MainThread
2026-08-21 10:45:51.496 [session=000420] [DEBUG] [RestApiThread] GetCallBellFromRESTAPI 요청 시작
2026-08-21 10:45:51.498 [session=000420] [DEBUG] [RestApiThread] _get_data: 요청 시작 - tag: REST_API_TAG.GET_CALLBELL, url: http://localhost:8080/robot_ec2b/callbell
2026-08-21 10:45:51.499 [session=000420] [DEBUG] [RestApiThread] _get_data: 요청 전송 완료 - tag: REST_API_TAG.GET_CALLBELL, timeout: 30000ms
2026-08-21 10:45:51.502 [session=000420] [INFO] [MainThread] model_manager set_destinations: unchanged (5 items) - emit skipped
2026-08-21 10:45:51.516 [session=000420] [DEBUG] [RestApiThread] _handle_response 호출됨 - tag: REST_API_TAG.GET_CALLBELL, status_code: 200
2026-08-21 10:45:51.517 [session=000420] [INFO] [ThreadPoolExecutor-5_0] 호출벨 데이터 수신: 5개
2026-08-21 10:45:51.519 [session=000420] [INFO] [MainThread] My IP : 192.168.104.212
2026-08-21 10:45:51.521 [session=000420] [INFO] [MainThread] 호출벨-목적지 동기화 완료: 5개 호출벨
2026-08-21 10:45:51.521 [session=000420] [INFO] [MainThread] 목적지 리스트 반환: destinations=[Destination(name='로비', goal_pose=Pose(x=4.241336459631034, y=-2.361104203714551, qw=0.5097087478206948, qz=0.8603470185890456), bell=Bells(treatment='', suction='64012cd7'), idx=0, color='#e53935'), Destination(name='수술실', goal_pose=Pose(x=4.5199271819089395, y=-3.9219605026851503, qw=0.14533446519134308, qz=-0.9893825818294691), bell=Bells(treatment='', suction='64132cd7'), idx=1, color='#e53935'), Destination(name='진료실', goal_pose=Pose(x=0.11980823444488001, y=-3.735511450600503, qw=0.9963649848510123, qz=0.0851869530083222), bell=Bells(treatment='', suction='64252cd7'), idx=2, color='#e53935'), Destination(name='창고', goal_pose=Pose(x=0.2834625688692579, y=-6.793061814598156, qw=0.5257961572167338, qz=0.850610604834031), bell=Bells(treatment='', suction='64372cd7'), idx=3, color='#e53935'), Destination(name='소독실', goal_pose=Pose(x=-3.4045695907217928, y=-7.611793760201744, qw=0.546869706461766, qz=0.8372177280459497), bell=Bells(treatment='', suction='64492cd7'), idx=4, color='#e53935')]
2026-08-21 10:45:51.522 [session=000420] [INFO] [MainThread] 호출벨 리스트 반환: callbells={'64012cd7': {'name': '호출벨 1', 'usage': 'suction', 'destination': '로비'}, '64132cd7': {'name': '호출벨 2', 'usage': 'suction', 'destination': '수술실'}, '64252cd7': {'name': '호출벨 3', 'usage': 'suction', 'destination': '진료실'}, '64372cd7': {'name': '호출벨 4', 'usage': 'suction', 'destination': '창고'}, '64492cd7': {'name': '호출벨 5', 'usage': 'suction', 'destination': '소독실'}}, robot_usages=['treatment', 'suction']
2026-08-21 10:45:51.522 [session=000420] [INFO] [MainThread] 호출벨 리스트 로드: 5개
2026-08-21 10:45:51.523 [session=000420] [INFO] [MainThread] 호출벨 목록 동일 - UI 재생성 생략
2026-08-21 10:45:51.523 [session=000420] [INFO] [MainThread] 호출벨용 용도 목록 로드 요청
2026-08-21 10:45:51.523 [session=000420] [INFO] [MainThread] 호출벨에 용도 목록 전달: 2개
2026-08-21 10:45:51.523 [session=000420] [INFO] [MainThread] 용도 목록 로드: 2개
2026-08-21 10:45:51.523 [session=000420] [INFO] [MainThread] 목적지 목록 로드: 5개
2026-08-21 10:45:51.524 [session=000420] [INFO] [MainThread] 호출벨 관리에 목적지 목록 전달: 5개
2026-08-21 10:45:51.591 [session=000420] [INFO] [SSE-SSE_BATTERY_LOW_SHUTDOWN] [SSE_DIAG] connect attempt tag=SSE_BATTERY_LOW_SHUTDOWN, reconnect=43, url=http://localhost:8080/robot_ec2b/events/battery/low_shutdown
2026-08-21 10:45:51.599 [session=000420] [INFO] [SSE-SSE_BATTERY_LOW_SHUTDOWN] [SSE_DIAG] connected tag=SSE_BATTERY_LOW_SHUTDOWN, status=404, reason=Not Found, elapsed=0.01s, content_type=application/json, url=http://localhost:8080/robot_ec2b/events/battery/low_shutdown
2026-08-21 10:45:51.600 [session=000420] [ERROR] [SSE-SSE_BATTERY_LOW_SHUTDOWN] [SSE_DIAG] non-200 response tag=SSE_BATTERY_LOW_SHUTDOWN, status=404, reason=Not Found, url=http://localhost:8080/robot_ec2b/events/battery/low_shutdown
2026-08-21 10:45:51.605 [session=000420] [INFO] [SSE-SSE_BATTERY_LOW_SHUTDOWN] [SSE_DIAG] reconnect wait tag=SSE_BATTERY_LOW_SHUTDOWN, delay=10s, reconnect=44, reason=HTTP 404, url=http://localhost:8080/robot_ec2b/events/battery/low_shutdown
2026-08-21 10:45:55.489 [session=000420] [INFO] [MainThread] [MAIN_THREAD_HEARTBEAT] GUI main thread alive: thread=MainThread
2026-08-21 10:46:00.489 [session=000420] [INFO] [MainThread] [MAIN_THREAD_HEARTBEAT] GUI main thread alive: thread=MainThread
2026-08-21 10:46:01.498 [session=000420] [DEBUG] [RestApiThread] GetCallBellFromRESTAPI 요청 시작
2026-08-21 10:46:01.510 [session=000420] [DEBUG] [RestApiThread] _get_data: 요청 시작 - tag: REST_API_TAG.GET_CALLBELL, url: http://localhost:8080/robot_ec2b/callbell
2026-08-21 10:46:01.511 [session=000420] [DEBUG] [RestApiThread] _get_data: 요청 전송 완료 - tag: REST_API_TAG.GET_CALLBELL, timeout: 30000ms
2026-08-21 10:46:01.522 [session=000420] [DEBUG] [RestApiThread] _handle_response 호출됨 - tag: REST_API_TAG.GET_CALLBELL, status_code: 200
2026-08-21 10:46:01.525 [session=000420] [INFO] [MainThread] model_manager set_destinations: unchanged (5 items) - emit skipped
2026-08-21 10:46:01.526 [session=000420] [INFO] [ThreadPoolExecutor-5_1] 호출벨 데이터 수신: 5개
2026-08-21 10:46:01.532 [session=000420] [INFO] [MainThread] 호출벨-목적지 동기화 완료: 5개 호출벨
2026-08-21 10:46:01.533 [session=000420] [INFO] [MainThread] 목적지 리스트 반환: destinations=[Destination(name='로비', goal_pose=Pose(x=4.241336459631034, y=-2.361104203714551, qw=0.5097087478206948, qz=0.8603470185890456), bell=Bells(treatment='', suction='64012cd7'), idx=0, color='#e53935'), Destination(name='수술실', goal_pose=Pose(x=4.5199271819089395, y=-3.9219605026851503, qw=0.14533446519134308, qz=-0.9893825818294691), bell=Bells(treatment='', suction='64132cd7'), idx=1, color='#e53935'), Destination(name='진료실', goal_pose=Pose(x=0.11980823444488001, y=-3.735511450600503, qw=0.9963649848510123, qz=0.0851869530083222), bell=Bells(treatment='', suction='64252cd7'), idx=2, color='#e53935'), Destination(name='창고', goal_pose=Pose(x=0.2834625688692579, y=-6.793061814598156, qw=0.5257961572167338, qz=0.850610604834031), bell=Bells(treatment='', suction='64372cd7'), idx=3, color='#e53935'), Destination(name='소독실', goal_pose=Pose(x=-3.4045695907217928, y=-7.611793760201744, qw=0.546869706461766, qz=0.8372177280459497), bell=Bells(treatment='', suction='64492cd7'), idx=4, color='#e53935')]
2026-08-21 10:46:01.534 [session=000420] [INFO] [MainThread] 호출벨 리스트 반환: callbells={'64012cd7': {'name': '호출벨 1', 'usage': 'suction', 'destination': '로비'}, '64132cd7': {'name': '호출벨 2', 'usage': 'suction', 'destination': '수술실'}, '64252cd7': {'name': '호출벨 3', 'usage': 'suction', 'destination': '진료실'}, '64372cd7': {'name': '호출벨 4', 'usage': 'suction', 'destination': '창고'}, '64492cd7': {'name': '호출벨 5', 'usage': 'suction', 'destination': '소독실'}}, robot_usages=['treatment', 'suction']
2026-08-21 10:46:01.535 [session=000420] [INFO] [MainThread] 호출벨 리스트 로드: 5개
2026-08-21 10:46:01.535 [session=000420] [INFO] [MainThread] 호출벨 목록 동일 - UI 재생성 생략
2026-08-21 10:46:01.536 [session=000420] [INFO] [MainThread] 호출벨용 용도 목록 로드 요청
2026-08-21 10:46:01.537 [session=000420] [INFO] [MainThread] 호출벨에 용도 목록 전달: 2개
2026-08-21 10:46:01.537 [session=000420] [INFO] [MainThread] 용도 목록 로드: 2개
2026-08-21 10:46:01.537 [session=000420] [INFO] [MainThread] 목적지 목록 로드: 5개
2026-08-21 10:46:01.537 [session=000420] [INFO] [MainThread] 호출벨 관리에 목적지 목록 전달: 5개
2026-08-21 10:46:01.558 [session=000420] [INFO] [MainThread] My IP : 192.168.104.212
2026-08-21 10:46:01.561 [session=000420] [INFO] [browser-music-sync_0] [BROWSER_MUSIC_SYNC] event=catalog_fetch_started master_base_url=http://127.0.0.1:5051
2026-08-21 10:46:01.601 [session=000420] [INFO] [browser-music-sync_0] [BROWSER_MUSIC_SYNC] event=catalog_fetch_succeeded master_base_url=http://127.0.0.1:5051 item_count=3
2026-08-21 10:46:01.606 [session=000420] [INFO] [SSE-SSE_BATTERY_LOW_SHUTDOWN] [SSE_DIAG] connect attempt tag=SSE_BATTERY_LOW_SHUTDOWN, reconnect=44, url=http://localhost:8080/robot_ec2b/events/battery/low_shutdown
2026-08-21 10:46:01.613 [session=000420] [INFO] [SSE-SSE_BATTERY_LOW_SHUTDOWN] [SSE_DIAG] connected tag=SSE_BATTERY_LOW_SHUTDOWN, status=404, reason=Not Found, elapsed=0.01s, content_type=application/json, url=http://localhost:8080/robot_ec2b/events/battery/low_shutdown
2026-08-21 10:46:01.614 [session=000420] [INFO] [RestApiThread] [REST API] 배경 음악 GET 전송: operation=selection_get, url=http://127.0.0.1:5051/api/voice-event-settings/background-music?robot_id=robot_ec2b
2026-08-21 10:46:01.614 [session=000420] [ERROR] [SSE-SSE_BATTERY_LOW_SHUTDOWN] [SSE_DIAG] non-200 response tag=SSE_BATTERY_LOW_SHUTDOWN, status=404, reason=Not Found, url=http://localhost:8080/robot_ec2b/events/battery/low_shutdown
2026-08-21 10:46:01.615 [session=000420] [INFO] [RestApiThread] [REST API] 배경 음악 GET 전송: operation=resolved_get, url=http://127.0.0.1:5051/api/voice-event-settings/resolved?robot_id=robot_ec2b
2026-08-21 10:46:01.616 [session=000420] [INFO] [SSE-SSE_BATTERY_LOW_SHUTDOWN] [SSE_DIAG] reconnect wait tag=SSE_BATTERY_LOW_SHUTDOWN, delay=10s, reconnect=45, reason=HTTP 404, url=http://localhost:8080/robot_ec2b/events/battery/low_shutdown
2026-08-21 10:46:01.628 [session=000420] [DEBUG] [RestApiThread] _handle_response 호출됨 - tag: REST_API_TAG.GET_BACKGROUND_MUSIC_SETTING, status_code: 200
2026-08-21 10:46:01.638 [session=000420] [DEBUG] [RestApiThread] _handle_response 호출됨 - tag: REST_API_TAG.GET_RESOLVED_BACKGROUND_MUSIC, status_code: 200
2026-08-21 10:46:05.490 [session=000420] [INFO] [MainThread] [MAIN_THREAD_HEARTBEAT] GUI main thread alive: thread=MainThread
2026-08-21 10:46:10.490 [session=000420] [INFO] [MainThread] [MAIN_THREAD_HEARTBEAT] GUI main thread alive: thread=MainThread
2026-08-21 10:46:11.496 [session=000420] [DEBUG] [RestApiThread] GetCallBellFromRESTAPI 요청 시작
2026-08-21 10:46:11.499 [session=000420] [DEBUG] [RestApiThread] _get_data: 요청 시작 - tag: REST_API_TAG.GET_CALLBELL, url: http://localhost:8080/robot_ec2b/callbell
2026-08-21 10:46:11.500 [session=000420] [DEBUG] [RestApiThread] _get_data: 요청 전송 완료 - tag: REST_API_TAG.GET_CALLBELL, timeout: 30000ms
2026-08-21 10:46:11.502 [session=000420] [INFO] [MainThread] model_manager set_destinations: unchanged (5 items) - emit skipped
2026-08-21 10:46:11.521 [session=000420] [DEBUG] [RestApiThread] _handle_response 호출됨 - tag: REST_API_TAG.GET_CALLBELL, status_code: 200
2026-08-21 10:46:11.523 [session=000420] [INFO] [ThreadPoolExecutor-5_0] 호출벨 데이터 수신: 5개
2026-08-21 10:46:11.525 [session=000420] [INFO] [MainThread] 호출벨-목적지 동기화 완료: 5개 호출벨
2026-08-21 10:46:11.526 [session=000420] [INFO] [MainThread] 목적지 리스트 반환: destinations=[Destination(name='로비', goal_pose=Pose(x=4.241336459631034, y=-2.361104203714551, qw=0.5097087478206948, qz=0.8603470185890456), bell=Bells(treatment='', suction='64012cd7'), idx=0, color='#e53935'), Destination(name='수술실', goal_pose=Pose(x=4.5199271819089395, y=-3.9219605026851503, qw=0.14533446519134308, qz=-0.9893825818294691), bell=Bells(treatment='', suction='64132cd7'), idx=1, color='#e53935'), Destination(name='진료실', goal_pose=Pose(x=0.11980823444488001, y=-3.735511450600503, qw=0.9963649848510123, qz=0.0851869530083222), bell=Bells(treatment='', suction='64252cd7'), idx=2, color='#e53935'), Destination(name='창고', goal_pose=Pose(x=0.2834625688692579, y=-6.793061814598156, qw=0.5257961572167338, qz=0.850610604834031), bell=Bells(treatment='', suction='64372cd7'), idx=3, color='#e53935'), Destination(name='소독실', goal_pose=Pose(x=-3.4045695907217928, y=-7.611793760201744, qw=0.546869706461766, qz=0.8372177280459497), bell=Bells(treatment='', suction='64492cd7'), idx=4, color='#e53935')]
2026-08-21 10:46:11.526 [session=000420] [INFO] [MainThread] 호출벨 리스트 반환: callbells={'64012cd7': {'name': '호출벨 1', 'usage': 'suction', 'destination': '로비'}, '64132cd7': {'name': '호출벨 2', 'usage': 'suction', 'destination': '수술실'}, '64252cd7': {'name': '호출벨 3', 'usage': 'suction', 'destination': '진료실'}, '64372cd7': {'name': '호출벨 4', 'usage': 'suction', 'destination': '창고'}, '64492cd7': {'name': '호출벨 5', 'usage': 'suction', 'destination': '소독실'}}, robot_usages=['treatment', 'suction']
2026-08-21 10:46:11.526 [session=000420] [INFO] [MainThread] 호출벨 리스트 로드: 5개
2026-08-21 10:46:11.527 [session=000420] [INFO] [MainThread] 호출벨 목록 동일 - UI 재생성 생략
2026-08-21 10:46:11.528 [session=000420] [INFO] [MainThread] 호출벨용 용도 목록 로드 요청
2026-08-21 10:46:11.528 [session=000420] [INFO] [MainThread] 호출벨에 용도 목록 전달: 2개
2026-08-21 10:46:11.529 [session=000420] [INFO] [MainThread] 용도 목록 로드: 2개
2026-08-21 10:46:11.529 [session=000420] [INFO] [MainThread] 목적지 목록 로드: 5개
2026-08-21 10:46:11.530 [session=000420] [INFO] [MainThread] 호출벨 관리에 목적지 목록 전달: 5개
2026-08-21 10:46:11.539 [session=000420] [INFO] [MainThread] My IP : 192.168.104.212
2026-08-21 10:46:11.619 [session=000420] [INFO] [SSE-SSE_BATTERY_LOW_SHUTDOWN] [SSE_DIAG] connect attempt tag=SSE_BATTERY_LOW_SHUTDOWN, reconnect=45, url=http://localhost:8080/robot_ec2b/events/battery/low_shutdown
2026-08-21 10:46:11.639 [session=000420] [INFO] [SSE-SSE_BATTERY_LOW_SHUTDOWN] [SSE_DIAG] connected tag=SSE_BATTERY_LOW_SHUTDOWN, status=404, reason=Not Found, elapsed=0.02s, content_type=application/json, url=http://localhost:8080/robot_ec2b/events/battery/low_shutdown
2026-08-21 10:46:11.640 [session=000420] [ERROR] [SSE-SSE_BATTERY_LOW_SHUTDOWN] [SSE_DIAG] non-200 response tag=SSE_BATTERY_LOW_SHUTDOWN, status=404, reason=Not Found, url=http://localhost:8080/robot_ec2b/events/battery/low_shutdown
2026-08-21 10:46:11.642 [session=000420] [INFO] [SSE-SSE_BATTERY_LOW_SHUTDOWN] [SSE_DIAG] reconnect wait tag=SSE_BATTERY_LOW_SHUTDOWN, delay=10s, reconnect=46, reason=HTTP 404, url=http://localhost:8080/robot_ec2b/events/battery/low_shutdown
2026-08-21 10:46:15.490 [session=000420] [INFO] [MainThread] [MAIN_THREAD_HEARTBEAT] GUI main thread alive: thread=MainThread
2026-08-21 10:46:20.489 [session=000420] [INFO] [MainThread] [MAIN_THREAD_HEARTBEAT] GUI main thread alive: thread=MainThread
2026-08-21 10:46:21.491 [session=000420] [DEBUG] [RestApiThread] GetCallBellFromRESTAPI 요청 시작
2026-08-21 10:46:21.496 [session=000420] [DEBUG] [RestApiThread] _get_data: 요청 시작 - tag: REST_API_TAG.GET_CALLBELL, url: http://localhost:8080/robot_ec2b/callbell
2026-08-21 10:46:21.499 [session=000420] [DEBUG] [RestApiThread] _get_data: 요청 전송 완료 - tag: REST_API_TAG.GET_CALLBELL, timeout: 30000ms
2026-08-21 10:46:21.506 [session=000420] [INFO] [MainThread] model_manager set_destinations: unchanged (5 items) - emit skipped
2026-08-21 10:46:21.511 [session=000420] [DEBUG] [RestApiThread] _handle_response 호출됨 - tag: REST_API_TAG.GET_CALLBELL, status_code: 200
2026-08-21 10:46:21.512 [session=000420] [INFO] [ThreadPoolExecutor-5_0] 호출벨 데이터 수신: 5개
2026-08-21 10:46:21.519 [session=000420] [INFO] [MainThread] 호출벨-목적지 동기화 완료: 5개 호출벨
2026-08-21 10:46:21.520 [session=000420] [INFO] [MainThread] 목적지 리스트 반환: destinations=[Destination(name='로비', goal_pose=Pose(x=4.241336459631034, y=-2.361104203714551, qw=0.5097087478206948, qz=0.8603470185890456), bell=Bells(treatment='', suction='64012cd7'), idx=0, color='#e53935'), Destination(name='수술실', goal_pose=Pose(x=4.5199271819089395, y=-3.9219605026851503, qw=0.14533446519134308, qz=-0.9893825818294691), bell=Bells(treatment='', suction='64132cd7'), idx=1, color='#e53935'), Destination(name='진료실', goal_pose=Pose(x=0.11980823444488001, y=-3.735511450600503, qw=0.9963649848510123, qz=0.0851869530083222), bell=Bells(treatment='', suction='64252cd7'), idx=2, color='#e53935'), Destination(name='창고', goal_pose=Pose(x=0.2834625688692579, y=-6.793061814598156, qw=0.5257961572167338, qz=0.850610604834031), bell=Bells(treatment='', suction='64372cd7'), idx=3, color='#e53935'), Destination(name='소독실', goal_pose=Pose(x=-3.4045695907217928, y=-7.611793760201744, qw=0.546869706461766, qz=0.8372177280459497), bell=Bells(treatment='', suction='64492cd7'), idx=4, color='#e53935')]
2026-08-21 10:46:21.520 [session=000420] [INFO] [MainThread] 호출벨 리스트 반환: callbells={'64012cd7': {'name': '호출벨 1', 'usage': 'suction', 'destination': '로비'}, '64132cd7': {'name': '호출벨 2', 'usage': 'suction', 'destination': '수술실'}, '64252cd7': {'name': '호출벨 3', 'usage': 'suction', 'destination': '진료실'}, '64372cd7': {'name': '호출벨 4', 'usage': 'suction', 'destination': '창고'}, '64492cd7': {'name': '호출벨 5', 'usage': 'suction', 'destination': '소독실'}}, robot_usages=['treatment', 'suction']
2026-08-21 10:46:21.520 [session=000420] [INFO] [MainThread] 호출벨 리스트 로드: 5개
2026-08-21 10:46:21.520 [session=000420] [INFO] [MainThread] 호출벨 목록 동일 - UI 재생성 생략
2026-08-21 10:46:21.521 [session=000420] [INFO] [MainThread] 호출벨용 용도 목록 로드 요청
2026-08-21 10:46:21.521 [session=000420] [INFO] [MainThread] 호출벨에 용도 목록 전달: 2개
2026-08-21 10:46:21.521 [session=000420] [INFO] [MainThread] 용도 목록 로드: 2개
2026-08-21 10:46:21.521 [session=000420] [INFO] [MainThread] 목적지 목록 로드: 5개
2026-08-21 10:46:21.521 [session=000420] [INFO] [MainThread] 호출벨 관리에 목적지 목록 전달: 5개
2026-08-21 10:46:21.539 [session=000420] [INFO] [MainThread] My IP : 192.168.104.212
2026-08-21 10:46:21.643 [session=000420] [INFO] [SSE-SSE_BATTERY_LOW_SHUTDOWN] [SSE_DIAG] connect attempt tag=SSE_BATTERY_LOW_SHUTDOWN, reconnect=46, url=http://localhost:8080/robot_ec2b/events/battery/low_shutdown
2026-08-21 10:46:21.656 [session=000420] [INFO] [SSE-SSE_BATTERY_LOW_SHUTDOWN] [SSE_DIAG] connected tag=SSE_BATTERY_LOW_SHUTDOWN, status=404, reason=Not Found, elapsed=0.01s, content_type=application/json, url=http://localhost:8080/robot_ec2b/events/battery/low_shutdown
2026-08-21 10:46:21.658 [session=000420] [ERROR] [SSE-SSE_BATTERY_LOW_SHUTDOWN] [SSE_DIAG] non-200 response tag=SSE_BATTERY_LOW_SHUTDOWN, status=404, reason=Not Found, url=http://localhost:8080/robot_ec2b/events/battery/low_shutdown
2026-08-21 10:46:21.660 [session=000420] [INFO] [SSE-SSE_BATTERY_LOW_SHUTDOWN] [SSE_DIAG] reconnect wait tag=SSE_BATTERY_LOW_SHUTDOWN, delay=10s, reconnect=47, reason=HTTP 404, url=http://localhost:8080/robot_ec2b/events/battery/low_shutdown
2026-08-21 10:46:25.489 [session=000420] [INFO] [MainThread] [MAIN_THREAD_HEARTBEAT] GUI main thread alive: thread=MainThread
2026-08-21 10:46:30.489 [session=000420] [INFO] [MainThread] [MAIN_THREAD_HEARTBEAT] GUI main thread alive: thread=MainThread
2026-08-21 10:46:31.492 [session=000420] [DEBUG] [RestApiThread] GetCallBellFromRESTAPI 요청 시작
2026-08-21 10:46:31.494 [session=000420] [DEBUG] [RestApiThread] _get_data: 요청 시작 - tag: REST_API_TAG.GET_CALLBELL, url: http://localhost:8080/robot_ec2b/callbell
2026-08-21 10:46:31.508 [session=000420] [DEBUG] [RestApiThread] _get_data: 요청 전송 완료 - tag: REST_API_TAG.GET_CALLBELL, timeout: 30000ms
2026-08-21 10:46:31.515 [session=000420] [INFO] [MainThread] model_manager set_destinations: unchanged (5 items) - emit skipped
2026-08-21 10:46:31.526 [session=000420] [DEBUG] [RestApiThread] _handle_response 호출됨 - tag: REST_API_TAG.GET_CALLBELL, status_code: 200
2026-08-21 10:46:31.527 [session=000420] [INFO] [ThreadPoolExecutor-5_1] 호출벨 데이터 수신: 5개
2026-08-21 10:46:31.529 [session=000420] [INFO] [MainThread] 호출벨-목적지 동기화 완료: 5개 호출벨
2026-08-21 10:46:31.529 [session=000420] [INFO] [MainThread] 목적지 리스트 반환: destinations=[Destination(name='로비', goal_pose=Pose(x=4.241336459631034, y=-2.361104203714551, qw=0.5097087478206948, qz=0.8603470185890456), bell=Bells(treatment='', suction='64012cd7'), idx=0, color='#e53935'), Destination(name='수술실', goal_pose=Pose(x=4.5199271819089395, y=-3.9219605026851503, qw=0.14533446519134308, qz=-0.9893825818294691), bell=Bells(treatment='', suction='64132cd7'), idx=1, color='#e53935'), Destination(name='진료실', goal_pose=Pose(x=0.11980823444488001, y=-3.735511450600503, qw=0.9963649848510123, qz=0.0851869530083222), bell=Bells(treatment='', suction='64252cd7'), idx=2, color='#e53935'), Destination(name='창고', goal_pose=Pose(x=0.2834625688692579, y=-6.793061814598156, qw=0.5257961572167338, qz=0.850610604834031), bell=Bells(treatment='', suction='64372cd7'), idx=3, color='#e53935'), Destination(name='소독실', goal_pose=Pose(x=-3.4045695907217928, y=-7.611793760201744, qw=0.546869706461766, qz=0.8372177280459497), bell=Bells(treatment='', suction='64492cd7'), idx=4, color='#e53935')]
2026-08-21 10:46:31.530 [session=000420] [INFO] [MainThread] 호출벨 리스트 반환: callbells={'64012cd7': {'name': '호출벨 1', 'usage': 'suction', 'destination': '로비'}, '64132cd7': {'name': '호출벨 2', 'usage': 'suction', 'destination': '수술실'}, '64252cd7': {'name': '호출벨 3', 'usage': 'suction', 'destination': '진료실'}, '64372cd7': {'name': '호출벨 4', 'usage': 'suction', 'destination': '창고'}, '64492cd7': {'name': '호출벨 5', 'usage': 'suction', 'destination': '소독실'}}, robot_usages=['treatment', 'suction']
2026-08-21 10:46:31.530 [session=000420] [INFO] [MainThread] 호출벨 리스트 로드: 5개
2026-08-21 10:46:31.530 [session=000420] [INFO] [MainThread] 호출벨 목록 동일 - UI 재생성 생략
2026-08-21 10:46:31.530 [session=000420] [INFO] [MainThread] 호출벨용 용도 목록 로드 요청
2026-08-21 10:46:31.531 [session=000420] [INFO] [MainThread] 호출벨에 용도 목록 전달: 2개
2026-08-21 10:46:31.531 [session=000420] [INFO] [MainThread] 용도 목록 로드: 2개
2026-08-21 10:46:31.531 [session=000420] [INFO] [MainThread] 목적지 목록 로드: 5개
2026-08-21 10:46:31.531 [session=000420] [INFO] [MainThread] 호출벨 관리에 목적지 목록 전달: 5개
2026-08-21 10:46:31.534 [session=000420] [INFO] [MainThread] My IP : 192.168.104.212
2026-08-21 10:46:31.662 [session=000420] [INFO] [SSE-SSE_BATTERY_LOW_SHUTDOWN] [SSE_DIAG] connect attempt tag=SSE_BATTERY_LOW_SHUTDOWN, reconnect=47, url=http://localhost:8080/robot_ec2b/events/battery/low_shutdown
2026-08-21 10:46:31.671 [session=000420] [INFO] [SSE-SSE_BATTERY_LOW_SHUTDOWN] [SSE_DIAG] connected tag=SSE_BATTERY_LOW_SHUTDOWN, status=404, reason=Not Found, elapsed=0.01s, content_type=application/json, url=http://localhost:8080/robot_ec2b/events/battery/low_shutdown
2026-08-21 10:46:31.671 [session=000420] [ERROR] [SSE-SSE_BATTERY_LOW_SHUTDOWN] [SSE_DIAG] non-200 response tag=SSE_BATTERY_LOW_SHUTDOWN, status=404, reason=Not Found, url=http://localhost:8080/robot_ec2b/events/battery/low_shutdown
2026-08-21 10:46:31.673 [session=000420] [INFO] [SSE-SSE_BATTERY_LOW_SHUTDOWN] [SSE_DIAG] reconnect wait tag=SSE_BATTERY_LOW_SHUTDOWN, delay=10s, reconnect=48, reason=HTTP 404, url=http://localhost:8080/robot_ec2b/events/battery/low_shutdown
2026-08-21 10:46:35.490 [session=000420] [INFO] [MainThread] [MAIN_THREAD_HEARTBEAT] GUI main thread alive: thread=MainThread
2026-08-21 10:46:40.489 [session=000420] [INFO] [MainThread] [MAIN_THREAD_HEARTBEAT] GUI main thread alive: thread=MainThread
2026-08-21 10:46:41.492 [session=000420] [DEBUG] [RestApiThread] GetCallBellFromRESTAPI 요청 시작
2026-08-21 10:46:41.494 [session=000420] [DEBUG] [RestApiThread] _get_data: 요청 시작 - tag: REST_API_TAG.GET_CALLBELL, url: http://localhost:8080/robot_ec2b/callbell
2026-08-21 10:46:41.499 [session=000420] [DEBUG] [RestApiThread] _get_data: 요청 전송 완료 - tag: REST_API_TAG.GET_CALLBELL, timeout: 30000ms
2026-08-21 10:46:41.519 [session=000420] [DEBUG] [RestApiThread] _handle_response 호출됨 - tag: REST_API_TAG.GET_CALLBELL, status_code: 200
2026-08-21 10:46:41.523 [session=000420] [INFO] [MainThread] model_manager set_destinations: unchanged (5 items) - emit skipped
2026-08-21 10:46:41.524 [session=000420] [INFO] [ThreadPoolExecutor-5_1] 호출벨 데이터 수신: 5개
2026-08-21 10:46:41.530 [session=000420] [INFO] [MainThread] 호출벨-목적지 동기화 완료: 5개 호출벨
2026-08-21 10:46:41.532 [session=000420] [INFO] [MainThread] 목적지 리스트 반환: destinations=[Destination(name='로비', goal_pose=Pose(x=4.241336459631034, y=-2.361104203714551, qw=0.5097087478206948, qz=0.8603470185890456), bell=Bells(treatment='', suction='64012cd7'), idx=0, color='#e53935'), Destination(name='수술실', goal_pose=Pose(x=4.5199271819089395, y=-3.9219605026851503, qw=0.14533446519134308, qz=-0.9893825818294691), bell=Bells(treatment='', suction='64132cd7'), idx=1, color='#e53935'), Destination(name='진료실', goal_pose=Pose(x=0.11980823444488001, y=-3.735511450600503, qw=0.9963649848510123, qz=0.0851869530083222), bell=Bells(treatment='', suction='64252cd7'), idx=2, color='#e53935'), Destination(name='창고', goal_pose=Pose(x=0.2834625688692579, y=-6.793061814598156, qw=0.5257961572167338, qz=0.850610604834031), bell=Bells(treatment='', suction='64372cd7'), idx=3, color='#e53935'), Destination(name='소독실', goal_pose=Pose(x=-3.4045695907217928, y=-7.611793760201744, qw=0.546869706461766, qz=0.8372177280459497), bell=Bells(treatment='', suction='64492cd7'), idx=4, color='#e53935')]
2026-08-21 10:46:41.533 [session=000420] [INFO] [MainThread] 호출벨 리스트 반환: callbells={'64012cd7': {'name': '호출벨 1', 'usage': 'suction', 'destination': '로비'}, '64132cd7': {'name': '호출벨 2', 'usage': 'suction', 'destination': '수술실'}, '64252cd7': {'name': '호출벨 3', 'usage': 'suction', 'destination': '진료실'}, '64372cd7': {'name': '호출벨 4', 'usage': 'suction', 'destination': '창고'}, '64492cd7': {'name': '호출벨 5', 'usage': 'suction', 'destination': '소독실'}}, robot_usages=['treatment', 'suction']
2026-08-21 10:46:41.535 [session=000420] [INFO] [MainThread] 호출벨 리스트 로드: 5개
2026-08-21 10:46:41.536 [session=000420] [INFO] [MainThread] 호출벨 목록 동일 - UI 재생성 생략
2026-08-21 10:46:41.537 [session=000420] [INFO] [MainThread] 호출벨용 용도 목록 로드 요청
2026-08-21 10:46:41.537 [session=000420] [INFO] [MainThread] 호출벨에 용도 목록 전달: 2개
2026-08-21 10:46:41.538 [session=000420] [INFO] [MainThread] 용도 목록 로드: 2개
2026-08-21 10:46:41.538 [session=000420] [INFO] [MainThread] 목적지 목록 로드: 5개
2026-08-21 10:46:41.538 [session=000420] [INFO] [MainThread] 호출벨 관리에 목적지 목록 전달: 5개
2026-08-21 10:46:41.539 [session=000420] [INFO] [MainThread] My IP : 192.168.104.212
2026-08-21 10:46:41.542 [session=000420] [INFO] [browser-music-sync_0] [BROWSER_MUSIC_SYNC] event=catalog_fetch_started master_base_url=http://127.0.0.1:5051
2026-08-21 10:46:41.572 [session=000420] [INFO] [browser-music-sync_0] [BROWSER_MUSIC_SYNC] event=catalog_fetch_succeeded master_base_url=http://127.0.0.1:5051 item_count=3
2026-08-21 10:46:41.583 [session=000420] [INFO] [RestApiThread] [REST API] 배경 음악 GET 전송: operation=selection_get, url=http://127.0.0.1:5051/api/voice-event-settings/background-music?robot_id=robot_ec2b
2026-08-21 10:46:41.584 [session=000420] [INFO] [RestApiThread] [REST API] 배경 음악 GET 전송: operation=resolved_get, url=http://127.0.0.1:5051/api/voice-event-settings/resolved?robot_id=robot_ec2b
2026-08-21 10:46:41.611 [session=000420] [DEBUG] [RestApiThread] _handle_response 호출됨 - tag: REST_API_TAG.GET_BACKGROUND_MUSIC_SETTING, status_code: 200
2026-08-21 10:46:41.618 [session=000420] [DEBUG] [RestApiThread] _handle_response 호출됨 - tag: REST_API_TAG.GET_RESOLVED_BACKGROUND_MUSIC, status_code: 200
2026-08-21 10:46:41.674 [session=000420] [INFO] [SSE-SSE_BATTERY_LOW_SHUTDOWN] [SSE_DIAG] connect attempt tag=SSE_BATTERY_LOW_SHUTDOWN, reconnect=48, url=http://localhost:8080/robot_ec2b/events/battery/low_shutdown
2026-08-21 10:46:41.694 [session=000420] [INFO] [SSE-SSE_BATTERY_LOW_SHUTDOWN] [SSE_DIAG] connected tag=SSE_BATTERY_LOW_SHUTDOWN, status=404, reason=Not Found, elapsed=0.02s, content_type=application/json, url=http://localhost:8080/robot_ec2b/events/battery/low_shutdown
2026-08-21 10:46:41.695 [session=000420] [ERROR] [SSE-SSE_BATTERY_LOW_SHUTDOWN] [SSE_DIAG] non-200 response tag=SSE_BATTERY_LOW_SHUTDOWN, status=404, reason=Not Found, url=http://localhost:8080/robot_ec2b/events/battery/low_shutdown
2026-08-21 10:46:41.699 [session=000420] [INFO] [SSE-SSE_BATTERY_LOW_SHUTDOWN] [SSE_DIAG] reconnect wait tag=SSE_BATTERY_LOW_SHUTDOWN, delay=10s, reconnect=49, reason=HTTP 404, url=http://localhost:8080/robot_ec2b/events/battery/low_shutdown
2026-08-21 10:46:45.491 [session=000420] [INFO] [MainThread] [MAIN_THREAD_HEARTBEAT] GUI main thread alive: thread=MainThread
2026-08-21 10:46:50.489 [session=000420] [INFO] [MainThread] [MAIN_THREAD_HEARTBEAT] GUI main thread alive: thread=MainThread
2026-08-21 10:46:51.497 [session=000420] [DEBUG] [RestApiThread] GetCallBellFromRESTAPI 요청 시작
2026-08-21 10:46:51.504 [session=000420] [DEBUG] [RestApiThread] _get_data: 요청 시작 - tag: REST_API_TAG.GET_CALLBELL, url: http://localhost:8080/robot_ec2b/callbell
2026-08-21 10:46:51.507 [session=000420] [DEBUG] [RestApiThread] _get_data: 요청 전송 완료 - tag: REST_API_TAG.GET_CALLBELL, timeout: 30000ms
2026-08-21 10:46:51.518 [session=000420] [INFO] [MainThread] model_manager set_destinations: unchanged (5 items) - emit skipped
2026-08-21 10:46:51.521 [session=000420] [DEBUG] [RestApiThread] _handle_response 호출됨 - tag: REST_API_TAG.GET_CALLBELL, status_code: 200
2026-08-21 10:46:51.526 [session=000420] [INFO] [ThreadPoolExecutor-5_0] 호출벨 데이터 수신: 5개
2026-08-21 10:46:51.528 [session=000420] [INFO] [MainThread] 호출벨-목적지 동기화 완료: 5개 호출벨
2026-08-21 10:46:51.528 [session=000420] [INFO] [MainThread] 목적지 리스트 반환: destinations=[Destination(name='로비', goal_pose=Pose(x=4.241336459631034, y=-2.361104203714551, qw=0.5097087478206948, qz=0.8603470185890456), bell=Bells(treatment='', suction='64012cd7'), idx=0, color='#e53935'), Destination(name='수술실', goal_pose=Pose(x=4.5199271819089395, y=-3.9219605026851503, qw=0.14533446519134308, qz=-0.9893825818294691), bell=Bells(treatment='', suction='64132cd7'), idx=1, color='#e53935'), Destination(name='진료실', goal_pose=Pose(x=0.11980823444488001, y=-3.735511450600503, qw=0.9963649848510123, qz=0.0851869530083222), bell=Bells(treatment='', suction='64252cd7'), idx=2, color='#e53935'), Destination(name='창고', goal_pose=Pose(x=0.2834625688692579, y=-6.793061814598156, qw=0.5257961572167338, qz=0.850610604834031), bell=Bells(treatment='', suction='64372cd7'), idx=3, color='#e53935'), Destination(name='소독실', goal_pose=Pose(x=-3.4045695907217928, y=-7.611793760201744, qw=0.546869706461766, qz=0.8372177280459497), bell=Bells(treatment='', suction='64492cd7'), idx=4, color='#e53935')]
2026-08-21 10:46:51.528 [session=000420] [INFO] [MainThread] 호출벨 리스트 반환: callbells={'64012cd7': {'name': '호출벨 1', 'usage': 'suction', 'destination': '로비'}, '64132cd7': {'name': '호출벨 2', 'usage': 'suction', 'destination': '수술실'}, '64252cd7': {'name': '호출벨 3', 'usage': 'suction', 'destination': '진료실'}, '64372cd7': {'name': '호출벨 4', 'usage': 'suction', 'destination': '창고'}, '64492cd7': {'name': '호출벨 5', 'usage': 'suction', 'destination': '소독실'}}, robot_usages=['treatment', 'suction']
2026-08-21 10:46:51.529 [session=000420] [INFO] [MainThread] 호출벨 리스트 로드: 5개
2026-08-21 10:46:51.529 [session=000420] [INFO] [MainThread] 호출벨 목록 동일 - UI 재생성 생략
2026-08-21 10:46:51.529 [session=000420] [INFO] [MainThread] 호출벨용 용도 목록 로드 요청
2026-08-21 10:46:51.529 [session=000420] [INFO] [MainThread] 호출벨에 용도 목록 전달: 2개
2026-08-21 10:46:51.529 [session=000420] [INFO] [MainThread] 용도 목록 로드: 2개
2026-08-21 10:46:51.529 [session=000420] [INFO] [MainThread] 목적지 목록 로드: 5개
2026-08-21 10:46:51.529 [session=000420] [INFO] [MainThread] 호출벨 관리에 목적지 목록 전달: 5개
2026-08-21 10:46:51.531 [session=000420] [INFO] [MainThread] My IP : 192.168.104.212
2026-08-21 10:46:51.701 [session=000420] [INFO] [SSE-SSE_BATTERY_LOW_SHUTDOWN] [SSE_DIAG] connect attempt tag=SSE_BATTERY_LOW_SHUTDOWN, reconnect=49, url=http://localhost:8080/robot_ec2b/events/battery/low_shutdown
2026-08-21 10:46:51.729 [session=000420] [INFO] [SSE-SSE_BATTERY_LOW_SHUTDOWN] [SSE_DIAG] connected tag=SSE_BATTERY_LOW_SHUTDOWN, status=404, reason=Not Found, elapsed=0.03s, content_type=application/json, url=http://localhost:8080/robot_ec2b/events/battery/low_shutdown
2026-08-21 10:46:51.729 [session=000420] [ERROR] [SSE-SSE_BATTERY_LOW_SHUTDOWN] [SSE_DIAG] non-200 response tag=SSE_BATTERY_LOW_SHUTDOWN, status=404, reason=Not Found, url=http://localhost:8080/robot_ec2b/events/battery/low_shutdown
2026-08-21 10:46:51.731 [session=000420] [INFO] [SSE-SSE_BATTERY_LOW_SHUTDOWN] [SSE_DIAG] reconnect wait tag=SSE_BATTERY_LOW_SHUTDOWN, delay=10s, reconnect=50, reason=HTTP 404, url=http://localhost:8080/robot_ec2b/events/battery/low_shutdown
2026-08-21 10:46:55.489 [session=000420] [INFO] [MainThread] [MAIN_THREAD_HEARTBEAT] GUI main thread alive: thread=MainThread
2026-08-21 10:47:00.489 [session=000420] [INFO] [MainThread] [MAIN_THREAD_HEARTBEAT] GUI main thread alive: thread=MainThread
2026-08-21 10:47:01.498 [session=000420] [DEBUG] [RestApiThread] GetCallBellFromRESTAPI 요청 시작
2026-08-21 10:47:01.500 [session=000420] [DEBUG] [RestApiThread] _get_data: 요청 시작 - tag: REST_API_TAG.GET_CALLBELL, url: http://localhost:8080/robot_ec2b/callbell
2026-08-21 10:47:01.501 [session=000420] [DEBUG] [RestApiThread] _get_data: 요청 전송 완료 - tag: REST_API_TAG.GET_CALLBELL, timeout: 30000ms
2026-08-21 10:47:01.507 [session=000420] [INFO] [RestApiThread] _handle_response (CYCLIC 정상) - tag: REST_API_TAG.GET_DESTINATIONS, status: 200, pending→2
2026-08-21 10:47:01.511 [session=000420] [INFO] [MainThread] model_manager set_destinations: unchanged (5 items) - emit skipped
2026-08-21 10:47:01.511 [session=000420] [DEBUG] [RestApiThread] _handle_response 호출됨 - tag: REST_API_TAG.GET_CALLBELL, status_code: 200
2026-08-21 10:47:01.514 [session=000420] [INFO] [RestApiThread] _handle_response (CYCLIC 정상) - tag: REST_API_TAG.GET_MASTER_IP_ADDRESS, status: 200, pending→0
2026-08-21 10:47:01.517 [session=000420] [INFO] [ThreadPoolExecutor-5_0] 호출벨 데이터 수신: 5개
2026-08-21 10:47:01.522 [session=000420] [INFO] [MainThread] 호출벨-목적지 동기화 완료: 5개 호출벨
2026-08-21 10:47:01.524 [session=000420] [INFO] [MainThread] 목적지 리스트 반환: destinations=[Destination(name='로비', goal_pose=Pose(x=4.241336459631034, y=-2.361104203714551, qw=0.5097087478206948, qz=0.8603470185890456), bell=Bells(treatment='', suction='64012cd7'), idx=0, color='#e53935'), Destination(name='수술실', goal_pose=Pose(x=4.5199271819089395, y=-3.9219605026851503, qw=0.14533446519134308, qz=-0.9893825818294691), bell=Bells(treatment='', suction='64132cd7'), idx=1, color='#e53935'), Destination(name='진료실', goal_pose=Pose(x=0.11980823444488001, y=-3.735511450600503, qw=0.9963649848510123, qz=0.0851869530083222), bell=Bells(treatment='', suction='64252cd7'), idx=2, color='#e53935'), Destination(name='창고', goal_pose=Pose(x=0.2834625688692579, y=-6.793061814598156, qw=0.5257961572167338, qz=0.850610604834031), bell=Bells(treatment='', suction='64372cd7'), idx=3, color='#e53935'), Destination(name='소독실', goal_pose=Pose(x=-3.4045695907217928, y=-7.611793760201744, qw=0.546869706461766, qz=0.8372177280459497), bell=Bells(treatment='', suction='64492cd7'), idx=4, color='#e53935')]
2026-08-21 10:47:01.526 [session=000420] [INFO] [MainThread] 호출벨 리스트 반환: callbells={'64012cd7': {'name': '호출벨 1', 'usage': 'suction', 'destination': '로비'}, '64132cd7': {'name': '호출벨 2', 'usage': 'suction', 'destination': '수술실'}, '64252cd7': {'name': '호출벨 3', 'usage': 'suction', 'destination': '진료실'}, '64372cd7': {'name': '호출벨 4', 'usage': 'suction', 'destination': '창고'}, '64492cd7': {'name': '호출벨 5', 'usage': 'suction', 'destination': '소독실'}}, robot_usages=['treatment', 'suction']
2026-08-21 10:47:01.526 [session=000420] [INFO] [MainThread] 호출벨 리스트 로드: 5개
2026-08-21 10:47:01.527 [session=000420] [INFO] [MainThread] 호출벨 목록 동일 - UI 재생성 생략
2026-08-21 10:47:01.527 [session=000420] [INFO] [MainThread] 호출벨용 용도 목록 로드 요청
2026-08-21 10:47:01.527 [session=000420] [INFO] [MainThread] 호출벨에 용도 목록 전달: 2개
2026-08-21 10:47:01.527 [session=000420] [INFO] [MainThread] 용도 목록 로드: 2개
2026-08-21 10:47:01.527 [session=000420] [INFO] [MainThread] 목적지 목록 로드: 5개
2026-08-21 10:47:01.527 [session=000420] [INFO] [MainThread] 호출벨 관리에 목적지 목록 전달: 5개
2026-08-21 10:47:01.530 [session=000420] [INFO] [MainThread] My IP : 192.168.104.212
2026-08-21 10:47:01.733 [session=000420] [INFO] [SSE-SSE_BATTERY_LOW_SHUTDOWN] [SSE_DIAG] connect attempt tag=SSE_BATTERY_LOW_SHUTDOWN, reconnect=50, url=http://localhost:8080/robot_ec2b/events/battery/low_shutdown
2026-08-21 10:47:01.749 [session=000420] [INFO] [SSE-SSE_BATTERY_LOW_SHUTDOWN] [SSE_DIAG] connected tag=SSE_BATTERY_LOW_SHUTDOWN, status=404, reason=Not Found, elapsed=0.02s, content_type=application/json, url=http://localhost:8080/robot_ec2b/events/battery/low_shutdown
2026-08-21 10:47:01.750 [session=000420] [ERROR] [SSE-SSE_BATTERY_LOW_SHUTDOWN] [SSE_DIAG] non-200 response tag=SSE_BATTERY_LOW_SHUTDOWN, status=404, reason=Not Found, url=http://localhost:8080/robot_ec2b/events/battery/low_shutdown
2026-08-21 10:47:01.754 [session=000420] [INFO] [SSE-SSE_BATTERY_LOW_SHUTDOWN] [SSE_DIAG] reconnect wait tag=SSE_BATTERY_LOW_SHUTDOWN, delay=10s, reconnect=51, reason=HTTP 404, url=http://localhost:8080/robot_ec2b/events/battery/low_shutdown
2026-08-21 10:47:05.490 [session=000420] [INFO] [MainThread] [MAIN_THREAD_HEARTBEAT] GUI main thread alive: thread=MainThread
2026-08-21 10:47:10.491 [session=000420] [INFO] [MainThread] [MAIN_THREAD_HEARTBEAT] GUI main thread alive: thread=MainThread
2026-08-21 10:47:11.500 [session=000420] [DEBUG] [RestApiThread] GetCallBellFromRESTAPI 요청 시작
2026-08-21 10:47:11.506 [session=000420] [DEBUG] [RestApiThread] _get_data: 요청 시작 - tag: REST_API_TAG.GET_CALLBELL, url: http://localhost:8080/robot_ec2b/callbell
2026-08-21 10:47:11.507 [session=000420] [DEBUG] [RestApiThread] _get_data: 요청 전송 완료 - tag: REST_API_TAG.GET_CALLBELL, timeout: 30000ms
2026-08-21 10:47:11.513 [session=000420] [INFO] [MainThread] model_manager set_destinations: unchanged (5 items) - emit skipped
2026-08-21 10:47:11.533 [session=000420] [DEBUG] [RestApiThread] _handle_response 호출됨 - tag: REST_API_TAG.GET_CALLBELL, status_code: 200
2026-08-21 10:47:11.534 [session=000420] [INFO] [ThreadPoolExecutor-5_0] 호출벨 데이터 수신: 5개
2026-08-21 10:47:11.536 [session=000420] [INFO] [MainThread] 호출벨-목적지 동기화 완료: 5개 호출벨
2026-08-21 10:47:11.536 [session=000420] [INFO] [MainThread] 목적지 리스트 반환: destinations=[Destination(name='로비', goal_pose=Pose(x=4.241336459631034, y=-2.361104203714551, qw=0.5097087478206948, qz=0.8603470185890456), bell=Bells(treatment='', suction='64012cd7'), idx=0, color='#e53935'), Destination(name='수술실', goal_pose=Pose(x=4.5199271819089395, y=-3.9219605026851503, qw=0.14533446519134308, qz=-0.9893825818294691), bell=Bells(treatment='', suction='64132cd7'), idx=1, color='#e53935'), Destination(name='진료실', goal_pose=Pose(x=0.11980823444488001, y=-3.735511450600503, qw=0.9963649848510123, qz=0.0851869530083222), bell=Bells(treatment='', suction='64252cd7'), idx=2, color='#e53935'), Destination(name='창고', goal_pose=Pose(x=0.2834625688692579, y=-6.793061814598156, qw=0.5257961572167338, qz=0.850610604834031), bell=Bells(treatment='', suction='64372cd7'), idx=3, color='#e53935'), Destination(name='소독실', goal_pose=Pose(x=-3.4045695907217928, y=-7.611793760201744, qw=0.546869706461766, qz=0.8372177280459497), bell=Bells(treatment='', suction='64492cd7'), idx=4, color='#e53935')]
2026-08-21 10:47:11.536 [session=000420] [INFO] [MainThread] 호출벨 리스트 반환: callbells={'64012cd7': {'name': '호출벨 1', 'usage': 'suction', 'destination': '로비'}, '64132cd7': {'name': '호출벨 2', 'usage': 'suction', 'destination': '수술실'}, '64252cd7': {'name': '호출벨 3', 'usage': 'suction', 'destination': '진료실'}, '64372cd7': {'name': '호출벨 4', 'usage': 'suction', 'destination': '창고'}, '64492cd7': {'name': '호출벨 5', 'usage': 'suction', 'destination': '소독실'}}, robot_usages=['treatment', 'suction']
2026-08-21 10:47:11.536 [session=000420] [INFO] [MainThread] 호출벨 리스트 로드: 5개
2026-08-21 10:47:11.537 [session=000420] [INFO] [MainThread] 호출벨 목록 동일 - UI 재생성 생략
2026-08-21 10:47:11.540 [session=000420] [INFO] [MainThread] 호출벨용 용도 목록 로드 요청
2026-08-21 10:47:11.540 [session=000420] [INFO] [MainThread] 호출벨에 용도 목록 전달: 2개
2026-08-21 10:47:11.540 [session=000420] [INFO] [MainThread] 용도 목록 로드: 2개
2026-08-21 10:47:11.541 [session=000420] [INFO] [MainThread] 목적지 목록 로드: 5개
2026-08-21 10:47:11.541 [session=000420] [INFO] [MainThread] 호출벨 관리에 목적지 목록 전달: 5개
2026-08-21 10:47:11.541 [session=000420] [INFO] [MainThread] My IP : 192.168.104.212
2026-08-21 10:47:11.756 [session=000420] [INFO] [SSE-SSE_BATTERY_LOW_SHUTDOWN] [SSE_DIAG] connect attempt tag=SSE_BATTERY_LOW_SHUTDOWN, reconnect=51, url=http://localhost:8080/robot_ec2b/events/battery/low_shutdown
2026-08-21 10:47:11.768 [session=000420] [INFO] [SSE-SSE_BATTERY_LOW_SHUTDOWN] [SSE_DIAG] connected tag=SSE_BATTERY_LOW_SHUTDOWN, status=404, reason=Not Found, elapsed=0.01s, content_type=application/json, url=http://localhost:8080/robot_ec2b/events/battery/low_shutdown
2026-08-21 10:47:11.768 [session=000420] [ERROR] [SSE-SSE_BATTERY_LOW_SHUTDOWN] [SSE_DIAG] non-200 response tag=SSE_BATTERY_LOW_SHUTDOWN, status=404, reason=Not Found, url=http://localhost:8080/robot_ec2b/events/battery/low_shutdown
2026-08-21 10:47:11.770 [session=000420] [INFO] [SSE-SSE_BATTERY_LOW_SHUTDOWN] [SSE_DIAG] reconnect wait tag=SSE_BATTERY_LOW_SHUTDOWN, delay=10s, reconnect=52, reason=HTTP 404, url=http://localhost:8080/robot_ec2b/events/battery/low_shutdown
2026-08-21 10:47:15.489 [session=000420] [INFO] [MainThread] [MAIN_THREAD_HEARTBEAT] GUI main thread alive: thread=MainThread
2026-08-21 10:47:20.489 [session=000420] [INFO] [MainThread] [MAIN_THREAD_HEARTBEAT] GUI main thread alive: thread=MainThread
2026-08-21 10:47:21.490 [session=000420] [DEBUG] [RestApiThread] GetCallBellFromRESTAPI 요청 시작
2026-08-21 10:47:21.497 [session=000420] [DEBUG] [RestApiThread] _get_data: 요청 시작 - tag: REST_API_TAG.GET_CALLBELL, url: http://localhost:8080/robot_ec2b/callbell
2026-08-21 10:47:21.498 [session=000420] [DEBUG] [RestApiThread] _get_data: 요청 전송 완료 - tag: REST_API_TAG.GET_CALLBELL, timeout: 30000ms
2026-08-21 10:47:21.501 [session=000420] [INFO] [MainThread] model_manager set_destinations: unchanged (5 items) - emit skipped
2026-08-21 10:47:21.513 [session=000420] [DEBUG] [RestApiThread] _handle_response 호출됨 - tag: REST_API_TAG.GET_CALLBELL, status_code: 200
2026-08-21 10:47:21.514 [session=000420] [INFO] [ThreadPoolExecutor-5_0] 호출벨 데이터 수신: 5개
2026-08-21 10:47:21.515 [session=000420] [INFO] [MainThread] 호출벨-목적지 동기화 완료: 5개 호출벨
2026-08-21 10:47:21.516 [session=000420] [INFO] [MainThread] 목적지 리스트 반환: destinations=[Destination(name='로비', goal_pose=Pose(x=4.241336459631034, y=-2.361104203714551, qw=0.5097087478206948, qz=0.8603470185890456), bell=Bells(treatment='', suction='64012cd7'), idx=0, color='#e53935'), Destination(name='수술실', goal_pose=Pose(x=4.5199271819089395, y=-3.9219605026851503, qw=0.14533446519134308, qz=-0.9893825818294691), bell=Bells(treatment='', suction='64132cd7'), idx=1, color='#e53935'), Destination(name='진료실', goal_pose=Pose(x=0.11980823444488001, y=-3.735511450600503, qw=0.9963649848510123, qz=0.0851869530083222), bell=Bells(treatment='', suction='64252cd7'), idx=2, color='#e53935'), Destination(name='창고', goal_pose=Pose(x=0.2834625688692579, y=-6.793061814598156, qw=0.5257961572167338, qz=0.850610604834031), bell=Bells(treatment='', suction='64372cd7'), idx=3, color='#e53935'), Destination(name='소독실', goal_pose=Pose(x=-3.4045695907217928, y=-7.611793760201744, qw=0.546869706461766, qz=0.8372177280459497), bell=Bells(treatment='', suction='64492cd7'), idx=4, color='#e53935')]
2026-08-21 10:47:21.518 [session=000420] [INFO] [MainThread] 호출벨 리스트 반환: callbells={'64012cd7': {'name': '호출벨 1', 'usage': 'suction', 'destination': '로비'}, '64132cd7': {'name': '호출벨 2', 'usage': 'suction', 'destination': '수술실'}, '64252cd7': {'name': '호출벨 3', 'usage': 'suction', 'destination': '진료실'}, '64372cd7': {'name': '호출벨 4', 'usage': 'suction', 'destination': '창고'}, '64492cd7': {'name': '호출벨 5', 'usage': 'suction', 'destination': '소독실'}}, robot_usages=['treatment', 'suction']
2026-08-21 10:47:21.519 [session=000420] [INFO] [MainThread] 호출벨 리스트 로드: 5개
2026-08-21 10:47:21.519 [session=000420] [INFO] [MainThread] 호출벨 목록 동일 - UI 재생성 생략
2026-08-21 10:47:21.519 [session=000420] [INFO] [MainThread] 호출벨용 용도 목록 로드 요청
2026-08-21 10:47:21.520 [session=000420] [INFO] [MainThread] 호출벨에 용도 목록 전달: 2개
2026-08-21 10:47:21.521 [session=000420] [INFO] [MainThread] 용도 목록 로드: 2개
2026-08-21 10:47:21.521 [session=000420] [INFO] [MainThread] 목적지 목록 로드: 5개
2026-08-21 10:47:21.522 [session=000420] [INFO] [MainThread] 호출벨 관리에 목적지 목록 전달: 5개
2026-08-21 10:47:21.527 [session=000420] [INFO] [MainThread] My IP : 192.168.104.212
2026-08-21 10:47:21.532 [session=000420] [INFO] [browser-music-sync_0] [BROWSER_MUSIC_SYNC] event=catalog_fetch_started master_base_url=http://127.0.0.1:5051
2026-08-21 10:47:21.564 [session=000420] [INFO] [browser-music-sync_0] [BROWSER_MUSIC_SYNC] event=catalog_fetch_succeeded master_base_url=http://127.0.0.1:5051 item_count=3
2026-08-21 10:47:21.572 [session=000420] [INFO] [RestApiThread] [REST API] 배경 음악 GET 전송: operation=selection_get, url=http://127.0.0.1:5051/api/voice-event-settings/background-music?robot_id=robot_ec2b
2026-08-21 10:47:21.572 [session=000420] [INFO] [RestApiThread] [REST API] 배경 음악 GET 전송: operation=resolved_get, url=http://127.0.0.1:5051/api/voice-event-settings/resolved?robot_id=robot_ec2b
2026-08-21 10:47:21.601 [session=000420] [DEBUG] [RestApiThread] _handle_response 호출됨 - tag: REST_API_TAG.GET_BACKGROUND_MUSIC_SETTING, status_code: 200
2026-08-21 10:47:21.618 [session=000420] [DEBUG] [RestApiThread] _handle_response 호출됨 - tag: REST_API_TAG.GET_RESOLVED_BACKGROUND_MUSIC, status_code: 200
2026-08-21 10:47:21.771 [session=000420] [INFO] [SSE-SSE_BATTERY_LOW_SHUTDOWN] [SSE_DIAG] connect attempt tag=SSE_BATTERY_LOW_SHUTDOWN, reconnect=52, url=http://localhost:8080/robot_ec2b/events/battery/low_shutdown
2026-08-21 10:47:21.794 [session=000420] [INFO] [SSE-SSE_BATTERY_LOW_SHUTDOWN] [SSE_DIAG] connected tag=SSE_BATTERY_LOW_SHUTDOWN, status=404, reason=Not Found, elapsed=0.02s, content_type=application/json, url=http://localhost:8080/robot_ec2b/events/battery/low_shutdown
2026-08-21 10:47:21.795 [session=000420] [ERROR] [SSE-SSE_BATTERY_LOW_SHUTDOWN] [SSE_DIAG] non-200 response tag=SSE_BATTERY_LOW_SHUTDOWN, status=404, reason=Not Found, url=http://localhost:8080/robot_ec2b/events/battery/low_shutdown
2026-08-21 10:47:21.798 [session=000420] [INFO] [SSE-SSE_BATTERY_LOW_SHUTDOWN] [SSE_DIAG] reconnect wait tag=SSE_BATTERY_LOW_SHUTDOWN, delay=10s, reconnect=53, reason=HTTP 404, url=http://localhost:8080/robot_ec2b/events/battery/low_shutdown
2026-08-21 10:47:25.490 [session=000420] [INFO] [MainThread] [MAIN_THREAD_HEARTBEAT] GUI main thread alive: thread=MainThread
2026-08-21 10:47:30.489 [session=000420] [INFO] [MainThread] [MAIN_THREAD_HEARTBEAT] GUI main thread alive: thread=MainThread
2026-08-21 10:47:31.499 [session=000420] [DEBUG] [RestApiThread] GetCallBellFromRESTAPI 요청 시작
2026-08-21 10:47:31.501 [session=000420] [DEBUG] [RestApiThread] _get_data: 요청 시작 - tag: REST_API_TAG.GET_CALLBELL, url: http://localhost:8080/robot_ec2b/callbell
2026-08-21 10:47:31.505 [session=000420] [DEBUG] [RestApiThread] _get_data: 요청 전송 완료 - tag: REST_API_TAG.GET_CALLBELL, timeout: 30000ms
2026-08-21 10:47:31.517 [session=000420] [DEBUG] [RestApiThread] _handle_response 호출됨 - tag: REST_API_TAG.GET_CALLBELL, status_code: 200
2026-08-21 10:47:31.519 [session=000420] [INFO] [MainThread] model_manager set_destinations: unchanged (5 items) - emit skipped
2026-08-21 10:47:31.520 [session=000420] [INFO] [ThreadPoolExecutor-5_0] 호출벨 데이터 수신: 5개
2026-08-21 10:47:31.521 [session=000420] [INFO] [MainThread] 호출벨-목적지 동기화 완료: 5개 호출벨
2026-08-21 10:47:31.522 [session=000420] [INFO] [MainThread] 목적지 리스트 반환: destinations=[Destination(name='로비', goal_pose=Pose(x=4.241336459631034, y=-2.361104203714551, qw=0.5097087478206948, qz=0.8603470185890456), bell=Bells(treatment='', suction='64012cd7'), idx=0, color='#e53935'), Destination(name='수술실', goal_pose=Pose(x=4.5199271819089395, y=-3.9219605026851503, qw=0.14533446519134308, qz=-0.9893825818294691), bell=Bells(treatment='', suction='64132cd7'), idx=1, color='#e53935'), Destination(name='진료실', goal_pose=Pose(x=0.11980823444488001, y=-3.735511450600503, qw=0.9963649848510123, qz=0.0851869530083222), bell=Bells(treatment='', suction='64252cd7'), idx=2, color='#e53935'), Destination(name='창고', goal_pose=Pose(x=0.2834625688692579, y=-6.793061814598156, qw=0.5257961572167338, qz=0.850610604834031), bell=Bells(treatment='', suction='64372cd7'), idx=3, color='#e53935'), Destination(name='소독실', goal_pose=Pose(x=-3.4045695907217928, y=-7.611793760201744, qw=0.546869706461766, qz=0.8372177280459497), bell=Bells(treatment='', suction='64492cd7'), idx=4, color='#e53935')]
2026-08-21 10:47:31.522 [session=000420] [INFO] [MainThread] 호출벨 리스트 반환: callbells={'64012cd7': {'name': '호출벨 1', 'usage': 'suction', 'destination': '로비'}, '64132cd7': {'name': '호출벨 2', 'usage': 'suction', 'destination': '수술실'}, '64252cd7': {'name': '호출벨 3', 'usage': 'suction', 'destination': '진료실'}, '64372cd7': {'name': '호출벨 4', 'usage': 'suction', 'destination': '창고'}, '64492cd7': {'name': '호출벨 5', 'usage': 'suction', 'destination': '소독실'}}, robot_usages=['treatment', 'suction']
2026-08-21 10:47:31.522 [session=000420] [INFO] [MainThread] 호출벨 리스트 로드: 5개
2026-08-21 10:47:31.523 [session=000420] [INFO] [MainThread] 호출벨 목록 동일 - UI 재생성 생략
2026-08-21 10:47:31.524 [session=000420] [INFO] [MainThread] 호출벨용 용도 목록 로드 요청
2026-08-21 10:47:31.524 [session=000420] [INFO] [MainThread] 호출벨에 용도 목록 전달: 2개
2026-08-21 10:47:31.525 [session=000420] [INFO] [MainThread] 용도 목록 로드: 2개
2026-08-21 10:47:31.525 [session=000420] [INFO] [MainThread] 목적지 목록 로드: 5개
2026-08-21 10:47:31.525 [session=000420] [INFO] [MainThread] 호출벨 관리에 목적지 목록 전달: 5개
2026-08-21 10:47:31.528 [session=000420] [INFO] [MainThread] My IP : 192.168.104.212
2026-08-21 10:47:31.801 [session=000420] [INFO] [SSE-SSE_BATTERY_LOW_SHUTDOWN] [SSE_DIAG] connect attempt tag=SSE_BATTERY_LOW_SHUTDOWN, reconnect=53, url=http://localhost:8080/robot_ec2b/events/battery/low_shutdown
2026-08-21 10:47:31.820 [session=000420] [INFO] [SSE-SSE_BATTERY_LOW_SHUTDOWN] [SSE_DIAG] connected tag=SSE_BATTERY_LOW_SHUTDOWN, status=404, reason=Not Found, elapsed=0.02s, content_type=application/json, url=http://localhost:8080/robot_ec2b/events/battery/low_shutdown
2026-08-21 10:47:31.821 [session=000420] [ERROR] [SSE-SSE_BATTERY_LOW_SHUTDOWN] [SSE_DIAG] non-200 response tag=SSE_BATTERY_LOW_SHUTDOWN, status=404, reason=Not Found, url=http://localhost:8080/robot_ec2b/events/battery/low_shutdown
2026-08-21 10:47:31.830 [session=000420] [INFO] [SSE-SSE_BATTERY_LOW_SHUTDOWN] [SSE_DIAG] reconnect wait tag=SSE_BATTERY_LOW_SHUTDOWN, delay=10s, reconnect=54, reason=HTTP 404, url=http://localhost:8080/robot_ec2b/events/battery/low_shutdown
2026-08-21 10:47:35.489 [session=000420] [INFO] [MainThread] [MAIN_THREAD_HEARTBEAT] GUI main thread alive: thread=MainThread
2026-08-21 10:47:40.490 [session=000420] [INFO] [MainThread] [MAIN_THREAD_HEARTBEAT] GUI main thread alive: thread=MainThread
2026-08-21 10:47:41.492 [session=000420] [DEBUG] [RestApiThread] GetCallBellFromRESTAPI 요청 시작
2026-08-21 10:47:41.498 [session=000420] [DEBUG] [RestApiThread] _get_data: 요청 시작 - tag: REST_API_TAG.GET_CALLBELL, url: http://localhost:8080/robot_ec2b/callbell
2026-08-21 10:47:41.499 [session=000420] [DEBUG] [RestApiThread] _get_data: 요청 전송 완료 - tag: REST_API_TAG.GET_CALLBELL, timeout: 30000ms
2026-08-21 10:47:41.501 [session=000420] [INFO] [MainThread] model_manager set_destinations: unchanged (5 items) - emit skipped
2026-08-21 10:47:41.509 [session=000420] [DEBUG] [RestApiThread] _handle_response 호출됨 - tag: REST_API_TAG.GET_CALLBELL, status_code: 200
2026-08-21 10:47:41.511 [session=000420] [INFO] [ThreadPoolExecutor-5_0] 호출벨 데이터 수신: 5개
2026-08-21 10:47:41.512 [session=000420] [INFO] [MainThread] 호출벨-목적지 동기화 완료: 5개 호출벨
2026-08-21 10:47:41.512 [session=000420] [INFO] [MainThread] 목적지 리스트 반환: destinations=[Destination(name='로비', goal_pose=Pose(x=4.241336459631034, y=-2.361104203714551, qw=0.5097087478206948, qz=0.8603470185890456), bell=Bells(treatment='', suction='64012cd7'), idx=0, color='#e53935'), Destination(name='수술실', goal_pose=Pose(x=4.5199271819089395, y=-3.9219605026851503, qw=0.14533446519134308, qz=-0.9893825818294691), bell=Bells(treatment='', suction='64132cd7'), idx=1, color='#e53935'), Destination(name='진료실', goal_pose=Pose(x=0.11980823444488001, y=-3.735511450600503, qw=0.9963649848510123, qz=0.0851869530083222), bell=Bells(treatment='', suction='64252cd7'), idx=2, color='#e53935'), Destination(name='창고', goal_pose=Pose(x=0.2834625688692579, y=-6.793061814598156, qw=0.5257961572167338, qz=0.850610604834031), bell=Bells(treatment='', suction='64372cd7'), idx=3, color='#e53935'), Destination(name='소독실', goal_pose=Pose(x=-3.4045695907217928, y=-7.611793760201744, qw=0.546869706461766, qz=0.8372177280459497), bell=Bells(treatment='', suction='64492cd7'), idx=4, color='#e53935')]
2026-08-21 10:47:41.513 [session=000420] [INFO] [MainThread] 호출벨 리스트 반환: callbells={'64012cd7': {'name': '호출벨 1', 'usage': 'suction', 'destination': '로비'}, '64132cd7': {'name': '호출벨 2', 'usage': 'suction', 'destination': '수술실'}, '64252cd7': {'name': '호출벨 3', 'usage': 'suction', 'destination': '진료실'}, '64372cd7': {'name': '호출벨 4', 'usage': 'suction', 'destination': '창고'}, '64492cd7': {'name': '호출벨 5', 'usage': 'suction', 'destination': '소독실'}}, robot_usages=['treatment', 'suction']
2026-08-21 10:47:41.513 [session=000420] [INFO] [MainThread] 호출벨 리스트 로드: 5개
2026-08-21 10:47:41.513 [session=000420] [INFO] [MainThread] 호출벨 목록 동일 - UI 재생성 생략
2026-08-21 10:47:41.513 [session=000420] [INFO] [MainThread] 호출벨용 용도 목록 로드 요청
2026-08-21 10:47:41.514 [session=000420] [INFO] [MainThread] 호출벨에 용도 목록 전달: 2개
2026-08-21 10:47:41.514 [session=000420] [INFO] [MainThread] 용도 목록 로드: 2개
2026-08-21 10:47:41.514 [session=000420] [INFO] [MainThread] 목적지 목록 로드: 5개
2026-08-21 10:47:41.514 [session=000420] [INFO] [MainThread] 호출벨 관리에 목적지 목록 전달: 5개
2026-08-21 10:47:41.517 [session=000420] [INFO] [MainThread] My IP : 192.168.104.212
2026-08-21 10:47:41.832 [session=000420] [INFO] [SSE-SSE_BATTERY_LOW_SHUTDOWN] [SSE_DIAG] connect attempt tag=SSE_BATTERY_LOW_SHUTDOWN, reconnect=54, url=http://localhost:8080/robot_ec2b/events/battery/low_shutdown
2026-08-21 10:47:41.844 [session=000420] [INFO] [SSE-SSE_BATTERY_LOW_SHUTDOWN] [SSE_DIAG] connected tag=SSE_BATTERY_LOW_SHUTDOWN, status=404, reason=Not Found, elapsed=0.01s, content_type=application/json, url=http://localhost:8080/robot_ec2b/events/battery/low_shutdown
2026-08-21 10:47:41.845 [session=000420] [ERROR] [SSE-SSE_BATTERY_LOW_SHUTDOWN] [SSE_DIAG] non-200 response tag=SSE_BATTERY_LOW_SHUTDOWN, status=404, reason=Not Found, url=http://localhost:8080/robot_ec2b/events/battery/low_shutdown
2026-08-21 10:47:41.850 [session=000420] [INFO] [SSE-SSE_BATTERY_LOW_SHUTDOWN] [SSE_DIAG] reconnect wait tag=SSE_BATTERY_LOW_SHUTDOWN, delay=10s, reconnect=55, reason=HTTP 404, url=http://localhost:8080/robot_ec2b/events/battery/low_shutdown
2026-08-21 10:47:45.489 [session=000420] [INFO] [MainThread] [MAIN_THREAD_HEARTBEAT] GUI main thread alive: thread=MainThread
2026-08-21 10:47:50.490 [session=000420] [INFO] [MainThread] [MAIN_THREAD_HEARTBEAT] GUI main thread alive: thread=MainThread
2026-08-21 10:47:51.490 [session=000420] [DEBUG] [RestApiThread] GetCallBellFromRESTAPI 요청 시작
2026-08-21 10:47:51.493 [session=000420] [DEBUG] [RestApiThread] _get_data: 요청 시작 - tag: REST_API_TAG.GET_CALLBELL, url: http://localhost:8080/robot_ec2b/callbell
2026-08-21 10:47:51.494 [session=000420] [DEBUG] [RestApiThread] _get_data: 요청 전송 완료 - tag: REST_API_TAG.GET_CALLBELL, timeout: 30000ms
2026-08-21 10:47:51.507 [session=000420] [INFO] [MainThread] model_manager set_destinations: unchanged (5 items) - emit skipped
2026-08-21 10:47:51.520 [session=000420] [DEBUG] [RestApiThread] _handle_response 호출됨 - tag: REST_API_TAG.GET_CALLBELL, status_code: 200
2026-08-21 10:47:51.521 [session=000420] [INFO] [ThreadPoolExecutor-5_1] 호출벨 데이터 수신: 5개
2026-08-21 10:47:51.522 [session=000420] [INFO] [MainThread] 호출벨-목적지 동기화 완료: 5개 호출벨
2026-08-21 10:47:51.523 [session=000420] [INFO] [MainThread] 목적지 리스트 반환: destinations=[Destination(name='로비', goal_pose=Pose(x=4.241336459631034, y=-2.361104203714551, qw=0.5097087478206948, qz=0.8603470185890456), bell=Bells(treatment='', suction='64012cd7'), idx=0, color='#e53935'), Destination(name='수술실', goal_pose=Pose(x=4.5199271819089395, y=-3.9219605026851503, qw=0.14533446519134308, qz=-0.9893825818294691), bell=Bells(treatment='', suction='64132cd7'), idx=1, color='#e53935'), Destination(name='진료실', goal_pose=Pose(x=0.11980823444488001, y=-3.735511450600503, qw=0.9963649848510123, qz=0.0851869530083222), bell=Bells(treatment='', suction='64252cd7'), idx=2, color='#e53935'), Destination(name='창고', goal_pose=Pose(x=0.2834625688692579, y=-6.793061814598156, qw=0.5257961572167338, qz=0.850610604834031), bell=Bells(treatment='', suction='64372cd7'), idx=3, color='#e53935'), Destination(name='소독실', goal_pose=Pose(x=-3.4045695907217928, y=-7.611793760201744, qw=0.546869706461766, qz=0.8372177280459497), bell=Bells(treatment='', suction='64492cd7'), idx=4, color='#e53935')]
2026-08-21 10:47:51.523 [session=000420] [INFO] [MainThread] 호출벨 리스트 반환: callbells={'64012cd7': {'name': '호출벨 1', 'usage': 'suction', 'destination': '로비'}, '64132cd7': {'name': '호출벨 2', 'usage': 'suction', 'destination': '수술실'}, '64252cd7': {'name': '호출벨 3', 'usage': 'suction', 'destination': '진료실'}, '64372cd7': {'name': '호출벨 4', 'usage': 'suction', 'destination': '창고'}, '64492cd7': {'name': '호출벨 5', 'usage': 'suction', 'destination': '소독실'}}, robot_usages=['treatment', 'suction']
2026-08-21 10:47:51.523 [session=000420] [INFO] [MainThread] 호출벨 리스트 로드: 5개
2026-08-21 10:47:51.523 [session=000420] [INFO] [MainThread] 호출벨 목록 동일 - UI 재생성 생략
2026-08-21 10:47:51.524 [session=000420] [INFO] [MainThread] 호출벨용 용도 목록 로드 요청
2026-08-21 10:47:51.524 [session=000420] [INFO] [MainThread] 호출벨에 용도 목록 전달: 2개
2026-08-21 10:47:51.524 [session=000420] [INFO] [MainThread] 용도 목록 로드: 2개
2026-08-21 10:47:51.524 [session=000420] [INFO] [MainThread] 목적지 목록 로드: 5개
2026-08-21 10:47:51.524 [session=000420] [INFO] [MainThread] 호출벨 관리에 목적지 목록 전달: 5개
2026-08-21 10:47:51.529 [session=000420] [INFO] [MainThread] My IP : 192.168.104.212
2026-08-21 10:47:51.857 [session=000420] [INFO] [SSE-SSE_BATTERY_LOW_SHUTDOWN] [SSE_DIAG] connect attempt tag=SSE_BATTERY_LOW_SHUTDOWN, reconnect=55, url=http://localhost:8080/robot_ec2b/events/battery/low_shutdown
2026-08-21 10:47:51.877 [session=000420] [INFO] [SSE-SSE_BATTERY_LOW_SHUTDOWN] [SSE_DIAG] connected tag=SSE_BATTERY_LOW_SHUTDOWN, status=404, reason=Not Found, elapsed=0.02s, content_type=application/json, url=http://localhost:8080/robot_ec2b/events/battery/low_shutdown
2026-08-21 10:47:51.878 [session=000420] [ERROR] [SSE-SSE_BATTERY_LOW_SHUTDOWN] [SSE_DIAG] non-200 response tag=SSE_BATTERY_LOW_SHUTDOWN, status=404, reason=Not Found, url=http://localhost:8080/robot_ec2b/events/battery/low_shutdown
2026-08-21 10:47:51.881 [session=000420] [INFO] [SSE-SSE_BATTERY_LOW_SHUTDOWN] [SSE_DIAG] reconnect wait tag=SSE_BATTERY_LOW_SHUTDOWN, delay=10s, reconnect=56, reason=HTTP 404, url=http://localhost:8080/robot_ec2b/events/battery/low_shutdown
2026-08-21 10:47:55.489 [session=000420] [INFO] [MainThread] [MAIN_THREAD_HEARTBEAT] GUI main thread alive: thread=MainThread
2026-08-21 10:48:00.490 [session=000420] [INFO] [MainThread] [MAIN_THREAD_HEARTBEAT] GUI main thread alive: thread=MainThread
2026-08-21 10:48:01.491 [session=000420] [DEBUG] [RestApiThread] GetCallBellFromRESTAPI 요청 시작
2026-08-21 10:48:01.494 [session=000420] [DEBUG] [RestApiThread] _get_data: 요청 시작 - tag: REST_API_TAG.GET_CALLBELL, url: http://localhost:8080/robot_ec2b/callbell
2026-08-21 10:48:01.502 [session=000420] [DEBUG] [RestApiThread] _get_data: 요청 전송 완료 - tag: REST_API_TAG.GET_CALLBELL, timeout: 30000ms
2026-08-21 10:48:01.514 [session=000420] [INFO] [MainThread] model_manager set_destinations: unchanged (5 items) - emit skipped
2026-08-21 10:48:01.529 [session=000420] [DEBUG] [RestApiThread] _handle_response 호출됨 - tag: REST_API_TAG.GET_CALLBELL, status_code: 200
2026-08-21 10:48:01.530 [session=000420] [INFO] [ThreadPoolExecutor-5_0] 호출벨 데이터 수신: 5개
2026-08-21 10:48:01.532 [session=000420] [INFO] [MainThread] 호출벨-목적지 동기화 완료: 5개 호출벨
2026-08-21 10:48:01.533 [session=000420] [INFO] [MainThread] 목적지 리스트 반환: destinations=[Destination(name='로비', goal_pose=Pose(x=4.241336459631034, y=-2.361104203714551, qw=0.5097087478206948, qz=0.8603470185890456), bell=Bells(treatment='', suction='64012cd7'), idx=0, color='#e53935'), Destination(name='수술실', goal_pose=Pose(x=4.5199271819089395, y=-3.9219605026851503, qw=0.14533446519134308, qz=-0.9893825818294691), bell=Bells(treatment='', suction='64132cd7'), idx=1, color='#e53935'), Destination(name='진료실', goal_pose=Pose(x=0.11980823444488001, y=-3.735511450600503, qw=0.9963649848510123, qz=0.0851869530083222), bell=Bells(treatment='', suction='64252cd7'), idx=2, color='#e53935'), Destination(name='창고', goal_pose=Pose(x=0.2834625688692579, y=-6.793061814598156, qw=0.5257961572167338, qz=0.850610604834031), bell=Bells(treatment='', suction='64372cd7'), idx=3, color='#e53935'), Destination(name='소독실', goal_pose=Pose(x=-3.4045695907217928, y=-7.611793760201744, qw=0.546869706461766, qz=0.8372177280459497), bell=Bells(treatment='', suction='64492cd7'), idx=4, color='#e53935')]
2026-08-21 10:48:01.533 [session=000420] [INFO] [MainThread] 호출벨 리스트 반환: callbells={'64012cd7': {'name': '호출벨 1', 'usage': 'suction', 'destination': '로비'}, '64132cd7': {'name': '호출벨 2', 'usage': 'suction', 'destination': '수술실'}, '64252cd7': {'name': '호출벨 3', 'usage': 'suction', 'destination': '진료실'}, '64372cd7': {'name': '호출벨 4', 'usage': 'suction', 'destination': '창고'}, '64492cd7': {'name': '호출벨 5', 'usage': 'suction', 'destination': '소독실'}}, robot_usages=['treatment', 'suction']
2026-08-21 10:48:01.534 [session=000420] [INFO] [MainThread] 호출벨 리스트 로드: 5개
2026-08-21 10:48:01.534 [session=000420] [INFO] [MainThread] 호출벨 목록 동일 - UI 재생성 생략
2026-08-21 10:48:01.534 [session=000420] [INFO] [MainThread] 호출벨용 용도 목록 로드 요청
2026-08-21 10:48:01.534 [session=000420] [INFO] [MainThread] 호출벨에 용도 목록 전달: 2개
2026-08-21 10:48:01.535 [session=000420] [INFO] [MainThread] 용도 목록 로드: 2개
2026-08-21 10:48:01.535 [session=000420] [INFO] [MainThread] 목적지 목록 로드: 5개
2026-08-21 10:48:01.535 [session=000420] [INFO] [MainThread] 호출벨 관리에 목적지 목록 전달: 5개
2026-08-21 10:48:01.543 [session=000420] [INFO] [MainThread] My IP : 192.168.104.212
2026-08-21 10:48:01.546 [session=000420] [INFO] [browser-music-sync_0] [BROWSER_MUSIC_SYNC] event=catalog_fetch_started master_base_url=http://127.0.0.1:5051
2026-08-21 10:48:01.577 [session=000420] [INFO] [browser-music-sync_0] [BROWSER_MUSIC_SYNC] event=catalog_fetch_succeeded master_base_url=http://127.0.0.1:5051 item_count=3
2026-08-21 10:48:01.584 [session=000420] [INFO] [RestApiThread] [REST API] 배경 음악 GET 전송: operation=selection_get, url=http://127.0.0.1:5051/api/voice-event-settings/background-music?robot_id=robot_ec2b
2026-08-21 10:48:01.586 [session=000420] [INFO] [RestApiThread] [REST API] 배경 음악 GET 전송: operation=resolved_get, url=http://127.0.0.1:5051/api/voice-event-settings/resolved?robot_id=robot_ec2b
2026-08-21 10:48:01.610 [session=000420] [DEBUG] [RestApiThread] _handle_response 호출됨 - tag: REST_API_TAG.GET_BACKGROUND_MUSIC_SETTING, status_code: 200
2026-08-21 10:48:01.617 [session=000420] [DEBUG] [RestApiThread] _handle_response 호출됨 - tag: REST_API_TAG.GET_RESOLVED_BACKGROUND_MUSIC, status_code: 200
2026-08-21 10:48:01.882 [session=000420] [INFO] [SSE-SSE_BATTERY_LOW_SHUTDOWN] [SSE_DIAG] connect attempt tag=SSE_BATTERY_LOW_SHUTDOWN, reconnect=56, url=http://localhost:8080/robot_ec2b/events/battery/low_shutdown
2026-08-21 10:48:01.903 [session=000420] [INFO] [SSE-SSE_BATTERY_LOW_SHUTDOWN] [SSE_DIAG] connected tag=SSE_BATTERY_LOW_SHUTDOWN, status=404, reason=Not Found, elapsed=0.02s, content_type=application/json, url=http://localhost:8080/robot_ec2b/events/battery/low_shutdown
2026-08-21 10:48:01.908 [session=000420] [ERROR] [SSE-SSE_BATTERY_LOW_SHUTDOWN] [SSE_DIAG] non-200 response tag=SSE_BATTERY_LOW_SHUTDOWN, status=404, reason=Not Found, url=http://localhost:8080/robot_ec2b/events/battery/low_shutdown
2026-08-21 10:48:01.912 [session=000420] [INFO] [SSE-SSE_BATTERY_LOW_SHUTDOWN] [SSE_DIAG] reconnect wait tag=SSE_BATTERY_LOW_SHUTDOWN, delay=10s, reconnect=57, reason=HTTP 404, url=http://localhost:8080/robot_ec2b/events/battery/low_shutdown
2026-08-21 10:48:05.489 [session=000420] [INFO] [MainThread] [MAIN_THREAD_HEARTBEAT] GUI main thread alive: thread=MainThread
2026-08-21 10:48:10.490 [session=000420] [INFO] [MainThread] [MAIN_THREAD_HEARTBEAT] GUI main thread alive: thread=MainThread
2026-08-21 10:48:11.499 [session=000420] [DEBUG] [RestApiThread] GetCallBellFromRESTAPI 요청 시작
2026-08-21 10:48:11.502 [session=000420] [DEBUG] [RestApiThread] _get_data: 요청 시작 - tag: REST_API_TAG.GET_CALLBELL, url: http://localhost:8080/robot_ec2b/callbell
2026-08-21 10:48:11.506 [session=000420] [DEBUG] [RestApiThread] _get_data: 요청 전송 완료 - tag: REST_API_TAG.GET_CALLBELL, timeout: 30000ms
2026-08-21 10:48:11.536 [session=000420] [INFO] [MainThread] model_manager set_destinations: unchanged (5 items) - emit skipped
2026-08-21 10:48:11.538 [session=000420] [DEBUG] [RestApiThread] _handle_response 호출됨 - tag: REST_API_TAG.GET_CALLBELL, status_code: 200
2026-08-21 10:48:11.540 [session=000420] [INFO] [ThreadPoolExecutor-5_1] 호출벨 데이터 수신: 5개
2026-08-21 10:48:11.545 [session=000420] [INFO] [MainThread] 호출벨-목적지 동기화 완료: 5개 호출벨
2026-08-21 10:48:11.549 [session=000420] [INFO] [MainThread] 목적지 리스트 반환: destinations=[Destination(name='로비', goal_pose=Pose(x=4.241336459631034, y=-2.361104203714551, qw=0.5097087478206948, qz=0.8603470185890456), bell=Bells(treatment='', suction='64012cd7'), idx=0, color='#e53935'), Destination(name='수술실', goal_pose=Pose(x=4.5199271819089395, y=-3.9219605026851503, qw=0.14533446519134308, qz=-0.9893825818294691), bell=Bells(treatment='', suction='64132cd7'), idx=1, color='#e53935'), Destination(name='진료실', goal_pose=Pose(x=0.11980823444488001, y=-3.735511450600503, qw=0.9963649848510123, qz=0.0851869530083222), bell=Bells(treatment='', suction='64252cd7'), idx=2, color='#e53935'), Destination(name='창고', goal_pose=Pose(x=0.2834625688692579, y=-6.793061814598156, qw=0.5257961572167338, qz=0.850610604834031), bell=Bells(treatment='', suction='64372cd7'), idx=3, color='#e53935'), Destination(name='소독실', goal_pose=Pose(x=-3.4045695907217928, y=-7.611793760201744, qw=0.546869706461766, qz=0.8372177280459497), bell=Bells(treatment='', suction='64492cd7'), idx=4, color='#e53935')]
2026-08-21 10:48:11.550 [session=000420] [INFO] [MainThread] 호출벨 리스트 반환: callbells={'64012cd7': {'name': '호출벨 1', 'usage': 'suction', 'destination': '로비'}, '64132cd7': {'name': '호출벨 2', 'usage': 'suction', 'destination': '수술실'}, '64252cd7': {'name': '호출벨 3', 'usage': 'suction', 'destination': '진료실'}, '64372cd7': {'name': '호출벨 4', 'usage': 'suction', 'destination': '창고'}, '64492cd7': {'name': '호출벨 5', 'usage': 'suction', 'destination': '소독실'}}, robot_usages=['treatment', 'suction']
2026-08-21 10:48:11.550 [session=000420] [INFO] [MainThread] 호출벨 리스트 로드: 5개
2026-08-21 10:48:11.551 [session=000420] [INFO] [MainThread] 호출벨 목록 동일 - UI 재생성 생략
2026-08-21 10:48:11.552 [session=000420] [INFO] [MainThread] 호출벨용 용도 목록 로드 요청
2026-08-21 10:48:11.554 [session=000420] [INFO] [MainThread] 호출벨에 용도 목록 전달: 2개
2026-08-21 10:48:11.556 [session=000420] [INFO] [MainThread] 용도 목록 로드: 2개
2026-08-21 10:48:11.556 [session=000420] [INFO] [MainThread] 목적지 목록 로드: 5개
2026-08-21 10:48:11.556 [session=000420] [INFO] [MainThread] 호출벨 관리에 목적지 목록 전달: 5개
2026-08-21 10:48:11.557 [session=000420] [INFO] [MainThread] My IP : 192.168.104.212
2026-08-21 10:48:11.918 [session=000420] [INFO] [SSE-SSE_BATTERY_LOW_SHUTDOWN] [SSE_DIAG] connect attempt tag=SSE_BATTERY_LOW_SHUTDOWN, reconnect=57, url=http://localhost:8080/robot_ec2b/events/battery/low_shutdown
2026-08-21 10:48:11.938 [session=000420] [INFO] [SSE-SSE_BATTERY_LOW_SHUTDOWN] [SSE_DIAG] connected tag=SSE_BATTERY_LOW_SHUTDOWN, status=404, reason=Not Found, elapsed=0.02s, content_type=application/json, url=http://localhost:8080/robot_ec2b/events/battery/low_shutdown
2026-08-21 10:48:11.938 [session=000420] [ERROR] [SSE-SSE_BATTERY_LOW_SHUTDOWN] [SSE_DIAG] non-200 response tag=SSE_BATTERY_LOW_SHUTDOWN, status=404, reason=Not Found, url=http://localhost:8080/robot_ec2b/events/battery/low_shutdown
2026-08-21 10:48:11.942 [session=000420] [INFO] [SSE-SSE_BATTERY_LOW_SHUTDOWN] [SSE_DIAG] reconnect wait tag=SSE_BATTERY_LOW_SHUTDOWN, delay=10s, reconnect=58, reason=HTTP 404, url=http://localhost:8080/robot_ec2b/events/battery/low_shutdown
2026-08-21 10:48:15.490 [session=000420] [INFO] [MainThread] [MAIN_THREAD_HEARTBEAT] GUI main thread alive: thread=MainThread
2026-08-21 10:48:20.489 [session=000420] [INFO] [MainThread] [MAIN_THREAD_HEARTBEAT] GUI main thread alive: thread=MainThread
2026-08-21 10:48:21.495 [session=000420] [DEBUG] [RestApiThread] GetCallBellFromRESTAPI 요청 시작
2026-08-21 10:48:21.500 [session=000420] [DEBUG] [RestApiThread] _get_data: 요청 시작 - tag: REST_API_TAG.GET_CALLBELL, url: http://localhost:8080/robot_ec2b/callbell
2026-08-21 10:48:21.501 [session=000420] [DEBUG] [RestApiThread] _get_data: 요청 전송 완료 - tag: REST_API_TAG.GET_CALLBELL, timeout: 30000ms
2026-08-21 10:48:21.509 [session=000420] [INFO] [MainThread] model_manager set_destinations: unchanged (5 items) - emit skipped
2026-08-21 10:48:21.534 [session=000420] [DEBUG] [RestApiThread] _handle_response 호출됨 - tag: REST_API_TAG.GET_CALLBELL, status_code: 200
2026-08-21 10:48:21.535 [session=000420] [INFO] [ThreadPoolExecutor-5_1] 호출벨 데이터 수신: 5개
2026-08-21 10:48:21.537 [session=000420] [INFO] [MainThread] 호출벨-목적지 동기화 완료: 5개 호출벨
2026-08-21 10:48:21.537 [session=000420] [INFO] [MainThread] 목적지 리스트 반환: destinations=[Destination(name='로비', goal_pose=Pose(x=4.241336459631034, y=-2.361104203714551, qw=0.5097087478206948, qz=0.8603470185890456), bell=Bells(treatment='', suction='64012cd7'), idx=0, color='#e53935'), Destination(name='수술실', goal_pose=Pose(x=4.5199271819089395, y=-3.9219605026851503, qw=0.14533446519134308, qz=-0.9893825818294691), bell=Bells(treatment='', suction='64132cd7'), idx=1, color='#e53935'), Destination(name='진료실', goal_pose=Pose(x=0.11980823444488001, y=-3.735511450600503, qw=0.9963649848510123, qz=0.0851869530083222), bell=Bells(treatment='', suction='64252cd7'), idx=2, color='#e53935'), Destination(name='창고', goal_pose=Pose(x=0.2834625688692579, y=-6.793061814598156, qw=0.5257961572167338, qz=0.850610604834031), bell=Bells(treatment='', suction='64372cd7'), idx=3, color='#e53935'), Destination(name='소독실', goal_pose=Pose(x=-3.4045695907217928, y=-7.611793760201744, qw=0.546869706461766, qz=0.8372177280459497), bell=Bells(treatment='', suction='64492cd7'), idx=4, color='#e53935')]
2026-08-21 10:48:21.539 [session=000420] [INFO] [MainThread] 호출벨 리스트 반환: callbells={'64012cd7': {'name': '호출벨 1', 'usage': 'suction', 'destination': '로비'}, '64132cd7': {'name': '호출벨 2', 'usage': 'suction', 'destination': '수술실'}, '64252cd7': {'name': '호출벨 3', 'usage': 'suction', 'destination': '진료실'}, '64372cd7': {'name': '호출벨 4', 'usage': 'suction', 'destination': '창고'}, '64492cd7': {'name': '호출벨 5', 'usage': 'suction', 'destination': '소독실'}}, robot_usages=['treatment', 'suction']
2026-08-21 10:48:21.539 [session=000420] [INFO] [MainThread] 호출벨 리스트 로드: 5개
2026-08-21 10:48:21.540 [session=000420] [INFO] [MainThread] 호출벨 목록 동일 - UI 재생성 생략
2026-08-21 10:48:21.540 [session=000420] [INFO] [MainThread] 호출벨용 용도 목록 로드 요청
2026-08-21 10:48:21.540 [session=000420] [INFO] [MainThread] 호출벨에 용도 목록 전달: 2개
2026-08-21 10:48:21.540 [session=000420] [INFO] [MainThread] 용도 목록 로드: 2개
2026-08-21 10:48:21.541 [session=000420] [INFO] [MainThread] 목적지 목록 로드: 5개
2026-08-21 10:48:21.541 [session=000420] [INFO] [MainThread] 호출벨 관리에 목적지 목록 전달: 5개
2026-08-21 10:48:21.541 [session=000420] [INFO] [MainThread] My IP : 192.168.104.212
2026-08-21 10:48:21.945 [session=000420] [INFO] [SSE-SSE_BATTERY_LOW_SHUTDOWN] [SSE_DIAG] connect attempt tag=SSE_BATTERY_LOW_SHUTDOWN, reconnect=58, url=http://localhost:8080/robot_ec2b/events/battery/low_shutdown
2026-08-21 10:48:21.957 [session=000420] [INFO] [SSE-SSE_BATTERY_LOW_SHUTDOWN] [SSE_DIAG] connected tag=SSE_BATTERY_LOW_SHUTDOWN, status=404, reason=Not Found, elapsed=0.01s, content_type=application/json, url=http://localhost:8080/robot_ec2b/events/battery/low_shutdown
2026-08-21 10:48:21.958 [session=000420] [ERROR] [SSE-SSE_BATTERY_LOW_SHUTDOWN] [SSE_DIAG] non-200 response tag=SSE_BATTERY_LOW_SHUTDOWN, status=404, reason=Not Found, url=http://localhost:8080/robot_ec2b/events/battery/low_shutdown
2026-08-21 10:48:21.961 [session=000420] [INFO] [SSE-SSE_BATTERY_LOW_SHUTDOWN] [SSE_DIAG] reconnect wait tag=SSE_BATTERY_LOW_SHUTDOWN, delay=10s, reconnect=59, reason=HTTP 404, url=http://localhost:8080/robot_ec2b/events/battery/low_shutdown
2026-08-21 10:48:25.489 [session=000420] [INFO] [MainThread] [MAIN_THREAD_HEARTBEAT] GUI main thread alive: thread=MainThread
2026-08-21 10:48:30.489 [session=000420] [INFO] [MainThread] [MAIN_THREAD_HEARTBEAT] GUI main thread alive: thread=MainThread
2026-08-21 10:48:31.497 [session=000420] [DEBUG] [RestApiThread] GetCallBellFromRESTAPI 요청 시작
2026-08-21 10:48:31.508 [session=000420] [DEBUG] [RestApiThread] _get_data: 요청 시작 - tag: REST_API_TAG.GET_CALLBELL, url: http://localhost:8080/robot_ec2b/callbell
2026-08-21 10:48:31.510 [session=000420] [DEBUG] [RestApiThread] _get_data: 요청 전송 완료 - tag: REST_API_TAG.GET_CALLBELL, timeout: 30000ms
2026-08-21 10:48:31.514 [session=000420] [INFO] [MainThread] model_manager set_destinations: unchanged (5 items) - emit skipped
2026-08-21 10:48:31.531 [session=000420] [DEBUG] [RestApiThread] _handle_response 호출됨 - tag: REST_API_TAG.GET_CALLBELL, status_code: 200
2026-08-21 10:48:31.533 [session=000420] [INFO] [ThreadPoolExecutor-5_1] 호출벨 데이터 수신: 5개
2026-08-21 10:48:31.535 [session=000420] [INFO] [MainThread] 호출벨-목적지 동기화 완료: 5개 호출벨
2026-08-21 10:48:31.536 [session=000420] [INFO] [MainThread] 목적지 리스트 반환: destinations=[Destination(name='로비', goal_pose=Pose(x=4.241336459631034, y=-2.361104203714551, qw=0.5097087478206948, qz=0.8603470185890456), bell=Bells(treatment='', suction='64012cd7'), idx=0, color='#e53935'), Destination(name='수술실', goal_pose=Pose(x=4.5199271819089395, y=-3.9219605026851503, qw=0.14533446519134308, qz=-0.9893825818294691), bell=Bells(treatment='', suction='64132cd7'), idx=1, color='#e53935'), Destination(name='진료실', goal_pose=Pose(x=0.11980823444488001, y=-3.735511450600503, qw=0.9963649848510123, qz=0.0851869530083222), bell=Bells(treatment='', suction='64252cd7'), idx=2, color='#e53935'), Destination(name='창고', goal_pose=Pose(x=0.2834625688692579, y=-6.793061814598156, qw=0.5257961572167338, qz=0.850610604834031), bell=Bells(treatment='', suction='64372cd7'), idx=3, color='#e53935'), Destination(name='소독실', goal_pose=Pose(x=-3.4045695907217928, y=-7.611793760201744, qw=0.546869706461766, qz=0.8372177280459497), bell=Bells(treatment='', suction='64492cd7'), idx=4, color='#e53935')]
2026-08-21 10:48:31.536 [session=000420] [INFO] [MainThread] 호출벨 리스트 반환: callbells={'64012cd7': {'name': '호출벨 1', 'usage': 'suction', 'destination': '로비'}, '64132cd7': {'name': '호출벨 2', 'usage': 'suction', 'destination': '수술실'}, '64252cd7': {'name': '호출벨 3', 'usage': 'suction', 'destination': '진료실'}, '64372cd7': {'name': '호출벨 4', 'usage': 'suction', 'destination': '창고'}, '64492cd7': {'name': '호출벨 5', 'usage': 'suction', 'destination': '소독실'}}, robot_usages=['treatment', 'suction']
2026-08-21 10:48:31.536 [session=000420] [INFO] [MainThread] 호출벨 리스트 로드: 5개
2026-08-21 10:48:31.537 [session=000420] [INFO] [MainThread] 호출벨 목록 동일 - UI 재생성 생략
2026-08-21 10:48:31.540 [session=000420] [INFO] [MainThread] 호출벨용 용도 목록 로드 요청
2026-08-21 10:48:31.540 [session=000420] [INFO] [MainThread] 호출벨에 용도 목록 전달: 2개
2026-08-21 10:48:31.541 [session=000420] [INFO] [MainThread] 용도 목록 로드: 2개
2026-08-21 10:48:31.541 [session=000420] [INFO] [MainThread] 목적지 목록 로드: 5개
2026-08-21 10:48:31.541 [session=000420] [INFO] [MainThread] 호출벨 관리에 목적지 목록 전달: 5개
2026-08-21 10:48:31.542 [session=000420] [INFO] [MainThread] My IP : 192.168.104.212
2026-08-21 10:48:31.962 [session=000420] [INFO] [SSE-SSE_BATTERY_LOW_SHUTDOWN] [SSE_DIAG] connect attempt tag=SSE_BATTERY_LOW_SHUTDOWN, reconnect=59, url=http://localhost:8080/robot_ec2b/events/battery/low_shutdown
2026-08-21 10:48:31.978 [session=000420] [INFO] [SSE-SSE_BATTERY_LOW_SHUTDOWN] [SSE_DIAG] connected tag=SSE_BATTERY_LOW_SHUTDOWN, status=404, reason=Not Found, elapsed=0.02s, content_type=application/json, url=http://localhost:8080/robot_ec2b/events/battery/low_shutdown
2026-08-21 10:48:31.979 [session=000420] [ERROR] [SSE-SSE_BATTERY_LOW_SHUTDOWN] [SSE_DIAG] non-200 response tag=SSE_BATTERY_LOW_SHUTDOWN, status=404, reason=Not Found, url=http://localhost:8080/robot_ec2b/events/battery/low_shutdown
2026-08-21 10:48:31.981 [session=000420] [INFO] [SSE-SSE_BATTERY_LOW_SHUTDOWN] [SSE_DIAG] reconnect wait tag=SSE_BATTERY_LOW_SHUTDOWN, delay=10s, reconnect=60, reason=HTTP 404, url=http://localhost:8080/robot_ec2b/events/battery/low_shutdown
2026-08-21 10:48:35.489 [session=000420] [INFO] [MainThread] [MAIN_THREAD_HEARTBEAT] GUI main thread alive: thread=MainThread
2026-08-21 10:48:40.490 [session=000420] [INFO] [MainThread] [MAIN_THREAD_HEARTBEAT] GUI main thread alive: thread=MainThread
2026-08-21 10:48:41.496 [session=000420] [DEBUG] [RestApiThread] GetCallBellFromRESTAPI 요청 시작
2026-08-21 10:48:41.498 [session=000420] [DEBUG] [RestApiThread] _get_data: 요청 시작 - tag: REST_API_TAG.GET_CALLBELL, url: http://localhost:8080/robot_ec2b/callbell
2026-08-21 10:48:41.500 [session=000420] [DEBUG] [RestApiThread] _get_data: 요청 전송 완료 - tag: REST_API_TAG.GET_CALLBELL, timeout: 30000ms
2026-08-21 10:48:41.501 [session=000420] [INFO] [RestApiThread] _handle_response (CYCLIC 정상) - tag: REST_API_TAG.GET_DESTINATIONS, status: 200, pending→2
2026-08-21 10:48:41.506 [session=000420] [INFO] [MainThread] model_manager set_destinations: unchanged (5 items) - emit skipped
2026-08-21 10:48:41.516 [session=000420] [DEBUG] [RestApiThread] _handle_response 호출됨 - tag: REST_API_TAG.GET_CALLBELL, status_code: 200
2026-08-21 10:48:41.526 [session=000420] [INFO] [ThreadPoolExecutor-5_1] 호출벨 데이터 수신: 5개
2026-08-21 10:48:41.528 [session=000420] [INFO] [RestApiThread] _handle_response (CYCLIC 정상) - tag: REST_API_TAG.GET_MASTER_IP_ADDRESS, status: 200, pending→0
2026-08-21 10:48:41.529 [session=000420] [INFO] [MainThread] 호출벨-목적지 동기화 완료: 5개 호출벨
2026-08-21 10:48:41.530 [session=000420] [INFO] [MainThread] 목적지 리스트 반환: destinations=[Destination(name='로비', goal_pose=Pose(x=4.241336459631034, y=-2.361104203714551, qw=0.5097087478206948, qz=0.8603470185890456), bell=Bells(treatment='', suction='64012cd7'), idx=0, color='#e53935'), Destination(name='수술실', goal_pose=Pose(x=4.5199271819089395, y=-3.9219605026851503, qw=0.14533446519134308, qz=-0.9893825818294691), bell=Bells(treatment='', suction='64132cd7'), idx=1, color='#e53935'), Destination(name='진료실', goal_pose=Pose(x=0.11980823444488001, y=-3.735511450600503, qw=0.9963649848510123, qz=0.0851869530083222), bell=Bells(treatment='', suction='64252cd7'), idx=2, color='#e53935'), Destination(name='창고', goal_pose=Pose(x=0.2834625688692579, y=-6.793061814598156, qw=0.5257961572167338, qz=0.850610604834031), bell=Bells(treatment='', suction='64372cd7'), idx=3, color='#e53935'), Destination(name='소독실', goal_pose=Pose(x=-3.4045695907217928, y=-7.611793760201744, qw=0.546869706461766, qz=0.8372177280459497), bell=Bells(treatment='', suction='64492cd7'), idx=4, color='#e53935')]
2026-08-21 10:48:41.530 [session=000420] [INFO] [MainThread] 호출벨 리스트 반환: callbells={'64012cd7': {'name': '호출벨 1', 'usage': 'suction', 'destination': '로비'}, '64132cd7': {'name': '호출벨 2', 'usage': 'suction', 'destination': '수술실'}, '64252cd7': {'name': '호출벨 3', 'usage': 'suction', 'destination': '진료실'}, '64372cd7': {'name': '호출벨 4', 'usage': 'suction', 'destination': '창고'}, '64492cd7': {'name': '호출벨 5', 'usage': 'suction', 'destination': '소독실'}}, robot_usages=['treatment', 'suction']
2026-08-21 10:48:41.531 [session=000420] [INFO] [MainThread] 호출벨 리스트 로드: 5개
2026-08-21 10:48:41.531 [session=000420] [INFO] [MainThread] 호출벨 목록 동일 - UI 재생성 생략
2026-08-21 10:48:41.532 [session=000420] [INFO] [MainThread] 호출벨용 용도 목록 로드 요청
2026-08-21 10:48:41.532 [session=000420] [INFO] [MainThread] 호출벨에 용도 목록 전달: 2개
2026-08-21 10:48:41.532 [session=000420] [INFO] [MainThread] 용도 목록 로드: 2개
2026-08-21 10:48:41.532 [session=000420] [INFO] [MainThread] 목적지 목록 로드: 5개
2026-08-21 10:48:41.532 [session=000420] [INFO] [MainThread] 호출벨 관리에 목적지 목록 전달: 5개
2026-08-21 10:48:41.533 [session=000420] [INFO] [MainThread] My IP : 192.168.104.212
2026-08-21 10:48:41.548 [session=000420] [INFO] [browser-music-sync_0] [BROWSER_MUSIC_SYNC] event=catalog_fetch_started master_base_url=http://127.0.0.1:5051
2026-08-21 10:48:41.578 [session=000420] [INFO] [browser-music-sync_0] [BROWSER_MUSIC_SYNC] event=catalog_fetch_succeeded master_base_url=http://127.0.0.1:5051 item_count=3
2026-08-21 10:48:41.592 [session=000420] [INFO] [RestApiThread] [REST API] 배경 음악 GET 전송: operation=selection_get, url=http://127.0.0.1:5051/api/voice-event-settings/background-music?robot_id=robot_ec2b
2026-08-21 10:48:41.593 [session=000420] [INFO] [RestApiThread] [REST API] 배경 음악 GET 전송: operation=resolved_get, url=http://127.0.0.1:5051/api/voice-event-settings/resolved?robot_id=robot_ec2b
2026-08-21 10:48:41.612 [session=000420] [DEBUG] [RestApiThread] _handle_response 호출됨 - tag: REST_API_TAG.GET_BACKGROUND_MUSIC_SETTING, status_code: 200
2026-08-21 10:48:41.616 [session=000420] [DEBUG] [RestApiThread] _handle_response 호출됨 - tag: REST_API_TAG.GET_RESOLVED_BACKGROUND_MUSIC, status_code: 200
2026-08-21 10:48:41.986 [session=000420] [INFO] [SSE-SSE_BATTERY_LOW_SHUTDOWN] [SSE_DIAG] connect attempt tag=SSE_BATTERY_LOW_SHUTDOWN, reconnect=60, url=http://localhost:8080/robot_ec2b/events/battery/low_shutdown
2026-08-21 10:48:42.002 [session=000420] [INFO] [SSE-SSE_BATTERY_LOW_SHUTDOWN] [SSE_DIAG] connected tag=SSE_BATTERY_LOW_SHUTDOWN, status=404, reason=Not Found, elapsed=0.01s, content_type=application/json, url=http://localhost:8080/robot_ec2b/events/battery/low_shutdown
2026-08-21 10:48:42.002 [session=000420] [ERROR] [SSE-SSE_BATTERY_LOW_SHUTDOWN] [SSE_DIAG] non-200 response tag=SSE_BATTERY_LOW_SHUTDOWN, status=404, reason=Not Found, url=http://localhost:8080/robot_ec2b/events/battery/low_shutdown
2026-08-21 10:48:42.008 [session=000420] [INFO] [SSE-SSE_BATTERY_LOW_SHUTDOWN] [SSE_DIAG] reconnect wait tag=SSE_BATTERY_LOW_SHUTDOWN, delay=10s, reconnect=61, reason=HTTP 404, url=http://localhost:8080/robot_ec2b/events/battery/low_shutdown
2026-08-21 10:48:45.489 [session=000420] [INFO] [MainThread] [MAIN_THREAD_HEARTBEAT] GUI main thread alive: thread=MainThread
2026-08-21 10:48:50.489 [session=000420] [INFO] [MainThread] [MAIN_THREAD_HEARTBEAT] GUI main thread alive: thread=MainThread
2026-08-21 10:48:51.491 [session=000420] [DEBUG] [RestApiThread] GetCallBellFromRESTAPI 요청 시작
2026-08-21 10:48:51.496 [session=000420] [DEBUG] [RestApiThread] _get_data: 요청 시작 - tag: REST_API_TAG.GET_CALLBELL, url: http://localhost:8080/robot_ec2b/callbell
2026-08-21 10:48:51.497 [session=000420] [DEBUG] [RestApiThread] _get_data: 요청 전송 완료 - tag: REST_API_TAG.GET_CALLBELL, timeout: 30000ms
2026-08-21 10:48:51.501 [session=000420] [INFO] [MainThread] model_manager set_destinations: unchanged (5 items) - emit skipped
2026-08-21 10:48:51.526 [session=000420] [DEBUG] [RestApiThread] _handle_response 호출됨 - tag: REST_API_TAG.GET_CALLBELL, status_code: 200
2026-08-21 10:48:51.527 [session=000420] [INFO] [ThreadPoolExecutor-5_0] 호출벨 데이터 수신: 5개
2026-08-21 10:48:51.528 [session=000420] [INFO] [MainThread] 호출벨-목적지 동기화 완료: 5개 호출벨
2026-08-21 10:48:51.529 [session=000420] [INFO] [MainThread] 목적지 리스트 반환: destinations=[Destination(name='로비', goal_pose=Pose(x=4.241336459631034, y=-2.361104203714551, qw=0.5097087478206948, qz=0.8603470185890456), bell=Bells(treatment='', suction='64012cd7'), idx=0, color='#e53935'), Destination(name='수술실', goal_pose=Pose(x=4.5199271819089395, y=-3.9219605026851503, qw=0.14533446519134308, qz=-0.9893825818294691), bell=Bells(treatment='', suction='64132cd7'), idx=1, color='#e53935'), Destination(name='진료실', goal_pose=Pose(x=0.11980823444488001, y=-3.735511450600503, qw=0.9963649848510123, qz=0.0851869530083222), bell=Bells(treatment='', suction='64252cd7'), idx=2, color='#e53935'), Destination(name='창고', goal_pose=Pose(x=0.2834625688692579, y=-6.793061814598156, qw=0.5257961572167338, qz=0.850610604834031), bell=Bells(treatment='', suction='64372cd7'), idx=3, color='#e53935'), Destination(name='소독실', goal_pose=Pose(x=-3.4045695907217928, y=-7.611793760201744, qw=0.546869706461766, qz=0.8372177280459497), bell=Bells(treatment='', suction='64492cd7'), idx=4, color='#e53935')]
2026-08-21 10:48:51.529 [session=000420] [INFO] [MainThread] 호출벨 리스트 반환: callbells={'64012cd7': {'name': '호출벨 1', 'usage': 'suction', 'destination': '로비'}, '64132cd7': {'name': '호출벨 2', 'usage': 'suction', 'destination': '수술실'}, '64252cd7': {'name': '호출벨 3', 'usage': 'suction', 'destination': '진료실'}, '64372cd7': {'name': '호출벨 4', 'usage': 'suction', 'destination': '창고'}, '64492cd7': {'name': '호출벨 5', 'usage': 'suction', 'destination': '소독실'}}, robot_usages=['treatment', 'suction']
2026-08-21 10:48:51.530 [session=000420] [INFO] [MainThread] 호출벨 리스트 로드: 5개
2026-08-21 10:48:51.530 [session=000420] [INFO] [MainThread] 호출벨 목록 동일 - UI 재생성 생략
2026-08-21 10:48:51.530 [session=000420] [INFO] [MainThread] 호출벨용 용도 목록 로드 요청
2026-08-21 10:48:51.531 [session=000420] [INFO] [MainThread] 호출벨에 용도 목록 전달: 2개
2026-08-21 10:48:51.531 [session=000420] [INFO] [MainThread] 용도 목록 로드: 2개
2026-08-21 10:48:51.531 [session=000420] [INFO] [MainThread] 목적지 목록 로드: 5개
2026-08-21 10:48:51.531 [session=000420] [INFO] [MainThread] 호출벨 관리에 목적지 목록 전달: 5개
2026-08-21 10:48:51.533 [session=000420] [INFO] [MainThread] My IP : 192.168.104.212
2026-08-21 10:48:52.009 [session=000420] [INFO] [SSE-SSE_BATTERY_LOW_SHUTDOWN] [SSE_DIAG] connect attempt tag=SSE_BATTERY_LOW_SHUTDOWN, reconnect=61, url=http://localhost:8080/robot_ec2b/events/battery/low_shutdown
2026-08-21 10:48:52.019 [session=000420] [INFO] [SSE-SSE_BATTERY_LOW_SHUTDOWN] [SSE_DIAG] connected tag=SSE_BATTERY_LOW_SHUTDOWN, status=404, reason=Not Found, elapsed=0.01s, content_type=application/json, url=http://localhost:8080/robot_ec2b/events/battery/low_shutdown
2026-08-21 10:48:52.019 [session=000420] [ERROR] [SSE-SSE_BATTERY_LOW_SHUTDOWN] [SSE_DIAG] non-200 response tag=SSE_BATTERY_LOW_SHUTDOWN, status=404, reason=Not Found, url=http://localhost:8080/robot_ec2b/events/battery/low_shutdown
2026-08-21 10:48:52.033 [session=000420] [INFO] [SSE-SSE_BATTERY_LOW_SHUTDOWN] [SSE_DIAG] reconnect wait tag=SSE_BATTERY_LOW_SHUTDOWN, delay=10s, reconnect=62, reason=HTTP 404, url=http://localhost:8080/robot_ec2b/events/battery/low_shutdown
2026-08-21 10:48:55.490 [session=000420] [INFO] [MainThread] [MAIN_THREAD_HEARTBEAT] GUI main thread alive: thread=MainThread
2026-08-21 10:49:00.489 [session=000420] [INFO] [MainThread] [MAIN_THREAD_HEARTBEAT] GUI main thread alive: thread=MainThread
2026-08-21 10:49:01.491 [session=000420] [DEBUG] [RestApiThread] GetCallBellFromRESTAPI 요청 시작
2026-08-21 10:49:01.496 [session=000420] [DEBUG] [RestApiThread] _get_data: 요청 시작 - tag: REST_API_TAG.GET_CALLBELL, url: http://localhost:8080/robot_ec2b/callbell
2026-08-21 10:49:01.497 [session=000420] [DEBUG] [RestApiThread] _get_data: 요청 전송 완료 - tag: REST_API_TAG.GET_CALLBELL, timeout: 30000ms
2026-08-21 10:49:01.500 [session=000420] [INFO] [MainThread] model_manager set_destinations: unchanged (5 items) - emit skipped
2026-08-21 10:49:01.533 [session=000420] [DEBUG] [RestApiThread] _handle_response 호출됨 - tag: REST_API_TAG.GET_CALLBELL, status_code: 200
2026-08-21 10:49:01.538 [session=000420] [INFO] [ThreadPoolExecutor-5_0] 호출벨 데이터 수신: 5개
2026-08-21 10:49:01.541 [session=000420] [INFO] [MainThread] 호출벨-목적지 동기화 완료: 5개 호출벨
2026-08-21 10:49:01.541 [session=000420] [INFO] [MainThread] 목적지 리스트 반환: destinations=[Destination(name='로비', goal_pose=Pose(x=4.241336459631034, y=-2.361104203714551, qw=0.5097087478206948, qz=0.8603470185890456), bell=Bells(treatment='', suction='64012cd7'), idx=0, color='#e53935'), Destination(name='수술실', goal_pose=Pose(x=4.5199271819089395, y=-3.9219605026851503, qw=0.14533446519134308, qz=-0.9893825818294691), bell=Bells(treatment='', suction='64132cd7'), idx=1, color='#e53935'), Destination(name='진료실', goal_pose=Pose(x=0.11980823444488001, y=-3.735511450600503, qw=0.9963649848510123, qz=0.0851869530083222), bell=Bells(treatment='', suction='64252cd7'), idx=2, color='#e53935'), Destination(name='창고', goal_pose=Pose(x=0.2834625688692579, y=-6.793061814598156, qw=0.5257961572167338, qz=0.850610604834031), bell=Bells(treatment='', suction='64372cd7'), idx=3, color='#e53935'), Destination(name='소독실', goal_pose=Pose(x=-3.4045695907217928, y=-7.611793760201744, qw=0.546869706461766, qz=0.8372177280459497), bell=Bells(treatment='', suction='64492cd7'), idx=4, color='#e53935')]
2026-08-21 10:49:01.541 [session=000420] [INFO] [MainThread] 호출벨 리스트 반환: callbells={'64012cd7': {'name': '호출벨 1', 'usage': 'suction', 'destination': '로비'}, '64132cd7': {'name': '호출벨 2', 'usage': 'suction', 'destination': '수술실'}, '64252cd7': {'name': '호출벨 3', 'usage': 'suction', 'destination': '진료실'}, '64372cd7': {'name': '호출벨 4', 'usage': 'suction', 'destination': '창고'}, '64492cd7': {'name': '호출벨 5', 'usage': 'suction', 'destination': '소독실'}}, robot_usages=['treatment', 'suction']
2026-08-21 10:49:01.541 [session=000420] [INFO] [MainThread] 호출벨 리스트 로드: 5개
2026-08-21 10:49:01.542 [session=000420] [INFO] [MainThread] 호출벨 목록 동일 - UI 재생성 생략
2026-08-21 10:49:01.542 [session=000420] [INFO] [MainThread] 호출벨용 용도 목록 로드 요청
2026-08-21 10:49:01.542 [session=000420] [INFO] [MainThread] 호출벨에 용도 목록 전달: 2개
2026-08-21 10:49:01.542 [session=000420] [INFO] [MainThread] 용도 목록 로드: 2개
2026-08-21 10:49:01.542 [session=000420] [INFO] [MainThread] 목적지 목록 로드: 5개
2026-08-21 10:49:01.542 [session=000420] [INFO] [MainThread] 호출벨 관리에 목적지 목록 전달: 5개
2026-08-21 10:49:01.543 [session=000420] [INFO] [MainThread] My IP : 192.168.104.212
2026-08-21 10:49:02.035 [session=000420] [INFO] [SSE-SSE_BATTERY_LOW_SHUTDOWN] [SSE_DIAG] connect attempt tag=SSE_BATTERY_LOW_SHUTDOWN, reconnect=62, url=http://localhost:8080/robot_ec2b/events/battery/low_shutdown
2026-08-21 10:49:02.048 [session=000420] [INFO] [SSE-SSE_BATTERY_LOW_SHUTDOWN] [SSE_DIAG] connected tag=SSE_BATTERY_LOW_SHUTDOWN, status=404, reason=Not Found, elapsed=0.01s, content_type=application/json, url=http://localhost:8080/robot_ec2b/events/battery/low_shutdown
2026-08-21 10:49:02.050 [session=000420] [ERROR] [SSE-SSE_BATTERY_LOW_SHUTDOWN] [SSE_DIAG] non-200 response tag=SSE_BATTERY_LOW_SHUTDOWN, status=404, reason=Not Found, url=http://localhost:8080/robot_ec2b/events/battery/low_shutdown
2026-08-21 10:49:02.052 [session=000420] [INFO] [SSE-SSE_BATTERY_LOW_SHUTDOWN] [SSE_DIAG] reconnect wait tag=SSE_BATTERY_LOW_SHUTDOWN, delay=10s, reconnect=63, reason=HTTP 404, url=http://localhost:8080/robot_ec2b/events/battery/low_shutdown
2026-08-21 10:49:05.489 [session=000420] [INFO] [MainThread] [MAIN_THREAD_HEARTBEAT] GUI main thread alive: thread=MainThread
2026-08-21 10:49:10.490 [session=000420] [INFO] [MainThread] [MAIN_THREAD_HEARTBEAT] GUI main thread alive: thread=MainThread
2026-08-21 10:49:11.493 [session=000420] [DEBUG] [RestApiThread] GetCallBellFromRESTAPI 요청 시작
2026-08-21 10:49:11.503 [session=000420] [DEBUG] [RestApiThread] _get_data: 요청 시작 - tag: REST_API_TAG.GET_CALLBELL, url: http://localhost:8080/robot_ec2b/callbell
2026-08-21 10:49:11.504 [session=000420] [DEBUG] [RestApiThread] _get_data: 요청 전송 완료 - tag: REST_API_TAG.GET_CALLBELL, timeout: 30000ms
2026-08-21 10:49:11.514 [session=000420] [INFO] [MainThread] model_manager set_destinations: unchanged (5 items) - emit skipped
2026-08-21 10:49:11.525 [session=000420] [DEBUG] [RestApiThread] _handle_response 호출됨 - tag: REST_API_TAG.GET_CALLBELL, status_code: 200
2026-08-21 10:49:11.526 [session=000420] [INFO] [ThreadPoolExecutor-5_1] 호출벨 데이터 수신: 5개
2026-08-21 10:49:11.529 [session=000420] [INFO] [MainThread] 호출벨-목적지 동기화 완료: 5개 호출벨
2026-08-21 10:49:11.529 [session=000420] [INFO] [MainThread] 목적지 리스트 반환: destinations=[Destination(name='로비', goal_pose=Pose(x=4.241336459631034, y=-2.361104203714551, qw=0.5097087478206948, qz=0.8603470185890456), bell=Bells(treatment='', suction='64012cd7'), idx=0, color='#e53935'), Destination(name='수술실', goal_pose=Pose(x=4.5199271819089395, y=-3.9219605026851503, qw=0.14533446519134308, qz=-0.9893825818294691), bell=Bells(treatment='', suction='64132cd7'), idx=1, color='#e53935'), Destination(name='진료실', goal_pose=Pose(x=0.11980823444488001, y=-3.735511450600503, qw=0.9963649848510123, qz=0.0851869530083222), bell=Bells(treatment='', suction='64252cd7'), idx=2, color='#e53935'), Destination(name='창고', goal_pose=Pose(x=0.2834625688692579, y=-6.793061814598156, qw=0.5257961572167338, qz=0.850610604834031), bell=Bells(treatment='', suction='64372cd7'), idx=3, color='#e53935'), Destination(name='소독실', goal_pose=Pose(x=-3.4045695907217928, y=-7.611793760201744, qw=0.546869706461766, qz=0.8372177280459497), bell=Bells(treatment='', suction='64492cd7'), idx=4, color='#e53935')]
2026-08-21 10:49:11.530 [session=000420] [INFO] [MainThread] 호출벨 리스트 반환: callbells={'64012cd7': {'name': '호출벨 1', 'usage': 'suction', 'destination': '로비'}, '64132cd7': {'name': '호출벨 2', 'usage': 'suction', 'destination': '수술실'}, '64252cd7': {'name': '호출벨 3', 'usage': 'suction', 'destination': '진료실'}, '64372cd7': {'name': '호출벨 4', 'usage': 'suction', 'destination': '창고'}, '64492cd7': {'name': '호출벨 5', 'usage': 'suction', 'destination': '소독실'}}, robot_usages=['treatment', 'suction']
2026-08-21 10:49:11.531 [session=000420] [INFO] [MainThread] 호출벨 리스트 로드: 5개
2026-08-21 10:49:11.532 [session=000420] [INFO] [MainThread] 호출벨 목록 동일 - UI 재생성 생략
2026-08-21 10:49:11.532 [session=000420] [INFO] [MainThread] 호출벨용 용도 목록 로드 요청
2026-08-21 10:49:11.533 [session=000420] [INFO] [MainThread] 호출벨에 용도 목록 전달: 2개
2026-08-21 10:49:11.533 [session=000420] [INFO] [MainThread] 용도 목록 로드: 2개
2026-08-21 10:49:11.534 [session=000420] [INFO] [MainThread] 목적지 목록 로드: 5개
2026-08-21 10:49:11.534 [session=000420] [INFO] [MainThread] 호출벨 관리에 목적지 목록 전달: 5개
2026-08-21 10:49:11.535 [session=000420] [INFO] [MainThread] My IP : 192.168.104.212
2026-08-21 10:49:12.053 [session=000420] [INFO] [SSE-SSE_BATTERY_LOW_SHUTDOWN] [SSE_DIAG] connect attempt tag=SSE_BATTERY_LOW_SHUTDOWN, reconnect=63, url=http://localhost:8080/robot_ec2b/events/battery/low_shutdown
2026-08-21 10:49:12.078 [session=000420] [INFO] [SSE-SSE_BATTERY_LOW_SHUTDOWN] [SSE_DIAG] connected tag=SSE_BATTERY_LOW_SHUTDOWN, status=404, reason=Not Found, elapsed=0.03s, content_type=application/json, url=http://localhost:8080/robot_ec2b/events/battery/low_shutdown
2026-08-21 10:49:12.079 [session=000420] [ERROR] [SSE-SSE_BATTERY_LOW_SHUTDOWN] [SSE_DIAG] non-200 response tag=SSE_BATTERY_LOW_SHUTDOWN, status=404, reason=Not Found, url=http://localhost:8080/robot_ec2b/events/battery/low_shutdown
2026-08-21 10:49:12.081 [session=000420] [INFO] [SSE-SSE_BATTERY_LOW_SHUTDOWN] [SSE_DIAG] reconnect wait tag=SSE_BATTERY_LOW_SHUTDOWN, delay=10s, reconnect=64, reason=HTTP 404, url=http://localhost:8080/robot_ec2b/events/battery/low_shutdown
2026-08-21 10:49:15.489 [session=000420] [INFO] [MainThread] [MAIN_THREAD_HEARTBEAT] GUI main thread alive: thread=MainThread
2026-08-21 10:49:20.489 [session=000420] [INFO] [MainThread] [MAIN_THREAD_HEARTBEAT] GUI main thread alive: thread=MainThread
2026-08-21 10:49:21.491 [session=000420] [DEBUG] [RestApiThread] GetCallBellFromRESTAPI 요청 시작
2026-08-21 10:49:21.495 [session=000420] [DEBUG] [RestApiThread] _get_data: 요청 시작 - tag: REST_API_TAG.GET_CALLBELL, url: http://localhost:8080/robot_ec2b/callbell
2026-08-21 10:49:21.496 [session=000420] [DEBUG] [RestApiThread] _get_data: 요청 전송 완료 - tag: REST_API_TAG.GET_CALLBELL, timeout: 30000ms
2026-08-21 10:49:21.508 [session=000420] [DEBUG] [RestApiThread] _handle_response 호출됨 - tag: REST_API_TAG.GET_CALLBELL, status_code: 200
2026-08-21 10:49:21.510 [session=000420] [INFO] [ThreadPoolExecutor-5_0] 호출벨 데이터 수신: 5개
2026-08-21 10:49:21.512 [session=000420] [INFO] [MainThread] model_manager set_destinations: unchanged (5 items) - emit skipped
2026-08-21 10:49:21.518 [session=000420] [INFO] [MainThread] 호출벨-목적지 동기화 완료: 5개 호출벨
2026-08-21 10:49:21.519 [session=000420] [INFO] [MainThread] 목적지 리스트 반환: destinations=[Destination(name='로비', goal_pose=Pose(x=4.241336459631034, y=-2.361104203714551, qw=0.5097087478206948, qz=0.8603470185890456), bell=Bells(treatment='', suction='64012cd7'), idx=0, color='#e53935'), Destination(name='수술실', goal_pose=Pose(x=4.5199271819089395, y=-3.9219605026851503, qw=0.14533446519134308, qz=-0.9893825818294691), bell=Bells(treatment='', suction='64132cd7'), idx=1, color='#e53935'), Destination(name='진료실', goal_pose=Pose(x=0.11980823444488001, y=-3.735511450600503, qw=0.9963649848510123, qz=0.0851869530083222), bell=Bells(treatment='', suction='64252cd7'), idx=2, color='#e53935'), Destination(name='창고', goal_pose=Pose(x=0.2834625688692579, y=-6.793061814598156, qw=0.5257961572167338, qz=0.850610604834031), bell=Bells(treatment='', suction='64372cd7'), idx=3, color='#e53935'), Destination(name='소독실', goal_pose=Pose(x=-3.4045695907217928, y=-7.611793760201744, qw=0.546869706461766, qz=0.8372177280459497), bell=Bells(treatment='', suction='64492cd7'), idx=4, color='#e53935')]
2026-08-21 10:49:21.520 [session=000420] [INFO] [MainThread] 호출벨 리스트 반환: callbells={'64012cd7': {'name': '호출벨 1', 'usage': 'suction', 'destination': '로비'}, '64132cd7': {'name': '호출벨 2', 'usage': 'suction', 'destination': '수술실'}, '64252cd7': {'name': '호출벨 3', 'usage': 'suction', 'destination': '진료실'}, '64372cd7': {'name': '호출벨 4', 'usage': 'suction', 'destination': '창고'}, '64492cd7': {'name': '호출벨 5', 'usage': 'suction', 'destination': '소독실'}}, robot_usages=['treatment', 'suction']
2026-08-21 10:49:21.522 [session=000420] [INFO] [MainThread] 호출벨 리스트 로드: 5개
2026-08-21 10:49:21.523 [session=000420] [INFO] [MainThread] 호출벨 목록 동일 - UI 재생성 생략
2026-08-21 10:49:21.524 [session=000420] [INFO] [MainThread] 호출벨용 용도 목록 로드 요청
2026-08-21 10:49:21.526 [session=000420] [INFO] [MainThread] 호출벨에 용도 목록 전달: 2개
2026-08-21 10:49:21.527 [session=000420] [INFO] [MainThread] 용도 목록 로드: 2개
2026-08-21 10:49:21.528 [session=000420] [INFO] [MainThread] 목적지 목록 로드: 5개
2026-08-21 10:49:21.528 [session=000420] [INFO] [MainThread] 호출벨 관리에 목적지 목록 전달: 5개
2026-08-21 10:49:21.530 [session=000420] [INFO] [MainThread] My IP : 192.168.104.212
2026-08-21 10:49:21.533 [session=000420] [INFO] [browser-music-sync_0] [BROWSER_MUSIC_SYNC] event=catalog_fetch_started master_base_url=http://127.0.0.1:5051
2026-08-21 10:49:21.564 [session=000420] [INFO] [browser-music-sync_0] [BROWSER_MUSIC_SYNC] event=catalog_fetch_succeeded master_base_url=http://127.0.0.1:5051 item_count=3
2026-08-21 10:49:21.571 [session=000420] [INFO] [RestApiThread] [REST API] 배경 음악 GET 전송: operation=selection_get, url=http://127.0.0.1:5051/api/voice-event-settings/background-music?robot_id=robot_ec2b
2026-08-21 10:49:21.572 [session=000420] [INFO] [RestApiThread] [REST API] 배경 음악 GET 전송: operation=resolved_get, url=http://127.0.0.1:5051/api/voice-event-settings/resolved?robot_id=robot_ec2b
2026-08-21 10:49:21.597 [session=000420] [DEBUG] [RestApiThread] _handle_response 호출됨 - tag: REST_API_TAG.GET_BACKGROUND_MUSIC_SETTING, status_code: 200
2026-08-21 10:49:21.599 [session=000420] [DEBUG] [RestApiThread] _handle_response 호출됨 - tag: REST_API_TAG.GET_RESOLVED_BACKGROUND_MUSIC, status_code: 200
2026-08-21 10:49:22.082 [session=000420] [INFO] [SSE-SSE_BATTERY_LOW_SHUTDOWN] [SSE_DIAG] connect attempt tag=SSE_BATTERY_LOW_SHUTDOWN, reconnect=64, url=http://localhost:8080/robot_ec2b/events/battery/low_shutdown
2026-08-21 10:49:22.094 [session=000420] [INFO] [SSE-SSE_BATTERY_LOW_SHUTDOWN] [SSE_DIAG] connected tag=SSE_BATTERY_LOW_SHUTDOWN, status=404, reason=Not Found, elapsed=0.01s, content_type=application/json, url=http://localhost:8080/robot_ec2b/events/battery/low_shutdown
2026-08-21 10:49:22.094 [session=000420] [ERROR] [SSE-SSE_BATTERY_LOW_SHUTDOWN] [SSE_DIAG] non-200 response tag=SSE_BATTERY_LOW_SHUTDOWN, status=404, reason=Not Found, url=http://localhost:8080/robot_ec2b/events/battery/low_shutdown
2026-08-21 10:49:22.097 [session=000420] [INFO] [SSE-SSE_BATTERY_LOW_SHUTDOWN] [SSE_DIAG] reconnect wait tag=SSE_BATTERY_LOW_SHUTDOWN, delay=10s, reconnect=65, reason=HTTP 404, url=http://localhost:8080/robot_ec2b/events/battery/low_shutdown
2026-08-21 10:49:25.489 [session=000420] [INFO] [MainThread] [MAIN_THREAD_HEARTBEAT] GUI main thread alive: thread=MainThread
2026-08-21 10:49:30.489 [session=000420] [INFO] [MainThread] [MAIN_THREAD_HEARTBEAT] GUI main thread alive: thread=MainThread
2026-08-21 10:49:31.492 [session=000420] [DEBUG] [RestApiThread] GetCallBellFromRESTAPI 요청 시작
2026-08-21 10:49:31.496 [session=000420] [DEBUG] [RestApiThread] _get_data: 요청 시작 - tag: REST_API_TAG.GET_CALLBELL, url: http://localhost:8080/robot_ec2b/callbell
2026-08-21 10:49:31.498 [session=000420] [DEBUG] [RestApiThread] _get_data: 요청 전송 완료 - tag: REST_API_TAG.GET_CALLBELL, timeout: 30000ms
2026-08-21 10:49:31.503 [session=000420] [INFO] [MainThread] model_manager set_destinations: unchanged (5 items) - emit skipped
2026-08-21 10:49:31.517 [session=000420] [DEBUG] [RestApiThread] _handle_response 호출됨 - tag: REST_API_TAG.GET_CALLBELL, status_code: 200
2026-08-21 10:49:31.518 [session=000420] [INFO] [ThreadPoolExecutor-5_1] 호출벨 데이터 수신: 5개
2026-08-21 10:49:31.520 [session=000420] [INFO] [MainThread] 호출벨-목적지 동기화 완료: 5개 호출벨
2026-08-21 10:49:31.520 [session=000420] [INFO] [MainThread] 목적지 리스트 반환: destinations=[Destination(name='로비', goal_pose=Pose(x=4.241336459631034, y=-2.361104203714551, qw=0.5097087478206948, qz=0.8603470185890456), bell=Bells(treatment='', suction='64012cd7'), idx=0, color='#e53935'), Destination(name='수술실', goal_pose=Pose(x=4.5199271819089395, y=-3.9219605026851503, qw=0.14533446519134308, qz=-0.9893825818294691), bell=Bells(treatment='', suction='64132cd7'), idx=1, color='#e53935'), Destination(name='진료실', goal_pose=Pose(x=0.11980823444488001, y=-3.735511450600503, qw=0.9963649848510123, qz=0.0851869530083222), bell=Bells(treatment='', suction='64252cd7'), idx=2, color='#e53935'), Destination(name='창고', goal_pose=Pose(x=0.2834625688692579, y=-6.793061814598156, qw=0.5257961572167338, qz=0.850610604834031), bell=Bells(treatment='', suction='64372cd7'), idx=3, color='#e53935'), Destination(name='소독실', goal_pose=Pose(x=-3.4045695907217928, y=-7.611793760201744, qw=0.546869706461766, qz=0.8372177280459497), bell=Bells(treatment='', suction='64492cd7'), idx=4, color='#e53935')]
2026-08-21 10:49:31.521 [session=000420] [INFO] [MainThread] 호출벨 리스트 반환: callbells={'64012cd7': {'name': '호출벨 1', 'usage': 'suction', 'destination': '로비'}, '64132cd7': {'name': '호출벨 2', 'usage': 'suction', 'destination': '수술실'}, '64252cd7': {'name': '호출벨 3', 'usage': 'suction', 'destination': '진료실'}, '64372cd7': {'name': '호출벨 4', 'usage': 'suction', 'destination': '창고'}, '64492cd7': {'name': '호출벨 5', 'usage': 'suction', 'destination': '소독실'}}, robot_usages=['treatment', 'suction']
2026-08-21 10:49:31.521 [session=000420] [INFO] [MainThread] 호출벨 리스트 로드: 5개
2026-08-21 10:49:31.521 [session=000420] [INFO] [MainThread] 호출벨 목록 동일 - UI 재생성 생략
2026-08-21 10:49:31.521 [session=000420] [INFO] [MainThread] 호출벨용 용도 목록 로드 요청
2026-08-21 10:49:31.522 [session=000420] [INFO] [MainThread] 호출벨에 용도 목록 전달: 2개
2026-08-21 10:49:31.522 [session=000420] [INFO] [MainThread] 용도 목록 로드: 2개
2026-08-21 10:49:31.522 [session=000420] [INFO] [MainThread] 목적지 목록 로드: 5개
2026-08-21 10:49:31.523 [session=000420] [INFO] [MainThread] 호출벨 관리에 목적지 목록 전달: 5개
2026-08-21 10:49:31.531 [session=000420] [INFO] [MainThread] My IP : 192.168.104.212
2026-08-21 10:49:32.098 [session=000420] [INFO] [SSE-SSE_BATTERY_LOW_SHUTDOWN] [SSE_DIAG] connect attempt tag=SSE_BATTERY_LOW_SHUTDOWN, reconnect=65, url=http://localhost:8080/robot_ec2b/events/battery/low_shutdown
2026-08-21 10:49:32.110 [session=000420] [INFO] [SSE-SSE_BATTERY_LOW_SHUTDOWN] [SSE_DIAG] connected tag=SSE_BATTERY_LOW_SHUTDOWN, status=404, reason=Not Found, elapsed=0.01s, content_type=application/json, url=http://localhost:8080/robot_ec2b/events/battery/low_shutdown
2026-08-21 10:49:32.111 [session=000420] [ERROR] [SSE-SSE_BATTERY_LOW_SHUTDOWN] [SSE_DIAG] non-200 response tag=SSE_BATTERY_LOW_SHUTDOWN, status=404, reason=Not Found, url=http://localhost:8080/robot_ec2b/events/battery/low_shutdown
2026-08-21 10:49:32.114 [session=000420] [INFO] [SSE-SSE_BATTERY_LOW_SHUTDOWN] [SSE_DIAG] reconnect wait tag=SSE_BATTERY_LOW_SHUTDOWN, delay=10s, reconnect=66, reason=HTTP 404, url=http://localhost:8080/robot_ec2b/events/battery/low_shutdown
2026-08-21 10:49:35.489 [session=000420] [INFO] [MainThread] [MAIN_THREAD_HEARTBEAT] GUI main thread alive: thread=MainThread
2026-08-21 10:49:40.489 [session=000420] [INFO] [MainThread] [MAIN_THREAD_HEARTBEAT] GUI main thread alive: thread=MainThread
2026-08-21 10:49:41.491 [session=000420] [DEBUG] [RestApiThread] GetCallBellFromRESTAPI 요청 시작
2026-08-21 10:49:41.496 [session=000420] [DEBUG] [RestApiThread] _get_data: 요청 시작 - tag: REST_API_TAG.GET_CALLBELL, url: http://localhost:8080/robot_ec2b/callbell
2026-08-21 10:49:41.497 [session=000420] [DEBUG] [RestApiThread] _get_data: 요청 전송 완료 - tag: REST_API_TAG.GET_CALLBELL, timeout: 30000ms
2026-08-21 10:49:41.498 [session=000420] [INFO] [MainThread] model_manager set_destinations: unchanged (5 items) - emit skipped
2026-08-21 10:49:41.502 [session=000420] [DEBUG] [RestApiThread] _handle_response 호출됨 - tag: REST_API_TAG.GET_CALLBELL, status_code: 200
2026-08-21 10:49:41.503 [session=000420] [INFO] [ThreadPoolExecutor-5_1] 호출벨 데이터 수신: 5개
2026-08-21 10:49:41.504 [session=000420] [INFO] [MainThread] 호출벨-목적지 동기화 완료: 5개 호출벨
2026-08-21 10:49:41.504 [session=000420] [INFO] [MainThread] 목적지 리스트 반환: destinations=[Destination(name='로비', goal_pose=Pose(x=4.241336459631034, y=-2.361104203714551, qw=0.5097087478206948, qz=0.8603470185890456), bell=Bells(treatment='', suction='64012cd7'), idx=0, color='#e53935'), Destination(name='수술실', goal_pose=Pose(x=4.5199271819089395, y=-3.9219605026851503, qw=0.14533446519134308, qz=-0.9893825818294691), bell=Bells(treatment='', suction='64132cd7'), idx=1, color='#e53935'), Destination(name='진료실', goal_pose=Pose(x=0.11980823444488001, y=-3.735511450600503, qw=0.9963649848510123, qz=0.0851869530083222), bell=Bells(treatment='', suction='64252cd7'), idx=2, color='#e53935'), Destination(name='창고', goal_pose=Pose(x=0.2834625688692579, y=-6.793061814598156, qw=0.5257961572167338, qz=0.850610604834031), bell=Bells(treatment='', suction='64372cd7'), idx=3, color='#e53935'), Destination(name='소독실', goal_pose=Pose(x=-3.4045695907217928, y=-7.611793760201744, qw=0.546869706461766, qz=0.8372177280459497), bell=Bells(treatment='', suction='64492cd7'), idx=4, color='#e53935')]
2026-08-21 10:49:41.504 [session=000420] [INFO] [MainThread] 호출벨 리스트 반환: callbells={'64012cd7': {'name': '호출벨 1', 'usage': 'suction', 'destination': '로비'}, '64132cd7': {'name': '호출벨 2', 'usage': 'suction', 'destination': '수술실'}, '64252cd7': {'name': '호출벨 3', 'usage': 'suction', 'destination': '진료실'}, '64372cd7': {'name': '호출벨 4', 'usage': 'suction', 'destination': '창고'}, '64492cd7': {'name': '호출벨 5', 'usage': 'suction', 'destination': '소독실'}}, robot_usages=['treatment', 'suction']
2026-08-21 10:49:41.505 [session=000420] [INFO] [MainThread] 호출벨 리스트 로드: 5개
2026-08-21 10:49:41.505 [session=000420] [INFO] [MainThread] 호출벨 목록 동일 - UI 재생성 생략
2026-08-21 10:49:41.508 [session=000420] [INFO] [MainThread] 호출벨용 용도 목록 로드 요청
2026-08-21 10:49:41.509 [session=000420] [INFO] [MainThread] 호출벨에 용도 목록 전달: 2개
2026-08-21 10:49:41.509 [session=000420] [INFO] [MainThread] 용도 목록 로드: 2개
2026-08-21 10:49:41.510 [session=000420] [INFO] [MainThread] 목적지 목록 로드: 5개
2026-08-21 10:49:41.510 [session=000420] [INFO] [MainThread] 호출벨 관리에 목적지 목록 전달: 5개
2026-08-21 10:49:41.523 [session=000420] [INFO] [MainThread] My IP : 192.168.104.212
2026-08-21 10:49:42.115 [session=000420] [INFO] [SSE-SSE_BATTERY_LOW_SHUTDOWN] [SSE_DIAG] connect attempt tag=SSE_BATTERY_LOW_SHUTDOWN, reconnect=66, url=http://localhost:8080/robot_ec2b/events/battery/low_shutdown
2026-08-21 10:49:42.134 [session=000420] [INFO] [SSE-SSE_BATTERY_LOW_SHUTDOWN] [SSE_DIAG] connected tag=SSE_BATTERY_LOW_SHUTDOWN, status=404, reason=Not Found, elapsed=0.02s, content_type=application/json, url=http://localhost:8080/robot_ec2b/events/battery/low_shutdown
2026-08-21 10:49:42.135 [session=000420] [ERROR] [SSE-SSE_BATTERY_LOW_SHUTDOWN] [SSE_DIAG] non-200 response tag=SSE_BATTERY_LOW_SHUTDOWN, status=404, reason=Not Found, url=http://localhost:8080/robot_ec2b/events/battery/low_shutdown
2026-08-21 10:49:42.137 [session=000420] [INFO] [SSE-SSE_BATTERY_LOW_SHUTDOWN] [SSE_DIAG] reconnect wait tag=SSE_BATTERY_LOW_SHUTDOWN, delay=10s, reconnect=67, reason=HTTP 404, url=http://localhost:8080/robot_ec2b/events/battery/low_shutdown
2026-08-21 10:49:45.490 [session=000420] [INFO] [MainThread] [MAIN_THREAD_HEARTBEAT] GUI main thread alive: thread=MainThread
2026-08-21 10:49:50.489 [session=000420] [INFO] [MainThread] [MAIN_THREAD_HEARTBEAT] GUI main thread alive: thread=MainThread
2026-08-21 10:49:51.491 [session=000420] [DEBUG] [RestApiThread] GetCallBellFromRESTAPI 요청 시작
2026-08-21 10:49:51.497 [session=000420] [DEBUG] [RestApiThread] _get_data: 요청 시작 - tag: REST_API_TAG.GET_CALLBELL, url: http://localhost:8080/robot_ec2b/callbell
2026-08-21 10:49:51.498 [session=000420] [DEBUG] [RestApiThread] _get_data: 요청 전송 완료 - tag: REST_API_TAG.GET_CALLBELL, timeout: 30000ms
2026-08-21 10:49:51.502 [session=000420] [INFO] [MainThread] model_manager set_destinations: unchanged (5 items) - emit skipped
2026-08-21 10:49:51.523 [session=000420] [DEBUG] [RestApiThread] _handle_response 호출됨 - tag: REST_API_TAG.GET_CALLBELL, status_code: 200
2026-08-21 10:49:51.524 [session=000420] [INFO] [ThreadPoolExecutor-5_0] 호출벨 데이터 수신: 5개
2026-08-21 10:49:51.526 [session=000420] [INFO] [MainThread] 호출벨-목적지 동기화 완료: 5개 호출벨
2026-08-21 10:49:51.527 [session=000420] [INFO] [MainThread] 목적지 리스트 반환: destinations=[Destination(name='로비', goal_pose=Pose(x=4.241336459631034, y=-2.361104203714551, qw=0.5097087478206948, qz=0.8603470185890456), bell=Bells(treatment='', suction='64012cd7'), idx=0, color='#e53935'), Destination(name='수술실', goal_pose=Pose(x=4.5199271819089395, y=-3.9219605026851503, qw=0.14533446519134308, qz=-0.9893825818294691), bell=Bells(treatment='', suction='64132cd7'), idx=1, color='#e53935'), Destination(name='진료실', goal_pose=Pose(x=0.11980823444488001, y=-3.735511450600503, qw=0.9963649848510123, qz=0.0851869530083222), bell=Bells(treatment='', suction='64252cd7'), idx=2, color='#e53935'), Destination(name='창고', goal_pose=Pose(x=0.2834625688692579, y=-6.793061814598156, qw=0.5257961572167338, qz=0.850610604834031), bell=Bells(treatment='', suction='64372cd7'), idx=3, color='#e53935'), Destination(name='소독실', goal_pose=Pose(x=-3.4045695907217928, y=-7.611793760201744, qw=0.546869706461766, qz=0.8372177280459497), bell=Bells(treatment='', suction='64492cd7'), idx=4, color='#e53935')]
2026-08-21 10:49:51.527 [session=000420] [INFO] [MainThread] 호출벨 리스트 반환: callbells={'64012cd7': {'name': '호출벨 1', 'usage': 'suction', 'destination': '로비'}, '64132cd7': {'name': '호출벨 2', 'usage': 'suction', 'destination': '수술실'}, '64252cd7': {'name': '호출벨 3', 'usage': 'suction', 'destination': '진료실'}, '64372cd7': {'name': '호출벨 4', 'usage': 'suction', 'destination': '창고'}, '64492cd7': {'name': '호출벨 5', 'usage': 'suction', 'destination': '소독실'}}, robot_usages=['treatment', 'suction']
2026-08-21 10:49:51.528 [session=000420] [INFO] [MainThread] 호출벨 리스트 로드: 5개
2026-08-21 10:49:51.528 [session=000420] [INFO] [MainThread] 호출벨 목록 동일 - UI 재생성 생략
2026-08-21 10:49:51.528 [session=000420] [INFO] [MainThread] 호출벨용 용도 목록 로드 요청
2026-08-21 10:49:51.529 [session=000420] [INFO] [MainThread] 호출벨에 용도 목록 전달: 2개
2026-08-21 10:49:51.529 [session=000420] [INFO] [MainThread] 용도 목록 로드: 2개
2026-08-21 10:49:51.529 [session=000420] [INFO] [MainThread] 목적지 목록 로드: 5개
2026-08-21 10:49:51.529 [session=000420] [INFO] [MainThread] 호출벨 관리에 목적지 목록 전달: 5개
2026-08-21 10:49:51.535 [session=000420] [INFO] [MainThread] My IP : 192.168.104.212
2026-08-21 10:49:52.139 [session=000420] [INFO] [SSE-SSE_BATTERY_LOW_SHUTDOWN] [SSE_DIAG] connect attempt tag=SSE_BATTERY_LOW_SHUTDOWN, reconnect=67, url=http://localhost:8080/robot_ec2b/events/battery/low_shutdown
2026-08-21 10:49:52.150 [session=000420] [INFO] [SSE-SSE_BATTERY_LOW_SHUTDOWN] [SSE_DIAG] connected tag=SSE_BATTERY_LOW_SHUTDOWN, status=404, reason=Not Found, elapsed=0.01s, content_type=application/json, url=http://localhost:8080/robot_ec2b/events/battery/low_shutdown
2026-08-21 10:49:52.150 [session=000420] [ERROR] [SSE-SSE_BATTERY_LOW_SHUTDOWN] [SSE_DIAG] non-200 response tag=SSE_BATTERY_LOW_SHUTDOWN, status=404, reason=Not Found, url=http://localhost:8080/robot_ec2b/events/battery/low_shutdown
2026-08-21 10:49:52.152 [session=000420] [INFO] [SSE-SSE_BATTERY_LOW_SHUTDOWN] [SSE_DIAG] reconnect wait tag=SSE_BATTERY_LOW_SHUTDOWN, delay=10s, reconnect=68, reason=HTTP 404, url=http://localhost:8080/robot_ec2b/events/battery/low_shutdown
2026-08-21 10:49:55.489 [session=000420] [INFO] [MainThread] [MAIN_THREAD_HEARTBEAT] GUI main thread alive: thread=MainThread
2026-08-21 10:50:00.489 [session=000420] [INFO] [MainThread] [MAIN_THREAD_HEARTBEAT] GUI main thread alive: thread=MainThread
2026-08-21 10:50:01.490 [session=000420] [DEBUG] [RestApiThread] GetCallBellFromRESTAPI 요청 시작
2026-08-21 10:50:01.497 [session=000420] [DEBUG] [RestApiThread] _get_data: 요청 시작 - tag: REST_API_TAG.GET_CALLBELL, url: http://localhost:8080/robot_ec2b/callbell
2026-08-21 10:50:01.498 [session=000420] [DEBUG] [RestApiThread] _get_data: 요청 전송 완료 - tag: REST_API_TAG.GET_CALLBELL, timeout: 30000ms
2026-08-21 10:50:01.510 [session=000420] [INFO] [MainThread] model_manager set_destinations: unchanged (5 items) - emit skipped
2026-08-21 10:50:01.534 [session=000420] [DEBUG] [RestApiThread] _handle_response 호출됨 - tag: REST_API_TAG.GET_CALLBELL, status_code: 200
2026-08-21 10:50:01.535 [session=000420] [INFO] [ThreadPoolExecutor-5_1] 호출벨 데이터 수신: 5개
2026-08-21 10:50:01.536 [session=000420] [INFO] [MainThread] 호출벨-목적지 동기화 완료: 5개 호출벨
2026-08-21 10:50:01.537 [session=000420] [INFO] [MainThread] 목적지 리스트 반환: destinations=[Destination(name='로비', goal_pose=Pose(x=4.241336459631034, y=-2.361104203714551, qw=0.5097087478206948, qz=0.8603470185890456), bell=Bells(treatment='', suction='64012cd7'), idx=0, color='#e53935'), Destination(name='수술실', goal_pose=Pose(x=4.5199271819089395, y=-3.9219605026851503, qw=0.14533446519134308, qz=-0.9893825818294691), bell=Bells(treatment='', suction='64132cd7'), idx=1, color='#e53935'), Destination(name='진료실', goal_pose=Pose(x=0.11980823444488001, y=-3.735511450600503, qw=0.9963649848510123, qz=0.0851869530083222), bell=Bells(treatment='', suction='64252cd7'), idx=2, color='#e53935'), Destination(name='창고', goal_pose=Pose(x=0.2834625688692579, y=-6.793061814598156, qw=0.5257961572167338, qz=0.850610604834031), bell=Bells(treatment='', suction='64372cd7'), idx=3, color='#e53935'), Destination(name='소독실', goal_pose=Pose(x=-3.4045695907217928, y=-7.611793760201744, qw=0.546869706461766, qz=0.8372177280459497), bell=Bells(treatment='', suction='64492cd7'), idx=4, color='#e53935')]
2026-08-21 10:50:01.537 [session=000420] [INFO] [MainThread] 호출벨 리스트 반환: callbells={'64012cd7': {'name': '호출벨 1', 'usage': 'suction', 'destination': '로비'}, '64132cd7': {'name': '호출벨 2', 'usage': 'suction', 'destination': '수술실'}, '64252cd7': {'name': '호출벨 3', 'usage': 'suction', 'destination': '진료실'}, '64372cd7': {'name': '호출벨 4', 'usage': 'suction', 'destination': '창고'}, '64492cd7': {'name': '호출벨 5', 'usage': 'suction', 'destination': '소독실'}}, robot_usages=['treatment', 'suction']
2026-08-21 10:50:01.538 [session=000420] [INFO] [MainThread] 호출벨 리스트 로드: 5개
2026-08-21 10:50:01.538 [session=000420] [INFO] [MainThread] 호출벨 목록 동일 - UI 재생성 생략
2026-08-21 10:50:01.538 [session=000420] [INFO] [MainThread] 호출벨용 용도 목록 로드 요청
2026-08-21 10:50:01.538 [session=000420] [INFO] [MainThread] 호출벨에 용도 목록 전달: 2개
2026-08-21 10:50:01.538 [session=000420] [INFO] [MainThread] 용도 목록 로드: 2개
2026-08-21 10:50:01.539 [session=000420] [INFO] [MainThread] 목적지 목록 로드: 5개
2026-08-21 10:50:01.539 [session=000420] [INFO] [MainThread] 호출벨 관리에 목적지 목록 전달: 5개
2026-08-21 10:50:01.539 [session=000420] [INFO] [MainThread] My IP : 192.168.104.212
2026-08-21 10:50:01.541 [session=000420] [INFO] [browser-music-sync_0] [BROWSER_MUSIC_SYNC] event=catalog_fetch_started master_base_url=http://127.0.0.1:5051
2026-08-21 10:50:01.570 [session=000420] [INFO] [browser-music-sync_0] [BROWSER_MUSIC_SYNC] event=catalog_fetch_succeeded master_base_url=http://127.0.0.1:5051 item_count=3
2026-08-21 10:50:01.589 [session=000420] [INFO] [RestApiThread] [REST API] 배경 음악 GET 전송: operation=selection_get, url=http://127.0.0.1:5051/api/voice-event-settings/background-music?robot_id=robot_ec2b
2026-08-21 10:50:01.593 [session=000420] [INFO] [RestApiThread] [REST API] 배경 음악 GET 전송: operation=resolved_get, url=http://127.0.0.1:5051/api/voice-event-settings/resolved?robot_id=robot_ec2b
2026-08-21 10:50:01.609 [session=000420] [DEBUG] [RestApiThread] _handle_response 호출됨 - tag: REST_API_TAG.GET_BACKGROUND_MUSIC_SETTING, status_code: 200
2026-08-21 10:50:01.617 [session=000420] [DEBUG] [RestApiThread] _handle_response 호출됨 - tag: REST_API_TAG.GET_RESOLVED_BACKGROUND_MUSIC, status_code: 200
2026-08-21 10:50:02.153 [session=000420] [INFO] [SSE-SSE_BATTERY_LOW_SHUTDOWN] [SSE_DIAG] connect attempt tag=SSE_BATTERY_LOW_SHUTDOWN, reconnect=68, url=http://localhost:8080/robot_ec2b/events/battery/low_shutdown
2026-08-21 10:50:02.168 [session=000420] [INFO] [SSE-SSE_BATTERY_LOW_SHUTDOWN] [SSE_DIAG] connected tag=SSE_BATTERY_LOW_SHUTDOWN, status=404, reason=Not Found, elapsed=0.01s, content_type=application/json, url=http://localhost:8080/robot_ec2b/events/battery/low_shutdown
2026-08-21 10:50:02.168 [session=000420] [ERROR] [SSE-SSE_BATTERY_LOW_SHUTDOWN] [SSE_DIAG] non-200 response tag=SSE_BATTERY_LOW_SHUTDOWN, status=404, reason=Not Found, url=http://localhost:8080/robot_ec2b/events/battery/low_shutdown
2026-08-21 10:50:02.170 [session=000420] [INFO] [SSE-SSE_BATTERY_LOW_SHUTDOWN] [SSE_DIAG] reconnect wait tag=SSE_BATTERY_LOW_SHUTDOWN, delay=10s, reconnect=69, reason=HTTP 404, url=http://localhost:8080/robot_ec2b/events/battery/low_shutdown
2026-08-21 10:50:05.489 [session=000420] [INFO] [MainThread] [MAIN_THREAD_HEARTBEAT] GUI main thread alive: thread=MainThread
2026-08-21 10:50:10.490 [session=000420] [INFO] [MainThread] [MAIN_THREAD_HEARTBEAT] GUI main thread alive: thread=MainThread
2026-08-21 10:50:11.497 [session=000420] [DEBUG] [RestApiThread] GetCallBellFromRESTAPI 요청 시작
2026-08-21 10:50:11.511 [session=000420] [DEBUG] [RestApiThread] _get_data: 요청 시작 - tag: REST_API_TAG.GET_CALLBELL, url: http://localhost:8080/robot_ec2b/callbell
2026-08-21 10:50:11.513 [session=000420] [DEBUG] [RestApiThread] _get_data: 요청 전송 완료 - tag: REST_API_TAG.GET_CALLBELL, timeout: 30000ms
2026-08-21 10:50:11.520 [session=000420] [INFO] [MainThread] model_manager set_destinations: unchanged (5 items) - emit skipped
2026-08-21 10:50:11.522 [session=000420] [DEBUG] [RestApiThread] _handle_response 호출됨 - tag: REST_API_TAG.GET_CALLBELL, status_code: 200
2026-08-21 10:50:11.523 [session=000420] [INFO] [ThreadPoolExecutor-5_0] 호출벨 데이터 수신: 5개
2026-08-21 10:50:11.526 [session=000420] [INFO] [MainThread] 호출벨-목적지 동기화 완료: 5개 호출벨
2026-08-21 10:50:11.527 [session=000420] [INFO] [MainThread] 목적지 리스트 반환: destinations=[Destination(name='로비', goal_pose=Pose(x=4.241336459631034, y=-2.361104203714551, qw=0.5097087478206948, qz=0.8603470185890456), bell=Bells(treatment='', suction='64012cd7'), idx=0, color='#e53935'), Destination(name='수술실', goal_pose=Pose(x=4.5199271819089395, y=-3.9219605026851503, qw=0.14533446519134308, qz=-0.9893825818294691), bell=Bells(treatment='', suction='64132cd7'), idx=1, color='#e53935'), Destination(name='진료실', goal_pose=Pose(x=0.11980823444488001, y=-3.735511450600503, qw=0.9963649848510123, qz=0.0851869530083222), bell=Bells(treatment='', suction='64252cd7'), idx=2, color='#e53935'), Destination(name='창고', goal_pose=Pose(x=0.2834625688692579, y=-6.793061814598156, qw=0.5257961572167338, qz=0.850610604834031), bell=Bells(treatment='', suction='64372cd7'), idx=3, color='#e53935'), Destination(name='소독실', goal_pose=Pose(x=-3.4045695907217928, y=-7.611793760201744, qw=0.546869706461766, qz=0.8372177280459497), bell=Bells(treatment='', suction='64492cd7'), idx=4, color='#e53935')]
2026-08-21 10:50:11.528 [session=000420] [INFO] [MainThread] 호출벨 리스트 반환: callbells={'64012cd7': {'name': '호출벨 1', 'usage': 'suction', 'destination': '로비'}, '64132cd7': {'name': '호출벨 2', 'usage': 'suction', 'destination': '수술실'}, '64252cd7': {'name': '호출벨 3', 'usage': 'suction', 'destination': '진료실'}, '64372cd7': {'name': '호출벨 4', 'usage': 'suction', 'destination': '창고'}, '64492cd7': {'name': '호출벨 5', 'usage': 'suction', 'destination': '소독실'}}, robot_usages=['treatment', 'suction']
2026-08-21 10:50:11.529 [session=000420] [INFO] [MainThread] 호출벨 리스트 로드: 5개
2026-08-21 10:50:11.530 [session=000420] [INFO] [MainThread] 호출벨 목록 동일 - UI 재생성 생략
2026-08-21 10:50:11.530 [session=000420] [INFO] [MainThread] 호출벨용 용도 목록 로드 요청
2026-08-21 10:50:11.530 [session=000420] [INFO] [MainThread] 호출벨에 용도 목록 전달: 2개
2026-08-21 10:50:11.531 [session=000420] [INFO] [MainThread] 용도 목록 로드: 2개
2026-08-21 10:50:11.531 [session=000420] [INFO] [MainThread] 목적지 목록 로드: 5개
2026-08-21 10:50:11.531 [session=000420] [INFO] [MainThread] 호출벨 관리에 목적지 목록 전달: 5개
2026-08-21 10:50:11.543 [session=000420] [INFO] [MainThread] My IP : 192.168.104.212
2026-08-21 10:50:12.172 [session=000420] [INFO] [SSE-SSE_BATTERY_LOW_SHUTDOWN] [SSE_DIAG] connect attempt tag=SSE_BATTERY_LOW_SHUTDOWN, reconnect=69, url=http://localhost:8080/robot_ec2b/events/battery/low_shutdown
2026-08-21 10:50:12.184 [session=000420] [INFO] [SSE-SSE_BATTERY_LOW_SHUTDOWN] [SSE_DIAG] connected tag=SSE_BATTERY_LOW_SHUTDOWN, status=404, reason=Not Found, elapsed=0.01s, content_type=application/json, url=http://localhost:8080/robot_ec2b/events/battery/low_shutdown
2026-08-21 10:50:12.185 [session=000420] [ERROR] [SSE-SSE_BATTERY_LOW_SHUTDOWN] [SSE_DIAG] non-200 response tag=SSE_BATTERY_LOW_SHUTDOWN, status=404, reason=Not Found, url=http://localhost:8080/robot_ec2b/events/battery/low_shutdown
2026-08-21 10:50:12.189 [session=000420] [INFO] [SSE-SSE_BATTERY_LOW_SHUTDOWN] [SSE_DIAG] reconnect wait tag=SSE_BATTERY_LOW_SHUTDOWN, delay=10s, reconnect=70, reason=HTTP 404, url=http://localhost:8080/robot_ec2b/events/battery/low_shutdown
2026-08-21 10:50:15.489 [session=000420] [INFO] [MainThread] [MAIN_THREAD_HEARTBEAT] GUI main thread alive: thread=MainThread
2026-08-21 10:50:20.489 [session=000420] [INFO] [MainThread] [MAIN_THREAD_HEARTBEAT] GUI main thread alive: thread=MainThread
2026-08-21 10:50:21.493 [session=000420] [DEBUG] [RestApiThread] GetCallBellFromRESTAPI 요청 시작
2026-08-21 10:50:21.499 [session=000420] [DEBUG] [RestApiThread] _get_data: 요청 시작 - tag: REST_API_TAG.GET_CALLBELL, url: http://localhost:8080/robot_ec2b/callbell
2026-08-21 10:50:21.500 [session=000420] [DEBUG] [RestApiThread] _get_data: 요청 전송 완료 - tag: REST_API_TAG.GET_CALLBELL, timeout: 30000ms
2026-08-21 10:50:21.512 [session=000420] [INFO] [RestApiThread] _handle_response (CYCLIC 정상) - tag: REST_API_TAG.GET_DESTINATIONS, status: 200, pending→2
2026-08-21 10:50:21.521 [session=000420] [INFO] [MainThread] model_manager set_destinations: unchanged (5 items) - emit skipped
2026-08-21 10:50:21.523 [session=000420] [DEBUG] [RestApiThread] _handle_response 호출됨 - tag: REST_API_TAG.GET_CALLBELL, status_code: 200
2026-08-21 10:50:21.525 [session=000420] [INFO] [ThreadPoolExecutor-5_1] 호출벨 데이터 수신: 5개
2026-08-21 10:50:21.527 [session=000420] [INFO] [MainThread] 호출벨-목적지 동기화 완료: 5개 호출벨
2026-08-21 10:50:21.528 [session=000420] [INFO] [MainThread] 목적지 리스트 반환: destinations=[Destination(name='로비', goal_pose=Pose(x=4.241336459631034, y=-2.361104203714551, qw=0.5097087478206948, qz=0.8603470185890456), bell=Bells(treatment='', suction='64012cd7'), idx=0, color='#e53935'), Destination(name='수술실', goal_pose=Pose(x=4.5199271819089395, y=-3.9219605026851503, qw=0.14533446519134308, qz=-0.9893825818294691), bell=Bells(treatment='', suction='64132cd7'), idx=1, color='#e53935'), Destination(name='진료실', goal_pose=Pose(x=0.11980823444488001, y=-3.735511450600503, qw=0.9963649848510123, qz=0.0851869530083222), bell=Bells(treatment='', suction='64252cd7'), idx=2, color='#e53935'), Destination(name='창고', goal_pose=Pose(x=0.2834625688692579, y=-6.793061814598156, qw=0.5257961572167338, qz=0.850610604834031), bell=Bells(treatment='', suction='64372cd7'), idx=3, color='#e53935'), Destination(name='소독실', goal_pose=Pose(x=-3.4045695907217928, y=-7.611793760201744, qw=0.546869706461766, qz=0.8372177280459497), bell=Bells(treatment='', suction='64492cd7'), idx=4, color='#e53935')]
2026-08-21 10:50:21.529 [session=000420] [INFO] [MainThread] 호출벨 리스트 반환: callbells={'64012cd7': {'name': '호출벨 1', 'usage': 'suction', 'destination': '로비'}, '64132cd7': {'name': '호출벨 2', 'usage': 'suction', 'destination': '수술실'}, '64252cd7': {'name': '호출벨 3', 'usage': 'suction', 'destination': '진료실'}, '64372cd7': {'name': '호출벨 4', 'usage': 'suction', 'destination': '창고'}, '64492cd7': {'name': '호출벨 5', 'usage': 'suction', 'destination': '소독실'}}, robot_usages=['treatment', 'suction']
2026-08-21 10:50:21.530 [session=000420] [INFO] [MainThread] 호출벨 리스트 로드: 5개
2026-08-21 10:50:21.530 [session=000420] [INFO] [MainThread] 호출벨 목록 동일 - UI 재생성 생략
2026-08-21 10:50:21.530 [session=000420] [INFO] [MainThread] 호출벨용 용도 목록 로드 요청
2026-08-21 10:50:21.531 [session=000420] [INFO] [MainThread] 호출벨에 용도 목록 전달: 2개
2026-08-21 10:50:21.531 [session=000420] [INFO] [MainThread] 용도 목록 로드: 2개
2026-08-21 10:50:21.531 [session=000420] [INFO] [MainThread] 목적지 목록 로드: 5개
2026-08-21 10:50:21.531 [session=000420] [INFO] [MainThread] 호출벨 관리에 목적지 목록 전달: 5개
2026-08-21 10:50:21.532 [session=000420] [INFO] [RestApiThread] _handle_response (CYCLIC 정상) - tag: REST_API_TAG.GET_MASTER_IP_ADDRESS, status: 200, pending→0
2026-08-21 10:50:21.533 [session=000420] [INFO] [MainThread] My IP : 192.168.104.212
2026-08-21 10:50:22.192 [session=000420] [INFO] [SSE-SSE_BATTERY_LOW_SHUTDOWN] [SSE_DIAG] connect attempt tag=SSE_BATTERY_LOW_SHUTDOWN, reconnect=70, url=http://localhost:8080/robot_ec2b/events/battery/low_shutdown
2026-08-21 10:50:22.220 [session=000420] [INFO] [SSE-SSE_BATTERY_LOW_SHUTDOWN] [SSE_DIAG] connected tag=SSE_BATTERY_LOW_SHUTDOWN, status=404, reason=Not Found, elapsed=0.03s, content_type=application/json, url=http://localhost:8080/robot_ec2b/events/battery/low_shutdown
2026-08-21 10:50:22.220 [session=000420] [ERROR] [SSE-SSE_BATTERY_LOW_SHUTDOWN] [SSE_DIAG] non-200 response tag=SSE_BATTERY_LOW_SHUTDOWN, status=404, reason=Not Found, url=http://localhost:8080/robot_ec2b/events/battery/low_shutdown
2026-08-21 10:50:22.222 [session=000420] [INFO] [SSE-SSE_BATTERY_LOW_SHUTDOWN] [SSE_DIAG] reconnect wait tag=SSE_BATTERY_LOW_SHUTDOWN, delay=10s, reconnect=71, reason=HTTP 404, url=http://localhost:8080/robot_ec2b/events/battery/low_shutdown
2026-08-21 10:50:25.489 [session=000420] [INFO] [MainThread] [MAIN_THREAD_HEARTBEAT] GUI main thread alive: thread=MainThread
2026-08-21 10:50:30.489 [session=000420] [INFO] [MainThread] [MAIN_THREAD_HEARTBEAT] GUI main thread alive: thread=MainThread
2026-08-21 10:50:31.491 [session=000420] [DEBUG] [RestApiThread] GetCallBellFromRESTAPI 요청 시작
2026-08-21 10:50:31.499 [session=000420] [DEBUG] [RestApiThread] _get_data: 요청 시작 - tag: REST_API_TAG.GET_CALLBELL, url: http://localhost:8080/robot_ec2b/callbell
2026-08-21 10:50:31.499 [session=000420] [DEBUG] [RestApiThread] _get_data: 요청 전송 완료 - tag: REST_API_TAG.GET_CALLBELL, timeout: 30000ms
2026-08-21 10:50:31.504 [session=000420] [INFO] [MainThread] model_manager set_destinations: unchanged (5 items) - emit skipped
2026-08-21 10:50:31.509 [session=000420] [DEBUG] [RestApiThread] _handle_response 호출됨 - tag: REST_API_TAG.GET_CALLBELL, status_code: 200
2026-08-21 10:50:31.510 [session=000420] [INFO] [ThreadPoolExecutor-5_0] 호출벨 데이터 수신: 5개
2026-08-21 10:50:31.513 [session=000420] [INFO] [MainThread] My IP : 192.168.104.212
2026-08-21 10:50:31.517 [session=000420] [INFO] [MainThread] 호출벨-목적지 동기화 완료: 5개 호출벨
2026-08-21 10:50:31.518 [session=000420] [INFO] [MainThread] 목적지 리스트 반환: destinations=[Destination(name='로비', goal_pose=Pose(x=4.241336459631034, y=-2.361104203714551, qw=0.5097087478206948, qz=0.8603470185890456), bell=Bells(treatment='', suction='64012cd7'), idx=0, color='#e53935'), Destination(name='수술실', goal_pose=Pose(x=4.5199271819089395, y=-3.9219605026851503, qw=0.14533446519134308, qz=-0.9893825818294691), bell=Bells(treatment='', suction='64132cd7'), idx=1, color='#e53935'), Destination(name='진료실', goal_pose=Pose(x=0.11980823444488001, y=-3.735511450600503, qw=0.9963649848510123, qz=0.0851869530083222), bell=Bells(treatment='', suction='64252cd7'), idx=2, color='#e53935'), Destination(name='창고', goal_pose=Pose(x=0.2834625688692579, y=-6.793061814598156, qw=0.5257961572167338, qz=0.850610604834031), bell=Bells(treatment='', suction='64372cd7'), idx=3, color='#e53935'), Destination(name='소독실', goal_pose=Pose(x=-3.4045695907217928, y=-7.611793760201744, qw=0.546869706461766, qz=0.8372177280459497), bell=Bells(treatment='', suction='64492cd7'), idx=4, color='#e53935')]
2026-08-21 10:50:31.520 [session=000420] [INFO] [MainThread] 호출벨 리스트 반환: callbells={'64012cd7': {'name': '호출벨 1', 'usage': 'suction', 'destination': '로비'}, '64132cd7': {'name': '호출벨 2', 'usage': 'suction', 'destination': '수술실'}, '64252cd7': {'name': '호출벨 3', 'usage': 'suction', 'destination': '진료실'}, '64372cd7': {'name': '호출벨 4', 'usage': 'suction', 'destination': '창고'}, '64492cd7': {'name': '호출벨 5', 'usage': 'suction', 'destination': '소독실'}}, robot_usages=['treatment', 'suction']
2026-08-21 10:50:31.521 [session=000420] [INFO] [MainThread] 호출벨 리스트 로드: 5개
2026-08-21 10:50:31.521 [session=000420] [INFO] [MainThread] 호출벨 목록 동일 - UI 재생성 생략
2026-08-21 10:50:31.521 [session=000420] [INFO] [MainThread] 호출벨용 용도 목록 로드 요청
2026-08-21 10:50:31.521 [session=000420] [INFO] [MainThread] 호출벨에 용도 목록 전달: 2개
2026-08-21 10:50:31.522 [session=000420] [INFO] [MainThread] 용도 목록 로드: 2개
2026-08-21 10:50:31.522 [session=000420] [INFO] [MainThread] 목적지 목록 로드: 5개
2026-08-21 10:50:31.522 [session=000420] [INFO] [MainThread] 호출벨 관리에 목적지 목록 전달: 5개
2026-08-21 10:50:32.228 [session=000420] [INFO] [SSE-SSE_BATTERY_LOW_SHUTDOWN] [SSE_DIAG] connect attempt tag=SSE_BATTERY_LOW_SHUTDOWN, reconnect=71, url=http://localhost:8080/robot_ec2b/events/battery/low_shutdown
2026-08-21 10:50:32.237 [session=000420] [INFO] [SSE-SSE_BATTERY_LOW_SHUTDOWN] [SSE_DIAG] connected tag=SSE_BATTERY_LOW_SHUTDOWN, status=404, reason=Not Found, elapsed=0.01s, content_type=application/json, url=http://localhost:8080/robot_ec2b/events/battery/low_shutdown
2026-08-21 10:50:32.238 [session=000420] [ERROR] [SSE-SSE_BATTERY_LOW_SHUTDOWN] [SSE_DIAG] non-200 response tag=SSE_BATTERY_LOW_SHUTDOWN, status=404, reason=Not Found, url=http://localhost:8080/robot_ec2b/events/battery/low_shutdown
2026-08-21 10:50:32.240 [session=000420] [INFO] [SSE-SSE_BATTERY_LOW_SHUTDOWN] [SSE_DIAG] reconnect wait tag=SSE_BATTERY_LOW_SHUTDOWN, delay=10s, reconnect=72, reason=HTTP 404, url=http://localhost:8080/robot_ec2b/events/battery/low_shutdown
2026-08-21 10:50:35.489 [session=000420] [INFO] [MainThread] [MAIN_THREAD_HEARTBEAT] GUI main thread alive: thread=MainThread
2026-08-21 10:50:40.489 [session=000420] [INFO] [MainThread] [MAIN_THREAD_HEARTBEAT] GUI main thread alive: thread=MainThread
2026-08-21 10:50:41.491 [session=000420] [DEBUG] [RestApiThread] GetCallBellFromRESTAPI 요청 시작
2026-08-21 10:50:41.497 [session=000420] [DEBUG] [RestApiThread] _get_data: 요청 시작 - tag: REST_API_TAG.GET_CALLBELL, url: http://localhost:8080/robot_ec2b/callbell
2026-08-21 10:50:41.498 [session=000420] [DEBUG] [RestApiThread] _get_data: 요청 전송 완료 - tag: REST_API_TAG.GET_CALLBELL, timeout: 30000ms
2026-08-21 10:50:41.500 [session=000420] [INFO] [MainThread] model_manager set_destinations: unchanged (5 items) - emit skipped
2026-08-21 10:50:41.518 [session=000420] [INFO] [MainThread] My IP : 192.168.104.212
2026-08-21 10:50:41.522 [session=000420] [INFO] [browser-music-sync_0] [BROWSER_MUSIC_SYNC] event=catalog_fetch_started master_base_url=http://127.0.0.1:5051
2026-08-21 10:50:41.550 [session=000420] [DEBUG] [RestApiThread] _handle_response 호출됨 - tag: REST_API_TAG.GET_CALLBELL, status_code: 200
2026-08-21 10:50:41.551 [session=000420] [INFO] [ThreadPoolExecutor-5_0] 호출벨 데이터 수신: 5개
2026-08-21 10:50:41.552 [session=000420] [INFO] [MainThread] 호출벨-목적지 동기화 완료: 5개 호출벨
2026-08-21 10:50:41.553 [session=000420] [INFO] [MainThread] 목적지 리스트 반환: destinations=[Destination(name='로비', goal_pose=Pose(x=4.241336459631034, y=-2.361104203714551, qw=0.5097087478206948, qz=0.8603470185890456), bell=Bells(treatment='', suction='64012cd7'), idx=0, color='#e53935'), Destination(name='수술실', goal_pose=Pose(x=4.5199271819089395, y=-3.9219605026851503, qw=0.14533446519134308, qz=-0.9893825818294691), bell=Bells(treatment='', suction='64132cd7'), idx=1, color='#e53935'), Destination(name='진료실', goal_pose=Pose(x=0.11980823444488001, y=-3.735511450600503, qw=0.9963649848510123, qz=0.0851869530083222), bell=Bells(treatment='', suction='64252cd7'), idx=2, color='#e53935'), Destination(name='창고', goal_pose=Pose(x=0.2834625688692579, y=-6.793061814598156, qw=0.5257961572167338, qz=0.850610604834031), bell=Bells(treatment='', suction='64372cd7'), idx=3, color='#e53935'), Destination(name='소독실', goal_pose=Pose(x=-3.4045695907217928, y=-7.611793760201744, qw=0.546869706461766, qz=0.8372177280459497), bell=Bells(treatment='', suction='64492cd7'), idx=4, color='#e53935')]
2026-08-21 10:50:41.553 [session=000420] [INFO] [MainThread] 호출벨 리스트 반환: callbells={'64012cd7': {'name': '호출벨 1', 'usage': 'suction', 'destination': '로비'}, '64132cd7': {'name': '호출벨 2', 'usage': 'suction', 'destination': '수술실'}, '64252cd7': {'name': '호출벨 3', 'usage': 'suction', 'destination': '진료실'}, '64372cd7': {'name': '호출벨 4', 'usage': 'suction', 'destination': '창고'}, '64492cd7': {'name': '호출벨 5', 'usage': 'suction', 'destination': '소독실'}}, robot_usages=['treatment', 'suction']
2026-08-21 10:50:41.553 [session=000420] [INFO] [MainThread] 호출벨 리스트 로드: 5개
2026-08-21 10:50:41.554 [session=000420] [INFO] [MainThread] 호출벨 목록 동일 - UI 재생성 생략
2026-08-21 10:50:41.556 [session=000420] [INFO] [MainThread] 호출벨용 용도 목록 로드 요청
2026-08-21 10:50:41.557 [session=000420] [INFO] [MainThread] 호출벨에 용도 목록 전달: 2개
2026-08-21 10:50:41.558 [session=000420] [INFO] [MainThread] 용도 목록 로드: 2개
2026-08-21 10:50:41.558 [session=000420] [INFO] [MainThread] 목적지 목록 로드: 5개
2026-08-21 10:50:41.558 [session=000420] [INFO] [MainThread] 호출벨 관리에 목적지 목록 전달: 5개
2026-08-21 10:50:41.562 [session=000420] [INFO] [browser-music-sync_0] [BROWSER_MUSIC_SYNC] event=catalog_fetch_succeeded master_base_url=http://127.0.0.1:5051 item_count=3
2026-08-21 10:50:41.567 [session=000420] [INFO] [RestApiThread] [REST API] 배경 음악 GET 전송: operation=selection_get, url=http://127.0.0.1:5051/api/voice-event-settings/background-music?robot_id=robot_ec2b
2026-08-21 10:50:41.568 [session=000420] [INFO] [RestApiThread] [REST API] 배경 음악 GET 전송: operation=resolved_get, url=http://127.0.0.1:5051/api/voice-event-settings/resolved?robot_id=robot_ec2b
2026-08-21 10:50:41.592 [session=000420] [DEBUG] [RestApiThread] _handle_response 호출됨 - tag: REST_API_TAG.GET_BACKGROUND_MUSIC_SETTING, status_code: 200
2026-08-21 10:50:41.600 [session=000420] [DEBUG] [RestApiThread] _handle_response 호출됨 - tag: REST_API_TAG.GET_RESOLVED_BACKGROUND_MUSIC, status_code: 200
2026-08-21 10:50:42.242 [session=000420] [INFO] [SSE-SSE_BATTERY_LOW_SHUTDOWN] [SSE_DIAG] connect attempt tag=SSE_BATTERY_LOW_SHUTDOWN, reconnect=72, url=http://localhost:8080/robot_ec2b/events/battery/low_shutdown
2026-08-21 10:50:42.256 [session=000420] [INFO] [SSE-SSE_BATTERY_LOW_SHUTDOWN] [SSE_DIAG] connected tag=SSE_BATTERY_LOW_SHUTDOWN, status=404, reason=Not Found, elapsed=0.01s, content_type=application/json, url=http://localhost:8080/robot_ec2b/events/battery/low_shutdown
2026-08-21 10:50:42.263 [session=000420] [ERROR] [SSE-SSE_BATTERY_LOW_SHUTDOWN] [SSE_DIAG] non-200 response tag=SSE_BATTERY_LOW_SHUTDOWN, status=404, reason=Not Found, url=http://localhost:8080/robot_ec2b/events/battery/low_shutdown
2026-08-21 10:50:42.271 [session=000420] [INFO] [SSE-SSE_BATTERY_LOW_SHUTDOWN] [SSE_DIAG] reconnect wait tag=SSE_BATTERY_LOW_SHUTDOWN, delay=10s, reconnect=73, reason=HTTP 404, url=http://localhost:8080/robot_ec2b/events/battery/low_shutdown
2026-08-21 10:50:45.489 [session=000420] [INFO] [MainThread] [MAIN_THREAD_HEARTBEAT] GUI main thread alive: thread=MainThread
2026-08-21 10:50:50.489 [session=000420] [INFO] [MainThread] [MAIN_THREAD_HEARTBEAT] GUI main thread alive: thread=MainThread
2026-08-21 10:50:51.494 [session=000420] [DEBUG] [RestApiThread] GetCallBellFromRESTAPI 요청 시작
2026-08-21 10:50:51.499 [session=000420] [DEBUG] [RestApiThread] _get_data: 요청 시작 - tag: REST_API_TAG.GET_CALLBELL, url: http://localhost:8080/robot_ec2b/callbell
2026-08-21 10:50:51.502 [session=000420] [DEBUG] [RestApiThread] _get_data: 요청 전송 완료 - tag: REST_API_TAG.GET_CALLBELL, timeout: 30000ms
2026-08-21 10:50:51.510 [session=000420] [INFO] [MainThread] model_manager set_destinations: unchanged (5 items) - emit skipped
2026-08-21 10:50:51.522 [session=000420] [DEBUG] [RestApiThread] _handle_response 호출됨 - tag: REST_API_TAG.GET_CALLBELL, status_code: 200
2026-08-21 10:50:51.524 [session=000420] [INFO] [ThreadPoolExecutor-5_0] 호출벨 데이터 수신: 5개
2026-08-21 10:50:51.526 [session=000420] [INFO] [MainThread] 호출벨-목적지 동기화 완료: 5개 호출벨
2026-08-21 10:50:51.526 [session=000420] [INFO] [MainThread] 목적지 리스트 반환: destinations=[Destination(name='로비', goal_pose=Pose(x=4.241336459631034, y=-2.361104203714551, qw=0.5097087478206948, qz=0.8603470185890456), bell=Bells(treatment='', suction='64012cd7'), idx=0, color='#e53935'), Destination(name='수술실', goal_pose=Pose(x=4.5199271819089395, y=-3.9219605026851503, qw=0.14533446519134308, qz=-0.9893825818294691), bell=Bells(treatment='', suction='64132cd7'), idx=1, color='#e53935'), Destination(name='진료실', goal_pose=Pose(x=0.11980823444488001, y=-3.735511450600503, qw=0.9963649848510123, qz=0.0851869530083222), bell=Bells(treatment='', suction='64252cd7'), idx=2, color='#e53935'), Destination(name='창고', goal_pose=Pose(x=0.2834625688692579, y=-6.793061814598156, qw=0.5257961572167338, qz=0.850610604834031), bell=Bells(treatment='', suction='64372cd7'), idx=3, color='#e53935'), Destination(name='소독실', goal_pose=Pose(x=-3.4045695907217928, y=-7.611793760201744, qw=0.546869706461766, qz=0.8372177280459497), bell=Bells(treatment='', suction='64492cd7'), idx=4, color='#e53935')]
2026-08-21 10:50:51.527 [session=000420] [INFO] [MainThread] 호출벨 리스트 반환: callbells={'64012cd7': {'name': '호출벨 1', 'usage': 'suction', 'destination': '로비'}, '64132cd7': {'name': '호출벨 2', 'usage': 'suction', 'destination': '수술실'}, '64252cd7': {'name': '호출벨 3', 'usage': 'suction', 'destination': '진료실'}, '64372cd7': {'name': '호출벨 4', 'usage': 'suction', 'destination': '창고'}, '64492cd7': {'name': '호출벨 5', 'usage': 'suction', 'destination': '소독실'}}, robot_usages=['treatment', 'suction']
2026-08-21 10:50:51.527 [session=000420] [INFO] [MainThread] 호출벨 리스트 로드: 5개
2026-08-21 10:50:51.527 [session=000420] [INFO] [MainThread] 호출벨 목록 동일 - UI 재생성 생략
2026-08-21 10:50:51.528 [session=000420] [INFO] [MainThread] 호출벨용 용도 목록 로드 요청
2026-08-21 10:50:51.528 [session=000420] [INFO] [MainThread] 호출벨에 용도 목록 전달: 2개
2026-08-21 10:50:51.528 [session=000420] [INFO] [MainThread] 용도 목록 로드: 2개
2026-08-21 10:50:51.528 [session=000420] [INFO] [MainThread] 목적지 목록 로드: 5개
2026-08-21 10:50:51.528 [session=000420] [INFO] [MainThread] 호출벨 관리에 목적지 목록 전달: 5개
2026-08-21 10:50:51.534 [session=000420] [INFO] [MainThread] My IP : 192.168.104.212
2026-08-21 10:50:52.273 [session=000420] [INFO] [SSE-SSE_BATTERY_LOW_SHUTDOWN] [SSE_DIAG] connect attempt tag=SSE_BATTERY_LOW_SHUTDOWN, reconnect=73, url=http://localhost:8080/robot_ec2b/events/battery/low_shutdown
2026-08-21 10:50:52.282 [session=000420] [INFO] [SSE-SSE_BATTERY_LOW_SHUTDOWN] [SSE_DIAG] connected tag=SSE_BATTERY_LOW_SHUTDOWN, status=404, reason=Not Found, elapsed=0.01s, content_type=application/json, url=http://localhost:8080/robot_ec2b/events/battery/low_shutdown
2026-08-21 10:50:52.283 [session=000420] [ERROR] [SSE-SSE_BATTERY_LOW_SHUTDOWN] [SSE_DIAG] non-200 response tag=SSE_BATTERY_LOW_SHUTDOWN, status=404, reason=Not Found, url=http://localhost:8080/robot_ec2b/events/battery/low_shutdown
2026-08-21 10:50:52.285 [session=000420] [INFO] [SSE-SSE_BATTERY_LOW_SHUTDOWN] [SSE_DIAG] reconnect wait tag=SSE_BATTERY_LOW_SHUTDOWN, delay=10s, reconnect=74, reason=HTTP 404, url=http://localhost:8080/robot_ec2b/events/battery/low_shutdown
2026-08-21 10:50:55.488 [session=000420] [INFO] [MainThread] [MAIN_THREAD_HEARTBEAT] GUI main thread alive: thread=MainThread
2026-08-21 10:51:00.490 [session=000420] [INFO] [MainThread] [MAIN_THREAD_HEARTBEAT] GUI main thread alive: thread=MainThread
2026-08-21 10:51:01.491 [session=000420] [DEBUG] [RestApiThread] GetCallBellFromRESTAPI 요청 시작
2026-08-21 10:51:01.493 [session=000420] [DEBUG] [RestApiThread] _get_data: 요청 시작 - tag: REST_API_TAG.GET_CALLBELL, url: http://localhost:8080/robot_ec2b/callbell
2026-08-21 10:51:01.497 [session=000420] [DEBUG] [RestApiThread] _get_data: 요청 전송 완료 - tag: REST_API_TAG.GET_CALLBELL, timeout: 30000ms
2026-08-21 10:51:01.520 [session=000420] [INFO] [MainThread] model_manager set_destinations: unchanged (5 items) - emit skipped
2026-08-21 10:51:01.522 [session=000420] [DEBUG] [RestApiThread] _handle_response 호출됨 - tag: REST_API_TAG.GET_CALLBELL, status_code: 200
2026-08-21 10:51:01.522 [session=000420] [INFO] [ThreadPoolExecutor-5_1] 호출벨 데이터 수신: 5개
2026-08-21 10:51:01.524 [session=000420] [INFO] [MainThread] 호출벨-목적지 동기화 완료: 5개 호출벨
2026-08-21 10:51:01.525 [session=000420] [INFO] [MainThread] 목적지 리스트 반환: destinations=[Destination(name='로비', goal_pose=Pose(x=4.241336459631034, y=-2.361104203714551, qw=0.5097087478206948, qz=0.8603470185890456), bell=Bells(treatment='', suction='64012cd7'), idx=0, color='#e53935'), Destination(name='수술실', goal_pose=Pose(x=4.5199271819089395, y=-3.9219605026851503, qw=0.14533446519134308, qz=-0.9893825818294691), bell=Bells(treatment='', suction='64132cd7'), idx=1, color='#e53935'), Destination(name='진료실', goal_pose=Pose(x=0.11980823444488001, y=-3.735511450600503, qw=0.9963649848510123, qz=0.0851869530083222), bell=Bells(treatment='', suction='64252cd7'), idx=2, color='#e53935'), Destination(name='창고', goal_pose=Pose(x=0.2834625688692579, y=-6.793061814598156, qw=0.5257961572167338, qz=0.850610604834031), bell=Bells(treatment='', suction='64372cd7'), idx=3, color='#e53935'), Destination(name='소독실', goal_pose=Pose(x=-3.4045695907217928, y=-7.611793760201744, qw=0.546869706461766, qz=0.8372177280459497), bell=Bells(treatment='', suction='64492cd7'), idx=4, color='#e53935')]
2026-08-21 10:51:01.525 [session=000420] [INFO] [MainThread] 호출벨 리스트 반환: callbells={'64012cd7': {'name': '호출벨 1', 'usage': 'suction', 'destination': '로비'}, '64132cd7': {'name': '호출벨 2', 'usage': 'suction', 'destination': '수술실'}, '64252cd7': {'name': '호출벨 3', 'usage': 'suction', 'destination': '진료실'}, '64372cd7': {'name': '호출벨 4', 'usage': 'suction', 'destination': '창고'}, '64492cd7': {'name': '호출벨 5', 'usage': 'suction', 'destination': '소독실'}}, robot_usages=['treatment', 'suction']
2026-08-21 10:51:01.525 [session=000420] [INFO] [MainThread] 호출벨 리스트 로드: 5개
2026-08-21 10:51:01.526 [session=000420] [INFO] [MainThread] 호출벨 목록 동일 - UI 재생성 생략
2026-08-21 10:51:01.526 [session=000420] [INFO] [MainThread] 호출벨용 용도 목록 로드 요청
2026-08-21 10:51:01.526 [session=000420] [INFO] [MainThread] 호출벨에 용도 목록 전달: 2개
2026-08-21 10:51:01.527 [session=000420] [INFO] [MainThread] 용도 목록 로드: 2개
2026-08-21 10:51:01.527 [session=000420] [INFO] [MainThread] 목적지 목록 로드: 5개
2026-08-21 10:51:01.527 [session=000420] [INFO] [MainThread] 호출벨 관리에 목적지 목록 전달: 5개
2026-08-21 10:51:01.534 [session=000420] [INFO] [MainThread] My IP : 192.168.104.212
2026-08-21 10:51:02.287 [session=000420] [INFO] [SSE-SSE_BATTERY_LOW_SHUTDOWN] [SSE_DIAG] connect attempt tag=SSE_BATTERY_LOW_SHUTDOWN, reconnect=74, url=http://localhost:8080/robot_ec2b/events/battery/low_shutdown
2026-08-21 10:51:02.298 [session=000420] [INFO] [SSE-SSE_BATTERY_LOW_SHUTDOWN] [SSE_DIAG] connected tag=SSE_BATTERY_LOW_SHUTDOWN, status=404, reason=Not Found, elapsed=0.01s, content_type=application/json, url=http://localhost:8080/robot_ec2b/events/battery/low_shutdown
2026-08-21 10:51:02.298 [session=000420] [ERROR] [SSE-SSE_BATTERY_LOW_SHUTDOWN] [SSE_DIAG] non-200 response tag=SSE_BATTERY_LOW_SHUTDOWN, status=404, reason=Not Found, url=http://localhost:8080/robot_ec2b/events/battery/low_shutdown
2026-08-21 10:51:02.300 [session=000420] [INFO] [SSE-SSE_BATTERY_LOW_SHUTDOWN] [SSE_DIAG] reconnect wait tag=SSE_BATTERY_LOW_SHUTDOWN, delay=10s, reconnect=75, reason=HTTP 404, url=http://localhost:8080/robot_ec2b/events/battery/low_shutdown
2026-08-21 10:51:05.491 [session=000420] [INFO] [MainThread] [MAIN_THREAD_HEARTBEAT] GUI main thread alive: thread=MainThread
2026-08-21 10:51:10.490 [session=000420] [INFO] [MainThread] [MAIN_THREAD_HEARTBEAT] GUI main thread alive: thread=MainThread
2026-08-21 10:51:11.498 [session=000420] [DEBUG] [RestApiThread] GetCallBellFromRESTAPI 요청 시작
2026-08-21 10:51:11.499 [session=000420] [INFO] [MainThread] model_manager set_destinations: unchanged (5 items) - emit skipped
2026-08-21 10:51:11.500 [session=000420] [DEBUG] [RestApiThread] _get_data: 요청 시작 - tag: REST_API_TAG.GET_CALLBELL, url: http://localhost:8080/robot_ec2b/callbell
2026-08-21 10:51:11.503 [session=000420] [DEBUG] [RestApiThread] _get_data: 요청 전송 완료 - tag: REST_API_TAG.GET_CALLBELL, timeout: 30000ms
2026-08-21 10:51:11.527 [session=000420] [DEBUG] [RestApiThread] _handle_response 호출됨 - tag: REST_API_TAG.GET_CALLBELL, status_code: 200
2026-08-21 10:51:11.528 [session=000420] [INFO] [ThreadPoolExecutor-5_0] 호출벨 데이터 수신: 5개
2026-08-21 10:51:11.529 [session=000420] [INFO] [MainThread] 호출벨-목적지 동기화 완료: 5개 호출벨
2026-08-21 10:51:11.530 [session=000420] [INFO] [MainThread] 목적지 리스트 반환: destinations=[Destination(name='로비', goal_pose=Pose(x=4.241336459631034, y=-2.361104203714551, qw=0.5097087478206948, qz=0.8603470185890456), bell=Bells(treatment='', suction='64012cd7'), idx=0, color='#e53935'), Destination(name='수술실', goal_pose=Pose(x=4.5199271819089395, y=-3.9219605026851503, qw=0.14533446519134308, qz=-0.9893825818294691), bell=Bells(treatment='', suction='64132cd7'), idx=1, color='#e53935'), Destination(name='진료실', goal_pose=Pose(x=0.11980823444488001, y=-3.735511450600503, qw=0.9963649848510123, qz=0.0851869530083222), bell=Bells(treatment='', suction='64252cd7'), idx=2, color='#e53935'), Destination(name='창고', goal_pose=Pose(x=0.2834625688692579, y=-6.793061814598156, qw=0.5257961572167338, qz=0.850610604834031), bell=Bells(treatment='', suction='64372cd7'), idx=3, color='#e53935'), Destination(name='소독실', goal_pose=Pose(x=-3.4045695907217928, y=-7.611793760201744, qw=0.546869706461766, qz=0.8372177280459497), bell=Bells(treatment='', suction='64492cd7'), idx=4, color='#e53935')]
2026-08-21 10:51:11.530 [session=000420] [INFO] [MainThread] 호출벨 리스트 반환: callbells={'64012cd7': {'name': '호출벨 1', 'usage': 'suction', 'destination': '로비'}, '64132cd7': {'name': '호출벨 2', 'usage': 'suction', 'destination': '수술실'}, '64252cd7': {'name': '호출벨 3', 'usage': 'suction', 'destination': '진료실'}, '64372cd7': {'name': '호출벨 4', 'usage': 'suction', 'destination': '창고'}, '64492cd7': {'name': '호출벨 5', 'usage': 'suction', 'destination': '소독실'}}, robot_usages=['treatment', 'suction']
2026-08-21 10:51:11.530 [session=000420] [INFO] [MainThread] 호출벨 리스트 로드: 5개
2026-08-21 10:51:11.531 [session=000420] [INFO] [MainThread] 호출벨 목록 동일 - UI 재생성 생략
2026-08-21 10:51:11.531 [session=000420] [INFO] [MainThread] 호출벨용 용도 목록 로드 요청
2026-08-21 10:51:11.532 [session=000420] [INFO] [MainThread] 호출벨에 용도 목록 전달: 2개
2026-08-21 10:51:11.532 [session=000420] [INFO] [MainThread] 용도 목록 로드: 2개
2026-08-21 10:51:11.532 [session=000420] [INFO] [MainThread] 목적지 목록 로드: 5개
2026-08-21 10:51:11.532 [session=000420] [INFO] [MainThread] 호출벨 관리에 목적지 목록 전달: 5개
2026-08-21 10:51:11.539 [session=000420] [INFO] [MainThread] My IP : 192.168.104.212
2026-08-21 10:51:12.301 [session=000420] [INFO] [SSE-SSE_BATTERY_LOW_SHUTDOWN] [SSE_DIAG] connect attempt tag=SSE_BATTERY_LOW_SHUTDOWN, reconnect=75, url=http://localhost:8080/robot_ec2b/events/battery/low_shutdown
2026-08-21 10:51:12.318 [session=000420] [INFO] [SSE-SSE_BATTERY_LOW_SHUTDOWN] [SSE_DIAG] connected tag=SSE_BATTERY_LOW_SHUTDOWN, status=404, reason=Not Found, elapsed=0.02s, content_type=application/json, url=http://localhost:8080/robot_ec2b/events/battery/low_shutdown
2026-08-21 10:51:12.319 [session=000420] [ERROR] [SSE-SSE_BATTERY_LOW_SHUTDOWN] [SSE_DIAG] non-200 response tag=SSE_BATTERY_LOW_SHUTDOWN, status=404, reason=Not Found, url=http://localhost:8080/robot_ec2b/events/battery/low_shutdown
2026-08-21 10:51:12.321 [session=000420] [INFO] [SSE-SSE_BATTERY_LOW_SHUTDOWN] [SSE_DIAG] reconnect wait tag=SSE_BATTERY_LOW_SHUTDOWN, delay=10s, reconnect=76, reason=HTTP 404, url=http://localhost:8080/robot_ec2b/events/battery/low_shutdown
2026-08-21 10:51:15.489 [session=000420] [INFO] [MainThread] [MAIN_THREAD_HEARTBEAT] GUI main thread alive: thread=MainThread
2026-08-21 10:51:20.491 [session=000420] [INFO] [MainThread] [MAIN_THREAD_HEARTBEAT] GUI main thread alive: thread=MainThread
2026-08-21 10:51:21.498 [session=000420] [DEBUG] [RestApiThread] GetCallBellFromRESTAPI 요청 시작
2026-08-21 10:51:21.501 [session=000420] [DEBUG] [RestApiThread] _get_data: 요청 시작 - tag: REST_API_TAG.GET_CALLBELL, url: http://localhost:8080/robot_ec2b/callbell
2026-08-21 10:51:21.502 [session=000420] [DEBUG] [RestApiThread] _get_data: 요청 전송 완료 - tag: REST_API_TAG.GET_CALLBELL, timeout: 30000ms
2026-08-21 10:51:21.505 [session=000420] [INFO] [MainThread] model_manager set_destinations: unchanged (5 items) - emit skipped
2026-08-21 10:51:21.538 [session=000420] [DEBUG] [RestApiThread] _handle_response 호출됨 - tag: REST_API_TAG.GET_CALLBELL, status_code: 200
2026-08-21 10:51:21.540 [session=000420] [INFO] [ThreadPoolExecutor-5_1] 호출벨 데이터 수신: 5개
2026-08-21 10:51:21.543 [session=000420] [INFO] [MainThread] 호출벨-목적지 동기화 완료: 5개 호출벨
2026-08-21 10:51:21.543 [session=000420] [INFO] [MainThread] 목적지 리스트 반환: destinations=[Destination(name='로비', goal_pose=Pose(x=4.241336459631034, y=-2.361104203714551, qw=0.5097087478206948, qz=0.8603470185890456), bell=Bells(treatment='', suction='64012cd7'), idx=0, color='#e53935'), Destination(name='수술실', goal_pose=Pose(x=4.5199271819089395, y=-3.9219605026851503, qw=0.14533446519134308, qz=-0.9893825818294691), bell=Bells(treatment='', suction='64132cd7'), idx=1, color='#e53935'), Destination(name='진료실', goal_pose=Pose(x=0.11980823444488001, y=-3.735511450600503, qw=0.9963649848510123, qz=0.0851869530083222), bell=Bells(treatment='', suction='64252cd7'), idx=2, color='#e53935'), Destination(name='창고', goal_pose=Pose(x=0.2834625688692579, y=-6.793061814598156, qw=0.5257961572167338, qz=0.850610604834031), bell=Bells(treatment='', suction='64372cd7'), idx=3, color='#e53935'), Destination(name='소독실', goal_pose=Pose(x=-3.4045695907217928, y=-7.611793760201744, qw=0.546869706461766, qz=0.8372177280459497), bell=Bells(treatment='', suction='64492cd7'), idx=4, color='#e53935')]
2026-08-21 10:51:21.543 [session=000420] [INFO] [MainThread] 호출벨 리스트 반환: callbells={'64012cd7': {'name': '호출벨 1', 'usage': 'suction', 'destination': '로비'}, '64132cd7': {'name': '호출벨 2', 'usage': 'suction', 'destination': '수술실'}, '64252cd7': {'name': '호출벨 3', 'usage': 'suction', 'destination': '진료실'}, '64372cd7': {'name': '호출벨 4', 'usage': 'suction', 'destination': '창고'}, '64492cd7': {'name': '호출벨 5', 'usage': 'suction', 'destination': '소독실'}}, robot_usages=['treatment', 'suction']
2026-08-21 10:51:21.543 [session=000420] [INFO] [MainThread] 호출벨 리스트 로드: 5개
2026-08-21 10:51:21.544 [session=000420] [INFO] [MainThread] 호출벨 목록 동일 - UI 재생성 생략
2026-08-21 10:51:21.544 [session=000420] [INFO] [MainThread] 호출벨용 용도 목록 로드 요청
2026-08-21 10:51:21.544 [session=000420] [INFO] [MainThread] 호출벨에 용도 목록 전달: 2개
2026-08-21 10:51:21.545 [session=000420] [INFO] [MainThread] 용도 목록 로드: 2개
2026-08-21 10:51:21.545 [session=000420] [INFO] [MainThread] 목적지 목록 로드: 5개
2026-08-21 10:51:21.545 [session=000420] [INFO] [MainThread] 호출벨 관리에 목적지 목록 전달: 5개
2026-08-21 10:51:21.554 [session=000420] [INFO] [MainThread] My IP : 192.168.104.212
2026-08-21 10:51:21.560 [session=000420] [INFO] [browser-music-sync_0] [BROWSER_MUSIC_SYNC] event=catalog_fetch_started master_base_url=http://127.0.0.1:5051
2026-08-21 10:51:21.590 [session=000420] [INFO] [browser-music-sync_0] [BROWSER_MUSIC_SYNC] event=catalog_fetch_succeeded master_base_url=http://127.0.0.1:5051 item_count=3
2026-08-21 10:51:21.596 [session=000420] [INFO] [RestApiThread] [REST API] 배경 음악 GET 전송: operation=selection_get, url=http://127.0.0.1:5051/api/voice-event-settings/background-music?robot_id=robot_ec2b
2026-08-21 10:51:21.598 [session=000420] [INFO] [RestApiThread] [REST API] 배경 음악 GET 전송: operation=resolved_get, url=http://127.0.0.1:5051/api/voice-event-settings/resolved?robot_id=robot_ec2b
2026-08-21 10:51:21.622 [session=000420] [DEBUG] [RestApiThread] _handle_response 호출됨 - tag: REST_API_TAG.GET_RESOLVED_BACKGROUND_MUSIC, status_code: 200
2026-08-21 10:51:21.626 [session=000420] [DEBUG] [RestApiThread] _handle_response 호출됨 - tag: REST_API_TAG.GET_BACKGROUND_MUSIC_SETTING, status_code: 200
2026-08-21 10:51:22.329 [session=000420] [INFO] [SSE-SSE_BATTERY_LOW_SHUTDOWN] [SSE_DIAG] connect attempt tag=SSE_BATTERY_LOW_SHUTDOWN, reconnect=76, url=http://localhost:8080/robot_ec2b/events/battery/low_shutdown
2026-08-21 10:51:22.342 [session=000420] [INFO] [SSE-SSE_BATTERY_LOW_SHUTDOWN] [SSE_DIAG] connected tag=SSE_BATTERY_LOW_SHUTDOWN, status=404, reason=Not Found, elapsed=0.01s, content_type=application/json, url=http://localhost:8080/robot_ec2b/events/battery/low_shutdown
2026-08-21 10:51:22.343 [session=000420] [ERROR] [SSE-SSE_BATTERY_LOW_SHUTDOWN] [SSE_DIAG] non-200 response tag=SSE_BATTERY_LOW_SHUTDOWN, status=404, reason=Not Found, url=http://localhost:8080/robot_ec2b/events/battery/low_shutdown
2026-08-21 10:51:22.346 [session=000420] [INFO] [SSE-SSE_BATTERY_LOW_SHUTDOWN] [SSE_DIAG] reconnect wait tag=SSE_BATTERY_LOW_SHUTDOWN, delay=10s, reconnect=77, reason=HTTP 404, url=http://localhost:8080/robot_ec2b/events/battery/low_shutdown
2026-08-21 10:51:25.489 [session=000420] [INFO] [MainThread] [MAIN_THREAD_HEARTBEAT] GUI main thread alive: thread=MainThread
2026-08-21 10:51:30.490 [session=000420] [INFO] [MainThread] [MAIN_THREAD_HEARTBEAT] GUI main thread alive: thread=MainThread
2026-08-21 10:51:31.493 [session=000420] [DEBUG] [RestApiThread] GetCallBellFromRESTAPI 요청 시작
2026-08-21 10:51:31.497 [session=000420] [DEBUG] [RestApiThread] _get_data: 요청 시작 - tag: REST_API_TAG.GET_CALLBELL, url: http://localhost:8080/robot_ec2b/callbell
2026-08-21 10:51:31.499 [session=000420] [DEBUG] [RestApiThread] _get_data: 요청 전송 완료 - tag: REST_API_TAG.GET_CALLBELL, timeout: 30000ms
2026-08-21 10:51:31.504 [session=000420] [INFO] [MainThread] model_manager set_destinations: unchanged (5 items) - emit skipped
2026-08-21 10:51:31.514 [session=000420] [DEBUG] [RestApiThread] _handle_response 호출됨 - tag: REST_API_TAG.GET_CALLBELL, status_code: 200
2026-08-21 10:51:31.516 [session=000420] [INFO] [ThreadPoolExecutor-5_1] 호출벨 데이터 수신: 5개
2026-08-21 10:51:31.518 [session=000420] [INFO] [MainThread] 호출벨-목적지 동기화 완료: 5개 호출벨
2026-08-21 10:51:31.519 [session=000420] [INFO] [MainThread] 목적지 리스트 반환: destinations=[Destination(name='로비', goal_pose=Pose(x=4.241336459631034, y=-2.361104203714551, qw=0.5097087478206948, qz=0.8603470185890456), bell=Bells(treatment='', suction='64012cd7'), idx=0, color='#e53935'), Destination(name='수술실', goal_pose=Pose(x=4.5199271819089395, y=-3.9219605026851503, qw=0.14533446519134308, qz=-0.9893825818294691), bell=Bells(treatment='', suction='64132cd7'), idx=1, color='#e53935'), Destination(name='진료실', goal_pose=Pose(x=0.11980823444488001, y=-3.735511450600503, qw=0.9963649848510123, qz=0.0851869530083222), bell=Bells(treatment='', suction='64252cd7'), idx=2, color='#e53935'), Destination(name='창고', goal_pose=Pose(x=0.2834625688692579, y=-6.793061814598156, qw=0.5257961572167338, qz=0.850610604834031), bell=Bells(treatment='', suction='64372cd7'), idx=3, color='#e53935'), Destination(name='소독실', goal_pose=Pose(x=-3.4045695907217928, y=-7.611793760201744, qw=0.546869706461766, qz=0.8372177280459497), bell=Bells(treatment='', suction='64492cd7'), idx=4, color='#e53935')]
2026-08-21 10:51:31.519 [session=000420] [INFO] [MainThread] 호출벨 리스트 반환: callbells={'64012cd7': {'name': '호출벨 1', 'usage': 'suction', 'destination': '로비'}, '64132cd7': {'name': '호출벨 2', 'usage': 'suction', 'destination': '수술실'}, '64252cd7': {'name': '호출벨 3', 'usage': 'suction', 'destination': '진료실'}, '64372cd7': {'name': '호출벨 4', 'usage': 'suction', 'destination': '창고'}, '64492cd7': {'name': '호출벨 5', 'usage': 'suction', 'destination': '소독실'}}, robot_usages=['treatment', 'suction']
2026-08-21 10:51:31.519 [session=000420] [INFO] [MainThread] 호출벨 리스트 로드: 5개
2026-08-21 10:51:31.519 [session=000420] [INFO] [MainThread] 호출벨 목록 동일 - UI 재생성 생략
2026-08-21 10:51:31.519 [session=000420] [INFO] [MainThread] 호출벨용 용도 목록 로드 요청
2026-08-21 10:51:31.520 [session=000420] [INFO] [MainThread] 호출벨에 용도 목록 전달: 2개
2026-08-21 10:51:31.520 [session=000420] [INFO] [MainThread] 용도 목록 로드: 2개
2026-08-21 10:51:31.521 [session=000420] [INFO] [MainThread] 목적지 목록 로드: 5개
2026-08-21 10:51:31.521 [session=000420] [INFO] [MainThread] 호출벨 관리에 목적지 목록 전달: 5개
2026-08-21 10:51:31.522 [session=000420] [INFO] [MainThread] My IP : 192.168.104.212
2026-08-21 10:51:32.348 [session=000420] [INFO] [SSE-SSE_BATTERY_LOW_SHUTDOWN] [SSE_DIAG] connect attempt tag=SSE_BATTERY_LOW_SHUTDOWN, reconnect=77, url=http://localhost:8080/robot_ec2b/events/battery/low_shutdown
2026-08-21 10:51:32.360 [session=000420] [INFO] [SSE-SSE_BATTERY_LOW_SHUTDOWN] [SSE_DIAG] connected tag=SSE_BATTERY_LOW_SHUTDOWN, status=404, reason=Not Found, elapsed=0.01s, content_type=application/json, url=http://localhost:8080/robot_ec2b/events/battery/low_shutdown
2026-08-21 10:51:32.361 [session=000420] [ERROR] [SSE-SSE_BATTERY_LOW_SHUTDOWN] [SSE_DIAG] non-200 response tag=SSE_BATTERY_LOW_SHUTDOWN, status=404, reason=Not Found, url=http://localhost:8080/robot_ec2b/events/battery/low_shutdown
2026-08-21 10:51:32.363 [session=000420] [INFO] [SSE-SSE_BATTERY_LOW_SHUTDOWN] [SSE_DIAG] reconnect wait tag=SSE_BATTERY_LOW_SHUTDOWN, delay=10s, reconnect=78, reason=HTTP 404, url=http://localhost:8080/robot_ec2b/events/battery/low_shutdown
2026-08-21 10:51:35.489 [session=000420] [INFO] [MainThread] [MAIN_THREAD_HEARTBEAT] GUI main thread alive: thread=MainThread
2026-08-21 10:51:40.490 [session=000420] [INFO] [MainThread] [MAIN_THREAD_HEARTBEAT] GUI main thread alive: thread=MainThread
2026-08-21 10:51:41.490 [session=000420] [DEBUG] [RestApiThread] GetCallBellFromRESTAPI 요청 시작
2026-08-21 10:51:41.493 [session=000420] [DEBUG] [RestApiThread] _get_data: 요청 시작 - tag: REST_API_TAG.GET_CALLBELL, url: http://localhost:8080/robot_ec2b/callbell
2026-08-21 10:51:41.497 [session=000420] [DEBUG] [RestApiThread] _get_data: 요청 전송 완료 - tag: REST_API_TAG.GET_CALLBELL, timeout: 30000ms
2026-08-21 10:51:41.514 [session=000420] [INFO] [MainThread] model_manager set_destinations: unchanged (5 items) - emit skipped
2026-08-21 10:51:41.527 [session=000420] [DEBUG] [RestApiThread] _handle_response 호출됨 - tag: REST_API_TAG.GET_CALLBELL, status_code: 200
2026-08-21 10:51:41.528 [session=000420] [INFO] [ThreadPoolExecutor-5_0] 호출벨 데이터 수신: 5개
2026-08-21 10:51:41.530 [session=000420] [INFO] [MainThread] 호출벨-목적지 동기화 완료: 5개 호출벨
2026-08-21 10:51:41.530 [session=000420] [INFO] [MainThread] 목적지 리스트 반환: destinations=[Destination(name='로비', goal_pose=Pose(x=4.241336459631034, y=-2.361104203714551, qw=0.5097087478206948, qz=0.8603470185890456), bell=Bells(treatment='', suction='64012cd7'), idx=0, color='#e53935'), Destination(name='수술실', goal_pose=Pose(x=4.5199271819089395, y=-3.9219605026851503, qw=0.14533446519134308, qz=-0.9893825818294691), bell=Bells(treatment='', suction='64132cd7'), idx=1, color='#e53935'), Destination(name='진료실', goal_pose=Pose(x=0.11980823444488001, y=-3.735511450600503, qw=0.9963649848510123, qz=0.0851869530083222), bell=Bells(treatment='', suction='64252cd7'), idx=2, color='#e53935'), Destination(name='창고', goal_pose=Pose(x=0.2834625688692579, y=-6.793061814598156, qw=0.5257961572167338, qz=0.850610604834031), bell=Bells(treatment='', suction='64372cd7'), idx=3, color='#e53935'), Destination(name='소독실', goal_pose=Pose(x=-3.4045695907217928, y=-7.611793760201744, qw=0.546869706461766, qz=0.8372177280459497), bell=Bells(treatment='', suction='64492cd7'), idx=4, color='#e53935')]
2026-08-21 10:51:41.530 [session=000420] [INFO] [MainThread] 호출벨 리스트 반환: callbells={'64012cd7': {'name': '호출벨 1', 'usage': 'suction', 'destination': '로비'}, '64132cd7': {'name': '호출벨 2', 'usage': 'suction', 'destination': '수술실'}, '64252cd7': {'name': '호출벨 3', 'usage': 'suction', 'destination': '진료실'}, '64372cd7': {'name': '호출벨 4', 'usage': 'suction', 'destination': '창고'}, '64492cd7': {'name': '호출벨 5', 'usage': 'suction', 'destination': '소독실'}}, robot_usages=['treatment', 'suction']
2026-08-21 10:51:41.530 [session=000420] [INFO] [MainThread] 호출벨 리스트 로드: 5개
2026-08-21 10:51:41.531 [session=000420] [INFO] [MainThread] 호출벨 목록 동일 - UI 재생성 생략
2026-08-21 10:51:41.531 [session=000420] [INFO] [MainThread] 호출벨용 용도 목록 로드 요청
2026-08-21 10:51:41.531 [session=000420] [INFO] [MainThread] 호출벨에 용도 목록 전달: 2개
2026-08-21 10:51:41.531 [session=000420] [INFO] [MainThread] 용도 목록 로드: 2개
2026-08-21 10:51:41.531 [session=000420] [INFO] [MainThread] 목적지 목록 로드: 5개
2026-08-21 10:51:41.531 [session=000420] [INFO] [MainThread] 호출벨 관리에 목적지 목록 전달: 5개
2026-08-21 10:51:41.536 [session=000420] [INFO] [MainThread] My IP : 192.168.104.212
2026-08-21 10:51:42.364 [session=000420] [INFO] [SSE-SSE_BATTERY_LOW_SHUTDOWN] [SSE_DIAG] connect attempt tag=SSE_BATTERY_LOW_SHUTDOWN, reconnect=78, url=http://localhost:8080/robot_ec2b/events/battery/low_shutdown
2026-08-21 10:51:42.372 [session=000420] [INFO] [SSE-SSE_BATTERY_LOW_SHUTDOWN] [SSE_DIAG] connected tag=SSE_BATTERY_LOW_SHUTDOWN, status=404, reason=Not Found, elapsed=0.01s, content_type=application/json, url=http://localhost:8080/robot_ec2b/events/battery/low_shutdown
2026-08-21 10:51:42.373 [session=000420] [ERROR] [SSE-SSE_BATTERY_LOW_SHUTDOWN] [SSE_DIAG] non-200 response tag=SSE_BATTERY_LOW_SHUTDOWN, status=404, reason=Not Found, url=http://localhost:8080/robot_ec2b/events/battery/low_shutdown
2026-08-21 10:51:42.375 [session=000420] [INFO] [SSE-SSE_BATTERY_LOW_SHUTDOWN] [SSE_DIAG] reconnect wait tag=SSE_BATTERY_LOW_SHUTDOWN, delay=10s, reconnect=79, reason=HTTP 404, url=http://localhost:8080/robot_ec2b/events/battery/low_shutdown
2026-08-21 10:51:45.489 [session=000420] [INFO] [MainThread] [MAIN_THREAD_HEARTBEAT] GUI main thread alive: thread=MainThread
2026-08-21 10:51:50.490 [session=000420] [INFO] [MainThread] [MAIN_THREAD_HEARTBEAT] GUI main thread alive: thread=MainThread
2026-08-21 10:51:51.491 [session=000420] [DEBUG] [RestApiThread] GetCallBellFromRESTAPI 요청 시작
2026-08-21 10:51:51.493 [session=000420] [DEBUG] [RestApiThread] _get_data: 요청 시작 - tag: REST_API_TAG.GET_CALLBELL, url: http://localhost:8080/robot_ec2b/callbell
2026-08-21 10:51:51.494 [session=000420] [DEBUG] [RestApiThread] _get_data: 요청 전송 완료 - tag: REST_API_TAG.GET_CALLBELL, timeout: 30000ms
2026-08-21 10:51:51.503 [session=000420] [DEBUG] [RestApiThread] _handle_response 호출됨 - tag: REST_API_TAG.GET_CALLBELL, status_code: 200
2026-08-21 10:51:51.505 [session=000420] [INFO] [ThreadPoolExecutor-5_0] 호출벨 데이터 수신: 5개
2026-08-21 10:51:51.514 [session=000420] [INFO] [MainThread] model_manager set_destinations: unchanged (5 items) - emit skipped
2026-08-21 10:51:51.518 [session=000420] [INFO] [MainThread] 호출벨-목적지 동기화 완료: 5개 호출벨
2026-08-21 10:51:51.518 [session=000420] [INFO] [MainThread] 목적지 리스트 반환: destinations=[Destination(name='로비', goal_pose=Pose(x=4.241336459631034, y=-2.361104203714551, qw=0.5097087478206948, qz=0.8603470185890456), bell=Bells(treatment='', suction='64012cd7'), idx=0, color='#e53935'), Destination(name='수술실', goal_pose=Pose(x=4.5199271819089395, y=-3.9219605026851503, qw=0.14533446519134308, qz=-0.9893825818294691), bell=Bells(treatment='', suction='64132cd7'), idx=1, color='#e53935'), Destination(name='진료실', goal_pose=Pose(x=0.11980823444488001, y=-3.735511450600503, qw=0.9963649848510123, qz=0.0851869530083222), bell=Bells(treatment='', suction='64252cd7'), idx=2, color='#e53935'), Destination(name='창고', goal_pose=Pose(x=0.2834625688692579, y=-6.793061814598156, qw=0.5257961572167338, qz=0.850610604834031), bell=Bells(treatment='', suction='64372cd7'), idx=3, color='#e53935'), Destination(name='소독실', goal_pose=Pose(x=-3.4045695907217928, y=-7.611793760201744, qw=0.546869706461766, qz=0.8372177280459497), bell=Bells(treatment='', suction='64492cd7'), idx=4, color='#e53935')]
2026-08-21 10:51:51.519 [session=000420] [INFO] [MainThread] 호출벨 리스트 반환: callbells={'64012cd7': {'name': '호출벨 1', 'usage': 'suction', 'destination': '로비'}, '64132cd7': {'name': '호출벨 2', 'usage': 'suction', 'destination': '수술실'}, '64252cd7': {'name': '호출벨 3', 'usage': 'suction', 'destination': '진료실'}, '64372cd7': {'name': '호출벨 4', 'usage': 'suction', 'destination': '창고'}, '64492cd7': {'name': '호출벨 5', 'usage': 'suction', 'destination': '소독실'}}, robot_usages=['treatment', 'suction']
2026-08-21 10:51:51.519 [session=000420] [INFO] [MainThread] 호출벨 리스트 로드: 5개
2026-08-21 10:51:51.519 [session=000420] [INFO] [MainThread] 호출벨 목록 동일 - UI 재생성 생략
2026-08-21 10:51:51.519 [session=000420] [INFO] [MainThread] 호출벨용 용도 목록 로드 요청
2026-08-21 10:51:51.520 [session=000420] [INFO] [MainThread] 호출벨에 용도 목록 전달: 2개
2026-08-21 10:51:51.520 [session=000420] [INFO] [MainThread] 용도 목록 로드: 2개
2026-08-21 10:51:51.520 [session=000420] [INFO] [MainThread] 목적지 목록 로드: 5개
2026-08-21 10:51:51.520 [session=000420] [INFO] [MainThread] 호출벨 관리에 목적지 목록 전달: 5개
2026-08-21 10:51:51.522 [session=000420] [INFO] [MainThread] My IP : 192.168.104.212
2026-08-21 10:51:52.376 [session=000420] [INFO] [SSE-SSE_BATTERY_LOW_SHUTDOWN] [SSE_DIAG] connect attempt tag=SSE_BATTERY_LOW_SHUTDOWN, reconnect=79, url=http://localhost:8080/robot_ec2b/events/battery/low_shutdown
2026-08-21 10:51:52.387 [session=000420] [INFO] [SSE-SSE_BATTERY_LOW_SHUTDOWN] [SSE_DIAG] connected tag=SSE_BATTERY_LOW_SHUTDOWN, status=404, reason=Not Found, elapsed=0.01s, content_type=application/json, url=http://localhost:8080/robot_ec2b/events/battery/low_shutdown
2026-08-21 10:51:52.387 [session=000420] [ERROR] [SSE-SSE_BATTERY_LOW_SHUTDOWN] [SSE_DIAG] non-200 response tag=SSE_BATTERY_LOW_SHUTDOWN, status=404, reason=Not Found, url=http://localhost:8080/robot_ec2b/events/battery/low_shutdown
2026-08-21 10:51:52.391 [session=000420] [INFO] [SSE-SSE_BATTERY_LOW_SHUTDOWN] [SSE_DIAG] reconnect wait tag=SSE_BATTERY_LOW_SHUTDOWN, delay=10s, reconnect=80, reason=HTTP 404, url=http://localhost:8080/robot_ec2b/events/battery/low_shutdown
2026-08-21 10:51:55.489 [session=000420] [INFO] [MainThread] [MAIN_THREAD_HEARTBEAT] GUI main thread alive: thread=MainThread
2026-08-21 10:52:00.489 [session=000420] [INFO] [MainThread] [MAIN_THREAD_HEARTBEAT] GUI main thread alive: thread=MainThread
2026-08-21 10:52:01.490 [session=000420] [DEBUG] [RestApiThread] GetCallBellFromRESTAPI 요청 시작
2026-08-21 10:52:01.496 [session=000420] [DEBUG] [RestApiThread] _get_data: 요청 시작 - tag: REST_API_TAG.GET_CALLBELL, url: http://localhost:8080/robot_ec2b/callbell
2026-08-21 10:52:01.497 [session=000420] [DEBUG] [RestApiThread] _get_data: 요청 전송 완료 - tag: REST_API_TAG.GET_CALLBELL, timeout: 30000ms
2026-08-21 10:52:01.499 [session=000420] [INFO] [RestApiThread] _handle_response (CYCLIC 정상) - tag: REST_API_TAG.GET_DESTINATIONS, status: 200, pending→2
2026-08-21 10:52:01.500 [session=000420] [INFO] [MainThread] model_manager set_destinations: unchanged (5 items) - emit skipped
2026-08-21 10:52:01.503 [session=000420] [DEBUG] [RestApiThread] _handle_response 호출됨 - tag: REST_API_TAG.GET_CALLBELL, status_code: 200
2026-08-21 10:52:01.504 [session=000420] [INFO] [ThreadPoolExecutor-5_1] 호출벨 데이터 수신: 5개
2026-08-21 10:52:01.505 [session=000420] [INFO] [MainThread] 호출벨-목적지 동기화 완료: 5개 호출벨
2026-08-21 10:52:01.507 [session=000420] [INFO] [MainThread] 목적지 리스트 반환: destinations=[Destination(name='로비', goal_pose=Pose(x=4.241336459631034, y=-2.361104203714551, qw=0.5097087478206948, qz=0.8603470185890456), bell=Bells(treatment='', suction='64012cd7'), idx=0, color='#e53935'), Destination(name='수술실', goal_pose=Pose(x=4.5199271819089395, y=-3.9219605026851503, qw=0.14533446519134308, qz=-0.9893825818294691), bell=Bells(treatment='', suction='64132cd7'), idx=1, color='#e53935'), Destination(name='진료실', goal_pose=Pose(x=0.11980823444488001, y=-3.735511450600503, qw=0.9963649848510123, qz=0.0851869530083222), bell=Bells(treatment='', suction='64252cd7'), idx=2, color='#e53935'), Destination(name='창고', goal_pose=Pose(x=0.2834625688692579, y=-6.793061814598156, qw=0.5257961572167338, qz=0.850610604834031), bell=Bells(treatment='', suction='64372cd7'), idx=3, color='#e53935'), Destination(name='소독실', goal_pose=Pose(x=-3.4045695907217928, y=-7.611793760201744, qw=0.546869706461766, qz=0.8372177280459497), bell=Bells(treatment='', suction='64492cd7'), idx=4, color='#e53935')]
2026-08-21 10:52:01.508 [session=000420] [INFO] [MainThread] 호출벨 리스트 반환: callbells={'64012cd7': {'name': '호출벨 1', 'usage': 'suction', 'destination': '로비'}, '64132cd7': {'name': '호출벨 2', 'usage': 'suction', 'destination': '수술실'}, '64252cd7': {'name': '호출벨 3', 'usage': 'suction', 'destination': '진료실'}, '64372cd7': {'name': '호출벨 4', 'usage': 'suction', 'destination': '창고'}, '64492cd7': {'name': '호출벨 5', 'usage': 'suction', 'destination': '소독실'}}, robot_usages=['treatment', 'suction']
2026-08-21 10:52:01.513 [session=000420] [INFO] [MainThread] 호출벨 리스트 로드: 5개
2026-08-21 10:52:01.517 [session=000420] [INFO] [MainThread] 호출벨 목록 동일 - UI 재생성 생략
2026-08-21 10:52:01.517 [session=000420] [INFO] [MainThread] 호출벨용 용도 목록 로드 요청
2026-08-21 10:52:01.517 [session=000420] [INFO] [MainThread] 호출벨에 용도 목록 전달: 2개
2026-08-21 10:52:01.518 [session=000420] [INFO] [MainThread] 용도 목록 로드: 2개
2026-08-21 10:52:01.518 [session=000420] [INFO] [MainThread] 목적지 목록 로드: 5개
2026-08-21 10:52:01.519 [session=000420] [INFO] [MainThread] 호출벨 관리에 목적지 목록 전달: 5개
2026-08-21 10:52:01.542 [session=000420] [INFO] [RestApiThread] _handle_response (CYCLIC 정상) - tag: REST_API_TAG.GET_MASTER_IP_ADDRESS, status: 200, pending→0
2026-08-21 10:52:01.544 [session=000420] [INFO] [MainThread] My IP : 192.168.104.212
2026-08-21 10:52:01.549 [session=000420] [INFO] [browser-music-sync_0] [BROWSER_MUSIC_SYNC] event=catalog_fetch_started master_base_url=http://127.0.0.1:5051
2026-08-21 10:52:01.576 [session=000420] [INFO] [browser-music-sync_0] [BROWSER_MUSIC_SYNC] event=catalog_fetch_succeeded master_base_url=http://127.0.0.1:5051 item_count=3
2026-08-21 10:52:01.586 [session=000420] [INFO] [RestApiThread] [REST API] 배경 음악 GET 전송: operation=selection_get, url=http://127.0.0.1:5051/api/voice-event-settings/background-music?robot_id=robot_ec2b
2026-08-21 10:52:01.587 [session=000420] [INFO] [RestApiThread] [REST API] 배경 음악 GET 전송: operation=resolved_get, url=http://127.0.0.1:5051/api/voice-event-settings/resolved?robot_id=robot_ec2b
2026-08-21 10:52:01.614 [session=000420] [DEBUG] [RestApiThread] _handle_response 호출됨 - tag: REST_API_TAG.GET_BACKGROUND_MUSIC_SETTING, status_code: 200
2026-08-21 10:52:01.629 [session=000420] [DEBUG] [RestApiThread] _handle_response 호출됨 - tag: REST_API_TAG.GET_RESOLVED_BACKGROUND_MUSIC, status_code: 200
2026-08-21 10:52:02.393 [session=000420] [INFO] [SSE-SSE_BATTERY_LOW_SHUTDOWN] [SSE_DIAG] connect attempt tag=SSE_BATTERY_LOW_SHUTDOWN, reconnect=80, url=http://localhost:8080/robot_ec2b/events/battery/low_shutdown
2026-08-21 10:52:02.401 [session=000420] [INFO] [SSE-SSE_BATTERY_LOW_SHUTDOWN] [SSE_DIAG] connected tag=SSE_BATTERY_LOW_SHUTDOWN, status=404, reason=Not Found, elapsed=0.01s, content_type=application/json, url=http://localhost:8080/robot_ec2b/events/battery/low_shutdown
2026-08-21 10:52:02.402 [session=000420] [ERROR] [SSE-SSE_BATTERY_LOW_SHUTDOWN] [SSE_DIAG] non-200 response tag=SSE_BATTERY_LOW_SHUTDOWN, status=404, reason=Not Found, url=http://localhost:8080/robot_ec2b/events/battery/low_shutdown
2026-08-21 10:52:02.405 [session=000420] [INFO] [SSE-SSE_BATTERY_LOW_SHUTDOWN] [SSE_DIAG] reconnect wait tag=SSE_BATTERY_LOW_SHUTDOWN, delay=10s, reconnect=81, reason=HTTP 404, url=http://localhost:8080/robot_ec2b/events/battery/low_shutdown
2026-08-21 10:52:05.490 [session=000420] [INFO] [MainThread] [MAIN_THREAD_HEARTBEAT] GUI main thread alive: thread=MainThread
2026-08-21 10:52:10.493 [session=000420] [INFO] [MainThread] [MAIN_THREAD_HEARTBEAT] GUI main thread alive: thread=MainThread
2026-08-21 10:52:11.495 [session=000420] [DEBUG] [RestApiThread] GetCallBellFromRESTAPI 요청 시작
2026-08-21 10:52:11.501 [session=000420] [DEBUG] [RestApiThread] _get_data: 요청 시작 - tag: REST_API_TAG.GET_CALLBELL, url: http://localhost:8080/robot_ec2b/callbell
2026-08-21 10:52:11.502 [session=000420] [DEBUG] [RestApiThread] _get_data: 요청 전송 완료 - tag: REST_API_TAG.GET_CALLBELL, timeout: 30000ms
2026-08-21 10:52:11.512 [session=000420] [INFO] [MainThread] model_manager set_destinations: unchanged (5 items) - emit skipped
2026-08-21 10:52:11.518 [session=000420] [INFO] [MainThread] My IP : 192.168.104.212
2026-08-21 10:52:11.521 [session=000420] [DEBUG] [RestApiThread] _handle_response 호출됨 - tag: REST_API_TAG.GET_CALLBELL, status_code: 200
2026-08-21 10:52:11.522 [session=000420] [INFO] [ThreadPoolExecutor-5_1] 호출벨 데이터 수신: 5개
2026-08-21 10:52:11.523 [session=000420] [INFO] [MainThread] 호출벨-목적지 동기화 완료: 5개 호출벨
2026-08-21 10:52:11.525 [session=000420] [INFO] [MainThread] 목적지 리스트 반환: destinations=[Destination(name='로비', goal_pose=Pose(x=4.241336459631034, y=-2.361104203714551, qw=0.5097087478206948, qz=0.8603470185890456), bell=Bells(treatment='', suction='64012cd7'), idx=0, color='#e53935'), Destination(name='수술실', goal_pose=Pose(x=4.5199271819089395, y=-3.9219605026851503, qw=0.14533446519134308, qz=-0.9893825818294691), bell=Bells(treatment='', suction='64132cd7'), idx=1, color='#e53935'), Destination(name='진료실', goal_pose=Pose(x=0.11980823444488001, y=-3.735511450600503, qw=0.9963649848510123, qz=0.0851869530083222), bell=Bells(treatment='', suction='64252cd7'), idx=2, color='#e53935'), Destination(name='창고', goal_pose=Pose(x=0.2834625688692579, y=-6.793061814598156, qw=0.5257961572167338, qz=0.850610604834031), bell=Bells(treatment='', suction='64372cd7'), idx=3, color='#e53935'), Destination(name='소독실', goal_pose=Pose(x=-3.4045695907217928, y=-7.611793760201744, qw=0.546869706461766, qz=0.8372177280459497), bell=Bells(treatment='', suction='64492cd7'), idx=4, color='#e53935')]
2026-08-21 10:52:11.529 [session=000420] [INFO] [MainThread] 호출벨 리스트 반환: callbells={'64012cd7': {'name': '호출벨 1', 'usage': 'suction', 'destination': '로비'}, '64132cd7': {'name': '호출벨 2', 'usage': 'suction', 'destination': '수술실'}, '64252cd7': {'name': '호출벨 3', 'usage': 'suction', 'destination': '진료실'}, '64372cd7': {'name': '호출벨 4', 'usage': 'suction', 'destination': '창고'}, '64492cd7': {'name': '호출벨 5', 'usage': 'suction', 'destination': '소독실'}}, robot_usages=['treatment', 'suction']
2026-08-21 10:52:11.529 [session=000420] [INFO] [MainThread] 호출벨 리스트 로드: 5개
2026-08-21 10:52:11.531 [session=000420] [INFO] [MainThread] 호출벨 목록 동일 - UI 재생성 생략
2026-08-21 10:52:11.532 [session=000420] [INFO] [MainThread] 호출벨용 용도 목록 로드 요청
2026-08-21 10:52:11.532 [session=000420] [INFO] [MainThread] 호출벨에 용도 목록 전달: 2개
2026-08-21 10:52:11.532 [session=000420] [INFO] [MainThread] 용도 목록 로드: 2개
2026-08-21 10:52:11.533 [session=000420] [INFO] [MainThread] 목적지 목록 로드: 5개
2026-08-21 10:52:11.533 [session=000420] [INFO] [MainThread] 호출벨 관리에 목적지 목록 전달: 5개
2026-08-21 10:52:12.406 [session=000420] [INFO] [SSE-SSE_BATTERY_LOW_SHUTDOWN] [SSE_DIAG] connect attempt tag=SSE_BATTERY_LOW_SHUTDOWN, reconnect=81, url=http://localhost:8080/robot_ec2b/events/battery/low_shutdown
2026-08-21 10:52:12.424 [session=000420] [INFO] [SSE-SSE_BATTERY_LOW_SHUTDOWN] [SSE_DIAG] connected tag=SSE_BATTERY_LOW_SHUTDOWN, status=404, reason=Not Found, elapsed=0.02s, content_type=application/json, url=http://localhost:8080/robot_ec2b/events/battery/low_shutdown
2026-08-21 10:52:12.425 [session=000420] [ERROR] [SSE-SSE_BATTERY_LOW_SHUTDOWN] [SSE_DIAG] non-200 response tag=SSE_BATTERY_LOW_SHUTDOWN, status=404, reason=Not Found, url=http://localhost:8080/robot_ec2b/events/battery/low_shutdown
2026-08-21 10:52:12.428 [session=000420] [INFO] [SSE-SSE_BATTERY_LOW_SHUTDOWN] [SSE_DIAG] reconnect wait tag=SSE_BATTERY_LOW_SHUTDOWN, delay=10s, reconnect=82, reason=HTTP 404, url=http://localhost:8080/robot_ec2b/events/battery/low_shutdown
2026-08-21 10:52:15.489 [session=000420] [INFO] [MainThread] [MAIN_THREAD_HEARTBEAT] GUI main thread alive: thread=MainThread
2026-08-21 10:52:20.489 [session=000420] [INFO] [MainThread] [MAIN_THREAD_HEARTBEAT] GUI main thread alive: thread=MainThread
2026-08-21 10:52:21.497 [session=000420] [DEBUG] [RestApiThread] GetCallBellFromRESTAPI 요청 시작
2026-08-21 10:52:21.502 [session=000420] [DEBUG] [RestApiThread] _get_data: 요청 시작 - tag: REST_API_TAG.GET_CALLBELL, url: http://localhost:8080/robot_ec2b/callbell
2026-08-21 10:52:21.502 [session=000420] [DEBUG] [RestApiThread] _get_data: 요청 전송 완료 - tag: REST_API_TAG.GET_CALLBELL, timeout: 30000ms
2026-08-21 10:52:21.505 [session=000420] [INFO] [MainThread] model_manager set_destinations: unchanged (5 items) - emit skipped
2026-08-21 10:52:21.526 [session=000420] [DEBUG] [RestApiThread] _handle_response 호출됨 - tag: REST_API_TAG.GET_CALLBELL, status_code: 200
2026-08-21 10:52:21.527 [session=000420] [INFO] [ThreadPoolExecutor-5_1] 호출벨 데이터 수신: 5개
2026-08-21 10:52:21.528 [session=000420] [INFO] [MainThread] 호출벨-목적지 동기화 완료: 5개 호출벨
2026-08-21 10:52:21.529 [session=000420] [INFO] [MainThread] 목적지 리스트 반환: destinations=[Destination(name='로비', goal_pose=Pose(x=4.241336459631034, y=-2.361104203714551, qw=0.5097087478206948, qz=0.8603470185890456), bell=Bells(treatment='', suction='64012cd7'), idx=0, color='#e53935'), Destination(name='수술실', goal_pose=Pose(x=4.5199271819089395, y=-3.9219605026851503, qw=0.14533446519134308, qz=-0.9893825818294691), bell=Bells(treatment='', suction='64132cd7'), idx=1, color='#e53935'), Destination(name='진료실', goal_pose=Pose(x=0.11980823444488001, y=-3.735511450600503, qw=0.9963649848510123, qz=0.0851869530083222), bell=Bells(treatment='', suction='64252cd7'), idx=2, color='#e53935'), Destination(name='창고', goal_pose=Pose(x=0.2834625688692579, y=-6.793061814598156, qw=0.5257961572167338, qz=0.850610604834031), bell=Bells(treatment='', suction='64372cd7'), idx=3, color='#e53935'), Destination(name='소독실', goal_pose=Pose(x=-3.4045695907217928, y=-7.611793760201744, qw=0.546869706461766, qz=0.8372177280459497), bell=Bells(treatment='', suction='64492cd7'), idx=4, color='#e53935')]
2026-08-21 10:52:21.529 [session=000420] [INFO] [MainThread] 호출벨 리스트 반환: callbells={'64012cd7': {'name': '호출벨 1', 'usage': 'suction', 'destination': '로비'}, '64132cd7': {'name': '호출벨 2', 'usage': 'suction', 'destination': '수술실'}, '64252cd7': {'name': '호출벨 3', 'usage': 'suction', 'destination': '진료실'}, '64372cd7': {'name': '호출벨 4', 'usage': 'suction', 'destination': '창고'}, '64492cd7': {'name': '호출벨 5', 'usage': 'suction', 'destination': '소독실'}}, robot_usages=['treatment', 'suction']
2026-08-21 10:52:21.530 [session=000420] [INFO] [MainThread] 호출벨 리스트 로드: 5개
2026-08-21 10:52:21.530 [session=000420] [INFO] [MainThread] 호출벨 목록 동일 - UI 재생성 생략
2026-08-21 10:52:21.530 [session=000420] [INFO] [MainThread] 호출벨용 용도 목록 로드 요청
2026-08-21 10:52:21.530 [session=000420] [INFO] [MainThread] 호출벨에 용도 목록 전달: 2개
2026-08-21 10:52:21.530 [session=000420] [INFO] [MainThread] 용도 목록 로드: 2개
2026-08-21 10:52:21.531 [session=000420] [INFO] [MainThread] 목적지 목록 로드: 5개
2026-08-21 10:52:21.531 [session=000420] [INFO] [MainThread] 호출벨 관리에 목적지 목록 전달: 5개
2026-08-21 10:52:21.551 [session=000420] [INFO] [MainThread] My IP : 192.168.104.212
2026-08-21 10:52:22.429 [session=000420] [INFO] [SSE-SSE_BATTERY_LOW_SHUTDOWN] [SSE_DIAG] connect attempt tag=SSE_BATTERY_LOW_SHUTDOWN, reconnect=82, url=http://localhost:8080/robot_ec2b/events/battery/low_shutdown
2026-08-21 10:52:22.440 [session=000420] [INFO] [SSE-SSE_BATTERY_LOW_SHUTDOWN] [SSE_DIAG] connected tag=SSE_BATTERY_LOW_SHUTDOWN, status=404, reason=Not Found, elapsed=0.01s, content_type=application/json, url=http://localhost:8080/robot_ec2b/events/battery/low_shutdown
2026-08-21 10:52:22.440 [session=000420] [ERROR] [SSE-SSE_BATTERY_LOW_SHUTDOWN] [SSE_DIAG] non-200 response tag=SSE_BATTERY_LOW_SHUTDOWN, status=404, reason=Not Found, url=http://localhost:8080/robot_ec2b/events/battery/low_shutdown
2026-08-21 10:52:22.443 [session=000420] [INFO] [SSE-SSE_BATTERY_LOW_SHUTDOWN] [SSE_DIAG] reconnect wait tag=SSE_BATTERY_LOW_SHUTDOWN, delay=10s, reconnect=83, reason=HTTP 404, url=http://localhost:8080/robot_ec2b/events/battery/low_shutdown
2026-08-21 10:52:25.489 [session=000420] [INFO] [MainThread] [MAIN_THREAD_HEARTBEAT] GUI main thread alive: thread=MainThread
2026-08-21 10:52:30.489 [session=000420] [INFO] [MainThread] [MAIN_THREAD_HEARTBEAT] GUI main thread alive: thread=MainThread
2026-08-21 10:52:31.491 [session=000420] [DEBUG] [RestApiThread] GetCallBellFromRESTAPI 요청 시작
2026-08-21 10:52:31.493 [session=000420] [DEBUG] [RestApiThread] _get_data: 요청 시작 - tag: REST_API_TAG.GET_CALLBELL, url: http://localhost:8080/robot_ec2b/callbell
2026-08-21 10:52:31.501 [session=000420] [DEBUG] [RestApiThread] _get_data: 요청 전송 완료 - tag: REST_API_TAG.GET_CALLBELL, timeout: 30000ms
2026-08-21 10:52:31.504 [session=000420] [INFO] [MainThread] model_manager set_destinations: unchanged (5 items) - emit skipped
2026-08-21 10:52:31.506 [session=000420] [DEBUG] [RestApiThread] _handle_response 호출됨 - tag: REST_API_TAG.GET_CALLBELL, status_code: 200
2026-08-21 10:52:31.507 [session=000420] [INFO] [ThreadPoolExecutor-5_0] 호출벨 데이터 수신: 5개
2026-08-21 10:52:31.508 [session=000420] [INFO] [MainThread] 호출벨-목적지 동기화 완료: 5개 호출벨
2026-08-21 10:52:31.509 [session=000420] [INFO] [MainThread] 목적지 리스트 반환: destinations=[Destination(name='로비', goal_pose=Pose(x=4.241336459631034, y=-2.361104203714551, qw=0.5097087478206948, qz=0.8603470185890456), bell=Bells(treatment='', suction='64012cd7'), idx=0, color='#e53935'), Destination(name='수술실', goal_pose=Pose(x=4.5199271819089395, y=-3.9219605026851503, qw=0.14533446519134308, qz=-0.9893825818294691), bell=Bells(treatment='', suction='64132cd7'), idx=1, color='#e53935'), Destination(name='진료실', goal_pose=Pose(x=0.11980823444488001, y=-3.735511450600503, qw=0.9963649848510123, qz=0.0851869530083222), bell=Bells(treatment='', suction='64252cd7'), idx=2, color='#e53935'), Destination(name='창고', goal_pose=Pose(x=0.2834625688692579, y=-6.793061814598156, qw=0.5257961572167338, qz=0.850610604834031), bell=Bells(treatment='', suction='64372cd7'), idx=3, color='#e53935'), Destination(name='소독실', goal_pose=Pose(x=-3.4045695907217928, y=-7.611793760201744, qw=0.546869706461766, qz=0.8372177280459497), bell=Bells(treatment='', suction='64492cd7'), idx=4, color='#e53935')]
2026-08-21 10:52:31.515 [session=000420] [INFO] [MainThread] 호출벨 리스트 반환: callbells={'64012cd7': {'name': '호출벨 1', 'usage': 'suction', 'destination': '로비'}, '64132cd7': {'name': '호출벨 2', 'usage': 'suction', 'destination': '수술실'}, '64252cd7': {'name': '호출벨 3', 'usage': 'suction', 'destination': '진료실'}, '64372cd7': {'name': '호출벨 4', 'usage': 'suction', 'destination': '창고'}, '64492cd7': {'name': '호출벨 5', 'usage': 'suction', 'destination': '소독실'}}, robot_usages=['treatment', 'suction']
2026-08-21 10:52:31.517 [session=000420] [INFO] [MainThread] 호출벨 리스트 로드: 5개
2026-08-21 10:52:31.517 [session=000420] [INFO] [MainThread] 호출벨 목록 동일 - UI 재생성 생략
2026-08-21 10:52:31.518 [session=000420] [INFO] [MainThread] 호출벨용 용도 목록 로드 요청
2026-08-21 10:52:31.518 [session=000420] [INFO] [MainThread] 호출벨에 용도 목록 전달: 2개
2026-08-21 10:52:31.519 [session=000420] [INFO] [MainThread] 용도 목록 로드: 2개
2026-08-21 10:52:31.519 [session=000420] [INFO] [MainThread] 목적지 목록 로드: 5개
2026-08-21 10:52:31.519 [session=000420] [INFO] [MainThread] 호출벨 관리에 목적지 목록 전달: 5개
2026-08-21 10:52:31.520 [session=000420] [INFO] [MainThread] My IP : 192.168.104.212
2026-08-21 10:52:32.444 [session=000420] [INFO] [SSE-SSE_BATTERY_LOW_SHUTDOWN] [SSE_DIAG] connect attempt tag=SSE_BATTERY_LOW_SHUTDOWN, reconnect=83, url=http://localhost:8080/robot_ec2b/events/battery/low_shutdown
2026-08-21 10:52:32.466 [session=000420] [INFO] [SSE-SSE_BATTERY_LOW_SHUTDOWN] [SSE_DIAG] connected tag=SSE_BATTERY_LOW_SHUTDOWN, status=404, reason=Not Found, elapsed=0.02s, content_type=application/json, url=http://localhost:8080/robot_ec2b/events/battery/low_shutdown
2026-08-21 10:52:32.466 [session=000420] [ERROR] [SSE-SSE_BATTERY_LOW_SHUTDOWN] [SSE_DIAG] non-200 response tag=SSE_BATTERY_LOW_SHUTDOWN, status=404, reason=Not Found, url=http://localhost:8080/robot_ec2b/events/battery/low_shutdown
2026-08-21 10:52:32.473 [session=000420] [INFO] [SSE-SSE_BATTERY_LOW_SHUTDOWN] [SSE_DIAG] reconnect wait tag=SSE_BATTERY_LOW_SHUTDOWN, delay=10s, reconnect=84, reason=HTTP 404, url=http://localhost:8080/robot_ec2b/events/battery/low_shutdown
2026-08-21 10:52:35.489 [session=000420] [INFO] [MainThread] [MAIN_THREAD_HEARTBEAT] GUI main thread alive: thread=MainThread
2026-08-21 10:52:40.494 [session=000420] [INFO] [MainThread] [MAIN_THREAD_HEARTBEAT] GUI main thread alive: thread=MainThread
2026-08-21 10:52:41.498 [session=000420] [DEBUG] [RestApiThread] GetCallBellFromRESTAPI 요청 시작
2026-08-21 10:52:41.501 [session=000420] [DEBUG] [RestApiThread] _get_data: 요청 시작 - tag: REST_API_TAG.GET_CALLBELL, url: http://localhost:8080/robot_ec2b/callbell
2026-08-21 10:52:41.502 [session=000420] [DEBUG] [RestApiThread] _get_data: 요청 전송 완료 - tag: REST_API_TAG.GET_CALLBELL, timeout: 30000ms
2026-08-21 10:52:41.505 [session=000420] [INFO] [MainThread] model_manager set_destinations: unchanged (5 items) - emit skipped
2026-08-21 10:52:41.515 [session=000420] [DEBUG] [RestApiThread] _handle_response 호출됨 - tag: REST_API_TAG.GET_CALLBELL, status_code: 200
2026-08-21 10:52:41.516 [session=000420] [INFO] [ThreadPoolExecutor-5_1] 호출벨 데이터 수신: 5개
2026-08-21 10:52:41.518 [session=000420] [INFO] [MainThread] 호출벨-목적지 동기화 완료: 5개 호출벨
2026-08-21 10:52:41.518 [session=000420] [INFO] [MainThread] 목적지 리스트 반환: destinations=[Destination(name='로비', goal_pose=Pose(x=4.241336459631034, y=-2.361104203714551, qw=0.5097087478206948, qz=0.8603470185890456), bell=Bells(treatment='', suction='64012cd7'), idx=0, color='#e53935'), Destination(name='수술실', goal_pose=Pose(x=4.5199271819089395, y=-3.9219605026851503, qw=0.14533446519134308, qz=-0.9893825818294691), bell=Bells(treatment='', suction='64132cd7'), idx=1, color='#e53935'), Destination(name='진료실', goal_pose=Pose(x=0.11980823444488001, y=-3.735511450600503, qw=0.9963649848510123, qz=0.0851869530083222), bell=Bells(treatment='', suction='64252cd7'), idx=2, color='#e53935'), Destination(name='창고', goal_pose=Pose(x=0.2834625688692579, y=-6.793061814598156, qw=0.5257961572167338, qz=0.850610604834031), bell=Bells(treatment='', suction='64372cd7'), idx=3, color='#e53935'), Destination(name='소독실', goal_pose=Pose(x=-3.4045695907217928, y=-7.611793760201744, qw=0.546869706461766, qz=0.8372177280459497), bell=Bells(treatment='', suction='64492cd7'), idx=4, color='#e53935')]
2026-08-21 10:52:41.520 [session=000420] [INFO] [MainThread] 호출벨 리스트 반환: callbells={'64012cd7': {'name': '호출벨 1', 'usage': 'suction', 'destination': '로비'}, '64132cd7': {'name': '호출벨 2', 'usage': 'suction', 'destination': '수술실'}, '64252cd7': {'name': '호출벨 3', 'usage': 'suction', 'destination': '진료실'}, '64372cd7': {'name': '호출벨 4', 'usage': 'suction', 'destination': '창고'}, '64492cd7': {'name': '호출벨 5', 'usage': 'suction', 'destination': '소독실'}}, robot_usages=['treatment', 'suction']
2026-08-21 10:52:41.520 [session=000420] [INFO] [MainThread] 호출벨 리스트 로드: 5개
2026-08-21 10:52:41.521 [session=000420] [INFO] [MainThread] 호출벨 목록 동일 - UI 재생성 생략
2026-08-21 10:52:41.521 [session=000420] [INFO] [MainThread] 호출벨용 용도 목록 로드 요청
2026-08-21 10:52:41.522 [session=000420] [INFO] [MainThread] 호출벨에 용도 목록 전달: 2개
2026-08-21 10:52:41.522 [session=000420] [INFO] [MainThread] 용도 목록 로드: 2개
2026-08-21 10:52:41.522 [session=000420] [INFO] [MainThread] 목적지 목록 로드: 5개
2026-08-21 10:52:41.522 [session=000420] [INFO] [MainThread] 호출벨 관리에 목적지 목록 전달: 5개
2026-08-21 10:52:41.523 [session=000420] [INFO] [MainThread] My IP : 192.168.104.212
2026-08-21 10:52:41.527 [session=000420] [INFO] [browser-music-sync_0] [BROWSER_MUSIC_SYNC] event=catalog_fetch_started master_base_url=http://127.0.0.1:5051
2026-08-21 10:52:41.555 [session=000420] [INFO] [browser-music-sync_0] [BROWSER_MUSIC_SYNC] event=catalog_fetch_succeeded master_base_url=http://127.0.0.1:5051 item_count=3
2026-08-21 10:52:41.566 [session=000420] [INFO] [RestApiThread] [REST API] 배경 음악 GET 전송: operation=selection_get, url=http://127.0.0.1:5051/api/voice-event-settings/background-music?robot_id=robot_ec2b
2026-08-21 10:52:41.568 [session=000420] [INFO] [RestApiThread] [REST API] 배경 음악 GET 전송: operation=resolved_get, url=http://127.0.0.1:5051/api/voice-event-settings/resolved?robot_id=robot_ec2b
2026-08-21 10:52:41.590 [session=000420] [DEBUG] [RestApiThread] _handle_response 호출됨 - tag: REST_API_TAG.GET_RESOLVED_BACKGROUND_MUSIC, status_code: 200
2026-08-21 10:52:41.591 [session=000420] [DEBUG] [RestApiThread] _handle_response 호출됨 - tag: REST_API_TAG.GET_BACKGROUND_MUSIC_SETTING, status_code: 200
2026-08-21 10:52:42.477 [session=000420] [INFO] [SSE-SSE_BATTERY_LOW_SHUTDOWN] [SSE_DIAG] connect attempt tag=SSE_BATTERY_LOW_SHUTDOWN, reconnect=84, url=http://localhost:8080/robot_ec2b/events/battery/low_shutdown
2026-08-21 10:52:42.488 [session=000420] [INFO] [SSE-SSE_BATTERY_LOW_SHUTDOWN] [SSE_DIAG] connected tag=SSE_BATTERY_LOW_SHUTDOWN, status=404, reason=Not Found, elapsed=0.01s, content_type=application/json, url=http://localhost:8080/robot_ec2b/events/battery/low_shutdown
2026-08-21 10:52:42.490 [session=000420] [ERROR] [SSE-SSE_BATTERY_LOW_SHUTDOWN] [SSE_DIAG] non-200 response tag=SSE_BATTERY_LOW_SHUTDOWN, status=404, reason=Not Found, url=http://localhost:8080/robot_ec2b/events/battery/low_shutdown
2026-08-21 10:52:42.493 [session=000420] [INFO] [SSE-SSE_BATTERY_LOW_SHUTDOWN] [SSE_DIAG] reconnect wait tag=SSE_BATTERY_LOW_SHUTDOWN, delay=10s, reconnect=85, reason=HTTP 404, url=http://localhost:8080/robot_ec2b/events/battery/low_shutdown
2026-08-21 10:52:45.489 [session=000420] [INFO] [MainThread] [MAIN_THREAD_HEARTBEAT] GUI main thread alive: thread=MainThread
2026-08-21 10:52:50.490 [session=000420] [INFO] [MainThread] [MAIN_THREAD_HEARTBEAT] GUI main thread alive: thread=MainThread
2026-08-21 10:52:51.493 [session=000420] [DEBUG] [RestApiThread] GetCallBellFromRESTAPI 요청 시작
2026-08-21 10:52:51.495 [session=000420] [DEBUG] [RestApiThread] _get_data: 요청 시작 - tag: REST_API_TAG.GET_CALLBELL, url: http://localhost:8080/robot_ec2b/callbell
2026-08-21 10:52:51.497 [session=000420] [DEBUG] [RestApiThread] _get_data: 요청 전송 완료 - tag: REST_API_TAG.GET_CALLBELL, timeout: 30000ms
2026-08-21 10:52:51.500 [session=000420] [INFO] [MainThread] model_manager set_destinations: unchanged (5 items) - emit skipped
2026-08-21 10:52:51.506 [session=000420] [DEBUG] [RestApiThread] _handle_response 호출됨 - tag: REST_API_TAG.GET_CALLBELL, status_code: 200
2026-08-21 10:52:51.507 [session=000420] [INFO] [ThreadPoolExecutor-5_1] 호출벨 데이터 수신: 5개
2026-08-21 10:52:51.515 [session=000420] [INFO] [MainThread] 호출벨-목적지 동기화 완료: 5개 호출벨
2026-08-21 10:52:51.516 [session=000420] [INFO] [MainThread] 목적지 리스트 반환: destinations=[Destination(name='로비', goal_pose=Pose(x=4.241336459631034, y=-2.361104203714551, qw=0.5097087478206948, qz=0.8603470185890456), bell=Bells(treatment='', suction='64012cd7'), idx=0, color='#e53935'), Destination(name='수술실', goal_pose=Pose(x=4.5199271819089395, y=-3.9219605026851503, qw=0.14533446519134308, qz=-0.9893825818294691), bell=Bells(treatment='', suction='64132cd7'), idx=1, color='#e53935'), Destination(name='진료실', goal_pose=Pose(x=0.11980823444488001, y=-3.735511450600503, qw=0.9963649848510123, qz=0.0851869530083222), bell=Bells(treatment='', suction='64252cd7'), idx=2, color='#e53935'), Destination(name='창고', goal_pose=Pose(x=0.2834625688692579, y=-6.793061814598156, qw=0.5257961572167338, qz=0.850610604834031), bell=Bells(treatment='', suction='64372cd7'), idx=3, color='#e53935'), Destination(name='소독실', goal_pose=Pose(x=-3.4045695907217928, y=-7.611793760201744, qw=0.546869706461766, qz=0.8372177280459497), bell=Bells(treatment='', suction='64492cd7'), idx=4, color='#e53935')]
2026-08-21 10:52:51.518 [session=000420] [INFO] [MainThread] 호출벨 리스트 반환: callbells={'64012cd7': {'name': '호출벨 1', 'usage': 'suction', 'destination': '로비'}, '64132cd7': {'name': '호출벨 2', 'usage': 'suction', 'destination': '수술실'}, '64252cd7': {'name': '호출벨 3', 'usage': 'suction', 'destination': '진료실'}, '64372cd7': {'name': '호출벨 4', 'usage': 'suction', 'destination': '창고'}, '64492cd7': {'name': '호출벨 5', 'usage': 'suction', 'destination': '소독실'}}, robot_usages=['treatment', 'suction']
2026-08-21 10:52:51.518 [session=000420] [INFO] [MainThread] 호출벨 리스트 로드: 5개
2026-08-21 10:52:51.518 [session=000420] [INFO] [MainThread] 호출벨 목록 동일 - UI 재생성 생략
2026-08-21 10:52:51.519 [session=000420] [INFO] [MainThread] 호출벨용 용도 목록 로드 요청
2026-08-21 10:52:51.519 [session=000420] [INFO] [MainThread] 호출벨에 용도 목록 전달: 2개
2026-08-21 10:52:51.519 [session=000420] [INFO] [MainThread] 용도 목록 로드: 2개
2026-08-21 10:52:51.521 [session=000420] [INFO] [MainThread] 목적지 목록 로드: 5개
2026-08-21 10:52:51.521 [session=000420] [INFO] [MainThread] 호출벨 관리에 목적지 목록 전달: 5개
2026-08-21 10:52:51.522 [session=000420] [INFO] [MainThread] My IP : 192.168.104.212
2026-08-21 10:52:52.497 [session=000420] [INFO] [SSE-SSE_BATTERY_LOW_SHUTDOWN] [SSE_DIAG] connect attempt tag=SSE_BATTERY_LOW_SHUTDOWN, reconnect=85, url=http://localhost:8080/robot_ec2b/events/battery/low_shutdown
2026-08-21 10:52:52.522 [session=000420] [INFO] [SSE-SSE_BATTERY_LOW_SHUTDOWN] [SSE_DIAG] connected tag=SSE_BATTERY_LOW_SHUTDOWN, status=404, reason=Not Found, elapsed=0.03s, content_type=application/json, url=http://localhost:8080/robot_ec2b/events/battery/low_shutdown
2026-08-21 10:52:52.523 [session=000420] [ERROR] [SSE-SSE_BATTERY_LOW_SHUTDOWN] [SSE_DIAG] non-200 response tag=SSE_BATTERY_LOW_SHUTDOWN, status=404, reason=Not Found, url=http://localhost:8080/robot_ec2b/events/battery/low_shutdown
2026-08-21 10:52:52.526 [session=000420] [INFO] [SSE-SSE_BATTERY_LOW_SHUTDOWN] [SSE_DIAG] reconnect wait tag=SSE_BATTERY_LOW_SHUTDOWN, delay=10s, reconnect=86, reason=HTTP 404, url=http://localhost:8080/robot_ec2b/events/battery/low_shutdown
2026-08-21 10:52:55.489 [session=000420] [INFO] [MainThread] [MAIN_THREAD_HEARTBEAT] GUI main thread alive: thread=MainThread
2026-08-21 10:53:00.489 [session=000420] [INFO] [MainThread] [MAIN_THREAD_HEARTBEAT] GUI main thread alive: thread=MainThread
2026-08-21 10:53:01.491 [session=000420] [DEBUG] [RestApiThread] GetCallBellFromRESTAPI 요청 시작
2026-08-21 10:53:01.497 [session=000420] [DEBUG] [RestApiThread] _get_data: 요청 시작 - tag: REST_API_TAG.GET_CALLBELL, url: http://localhost:8080/robot_ec2b/callbell
2026-08-21 10:53:01.498 [session=000420] [DEBUG] [RestApiThread] _get_data: 요청 전송 완료 - tag: REST_API_TAG.GET_CALLBELL, timeout: 30000ms
2026-08-21 10:53:01.500 [session=000420] [INFO] [MainThread] model_manager set_destinations: unchanged (5 items) - emit skipped
2026-08-21 10:53:01.502 [session=000420] [DEBUG] [RestApiThread] _handle_response 호출됨 - tag: REST_API_TAG.GET_CALLBELL, status_code: 200
2026-08-21 10:53:01.502 [session=000420] [INFO] [ThreadPoolExecutor-5_1] 호출벨 데이터 수신: 5개
2026-08-21 10:53:01.505 [session=000420] [INFO] [MainThread] 호출벨-목적지 동기화 완료: 5개 호출벨
2026-08-21 10:53:01.506 [session=000420] [INFO] [MainThread] 목적지 리스트 반환: destinations=[Destination(name='로비', goal_pose=Pose(x=4.241336459631034, y=-2.361104203714551, qw=0.5097087478206948, qz=0.8603470185890456), bell=Bells(treatment='', suction='64012cd7'), idx=0, color='#e53935'), Destination(name='수술실', goal_pose=Pose(x=4.5199271819089395, y=-3.9219605026851503, qw=0.14533446519134308, qz=-0.9893825818294691), bell=Bells(treatment='', suction='64132cd7'), idx=1, color='#e53935'), Destination(name='진료실', goal_pose=Pose(x=0.11980823444488001, y=-3.735511450600503, qw=0.9963649848510123, qz=0.0851869530083222), bell=Bells(treatment='', suction='64252cd7'), idx=2, color='#e53935'), Destination(name='창고', goal_pose=Pose(x=0.2834625688692579, y=-6.793061814598156, qw=0.5257961572167338, qz=0.850610604834031), bell=Bells(treatment='', suction='64372cd7'), idx=3, color='#e53935'), Destination(name='소독실', goal_pose=Pose(x=-3.4045695907217928, y=-7.611793760201744, qw=0.546869706461766, qz=0.8372177280459497), bell=Bells(treatment='', suction='64492cd7'), idx=4, color='#e53935')]
2026-08-21 10:53:01.511 [session=000420] [INFO] [MainThread] 호출벨 리스트 반환: callbells={'64012cd7': {'name': '호출벨 1', 'usage': 'suction', 'destination': '로비'}, '64132cd7': {'name': '호출벨 2', 'usage': 'suction', 'destination': '수술실'}, '64252cd7': {'name': '호출벨 3', 'usage': 'suction', 'destination': '진료실'}, '64372cd7': {'name': '호출벨 4', 'usage': 'suction', 'destination': '창고'}, '64492cd7': {'name': '호출벨 5', 'usage': 'suction', 'destination': '소독실'}}, robot_usages=['treatment', 'suction']
2026-08-21 10:53:01.511 [session=000420] [INFO] [MainThread] 호출벨 리스트 로드: 5개
2026-08-21 10:53:01.511 [session=000420] [INFO] [MainThread] 호출벨 목록 동일 - UI 재생성 생략
2026-08-21 10:53:01.512 [session=000420] [INFO] [MainThread] 호출벨용 용도 목록 로드 요청
2026-08-21 10:53:01.512 [session=000420] [INFO] [MainThread] 호출벨에 용도 목록 전달: 2개
2026-08-21 10:53:01.512 [session=000420] [INFO] [MainThread] 용도 목록 로드: 2개
2026-08-21 10:53:01.513 [session=000420] [INFO] [MainThread] 목적지 목록 로드: 5개
2026-08-21 10:53:01.514 [session=000420] [INFO] [MainThread] 호출벨 관리에 목적지 목록 전달: 5개
2026-08-21 10:53:01.515 [session=000420] [INFO] [MainThread] My IP : 192.168.104.212
2026-08-21 10:53:02.531 [session=000420] [INFO] [SSE-SSE_BATTERY_LOW_SHUTDOWN] [SSE_DIAG] connect attempt tag=SSE_BATTERY_LOW_SHUTDOWN, reconnect=86, url=http://localhost:8080/robot_ec2b/events/battery/low_shutdown
2026-08-21 10:53:02.547 [session=000420] [INFO] [SSE-SSE_BATTERY_LOW_SHUTDOWN] [SSE_DIAG] connected tag=SSE_BATTERY_LOW_SHUTDOWN, status=404, reason=Not Found, elapsed=0.02s, content_type=application/json, url=http://localhost:8080/robot_ec2b/events/battery/low_shutdown
2026-08-21 10:53:02.548 [session=000420] [ERROR] [SSE-SSE_BATTERY_LOW_SHUTDOWN] [SSE_DIAG] non-200 response tag=SSE_BATTERY_LOW_SHUTDOWN, status=404, reason=Not Found, url=http://localhost:8080/robot_ec2b/events/battery/low_shutdown
2026-08-21 10:53:02.549 [session=000420] [INFO] [SSE-SSE_BATTERY_LOW_SHUTDOWN] [SSE_DIAG] reconnect wait tag=SSE_BATTERY_LOW_SHUTDOWN, delay=10s, reconnect=87, reason=HTTP 404, url=http://localhost:8080/robot_ec2b/events/battery/low_shutdown
2026-08-21 10:53:05.489 [session=000420] [INFO] [MainThread] [MAIN_THREAD_HEARTBEAT] GUI main thread alive: thread=MainThread
2026-08-21 10:53:10.490 [session=000420] [INFO] [MainThread] [MAIN_THREAD_HEARTBEAT] GUI main thread alive: thread=MainThread
2026-08-21 10:53:11.494 [session=000420] [DEBUG] [RestApiThread] GetCallBellFromRESTAPI 요청 시작
2026-08-21 10:53:11.499 [session=000420] [DEBUG] [RestApiThread] _get_data: 요청 시작 - tag: REST_API_TAG.GET_CALLBELL, url: http://localhost:8080/robot_ec2b/callbell
2026-08-21 10:53:11.501 [session=000420] [DEBUG] [RestApiThread] _get_data: 요청 전송 완료 - tag: REST_API_TAG.GET_CALLBELL, timeout: 30000ms
2026-08-21 10:53:11.504 [session=000420] [INFO] [MainThread] model_manager set_destinations: unchanged (5 items) - emit skipped
2026-08-21 10:53:11.528 [session=000420] [DEBUG] [RestApiThread] _handle_response 호출됨 - tag: REST_API_TAG.GET_CALLBELL, status_code: 200
2026-08-21 10:53:11.529 [session=000420] [INFO] [ThreadPoolExecutor-5_1] 호출벨 데이터 수신: 5개
2026-08-21 10:53:11.530 [session=000420] [INFO] [MainThread] 호출벨-목적지 동기화 완료: 5개 호출벨
2026-08-21 10:53:11.530 [session=000420] [INFO] [MainThread] 목적지 리스트 반환: destinations=[Destination(name='로비', goal_pose=Pose(x=4.241336459631034, y=-2.361104203714551, qw=0.5097087478206948, qz=0.8603470185890456), bell=Bells(treatment='', suction='64012cd7'), idx=0, color='#e53935'), Destination(name='수술실', goal_pose=Pose(x=4.5199271819089395, y=-3.9219605026851503, qw=0.14533446519134308, qz=-0.9893825818294691), bell=Bells(treatment='', suction='64132cd7'), idx=1, color='#e53935'), Destination(name='진료실', goal_pose=Pose(x=0.11980823444488001, y=-3.735511450600503, qw=0.9963649848510123, qz=0.0851869530083222), bell=Bells(treatment='', suction='64252cd7'), idx=2, color='#e53935'), Destination(name='창고', goal_pose=Pose(x=0.2834625688692579, y=-6.793061814598156, qw=0.5257961572167338, qz=0.850610604834031), bell=Bells(treatment='', suction='64372cd7'), idx=3, color='#e53935'), Destination(name='소독실', goal_pose=Pose(x=-3.4045695907217928, y=-7.611793760201744, qw=0.546869706461766, qz=0.8372177280459497), bell=Bells(treatment='', suction='64492cd7'), idx=4, color='#e53935')]
2026-08-21 10:53:11.530 [session=000420] [INFO] [MainThread] 호출벨 리스트 반환: callbells={'64012cd7': {'name': '호출벨 1', 'usage': 'suction', 'destination': '로비'}, '64132cd7': {'name': '호출벨 2', 'usage': 'suction', 'destination': '수술실'}, '64252cd7': {'name': '호출벨 3', 'usage': 'suction', 'destination': '진료실'}, '64372cd7': {'name': '호출벨 4', 'usage': 'suction', 'destination': '창고'}, '64492cd7': {'name': '호출벨 5', 'usage': 'suction', 'destination': '소독실'}}, robot_usages=['treatment', 'suction']
2026-08-21 10:53:11.531 [session=000420] [INFO] [MainThread] 호출벨 리스트 로드: 5개
2026-08-21 10:53:11.531 [session=000420] [INFO] [MainThread] 호출벨 목록 동일 - UI 재생성 생략
2026-08-21 10:53:11.532 [session=000420] [INFO] [MainThread] 호출벨용 용도 목록 로드 요청
2026-08-21 10:53:11.532 [session=000420] [INFO] [MainThread] 호출벨에 용도 목록 전달: 2개
2026-08-21 10:53:11.532 [session=000420] [INFO] [MainThread] 용도 목록 로드: 2개
2026-08-21 10:53:11.532 [session=000420] [INFO] [MainThread] 목적지 목록 로드: 5개
2026-08-21 10:53:11.532 [session=000420] [INFO] [MainThread] 호출벨 관리에 목적지 목록 전달: 5개
2026-08-21 10:53:11.533 [session=000420] [INFO] [MainThread] My IP : 192.168.104.212
2026-08-21 10:53:12.551 [session=000420] [INFO] [SSE-SSE_BATTERY_LOW_SHUTDOWN] [SSE_DIAG] connect attempt tag=SSE_BATTERY_LOW_SHUTDOWN, reconnect=87, url=http://localhost:8080/robot_ec2b/events/battery/low_shutdown
2026-08-21 10:53:12.563 [session=000420] [INFO] [SSE-SSE_BATTERY_LOW_SHUTDOWN] [SSE_DIAG] connected tag=SSE_BATTERY_LOW_SHUTDOWN, status=404, reason=Not Found, elapsed=0.01s, content_type=application/json, url=http://localhost:8080/robot_ec2b/events/battery/low_shutdown
2026-08-21 10:53:12.564 [session=000420] [ERROR] [SSE-SSE_BATTERY_LOW_SHUTDOWN] [SSE_DIAG] non-200 response tag=SSE_BATTERY_LOW_SHUTDOWN, status=404, reason=Not Found, url=http://localhost:8080/robot_ec2b/events/battery/low_shutdown
2026-08-21 10:53:12.569 [session=000420] [INFO] [SSE-SSE_BATTERY_LOW_SHUTDOWN] [SSE_DIAG] reconnect wait tag=SSE_BATTERY_LOW_SHUTDOWN, delay=10s, reconnect=88, reason=HTTP 404, url=http://localhost:8080/robot_ec2b/events/battery/low_shutdown
2026-08-21 10:53:15.489 [session=000420] [INFO] [MainThread] [MAIN_THREAD_HEARTBEAT] GUI main thread alive: thread=MainThread
2026-08-21 10:53:20.489 [session=000420] [INFO] [MainThread] [MAIN_THREAD_HEARTBEAT] GUI main thread alive: thread=MainThread
2026-08-21 10:53:21.492 [session=000420] [DEBUG] [RestApiThread] GetCallBellFromRESTAPI 요청 시작
2026-08-21 10:53:21.496 [session=000420] [DEBUG] [RestApiThread] _get_data: 요청 시작 - tag: REST_API_TAG.GET_CALLBELL, url: http://localhost:8080/robot_ec2b/callbell
2026-08-21 10:53:21.497 [session=000420] [DEBUG] [RestApiThread] _get_data: 요청 전송 완료 - tag: REST_API_TAG.GET_CALLBELL, timeout: 30000ms
2026-08-21 10:53:21.501 [session=000420] [INFO] [MainThread] model_manager set_destinations: unchanged (5 items) - emit skipped
2026-08-21 10:53:21.514 [session=000420] [DEBUG] [RestApiThread] _handle_response 호출됨 - tag: REST_API_TAG.GET_CALLBELL, status_code: 200
2026-08-21 10:53:21.518 [session=000420] [INFO] [ThreadPoolExecutor-5_0] 호출벨 데이터 수신: 5개
2026-08-21 10:53:21.522 [session=000420] [INFO] [MainThread] 호출벨-목적지 동기화 완료: 5개 호출벨
2026-08-21 10:53:21.522 [session=000420] [INFO] [MainThread] 목적지 리스트 반환: destinations=[Destination(name='로비', goal_pose=Pose(x=4.241336459631034, y=-2.361104203714551, qw=0.5097087478206948, qz=0.8603470185890456), bell=Bells(treatment='', suction='64012cd7'), idx=0, color='#e53935'), Destination(name='수술실', goal_pose=Pose(x=4.5199271819089395, y=-3.9219605026851503, qw=0.14533446519134308, qz=-0.9893825818294691), bell=Bells(treatment='', suction='64132cd7'), idx=1, color='#e53935'), Destination(name='진료실', goal_pose=Pose(x=0.11980823444488001, y=-3.735511450600503, qw=0.9963649848510123, qz=0.0851869530083222), bell=Bells(treatment='', suction='64252cd7'), idx=2, color='#e53935'), Destination(name='창고', goal_pose=Pose(x=0.2834625688692579, y=-6.793061814598156, qw=0.5257961572167338, qz=0.850610604834031), bell=Bells(treatment='', suction='64372cd7'), idx=3, color='#e53935'), Destination(name='소독실', goal_pose=Pose(x=-3.4045695907217928, y=-7.611793760201744, qw=0.546869706461766, qz=0.8372177280459497), bell=Bells(treatment='', suction='64492cd7'), idx=4, color='#e53935')]
2026-08-21 10:53:21.522 [session=000420] [INFO] [MainThread] 호출벨 리스트 반환: callbells={'64012cd7': {'name': '호출벨 1', 'usage': 'suction', 'destination': '로비'}, '64132cd7': {'name': '호출벨 2', 'usage': 'suction', 'destination': '수술실'}, '64252cd7': {'name': '호출벨 3', 'usage': 'suction', 'destination': '진료실'}, '64372cd7': {'name': '호출벨 4', 'usage': 'suction', 'destination': '창고'}, '64492cd7': {'name': '호출벨 5', 'usage': 'suction', 'destination': '소독실'}}, robot_usages=['treatment', 'suction']
2026-08-21 10:53:21.522 [session=000420] [INFO] [MainThread] 호출벨 리스트 로드: 5개
2026-08-21 10:53:21.523 [session=000420] [INFO] [MainThread] 호출벨 목록 동일 - UI 재생성 생략
2026-08-21 10:53:21.523 [session=000420] [INFO] [MainThread] 호출벨용 용도 목록 로드 요청
2026-08-21 10:53:21.523 [session=000420] [INFO] [MainThread] 호출벨에 용도 목록 전달: 2개
2026-08-21 10:53:21.523 [session=000420] [INFO] [MainThread] 용도 목록 로드: 2개
2026-08-21 10:53:21.523 [session=000420] [INFO] [MainThread] 목적지 목록 로드: 5개
2026-08-21 10:53:21.523 [session=000420] [INFO] [MainThread] 호출벨 관리에 목적지 목록 전달: 5개
2026-08-21 10:53:21.529 [session=000420] [INFO] [MainThread] My IP : 192.168.104.212
2026-08-21 10:53:21.531 [session=000420] [INFO] [browser-music-sync_0] [BROWSER_MUSIC_SYNC] event=catalog_fetch_started master_base_url=http://127.0.0.1:5051
2026-08-21 10:53:21.557 [session=000420] [INFO] [browser-music-sync_0] [BROWSER_MUSIC_SYNC] event=catalog_fetch_succeeded master_base_url=http://127.0.0.1:5051 item_count=3
2026-08-21 10:53:21.572 [session=000420] [INFO] [RestApiThread] [REST API] 배경 음악 GET 전송: operation=selection_get, url=http://127.0.0.1:5051/api/voice-event-settings/background-music?robot_id=robot_ec2b
2026-08-21 10:53:21.573 [session=000420] [INFO] [RestApiThread] [REST API] 배경 음악 GET 전송: operation=resolved_get, url=http://127.0.0.1:5051/api/voice-event-settings/resolved?robot_id=robot_ec2b
2026-08-21 10:53:21.597 [session=000420] [DEBUG] [RestApiThread] _handle_response 호출됨 - tag: REST_API_TAG.GET_BACKGROUND_MUSIC_SETTING, status_code: 200
2026-08-21 10:53:21.599 [session=000420] [DEBUG] [RestApiThread] _handle_response 호출됨 - tag: REST_API_TAG.GET_RESOLVED_BACKGROUND_MUSIC, status_code: 200
2026-08-21 10:53:22.570 [session=000420] [INFO] [SSE-SSE_BATTERY_LOW_SHUTDOWN] [SSE_DIAG] connect attempt tag=SSE_BATTERY_LOW_SHUTDOWN, reconnect=88, url=http://localhost:8080/robot_ec2b/events/battery/low_shutdown
2026-08-21 10:53:22.580 [session=000420] [INFO] [SSE-SSE_BATTERY_LOW_SHUTDOWN] [SSE_DIAG] connected tag=SSE_BATTERY_LOW_SHUTDOWN, status=404, reason=Not Found, elapsed=0.01s, content_type=application/json, url=http://localhost:8080/robot_ec2b/events/battery/low_shutdown
2026-08-21 10:53:22.580 [session=000420] [ERROR] [SSE-SSE_BATTERY_LOW_SHUTDOWN] [SSE_DIAG] non-200 response tag=SSE_BATTERY_LOW_SHUTDOWN, status=404, reason=Not Found, url=http://localhost:8080/robot_ec2b/events/battery/low_shutdown
2026-08-21 10:53:22.582 [session=000420] [INFO] [SSE-SSE_BATTERY_LOW_SHUTDOWN] [SSE_DIAG] reconnect wait tag=SSE_BATTERY_LOW_SHUTDOWN, delay=10s, reconnect=89, reason=HTTP 404, url=http://localhost:8080/robot_ec2b/events/battery/low_shutdown
2026-08-21 10:53:25.490 [session=000420] [INFO] [MainThread] [MAIN_THREAD_HEARTBEAT] GUI main thread alive: thread=MainThread
2026-08-21 10:53:30.489 [session=000420] [INFO] [MainThread] [MAIN_THREAD_HEARTBEAT] GUI main thread alive: thread=MainThread
2026-08-21 10:53:31.491 [session=000420] [DEBUG] [RestApiThread] GetCallBellFromRESTAPI 요청 시작
2026-08-21 10:53:31.493 [session=000420] [DEBUG] [RestApiThread] _get_data: 요청 시작 - tag: REST_API_TAG.GET_CALLBELL, url: http://localhost:8080/robot_ec2b/callbell
2026-08-21 10:53:31.500 [session=000420] [DEBUG] [RestApiThread] _get_data: 요청 전송 완료 - tag: REST_API_TAG.GET_CALLBELL, timeout: 30000ms
2026-08-21 10:53:31.503 [session=000420] [INFO] [MainThread] model_manager set_destinations: unchanged (5 items) - emit skipped
2026-08-21 10:53:31.522 [session=000420] [DEBUG] [RestApiThread] _handle_response 호출됨 - tag: REST_API_TAG.GET_CALLBELL, status_code: 200
2026-08-21 10:53:31.525 [session=000420] [INFO] [ThreadPoolExecutor-5_1] 호출벨 데이터 수신: 5개
2026-08-21 10:53:31.528 [session=000420] [INFO] [MainThread] 호출벨-목적지 동기화 완료: 5개 호출벨
2026-08-21 10:53:31.529 [session=000420] [INFO] [MainThread] 목적지 리스트 반환: destinations=[Destination(name='로비', goal_pose=Pose(x=4.241336459631034, y=-2.361104203714551, qw=0.5097087478206948, qz=0.8603470185890456), bell=Bells(treatment='', suction='64012cd7'), idx=0, color='#e53935'), Destination(name='수술실', goal_pose=Pose(x=4.5199271819089395, y=-3.9219605026851503, qw=0.14533446519134308, qz=-0.9893825818294691), bell=Bells(treatment='', suction='64132cd7'), idx=1, color='#e53935'), Destination(name='진료실', goal_pose=Pose(x=0.11980823444488001, y=-3.735511450600503, qw=0.9963649848510123, qz=0.0851869530083222), bell=Bells(treatment='', suction='64252cd7'), idx=2, color='#e53935'), Destination(name='창고', goal_pose=Pose(x=0.2834625688692579, y=-6.793061814598156, qw=0.5257961572167338, qz=0.850610604834031), bell=Bells(treatment='', suction='64372cd7'), idx=3, color='#e53935'), Destination(name='소독실', goal_pose=Pose(x=-3.4045695907217928, y=-7.611793760201744, qw=0.546869706461766, qz=0.8372177280459497), bell=Bells(treatment='', suction='64492cd7'), idx=4, color='#e53935')]
2026-08-21 10:53:31.529 [session=000420] [INFO] [MainThread] 호출벨 리스트 반환: callbells={'64012cd7': {'name': '호출벨 1', 'usage': 'suction', 'destination': '로비'}, '64132cd7': {'name': '호출벨 2', 'usage': 'suction', 'destination': '수술실'}, '64252cd7': {'name': '호출벨 3', 'usage': 'suction', 'destination': '진료실'}, '64372cd7': {'name': '호출벨 4', 'usage': 'suction', 'destination': '창고'}, '64492cd7': {'name': '호출벨 5', 'usage': 'suction', 'destination': '소독실'}}, robot_usages=['treatment', 'suction']
2026-08-21 10:53:31.529 [session=000420] [INFO] [MainThread] 호출벨 리스트 로드: 5개
2026-08-21 10:53:31.529 [session=000420] [INFO] [MainThread] 호출벨 목록 동일 - UI 재생성 생략
2026-08-21 10:53:31.530 [session=000420] [INFO] [MainThread] 호출벨용 용도 목록 로드 요청
2026-08-21 10:53:31.530 [session=000420] [INFO] [MainThread] 호출벨에 용도 목록 전달: 2개
2026-08-21 10:53:31.530 [session=000420] [INFO] [MainThread] 용도 목록 로드: 2개
2026-08-21 10:53:31.531 [session=000420] [INFO] [MainThread] 목적지 목록 로드: 5개
2026-08-21 10:53:31.534 [session=000420] [INFO] [MainThread] 호출벨 관리에 목적지 목록 전달: 5개
2026-08-21 10:53:31.536 [session=000420] [INFO] [MainThread] My IP : 192.168.104.212
2026-08-21 10:53:32.583 [session=000420] [INFO] [SSE-SSE_BATTERY_LOW_SHUTDOWN] [SSE_DIAG] connect attempt tag=SSE_BATTERY_LOW_SHUTDOWN, reconnect=89, url=http://localhost:8080/robot_ec2b/events/battery/low_shutdown
2026-08-21 10:53:32.602 [session=000420] [INFO] [SSE-SSE_BATTERY_LOW_SHUTDOWN] [SSE_DIAG] connected tag=SSE_BATTERY_LOW_SHUTDOWN, status=404, reason=Not Found, elapsed=0.02s, content_type=application/json, url=http://localhost:8080/robot_ec2b/events/battery/low_shutdown
2026-08-21 10:53:32.603 [session=000420] [ERROR] [SSE-SSE_BATTERY_LOW_SHUTDOWN] [SSE_DIAG] non-200 response tag=SSE_BATTERY_LOW_SHUTDOWN, status=404, reason=Not Found, url=http://localhost:8080/robot_ec2b/events/battery/low_shutdown
2026-08-21 10:53:32.605 [session=000420] [INFO] [SSE-SSE_BATTERY_LOW_SHUTDOWN] [SSE_DIAG] reconnect wait tag=SSE_BATTERY_LOW_SHUTDOWN, delay=10s, reconnect=90, reason=HTTP 404, url=http://localhost:8080/robot_ec2b/events/battery/low_shutdown
2026-08-21 10:53:35.489 [session=000420] [INFO] [MainThread] [MAIN_THREAD_HEARTBEAT] GUI main thread alive: thread=MainThread
2026-08-21 10:53:40.489 [session=000420] [INFO] [MainThread] [MAIN_THREAD_HEARTBEAT] GUI main thread alive: thread=MainThread
2026-08-21 10:53:41.490 [session=000420] [DEBUG] [RestApiThread] GetCallBellFromRESTAPI 요청 시작
2026-08-21 10:53:41.496 [session=000420] [DEBUG] [RestApiThread] _get_data: 요청 시작 - tag: REST_API_TAG.GET_CALLBELL, url: http://localhost:8080/robot_ec2b/callbell
2026-08-21 10:53:41.497 [session=000420] [DEBUG] [RestApiThread] _get_data: 요청 전송 완료 - tag: REST_API_TAG.GET_CALLBELL, timeout: 30000ms
2026-08-21 10:53:41.498 [session=000420] [INFO] [RestApiThread] _handle_response (CYCLIC 정상) - tag: REST_API_TAG.GET_DESTINATIONS, status: 200, pending→2
2026-08-21 10:53:41.499 [session=000420] [INFO] [MainThread] model_manager set_destinations: unchanged (5 items) - emit skipped
2026-08-21 10:53:41.501 [session=000420] [DEBUG] [RestApiThread] _handle_response 호출됨 - tag: REST_API_TAG.GET_CALLBELL, status_code: 200
2026-08-21 10:53:41.502 [session=000420] [INFO] [ThreadPoolExecutor-5_1] 호출벨 데이터 수신: 5개
2026-08-21 10:53:41.503 [session=000420] [INFO] [MainThread] 호출벨-목적지 동기화 완료: 5개 호출벨
2026-08-21 10:53:41.503 [session=000420] [INFO] [MainThread] 목적지 리스트 반환: destinations=[Destination(name='로비', goal_pose=Pose(x=4.241336459631034, y=-2.361104203714551, qw=0.5097087478206948, qz=0.8603470185890456), bell=Bells(treatment='', suction='64012cd7'), idx=0, color='#e53935'), Destination(name='수술실', goal_pose=Pose(x=4.5199271819089395, y=-3.9219605026851503, qw=0.14533446519134308, qz=-0.9893825818294691), bell=Bells(treatment='', suction='64132cd7'), idx=1, color='#e53935'), Destination(name='진료실', goal_pose=Pose(x=0.11980823444488001, y=-3.735511450600503, qw=0.9963649848510123, qz=0.0851869530083222), bell=Bells(treatment='', suction='64252cd7'), idx=2, color='#e53935'), Destination(name='창고', goal_pose=Pose(x=0.2834625688692579, y=-6.793061814598156, qw=0.5257961572167338, qz=0.850610604834031), bell=Bells(treatment='', suction='64372cd7'), idx=3, color='#e53935'), Destination(name='소독실', goal_pose=Pose(x=-3.4045695907217928, y=-7.611793760201744, qw=0.546869706461766, qz=0.8372177280459497), bell=Bells(treatment='', suction='64492cd7'), idx=4, color='#e53935')]
2026-08-21 10:53:41.504 [session=000420] [INFO] [MainThread] 호출벨 리스트 반환: callbells={'64012cd7': {'name': '호출벨 1', 'usage': 'suction', 'destination': '로비'}, '64132cd7': {'name': '호출벨 2', 'usage': 'suction', 'destination': '수술실'}, '64252cd7': {'name': '호출벨 3', 'usage': 'suction', 'destination': '진료실'}, '64372cd7': {'name': '호출벨 4', 'usage': 'suction', 'destination': '창고'}, '64492cd7': {'name': '호출벨 5', 'usage': 'suction', 'destination': '소독실'}}, robot_usages=['treatment', 'suction']
2026-08-21 10:53:41.504 [session=000420] [INFO] [MainThread] 호출벨 리스트 로드: 5개
2026-08-21 10:53:41.504 [session=000420] [INFO] [MainThread] 호출벨 목록 동일 - UI 재생성 생략
2026-08-21 10:53:41.505 [session=000420] [INFO] [MainThread] 호출벨용 용도 목록 로드 요청
2026-08-21 10:53:41.505 [session=000420] [INFO] [MainThread] 호출벨에 용도 목록 전달: 2개
2026-08-21 10:53:41.505 [session=000420] [INFO] [MainThread] 용도 목록 로드: 2개
2026-08-21 10:53:41.505 [session=000420] [INFO] [MainThread] 목적지 목록 로드: 5개
2026-08-21 10:53:41.505 [session=000420] [INFO] [MainThread] 호출벨 관리에 목적지 목록 전달: 5개
2026-08-21 10:53:41.522 [session=000420] [INFO] [RestApiThread] _handle_response (CYCLIC 정상) - tag: REST_API_TAG.GET_MASTER_IP_ADDRESS, status: 200, pending→0
2026-08-21 10:53:41.525 [session=000420] [INFO] [MainThread] My IP : 192.168.104.212
2026-08-21 10:53:42.611 [session=000420] [INFO] [SSE-SSE_BATTERY_LOW_SHUTDOWN] [SSE_DIAG] connect attempt tag=SSE_BATTERY_LOW_SHUTDOWN, reconnect=90, url=http://localhost:8080/robot_ec2b/events/battery/low_shutdown
2026-08-21 10:53:42.632 [session=000420] [INFO] [SSE-SSE_BATTERY_LOW_SHUTDOWN] [SSE_DIAG] connected tag=SSE_BATTERY_LOW_SHUTDOWN, status=404, reason=Not Found, elapsed=0.02s, content_type=application/json, url=http://localhost:8080/robot_ec2b/events/battery/low_shutdown
2026-08-21 10:53:42.633 [session=000420] [ERROR] [SSE-SSE_BATTERY_LOW_SHUTDOWN] [SSE_DIAG] non-200 response tag=SSE_BATTERY_LOW_SHUTDOWN, status=404, reason=Not Found, url=http://localhost:8080/robot_ec2b/events/battery/low_shutdown
2026-08-21 10:53:42.636 [session=000420] [INFO] [SSE-SSE_BATTERY_LOW_SHUTDOWN] [SSE_DIAG] reconnect wait tag=SSE_BATTERY_LOW_SHUTDOWN, delay=10s, reconnect=91, reason=HTTP 404, url=http://localhost:8080/robot_ec2b/events/battery/low_shutdown
2026-08-21 10:53:45.489 [session=000420] [INFO] [MainThread] [MAIN_THREAD_HEARTBEAT] GUI main thread alive: thread=MainThread
2026-08-21 10:53:50.490 [session=000420] [INFO] [MainThread] [MAIN_THREAD_HEARTBEAT] GUI main thread alive: thread=MainThread
2026-08-21 10:53:51.495 [session=000420] [DEBUG] [RestApiThread] GetCallBellFromRESTAPI 요청 시작
2026-08-21 10:53:51.498 [session=000420] [DEBUG] [RestApiThread] _get_data: 요청 시작 - tag: REST_API_TAG.GET_CALLBELL, url: http://localhost:8080/robot_ec2b/callbell
2026-08-21 10:53:51.499 [session=000420] [DEBUG] [RestApiThread] _get_data: 요청 전송 완료 - tag: REST_API_TAG.GET_CALLBELL, timeout: 30000ms
2026-08-21 10:53:51.502 [session=000420] [INFO] [MainThread] model_manager set_destinations: unchanged (5 items) - emit skipped
2026-08-21 10:53:51.529 [session=000420] [DEBUG] [RestApiThread] _handle_response 호출됨 - tag: REST_API_TAG.GET_CALLBELL, status_code: 200
2026-08-21 10:53:51.531 [session=000420] [INFO] [ThreadPoolExecutor-5_1] 호출벨 데이터 수신: 5개
2026-08-21 10:53:51.533 [session=000420] [INFO] [MainThread] My IP : 192.168.104.212
2026-08-21 10:53:51.536 [session=000420] [INFO] [MainThread] 호출벨-목적지 동기화 완료: 5개 호출벨
2026-08-21 10:53:51.536 [session=000420] [INFO] [MainThread] 목적지 리스트 반환: destinations=[Destination(name='로비', goal_pose=Pose(x=4.241336459631034, y=-2.361104203714551, qw=0.5097087478206948, qz=0.8603470185890456), bell=Bells(treatment='', suction='64012cd7'), idx=0, color='#e53935'), Destination(name='수술실', goal_pose=Pose(x=4.5199271819089395, y=-3.9219605026851503, qw=0.14533446519134308, qz=-0.9893825818294691), bell=Bells(treatment='', suction='64132cd7'), idx=1, color='#e53935'), Destination(name='진료실', goal_pose=Pose(x=0.11980823444488001, y=-3.735511450600503, qw=0.9963649848510123, qz=0.0851869530083222), bell=Bells(treatment='', suction='64252cd7'), idx=2, color='#e53935'), Destination(name='창고', goal_pose=Pose(x=0.2834625688692579, y=-6.793061814598156, qw=0.5257961572167338, qz=0.850610604834031), bell=Bells(treatment='', suction='64372cd7'), idx=3, color='#e53935'), Destination(name='소독실', goal_pose=Pose(x=-3.4045695907217928, y=-7.611793760201744, qw=0.546869706461766, qz=0.8372177280459497), bell=Bells(treatment='', suction='64492cd7'), idx=4, color='#e53935')]
2026-08-21 10:53:51.536 [session=000420] [INFO] [MainThread] 호출벨 리스트 반환: callbells={'64012cd7': {'name': '호출벨 1', 'usage': 'suction', 'destination': '로비'}, '64132cd7': {'name': '호출벨 2', 'usage': 'suction', 'destination': '수술실'}, '64252cd7': {'name': '호출벨 3', 'usage': 'suction', 'destination': '진료실'}, '64372cd7': {'name': '호출벨 4', 'usage': 'suction', 'destination': '창고'}, '64492cd7': {'name': '호출벨 5', 'usage': 'suction', 'destination': '소독실'}}, robot_usages=['treatment', 'suction']
2026-08-21 10:53:51.537 [session=000420] [INFO] [MainThread] 호출벨 리스트 로드: 5개
2026-08-21 10:53:51.537 [session=000420] [INFO] [MainThread] 호출벨 목록 동일 - UI 재생성 생략
2026-08-21 10:53:51.537 [session=000420] [INFO] [MainThread] 호출벨용 용도 목록 로드 요청
2026-08-21 10:53:51.537 [session=000420] [INFO] [MainThread] 호출벨에 용도 목록 전달: 2개
2026-08-21 10:53:51.538 [session=000420] [INFO] [MainThread] 용도 목록 로드: 2개
2026-08-21 10:53:51.538 [session=000420] [INFO] [MainThread] 목적지 목록 로드: 5개
2026-08-21 10:53:51.539 [session=000420] [INFO] [MainThread] 호출벨 관리에 목적지 목록 전달: 5개
2026-08-21 10:53:52.637 [session=000420] [INFO] [SSE-SSE_BATTERY_LOW_SHUTDOWN] [SSE_DIAG] connect attempt tag=SSE_BATTERY_LOW_SHUTDOWN, reconnect=91, url=http://localhost:8080/robot_ec2b/events/battery/low_shutdown
2026-08-21 10:53:52.651 [session=000420] [INFO] [SSE-SSE_BATTERY_LOW_SHUTDOWN] [SSE_DIAG] connected tag=SSE_BATTERY_LOW_SHUTDOWN, status=404, reason=Not Found, elapsed=0.01s, content_type=application/json, url=http://localhost:8080/robot_ec2b/events/battery/low_shutdown
2026-08-21 10:53:52.651 [session=000420] [ERROR] [SSE-SSE_BATTERY_LOW_SHUTDOWN] [SSE_DIAG] non-200 response tag=SSE_BATTERY_LOW_SHUTDOWN, status=404, reason=Not Found, url=http://localhost:8080/robot_ec2b/events/battery/low_shutdown
2026-08-21 10:53:52.653 [session=000420] [INFO] [SSE-SSE_BATTERY_LOW_SHUTDOWN] [SSE_DIAG] reconnect wait tag=SSE_BATTERY_LOW_SHUTDOWN, delay=10s, reconnect=92, reason=HTTP 404, url=http://localhost:8080/robot_ec2b/events/battery/low_shutdown
2026-08-21 10:53:55.489 [session=000420] [INFO] [MainThread] [MAIN_THREAD_HEARTBEAT] GUI main thread alive: thread=MainThread
2026-08-21 10:54:00.489 [session=000420] [INFO] [MainThread] [MAIN_THREAD_HEARTBEAT] GUI main thread alive: thread=MainThread
2026-08-21 10:54:01.492 [session=000420] [DEBUG] [RestApiThread] GetCallBellFromRESTAPI 요청 시작
2026-08-21 10:54:01.498 [session=000420] [DEBUG] [RestApiThread] _get_data: 요청 시작 - tag: REST_API_TAG.GET_CALLBELL, url: http://localhost:8080/robot_ec2b/callbell
2026-08-21 10:54:01.500 [session=000420] [DEBUG] [RestApiThread] _get_data: 요청 전송 완료 - tag: REST_API_TAG.GET_CALLBELL, timeout: 30000ms
2026-08-21 10:54:01.503 [session=000420] [INFO] [MainThread] model_manager set_destinations: unchanged (5 items) - emit skipped
2026-08-21 10:54:01.509 [session=000420] [DEBUG] [RestApiThread] _handle_response 호출됨 - tag: REST_API_TAG.GET_CALLBELL, status_code: 200
2026-08-21 10:54:01.516 [session=000420] [INFO] [ThreadPoolExecutor-5_0] 호출벨 데이터 수신: 5개
2026-08-21 10:54:01.518 [session=000420] [INFO] [MainThread] 호출벨-목적지 동기화 완료: 5개 호출벨
2026-08-21 10:54:01.518 [session=000420] [INFO] [MainThread] 목적지 리스트 반환: destinations=[Destination(name='로비', goal_pose=Pose(x=4.241336459631034, y=-2.361104203714551, qw=0.5097087478206948, qz=0.8603470185890456), bell=Bells(treatment='', suction='64012cd7'), idx=0, color='#e53935'), Destination(name='수술실', goal_pose=Pose(x=4.5199271819089395, y=-3.9219605026851503, qw=0.14533446519134308, qz=-0.9893825818294691), bell=Bells(treatment='', suction='64132cd7'), idx=1, color='#e53935'), Destination(name='진료실', goal_pose=Pose(x=0.11980823444488001, y=-3.735511450600503, qw=0.9963649848510123, qz=0.0851869530083222), bell=Bells(treatment='', suction='64252cd7'), idx=2, color='#e53935'), Destination(name='창고', goal_pose=Pose(x=0.2834625688692579, y=-6.793061814598156, qw=0.5257961572167338, qz=0.850610604834031), bell=Bells(treatment='', suction='64372cd7'), idx=3, color='#e53935'), Destination(name='소독실', goal_pose=Pose(x=-3.4045695907217928, y=-7.611793760201744, qw=0.546869706461766, qz=0.8372177280459497), bell=Bells(treatment='', suction='64492cd7'), idx=4, color='#e53935')]
2026-08-21 10:54:01.519 [session=000420] [INFO] [MainThread] 호출벨 리스트 반환: callbells={'64012cd7': {'name': '호출벨 1', 'usage': 'suction', 'destination': '로비'}, '64132cd7': {'name': '호출벨 2', 'usage': 'suction', 'destination': '수술실'}, '64252cd7': {'name': '호출벨 3', 'usage': 'suction', 'destination': '진료실'}, '64372cd7': {'name': '호출벨 4', 'usage': 'suction', 'destination': '창고'}, '64492cd7': {'name': '호출벨 5', 'usage': 'suction', 'destination': '소독실'}}, robot_usages=['treatment', 'suction']
2026-08-21 10:54:01.519 [session=000420] [INFO] [MainThread] 호출벨 리스트 로드: 5개
2026-08-21 10:54:01.519 [session=000420] [INFO] [MainThread] 호출벨 목록 동일 - UI 재생성 생략
2026-08-21 10:54:01.519 [session=000420] [INFO] [MainThread] 호출벨용 용도 목록 로드 요청
2026-08-21 10:54:01.520 [session=000420] [INFO] [MainThread] 호출벨에 용도 목록 전달: 2개
2026-08-21 10:54:01.520 [session=000420] [INFO] [MainThread] 용도 목록 로드: 2개
2026-08-21 10:54:01.520 [session=000420] [INFO] [MainThread] 목적지 목록 로드: 5개
2026-08-21 10:54:01.520 [session=000420] [INFO] [MainThread] 호출벨 관리에 목적지 목록 전달: 5개
2026-08-21 10:54:01.521 [session=000420] [INFO] [MainThread] My IP : 192.168.104.212
2026-08-21 10:54:01.527 [session=000420] [INFO] [browser-music-sync_0] [BROWSER_MUSIC_SYNC] event=catalog_fetch_started master_base_url=http://127.0.0.1:5051
2026-08-21 10:54:01.552 [session=000420] [INFO] [browser-music-sync_0] [BROWSER_MUSIC_SYNC] event=catalog_fetch_succeeded master_base_url=http://127.0.0.1:5051 item_count=3
2026-08-21 10:54:01.563 [session=000420] [INFO] [RestApiThread] [REST API] 배경 음악 GET 전송: operation=selection_get, url=http://127.0.0.1:5051/api/voice-event-settings/background-music?robot_id=robot_ec2b
2026-08-21 10:54:01.568 [session=000420] [INFO] [RestApiThread] [REST API] 배경 음악 GET 전송: operation=resolved_get, url=http://127.0.0.1:5051/api/voice-event-settings/resolved?robot_id=robot_ec2b
2026-08-21 10:54:01.578 [session=000420] [DEBUG] [RestApiThread] _handle_response 호출됨 - tag: REST_API_TAG.GET_BACKGROUND_MUSIC_SETTING, status_code: 200
2026-08-21 10:54:01.594 [session=000420] [DEBUG] [RestApiThread] _handle_response 호출됨 - tag: REST_API_TAG.GET_RESOLVED_BACKGROUND_MUSIC, status_code: 200
2026-08-21 10:54:02.654 [session=000420] [INFO] [SSE-SSE_BATTERY_LOW_SHUTDOWN] [SSE_DIAG] connect attempt tag=SSE_BATTERY_LOW_SHUTDOWN, reconnect=92, url=http://localhost:8080/robot_ec2b/events/battery/low_shutdown
2026-08-21 10:54:02.673 [session=000420] [INFO] [SSE-SSE_BATTERY_LOW_SHUTDOWN] [SSE_DIAG] connected tag=SSE_BATTERY_LOW_SHUTDOWN, status=404, reason=Not Found, elapsed=0.02s, content_type=application/json, url=http://localhost:8080/robot_ec2b/events/battery/low_shutdown
2026-08-21 10:54:02.674 [session=000420] [ERROR] [SSE-SSE_BATTERY_LOW_SHUTDOWN] [SSE_DIAG] non-200 response tag=SSE_BATTERY_LOW_SHUTDOWN, status=404, reason=Not Found, url=http://localhost:8080/robot_ec2b/events/battery/low_shutdown
2026-08-21 10:54:02.675 [session=000420] [INFO] [SSE-SSE_BATTERY_LOW_SHUTDOWN] [SSE_DIAG] reconnect wait tag=SSE_BATTERY_LOW_SHUTDOWN, delay=10s, reconnect=93, reason=HTTP 404, url=http://localhost:8080/robot_ec2b/events/battery/low_shutdown
2026-08-21 10:54:05.489 [session=000420] [INFO] [MainThread] [MAIN_THREAD_HEARTBEAT] GUI main thread alive: thread=MainThread
2026-08-21 10:54:10.490 [session=000420] [INFO] [MainThread] [MAIN_THREAD_HEARTBEAT] GUI main thread alive: thread=MainThread
2026-08-21 10:54:11.492 [session=000420] [DEBUG] [RestApiThread] GetCallBellFromRESTAPI 요청 시작
2026-08-21 10:54:11.497 [session=000420] [DEBUG] [RestApiThread] _get_data: 요청 시작 - tag: REST_API_TAG.GET_CALLBELL, url: http://localhost:8080/robot_ec2b/callbell
2026-08-21 10:54:11.498 [session=000420] [DEBUG] [RestApiThread] _get_data: 요청 전송 완료 - tag: REST_API_TAG.GET_CALLBELL, timeout: 30000ms
2026-08-21 10:54:11.501 [session=000420] [INFO] [MainThread] model_manager set_destinations: unchanged (5 items) - emit skipped
2026-08-21 10:54:11.502 [session=000420] [DEBUG] [RestApiThread] _handle_response 호출됨 - tag: REST_API_TAG.GET_CALLBELL, status_code: 200
2026-08-21 10:54:11.503 [session=000420] [INFO] [ThreadPoolExecutor-5_1] 호출벨 데이터 수신: 5개
2026-08-21 10:54:11.505 [session=000420] [INFO] [MainThread] 호출벨-목적지 동기화 완료: 5개 호출벨
2026-08-21 10:54:11.505 [session=000420] [INFO] [MainThread] 목적지 리스트 반환: destinations=[Destination(name='로비', goal_pose=Pose(x=4.241336459631034, y=-2.361104203714551, qw=0.5097087478206948, qz=0.8603470185890456), bell=Bells(treatment='', suction='64012cd7'), idx=0, color='#e53935'), Destination(name='수술실', goal_pose=Pose(x=4.5199271819089395, y=-3.9219605026851503, qw=0.14533446519134308, qz=-0.9893825818294691), bell=Bells(treatment='', suction='64132cd7'), idx=1, color='#e53935'), Destination(name='진료실', goal_pose=Pose(x=0.11980823444488001, y=-3.735511450600503, qw=0.9963649848510123, qz=0.0851869530083222), bell=Bells(treatment='', suction='64252cd7'), idx=2, color='#e53935'), Destination(name='창고', goal_pose=Pose(x=0.2834625688692579, y=-6.793061814598156, qw=0.5257961572167338, qz=0.850610604834031), bell=Bells(treatment='', suction='64372cd7'), idx=3, color='#e53935'), Destination(name='소독실', goal_pose=Pose(x=-3.4045695907217928, y=-7.611793760201744, qw=0.546869706461766, qz=0.8372177280459497), bell=Bells(treatment='', suction='64492cd7'), idx=4, color='#e53935')]
2026-08-21 10:54:11.506 [session=000420] [INFO] [MainThread] 호출벨 리스트 반환: callbells={'64012cd7': {'name': '호출벨 1', 'usage': 'suction', 'destination': '로비'}, '64132cd7': {'name': '호출벨 2', 'usage': 'suction', 'destination': '수술실'}, '64252cd7': {'name': '호출벨 3', 'usage': 'suction', 'destination': '진료실'}, '64372cd7': {'name': '호출벨 4', 'usage': 'suction', 'destination': '창고'}, '64492cd7': {'name': '호출벨 5', 'usage': 'suction', 'destination': '소독실'}}, robot_usages=['treatment', 'suction']
2026-08-21 10:54:11.506 [session=000420] [INFO] [MainThread] 호출벨 리스트 로드: 5개
2026-08-21 10:54:11.507 [session=000420] [INFO] [MainThread] 호출벨 목록 동일 - UI 재생성 생략
2026-08-21 10:54:11.509 [session=000420] [INFO] [MainThread] 호출벨용 용도 목록 로드 요청
2026-08-21 10:54:11.513 [session=000420] [INFO] [MainThread] 호출벨에 용도 목록 전달: 2개
2026-08-21 10:54:11.514 [session=000420] [INFO] [MainThread] 용도 목록 로드: 2개
2026-08-21 10:54:11.514 [session=000420] [INFO] [MainThread] 목적지 목록 로드: 5개
2026-08-21 10:54:11.514 [session=000420] [INFO] [MainThread] 호출벨 관리에 목적지 목록 전달: 5개
2026-08-21 10:54:11.515 [session=000420] [INFO] [MainThread] My IP : 192.168.104.212
2026-08-21 10:54:12.676 [session=000420] [INFO] [SSE-SSE_BATTERY_LOW_SHUTDOWN] [SSE_DIAG] connect attempt tag=SSE_BATTERY_LOW_SHUTDOWN, reconnect=93, url=http://localhost:8080/robot_ec2b/events/battery/low_shutdown
2026-08-21 10:54:12.693 [session=000420] [INFO] [SSE-SSE_BATTERY_LOW_SHUTDOWN] [SSE_DIAG] connected tag=SSE_BATTERY_LOW_SHUTDOWN, status=404, reason=Not Found, elapsed=0.02s, content_type=application/json, url=http://localhost:8080/robot_ec2b/events/battery/low_shutdown
2026-08-21 10:54:12.695 [session=000420] [ERROR] [SSE-SSE_BATTERY_LOW_SHUTDOWN] [SSE_DIAG] non-200 response tag=SSE_BATTERY_LOW_SHUTDOWN, status=404, reason=Not Found, url=http://localhost:8080/robot_ec2b/events/battery/low_shutdown
2026-08-21 10:54:12.697 [session=000420] [INFO] [SSE-SSE_BATTERY_LOW_SHUTDOWN] [SSE_DIAG] reconnect wait tag=SSE_BATTERY_LOW_SHUTDOWN, delay=10s, reconnect=94, reason=HTTP 404, url=http://localhost:8080/robot_ec2b/events/battery/low_shutdown
2026-08-21 10:54:15.489 [session=000420] [INFO] [MainThread] [MAIN_THREAD_HEARTBEAT] GUI main thread alive: thread=MainThread
2026-08-21 10:54:20.490 [session=000420] [INFO] [MainThread] [MAIN_THREAD_HEARTBEAT] GUI main thread alive: thread=MainThread
2026-08-21 10:54:21.497 [session=000420] [DEBUG] [RestApiThread] GetCallBellFromRESTAPI 요청 시작
2026-08-21 10:54:21.502 [session=000420] [DEBUG] [RestApiThread] _get_data: 요청 시작 - tag: REST_API_TAG.GET_CALLBELL, url: http://localhost:8080/robot_ec2b/callbell
2026-08-21 10:54:21.503 [session=000420] [DEBUG] [RestApiThread] _get_data: 요청 전송 완료 - tag: REST_API_TAG.GET_CALLBELL, timeout: 30000ms
2026-08-21 10:54:21.507 [session=000420] [INFO] [MainThread] model_manager set_destinations: unchanged (5 items) - emit skipped
2026-08-21 10:54:21.509 [session=000420] [DEBUG] [RestApiThread] _handle_response 호출됨 - tag: REST_API_TAG.GET_CALLBELL, status_code: 200
2026-08-21 10:54:21.511 [session=000420] [INFO] [ThreadPoolExecutor-5_0] 호출벨 데이터 수신: 5개
2026-08-21 10:54:21.519 [session=000420] [INFO] [MainThread] 호출벨-목적지 동기화 완료: 5개 호출벨
2026-08-21 10:54:21.521 [session=000420] [INFO] [MainThread] 목적지 리스트 반환: destinations=[Destination(name='로비', goal_pose=Pose(x=4.241336459631034, y=-2.361104203714551, qw=0.5097087478206948, qz=0.8603470185890456), bell=Bells(treatment='', suction='64012cd7'), idx=0, color='#e53935'), Destination(name='수술실', goal_pose=Pose(x=4.5199271819089395, y=-3.9219605026851503, qw=0.14533446519134308, qz=-0.9893825818294691), bell=Bells(treatment='', suction='64132cd7'), idx=1, color='#e53935'), Destination(name='진료실', goal_pose=Pose(x=0.11980823444488001, y=-3.735511450600503, qw=0.9963649848510123, qz=0.0851869530083222), bell=Bells(treatment='', suction='64252cd7'), idx=2, color='#e53935'), Destination(name='창고', goal_pose=Pose(x=0.2834625688692579, y=-6.793061814598156, qw=0.5257961572167338, qz=0.850610604834031), bell=Bells(treatment='', suction='64372cd7'), idx=3, color='#e53935'), Destination(name='소독실', goal_pose=Pose(x=-3.4045695907217928, y=-7.611793760201744, qw=0.546869706461766, qz=0.8372177280459497), bell=Bells(treatment='', suction='64492cd7'), idx=4, color='#e53935')]
2026-08-21 10:54:21.521 [session=000420] [INFO] [MainThread] 호출벨 리스트 반환: callbells={'64012cd7': {'name': '호출벨 1', 'usage': 'suction', 'destination': '로비'}, '64132cd7': {'name': '호출벨 2', 'usage': 'suction', 'destination': '수술실'}, '64252cd7': {'name': '호출벨 3', 'usage': 'suction', 'destination': '진료실'}, '64372cd7': {'name': '호출벨 4', 'usage': 'suction', 'destination': '창고'}, '64492cd7': {'name': '호출벨 5', 'usage': 'suction', 'destination': '소독실'}}, robot_usages=['treatment', 'suction']
2026-08-21 10:54:21.522 [session=000420] [INFO] [MainThread] 호출벨 리스트 로드: 5개
2026-08-21 10:54:21.522 [session=000420] [INFO] [MainThread] 호출벨 목록 동일 - UI 재생성 생략
2026-08-21 10:54:21.522 [session=000420] [INFO] [MainThread] 호출벨용 용도 목록 로드 요청
2026-08-21 10:54:21.525 [session=000420] [INFO] [MainThread] 호출벨에 용도 목록 전달: 2개
2026-08-21 10:54:21.525 [session=000420] [INFO] [MainThread] 용도 목록 로드: 2개
2026-08-21 10:54:21.526 [session=000420] [INFO] [MainThread] 목적지 목록 로드: 5개
2026-08-21 10:54:21.526 [session=000420] [INFO] [MainThread] 호출벨 관리에 목적지 목록 전달: 5개
2026-08-21 10:54:21.527 [session=000420] [INFO] [MainThread] My IP : 192.168.104.212
2026-08-21 10:54:22.698 [session=000420] [INFO] [SSE-SSE_BATTERY_LOW_SHUTDOWN] [SSE_DIAG] connect attempt tag=SSE_BATTERY_LOW_SHUTDOWN, reconnect=94, url=http://localhost:8080/robot_ec2b/events/battery/low_shutdown
2026-08-21 10:54:22.722 [session=000420] [INFO] [SSE-SSE_BATTERY_LOW_SHUTDOWN] [SSE_DIAG] connected tag=SSE_BATTERY_LOW_SHUTDOWN, status=404, reason=Not Found, elapsed=0.02s, content_type=application/json, url=http://localhost:8080/robot_ec2b/events/battery/low_shutdown
2026-08-21 10:54:22.722 [session=000420] [ERROR] [SSE-SSE_BATTERY_LOW_SHUTDOWN] [SSE_DIAG] non-200 response tag=SSE_BATTERY_LOW_SHUTDOWN, status=404, reason=Not Found, url=http://localhost:8080/robot_ec2b/events/battery/low_shutdown
2026-08-21 10:54:22.724 [session=000420] [INFO] [SSE-SSE_BATTERY_LOW_SHUTDOWN] [SSE_DIAG] reconnect wait tag=SSE_BATTERY_LOW_SHUTDOWN, delay=10s, reconnect=95, reason=HTTP 404, url=http://localhost:8080/robot_ec2b/events/battery/low_shutdown
2026-08-21 10:54:25.489 [session=000420] [INFO] [MainThread] [MAIN_THREAD_HEARTBEAT] GUI main thread alive: thread=MainThread
2026-08-21 10:54:30.489 [session=000420] [INFO] [MainThread] [MAIN_THREAD_HEARTBEAT] GUI main thread alive: thread=MainThread
2026-08-21 10:54:31.490 [session=000420] [DEBUG] [RestApiThread] GetCallBellFromRESTAPI 요청 시작
2026-08-21 10:54:31.498 [session=000420] [DEBUG] [RestApiThread] _get_data: 요청 시작 - tag: REST_API_TAG.GET_CALLBELL, url: http://localhost:8080/robot_ec2b/callbell
2026-08-21 10:54:31.500 [session=000420] [DEBUG] [RestApiThread] _get_data: 요청 전송 완료 - tag: REST_API_TAG.GET_CALLBELL, timeout: 30000ms
2026-08-21 10:54:31.505 [session=000420] [DEBUG] [RestApiThread] _handle_response 호출됨 - tag: REST_API_TAG.GET_CALLBELL, status_code: 200
2026-08-21 10:54:31.506 [session=000420] [INFO] [MainThread] model_manager set_destinations: unchanged (5 items) - emit skipped
2026-08-21 10:54:31.509 [session=000420] [INFO] [ThreadPoolExecutor-5_0] 호출벨 데이터 수신: 5개
2026-08-21 10:54:31.519 [session=000420] [INFO] [MainThread] 호출벨-목적지 동기화 완료: 5개 호출벨
2026-08-21 10:54:31.520 [session=000420] [INFO] [MainThread] 목적지 리스트 반환: destinations=[Destination(name='로비', goal_pose=Pose(x=4.241336459631034, y=-2.361104203714551, qw=0.5097087478206948, qz=0.8603470185890456), bell=Bells(treatment='', suction='64012cd7'), idx=0, color='#e53935'), Destination(name='수술실', goal_pose=Pose(x=4.5199271819089395, y=-3.9219605026851503, qw=0.14533446519134308, qz=-0.9893825818294691), bell=Bells(treatment='', suction='64132cd7'), idx=1, color='#e53935'), Destination(name='진료실', goal_pose=Pose(x=0.11980823444488001, y=-3.735511450600503, qw=0.9963649848510123, qz=0.0851869530083222), bell=Bells(treatment='', suction='64252cd7'), idx=2, color='#e53935'), Destination(name='창고', goal_pose=Pose(x=0.2834625688692579, y=-6.793061814598156, qw=0.5257961572167338, qz=0.850610604834031), bell=Bells(treatment='', suction='64372cd7'), idx=3, color='#e53935'), Destination(name='소독실', goal_pose=Pose(x=-3.4045695907217928, y=-7.611793760201744, qw=0.546869706461766, qz=0.8372177280459497), bell=Bells(treatment='', suction='64492cd7'), idx=4, color='#e53935')]
2026-08-21 10:54:31.520 [session=000420] [INFO] [MainThread] 호출벨 리스트 반환: callbells={'64012cd7': {'name': '호출벨 1', 'usage': 'suction', 'destination': '로비'}, '64132cd7': {'name': '호출벨 2', 'usage': 'suction', 'destination': '수술실'}, '64252cd7': {'name': '호출벨 3', 'usage': 'suction', 'destination': '진료실'}, '64372cd7': {'name': '호출벨 4', 'usage': 'suction', 'destination': '창고'}, '64492cd7': {'name': '호출벨 5', 'usage': 'suction', 'destination': '소독실'}}, robot_usages=['treatment', 'suction']
2026-08-21 10:54:31.521 [session=000420] [INFO] [MainThread] 호출벨 리스트 로드: 5개
2026-08-21 10:54:31.521 [session=000420] [INFO] [MainThread] 호출벨 목록 동일 - UI 재생성 생략
2026-08-21 10:54:31.521 [session=000420] [INFO] [MainThread] 호출벨용 용도 목록 로드 요청
2026-08-21 10:54:31.521 [session=000420] [INFO] [MainThread] 호출벨에 용도 목록 전달: 2개
2026-08-21 10:54:31.521 [session=000420] [INFO] [MainThread] 용도 목록 로드: 2개
2026-08-21 10:54:31.522 [session=000420] [INFO] [MainThread] 목적지 목록 로드: 5개
2026-08-21 10:54:31.522 [session=000420] [INFO] [MainThread] 호출벨 관리에 목적지 목록 전달: 5개
2026-08-21 10:54:31.522 [session=000420] [INFO] [MainThread] My IP : 192.168.104.212
2026-08-21 10:54:32.725 [session=000420] [INFO] [SSE-SSE_BATTERY_LOW_SHUTDOWN] [SSE_DIAG] connect attempt tag=SSE_BATTERY_LOW_SHUTDOWN, reconnect=95, url=http://localhost:8080/robot_ec2b/events/battery/low_shutdown
2026-08-21 10:54:32.736 [session=000420] [INFO] [SSE-SSE_BATTERY_LOW_SHUTDOWN] [SSE_DIAG] connected tag=SSE_BATTERY_LOW_SHUTDOWN, status=404, reason=Not Found, elapsed=0.01s, content_type=application/json, url=http://localhost:8080/robot_ec2b/events/battery/low_shutdown
2026-08-21 10:54:32.737 [session=000420] [ERROR] [SSE-SSE_BATTERY_LOW_SHUTDOWN] [SSE_DIAG] non-200 response tag=SSE_BATTERY_LOW_SHUTDOWN, status=404, reason=Not Found, url=http://localhost:8080/robot_ec2b/events/battery/low_shutdown
2026-08-21 10:54:32.738 [session=000420] [INFO] [SSE-SSE_BATTERY_LOW_SHUTDOWN] [SSE_DIAG] reconnect wait tag=SSE_BATTERY_LOW_SHUTDOWN, delay=10s, reconnect=96, reason=HTTP 404, url=http://localhost:8080/robot_ec2b/events/battery/low_shutdown
2026-08-21 10:54:35.489 [session=000420] [INFO] [MainThread] [MAIN_THREAD_HEARTBEAT] GUI main thread alive: thread=MainThread
2026-08-21 10:54:40.490 [session=000420] [INFO] [MainThread] [MAIN_THREAD_HEARTBEAT] GUI main thread alive: thread=MainThread
2026-08-21 10:54:41.491 [session=000420] [DEBUG] [RestApiThread] GetCallBellFromRESTAPI 요청 시작
2026-08-21 10:54:41.497 [session=000420] [DEBUG] [RestApiThread] _get_data: 요청 시작 - tag: REST_API_TAG.GET_CALLBELL, url: http://localhost:8080/robot_ec2b/callbell
2026-08-21 10:54:41.498 [session=000420] [DEBUG] [RestApiThread] _get_data: 요청 전송 완료 - tag: REST_API_TAG.GET_CALLBELL, timeout: 30000ms
2026-08-21 10:54:41.502 [session=000420] [INFO] [MainThread] model_manager set_destinations: unchanged (5 items) - emit skipped
2026-08-21 10:54:41.503 [session=000420] [DEBUG] [RestApiThread] _handle_response 호출됨 - tag: REST_API_TAG.GET_CALLBELL, status_code: 200
2026-08-21 10:54:41.505 [session=000420] [INFO] [ThreadPoolExecutor-5_0] 호출벨 데이터 수신: 5개
2026-08-21 10:54:41.507 [session=000420] [INFO] [MainThread] 호출벨-목적지 동기화 완료: 5개 호출벨
2026-08-21 10:54:41.516 [session=000420] [INFO] [MainThread] 목적지 리스트 반환: destinations=[Destination(name='로비', goal_pose=Pose(x=4.241336459631034, y=-2.361104203714551, qw=0.5097087478206948, qz=0.8603470185890456), bell=Bells(treatment='', suction='64012cd7'), idx=0, color='#e53935'), Destination(name='수술실', goal_pose=Pose(x=4.5199271819089395, y=-3.9219605026851503, qw=0.14533446519134308, qz=-0.9893825818294691), bell=Bells(treatment='', suction='64132cd7'), idx=1, color='#e53935'), Destination(name='진료실', goal_pose=Pose(x=0.11980823444488001, y=-3.735511450600503, qw=0.9963649848510123, qz=0.0851869530083222), bell=Bells(treatment='', suction='64252cd7'), idx=2, color='#e53935'), Destination(name='창고', goal_pose=Pose(x=0.2834625688692579, y=-6.793061814598156, qw=0.5257961572167338, qz=0.850610604834031), bell=Bells(treatment='', suction='64372cd7'), idx=3, color='#e53935'), Destination(name='소독실', goal_pose=Pose(x=-3.4045695907217928, y=-7.611793760201744, qw=0.546869706461766, qz=0.8372177280459497), bell=Bells(treatment='', suction='64492cd7'), idx=4, color='#e53935')]
2026-08-21 10:54:41.519 [session=000420] [INFO] [MainThread] 호출벨 리스트 반환: callbells={'64012cd7': {'name': '호출벨 1', 'usage': 'suction', 'destination': '로비'}, '64132cd7': {'name': '호출벨 2', 'usage': 'suction', 'destination': '수술실'}, '64252cd7': {'name': '호출벨 3', 'usage': 'suction', 'destination': '진료실'}, '64372cd7': {'name': '호출벨 4', 'usage': 'suction', 'destination': '창고'}, '64492cd7': {'name': '호출벨 5', 'usage': 'suction', 'destination': '소독실'}}, robot_usages=['treatment', 'suction']
2026-08-21 10:54:41.520 [session=000420] [INFO] [MainThread] 호출벨 리스트 로드: 5개
2026-08-21 10:54:41.520 [session=000420] [INFO] [MainThread] 호출벨 목록 동일 - UI 재생성 생략
2026-08-21 10:54:41.520 [session=000420] [INFO] [MainThread] 호출벨용 용도 목록 로드 요청
2026-08-21 10:54:41.521 [session=000420] [INFO] [MainThread] 호출벨에 용도 목록 전달: 2개
2026-08-21 10:54:41.521 [session=000420] [INFO] [MainThread] 용도 목록 로드: 2개
2026-08-21 10:54:41.521 [session=000420] [INFO] [MainThread] 목적지 목록 로드: 5개
2026-08-21 10:54:41.521 [session=000420] [INFO] [MainThread] 호출벨 관리에 목적지 목록 전달: 5개
2026-08-21 10:54:41.522 [session=000420] [INFO] [MainThread] My IP : 192.168.104.212
2026-08-21 10:54:41.524 [session=000420] [INFO] [browser-music-sync_0] [BROWSER_MUSIC_SYNC] event=catalog_fetch_started master_base_url=http://127.0.0.1:5051
2026-08-21 10:54:41.556 [session=000420] [INFO] [browser-music-sync_0] [BROWSER_MUSIC_SYNC] event=catalog_fetch_succeeded master_base_url=http://127.0.0.1:5051 item_count=3
2026-08-21 10:54:41.563 [session=000420] [INFO] [RestApiThread] [REST API] 배경 음악 GET 전송: operation=selection_get, url=http://127.0.0.1:5051/api/voice-event-settings/background-music?robot_id=robot_ec2b
2026-08-21 10:54:41.571 [session=000420] [INFO] [RestApiThread] [REST API] 배경 음악 GET 전송: operation=resolved_get, url=http://127.0.0.1:5051/api/voice-event-settings/resolved?robot_id=robot_ec2b
2026-08-21 10:54:41.590 [session=000420] [DEBUG] [RestApiThread] _handle_response 호출됨 - tag: REST_API_TAG.GET_BACKGROUND_MUSIC_SETTING, status_code: 200
2026-08-21 10:54:41.596 [session=000420] [DEBUG] [RestApiThread] _handle_response 호출됨 - tag: REST_API_TAG.GET_RESOLVED_BACKGROUND_MUSIC, status_code: 200
2026-08-21 10:54:42.740 [session=000420] [INFO] [SSE-SSE_BATTERY_LOW_SHUTDOWN] [SSE_DIAG] connect attempt tag=SSE_BATTERY_LOW_SHUTDOWN, reconnect=96, url=http://localhost:8080/robot_ec2b/events/battery/low_shutdown
2026-08-21 10:54:42.757 [session=000420] [INFO] [SSE-SSE_BATTERY_LOW_SHUTDOWN] [SSE_DIAG] connected tag=SSE_BATTERY_LOW_SHUTDOWN, status=404, reason=Not Found, elapsed=0.02s, content_type=application/json, url=http://localhost:8080/robot_ec2b/events/battery/low_shutdown
2026-08-21 10:54:42.758 [session=000420] [ERROR] [SSE-SSE_BATTERY_LOW_SHUTDOWN] [SSE_DIAG] non-200 response tag=SSE_BATTERY_LOW_SHUTDOWN, status=404, reason=Not Found, url=http://localhost:8080/robot_ec2b/events/battery/low_shutdown
2026-08-21 10:54:42.760 [session=000420] [INFO] [SSE-SSE_BATTERY_LOW_SHUTDOWN] [SSE_DIAG] reconnect wait tag=SSE_BATTERY_LOW_SHUTDOWN, delay=10s, reconnect=97, reason=HTTP 404, url=http://localhost:8080/robot_ec2b/events/battery/low_shutdown
2026-08-21 10:54:45.489 [session=000420] [INFO] [MainThread] [MAIN_THREAD_HEARTBEAT] GUI main thread alive: thread=MainThread
2026-08-21 10:54:50.489 [session=000420] [INFO] [MainThread] [MAIN_THREAD_HEARTBEAT] GUI main thread alive: thread=MainThread
2026-08-21 10:54:51.502 [session=000420] [DEBUG] [RestApiThread] GetCallBellFromRESTAPI 요청 시작
2026-08-21 10:54:51.515 [session=000420] [DEBUG] [RestApiThread] _get_data: 요청 시작 - tag: REST_API_TAG.GET_CALLBELL, url: http://localhost:8080/robot_ec2b/callbell
2026-08-21 10:54:51.516 [session=000420] [DEBUG] [RestApiThread] _get_data: 요청 전송 완료 - tag: REST_API_TAG.GET_CALLBELL, timeout: 30000ms
2026-08-21 10:54:51.521 [session=000420] [INFO] [MainThread] model_manager set_destinations: unchanged (5 items) - emit skipped
2026-08-21 10:54:51.535 [session=000420] [DEBUG] [RestApiThread] _handle_response 호출됨 - tag: REST_API_TAG.GET_CALLBELL, status_code: 200
2026-08-21 10:54:51.537 [session=000420] [INFO] [ThreadPoolExecutor-5_1] 호출벨 데이터 수신: 5개
2026-08-21 10:54:51.540 [session=000420] [INFO] [MainThread] 호출벨-목적지 동기화 완료: 5개 호출벨
2026-08-21 10:54:51.541 [session=000420] [INFO] [MainThread] 목적지 리스트 반환: destinations=[Destination(name='로비', goal_pose=Pose(x=4.241336459631034, y=-2.361104203714551, qw=0.5097087478206948, qz=0.8603470185890456), bell=Bells(treatment='', suction='64012cd7'), idx=0, color='#e53935'), Destination(name='수술실', goal_pose=Pose(x=4.5199271819089395, y=-3.9219605026851503, qw=0.14533446519134308, qz=-0.9893825818294691), bell=Bells(treatment='', suction='64132cd7'), idx=1, color='#e53935'), Destination(name='진료실', goal_pose=Pose(x=0.11980823444488001, y=-3.735511450600503, qw=0.9963649848510123, qz=0.0851869530083222), bell=Bells(treatment='', suction='64252cd7'), idx=2, color='#e53935'), Destination(name='창고', goal_pose=Pose(x=0.2834625688692579, y=-6.793061814598156, qw=0.5257961572167338, qz=0.850610604834031), bell=Bells(treatment='', suction='64372cd7'), idx=3, color='#e53935'), Destination(name='소독실', goal_pose=Pose(x=-3.4045695907217928, y=-7.611793760201744, qw=0.546869706461766, qz=0.8372177280459497), bell=Bells(treatment='', suction='64492cd7'), idx=4, color='#e53935')]
2026-08-21 10:54:51.542 [session=000420] [INFO] [MainThread] 호출벨 리스트 반환: callbells={'64012cd7': {'name': '호출벨 1', 'usage': 'suction', 'destination': '로비'}, '64132cd7': {'name': '호출벨 2', 'usage': 'suction', 'destination': '수술실'}, '64252cd7': {'name': '호출벨 3', 'usage': 'suction', 'destination': '진료실'}, '64372cd7': {'name': '호출벨 4', 'usage': 'suction', 'destination': '창고'}, '64492cd7': {'name': '호출벨 5', 'usage': 'suction', 'destination': '소독실'}}, robot_usages=['treatment', 'suction']
2026-08-21 10:54:51.542 [session=000420] [INFO] [MainThread] 호출벨 리스트 로드: 5개
2026-08-21 10:54:51.543 [session=000420] [INFO] [MainThread] 호출벨 목록 동일 - UI 재생성 생략
2026-08-21 10:54:51.543 [session=000420] [INFO] [MainThread] 호출벨용 용도 목록 로드 요청
2026-08-21 10:54:51.547 [session=000420] [INFO] [MainThread] 호출벨에 용도 목록 전달: 2개
2026-08-21 10:54:51.548 [session=000420] [INFO] [MainThread] 용도 목록 로드: 2개
2026-08-21 10:54:51.549 [session=000420] [INFO] [MainThread] 목적지 목록 로드: 5개
2026-08-21 10:54:51.549 [session=000420] [INFO] [MainThread] 호출벨 관리에 목적지 목록 전달: 5개
2026-08-21 10:54:51.552 [session=000420] [INFO] [MainThread] My IP : 192.168.104.212
2026-08-21 10:54:52.764 [session=000420] [INFO] [SSE-SSE_BATTERY_LOW_SHUTDOWN] [SSE_DIAG] connect attempt tag=SSE_BATTERY_LOW_SHUTDOWN, reconnect=97, url=http://localhost:8080/robot_ec2b/events/battery/low_shutdown
2026-08-21 10:54:52.779 [session=000420] [INFO] [SSE-SSE_BATTERY_LOW_SHUTDOWN] [SSE_DIAG] connected tag=SSE_BATTERY_LOW_SHUTDOWN, status=404, reason=Not Found, elapsed=0.01s, content_type=application/json, url=http://localhost:8080/robot_ec2b/events/battery/low_shutdown
2026-08-21 10:54:52.780 [session=000420] [ERROR] [SSE-SSE_BATTERY_LOW_SHUTDOWN] [SSE_DIAG] non-200 response tag=SSE_BATTERY_LOW_SHUTDOWN, status=404, reason=Not Found, url=http://localhost:8080/robot_ec2b/events/battery/low_shutdown
2026-08-21 10:54:52.782 [session=000420] [INFO] [SSE-SSE_BATTERY_LOW_SHUTDOWN] [SSE_DIAG] reconnect wait tag=SSE_BATTERY_LOW_SHUTDOWN, delay=10s, reconnect=98, reason=HTTP 404, url=http://localhost:8080/robot_ec2b/events/battery/low_shutdown
2026-08-21 10:54:55.489 [session=000420] [INFO] [MainThread] [MAIN_THREAD_HEARTBEAT] GUI main thread alive: thread=MainThread
2026-08-21 10:55:00.489 [session=000420] [INFO] [MainThread] [MAIN_THREAD_HEARTBEAT] GUI main thread alive: thread=MainThread
2026-08-21 10:55:01.496 [session=000420] [DEBUG] [RestApiThread] GetCallBellFromRESTAPI 요청 시작
2026-08-21 10:55:01.497 [session=000420] [DEBUG] [RestApiThread] _get_data: 요청 시작 - tag: REST_API_TAG.GET_CALLBELL, url: http://localhost:8080/robot_ec2b/callbell
2026-08-21 10:55:01.498 [session=000420] [DEBUG] [RestApiThread] _get_data: 요청 전송 완료 - tag: REST_API_TAG.GET_CALLBELL, timeout: 30000ms
2026-08-21 10:55:01.503 [session=000420] [INFO] [MainThread] model_manager set_destinations: unchanged (5 items) - emit skipped
2026-08-21 10:55:01.526 [session=000420] [DEBUG] [RestApiThread] _handle_response 호출됨 - tag: REST_API_TAG.GET_CALLBELL, status_code: 200
2026-08-21 10:55:01.527 [session=000420] [INFO] [ThreadPoolExecutor-5_1] 호출벨 데이터 수신: 5개
2026-08-21 10:55:01.528 [session=000420] [INFO] [MainThread] 호출벨-목적지 동기화 완료: 5개 호출벨
2026-08-21 10:55:01.528 [session=000420] [INFO] [MainThread] 목적지 리스트 반환: destinations=[Destination(name='로비', goal_pose=Pose(x=4.241336459631034, y=-2.361104203714551, qw=0.5097087478206948, qz=0.8603470185890456), bell=Bells(treatment='', suction='64012cd7'), idx=0, color='#e53935'), Destination(name='수술실', goal_pose=Pose(x=4.5199271819089395, y=-3.9219605026851503, qw=0.14533446519134308, qz=-0.9893825818294691), bell=Bells(treatment='', suction='64132cd7'), idx=1, color='#e53935'), Destination(name='진료실', goal_pose=Pose(x=0.11980823444488001, y=-3.735511450600503, qw=0.9963649848510123, qz=0.0851869530083222), bell=Bells(treatment='', suction='64252cd7'), idx=2, color='#e53935'), Destination(name='창고', goal_pose=Pose(x=0.2834625688692579, y=-6.793061814598156, qw=0.5257961572167338, qz=0.850610604834031), bell=Bells(treatment='', suction='64372cd7'), idx=3, color='#e53935'), Destination(name='소독실', goal_pose=Pose(x=-3.4045695907217928, y=-7.611793760201744, qw=0.546869706461766, qz=0.8372177280459497), bell=Bells(treatment='', suction='64492cd7'), idx=4, color='#e53935')]
2026-08-21 10:55:01.529 [session=000420] [INFO] [MainThread] 호출벨 리스트 반환: callbells={'64012cd7': {'name': '호출벨 1', 'usage': 'suction', 'destination': '로비'}, '64132cd7': {'name': '호출벨 2', 'usage': 'suction', 'destination': '수술실'}, '64252cd7': {'name': '호출벨 3', 'usage': 'suction', 'destination': '진료실'}, '64372cd7': {'name': '호출벨 4', 'usage': 'suction', 'destination': '창고'}, '64492cd7': {'name': '호출벨 5', 'usage': 'suction', 'destination': '소독실'}}, robot_usages=['treatment', 'suction']
2026-08-21 10:55:01.529 [session=000420] [INFO] [MainThread] 호출벨 리스트 로드: 5개
2026-08-21 10:55:01.529 [session=000420] [INFO] [MainThread] 호출벨 목록 동일 - UI 재생성 생략
2026-08-21 10:55:01.529 [session=000420] [INFO] [MainThread] 호출벨용 용도 목록 로드 요청
2026-08-21 10:55:01.529 [session=000420] [INFO] [MainThread] 호출벨에 용도 목록 전달: 2개
2026-08-21 10:55:01.529 [session=000420] [INFO] [MainThread] 용도 목록 로드: 2개
2026-08-21 10:55:01.530 [session=000420] [INFO] [MainThread] 목적지 목록 로드: 5개
2026-08-21 10:55:01.530 [session=000420] [INFO] [MainThread] 호출벨 관리에 목적지 목록 전달: 5개
2026-08-21 10:55:01.555 [session=000420] [INFO] [MainThread] My IP : 192.168.104.212
2026-08-21 10:55:02.783 [session=000420] [INFO] [SSE-SSE_BATTERY_LOW_SHUTDOWN] [SSE_DIAG] connect attempt tag=SSE_BATTERY_LOW_SHUTDOWN, reconnect=98, url=http://localhost:8080/robot_ec2b/events/battery/low_shutdown
2026-08-21 10:55:02.811 [session=000420] [INFO] [SSE-SSE_BATTERY_LOW_SHUTDOWN] [SSE_DIAG] connected tag=SSE_BATTERY_LOW_SHUTDOWN, status=404, reason=Not Found, elapsed=0.03s, content_type=application/json, url=http://localhost:8080/robot_ec2b/events/battery/low_shutdown
2026-08-21 10:55:02.819 [session=000420] [ERROR] [SSE-SSE_BATTERY_LOW_SHUTDOWN] [SSE_DIAG] non-200 response tag=SSE_BATTERY_LOW_SHUTDOWN, status=404, reason=Not Found, url=http://localhost:8080/robot_ec2b/events/battery/low_shutdown
2026-08-21 10:55:02.820 [session=000420] [INFO] [SSE-SSE_BATTERY_LOW_SHUTDOWN] [SSE_DIAG] reconnect wait tag=SSE_BATTERY_LOW_SHUTDOWN, delay=10s, reconnect=99, reason=HTTP 404, url=http://localhost:8080/robot_ec2b/events/battery/low_shutdown
2026-08-21 10:55:05.490 [session=000420] [INFO] [MainThread] [MAIN_THREAD_HEARTBEAT] GUI main thread alive: thread=MainThread
2026-08-21 10:55:10.490 [session=000420] [INFO] [MainThread] [MAIN_THREAD_HEARTBEAT] GUI main thread alive: thread=MainThread
2026-08-21 10:55:11.491 [session=000420] [DEBUG] [RestApiThread] GetCallBellFromRESTAPI 요청 시작
2026-08-21 10:55:11.496 [session=000420] [DEBUG] [RestApiThread] _get_data: 요청 시작 - tag: REST_API_TAG.GET_CALLBELL, url: http://localhost:8080/robot_ec2b/callbell
2026-08-21 10:55:11.497 [session=000420] [DEBUG] [RestApiThread] _get_data: 요청 전송 완료 - tag: REST_API_TAG.GET_CALLBELL, timeout: 30000ms
2026-08-21 10:55:11.523 [session=000420] [INFO] [MainThread] model_manager set_destinations: unchanged (5 items) - emit skipped
2026-08-21 10:55:11.527 [session=000420] [DEBUG] [RestApiThread] _handle_response 호출됨 - tag: REST_API_TAG.GET_CALLBELL, status_code: 200
2026-08-21 10:55:11.528 [session=000420] [INFO] [ThreadPoolExecutor-5_0] 호출벨 데이터 수신: 5개
2026-08-21 10:55:11.531 [session=000420] [INFO] [MainThread] 호출벨-목적지 동기화 완료: 5개 호출벨
2026-08-21 10:55:11.531 [session=000420] [INFO] [MainThread] 목적지 리스트 반환: destinations=[Destination(name='로비', goal_pose=Pose(x=4.241336459631034, y=-2.361104203714551, qw=0.5097087478206948, qz=0.8603470185890456), bell=Bells(treatment='', suction='64012cd7'), idx=0, color='#e53935'), Destination(name='수술실', goal_pose=Pose(x=4.5199271819089395, y=-3.9219605026851503, qw=0.14533446519134308, qz=-0.9893825818294691), bell=Bells(treatment='', suction='64132cd7'), idx=1, color='#e53935'), Destination(name='진료실', goal_pose=Pose(x=0.11980823444488001, y=-3.735511450600503, qw=0.9963649848510123, qz=0.0851869530083222), bell=Bells(treatment='', suction='64252cd7'), idx=2, color='#e53935'), Destination(name='창고', goal_pose=Pose(x=0.2834625688692579, y=-6.793061814598156, qw=0.5257961572167338, qz=0.850610604834031), bell=Bells(treatment='', suction='64372cd7'), idx=3, color='#e53935'), Destination(name='소독실', goal_pose=Pose(x=-3.4045695907217928, y=-7.611793760201744, qw=0.546869706461766, qz=0.8372177280459497), bell=Bells(treatment='', suction='64492cd7'), idx=4, color='#e53935')]
2026-08-21 10:55:11.532 [session=000420] [INFO] [MainThread] 호출벨 리스트 반환: callbells={'64012cd7': {'name': '호출벨 1', 'usage': 'suction', 'destination': '로비'}, '64132cd7': {'name': '호출벨 2', 'usage': 'suction', 'destination': '수술실'}, '64252cd7': {'name': '호출벨 3', 'usage': 'suction', 'destination': '진료실'}, '64372cd7': {'name': '호출벨 4', 'usage': 'suction', 'destination': '창고'}, '64492cd7': {'name': '호출벨 5', 'usage': 'suction', 'destination': '소독실'}}, robot_usages=['treatment', 'suction']
2026-08-21 10:55:11.532 [session=000420] [INFO] [MainThread] 호출벨 리스트 로드: 5개
2026-08-21 10:55:11.533 [session=000420] [INFO] [MainThread] 호출벨 목록 동일 - UI 재생성 생략
2026-08-21 10:55:11.533 [session=000420] [INFO] [MainThread] 호출벨용 용도 목록 로드 요청
2026-08-21 10:55:11.533 [session=000420] [INFO] [MainThread] 호출벨에 용도 목록 전달: 2개
2026-08-21 10:55:11.534 [session=000420] [INFO] [MainThread] 용도 목록 로드: 2개
2026-08-21 10:55:11.534 [session=000420] [INFO] [MainThread] 목적지 목록 로드: 5개
2026-08-21 10:55:11.534 [session=000420] [INFO] [MainThread] 호출벨 관리에 목적지 목록 전달: 5개
2026-08-21 10:55:11.535 [session=000420] [INFO] [MainThread] My IP : 192.168.104.212
2026-08-21 10:55:12.823 [session=000420] [INFO] [SSE-SSE_BATTERY_LOW_SHUTDOWN] [SSE_DIAG] connect attempt tag=SSE_BATTERY_LOW_SHUTDOWN, reconnect=99, url=http://localhost:8080/robot_ec2b/events/battery/low_shutdown
2026-08-21 10:55:12.845 [session=000420] [INFO] [SSE-SSE_BATTERY_LOW_SHUTDOWN] [SSE_DIAG] connected tag=SSE_BATTERY_LOW_SHUTDOWN, status=404, reason=Not Found, elapsed=0.02s, content_type=application/json, url=http://localhost:8080/robot_ec2b/events/battery/low_shutdown
2026-08-21 10:55:12.845 [session=000420] [ERROR] [SSE-SSE_BATTERY_LOW_SHUTDOWN] [SSE_DIAG] non-200 response tag=SSE_BATTERY_LOW_SHUTDOWN, status=404, reason=Not Found, url=http://localhost:8080/robot_ec2b/events/battery/low_shutdown
2026-08-21 10:55:12.851 [session=000420] [INFO] [SSE-SSE_BATTERY_LOW_SHUTDOWN] [SSE_DIAG] reconnect wait tag=SSE_BATTERY_LOW_SHUTDOWN, delay=10s, reconnect=100, reason=HTTP 404, url=http://localhost:8080/robot_ec2b/events/battery/low_shutdown
2026-08-21 10:55:15.489 [session=000420] [INFO] [MainThread] [MAIN_THREAD_HEARTBEAT] GUI main thread alive: thread=MainThread
2026-08-21 10:55:20.490 [session=000420] [INFO] [MainThread] [MAIN_THREAD_HEARTBEAT] GUI main thread alive: thread=MainThread
2026-08-21 10:55:21.492 [session=000420] [DEBUG] [RestApiThread] GetCallBellFromRESTAPI 요청 시작
2026-08-21 10:55:21.494 [session=000420] [DEBUG] [RestApiThread] _get_data: 요청 시작 - tag: REST_API_TAG.GET_CALLBELL, url: http://localhost:8080/robot_ec2b/callbell
2026-08-21 10:55:21.500 [session=000420] [DEBUG] [RestApiThread] _get_data: 요청 전송 완료 - tag: REST_API_TAG.GET_CALLBELL, timeout: 30000ms
2026-08-21 10:55:21.502 [session=000420] [INFO] [RestApiThread] _handle_response (CYCLIC 정상) - tag: REST_API_TAG.GET_DESTINATIONS, status: 200, pending→2
2026-08-21 10:55:21.504 [session=000420] [INFO] [MainThread] model_manager set_destinations: unchanged (5 items) - emit skipped
2026-08-21 10:55:21.504 [session=000420] [DEBUG] [RestApiThread] _handle_response 호출됨 - tag: REST_API_TAG.GET_CALLBELL, status_code: 200
2026-08-21 10:55:21.505 [session=000420] [INFO] [ThreadPoolExecutor-5_1] 호출벨 데이터 수신: 5개
2026-08-21 10:55:21.507 [session=000420] [INFO] [MainThread] 호출벨-목적지 동기화 완료: 5개 호출벨
2026-08-21 10:55:21.508 [session=000420] [INFO] [MainThread] 목적지 리스트 반환: destinations=[Destination(name='로비', goal_pose=Pose(x=4.241336459631034, y=-2.361104203714551, qw=0.5097087478206948, qz=0.8603470185890456), bell=Bells(treatment='', suction='64012cd7'), idx=0, color='#e53935'), Destination(name='수술실', goal_pose=Pose(x=4.5199271819089395, y=-3.9219605026851503, qw=0.14533446519134308, qz=-0.9893825818294691), bell=Bells(treatment='', suction='64132cd7'), idx=1, color='#e53935'), Destination(name='진료실', goal_pose=Pose(x=0.11980823444488001, y=-3.735511450600503, qw=0.9963649848510123, qz=0.0851869530083222), bell=Bells(treatment='', suction='64252cd7'), idx=2, color='#e53935'), Destination(name='창고', goal_pose=Pose(x=0.2834625688692579, y=-6.793061814598156, qw=0.5257961572167338, qz=0.850610604834031), bell=Bells(treatment='', suction='64372cd7'), idx=3, color='#e53935'), Destination(name='소독실', goal_pose=Pose(x=-3.4045695907217928, y=-7.611793760201744, qw=0.546869706461766, qz=0.8372177280459497), bell=Bells(treatment='', suction='64492cd7'), idx=4, color='#e53935')]
2026-08-21 10:55:21.509 [session=000420] [INFO] [MainThread] 호출벨 리스트 반환: callbells={'64012cd7': {'name': '호출벨 1', 'usage': 'suction', 'destination': '로비'}, '64132cd7': {'name': '호출벨 2', 'usage': 'suction', 'destination': '수술실'}, '64252cd7': {'name': '호출벨 3', 'usage': 'suction', 'destination': '진료실'}, '64372cd7': {'name': '호출벨 4', 'usage': 'suction', 'destination': '창고'}, '64492cd7': {'name': '호출벨 5', 'usage': 'suction', 'destination': '소독실'}}, robot_usages=['treatment', 'suction']
2026-08-21 10:55:21.509 [session=000420] [INFO] [MainThread] 호출벨 리스트 로드: 5개
2026-08-21 10:55:21.509 [session=000420] [INFO] [MainThread] 호출벨 목록 동일 - UI 재생성 생략
2026-08-21 10:55:21.510 [session=000420] [INFO] [MainThread] 호출벨용 용도 목록 로드 요청
2026-08-21 10:55:21.510 [session=000420] [INFO] [MainThread] 호출벨에 용도 목록 전달: 2개
2026-08-21 10:55:21.510 [session=000420] [INFO] [MainThread] 용도 목록 로드: 2개
2026-08-21 10:55:21.510 [session=000420] [INFO] [MainThread] 목적지 목록 로드: 5개
2026-08-21 10:55:21.510 [session=000420] [INFO] [MainThread] 호출벨 관리에 목적지 목록 전달: 5개
2026-08-21 10:55:21.528 [session=000420] [INFO] [RestApiThread] _handle_response (CYCLIC 정상) - tag: REST_API_TAG.GET_MASTER_IP_ADDRESS, status: 200, pending→0
2026-08-21 10:55:21.532 [session=000420] [INFO] [MainThread] My IP : 192.168.104.212
2026-08-21 10:55:21.537 [session=000420] [INFO] [browser-music-sync_0] [BROWSER_MUSIC_SYNC] event=catalog_fetch_started master_base_url=http://127.0.0.1:5051
2026-08-21 10:55:21.571 [session=000420] [INFO] [browser-music-sync_0] [BROWSER_MUSIC_SYNC] event=catalog_fetch_succeeded master_base_url=http://127.0.0.1:5051 item_count=3
2026-08-21 10:55:21.578 [session=000420] [INFO] [RestApiThread] [REST API] 배경 음악 GET 전송: operation=selection_get, url=http://127.0.0.1:5051/api/voice-event-settings/background-music?robot_id=robot_ec2b
2026-08-21 10:55:21.579 [session=000420] [INFO] [RestApiThread] [REST API] 배경 음악 GET 전송: operation=resolved_get, url=http://127.0.0.1:5051/api/voice-event-settings/resolved?robot_id=robot_ec2b
2026-08-21 10:55:21.600 [session=000420] [DEBUG] [RestApiThread] _handle_response 호출됨 - tag: REST_API_TAG.GET_BACKGROUND_MUSIC_SETTING, status_code: 200
2026-08-21 10:55:21.602 [session=000420] [DEBUG] [RestApiThread] _handle_response 호출됨 - tag: REST_API_TAG.GET_RESOLVED_BACKGROUND_MUSIC, status_code: 200
2026-08-21 10:55:22.852 [session=000420] [INFO] [SSE-SSE_BATTERY_LOW_SHUTDOWN] [SSE_DIAG] connect attempt tag=SSE_BATTERY_LOW_SHUTDOWN, reconnect=100, url=http://localhost:8080/robot_ec2b/events/battery/low_shutdown
2026-08-21 10:55:22.875 [session=000420] [INFO] [SSE-SSE_BATTERY_LOW_SHUTDOWN] [SSE_DIAG] connected tag=SSE_BATTERY_LOW_SHUTDOWN, status=404, reason=Not Found, elapsed=0.02s, content_type=application/json, url=http://localhost:8080/robot_ec2b/events/battery/low_shutdown
2026-08-21 10:55:22.876 [session=000420] [ERROR] [SSE-SSE_BATTERY_LOW_SHUTDOWN] [SSE_DIAG] non-200 response tag=SSE_BATTERY_LOW_SHUTDOWN, status=404, reason=Not Found, url=http://localhost:8080/robot_ec2b/events/battery/low_shutdown
2026-08-21 10:55:22.877 [session=000420] [INFO] [SSE-SSE_BATTERY_LOW_SHUTDOWN] [SSE_DIAG] reconnect wait tag=SSE_BATTERY_LOW_SHUTDOWN, delay=10s, reconnect=101, reason=HTTP 404, url=http://localhost:8080/robot_ec2b/events/battery/low_shutdown
2026-08-21 10:55:25.489 [session=000420] [INFO] [MainThread] [MAIN_THREAD_HEARTBEAT] GUI main thread alive: thread=MainThread
2026-08-21 10:55:30.489 [session=000420] [INFO] [MainThread] [MAIN_THREAD_HEARTBEAT] GUI main thread alive: thread=MainThread
2026-08-21 10:55:31.498 [session=000420] [DEBUG] [RestApiThread] GetCallBellFromRESTAPI 요청 시작
2026-08-21 10:55:31.500 [session=000420] [DEBUG] [RestApiThread] _get_data: 요청 시작 - tag: REST_API_TAG.GET_CALLBELL, url: http://localhost:8080/robot_ec2b/callbell
2026-08-21 10:55:31.501 [session=000420] [DEBUG] [RestApiThread] _get_data: 요청 전송 완료 - tag: REST_API_TAG.GET_CALLBELL, timeout: 30000ms
2026-08-21 10:55:31.504 [session=000420] [INFO] [MainThread] model_manager set_destinations: unchanged (5 items) - emit skipped
2026-08-21 10:55:31.508 [session=000420] [DEBUG] [RestApiThread] _handle_response 호출됨 - tag: REST_API_TAG.GET_CALLBELL, status_code: 200
2026-08-21 10:55:31.509 [session=000420] [INFO] [ThreadPoolExecutor-5_1] 호출벨 데이터 수신: 5개
2026-08-21 10:55:31.510 [session=000420] [INFO] [MainThread] 호출벨-목적지 동기화 완료: 5개 호출벨
2026-08-21 10:55:31.510 [session=000420] [INFO] [MainThread] 목적지 리스트 반환: destinations=[Destination(name='로비', goal_pose=Pose(x=4.241336459631034, y=-2.361104203714551, qw=0.5097087478206948, qz=0.8603470185890456), bell=Bells(treatment='', suction='64012cd7'), idx=0, color='#e53935'), Destination(name='수술실', goal_pose=Pose(x=4.5199271819089395, y=-3.9219605026851503, qw=0.14533446519134308, qz=-0.9893825818294691), bell=Bells(treatment='', suction='64132cd7'), idx=1, color='#e53935'), Destination(name='진료실', goal_pose=Pose(x=0.11980823444488001, y=-3.735511450600503, qw=0.9963649848510123, qz=0.0851869530083222), bell=Bells(treatment='', suction='64252cd7'), idx=2, color='#e53935'), Destination(name='창고', goal_pose=Pose(x=0.2834625688692579, y=-6.793061814598156, qw=0.5257961572167338, qz=0.850610604834031), bell=Bells(treatment='', suction='64372cd7'), idx=3, color='#e53935'), Destination(name='소독실', goal_pose=Pose(x=-3.4045695907217928, y=-7.611793760201744, qw=0.546869706461766, qz=0.8372177280459497), bell=Bells(treatment='', suction='64492cd7'), idx=4, color='#e53935')]
2026-08-21 10:55:31.511 [session=000420] [INFO] [MainThread] 호출벨 리스트 반환: callbells={'64012cd7': {'name': '호출벨 1', 'usage': 'suction', 'destination': '로비'}, '64132cd7': {'name': '호출벨 2', 'usage': 'suction', 'destination': '수술실'}, '64252cd7': {'name': '호출벨 3', 'usage': 'suction', 'destination': '진료실'}, '64372cd7': {'name': '호출벨 4', 'usage': 'suction', 'destination': '창고'}, '64492cd7': {'name': '호출벨 5', 'usage': 'suction', 'destination': '소독실'}}, robot_usages=['treatment', 'suction']
2026-08-21 10:55:31.513 [session=000420] [INFO] [MainThread] 호출벨 리스트 로드: 5개
2026-08-21 10:55:31.514 [session=000420] [INFO] [MainThread] 호출벨 목록 동일 - UI 재생성 생략
2026-08-21 10:55:31.516 [session=000420] [INFO] [MainThread] 호출벨용 용도 목록 로드 요청
2026-08-21 10:55:31.516 [session=000420] [INFO] [MainThread] 호출벨에 용도 목록 전달: 2개
2026-08-21 10:55:31.517 [session=000420] [INFO] [MainThread] 용도 목록 로드: 2개
2026-08-21 10:55:31.517 [session=000420] [INFO] [MainThread] 목적지 목록 로드: 5개
2026-08-21 10:55:31.518 [session=000420] [INFO] [MainThread] 호출벨 관리에 목적지 목록 전달: 5개
2026-08-21 10:55:31.528 [session=000420] [INFO] [MainThread] My IP : 192.168.104.212
2026-08-21 10:55:32.878 [session=000420] [INFO] [SSE-SSE_BATTERY_LOW_SHUTDOWN] [SSE_DIAG] connect attempt tag=SSE_BATTERY_LOW_SHUTDOWN, reconnect=101, url=http://localhost:8080/robot_ec2b/events/battery/low_shutdown
2026-08-21 10:55:32.903 [session=000420] [INFO] [SSE-SSE_BATTERY_LOW_SHUTDOWN] [SSE_DIAG] connected tag=SSE_BATTERY_LOW_SHUTDOWN, status=404, reason=Not Found, elapsed=0.02s, content_type=application/json, url=http://localhost:8080/robot_ec2b/events/battery/low_shutdown
2026-08-21 10:55:32.905 [session=000420] [ERROR] [SSE-SSE_BATTERY_LOW_SHUTDOWN] [SSE_DIAG] non-200 response tag=SSE_BATTERY_LOW_SHUTDOWN, status=404, reason=Not Found, url=http://localhost:8080/robot_ec2b/events/battery/low_shutdown
2026-08-21 10:55:32.908 [session=000420] [INFO] [SSE-SSE_BATTERY_LOW_SHUTDOWN] [SSE_DIAG] reconnect wait tag=SSE_BATTERY_LOW_SHUTDOWN, delay=10s, reconnect=102, reason=HTTP 404, url=http://localhost:8080/robot_ec2b/events/battery/low_shutdown
2026-08-21 10:55:35.490 [session=000420] [INFO] [MainThread] [MAIN_THREAD_HEARTBEAT] GUI main thread alive: thread=MainThread
2026-08-21 10:55:40.489 [session=000420] [INFO] [MainThread] [MAIN_THREAD_HEARTBEAT] GUI main thread alive: thread=MainThread
2026-08-21 10:55:41.494 [session=000420] [DEBUG] [RestApiThread] GetCallBellFromRESTAPI 요청 시작
2026-08-21 10:55:41.504 [session=000420] [DEBUG] [RestApiThread] _get_data: 요청 시작 - tag: REST_API_TAG.GET_CALLBELL, url: http://localhost:8080/robot_ec2b/callbell
2026-08-21 10:55:41.506 [session=000420] [DEBUG] [RestApiThread] _get_data: 요청 전송 완료 - tag: REST_API_TAG.GET_CALLBELL, timeout: 30000ms
2026-08-21 10:55:41.512 [session=000420] [INFO] [MainThread] model_manager set_destinations: unchanged (5 items) - emit skipped
2026-08-21 10:55:41.535 [session=000420] [DEBUG] [RestApiThread] _handle_response 호출됨 - tag: REST_API_TAG.GET_CALLBELL, status_code: 200
2026-08-21 10:55:41.536 [session=000420] [INFO] [ThreadPoolExecutor-5_1] 호출벨 데이터 수신: 5개
2026-08-21 10:55:41.538 [session=000420] [INFO] [MainThread] 호출벨-목적지 동기화 완료: 5개 호출벨
2026-08-21 10:55:41.539 [session=000420] [INFO] [MainThread] 목적지 리스트 반환: destinations=[Destination(name='로비', goal_pose=Pose(x=4.241336459631034, y=-2.361104203714551, qw=0.5097087478206948, qz=0.8603470185890456), bell=Bells(treatment='', suction='64012cd7'), idx=0, color='#e53935'), Destination(name='수술실', goal_pose=Pose(x=4.5199271819089395, y=-3.9219605026851503, qw=0.14533446519134308, qz=-0.9893825818294691), bell=Bells(treatment='', suction='64132cd7'), idx=1, color='#e53935'), Destination(name='진료실', goal_pose=Pose(x=0.11980823444488001, y=-3.735511450600503, qw=0.9963649848510123, qz=0.0851869530083222), bell=Bells(treatment='', suction='64252cd7'), idx=2, color='#e53935'), Destination(name='창고', goal_pose=Pose(x=0.2834625688692579, y=-6.793061814598156, qw=0.5257961572167338, qz=0.850610604834031), bell=Bells(treatment='', suction='64372cd7'), idx=3, color='#e53935'), Destination(name='소독실', goal_pose=Pose(x=-3.4045695907217928, y=-7.611793760201744, qw=0.546869706461766, qz=0.8372177280459497), bell=Bells(treatment='', suction='64492cd7'), idx=4, color='#e53935')]
2026-08-21 10:55:41.539 [session=000420] [INFO] [MainThread] 호출벨 리스트 반환: callbells={'64012cd7': {'name': '호출벨 1', 'usage': 'suction', 'destination': '로비'}, '64132cd7': {'name': '호출벨 2', 'usage': 'suction', 'destination': '수술실'}, '64252cd7': {'name': '호출벨 3', 'usage': 'suction', 'destination': '진료실'}, '64372cd7': {'name': '호출벨 4', 'usage': 'suction', 'destination': '창고'}, '64492cd7': {'name': '호출벨 5', 'usage': 'suction', 'destination': '소독실'}}, robot_usages=['treatment', 'suction']
2026-08-21 10:55:41.539 [session=000420] [INFO] [MainThread] 호출벨 리스트 로드: 5개
2026-08-21 10:55:41.540 [session=000420] [INFO] [MainThread] 호출벨 목록 동일 - UI 재생성 생략
2026-08-21 10:55:41.540 [session=000420] [INFO] [MainThread] 호출벨용 용도 목록 로드 요청
2026-08-21 10:55:41.540 [session=000420] [INFO] [MainThread] 호출벨에 용도 목록 전달: 2개
2026-08-21 10:55:41.540 [session=000420] [INFO] [MainThread] 용도 목록 로드: 2개
2026-08-21 10:55:41.540 [session=000420] [INFO] [MainThread] 목적지 목록 로드: 5개
2026-08-21 10:55:41.540 [session=000420] [INFO] [MainThread] 호출벨 관리에 목적지 목록 전달: 5개
2026-08-21 10:55:41.541 [session=000420] [INFO] [MainThread] My IP : 192.168.104.212
2026-08-21 10:55:42.909 [session=000420] [INFO] [SSE-SSE_BATTERY_LOW_SHUTDOWN] [SSE_DIAG] connect attempt tag=SSE_BATTERY_LOW_SHUTDOWN, reconnect=102, url=http://localhost:8080/robot_ec2b/events/battery/low_shutdown
2026-08-21 10:55:42.927 [session=000420] [INFO] [SSE-SSE_BATTERY_LOW_SHUTDOWN] [SSE_DIAG] connected tag=SSE_BATTERY_LOW_SHUTDOWN, status=404, reason=Not Found, elapsed=0.02s, content_type=application/json, url=http://localhost:8080/robot_ec2b/events/battery/low_shutdown
2026-08-21 10:55:42.928 [session=000420] [ERROR] [SSE-SSE_BATTERY_LOW_SHUTDOWN] [SSE_DIAG] non-200 response tag=SSE_BATTERY_LOW_SHUTDOWN, status=404, reason=Not Found, url=http://localhost:8080/robot_ec2b/events/battery/low_shutdown
2026-08-21 10:55:42.930 [session=000420] [INFO] [SSE-SSE_BATTERY_LOW_SHUTDOWN] [SSE_DIAG] reconnect wait tag=SSE_BATTERY_LOW_SHUTDOWN, delay=10s, reconnect=103, reason=HTTP 404, url=http://localhost:8080/robot_ec2b/events/battery/low_shutdown
2026-08-21 10:55:45.491 [session=000420] [INFO] [MainThread] [MAIN_THREAD_HEARTBEAT] GUI main thread alive: thread=MainThread
2026-08-21 10:55:50.489 [session=000420] [INFO] [MainThread] [MAIN_THREAD_HEARTBEAT] GUI main thread alive: thread=MainThread
2026-08-21 10:55:51.500 [session=000420] [DEBUG] [RestApiThread] GetCallBellFromRESTAPI 요청 시작
2026-08-21 10:55:51.502 [session=000420] [DEBUG] [RestApiThread] _get_data: 요청 시작 - tag: REST_API_TAG.GET_CALLBELL, url: http://localhost:8080/robot_ec2b/callbell
2026-08-21 10:55:51.502 [session=000420] [DEBUG] [RestApiThread] _get_data: 요청 전송 완료 - tag: REST_API_TAG.GET_CALLBELL, timeout: 30000ms
2026-08-21 10:55:51.511 [session=000420] [INFO] [MainThread] model_manager set_destinations: unchanged (5 items) - emit skipped
2026-08-21 10:55:51.516 [session=000420] [DEBUG] [RestApiThread] _handle_response 호출됨 - tag: REST_API_TAG.GET_CALLBELL, status_code: 200
2026-08-21 10:55:51.517 [session=000420] [INFO] [ThreadPoolExecutor-5_1] 호출벨 데이터 수신: 5개
2026-08-21 10:55:51.519 [session=000420] [INFO] [MainThread] 호출벨-목적지 동기화 완료: 5개 호출벨
2026-08-21 10:55:51.519 [session=000420] [INFO] [MainThread] 목적지 리스트 반환: destinations=[Destination(name='로비', goal_pose=Pose(x=4.241336459631034, y=-2.361104203714551, qw=0.5097087478206948, qz=0.8603470185890456), bell=Bells(treatment='', suction='64012cd7'), idx=0, color='#e53935'), Destination(name='수술실', goal_pose=Pose(x=4.5199271819089395, y=-3.9219605026851503, qw=0.14533446519134308, qz=-0.9893825818294691), bell=Bells(treatment='', suction='64132cd7'), idx=1, color='#e53935'), Destination(name='진료실', goal_pose=Pose(x=0.11980823444488001, y=-3.735511450600503, qw=0.9963649848510123, qz=0.0851869530083222), bell=Bells(treatment='', suction='64252cd7'), idx=2, color='#e53935'), Destination(name='창고', goal_pose=Pose(x=0.2834625688692579, y=-6.793061814598156, qw=0.5257961572167338, qz=0.850610604834031), bell=Bells(treatment='', suction='64372cd7'), idx=3, color='#e53935'), Destination(name='소독실', goal_pose=Pose(x=-3.4045695907217928, y=-7.611793760201744, qw=0.546869706461766, qz=0.8372177280459497), bell=Bells(treatment='', suction='64492cd7'), idx=4, color='#e53935')]
2026-08-21 10:55:51.519 [session=000420] [INFO] [MainThread] 호출벨 리스트 반환: callbells={'64012cd7': {'name': '호출벨 1', 'usage': 'suction', 'destination': '로비'}, '64132cd7': {'name': '호출벨 2', 'usage': 'suction', 'destination': '수술실'}, '64252cd7': {'name': '호출벨 3', 'usage': 'suction', 'destination': '진료실'}, '64372cd7': {'name': '호출벨 4', 'usage': 'suction', 'destination': '창고'}, '64492cd7': {'name': '호출벨 5', 'usage': 'suction', 'destination': '소독실'}}, robot_usages=['treatment', 'suction']
2026-08-21 10:55:51.520 [session=000420] [INFO] [MainThread] 호출벨 리스트 로드: 5개
2026-08-21 10:55:51.520 [session=000420] [INFO] [MainThread] 호출벨 목록 동일 - UI 재생성 생략
2026-08-21 10:55:51.520 [session=000420] [INFO] [MainThread] 호출벨용 용도 목록 로드 요청
2026-08-21 10:55:51.520 [session=000420] [INFO] [MainThread] 호출벨에 용도 목록 전달: 2개
2026-08-21 10:55:51.520 [session=000420] [INFO] [MainThread] 용도 목록 로드: 2개
2026-08-21 10:55:51.520 [session=000420] [INFO] [MainThread] 목적지 목록 로드: 5개
2026-08-21 10:55:51.521 [session=000420] [INFO] [MainThread] 호출벨 관리에 목적지 목록 전달: 5개
2026-08-21 10:55:51.522 [session=000420] [INFO] [MainThread] My IP : 192.168.104.212
2026-08-21 10:55:52.931 [session=000420] [INFO] [SSE-SSE_BATTERY_LOW_SHUTDOWN] [SSE_DIAG] connect attempt tag=SSE_BATTERY_LOW_SHUTDOWN, reconnect=103, url=http://localhost:8080/robot_ec2b/events/battery/low_shutdown
2026-08-21 10:55:52.944 [session=000420] [INFO] [SSE-SSE_BATTERY_LOW_SHUTDOWN] [SSE_DIAG] connected tag=SSE_BATTERY_LOW_SHUTDOWN, status=404, reason=Not Found, elapsed=0.01s, content_type=application/json, url=http://localhost:8080/robot_ec2b/events/battery/low_shutdown
2026-08-21 10:55:52.944 [session=000420] [ERROR] [SSE-SSE_BATTERY_LOW_SHUTDOWN] [SSE_DIAG] non-200 response tag=SSE_BATTERY_LOW_SHUTDOWN, status=404, reason=Not Found, url=http://localhost:8080/robot_ec2b/events/battery/low_shutdown
2026-08-21 10:55:52.949 [session=000420] [INFO] [SSE-SSE_BATTERY_LOW_SHUTDOWN] [SSE_DIAG] reconnect wait tag=SSE_BATTERY_LOW_SHUTDOWN, delay=10s, reconnect=104, reason=HTTP 404, url=http://localhost:8080/robot_ec2b/events/battery/low_shutdown
2026-08-21 10:55:55.491 [session=000420] [INFO] [MainThread] [MAIN_THREAD_HEARTBEAT] GUI main thread alive: thread=MainThread
2026-08-21 10:56:00.489 [session=000420] [INFO] [MainThread] [MAIN_THREAD_HEARTBEAT] GUI main thread alive: thread=MainThread
2026-08-21 10:56:01.491 [session=000420] [DEBUG] [RestApiThread] GetCallBellFromRESTAPI 요청 시작
2026-08-21 10:56:01.492 [session=000420] [DEBUG] [RestApiThread] _get_data: 요청 시작 - tag: REST_API_TAG.GET_CALLBELL, url: http://localhost:8080/robot_ec2b/callbell
2026-08-21 10:56:01.501 [session=000420] [DEBUG] [RestApiThread] _get_data: 요청 전송 완료 - tag: REST_API_TAG.GET_CALLBELL, timeout: 30000ms
2026-08-21 10:56:01.505 [session=000420] [INFO] [MainThread] model_manager set_destinations: unchanged (5 items) - emit skipped
2026-08-21 10:56:01.508 [session=000420] [DEBUG] [RestApiThread] _handle_response 호출됨 - tag: REST_API_TAG.GET_CALLBELL, status_code: 200
2026-08-21 10:56:01.509 [session=000420] [INFO] [ThreadPoolExecutor-5_1] 호출벨 데이터 수신: 5개
2026-08-21 10:56:01.511 [session=000420] [INFO] [MainThread] 호출벨-목적지 동기화 완료: 5개 호출벨
2026-08-21 10:56:01.512 [session=000420] [INFO] [MainThread] 목적지 리스트 반환: destinations=[Destination(name='로비', goal_pose=Pose(x=4.241336459631034, y=-2.361104203714551, qw=0.5097087478206948, qz=0.8603470185890456), bell=Bells(treatment='', suction='64012cd7'), idx=0, color='#e53935'), Destination(name='수술실', goal_pose=Pose(x=4.5199271819089395, y=-3.9219605026851503, qw=0.14533446519134308, qz=-0.9893825818294691), bell=Bells(treatment='', suction='64132cd7'), idx=1, color='#e53935'), Destination(name='진료실', goal_pose=Pose(x=0.11980823444488001, y=-3.735511450600503, qw=0.9963649848510123, qz=0.0851869530083222), bell=Bells(treatment='', suction='64252cd7'), idx=2, color='#e53935'), Destination(name='창고', goal_pose=Pose(x=0.2834625688692579, y=-6.793061814598156, qw=0.5257961572167338, qz=0.850610604834031), bell=Bells(treatment='', suction='64372cd7'), idx=3, color='#e53935'), Destination(name='소독실', goal_pose=Pose(x=-3.4045695907217928, y=-7.611793760201744, qw=0.546869706461766, qz=0.8372177280459497), bell=Bells(treatment='', suction='64492cd7'), idx=4, color='#e53935')]
2026-08-21 10:56:01.513 [session=000420] [INFO] [MainThread] 호출벨 리스트 반환: callbells={'64012cd7': {'name': '호출벨 1', 'usage': 'suction', 'destination': '로비'}, '64132cd7': {'name': '호출벨 2', 'usage': 'suction', 'destination': '수술실'}, '64252cd7': {'name': '호출벨 3', 'usage': 'suction', 'destination': '진료실'}, '64372cd7': {'name': '호출벨 4', 'usage': 'suction', 'destination': '창고'}, '64492cd7': {'name': '호출벨 5', 'usage': 'suction', 'destination': '소독실'}}, robot_usages=['treatment', 'suction']
2026-08-21 10:56:01.522 [session=000420] [INFO] [MainThread] 호출벨 리스트 로드: 5개
2026-08-21 10:56:01.522 [session=000420] [INFO] [MainThread] 호출벨 목록 동일 - UI 재생성 생략
2026-08-21 10:56:01.523 [session=000420] [INFO] [MainThread] 호출벨용 용도 목록 로드 요청
2026-08-21 10:56:01.523 [session=000420] [INFO] [MainThread] 호출벨에 용도 목록 전달: 2개
2026-08-21 10:56:01.523 [session=000420] [INFO] [MainThread] 용도 목록 로드: 2개
2026-08-21 10:56:01.526 [session=000420] [INFO] [MainThread] 목적지 목록 로드: 5개
2026-08-21 10:56:01.526 [session=000420] [INFO] [MainThread] 호출벨 관리에 목적지 목록 전달: 5개
2026-08-21 10:56:01.530 [session=000420] [INFO] [MainThread] My IP : 192.168.104.212
2026-08-21 10:56:01.534 [session=000420] [INFO] [browser-music-sync_0] [BROWSER_MUSIC_SYNC] event=catalog_fetch_started master_base_url=http://127.0.0.1:5051
2026-08-21 10:56:01.560 [session=000420] [INFO] [browser-music-sync_0] [BROWSER_MUSIC_SYNC] event=catalog_fetch_succeeded master_base_url=http://127.0.0.1:5051 item_count=3
2026-08-21 10:56:01.574 [session=000420] [INFO] [RestApiThread] [REST API] 배경 음악 GET 전송: operation=selection_get, url=http://127.0.0.1:5051/api/voice-event-settings/background-music?robot_id=robot_ec2b
2026-08-21 10:56:01.575 [session=000420] [INFO] [RestApiThread] [REST API] 배경 음악 GET 전송: operation=resolved_get, url=http://127.0.0.1:5051/api/voice-event-settings/resolved?robot_id=robot_ec2b
2026-08-21 10:56:01.597 [session=000420] [DEBUG] [RestApiThread] _handle_response 호출됨 - tag: REST_API_TAG.GET_BACKGROUND_MUSIC_SETTING, status_code: 200
2026-08-21 10:56:01.600 [session=000420] [DEBUG] [RestApiThread] _handle_response 호출됨 - tag: REST_API_TAG.GET_RESOLVED_BACKGROUND_MUSIC, status_code: 200
2026-08-21 10:56:02.951 [session=000420] [INFO] [SSE-SSE_BATTERY_LOW_SHUTDOWN] [SSE_DIAG] connect attempt tag=SSE_BATTERY_LOW_SHUTDOWN, reconnect=104, url=http://localhost:8080/robot_ec2b/events/battery/low_shutdown
2026-08-21 10:56:02.964 [session=000420] [INFO] [SSE-SSE_BATTERY_LOW_SHUTDOWN] [SSE_DIAG] connected tag=SSE_BATTERY_LOW_SHUTDOWN, status=404, reason=Not Found, elapsed=0.01s, content_type=application/json, url=http://localhost:8080/robot_ec2b/events/battery/low_shutdown
2026-08-21 10:56:02.968 [session=000420] [ERROR] [SSE-SSE_BATTERY_LOW_SHUTDOWN] [SSE_DIAG] non-200 response tag=SSE_BATTERY_LOW_SHUTDOWN, status=404, reason=Not Found, url=http://localhost:8080/robot_ec2b/events/battery/low_shutdown
2026-08-21 10:56:02.970 [session=000420] [INFO] [SSE-SSE_BATTERY_LOW_SHUTDOWN] [SSE_DIAG] reconnect wait tag=SSE_BATTERY_LOW_SHUTDOWN, delay=10s, reconnect=105, reason=HTTP 404, url=http://localhost:8080/robot_ec2b/events/battery/low_shutdown
2026-08-21 10:56:05.489 [session=000420] [INFO] [MainThread] [MAIN_THREAD_HEARTBEAT] GUI main thread alive: thread=MainThread
2026-08-21 10:56:10.493 [session=000420] [INFO] [MainThread] [MAIN_THREAD_HEARTBEAT] GUI main thread alive: thread=MainThread
2026-08-21 10:56:11.490 [session=000420] [DEBUG] [RestApiThread] GetCallBellFromRESTAPI 요청 시작
2026-08-21 10:56:11.493 [session=000420] [DEBUG] [RestApiThread] _get_data: 요청 시작 - tag: REST_API_TAG.GET_CALLBELL, url: http://localhost:8080/robot_ec2b/callbell
2026-08-21 10:56:11.501 [session=000420] [DEBUG] [RestApiThread] _get_data: 요청 전송 완료 - tag: REST_API_TAG.GET_CALLBELL, timeout: 30000ms
2026-08-21 10:56:11.510 [session=000420] [INFO] [MainThread] model_manager set_destinations: unchanged (5 items) - emit skipped
2026-08-21 10:56:11.511 [session=000420] [DEBUG] [RestApiThread] _handle_response 호출됨 - tag: REST_API_TAG.GET_CALLBELL, status_code: 200
2026-08-21 10:56:11.512 [session=000420] [INFO] [ThreadPoolExecutor-5_0] 호출벨 데이터 수신: 5개
2026-08-21 10:56:11.518 [session=000420] [INFO] [MainThread] 호출벨-목적지 동기화 완료: 5개 호출벨
2026-08-21 10:56:11.518 [session=000420] [INFO] [MainThread] 목적지 리스트 반환: destinations=[Destination(name='로비', goal_pose=Pose(x=4.241336459631034, y=-2.361104203714551, qw=0.5097087478206948, qz=0.8603470185890456), bell=Bells(treatment='', suction='64012cd7'), idx=0, color='#e53935'), Destination(name='수술실', goal_pose=Pose(x=4.5199271819089395, y=-3.9219605026851503, qw=0.14533446519134308, qz=-0.9893825818294691), bell=Bells(treatment='', suction='64132cd7'), idx=1, color='#e53935'), Destination(name='진료실', goal_pose=Pose(x=0.11980823444488001, y=-3.735511450600503, qw=0.9963649848510123, qz=0.0851869530083222), bell=Bells(treatment='', suction='64252cd7'), idx=2, color='#e53935'), Destination(name='창고', goal_pose=Pose(x=0.2834625688692579, y=-6.793061814598156, qw=0.5257961572167338, qz=0.850610604834031), bell=Bells(treatment='', suction='64372cd7'), idx=3, color='#e53935'), Destination(name='소독실', goal_pose=Pose(x=-3.4045695907217928, y=-7.611793760201744, qw=0.546869706461766, qz=0.8372177280459497), bell=Bells(treatment='', suction='64492cd7'), idx=4, color='#e53935')]
2026-08-21 10:56:11.518 [session=000420] [INFO] [MainThread] 호출벨 리스트 반환: callbells={'64012cd7': {'name': '호출벨 1', 'usage': 'suction', 'destination': '로비'}, '64132cd7': {'name': '호출벨 2', 'usage': 'suction', 'destination': '수술실'}, '64252cd7': {'name': '호출벨 3', 'usage': 'suction', 'destination': '진료실'}, '64372cd7': {'name': '호출벨 4', 'usage': 'suction', 'destination': '창고'}, '64492cd7': {'name': '호출벨 5', 'usage': 'suction', 'destination': '소독실'}}, robot_usages=['treatment', 'suction']
2026-08-21 10:56:11.519 [session=000420] [INFO] [MainThread] 호출벨 리스트 로드: 5개
2026-08-21 10:56:11.519 [session=000420] [INFO] [MainThread] 호출벨 목록 동일 - UI 재생성 생략
2026-08-21 10:56:11.519 [session=000420] [INFO] [MainThread] 호출벨용 용도 목록 로드 요청
2026-08-21 10:56:11.520 [session=000420] [INFO] [MainThread] 호출벨에 용도 목록 전달: 2개
2026-08-21 10:56:11.520 [session=000420] [INFO] [MainThread] 용도 목록 로드: 2개
2026-08-21 10:56:11.520 [session=000420] [INFO] [MainThread] 목적지 목록 로드: 5개
2026-08-21 10:56:11.520 [session=000420] [INFO] [MainThread] 호출벨 관리에 목적지 목록 전달: 5개
2026-08-21 10:56:11.521 [session=000420] [INFO] [MainThread] My IP : 192.168.104.212
2026-08-21 10:56:12.971 [session=000420] [INFO] [SSE-SSE_BATTERY_LOW_SHUTDOWN] [SSE_DIAG] connect attempt tag=SSE_BATTERY_LOW_SHUTDOWN, reconnect=105, url=http://localhost:8080/robot_ec2b/events/battery/low_shutdown
2026-08-21 10:56:12.994 [session=000420] [INFO] [SSE-SSE_BATTERY_LOW_SHUTDOWN] [SSE_DIAG] connected tag=SSE_BATTERY_LOW_SHUTDOWN, status=404, reason=Not Found, elapsed=0.02s, content_type=application/json, url=http://localhost:8080/robot_ec2b/events/battery/low_shutdown
2026-08-21 10:56:12.994 [session=000420] [ERROR] [SSE-SSE_BATTERY_LOW_SHUTDOWN] [SSE_DIAG] non-200 response tag=SSE_BATTERY_LOW_SHUTDOWN, status=404, reason=Not Found, url=http://localhost:8080/robot_ec2b/events/battery/low_shutdown
2026-08-21 10:56:12.996 [session=000420] [INFO] [SSE-SSE_BATTERY_LOW_SHUTDOWN] [SSE_DIAG] reconnect wait tag=SSE_BATTERY_LOW_SHUTDOWN, delay=10s, reconnect=106, reason=HTTP 404, url=http://localhost:8080/robot_ec2b/events/battery/low_shutdown
2026-08-21 10:56:15.489 [session=000420] [INFO] [MainThread] [MAIN_THREAD_HEARTBEAT] GUI main thread alive: thread=MainThread
2026-08-21 10:56:20.489 [session=000420] [INFO] [MainThread] [MAIN_THREAD_HEARTBEAT] GUI main thread alive: thread=MainThread
2026-08-21 10:56:21.493 [session=000420] [DEBUG] [RestApiThread] GetCallBellFromRESTAPI 요청 시작
2026-08-21 10:56:21.498 [session=000420] [DEBUG] [RestApiThread] _get_data: 요청 시작 - tag: REST_API_TAG.GET_CALLBELL, url: http://localhost:8080/robot_ec2b/callbell
2026-08-21 10:56:21.500 [session=000420] [DEBUG] [RestApiThread] _get_data: 요청 전송 완료 - tag: REST_API_TAG.GET_CALLBELL, timeout: 30000ms
2026-08-21 10:56:21.503 [session=000420] [INFO] [MainThread] model_manager set_destinations: unchanged (5 items) - emit skipped
2026-08-21 10:56:21.508 [session=000420] [INFO] [MainThread] My IP : 192.168.104.212
2026-08-21 10:56:21.534 [session=000420] [DEBUG] [RestApiThread] _handle_response 호출됨 - tag: REST_API_TAG.GET_CALLBELL, status_code: 200
2026-08-21 10:56:21.535 [session=000420] [INFO] [ThreadPoolExecutor-5_1] 호출벨 데이터 수신: 5개
2026-08-21 10:56:21.540 [session=000420] [INFO] [MainThread] 호출벨-목적지 동기화 완료: 5개 호출벨
2026-08-21 10:56:21.541 [session=000420] [INFO] [MainThread] 목적지 리스트 반환: destinations=[Destination(name='로비', goal_pose=Pose(x=4.241336459631034, y=-2.361104203714551, qw=0.5097087478206948, qz=0.8603470185890456), bell=Bells(treatment='', suction='64012cd7'), idx=0, color='#e53935'), Destination(name='수술실', goal_pose=Pose(x=4.5199271819089395, y=-3.9219605026851503, qw=0.14533446519134308, qz=-0.9893825818294691), bell=Bells(treatment='', suction='64132cd7'), idx=1, color='#e53935'), Destination(name='진료실', goal_pose=Pose(x=0.11980823444488001, y=-3.735511450600503, qw=0.9963649848510123, qz=0.0851869530083222), bell=Bells(treatment='', suction='64252cd7'), idx=2, color='#e53935'), Destination(name='창고', goal_pose=Pose(x=0.2834625688692579, y=-6.793061814598156, qw=0.5257961572167338, qz=0.850610604834031), bell=Bells(treatment='', suction='64372cd7'), idx=3, color='#e53935'), Destination(name='소독실', goal_pose=Pose(x=-3.4045695907217928, y=-7.611793760201744, qw=0.546869706461766, qz=0.8372177280459497), bell=Bells(treatment='', suction='64492cd7'), idx=4, color='#e53935')]
2026-08-21 10:56:21.541 [session=000420] [INFO] [MainThread] 호출벨 리스트 반환: callbells={'64012cd7': {'name': '호출벨 1', 'usage': 'suction', 'destination': '로비'}, '64132cd7': {'name': '호출벨 2', 'usage': 'suction', 'destination': '수술실'}, '64252cd7': {'name': '호출벨 3', 'usage': 'suction', 'destination': '진료실'}, '64372cd7': {'name': '호출벨 4', 'usage': 'suction', 'destination': '창고'}, '64492cd7': {'name': '호출벨 5', 'usage': 'suction', 'destination': '소독실'}}, robot_usages=['treatment', 'suction']
2026-08-21 10:56:21.541 [session=000420] [INFO] [MainThread] 호출벨 리스트 로드: 5개
2026-08-21 10:56:21.542 [session=000420] [INFO] [MainThread] 호출벨 목록 동일 - UI 재생성 생략
2026-08-21 10:56:21.542 [session=000420] [INFO] [MainThread] 호출벨용 용도 목록 로드 요청
2026-08-21 10:56:21.542 [session=000420] [INFO] [MainThread] 호출벨에 용도 목록 전달: 2개
2026-08-21 10:56:21.543 [session=000420] [INFO] [MainThread] 용도 목록 로드: 2개
2026-08-21 10:56:21.543 [session=000420] [INFO] [MainThread] 목적지 목록 로드: 5개
2026-08-21 10:56:21.543 [session=000420] [INFO] [MainThread] 호출벨 관리에 목적지 목록 전달: 5개
2026-08-21 10:56:22.997 [session=000420] [INFO] [SSE-SSE_BATTERY_LOW_SHUTDOWN] [SSE_DIAG] connect attempt tag=SSE_BATTERY_LOW_SHUTDOWN, reconnect=106, url=http://localhost:8080/robot_ec2b/events/battery/low_shutdown
2026-08-21 10:56:23.009 [session=000420] [INFO] [SSE-SSE_BATTERY_LOW_SHUTDOWN] [SSE_DIAG] connected tag=SSE_BATTERY_LOW_SHUTDOWN, status=404, reason=Not Found, elapsed=0.01s, content_type=application/json, url=http://localhost:8080/robot_ec2b/events/battery/low_shutdown
2026-08-21 10:56:23.010 [session=000420] [ERROR] [SSE-SSE_BATTERY_LOW_SHUTDOWN] [SSE_DIAG] non-200 response tag=SSE_BATTERY_LOW_SHUTDOWN, status=404, reason=Not Found, url=http://localhost:8080/robot_ec2b/events/battery/low_shutdown
2026-08-21 10:56:23.011 [session=000420] [INFO] [SSE-SSE_BATTERY_LOW_SHUTDOWN] [SSE_DIAG] reconnect wait tag=SSE_BATTERY_LOW_SHUTDOWN, delay=10s, reconnect=107, reason=HTTP 404, url=http://localhost:8080/robot_ec2b/events/battery/low_shutdown
2026-08-21 10:56:25.489 [session=000420] [INFO] [MainThread] [MAIN_THREAD_HEARTBEAT] GUI main thread alive: thread=MainThread
2026-08-21 10:56:30.489 [session=000420] [INFO] [MainThread] [MAIN_THREAD_HEARTBEAT] GUI main thread alive: thread=MainThread
2026-08-21 10:56:31.493 [session=000420] [DEBUG] [RestApiThread] GetCallBellFromRESTAPI 요청 시작
2026-08-21 10:56:31.498 [session=000420] [DEBUG] [RestApiThread] _get_data: 요청 시작 - tag: REST_API_TAG.GET_CALLBELL, url: http://localhost:8080/robot_ec2b/callbell
2026-08-21 10:56:31.503 [session=000420] [DEBUG] [RestApiThread] _get_data: 요청 전송 완료 - tag: REST_API_TAG.GET_CALLBELL, timeout: 30000ms
2026-08-21 10:56:31.523 [session=000420] [INFO] [MainThread] model_manager set_destinations: unchanged (5 items) - emit skipped
2026-08-21 10:56:31.527 [session=000420] [DEBUG] [RestApiThread] _handle_response 호출됨 - tag: REST_API_TAG.GET_CALLBELL, status_code: 200
2026-08-21 10:56:31.528 [session=000420] [INFO] [ThreadPoolExecutor-5_1] 호출벨 데이터 수신: 5개
2026-08-21 10:56:31.529 [session=000420] [INFO] [MainThread] 호출벨-목적지 동기화 완료: 5개 호출벨
2026-08-21 10:56:31.530 [session=000420] [INFO] [MainThread] 목적지 리스트 반환: destinations=[Destination(name='로비', goal_pose=Pose(x=4.241336459631034, y=-2.361104203714551, qw=0.5097087478206948, qz=0.8603470185890456), bell=Bells(treatment='', suction='64012cd7'), idx=0, color='#e53935'), Destination(name='수술실', goal_pose=Pose(x=4.5199271819089395, y=-3.9219605026851503, qw=0.14533446519134308, qz=-0.9893825818294691), bell=Bells(treatment='', suction='64132cd7'), idx=1, color='#e53935'), Destination(name='진료실', goal_pose=Pose(x=0.11980823444488001, y=-3.735511450600503, qw=0.9963649848510123, qz=0.0851869530083222), bell=Bells(treatment='', suction='64252cd7'), idx=2, color='#e53935'), Destination(name='창고', goal_pose=Pose(x=0.2834625688692579, y=-6.793061814598156, qw=0.5257961572167338, qz=0.850610604834031), bell=Bells(treatment='', suction='64372cd7'), idx=3, color='#e53935'), Destination(name='소독실', goal_pose=Pose(x=-3.4045695907217928, y=-7.611793760201744, qw=0.546869706461766, qz=0.8372177280459497), bell=Bells(treatment='', suction='64492cd7'), idx=4, color='#e53935')]
2026-08-21 10:56:31.530 [session=000420] [INFO] [MainThread] 호출벨 리스트 반환: callbells={'64012cd7': {'name': '호출벨 1', 'usage': 'suction', 'destination': '로비'}, '64132cd7': {'name': '호출벨 2', 'usage': 'suction', 'destination': '수술실'}, '64252cd7': {'name': '호출벨 3', 'usage': 'suction', 'destination': '진료실'}, '64372cd7': {'name': '호출벨 4', 'usage': 'suction', 'destination': '창고'}, '64492cd7': {'name': '호출벨 5', 'usage': 'suction', 'destination': '소독실'}}, robot_usages=['treatment', 'suction']
2026-08-21 10:56:31.530 [session=000420] [INFO] [MainThread] 호출벨 리스트 로드: 5개
2026-08-21 10:56:31.530 [session=000420] [INFO] [MainThread] 호출벨 목록 동일 - UI 재생성 생략
2026-08-21 10:56:31.531 [session=000420] [INFO] [MainThread] 호출벨용 용도 목록 로드 요청
2026-08-21 10:56:31.531 [session=000420] [INFO] [MainThread] 호출벨에 용도 목록 전달: 2개
2026-08-21 10:56:31.531 [session=000420] [INFO] [MainThread] 용도 목록 로드: 2개
2026-08-21 10:56:31.532 [session=000420] [INFO] [MainThread] 목적지 목록 로드: 5개
2026-08-21 10:56:31.532 [session=000420] [INFO] [MainThread] 호출벨 관리에 목적지 목록 전달: 5개
2026-08-21 10:56:31.534 [session=000420] [INFO] [MainThread] My IP : 192.168.104.212
2026-08-21 10:56:33.013 [session=000420] [INFO] [SSE-SSE_BATTERY_LOW_SHUTDOWN] [SSE_DIAG] connect attempt tag=SSE_BATTERY_LOW_SHUTDOWN, reconnect=107, url=http://localhost:8080/robot_ec2b/events/battery/low_shutdown
2026-08-21 10:56:33.042 [session=000420] [INFO] [SSE-SSE_BATTERY_LOW_SHUTDOWN] [SSE_DIAG] connected tag=SSE_BATTERY_LOW_SHUTDOWN, status=404, reason=Not Found, elapsed=0.03s, content_type=application/json, url=http://localhost:8080/robot_ec2b/events/battery/low_shutdown
2026-08-21 10:56:33.042 [session=000420] [ERROR] [SSE-SSE_BATTERY_LOW_SHUTDOWN] [SSE_DIAG] non-200 response tag=SSE_BATTERY_LOW_SHUTDOWN, status=404, reason=Not Found, url=http://localhost:8080/robot_ec2b/events/battery/low_shutdown
2026-08-21 10:56:33.044 [session=000420] [INFO] [SSE-SSE_BATTERY_LOW_SHUTDOWN] [SSE_DIAG] reconnect wait tag=SSE_BATTERY_LOW_SHUTDOWN, delay=10s, reconnect=108, reason=HTTP 404, url=http://localhost:8080/robot_ec2b/events/battery/low_shutdown
2026-08-21 10:56:35.489 [session=000420] [INFO] [MainThread] [MAIN_THREAD_HEARTBEAT] GUI main thread alive: thread=MainThread
2026-08-21 10:56:40.489 [session=000420] [INFO] [MainThread] [MAIN_THREAD_HEARTBEAT] GUI main thread alive: thread=MainThread
2026-08-21 10:56:41.492 [session=000420] [DEBUG] [RestApiThread] GetCallBellFromRESTAPI 요청 시작
2026-08-21 10:56:41.501 [session=000420] [DEBUG] [RestApiThread] _get_data: 요청 시작 - tag: REST_API_TAG.GET_CALLBELL, url: http://localhost:8080/robot_ec2b/callbell
2026-08-21 10:56:41.506 [session=000420] [DEBUG] [RestApiThread] _get_data: 요청 전송 완료 - tag: REST_API_TAG.GET_CALLBELL, timeout: 30000ms
2026-08-21 10:56:41.511 [session=000420] [INFO] [MainThread] model_manager set_destinations: unchanged (5 items) - emit skipped
2026-08-21 10:56:41.531 [session=000420] [DEBUG] [RestApiThread] _handle_response 호출됨 - tag: REST_API_TAG.GET_CALLBELL, status_code: 200
2026-08-21 10:56:41.532 [session=000420] [INFO] [ThreadPoolExecutor-5_1] 호출벨 데이터 수신: 5개
2026-08-21 10:56:41.535 [session=000420] [INFO] [MainThread] 호출벨-목적지 동기화 완료: 5개 호출벨
2026-08-21 10:56:41.536 [session=000420] [INFO] [MainThread] 목적지 리스트 반환: destinations=[Destination(name='로비', goal_pose=Pose(x=4.241336459631034, y=-2.361104203714551, qw=0.5097087478206948, qz=0.8603470185890456), bell=Bells(treatment='', suction='64012cd7'), idx=0, color='#e53935'), Destination(name='수술실', goal_pose=Pose(x=4.5199271819089395, y=-3.9219605026851503, qw=0.14533446519134308, qz=-0.9893825818294691), bell=Bells(treatment='', suction='64132cd7'), idx=1, color='#e53935'), Destination(name='진료실', goal_pose=Pose(x=0.11980823444488001, y=-3.735511450600503, qw=0.9963649848510123, qz=0.0851869530083222), bell=Bells(treatment='', suction='64252cd7'), idx=2, color='#e53935'), Destination(name='창고', goal_pose=Pose(x=0.2834625688692579, y=-6.793061814598156, qw=0.5257961572167338, qz=0.850610604834031), bell=Bells(treatment='', suction='64372cd7'), idx=3, color='#e53935'), Destination(name='소독실', goal_pose=Pose(x=-3.4045695907217928, y=-7.611793760201744, qw=0.546869706461766, qz=0.8372177280459497), bell=Bells(treatment='', suction='64492cd7'), idx=4, color='#e53935')]
2026-08-21 10:56:41.536 [session=000420] [INFO] [MainThread] 호출벨 리스트 반환: callbells={'64012cd7': {'name': '호출벨 1', 'usage': 'suction', 'destination': '로비'}, '64132cd7': {'name': '호출벨 2', 'usage': 'suction', 'destination': '수술실'}, '64252cd7': {'name': '호출벨 3', 'usage': 'suction', 'destination': '진료실'}, '64372cd7': {'name': '호출벨 4', 'usage': 'suction', 'destination': '창고'}, '64492cd7': {'name': '호출벨 5', 'usage': 'suction', 'destination': '소독실'}}, robot_usages=['treatment', 'suction']
2026-08-21 10:56:41.536 [session=000420] [INFO] [MainThread] 호출벨 리스트 로드: 5개
2026-08-21 10:56:41.537 [session=000420] [INFO] [MainThread] 호출벨 목록 동일 - UI 재생성 생략
2026-08-21 10:56:41.537 [session=000420] [INFO] [MainThread] 호출벨용 용도 목록 로드 요청
2026-08-21 10:56:41.537 [session=000420] [INFO] [MainThread] 호출벨에 용도 목록 전달: 2개
2026-08-21 10:56:41.537 [session=000420] [INFO] [MainThread] 용도 목록 로드: 2개
2026-08-21 10:56:41.538 [session=000420] [INFO] [MainThread] 목적지 목록 로드: 5개
2026-08-21 10:56:41.538 [session=000420] [INFO] [MainThread] 호출벨 관리에 목적지 목록 전달: 5개
2026-08-21 10:56:41.542 [session=000420] [INFO] [MainThread] My IP : 192.168.104.212
2026-08-21 10:56:41.546 [session=000420] [INFO] [browser-music-sync_0] [BROWSER_MUSIC_SYNC] event=catalog_fetch_started master_base_url=http://127.0.0.1:5051
2026-08-21 10:56:41.575 [session=000420] [INFO] [browser-music-sync_0] [BROWSER_MUSIC_SYNC] event=catalog_fetch_succeeded master_base_url=http://127.0.0.1:5051 item_count=3
2026-08-21 10:56:41.585 [session=000420] [INFO] [RestApiThread] [REST API] 배경 음악 GET 전송: operation=selection_get, url=http://127.0.0.1:5051/api/voice-event-settings/background-music?robot_id=robot_ec2b
2026-08-21 10:56:41.589 [session=000420] [INFO] [RestApiThread] [REST API] 배경 음악 GET 전송: operation=resolved_get, url=http://127.0.0.1:5051/api/voice-event-settings/resolved?robot_id=robot_ec2b
2026-08-21 10:56:41.603 [session=000420] [DEBUG] [RestApiThread] _handle_response 호출됨 - tag: REST_API_TAG.GET_BACKGROUND_MUSIC_SETTING, status_code: 200
2026-08-21 10:56:41.617 [session=000420] [DEBUG] [RestApiThread] _handle_response 호출됨 - tag: REST_API_TAG.GET_RESOLVED_BACKGROUND_MUSIC, status_code: 200
2026-08-21 10:56:43.045 [session=000420] [INFO] [SSE-SSE_BATTERY_LOW_SHUTDOWN] [SSE_DIAG] connect attempt tag=SSE_BATTERY_LOW_SHUTDOWN, reconnect=108, url=http://localhost:8080/robot_ec2b/events/battery/low_shutdown
2026-08-21 10:56:43.067 [session=000420] [INFO] [SSE-SSE_BATTERY_LOW_SHUTDOWN] [SSE_DIAG] connected tag=SSE_BATTERY_LOW_SHUTDOWN, status=404, reason=Not Found, elapsed=0.02s, content_type=application/json, url=http://localhost:8080/robot_ec2b/events/battery/low_shutdown
2026-08-21 10:56:43.067 [session=000420] [ERROR] [SSE-SSE_BATTERY_LOW_SHUTDOWN] [SSE_DIAG] non-200 response tag=SSE_BATTERY_LOW_SHUTDOWN, status=404, reason=Not Found, url=http://localhost:8080/robot_ec2b/events/battery/low_shutdown
2026-08-21 10:56:43.070 [session=000420] [INFO] [SSE-SSE_BATTERY_LOW_SHUTDOWN] [SSE_DIAG] reconnect wait tag=SSE_BATTERY_LOW_SHUTDOWN, delay=10s, reconnect=109, reason=HTTP 404, url=http://localhost:8080/robot_ec2b/events/battery/low_shutdown
2026-08-21 10:56:45.489 [session=000420] [INFO] [MainThread] [MAIN_THREAD_HEARTBEAT] GUI main thread alive: thread=MainThread
2026-08-21 10:56:50.489 [session=000420] [INFO] [MainThread] [MAIN_THREAD_HEARTBEAT] GUI main thread alive: thread=MainThread
2026-08-21 10:56:51.491 [session=000420] [DEBUG] [RestApiThread] GetCallBellFromRESTAPI 요청 시작
2026-08-21 10:56:51.493 [session=000420] [DEBUG] [RestApiThread] _get_data: 요청 시작 - tag: REST_API_TAG.GET_CALLBELL, url: http://localhost:8080/robot_ec2b/callbell
2026-08-21 10:56:51.495 [session=000420] [DEBUG] [RestApiThread] _get_data: 요청 전송 완료 - tag: REST_API_TAG.GET_CALLBELL, timeout: 30000ms
2026-08-21 10:56:51.512 [session=000420] [DEBUG] [RestApiThread] _handle_response 호출됨 - tag: REST_API_TAG.GET_CALLBELL, status_code: 200
2026-08-21 10:56:51.512 [session=000420] [INFO] [MainThread] model_manager set_destinations: unchanged (5 items) - emit skipped
2026-08-21 10:56:51.513 [session=000420] [INFO] [ThreadPoolExecutor-5_0] 호출벨 데이터 수신: 5개
2026-08-21 10:56:51.518 [session=000420] [INFO] [MainThread] 호출벨-목적지 동기화 완료: 5개 호출벨
2026-08-21 10:56:51.519 [session=000420] [INFO] [MainThread] 목적지 리스트 반환: destinations=[Destination(name='로비', goal_pose=Pose(x=4.241336459631034, y=-2.361104203714551, qw=0.5097087478206948, qz=0.8603470185890456), bell=Bells(treatment='', suction='64012cd7'), idx=0, color='#e53935'), Destination(name='수술실', goal_pose=Pose(x=4.5199271819089395, y=-3.9219605026851503, qw=0.14533446519134308, qz=-0.9893825818294691), bell=Bells(treatment='', suction='64132cd7'), idx=1, color='#e53935'), Destination(name='진료실', goal_pose=Pose(x=0.11980823444488001, y=-3.735511450600503, qw=0.9963649848510123, qz=0.0851869530083222), bell=Bells(treatment='', suction='64252cd7'), idx=2, color='#e53935'), Destination(name='창고', goal_pose=Pose(x=0.2834625688692579, y=-6.793061814598156, qw=0.5257961572167338, qz=0.850610604834031), bell=Bells(treatment='', suction='64372cd7'), idx=3, color='#e53935'), Destination(name='소독실', goal_pose=Pose(x=-3.4045695907217928, y=-7.611793760201744, qw=0.546869706461766, qz=0.8372177280459497), bell=Bells(treatment='', suction='64492cd7'), idx=4, color='#e53935')]
2026-08-21 10:56:51.519 [session=000420] [INFO] [MainThread] 호출벨 리스트 반환: callbells={'64012cd7': {'name': '호출벨 1', 'usage': 'suction', 'destination': '로비'}, '64132cd7': {'name': '호출벨 2', 'usage': 'suction', 'destination': '수술실'}, '64252cd7': {'name': '호출벨 3', 'usage': 'suction', 'destination': '진료실'}, '64372cd7': {'name': '호출벨 4', 'usage': 'suction', 'destination': '창고'}, '64492cd7': {'name': '호출벨 5', 'usage': 'suction', 'destination': '소독실'}}, robot_usages=['treatment', 'suction']
2026-08-21 10:56:51.523 [session=000420] [INFO] [MainThread] 호출벨 리스트 로드: 5개
2026-08-21 10:56:51.524 [session=000420] [INFO] [MainThread] 호출벨 목록 동일 - UI 재생성 생략
2026-08-21 10:56:51.525 [session=000420] [INFO] [MainThread] 호출벨용 용도 목록 로드 요청
2026-08-21 10:56:51.526 [session=000420] [INFO] [MainThread] 호출벨에 용도 목록 전달: 2개
2026-08-21 10:56:51.526 [session=000420] [INFO] [MainThread] 용도 목록 로드: 2개
2026-08-21 10:56:51.526 [session=000420] [INFO] [MainThread] 목적지 목록 로드: 5개
2026-08-21 10:56:51.526 [session=000420] [INFO] [MainThread] 호출벨 관리에 목적지 목록 전달: 5개
2026-08-21 10:56:51.527 [session=000420] [INFO] [MainThread] My IP : 192.168.104.212
2026-08-21 10:56:53.072 [session=000420] [INFO] [SSE-SSE_BATTERY_LOW_SHUTDOWN] [SSE_DIAG] connect attempt tag=SSE_BATTERY_LOW_SHUTDOWN, reconnect=109, url=http://localhost:8080/robot_ec2b/events/battery/low_shutdown
2026-08-21 10:56:53.086 [session=000420] [INFO] [SSE-SSE_BATTERY_LOW_SHUTDOWN] [SSE_DIAG] connected tag=SSE_BATTERY_LOW_SHUTDOWN, status=404, reason=Not Found, elapsed=0.01s, content_type=application/json, url=http://localhost:8080/robot_ec2b/events/battery/low_shutdown
2026-08-21 10:56:53.086 [session=000420] [ERROR] [SSE-SSE_BATTERY_LOW_SHUTDOWN] [SSE_DIAG] non-200 response tag=SSE_BATTERY_LOW_SHUTDOWN, status=404, reason=Not Found, url=http://localhost:8080/robot_ec2b/events/battery/low_shutdown
2026-08-21 10:56:53.089 [session=000420] [INFO] [SSE-SSE_BATTERY_LOW_SHUTDOWN] [SSE_DIAG] reconnect wait tag=SSE_BATTERY_LOW_SHUTDOWN, delay=10s, reconnect=110, reason=HTTP 404, url=http://localhost:8080/robot_ec2b/events/battery/low_shutdown
2026-08-21 10:56:55.489 [session=000420] [INFO] [MainThread] [MAIN_THREAD_HEARTBEAT] GUI main thread alive: thread=MainThread
2026-08-21 10:57:00.489 [session=000420] [INFO] [MainThread] [MAIN_THREAD_HEARTBEAT] GUI main thread alive: thread=MainThread
2026-08-21 10:57:01.496 [session=000420] [DEBUG] [RestApiThread] GetCallBellFromRESTAPI 요청 시작
2026-08-21 10:57:01.499 [session=000420] [DEBUG] [RestApiThread] _get_data: 요청 시작 - tag: REST_API_TAG.GET_CALLBELL, url: http://localhost:8080/robot_ec2b/callbell
2026-08-21 10:57:01.500 [session=000420] [DEBUG] [RestApiThread] _get_data: 요청 전송 완료 - tag: REST_API_TAG.GET_CALLBELL, timeout: 30000ms
2026-08-21 10:57:01.506 [session=000420] [INFO] [RestApiThread] _handle_response (CYCLIC 정상) - tag: REST_API_TAG.GET_DESTINATIONS, status: 200, pending→2
2026-08-21 10:57:01.509 [session=000420] [INFO] [MainThread] model_manager set_destinations: unchanged (5 items) - emit skipped
2026-08-21 10:57:01.521 [session=000420] [DEBUG] [RestApiThread] _handle_response 호출됨 - tag: REST_API_TAG.GET_CALLBELL, status_code: 200
2026-08-21 10:57:01.522 [session=000420] [INFO] [ThreadPoolExecutor-5_1] 호출벨 데이터 수신: 5개
2026-08-21 10:57:01.524 [session=000420] [INFO] [MainThread] 호출벨-목적지 동기화 완료: 5개 호출벨
2026-08-21 10:57:01.524 [session=000420] [INFO] [MainThread] 목적지 리스트 반환: destinations=[Destination(name='로비', goal_pose=Pose(x=4.241336459631034, y=-2.361104203714551, qw=0.5097087478206948, qz=0.8603470185890456), bell=Bells(treatment='', suction='64012cd7'), idx=0, color='#e53935'), Destination(name='수술실', goal_pose=Pose(x=4.5199271819089395, y=-3.9219605026851503, qw=0.14533446519134308, qz=-0.9893825818294691), bell=Bells(treatment='', suction='64132cd7'), idx=1, color='#e53935'), Destination(name='진료실', goal_pose=Pose(x=0.11980823444488001, y=-3.735511450600503, qw=0.9963649848510123, qz=0.0851869530083222), bell=Bells(treatment='', suction='64252cd7'), idx=2, color='#e53935'), Destination(name='창고', goal_pose=Pose(x=0.2834625688692579, y=-6.793061814598156, qw=0.5257961572167338, qz=0.850610604834031), bell=Bells(treatment='', suction='64372cd7'), idx=3, color='#e53935'), Destination(name='소독실', goal_pose=Pose(x=-3.4045695907217928, y=-7.611793760201744, qw=0.546869706461766, qz=0.8372177280459497), bell=Bells(treatment='', suction='64492cd7'), idx=4, color='#e53935')]
2026-08-21 10:57:01.525 [session=000420] [INFO] [MainThread] 호출벨 리스트 반환: callbells={'64012cd7': {'name': '호출벨 1', 'usage': 'suction', 'destination': '로비'}, '64132cd7': {'name': '호출벨 2', 'usage': 'suction', 'destination': '수술실'}, '64252cd7': {'name': '호출벨 3', 'usage': 'suction', 'destination': '진료실'}, '64372cd7': {'name': '호출벨 4', 'usage': 'suction', 'destination': '창고'}, '64492cd7': {'name': '호출벨 5', 'usage': 'suction', 'destination': '소독실'}}, robot_usages=['treatment', 'suction']
2026-08-21 10:57:01.525 [session=000420] [INFO] [MainThread] 호출벨 리스트 로드: 5개
2026-08-21 10:57:01.525 [session=000420] [INFO] [MainThread] 호출벨 목록 동일 - UI 재생성 생략
2026-08-21 10:57:01.526 [session=000420] [INFO] [MainThread] 호출벨용 용도 목록 로드 요청
2026-08-21 10:57:01.526 [session=000420] [INFO] [MainThread] 호출벨에 용도 목록 전달: 2개
2026-08-21 10:57:01.526 [session=000420] [INFO] [MainThread] 용도 목록 로드: 2개
2026-08-21 10:57:01.526 [session=000420] [INFO] [MainThread] 목적지 목록 로드: 5개
2026-08-21 10:57:01.527 [session=000420] [INFO] [MainThread] 호출벨 관리에 목적지 목록 전달: 5개
2026-08-21 10:57:01.542 [session=000420] [INFO] [RestApiThread] _handle_response (CYCLIC 정상) - tag: REST_API_TAG.GET_MASTER_IP_ADDRESS, status: 200, pending→0
2026-08-21 10:57:01.547 [session=000420] [INFO] [MainThread] My IP : 192.168.104.212
2026-08-21 10:57:03.090 [session=000420] [INFO] [SSE-SSE_BATTERY_LOW_SHUTDOWN] [SSE_DIAG] connect attempt tag=SSE_BATTERY_LOW_SHUTDOWN, reconnect=110, url=http://localhost:8080/robot_ec2b/events/battery/low_shutdown
2026-08-21 10:57:03.102 [session=000420] [INFO] [SSE-SSE_BATTERY_LOW_SHUTDOWN] [SSE_DIAG] connected tag=SSE_BATTERY_LOW_SHUTDOWN, status=404, reason=Not Found, elapsed=0.01s, content_type=application/json, url=http://localhost:8080/robot_ec2b/events/battery/low_shutdown
2026-08-21 10:57:03.102 [session=000420] [ERROR] [SSE-SSE_BATTERY_LOW_SHUTDOWN] [SSE_DIAG] non-200 response tag=SSE_BATTERY_LOW_SHUTDOWN, status=404, reason=Not Found, url=http://localhost:8080/robot_ec2b/events/battery/low_shutdown
2026-08-21 10:57:03.104 [session=000420] [INFO] [SSE-SSE_BATTERY_LOW_SHUTDOWN] [SSE_DIAG] reconnect wait tag=SSE_BATTERY_LOW_SHUTDOWN, delay=10s, reconnect=111, reason=HTTP 404, url=http://localhost:8080/robot_ec2b/events/battery/low_shutdown
2026-08-21 10:57:05.489 [session=000420] [INFO] [MainThread] [MAIN_THREAD_HEARTBEAT] GUI main thread alive: thread=MainThread
2026-08-21 10:57:10.490 [session=000420] [INFO] [MainThread] [MAIN_THREAD_HEARTBEAT] GUI main thread alive: thread=MainThread
2026-08-21 10:57:11.491 [session=000420] [DEBUG] [RestApiThread] GetCallBellFromRESTAPI 요청 시작
2026-08-21 10:57:11.494 [session=000420] [DEBUG] [RestApiThread] _get_data: 요청 시작 - tag: REST_API_TAG.GET_CALLBELL, url: http://localhost:8080/robot_ec2b/callbell
2026-08-21 10:57:11.495 [session=000420] [DEBUG] [RestApiThread] _get_data: 요청 전송 완료 - tag: REST_API_TAG.GET_CALLBELL, timeout: 30000ms
2026-08-21 10:57:11.511 [session=000420] [INFO] [MainThread] model_manager set_destinations: unchanged (5 items) - emit skipped
2026-08-21 10:57:11.517 [session=000420] [DEBUG] [RestApiThread] _handle_response 호출됨 - tag: REST_API_TAG.GET_CALLBELL, status_code: 200
2026-08-21 10:57:11.521 [session=000420] [INFO] [ThreadPoolExecutor-5_1] 호출벨 데이터 수신: 5개
2026-08-21 10:57:11.524 [session=000420] [INFO] [MainThread] 호출벨-목적지 동기화 완료: 5개 호출벨
2026-08-21 10:57:11.525 [session=000420] [INFO] [MainThread] 목적지 리스트 반환: destinations=[Destination(name='로비', goal_pose=Pose(x=4.241336459631034, y=-2.361104203714551, qw=0.5097087478206948, qz=0.8603470185890456), bell=Bells(treatment='', suction='64012cd7'), idx=0, color='#e53935'), Destination(name='수술실', goal_pose=Pose(x=4.5199271819089395, y=-3.9219605026851503, qw=0.14533446519134308, qz=-0.9893825818294691), bell=Bells(treatment='', suction='64132cd7'), idx=1, color='#e53935'), Destination(name='진료실', goal_pose=Pose(x=0.11980823444488001, y=-3.735511450600503, qw=0.9963649848510123, qz=0.0851869530083222), bell=Bells(treatment='', suction='64252cd7'), idx=2, color='#e53935'), Destination(name='창고', goal_pose=Pose(x=0.2834625688692579, y=-6.793061814598156, qw=0.5257961572167338, qz=0.850610604834031), bell=Bells(treatment='', suction='64372cd7'), idx=3, color='#e53935'), Destination(name='소독실', goal_pose=Pose(x=-3.4045695907217928, y=-7.611793760201744, qw=0.546869706461766, qz=0.8372177280459497), bell=Bells(treatment='', suction='64492cd7'), idx=4, color='#e53935')]
2026-08-21 10:57:11.526 [session=000420] [INFO] [MainThread] 호출벨 리스트 반환: callbells={'64012cd7': {'name': '호출벨 1', 'usage': 'suction', 'destination': '로비'}, '64132cd7': {'name': '호출벨 2', 'usage': 'suction', 'destination': '수술실'}, '64252cd7': {'name': '호출벨 3', 'usage': 'suction', 'destination': '진료실'}, '64372cd7': {'name': '호출벨 4', 'usage': 'suction', 'destination': '창고'}, '64492cd7': {'name': '호출벨 5', 'usage': 'suction', 'destination': '소독실'}}, robot_usages=['treatment', 'suction']
2026-08-21 10:57:11.527 [session=000420] [INFO] [MainThread] 호출벨 리스트 로드: 5개
2026-08-21 10:57:11.527 [session=000420] [INFO] [MainThread] 호출벨 목록 동일 - UI 재생성 생략
2026-08-21 10:57:11.528 [session=000420] [INFO] [MainThread] 호출벨용 용도 목록 로드 요청
2026-08-21 10:57:11.528 [session=000420] [INFO] [MainThread] 호출벨에 용도 목록 전달: 2개
2026-08-21 10:57:11.528 [session=000420] [INFO] [MainThread] 용도 목록 로드: 2개
2026-08-21 10:57:11.528 [session=000420] [INFO] [MainThread] 목적지 목록 로드: 5개
2026-08-21 10:57:11.528 [session=000420] [INFO] [MainThread] 호출벨 관리에 목적지 목록 전달: 5개
2026-08-21 10:57:11.531 [session=000420] [INFO] [MainThread] My IP : 192.168.104.212
2026-08-21 10:57:13.106 [session=000420] [INFO] [SSE-SSE_BATTERY_LOW_SHUTDOWN] [SSE_DIAG] connect attempt tag=SSE_BATTERY_LOW_SHUTDOWN, reconnect=111, url=http://localhost:8080/robot_ec2b/events/battery/low_shutdown
2026-08-21 10:57:13.122 [session=000420] [INFO] [SSE-SSE_BATTERY_LOW_SHUTDOWN] [SSE_DIAG] connected tag=SSE_BATTERY_LOW_SHUTDOWN, status=404, reason=Not Found, elapsed=0.02s, content_type=application/json, url=http://localhost:8080/robot_ec2b/events/battery/low_shutdown
2026-08-21 10:57:13.123 [session=000420] [ERROR] [SSE-SSE_BATTERY_LOW_SHUTDOWN] [SSE_DIAG] non-200 response tag=SSE_BATTERY_LOW_SHUTDOWN, status=404, reason=Not Found, url=http://localhost:8080/robot_ec2b/events/battery/low_shutdown
2026-08-21 10:57:13.124 [session=000420] [INFO] [SSE-SSE_BATTERY_LOW_SHUTDOWN] [SSE_DIAG] reconnect wait tag=SSE_BATTERY_LOW_SHUTDOWN, delay=10s, reconnect=112, reason=HTTP 404, url=http://localhost:8080/robot_ec2b/events/battery/low_shutdown
2026-08-21 10:57:15.489 [session=000420] [INFO] [MainThread] [MAIN_THREAD_HEARTBEAT] GUI main thread alive: thread=MainThread
2026-08-21 10:57:20.489 [session=000420] [INFO] [MainThread] [MAIN_THREAD_HEARTBEAT] GUI main thread alive: thread=MainThread
2026-08-21 10:57:21.496 [session=000420] [DEBUG] [RestApiThread] GetCallBellFromRESTAPI 요청 시작
2026-08-21 10:57:21.500 [session=000420] [DEBUG] [RestApiThread] _get_data: 요청 시작 - tag: REST_API_TAG.GET_CALLBELL, url: http://localhost:8080/robot_ec2b/callbell
2026-08-21 10:57:21.501 [session=000420] [DEBUG] [RestApiThread] _get_data: 요청 전송 완료 - tag: REST_API_TAG.GET_CALLBELL, timeout: 30000ms
2026-08-21 10:57:21.506 [session=000420] [INFO] [MainThread] model_manager set_destinations: unchanged (5 items) - emit skipped
2026-08-21 10:57:21.542 [session=000420] [DEBUG] [RestApiThread] _handle_response 호출됨 - tag: REST_API_TAG.GET_CALLBELL, status_code: 200
2026-08-21 10:57:21.543 [session=000420] [INFO] [ThreadPoolExecutor-5_1] 호출벨 데이터 수신: 5개
2026-08-21 10:57:21.547 [session=000420] [INFO] [MainThread] 호출벨-목적지 동기화 완료: 5개 호출벨
2026-08-21 10:57:21.548 [session=000420] [INFO] [MainThread] 목적지 리스트 반환: destinations=[Destination(name='로비', goal_pose=Pose(x=4.241336459631034, y=-2.361104203714551, qw=0.5097087478206948, qz=0.8603470185890456), bell=Bells(treatment='', suction='64012cd7'), idx=0, color='#e53935'), Destination(name='수술실', goal_pose=Pose(x=4.5199271819089395, y=-3.9219605026851503, qw=0.14533446519134308, qz=-0.9893825818294691), bell=Bells(treatment='', suction='64132cd7'), idx=1, color='#e53935'), Destination(name='진료실', goal_pose=Pose(x=0.11980823444488001, y=-3.735511450600503, qw=0.9963649848510123, qz=0.0851869530083222), bell=Bells(treatment='', suction='64252cd7'), idx=2, color='#e53935'), Destination(name='창고', goal_pose=Pose(x=0.2834625688692579, y=-6.793061814598156, qw=0.5257961572167338, qz=0.850610604834031), bell=Bells(treatment='', suction='64372cd7'), idx=3, color='#e53935'), Destination(name='소독실', goal_pose=Pose(x=-3.4045695907217928, y=-7.611793760201744, qw=0.546869706461766, qz=0.8372177280459497), bell=Bells(treatment='', suction='64492cd7'), idx=4, color='#e53935')]
2026-08-21 10:57:21.549 [session=000420] [INFO] [MainThread] 호출벨 리스트 반환: callbells={'64012cd7': {'name': '호출벨 1', 'usage': 'suction', 'destination': '로비'}, '64132cd7': {'name': '호출벨 2', 'usage': 'suction', 'destination': '수술실'}, '64252cd7': {'name': '호출벨 3', 'usage': 'suction', 'destination': '진료실'}, '64372cd7': {'name': '호출벨 4', 'usage': 'suction', 'destination': '창고'}, '64492cd7': {'name': '호출벨 5', 'usage': 'suction', 'destination': '소독실'}}, robot_usages=['treatment', 'suction']
2026-08-21 10:57:21.549 [session=000420] [INFO] [MainThread] 호출벨 리스트 로드: 5개
2026-08-21 10:57:21.549 [session=000420] [INFO] [MainThread] 호출벨 목록 동일 - UI 재생성 생략
2026-08-21 10:57:21.549 [session=000420] [INFO] [MainThread] 호출벨용 용도 목록 로드 요청
2026-08-21 10:57:21.550 [session=000420] [INFO] [MainThread] 호출벨에 용도 목록 전달: 2개
2026-08-21 10:57:21.550 [session=000420] [INFO] [MainThread] 용도 목록 로드: 2개
2026-08-21 10:57:21.550 [session=000420] [INFO] [MainThread] 목적지 목록 로드: 5개
2026-08-21 10:57:21.550 [session=000420] [INFO] [MainThread] 호출벨 관리에 목적지 목록 전달: 5개
2026-08-21 10:57:21.551 [session=000420] [INFO] [MainThread] My IP : 192.168.104.212
2026-08-21 10:57:21.553 [session=000420] [INFO] [browser-music-sync_0] [BROWSER_MUSIC_SYNC] event=catalog_fetch_started master_base_url=http://127.0.0.1:5051
2026-08-21 10:57:21.583 [session=000420] [INFO] [browser-music-sync_0] [BROWSER_MUSIC_SYNC] event=catalog_fetch_succeeded master_base_url=http://127.0.0.1:5051 item_count=3
2026-08-21 10:57:21.588 [session=000420] [INFO] [RestApiThread] [REST API] 배경 음악 GET 전송: operation=selection_get, url=http://127.0.0.1:5051/api/voice-event-settings/background-music?robot_id=robot_ec2b
2026-08-21 10:57:21.589 [session=000420] [INFO] [RestApiThread] [REST API] 배경 음악 GET 전송: operation=resolved_get, url=http://127.0.0.1:5051/api/voice-event-settings/resolved?robot_id=robot_ec2b
2026-08-21 10:57:21.608 [session=000420] [DEBUG] [RestApiThread] _handle_response 호출됨 - tag: REST_API_TAG.GET_RESOLVED_BACKGROUND_MUSIC, status_code: 200
2026-08-21 10:57:21.610 [session=000420] [DEBUG] [RestApiThread] _handle_response 호출됨 - tag: REST_API_TAG.GET_BACKGROUND_MUSIC_SETTING, status_code: 200
2026-08-21 10:57:23.126 [session=000420] [INFO] [SSE-SSE_BATTERY_LOW_SHUTDOWN] [SSE_DIAG] connect attempt tag=SSE_BATTERY_LOW_SHUTDOWN, reconnect=112, url=http://localhost:8080/robot_ec2b/events/battery/low_shutdown
2026-08-21 10:57:23.143 [session=000420] [INFO] [SSE-SSE_BATTERY_LOW_SHUTDOWN] [SSE_DIAG] connected tag=SSE_BATTERY_LOW_SHUTDOWN, status=404, reason=Not Found, elapsed=0.02s, content_type=application/json, url=http://localhost:8080/robot_ec2b/events/battery/low_shutdown
2026-08-21 10:57:23.143 [session=000420] [ERROR] [SSE-SSE_BATTERY_LOW_SHUTDOWN] [SSE_DIAG] non-200 response tag=SSE_BATTERY_LOW_SHUTDOWN, status=404, reason=Not Found, url=http://localhost:8080/robot_ec2b/events/battery/low_shutdown
2026-08-21 10:57:23.146 [session=000420] [INFO] [SSE-SSE_BATTERY_LOW_SHUTDOWN] [SSE_DIAG] reconnect wait tag=SSE_BATTERY_LOW_SHUTDOWN, delay=10s, reconnect=113, reason=HTTP 404, url=http://localhost:8080/robot_ec2b/events/battery/low_shutdown
2026-08-21 10:57:25.489 [session=000420] [INFO] [MainThread] [MAIN_THREAD_HEARTBEAT] GUI main thread alive: thread=MainThread
2026-08-21 10:57:30.489 [session=000420] [INFO] [MainThread] [MAIN_THREAD_HEARTBEAT] GUI main thread alive: thread=MainThread
2026-08-21 10:57:31.492 [session=000420] [DEBUG] [RestApiThread] GetCallBellFromRESTAPI 요청 시작
2026-08-21 10:57:31.497 [session=000420] [DEBUG] [RestApiThread] _get_data: 요청 시작 - tag: REST_API_TAG.GET_CALLBELL, url: http://localhost:8080/robot_ec2b/callbell
2026-08-21 10:57:31.501 [session=000420] [DEBUG] [RestApiThread] _get_data: 요청 전송 완료 - tag: REST_API_TAG.GET_CALLBELL, timeout: 30000ms
2026-08-21 10:57:31.512 [session=000420] [INFO] [MainThread] model_manager set_destinations: unchanged (5 items) - emit skipped
2026-08-21 10:57:31.526 [session=000420] [DEBUG] [RestApiThread] _handle_response 호출됨 - tag: REST_API_TAG.GET_CALLBELL, status_code: 200
2026-08-21 10:57:31.528 [session=000420] [INFO] [ThreadPoolExecutor-5_0] 호출벨 데이터 수신: 5개
2026-08-21 10:57:31.531 [session=000420] [INFO] [MainThread] 호출벨-목적지 동기화 완료: 5개 호출벨
2026-08-21 10:57:31.531 [session=000420] [INFO] [MainThread] 목적지 리스트 반환: destinations=[Destination(name='로비', goal_pose=Pose(x=4.241336459631034, y=-2.361104203714551, qw=0.5097087478206948, qz=0.8603470185890456), bell=Bells(treatment='', suction='64012cd7'), idx=0, color='#e53935'), Destination(name='수술실', goal_pose=Pose(x=4.5199271819089395, y=-3.9219605026851503, qw=0.14533446519134308, qz=-0.9893825818294691), bell=Bells(treatment='', suction='64132cd7'), idx=1, color='#e53935'), Destination(name='진료실', goal_pose=Pose(x=0.11980823444488001, y=-3.735511450600503, qw=0.9963649848510123, qz=0.0851869530083222), bell=Bells(treatment='', suction='64252cd7'), idx=2, color='#e53935'), Destination(name='창고', goal_pose=Pose(x=0.2834625688692579, y=-6.793061814598156, qw=0.5257961572167338, qz=0.850610604834031), bell=Bells(treatment='', suction='64372cd7'), idx=3, color='#e53935'), Destination(name='소독실', goal_pose=Pose(x=-3.4045695907217928, y=-7.611793760201744, qw=0.546869706461766, qz=0.8372177280459497), bell=Bells(treatment='', suction='64492cd7'), idx=4, color='#e53935')]
2026-08-21 10:57:31.531 [session=000420] [INFO] [MainThread] 호출벨 리스트 반환: callbells={'64012cd7': {'name': '호출벨 1', 'usage': 'suction', 'destination': '로비'}, '64132cd7': {'name': '호출벨 2', 'usage': 'suction', 'destination': '수술실'}, '64252cd7': {'name': '호출벨 3', 'usage': 'suction', 'destination': '진료실'}, '64372cd7': {'name': '호출벨 4', 'usage': 'suction', 'destination': '창고'}, '64492cd7': {'name': '호출벨 5', 'usage': 'suction', 'destination': '소독실'}}, robot_usages=['treatment', 'suction']
2026-08-21 10:57:31.532 [session=000420] [INFO] [MainThread] 호출벨 리스트 로드: 5개
2026-08-21 10:57:31.532 [session=000420] [INFO] [MainThread] 호출벨 목록 동일 - UI 재생성 생략
2026-08-21 10:57:31.532 [session=000420] [INFO] [MainThread] 호출벨용 용도 목록 로드 요청
2026-08-21 10:57:31.532 [session=000420] [INFO] [MainThread] 호출벨에 용도 목록 전달: 2개
2026-08-21 10:57:31.532 [session=000420] [INFO] [MainThread] 용도 목록 로드: 2개
2026-08-21 10:57:31.533 [session=000420] [INFO] [MainThread] 목적지 목록 로드: 5개
2026-08-21 10:57:31.534 [session=000420] [INFO] [MainThread] 호출벨 관리에 목적지 목록 전달: 5개
2026-08-21 10:57:31.535 [session=000420] [INFO] [MainThread] My IP : 192.168.104.212
2026-08-21 10:57:33.147 [session=000420] [INFO] [SSE-SSE_BATTERY_LOW_SHUTDOWN] [SSE_DIAG] connect attempt tag=SSE_BATTERY_LOW_SHUTDOWN, reconnect=113, url=http://localhost:8080/robot_ec2b/events/battery/low_shutdown
2026-08-21 10:57:33.169 [session=000420] [INFO] [SSE-SSE_BATTERY_LOW_SHUTDOWN] [SSE_DIAG] connected tag=SSE_BATTERY_LOW_SHUTDOWN, status=404, reason=Not Found, elapsed=0.02s, content_type=application/json, url=http://localhost:8080/robot_ec2b/events/battery/low_shutdown
2026-08-21 10:57:33.171 [session=000420] [ERROR] [SSE-SSE_BATTERY_LOW_SHUTDOWN] [SSE_DIAG] non-200 response tag=SSE_BATTERY_LOW_SHUTDOWN, status=404, reason=Not Found, url=http://localhost:8080/robot_ec2b/events/battery/low_shutdown
2026-08-21 10:57:33.173 [session=000420] [INFO] [SSE-SSE_BATTERY_LOW_SHUTDOWN] [SSE_DIAG] reconnect wait tag=SSE_BATTERY_LOW_SHUTDOWN, delay=10s, reconnect=114, reason=HTTP 404, url=http://localhost:8080/robot_ec2b/events/battery/low_shutdown
2026-08-21 10:57:35.489 [session=000420] [INFO] [MainThread] [MAIN_THREAD_HEARTBEAT] GUI main thread alive: thread=MainThread
2026-08-21 10:57:40.489 [session=000420] [INFO] [MainThread] [MAIN_THREAD_HEARTBEAT] GUI main thread alive: thread=MainThread
2026-08-21 10:57:41.491 [session=000420] [DEBUG] [RestApiThread] GetCallBellFromRESTAPI 요청 시작
2026-08-21 10:57:41.496 [session=000420] [DEBUG] [RestApiThread] _get_data: 요청 시작 - tag: REST_API_TAG.GET_CALLBELL, url: http://localhost:8080/robot_ec2b/callbell
2026-08-21 10:57:41.497 [session=000420] [DEBUG] [RestApiThread] _get_data: 요청 전송 완료 - tag: REST_API_TAG.GET_CALLBELL, timeout: 30000ms
2026-08-21 10:57:41.532 [session=000420] [INFO] [MainThread] model_manager set_destinations: unchanged (5 items) - emit skipped
2026-08-21 10:57:41.538 [session=000420] [DEBUG] [RestApiThread] _handle_response 호출됨 - tag: REST_API_TAG.GET_CALLBELL, status_code: 200
2026-08-21 10:57:41.539 [session=000420] [INFO] [ThreadPoolExecutor-5_1] 호출벨 데이터 수신: 5개
2026-08-21 10:57:41.540 [session=000420] [INFO] [MainThread] 호출벨-목적지 동기화 완료: 5개 호출벨
2026-08-21 10:57:41.541 [session=000420] [INFO] [MainThread] 목적지 리스트 반환: destinations=[Destination(name='로비', goal_pose=Pose(x=4.241336459631034, y=-2.361104203714551, qw=0.5097087478206948, qz=0.8603470185890456), bell=Bells(treatment='', suction='64012cd7'), idx=0, color='#e53935'), Destination(name='수술실', goal_pose=Pose(x=4.5199271819089395, y=-3.9219605026851503, qw=0.14533446519134308, qz=-0.9893825818294691), bell=Bells(treatment='', suction='64132cd7'), idx=1, color='#e53935'), Destination(name='진료실', goal_pose=Pose(x=0.11980823444488001, y=-3.735511450600503, qw=0.9963649848510123, qz=0.0851869530083222), bell=Bells(treatment='', suction='64252cd7'), idx=2, color='#e53935'), Destination(name='창고', goal_pose=Pose(x=0.2834625688692579, y=-6.793061814598156, qw=0.5257961572167338, qz=0.850610604834031), bell=Bells(treatment='', suction='64372cd7'), idx=3, color='#e53935'), Destination(name='소독실', goal_pose=Pose(x=-3.4045695907217928, y=-7.611793760201744, qw=0.546869706461766, qz=0.8372177280459497), bell=Bells(treatment='', suction='64492cd7'), idx=4, color='#e53935')]
2026-08-21 10:57:41.541 [session=000420] [INFO] [MainThread] 호출벨 리스트 반환: callbells={'64012cd7': {'name': '호출벨 1', 'usage': 'suction', 'destination': '로비'}, '64132cd7': {'name': '호출벨 2', 'usage': 'suction', 'destination': '수술실'}, '64252cd7': {'name': '호출벨 3', 'usage': 'suction', 'destination': '진료실'}, '64372cd7': {'name': '호출벨 4', 'usage': 'suction', 'destination': '창고'}, '64492cd7': {'name': '호출벨 5', 'usage': 'suction', 'destination': '소독실'}}, robot_usages=['treatment', 'suction']
2026-08-21 10:57:41.542 [session=000420] [INFO] [MainThread] 호출벨 리스트 로드: 5개
2026-08-21 10:57:41.542 [session=000420] [INFO] [MainThread] 호출벨 목록 동일 - UI 재생성 생략
2026-08-21 10:57:41.542 [session=000420] [INFO] [MainThread] 호출벨용 용도 목록 로드 요청
2026-08-21 10:57:41.542 [session=000420] [INFO] [MainThread] 호출벨에 용도 목록 전달: 2개
2026-08-21 10:57:41.542 [session=000420] [INFO] [MainThread] 용도 목록 로드: 2개
2026-08-21 10:57:41.542 [session=000420] [INFO] [MainThread] 목적지 목록 로드: 5개
2026-08-21 10:57:41.543 [session=000420] [INFO] [MainThread] 호출벨 관리에 목적지 목록 전달: 5개
2026-08-21 10:57:41.546 [session=000420] [INFO] [MainThread] My IP : 192.168.104.212
2026-08-21 10:57:43.175 [session=000420] [INFO] [SSE-SSE_BATTERY_LOW_SHUTDOWN] [SSE_DIAG] connect attempt tag=SSE_BATTERY_LOW_SHUTDOWN, reconnect=114, url=http://localhost:8080/robot_ec2b/events/battery/low_shutdown
2026-08-21 10:57:43.184 [session=000420] [INFO] [SSE-SSE_BATTERY_LOW_SHUTDOWN] [SSE_DIAG] connected tag=SSE_BATTERY_LOW_SHUTDOWN, status=404, reason=Not Found, elapsed=0.01s, content_type=application/json, url=http://localhost:8080/robot_ec2b/events/battery/low_shutdown
2026-08-21 10:57:43.185 [session=000420] [ERROR] [SSE-SSE_BATTERY_LOW_SHUTDOWN] [SSE_DIAG] non-200 response tag=SSE_BATTERY_LOW_SHUTDOWN, status=404, reason=Not Found, url=http://localhost:8080/robot_ec2b/events/battery/low_shutdown
2026-08-21 10:57:43.186 [session=000420] [INFO] [SSE-SSE_BATTERY_LOW_SHUTDOWN] [SSE_DIAG] reconnect wait tag=SSE_BATTERY_LOW_SHUTDOWN, delay=10s, reconnect=115, reason=HTTP 404, url=http://localhost:8080/robot_ec2b/events/battery/low_shutdown
2026-08-21 10:57:45.489 [session=000420] [INFO] [MainThread] [MAIN_THREAD_HEARTBEAT] GUI main thread alive: thread=MainThread
2026-08-21 10:57:50.489 [session=000420] [INFO] [MainThread] [MAIN_THREAD_HEARTBEAT] GUI main thread alive: thread=MainThread
2026-08-21 10:57:51.490 [session=000420] [DEBUG] [RestApiThread] GetCallBellFromRESTAPI 요청 시작
2026-08-21 10:57:51.498 [session=000420] [DEBUG] [RestApiThread] _get_data: 요청 시작 - tag: REST_API_TAG.GET_CALLBELL, url: http://localhost:8080/robot_ec2b/callbell
2026-08-21 10:57:51.499 [session=000420] [DEBUG] [RestApiThread] _get_data: 요청 전송 완료 - tag: REST_API_TAG.GET_CALLBELL, timeout: 30000ms
2026-08-21 10:57:51.506 [session=000420] [INFO] [MainThread] model_manager set_destinations: unchanged (5 items) - emit skipped
2026-08-21 10:57:51.509 [session=000420] [DEBUG] [RestApiThread] _handle_response 호출됨 - tag: REST_API_TAG.GET_CALLBELL, status_code: 200
2026-08-21 10:57:51.510 [session=000420] [INFO] [ThreadPoolExecutor-5_1] 호출벨 데이터 수신: 5개
2026-08-21 10:57:51.513 [session=000420] [INFO] [MainThread] 호출벨-목적지 동기화 완료: 5개 호출벨
2026-08-21 10:57:51.514 [session=000420] [INFO] [MainThread] 목적지 리스트 반환: destinations=[Destination(name='로비', goal_pose=Pose(x=4.241336459631034, y=-2.361104203714551, qw=0.5097087478206948, qz=0.8603470185890456), bell=Bells(treatment='', suction='64012cd7'), idx=0, color='#e53935'), Destination(name='수술실', goal_pose=Pose(x=4.5199271819089395, y=-3.9219605026851503, qw=0.14533446519134308, qz=-0.9893825818294691), bell=Bells(treatment='', suction='64132cd7'), idx=1, color='#e53935'), Destination(name='진료실', goal_pose=Pose(x=0.11980823444488001, y=-3.735511450600503, qw=0.9963649848510123, qz=0.0851869530083222), bell=Bells(treatment='', suction='64252cd7'), idx=2, color='#e53935'), Destination(name='창고', goal_pose=Pose(x=0.2834625688692579, y=-6.793061814598156, qw=0.5257961572167338, qz=0.850610604834031), bell=Bells(treatment='', suction='64372cd7'), idx=3, color='#e53935'), Destination(name='소독실', goal_pose=Pose(x=-3.4045695907217928, y=-7.611793760201744, qw=0.546869706461766, qz=0.8372177280459497), bell=Bells(treatment='', suction='64492cd7'), idx=4, color='#e53935')]
2026-08-21 10:57:51.514 [session=000420] [INFO] [MainThread] 호출벨 리스트 반환: callbells={'64012cd7': {'name': '호출벨 1', 'usage': 'suction', 'destination': '로비'}, '64132cd7': {'name': '호출벨 2', 'usage': 'suction', 'destination': '수술실'}, '64252cd7': {'name': '호출벨 3', 'usage': 'suction', 'destination': '진료실'}, '64372cd7': {'name': '호출벨 4', 'usage': 'suction', 'destination': '창고'}, '64492cd7': {'name': '호출벨 5', 'usage': 'suction', 'destination': '소독실'}}, robot_usages=['treatment', 'suction']
2026-08-21 10:57:51.515 [session=000420] [INFO] [MainThread] 호출벨 리스트 로드: 5개
2026-08-21 10:57:51.515 [session=000420] [INFO] [MainThread] 호출벨 목록 동일 - UI 재생성 생략
2026-08-21 10:57:51.515 [session=000420] [INFO] [MainThread] 호출벨용 용도 목록 로드 요청
2026-08-21 10:57:51.515 [session=000420] [INFO] [MainThread] 호출벨에 용도 목록 전달: 2개
2026-08-21 10:57:51.516 [session=000420] [INFO] [MainThread] 용도 목록 로드: 2개
2026-08-21 10:57:51.526 [session=000420] [INFO] [MainThread] 목적지 목록 로드: 5개
2026-08-21 10:57:51.526 [session=000420] [INFO] [MainThread] 호출벨 관리에 목적지 목록 전달: 5개
2026-08-21 10:57:51.528 [session=000420] [INFO] [MainThread] My IP : 192.168.104.212
2026-08-21 10:57:53.188 [session=000420] [INFO] [SSE-SSE_BATTERY_LOW_SHUTDOWN] [SSE_DIAG] connect attempt tag=SSE_BATTERY_LOW_SHUTDOWN, reconnect=115, url=http://localhost:8080/robot_ec2b/events/battery/low_shutdown
2026-08-21 10:57:53.204 [session=000420] [INFO] [SSE-SSE_BATTERY_LOW_SHUTDOWN] [SSE_DIAG] connected tag=SSE_BATTERY_LOW_SHUTDOWN, status=404, reason=Not Found, elapsed=0.02s, content_type=application/json, url=http://localhost:8080/robot_ec2b/events/battery/low_shutdown
2026-08-21 10:57:53.205 [session=000420] [ERROR] [SSE-SSE_BATTERY_LOW_SHUTDOWN] [SSE_DIAG] non-200 response tag=SSE_BATTERY_LOW_SHUTDOWN, status=404, reason=Not Found, url=http://localhost:8080/robot_ec2b/events/battery/low_shutdown
2026-08-21 10:57:53.206 [session=000420] [INFO] [SSE-SSE_BATTERY_LOW_SHUTDOWN] [SSE_DIAG] reconnect wait tag=SSE_BATTERY_LOW_SHUTDOWN, delay=10s, reconnect=116, reason=HTTP 404, url=http://localhost:8080/robot_ec2b/events/battery/low_shutdown
2026-08-21 10:57:55.489 [session=000420] [INFO] [MainThread] [MAIN_THREAD_HEARTBEAT] GUI main thread alive: thread=MainThread
2026-08-21 10:58:00.490 [session=000420] [INFO] [MainThread] [MAIN_THREAD_HEARTBEAT] GUI main thread alive: thread=MainThread
2026-08-21 10:58:01.491 [session=000420] [DEBUG] [RestApiThread] GetCallBellFromRESTAPI 요청 시작
2026-08-21 10:58:01.496 [session=000420] [DEBUG] [RestApiThread] _get_data: 요청 시작 - tag: REST_API_TAG.GET_CALLBELL, url: http://localhost:8080/robot_ec2b/callbell
2026-08-21 10:58:01.504 [session=000420] [DEBUG] [RestApiThread] _get_data: 요청 전송 완료 - tag: REST_API_TAG.GET_CALLBELL, timeout: 30000ms
2026-08-21 10:58:01.509 [session=000420] [DEBUG] [RestApiThread] _handle_response 호출됨 - tag: REST_API_TAG.GET_CALLBELL, status_code: 200
2026-08-21 10:58:01.510 [session=000420] [INFO] [MainThread] model_manager set_destinations: unchanged (5 items) - emit skipped
2026-08-21 10:58:01.513 [session=000420] [INFO] [ThreadPoolExecutor-5_0] 호출벨 데이터 수신: 5개
2026-08-21 10:58:01.515 [session=000420] [INFO] [MainThread] 호출벨-목적지 동기화 완료: 5개 호출벨
2026-08-21 10:58:01.516 [session=000420] [INFO] [MainThread] 목적지 리스트 반환: destinations=[Destination(name='로비', goal_pose=Pose(x=4.241336459631034, y=-2.361104203714551, qw=0.5097087478206948, qz=0.8603470185890456), bell=Bells(treatment='', suction='64012cd7'), idx=0, color='#e53935'), Destination(name='수술실', goal_pose=Pose(x=4.5199271819089395, y=-3.9219605026851503, qw=0.14533446519134308, qz=-0.9893825818294691), bell=Bells(treatment='', suction='64132cd7'), idx=1, color='#e53935'), Destination(name='진료실', goal_pose=Pose(x=0.11980823444488001, y=-3.735511450600503, qw=0.9963649848510123, qz=0.0851869530083222), bell=Bells(treatment='', suction='64252cd7'), idx=2, color='#e53935'), Destination(name='창고', goal_pose=Pose(x=0.2834625688692579, y=-6.793061814598156, qw=0.5257961572167338, qz=0.850610604834031), bell=Bells(treatment='', suction='64372cd7'), idx=3, color='#e53935'), Destination(name='소독실', goal_pose=Pose(x=-3.4045695907217928, y=-7.611793760201744, qw=0.546869706461766, qz=0.8372177280459497), bell=Bells(treatment='', suction='64492cd7'), idx=4, color='#e53935')]
2026-08-21 10:58:01.519 [session=000420] [INFO] [MainThread] 호출벨 리스트 반환: callbells={'64012cd7': {'name': '호출벨 1', 'usage': 'suction', 'destination': '로비'}, '64132cd7': {'name': '호출벨 2', 'usage': 'suction', 'destination': '수술실'}, '64252cd7': {'name': '호출벨 3', 'usage': 'suction', 'destination': '진료실'}, '64372cd7': {'name': '호출벨 4', 'usage': 'suction', 'destination': '창고'}, '64492cd7': {'name': '호출벨 5', 'usage': 'suction', 'destination': '소독실'}}, robot_usages=['treatment', 'suction']
2026-08-21 10:58:01.520 [session=000420] [INFO] [MainThread] 호출벨 리스트 로드: 5개
2026-08-21 10:58:01.521 [session=000420] [INFO] [MainThread] 호출벨 목록 동일 - UI 재생성 생략
2026-08-21 10:58:01.522 [session=000420] [INFO] [MainThread] 호출벨용 용도 목록 로드 요청
2026-08-21 10:58:01.522 [session=000420] [INFO] [MainThread] 호출벨에 용도 목록 전달: 2개
2026-08-21 10:58:01.522 [session=000420] [INFO] [MainThread] 용도 목록 로드: 2개
2026-08-21 10:58:01.522 [session=000420] [INFO] [MainThread] 목적지 목록 로드: 5개
2026-08-21 10:58:01.523 [session=000420] [INFO] [MainThread] 호출벨 관리에 목적지 목록 전달: 5개
2026-08-21 10:58:01.525 [session=000420] [INFO] [MainThread] My IP : 192.168.104.212
2026-08-21 10:58:01.529 [session=000420] [INFO] [browser-music-sync_0] [BROWSER_MUSIC_SYNC] event=catalog_fetch_started master_base_url=http://127.0.0.1:5051
2026-08-21 10:58:01.559 [session=000420] [INFO] [browser-music-sync_0] [BROWSER_MUSIC_SYNC] event=catalog_fetch_succeeded master_base_url=http://127.0.0.1:5051 item_count=3
2026-08-21 10:58:01.575 [session=000420] [INFO] [RestApiThread] [REST API] 배경 음악 GET 전송: operation=selection_get, url=http://127.0.0.1:5051/api/voice-event-settings/background-music?robot_id=robot_ec2b
2026-08-21 10:58:01.577 [session=000420] [INFO] [RestApiThread] [REST API] 배경 음악 GET 전송: operation=resolved_get, url=http://127.0.0.1:5051/api/voice-event-settings/resolved?robot_id=robot_ec2b
2026-08-21 10:58:01.597 [session=000420] [DEBUG] [RestApiThread] _handle_response 호출됨 - tag: REST_API_TAG.GET_BACKGROUND_MUSIC_SETTING, status_code: 200
2026-08-21 10:58:01.607 [session=000420] [DEBUG] [RestApiThread] _handle_response 호출됨 - tag: REST_API_TAG.GET_RESOLVED_BACKGROUND_MUSIC, status_code: 200
2026-08-21 10:58:03.208 [session=000420] [INFO] [SSE-SSE_BATTERY_LOW_SHUTDOWN] [SSE_DIAG] connect attempt tag=SSE_BATTERY_LOW_SHUTDOWN, reconnect=116, url=http://localhost:8080/robot_ec2b/events/battery/low_shutdown
2026-08-21 10:58:03.242 [session=000420] [INFO] [SSE-SSE_BATTERY_LOW_SHUTDOWN] [SSE_DIAG] connected tag=SSE_BATTERY_LOW_SHUTDOWN, status=404, reason=Not Found, elapsed=0.03s, content_type=application/json, url=http://localhost:8080/robot_ec2b/events/battery/low_shutdown
2026-08-21 10:58:03.243 [session=000420] [ERROR] [SSE-SSE_BATTERY_LOW_SHUTDOWN] [SSE_DIAG] non-200 response tag=SSE_BATTERY_LOW_SHUTDOWN, status=404, reason=Not Found, url=http://localhost:8080/robot_ec2b/events/battery/low_shutdown
2026-08-21 10:58:03.244 [session=000420] [INFO] [SSE-SSE_BATTERY_LOW_SHUTDOWN] [SSE_DIAG] reconnect wait tag=SSE_BATTERY_LOW_SHUTDOWN, delay=10s, reconnect=117, reason=HTTP 404, url=http://localhost:8080/robot_ec2b/events/battery/low_shutdown
2026-08-21 10:58:05.489 [session=000420] [INFO] [MainThread] [MAIN_THREAD_HEARTBEAT] GUI main thread alive: thread=MainThread
2026-08-21 10:58:10.490 [session=000420] [INFO] [MainThread] [MAIN_THREAD_HEARTBEAT] GUI main thread alive: thread=MainThread
2026-08-21 10:58:11.493 [session=000420] [DEBUG] [RestApiThread] GetCallBellFromRESTAPI 요청 시작
2026-08-21 10:58:11.499 [session=000420] [DEBUG] [RestApiThread] _get_data: 요청 시작 - tag: REST_API_TAG.GET_CALLBELL, url: http://localhost:8080/robot_ec2b/callbell
2026-08-21 10:58:11.501 [session=000420] [DEBUG] [RestApiThread] _get_data: 요청 전송 완료 - tag: REST_API_TAG.GET_CALLBELL, timeout: 30000ms
2026-08-21 10:58:11.505 [session=000420] [INFO] [MainThread] model_manager set_destinations: unchanged (5 items) - emit skipped
2026-08-21 10:58:11.510 [session=000420] [INFO] [MainThread] My IP : 192.168.104.212
2026-08-21 10:58:11.513 [session=000420] [DEBUG] [RestApiThread] _handle_response 호출됨 - tag: REST_API_TAG.GET_CALLBELL, status_code: 200
2026-08-21 10:58:11.514 [session=000420] [INFO] [ThreadPoolExecutor-5_0] 호출벨 데이터 수신: 5개
2026-08-21 10:58:11.519 [session=000420] [INFO] [MainThread] 호출벨-목적지 동기화 완료: 5개 호출벨
2026-08-21 10:58:11.520 [session=000420] [INFO] [MainThread] 목적지 리스트 반환: destinations=[Destination(name='로비', goal_pose=Pose(x=4.241336459631034, y=-2.361104203714551, qw=0.5097087478206948, qz=0.8603470185890456), bell=Bells(treatment='', suction='64012cd7'), idx=0, color='#e53935'), Destination(name='수술실', goal_pose=Pose(x=4.5199271819089395, y=-3.9219605026851503, qw=0.14533446519134308, qz=-0.9893825818294691), bell=Bells(treatment='', suction='64132cd7'), idx=1, color='#e53935'), Destination(name='진료실', goal_pose=Pose(x=0.11980823444488001, y=-3.735511450600503, qw=0.9963649848510123, qz=0.0851869530083222), bell=Bells(treatment='', suction='64252cd7'), idx=2, color='#e53935'), Destination(name='창고', goal_pose=Pose(x=0.2834625688692579, y=-6.793061814598156, qw=0.5257961572167338, qz=0.850610604834031), bell=Bells(treatment='', suction='64372cd7'), idx=3, color='#e53935'), Destination(name='소독실', goal_pose=Pose(x=-3.4045695907217928, y=-7.611793760201744, qw=0.546869706461766, qz=0.8372177280459497), bell=Bells(treatment='', suction='64492cd7'), idx=4, color='#e53935')]
2026-08-21 10:58:11.522 [session=000420] [INFO] [MainThread] 호출벨 리스트 반환: callbells={'64012cd7': {'name': '호출벨 1', 'usage': 'suction', 'destination': '로비'}, '64132cd7': {'name': '호출벨 2', 'usage': 'suction', 'destination': '수술실'}, '64252cd7': {'name': '호출벨 3', 'usage': 'suction', 'destination': '진료실'}, '64372cd7': {'name': '호출벨 4', 'usage': 'suction', 'destination': '창고'}, '64492cd7': {'name': '호출벨 5', 'usage': 'suction', 'destination': '소독실'}}, robot_usages=['treatment', 'suction']
2026-08-21 10:58:11.522 [session=000420] [INFO] [MainThread] 호출벨 리스트 로드: 5개
2026-08-21 10:58:11.523 [session=000420] [INFO] [MainThread] 호출벨 목록 동일 - UI 재생성 생략
2026-08-21 10:58:11.523 [session=000420] [INFO] [MainThread] 호출벨용 용도 목록 로드 요청
2026-08-21 10:58:11.523 [session=000420] [INFO] [MainThread] 호출벨에 용도 목록 전달: 2개
2026-08-21 10:58:11.523 [session=000420] [INFO] [MainThread] 용도 목록 로드: 2개
2026-08-21 10:58:11.524 [session=000420] [INFO] [MainThread] 목적지 목록 로드: 5개
2026-08-21 10:58:11.524 [session=000420] [INFO] [MainThread] 호출벨 관리에 목적지 목록 전달: 5개
2026-08-21 10:58:13.245 [session=000420] [INFO] [SSE-SSE_BATTERY_LOW_SHUTDOWN] [SSE_DIAG] connect attempt tag=SSE_BATTERY_LOW_SHUTDOWN, reconnect=117, url=http://localhost:8080/robot_ec2b/events/battery/low_shutdown
2026-08-21 10:58:13.264 [session=000420] [INFO] [SSE-SSE_BATTERY_LOW_SHUTDOWN] [SSE_DIAG] connected tag=SSE_BATTERY_LOW_SHUTDOWN, status=404, reason=Not Found, elapsed=0.02s, content_type=application/json, url=http://localhost:8080/robot_ec2b/events/battery/low_shutdown
2026-08-21 10:58:13.265 [session=000420] [ERROR] [SSE-SSE_BATTERY_LOW_SHUTDOWN] [SSE_DIAG] non-200 response tag=SSE_BATTERY_LOW_SHUTDOWN, status=404, reason=Not Found, url=http://localhost:8080/robot_ec2b/events/battery/low_shutdown
2026-08-21 10:58:13.271 [session=000420] [INFO] [SSE-SSE_BATTERY_LOW_SHUTDOWN] [SSE_DIAG] reconnect wait tag=SSE_BATTERY_LOW_SHUTDOWN, delay=10s, reconnect=118, reason=HTTP 404, url=http://localhost:8080/robot_ec2b/events/battery/low_shutdown
2026-08-21 10:58:15.489 [session=000420] [INFO] [MainThread] [MAIN_THREAD_HEARTBEAT] GUI main thread alive: thread=MainThread
2026-08-21 10:58:20.490 [session=000420] [INFO] [MainThread] [MAIN_THREAD_HEARTBEAT] GUI main thread alive: thread=MainThread
2026-08-21 10:58:21.493 [session=000420] [DEBUG] [RestApiThread] GetCallBellFromRESTAPI 요청 시작
2026-08-21 10:58:21.495 [session=000420] [DEBUG] [RestApiThread] _get_data: 요청 시작 - tag: REST_API_TAG.GET_CALLBELL, url: http://localhost:8080/robot_ec2b/callbell
2026-08-21 10:58:21.496 [session=000420] [DEBUG] [RestApiThread] _get_data: 요청 전송 완료 - tag: REST_API_TAG.GET_CALLBELL, timeout: 30000ms
2026-08-21 10:58:21.514 [session=000420] [DEBUG] [RestApiThread] _handle_response 호출됨 - tag: REST_API_TAG.GET_CALLBELL, status_code: 200
2026-08-21 10:58:21.516 [session=000420] [INFO] [ThreadPoolExecutor-5_0] 호출벨 데이터 수신: 5개
2026-08-21 10:58:21.521 [session=000420] [INFO] [MainThread] model_manager set_destinations: unchanged (5 items) - emit skipped
2026-08-21 10:58:21.530 [session=000420] [INFO] [MainThread] 호출벨-목적지 동기화 완료: 5개 호출벨
2026-08-21 10:58:21.531 [session=000420] [INFO] [MainThread] 목적지 리스트 반환: destinations=[Destination(name='로비', goal_pose=Pose(x=4.241336459631034, y=-2.361104203714551, qw=0.5097087478206948, qz=0.8603470185890456), bell=Bells(treatment='', suction='64012cd7'), idx=0, color='#e53935'), Destination(name='수술실', goal_pose=Pose(x=4.5199271819089395, y=-3.9219605026851503, qw=0.14533446519134308, qz=-0.9893825818294691), bell=Bells(treatment='', suction='64132cd7'), idx=1, color='#e53935'), Destination(name='진료실', goal_pose=Pose(x=0.11980823444488001, y=-3.735511450600503, qw=0.9963649848510123, qz=0.0851869530083222), bell=Bells(treatment='', suction='64252cd7'), idx=2, color='#e53935'), Destination(name='창고', goal_pose=Pose(x=0.2834625688692579, y=-6.793061814598156, qw=0.5257961572167338, qz=0.850610604834031), bell=Bells(treatment='', suction='64372cd7'), idx=3, color='#e53935'), Destination(name='소독실', goal_pose=Pose(x=-3.4045695907217928, y=-7.611793760201744, qw=0.546869706461766, qz=0.8372177280459497), bell=Bells(treatment='', suction='64492cd7'), idx=4, color='#e53935')]
2026-08-21 10:58:21.533 [session=000420] [INFO] [MainThread] 호출벨 리스트 반환: callbells={'64012cd7': {'name': '호출벨 1', 'usage': 'suction', 'destination': '로비'}, '64132cd7': {'name': '호출벨 2', 'usage': 'suction', 'destination': '수술실'}, '64252cd7': {'name': '호출벨 3', 'usage': 'suction', 'destination': '진료실'}, '64372cd7': {'name': '호출벨 4', 'usage': 'suction', 'destination': '창고'}, '64492cd7': {'name': '호출벨 5', 'usage': 'suction', 'destination': '소독실'}}, robot_usages=['treatment', 'suction']
2026-08-21 10:58:21.535 [session=000420] [INFO] [MainThread] 호출벨 리스트 로드: 5개
2026-08-21 10:58:21.536 [session=000420] [INFO] [MainThread] 호출벨 목록 동일 - UI 재생성 생략
2026-08-21 10:58:21.536 [session=000420] [INFO] [MainThread] 호출벨용 용도 목록 로드 요청
2026-08-21 10:58:21.536 [session=000420] [INFO] [MainThread] 호출벨에 용도 목록 전달: 2개
2026-08-21 10:58:21.536 [session=000420] [INFO] [MainThread] 용도 목록 로드: 2개
2026-08-21 10:58:21.536 [session=000420] [INFO] [MainThread] 목적지 목록 로드: 5개
2026-08-21 10:58:21.537 [session=000420] [INFO] [MainThread] 호출벨 관리에 목적지 목록 전달: 5개
2026-08-21 10:58:21.537 [session=000420] [INFO] [MainThread] My IP : 192.168.104.212
2026-08-21 10:58:23.275 [session=000420] [INFO] [SSE-SSE_BATTERY_LOW_SHUTDOWN] [SSE_DIAG] connect attempt tag=SSE_BATTERY_LOW_SHUTDOWN, reconnect=118, url=http://localhost:8080/robot_ec2b/events/battery/low_shutdown
2026-08-21 10:58:23.285 [session=000420] [INFO] [SSE-SSE_BATTERY_LOW_SHUTDOWN] [SSE_DIAG] connected tag=SSE_BATTERY_LOW_SHUTDOWN, status=404, reason=Not Found, elapsed=0.01s, content_type=application/json, url=http://localhost:8080/robot_ec2b/events/battery/low_shutdown
2026-08-21 10:58:23.286 [session=000420] [ERROR] [SSE-SSE_BATTERY_LOW_SHUTDOWN] [SSE_DIAG] non-200 response tag=SSE_BATTERY_LOW_SHUTDOWN, status=404, reason=Not Found, url=http://localhost:8080/robot_ec2b/events/battery/low_shutdown
2026-08-21 10:58:23.287 [session=000420] [INFO] [SSE-SSE_BATTERY_LOW_SHUTDOWN] [SSE_DIAG] reconnect wait tag=SSE_BATTERY_LOW_SHUTDOWN, delay=10s, reconnect=119, reason=HTTP 404, url=http://localhost:8080/robot_ec2b/events/battery/low_shutdown
2026-08-21 10:58:25.489 [session=000420] [INFO] [MainThread] [MAIN_THREAD_HEARTBEAT] GUI main thread alive: thread=MainThread
2026-08-21 10:58:30.489 [session=000420] [INFO] [MainThread] [MAIN_THREAD_HEARTBEAT] GUI main thread alive: thread=MainThread
2026-08-21 10:58:31.498 [session=000420] [DEBUG] [RestApiThread] GetCallBellFromRESTAPI 요청 시작
2026-08-21 10:58:31.501 [session=000420] [DEBUG] [RestApiThread] _get_data: 요청 시작 - tag: REST_API_TAG.GET_CALLBELL, url: http://localhost:8080/robot_ec2b/callbell
2026-08-21 10:58:31.505 [session=000420] [DEBUG] [RestApiThread] _get_data: 요청 전송 완료 - tag: REST_API_TAG.GET_CALLBELL, timeout: 30000ms
2026-08-21 10:58:31.508 [session=000420] [INFO] [MainThread] model_manager set_destinations: unchanged (5 items) - emit skipped
2026-08-21 10:58:31.514 [session=000420] [DEBUG] [RestApiThread] _handle_response 호출됨 - tag: REST_API_TAG.GET_CALLBELL, status_code: 200
2026-08-21 10:58:31.515 [session=000420] [INFO] [ThreadPoolExecutor-5_0] 호출벨 데이터 수신: 5개
2026-08-21 10:58:31.516 [session=000420] [INFO] [MainThread] 호출벨-목적지 동기화 완료: 5개 호출벨
2026-08-21 10:58:31.517 [session=000420] [INFO] [MainThread] 목적지 리스트 반환: destinations=[Destination(name='로비', goal_pose=Pose(x=4.241336459631034, y=-2.361104203714551, qw=0.5097087478206948, qz=0.8603470185890456), bell=Bells(treatment='', suction='64012cd7'), idx=0, color='#e53935'), Destination(name='수술실', goal_pose=Pose(x=4.5199271819089395, y=-3.9219605026851503, qw=0.14533446519134308, qz=-0.9893825818294691), bell=Bells(treatment='', suction='64132cd7'), idx=1, color='#e53935'), Destination(name='진료실', goal_pose=Pose(x=0.11980823444488001, y=-3.735511450600503, qw=0.9963649848510123, qz=0.0851869530083222), bell=Bells(treatment='', suction='64252cd7'), idx=2, color='#e53935'), Destination(name='창고', goal_pose=Pose(x=0.2834625688692579, y=-6.793061814598156, qw=0.5257961572167338, qz=0.850610604834031), bell=Bells(treatment='', suction='64372cd7'), idx=3, color='#e53935'), Destination(name='소독실', goal_pose=Pose(x=-3.4045695907217928, y=-7.611793760201744, qw=0.546869706461766, qz=0.8372177280459497), bell=Bells(treatment='', suction='64492cd7'), idx=4, color='#e53935')]
2026-08-21 10:58:31.519 [session=000420] [INFO] [MainThread] 호출벨 리스트 반환: callbells={'64012cd7': {'name': '호출벨 1', 'usage': 'suction', 'destination': '로비'}, '64132cd7': {'name': '호출벨 2', 'usage': 'suction', 'destination': '수술실'}, '64252cd7': {'name': '호출벨 3', 'usage': 'suction', 'destination': '진료실'}, '64372cd7': {'name': '호출벨 4', 'usage': 'suction', 'destination': '창고'}, '64492cd7': {'name': '호출벨 5', 'usage': 'suction', 'destination': '소독실'}}, robot_usages=['treatment', 'suction']
2026-08-21 10:58:31.519 [session=000420] [INFO] [MainThread] 호출벨 리스트 로드: 5개
2026-08-21 10:58:31.519 [session=000420] [INFO] [MainThread] 호출벨 목록 동일 - UI 재생성 생략
2026-08-21 10:58:31.520 [session=000420] [INFO] [MainThread] 호출벨용 용도 목록 로드 요청
2026-08-21 10:58:31.521 [session=000420] [INFO] [MainThread] 호출벨에 용도 목록 전달: 2개
2026-08-21 10:58:31.522 [session=000420] [INFO] [MainThread] 용도 목록 로드: 2개
2026-08-21 10:58:31.523 [session=000420] [INFO] [MainThread] 목적지 목록 로드: 5개
2026-08-21 10:58:31.523 [session=000420] [INFO] [MainThread] 호출벨 관리에 목적지 목록 전달: 5개
2026-08-21 10:58:31.533 [session=000420] [INFO] [MainThread] My IP : 192.168.104.212
2026-08-21 10:58:33.289 [session=000420] [INFO] [SSE-SSE_BATTERY_LOW_SHUTDOWN] [SSE_DIAG] connect attempt tag=SSE_BATTERY_LOW_SHUTDOWN, reconnect=119, url=http://localhost:8080/robot_ec2b/events/battery/low_shutdown
2026-08-21 10:58:33.310 [session=000420] [INFO] [SSE-SSE_BATTERY_LOW_SHUTDOWN] [SSE_DIAG] connected tag=SSE_BATTERY_LOW_SHUTDOWN, status=404, reason=Not Found, elapsed=0.02s, content_type=application/json, url=http://localhost:8080/robot_ec2b/events/battery/low_shutdown
2026-08-21 10:58:33.310 [session=000420] [ERROR] [SSE-SSE_BATTERY_LOW_SHUTDOWN] [SSE_DIAG] non-200 response tag=SSE_BATTERY_LOW_SHUTDOWN, status=404, reason=Not Found, url=http://localhost:8080/robot_ec2b/events/battery/low_shutdown
2026-08-21 10:58:33.313 [session=000420] [INFO] [SSE-SSE_BATTERY_LOW_SHUTDOWN] [SSE_DIAG] reconnect wait tag=SSE_BATTERY_LOW_SHUTDOWN, delay=10s, reconnect=120, reason=HTTP 404, url=http://localhost:8080/robot_ec2b/events/battery/low_shutdown
2026-08-21 10:58:35.489 [session=000420] [INFO] [MainThread] [MAIN_THREAD_HEARTBEAT] GUI main thread alive: thread=MainThread
2026-08-21 10:58:40.490 [session=000420] [INFO] [MainThread] [MAIN_THREAD_HEARTBEAT] GUI main thread alive: thread=MainThread
2026-08-21 10:58:41.492 [session=000420] [DEBUG] [RestApiThread] GetCallBellFromRESTAPI 요청 시작
2026-08-21 10:58:41.499 [session=000420] [DEBUG] [RestApiThread] _get_data: 요청 시작 - tag: REST_API_TAG.GET_CALLBELL, url: http://localhost:8080/robot_ec2b/callbell
2026-08-21 10:58:41.500 [session=000420] [DEBUG] [RestApiThread] _get_data: 요청 전송 완료 - tag: REST_API_TAG.GET_CALLBELL, timeout: 30000ms
2026-08-21 10:58:41.510 [session=000420] [INFO] [RestApiThread] _handle_response (CYCLIC 정상) - tag: REST_API_TAG.GET_DESTINATIONS, status: 200, pending→2
2026-08-21 10:58:41.512 [session=000420] [INFO] [MainThread] model_manager set_destinations: unchanged (5 items) - emit skipped
2026-08-21 10:58:41.550 [session=000420] [DEBUG] [RestApiThread] _handle_response 호출됨 - tag: REST_API_TAG.GET_CALLBELL, status_code: 200
2026-08-21 10:58:41.554 [session=000420] [INFO] [ThreadPoolExecutor-5_0] 호출벨 데이터 수신: 5개
2026-08-21 10:58:41.554 [session=000420] [INFO] [RestApiThread] _handle_response (CYCLIC 정상) - tag: REST_API_TAG.GET_MASTER_IP_ADDRESS, status: 200, pending→0
2026-08-21 10:58:41.557 [session=000420] [INFO] [MainThread] 호출벨-목적지 동기화 완료: 5개 호출벨
2026-08-21 10:58:41.558 [session=000420] [INFO] [MainThread] 목적지 리스트 반환: destinations=[Destination(name='로비', goal_pose=Pose(x=4.241336459631034, y=-2.361104203714551, qw=0.5097087478206948, qz=0.8603470185890456), bell=Bells(treatment='', suction='64012cd7'), idx=0, color='#e53935'), Destination(name='수술실', goal_pose=Pose(x=4.5199271819089395, y=-3.9219605026851503, qw=0.14533446519134308, qz=-0.9893825818294691), bell=Bells(treatment='', suction='64132cd7'), idx=1, color='#e53935'), Destination(name='진료실', goal_pose=Pose(x=0.11980823444488001, y=-3.735511450600503, qw=0.9963649848510123, qz=0.0851869530083222), bell=Bells(treatment='', suction='64252cd7'), idx=2, color='#e53935'), Destination(name='창고', goal_pose=Pose(x=0.2834625688692579, y=-6.793061814598156, qw=0.5257961572167338, qz=0.850610604834031), bell=Bells(treatment='', suction='64372cd7'), idx=3, color='#e53935'), Destination(name='소독실', goal_pose=Pose(x=-3.4045695907217928, y=-7.611793760201744, qw=0.546869706461766, qz=0.8372177280459497), bell=Bells(treatment='', suction='64492cd7'), idx=4, color='#e53935')]
2026-08-21 10:58:41.558 [session=000420] [INFO] [MainThread] 호출벨 리스트 반환: callbells={'64012cd7': {'name': '호출벨 1', 'usage': 'suction', 'destination': '로비'}, '64132cd7': {'name': '호출벨 2', 'usage': 'suction', 'destination': '수술실'}, '64252cd7': {'name': '호출벨 3', 'usage': 'suction', 'destination': '진료실'}, '64372cd7': {'name': '호출벨 4', 'usage': 'suction', 'destination': '창고'}, '64492cd7': {'name': '호출벨 5', 'usage': 'suction', 'destination': '소독실'}}, robot_usages=['treatment', 'suction']
2026-08-21 10:58:41.559 [session=000420] [INFO] [MainThread] 호출벨 리스트 로드: 5개
2026-08-21 10:58:41.559 [session=000420] [INFO] [MainThread] 호출벨 목록 동일 - UI 재생성 생략
2026-08-21 10:58:41.559 [session=000420] [INFO] [MainThread] 호출벨용 용도 목록 로드 요청
2026-08-21 10:58:41.559 [session=000420] [INFO] [MainThread] 호출벨에 용도 목록 전달: 2개
2026-08-21 10:58:41.559 [session=000420] [INFO] [MainThread] 용도 목록 로드: 2개
2026-08-21 10:58:41.560 [session=000420] [INFO] [MainThread] 목적지 목록 로드: 5개
2026-08-21 10:58:41.560 [session=000420] [INFO] [MainThread] 호출벨 관리에 목적지 목록 전달: 5개
2026-08-21 10:58:41.561 [session=000420] [INFO] [MainThread] My IP : 192.168.104.212
2026-08-21 10:58:41.566 [session=000420] [INFO] [browser-music-sync_0] [BROWSER_MUSIC_SYNC] event=catalog_fetch_started master_base_url=http://127.0.0.1:5051
2026-08-21 10:58:41.596 [session=000420] [INFO] [browser-music-sync_0] [BROWSER_MUSIC_SYNC] event=catalog_fetch_succeeded master_base_url=http://127.0.0.1:5051 item_count=3
2026-08-21 10:58:41.602 [session=000420] [INFO] [RestApiThread] [REST API] 배경 음악 GET 전송: operation=selection_get, url=http://127.0.0.1:5051/api/voice-event-settings/background-music?robot_id=robot_ec2b
2026-08-21 10:58:41.602 [session=000420] [INFO] [RestApiThread] [REST API] 배경 음악 GET 전송: operation=resolved_get, url=http://127.0.0.1:5051/api/voice-event-settings/resolved?robot_id=robot_ec2b
2026-08-21 10:58:41.625 [session=000420] [DEBUG] [RestApiThread] _handle_response 호출됨 - tag: REST_API_TAG.GET_BACKGROUND_MUSIC_SETTING, status_code: 200
2026-08-21 10:58:41.635 [session=000420] [DEBUG] [RestApiThread] _handle_response 호출됨 - tag: REST_API_TAG.GET_RESOLVED_BACKGROUND_MUSIC, status_code: 200
2026-08-21 10:58:43.315 [session=000420] [INFO] [SSE-SSE_BATTERY_LOW_SHUTDOWN] [SSE_DIAG] connect attempt tag=SSE_BATTERY_LOW_SHUTDOWN, reconnect=120, url=http://localhost:8080/robot_ec2b/events/battery/low_shutdown
2026-08-21 10:58:43.330 [session=000420] [INFO] [SSE-SSE_BATTERY_LOW_SHUTDOWN] [SSE_DIAG] connected tag=SSE_BATTERY_LOW_SHUTDOWN, status=404, reason=Not Found, elapsed=0.02s, content_type=application/json, url=http://localhost:8080/robot_ec2b/events/battery/low_shutdown
2026-08-21 10:58:43.331 [session=000420] [ERROR] [SSE-SSE_BATTERY_LOW_SHUTDOWN] [SSE_DIAG] non-200 response tag=SSE_BATTERY_LOW_SHUTDOWN, status=404, reason=Not Found, url=http://localhost:8080/robot_ec2b/events/battery/low_shutdown
2026-08-21 10:58:43.333 [session=000420] [INFO] [SSE-SSE_BATTERY_LOW_SHUTDOWN] [SSE_DIAG] reconnect wait tag=SSE_BATTERY_LOW_SHUTDOWN, delay=10s, reconnect=121, reason=HTTP 404, url=http://localhost:8080/robot_ec2b/events/battery/low_shutdown
2026-08-21 10:58:45.489 [session=000420] [INFO] [MainThread] [MAIN_THREAD_HEARTBEAT] GUI main thread alive: thread=MainThread
2026-08-21 10:58:50.489 [session=000420] [INFO] [MainThread] [MAIN_THREAD_HEARTBEAT] GUI main thread alive: thread=MainThread
2026-08-21 10:58:51.495 [session=000420] [DEBUG] [RestApiThread] GetCallBellFromRESTAPI 요청 시작
2026-08-21 10:58:51.497 [session=000420] [DEBUG] [RestApiThread] _get_data: 요청 시작 - tag: REST_API_TAG.GET_CALLBELL, url: http://localhost:8080/robot_ec2b/callbell
2026-08-21 10:58:51.498 [session=000420] [DEBUG] [RestApiThread] _get_data: 요청 전송 완료 - tag: REST_API_TAG.GET_CALLBELL, timeout: 30000ms
2026-08-21 10:58:51.507 [session=000420] [INFO] [MainThread] model_manager set_destinations: unchanged (5 items) - emit skipped
2026-08-21 10:58:51.508 [session=000420] [DEBUG] [RestApiThread] _handle_response 호출됨 - tag: REST_API_TAG.GET_CALLBELL, status_code: 200
2026-08-21 10:58:51.509 [session=000420] [INFO] [ThreadPoolExecutor-5_1] 호출벨 데이터 수신: 5개
2026-08-21 10:58:51.511 [session=000420] [INFO] [MainThread] 호출벨-목적지 동기화 완료: 5개 호출벨
2026-08-21 10:58:51.511 [session=000420] [INFO] [MainThread] 목적지 리스트 반환: destinations=[Destination(name='로비', goal_pose=Pose(x=4.241336459631034, y=-2.361104203714551, qw=0.5097087478206948, qz=0.8603470185890456), bell=Bells(treatment='', suction='64012cd7'), idx=0, color='#e53935'), Destination(name='수술실', goal_pose=Pose(x=4.5199271819089395, y=-3.9219605026851503, qw=0.14533446519134308, qz=-0.9893825818294691), bell=Bells(treatment='', suction='64132cd7'), idx=1, color='#e53935'), Destination(name='진료실', goal_pose=Pose(x=0.11980823444488001, y=-3.735511450600503, qw=0.9963649848510123, qz=0.0851869530083222), bell=Bells(treatment='', suction='64252cd7'), idx=2, color='#e53935'), Destination(name='창고', goal_pose=Pose(x=0.2834625688692579, y=-6.793061814598156, qw=0.5257961572167338, qz=0.850610604834031), bell=Bells(treatment='', suction='64372cd7'), idx=3, color='#e53935'), Destination(name='소독실', goal_pose=Pose(x=-3.4045695907217928, y=-7.611793760201744, qw=0.546869706461766, qz=0.8372177280459497), bell=Bells(treatment='', suction='64492cd7'), idx=4, color='#e53935')]
2026-08-21 10:58:51.512 [session=000420] [INFO] [MainThread] 호출벨 리스트 반환: callbells={'64012cd7': {'name': '호출벨 1', 'usage': 'suction', 'destination': '로비'}, '64132cd7': {'name': '호출벨 2', 'usage': 'suction', 'destination': '수술실'}, '64252cd7': {'name': '호출벨 3', 'usage': 'suction', 'destination': '진료실'}, '64372cd7': {'name': '호출벨 4', 'usage': 'suction', 'destination': '창고'}, '64492cd7': {'name': '호출벨 5', 'usage': 'suction', 'destination': '소독실'}}, robot_usages=['treatment', 'suction']
2026-08-21 10:58:51.514 [session=000420] [INFO] [MainThread] 호출벨 리스트 로드: 5개
2026-08-21 10:58:51.515 [session=000420] [INFO] [MainThread] 호출벨 목록 동일 - UI 재생성 생략
2026-08-21 10:58:51.515 [session=000420] [INFO] [MainThread] 호출벨용 용도 목록 로드 요청
2026-08-21 10:58:51.515 [session=000420] [INFO] [MainThread] 호출벨에 용도 목록 전달: 2개
2026-08-21 10:58:51.515 [session=000420] [INFO] [MainThread] 용도 목록 로드: 2개
2026-08-21 10:58:51.516 [session=000420] [INFO] [MainThread] 목적지 목록 로드: 5개
2026-08-21 10:58:51.516 [session=000420] [INFO] [MainThread] 호출벨 관리에 목적지 목록 전달: 5개
2026-08-21 10:58:51.520 [session=000420] [INFO] [MainThread] My IP : 192.168.104.212
2026-08-21 10:58:53.334 [session=000420] [INFO] [SSE-SSE_BATTERY_LOW_SHUTDOWN] [SSE_DIAG] connect attempt tag=SSE_BATTERY_LOW_SHUTDOWN, reconnect=121, url=http://localhost:8080/robot_ec2b/events/battery/low_shutdown
2026-08-21 10:58:53.348 [session=000420] [INFO] [SSE-SSE_BATTERY_LOW_SHUTDOWN] [SSE_DIAG] connected tag=SSE_BATTERY_LOW_SHUTDOWN, status=404, reason=Not Found, elapsed=0.01s, content_type=application/json, url=http://localhost:8080/robot_ec2b/events/battery/low_shutdown
2026-08-21 10:58:53.348 [session=000420] [ERROR] [SSE-SSE_BATTERY_LOW_SHUTDOWN] [SSE_DIAG] non-200 response tag=SSE_BATTERY_LOW_SHUTDOWN, status=404, reason=Not Found, url=http://localhost:8080/robot_ec2b/events/battery/low_shutdown
2026-08-21 10:58:53.349 [session=000420] [INFO] [SSE-SSE_BATTERY_LOW_SHUTDOWN] [SSE_DIAG] reconnect wait tag=SSE_BATTERY_LOW_SHUTDOWN, delay=10s, reconnect=122, reason=HTTP 404, url=http://localhost:8080/robot_ec2b/events/battery/low_shutdown
2026-08-21 10:58:55.489 [session=000420] [INFO] [MainThread] [MAIN_THREAD_HEARTBEAT] GUI main thread alive: thread=MainThread
2026-08-21 10:59:00.489 [session=000420] [INFO] [MainThread] [MAIN_THREAD_HEARTBEAT] GUI main thread alive: thread=MainThread
2026-08-21 10:59:01.493 [session=000420] [DEBUG] [RestApiThread] GetCallBellFromRESTAPI 요청 시작
2026-08-21 10:59:01.499 [session=000420] [DEBUG] [RestApiThread] _get_data: 요청 시작 - tag: REST_API_TAG.GET_CALLBELL, url: http://localhost:8080/robot_ec2b/callbell
2026-08-21 10:59:01.500 [session=000420] [DEBUG] [RestApiThread] _get_data: 요청 전송 완료 - tag: REST_API_TAG.GET_CALLBELL, timeout: 30000ms
2026-08-21 10:59:01.509 [session=000420] [INFO] [MainThread] model_manager set_destinations: unchanged (5 items) - emit skipped
2026-08-21 10:59:01.511 [session=000420] [DEBUG] [RestApiThread] _handle_response 호출됨 - tag: REST_API_TAG.GET_CALLBELL, status_code: 200
2026-08-21 10:59:01.512 [session=000420] [INFO] [ThreadPoolExecutor-5_1] 호출벨 데이터 수신: 5개
2026-08-21 10:59:01.526 [session=000420] [INFO] [MainThread] 호출벨-목적지 동기화 완료: 5개 호출벨
2026-08-21 10:59:01.528 [session=000420] [INFO] [MainThread] 목적지 리스트 반환: destinations=[Destination(name='로비', goal_pose=Pose(x=4.241336459631034, y=-2.361104203714551, qw=0.5097087478206948, qz=0.8603470185890456), bell=Bells(treatment='', suction='64012cd7'), idx=0, color='#e53935'), Destination(name='수술실', goal_pose=Pose(x=4.5199271819089395, y=-3.9219605026851503, qw=0.14533446519134308, qz=-0.9893825818294691), bell=Bells(treatment='', suction='64132cd7'), idx=1, color='#e53935'), Destination(name='진료실', goal_pose=Pose(x=0.11980823444488001, y=-3.735511450600503, qw=0.9963649848510123, qz=0.0851869530083222), bell=Bells(treatment='', suction='64252cd7'), idx=2, color='#e53935'), Destination(name='창고', goal_pose=Pose(x=0.2834625688692579, y=-6.793061814598156, qw=0.5257961572167338, qz=0.850610604834031), bell=Bells(treatment='', suction='64372cd7'), idx=3, color='#e53935'), Destination(name='소독실', goal_pose=Pose(x=-3.4045695907217928, y=-7.611793760201744, qw=0.546869706461766, qz=0.8372177280459497), bell=Bells(treatment='', suction='64492cd7'), idx=4, color='#e53935')]
2026-08-21 10:59:01.529 [session=000420] [INFO] [MainThread] 호출벨 리스트 반환: callbells={'64012cd7': {'name': '호출벨 1', 'usage': 'suction', 'destination': '로비'}, '64132cd7': {'name': '호출벨 2', 'usage': 'suction', 'destination': '수술실'}, '64252cd7': {'name': '호출벨 3', 'usage': 'suction', 'destination': '진료실'}, '64372cd7': {'name': '호출벨 4', 'usage': 'suction', 'destination': '창고'}, '64492cd7': {'name': '호출벨 5', 'usage': 'suction', 'destination': '소독실'}}, robot_usages=['treatment', 'suction']
2026-08-21 10:59:01.529 [session=000420] [INFO] [MainThread] 호출벨 리스트 로드: 5개
2026-08-21 10:59:01.530 [session=000420] [INFO] [MainThread] 호출벨 목록 동일 - UI 재생성 생략
2026-08-21 10:59:01.530 [session=000420] [INFO] [MainThread] 호출벨용 용도 목록 로드 요청
2026-08-21 10:59:01.530 [session=000420] [INFO] [MainThread] 호출벨에 용도 목록 전달: 2개
2026-08-21 10:59:01.530 [session=000420] [INFO] [MainThread] 용도 목록 로드: 2개
2026-08-21 10:59:01.530 [session=000420] [INFO] [MainThread] 목적지 목록 로드: 5개
2026-08-21 10:59:01.531 [session=000420] [INFO] [MainThread] 호출벨 관리에 목적지 목록 전달: 5개
2026-08-21 10:59:01.533 [session=000420] [INFO] [MainThread] My IP : 192.168.104.212
2026-08-21 10:59:03.351 [session=000420] [INFO] [SSE-SSE_BATTERY_LOW_SHUTDOWN] [SSE_DIAG] connect attempt tag=SSE_BATTERY_LOW_SHUTDOWN, reconnect=122, url=http://localhost:8080/robot_ec2b/events/battery/low_shutdown
2026-08-21 10:59:03.365 [session=000420] [INFO] [SSE-SSE_BATTERY_LOW_SHUTDOWN] [SSE_DIAG] connected tag=SSE_BATTERY_LOW_SHUTDOWN, status=404, reason=Not Found, elapsed=0.01s, content_type=application/json, url=http://localhost:8080/robot_ec2b/events/battery/low_shutdown
2026-08-21 10:59:03.366 [session=000420] [ERROR] [SSE-SSE_BATTERY_LOW_SHUTDOWN] [SSE_DIAG] non-200 response tag=SSE_BATTERY_LOW_SHUTDOWN, status=404, reason=Not Found, url=http://localhost:8080/robot_ec2b/events/battery/low_shutdown
2026-08-21 10:59:03.372 [session=000420] [INFO] [SSE-SSE_BATTERY_LOW_SHUTDOWN] [SSE_DIAG] reconnect wait tag=SSE_BATTERY_LOW_SHUTDOWN, delay=10s, reconnect=123, reason=HTTP 404, url=http://localhost:8080/robot_ec2b/events/battery/low_shutdown
2026-08-21 10:59:05.489 [session=000420] [INFO] [MainThread] [MAIN_THREAD_HEARTBEAT] GUI main thread alive: thread=MainThread
2026-08-21 10:59:10.492 [session=000420] [INFO] [MainThread] [MAIN_THREAD_HEARTBEAT] GUI main thread alive: thread=MainThread
2026-08-21 10:59:11.498 [session=000420] [DEBUG] [RestApiThread] GetCallBellFromRESTAPI 요청 시작
2026-08-21 10:59:11.501 [session=000420] [DEBUG] [RestApiThread] _get_data: 요청 시작 - tag: REST_API_TAG.GET_CALLBELL, url: http://localhost:8080/robot_ec2b/callbell
2026-08-21 10:59:11.502 [session=000420] [DEBUG] [RestApiThread] _get_data: 요청 전송 완료 - tag: REST_API_TAG.GET_CALLBELL, timeout: 30000ms
2026-08-21 10:59:11.509 [session=000420] [INFO] [MainThread] model_manager set_destinations: unchanged (5 items) - emit skipped
2026-08-21 10:59:11.517 [session=000420] [DEBUG] [RestApiThread] _handle_response 호출됨 - tag: REST_API_TAG.GET_CALLBELL, status_code: 200
2026-08-21 10:59:11.518 [session=000420] [INFO] [ThreadPoolExecutor-5_1] 호출벨 데이터 수신: 5개
2026-08-21 10:59:11.523 [session=000420] [INFO] [MainThread] 호출벨-목적지 동기화 완료: 5개 호출벨
2026-08-21 10:59:11.524 [session=000420] [INFO] [MainThread] 목적지 리스트 반환: destinations=[Destination(name='로비', goal_pose=Pose(x=4.241336459631034, y=-2.361104203714551, qw=0.5097087478206948, qz=0.8603470185890456), bell=Bells(treatment='', suction='64012cd7'), idx=0, color='#e53935'), Destination(name='수술실', goal_pose=Pose(x=4.5199271819089395, y=-3.9219605026851503, qw=0.14533446519134308, qz=-0.9893825818294691), bell=Bells(treatment='', suction='64132cd7'), idx=1, color='#e53935'), Destination(name='진료실', goal_pose=Pose(x=0.11980823444488001, y=-3.735511450600503, qw=0.9963649848510123, qz=0.0851869530083222), bell=Bells(treatment='', suction='64252cd7'), idx=2, color='#e53935'), Destination(name='창고', goal_pose=Pose(x=0.2834625688692579, y=-6.793061814598156, qw=0.5257961572167338, qz=0.850610604834031), bell=Bells(treatment='', suction='64372cd7'), idx=3, color='#e53935'), Destination(name='소독실', goal_pose=Pose(x=-3.4045695907217928, y=-7.611793760201744, qw=0.546869706461766, qz=0.8372177280459497), bell=Bells(treatment='', suction='64492cd7'), idx=4, color='#e53935')]
2026-08-21 10:59:11.524 [session=000420] [INFO] [MainThread] 호출벨 리스트 반환: callbells={'64012cd7': {'name': '호출벨 1', 'usage': 'suction', 'destination': '로비'}, '64132cd7': {'name': '호출벨 2', 'usage': 'suction', 'destination': '수술실'}, '64252cd7': {'name': '호출벨 3', 'usage': 'suction', 'destination': '진료실'}, '64372cd7': {'name': '호출벨 4', 'usage': 'suction', 'destination': '창고'}, '64492cd7': {'name': '호출벨 5', 'usage': 'suction', 'destination': '소독실'}}, robot_usages=['treatment', 'suction']
2026-08-21 10:59:11.525 [session=000420] [INFO] [MainThread] 호출벨 리스트 로드: 5개
2026-08-21 10:59:11.525 [session=000420] [INFO] [MainThread] 호출벨 목록 동일 - UI 재생성 생략
2026-08-21 10:59:11.526 [session=000420] [INFO] [MainThread] 호출벨용 용도 목록 로드 요청
2026-08-21 10:59:11.526 [session=000420] [INFO] [MainThread] 호출벨에 용도 목록 전달: 2개
2026-08-21 10:59:11.526 [session=000420] [INFO] [MainThread] 용도 목록 로드: 2개
2026-08-21 10:59:11.527 [session=000420] [INFO] [MainThread] 목적지 목록 로드: 5개
2026-08-21 10:59:11.528 [session=000420] [INFO] [MainThread] 호출벨 관리에 목적지 목록 전달: 5개
2026-08-21 10:59:11.539 [session=000420] [INFO] [MainThread] My IP : 192.168.104.212
2026-08-21 10:59:13.374 [session=000420] [INFO] [SSE-SSE_BATTERY_LOW_SHUTDOWN] [SSE_DIAG] connect attempt tag=SSE_BATTERY_LOW_SHUTDOWN, reconnect=123, url=http://localhost:8080/robot_ec2b/events/battery/low_shutdown
2026-08-21 10:59:13.388 [session=000420] [INFO] [SSE-SSE_BATTERY_LOW_SHUTDOWN] [SSE_DIAG] connected tag=SSE_BATTERY_LOW_SHUTDOWN, status=404, reason=Not Found, elapsed=0.01s, content_type=application/json, url=http://localhost:8080/robot_ec2b/events/battery/low_shutdown
2026-08-21 10:59:13.389 [session=000420] [ERROR] [SSE-SSE_BATTERY_LOW_SHUTDOWN] [SSE_DIAG] non-200 response tag=SSE_BATTERY_LOW_SHUTDOWN, status=404, reason=Not Found, url=http://localhost:8080/robot_ec2b/events/battery/low_shutdown
2026-08-21 10:59:13.391 [session=000420] [INFO] [SSE-SSE_BATTERY_LOW_SHUTDOWN] [SSE_DIAG] reconnect wait tag=SSE_BATTERY_LOW_SHUTDOWN, delay=10s, reconnect=124, reason=HTTP 404, url=http://localhost:8080/robot_ec2b/events/battery/low_shutdown
2026-08-21 10:59:15.489 [session=000420] [INFO] [MainThread] [MAIN_THREAD_HEARTBEAT] GUI main thread alive: thread=MainThread
2026-08-21 10:59:20.489 [session=000420] [INFO] [MainThread] [MAIN_THREAD_HEARTBEAT] GUI main thread alive: thread=MainThread
2026-08-21 10:59:21.492 [session=000420] [DEBUG] [RestApiThread] GetCallBellFromRESTAPI 요청 시작
2026-08-21 10:59:21.497 [session=000420] [DEBUG] [RestApiThread] _get_data: 요청 시작 - tag: REST_API_TAG.GET_CALLBELL, url: http://localhost:8080/robot_ec2b/callbell
2026-08-21 10:59:21.499 [session=000420] [DEBUG] [RestApiThread] _get_data: 요청 전송 완료 - tag: REST_API_TAG.GET_CALLBELL, timeout: 30000ms
2026-08-21 10:59:21.508 [session=000420] [INFO] [MainThread] model_manager set_destinations: unchanged (5 items) - emit skipped
2026-08-21 10:59:21.523 [session=000420] [DEBUG] [RestApiThread] _handle_response 호출됨 - tag: REST_API_TAG.GET_CALLBELL, status_code: 200
2026-08-21 10:59:21.527 [session=000420] [INFO] [ThreadPoolExecutor-5_1] 호출벨 데이터 수신: 5개
2026-08-21 10:59:21.528 [session=000420] [INFO] [MainThread] 호출벨-목적지 동기화 완료: 5개 호출벨
2026-08-21 10:59:21.528 [session=000420] [INFO] [MainThread] 목적지 리스트 반환: destinations=[Destination(name='로비', goal_pose=Pose(x=4.241336459631034, y=-2.361104203714551, qw=0.5097087478206948, qz=0.8603470185890456), bell=Bells(treatment='', suction='64012cd7'), idx=0, color='#e53935'), Destination(name='수술실', goal_pose=Pose(x=4.5199271819089395, y=-3.9219605026851503, qw=0.14533446519134308, qz=-0.9893825818294691), bell=Bells(treatment='', suction='64132cd7'), idx=1, color='#e53935'), Destination(name='진료실', goal_pose=Pose(x=0.11980823444488001, y=-3.735511450600503, qw=0.9963649848510123, qz=0.0851869530083222), bell=Bells(treatment='', suction='64252cd7'), idx=2, color='#e53935'), Destination(name='창고', goal_pose=Pose(x=0.2834625688692579, y=-6.793061814598156, qw=0.5257961572167338, qz=0.850610604834031), bell=Bells(treatment='', suction='64372cd7'), idx=3, color='#e53935'), Destination(name='소독실', goal_pose=Pose(x=-3.4045695907217928, y=-7.611793760201744, qw=0.546869706461766, qz=0.8372177280459497), bell=Bells(treatment='', suction='64492cd7'), idx=4, color='#e53935')]
2026-08-21 10:59:21.529 [session=000420] [INFO] [MainThread] 호출벨 리스트 반환: callbells={'64012cd7': {'name': '호출벨 1', 'usage': 'suction', 'destination': '로비'}, '64132cd7': {'name': '호출벨 2', 'usage': 'suction', 'destination': '수술실'}, '64252cd7': {'name': '호출벨 3', 'usage': 'suction', 'destination': '진료실'}, '64372cd7': {'name': '호출벨 4', 'usage': 'suction', 'destination': '창고'}, '64492cd7': {'name': '호출벨 5', 'usage': 'suction', 'destination': '소독실'}}, robot_usages=['treatment', 'suction']
2026-08-21 10:59:21.529 [session=000420] [INFO] [MainThread] 호출벨 리스트 로드: 5개
2026-08-21 10:59:21.529 [session=000420] [INFO] [MainThread] 호출벨 목록 동일 - UI 재생성 생략
2026-08-21 10:59:21.529 [session=000420] [INFO] [MainThread] 호출벨용 용도 목록 로드 요청
2026-08-21 10:59:21.529 [session=000420] [INFO] [MainThread] 호출벨에 용도 목록 전달: 2개
2026-08-21 10:59:21.529 [session=000420] [INFO] [MainThread] 용도 목록 로드: 2개
2026-08-21 10:59:21.530 [session=000420] [INFO] [MainThread] 목적지 목록 로드: 5개
2026-08-21 10:59:21.530 [session=000420] [INFO] [MainThread] 호출벨 관리에 목적지 목록 전달: 5개
2026-08-21 10:59:21.533 [session=000420] [INFO] [MainThread] My IP : 192.168.104.212
2026-08-21 10:59:21.535 [session=000420] [INFO] [browser-music-sync_0] [BROWSER_MUSIC_SYNC] event=catalog_fetch_started master_base_url=http://127.0.0.1:5051
2026-08-21 10:59:21.564 [session=000420] [INFO] [browser-music-sync_0] [BROWSER_MUSIC_SYNC] event=catalog_fetch_succeeded master_base_url=http://127.0.0.1:5051 item_count=3
2026-08-21 10:59:21.578 [session=000420] [INFO] [RestApiThread] [REST API] 배경 음악 GET 전송: operation=selection_get, url=http://127.0.0.1:5051/api/voice-event-settings/background-music?robot_id=robot_ec2b
2026-08-21 10:59:21.579 [session=000420] [INFO] [RestApiThread] [REST API] 배경 음악 GET 전송: operation=resolved_get, url=http://127.0.0.1:5051/api/voice-event-settings/resolved?robot_id=robot_ec2b
2026-08-21 10:59:21.591 [session=000420] [DEBUG] [RestApiThread] _handle_response 호출됨 - tag: REST_API_TAG.GET_BACKGROUND_MUSIC_SETTING, status_code: 200
2026-08-21 10:59:21.602 [session=000420] [DEBUG] [RestApiThread] _handle_response 호출됨 - tag: REST_API_TAG.GET_RESOLVED_BACKGROUND_MUSIC, status_code: 200
2026-08-21 10:59:23.392 [session=000420] [INFO] [SSE-SSE_BATTERY_LOW_SHUTDOWN] [SSE_DIAG] connect attempt tag=SSE_BATTERY_LOW_SHUTDOWN, reconnect=124, url=http://localhost:8080/robot_ec2b/events/battery/low_shutdown
2026-08-21 10:59:23.409 [session=000420] [INFO] [SSE-SSE_BATTERY_LOW_SHUTDOWN] [SSE_DIAG] connected tag=SSE_BATTERY_LOW_SHUTDOWN, status=404, reason=Not Found, elapsed=0.02s, content_type=application/json, url=http://localhost:8080/robot_ec2b/events/battery/low_shutdown
2026-08-21 10:59:23.410 [session=000420] [ERROR] [SSE-SSE_BATTERY_LOW_SHUTDOWN] [SSE_DIAG] non-200 response tag=SSE_BATTERY_LOW_SHUTDOWN, status=404, reason=Not Found, url=http://localhost:8080/robot_ec2b/events/battery/low_shutdown
2026-08-21 10:59:23.411 [session=000420] [INFO] [SSE-SSE_BATTERY_LOW_SHUTDOWN] [SSE_DIAG] reconnect wait tag=SSE_BATTERY_LOW_SHUTDOWN, delay=10s, reconnect=125, reason=HTTP 404, url=http://localhost:8080/robot_ec2b/events/battery/low_shutdown
2026-08-21 10:59:25.490 [session=000420] [INFO] [MainThread] [MAIN_THREAD_HEARTBEAT] GUI main thread alive: thread=MainThread
2026-08-21 10:59:30.489 [session=000420] [INFO] [MainThread] [MAIN_THREAD_HEARTBEAT] GUI main thread alive: thread=MainThread
2026-08-21 10:59:31.492 [session=000420] [DEBUG] [RestApiThread] GetCallBellFromRESTAPI 요청 시작
2026-08-21 10:59:31.497 [session=000420] [DEBUG] [RestApiThread] _get_data: 요청 시작 - tag: REST_API_TAG.GET_CALLBELL, url: http://localhost:8080/robot_ec2b/callbell
2026-08-21 10:59:31.502 [session=000420] [DEBUG] [RestApiThread] _get_data: 요청 전송 완료 - tag: REST_API_TAG.GET_CALLBELL, timeout: 30000ms
2026-08-21 10:59:31.511 [session=000420] [INFO] [MainThread] model_manager set_destinations: unchanged (5 items) - emit skipped
2026-08-21 10:59:31.516 [session=000420] [DEBUG] [RestApiThread] _handle_response 호출됨 - tag: REST_API_TAG.GET_CALLBELL, status_code: 200
2026-08-21 10:59:31.517 [session=000420] [INFO] [ThreadPoolExecutor-5_1] 호출벨 데이터 수신: 5개
2026-08-21 10:59:31.519 [session=000420] [INFO] [MainThread] 호출벨-목적지 동기화 완료: 5개 호출벨
2026-08-21 10:59:31.522 [session=000420] [INFO] [MainThread] 목적지 리스트 반환: destinations=[Destination(name='로비', goal_pose=Pose(x=4.241336459631034, y=-2.361104203714551, qw=0.5097087478206948, qz=0.8603470185890456), bell=Bells(treatment='', suction='64012cd7'), idx=0, color='#e53935'), Destination(name='수술실', goal_pose=Pose(x=4.5199271819089395, y=-3.9219605026851503, qw=0.14533446519134308, qz=-0.9893825818294691), bell=Bells(treatment='', suction='64132cd7'), idx=1, color='#e53935'), Destination(name='진료실', goal_pose=Pose(x=0.11980823444488001, y=-3.735511450600503, qw=0.9963649848510123, qz=0.0851869530083222), bell=Bells(treatment='', suction='64252cd7'), idx=2, color='#e53935'), Destination(name='창고', goal_pose=Pose(x=0.2834625688692579, y=-6.793061814598156, qw=0.5257961572167338, qz=0.850610604834031), bell=Bells(treatment='', suction='64372cd7'), idx=3, color='#e53935'), Destination(name='소독실', goal_pose=Pose(x=-3.4045695907217928, y=-7.611793760201744, qw=0.546869706461766, qz=0.8372177280459497), bell=Bells(treatment='', suction='64492cd7'), idx=4, color='#e53935')]
2026-08-21 10:59:31.523 [session=000420] [INFO] [MainThread] 호출벨 리스트 반환: callbells={'64012cd7': {'name': '호출벨 1', 'usage': 'suction', 'destination': '로비'}, '64132cd7': {'name': '호출벨 2', 'usage': 'suction', 'destination': '수술실'}, '64252cd7': {'name': '호출벨 3', 'usage': 'suction', 'destination': '진료실'}, '64372cd7': {'name': '호출벨 4', 'usage': 'suction', 'destination': '창고'}, '64492cd7': {'name': '호출벨 5', 'usage': 'suction', 'destination': '소독실'}}, robot_usages=['treatment', 'suction']
2026-08-21 10:59:31.523 [session=000420] [INFO] [MainThread] 호출벨 리스트 로드: 5개
2026-08-21 10:59:31.524 [session=000420] [INFO] [MainThread] 호출벨 목록 동일 - UI 재생성 생략
2026-08-21 10:59:31.527 [session=000420] [INFO] [MainThread] 호출벨용 용도 목록 로드 요청
2026-08-21 10:59:31.527 [session=000420] [INFO] [MainThread] 호출벨에 용도 목록 전달: 2개
2026-08-21 10:59:31.527 [session=000420] [INFO] [MainThread] 용도 목록 로드: 2개
2026-08-21 10:59:31.527 [session=000420] [INFO] [MainThread] 목적지 목록 로드: 5개
2026-08-21 10:59:31.527 [session=000420] [INFO] [MainThread] 호출벨 관리에 목적지 목록 전달: 5개
2026-08-21 10:59:31.529 [session=000420] [INFO] [MainThread] My IP : 192.168.104.212
2026-08-21 10:59:33.413 [session=000420] [INFO] [SSE-SSE_BATTERY_LOW_SHUTDOWN] [SSE_DIAG] connect attempt tag=SSE_BATTERY_LOW_SHUTDOWN, reconnect=125, url=http://localhost:8080/robot_ec2b/events/battery/low_shutdown
2026-08-21 10:59:33.431 [session=000420] [INFO] [SSE-SSE_BATTERY_LOW_SHUTDOWN] [SSE_DIAG] connected tag=SSE_BATTERY_LOW_SHUTDOWN, status=404, reason=Not Found, elapsed=0.02s, content_type=application/json, url=http://localhost:8080/robot_ec2b/events/battery/low_shutdown
2026-08-21 10:59:33.432 [session=000420] [ERROR] [SSE-SSE_BATTERY_LOW_SHUTDOWN] [SSE_DIAG] non-200 response tag=SSE_BATTERY_LOW_SHUTDOWN, status=404, reason=Not Found, url=http://localhost:8080/robot_ec2b/events/battery/low_shutdown
2026-08-21 10:59:33.434 [session=000420] [INFO] [SSE-SSE_BATTERY_LOW_SHUTDOWN] [SSE_DIAG] reconnect wait tag=SSE_BATTERY_LOW_SHUTDOWN, delay=10s, reconnect=126, reason=HTTP 404, url=http://localhost:8080/robot_ec2b/events/battery/low_shutdown
2026-08-21 10:59:35.490 [session=000420] [INFO] [MainThread] [MAIN_THREAD_HEARTBEAT] GUI main thread alive: thread=MainThread
2026-08-21 10:59:40.490 [session=000420] [INFO] [MainThread] [MAIN_THREAD_HEARTBEAT] GUI main thread alive: thread=MainThread
2026-08-21 10:59:41.492 [session=000420] [DEBUG] [RestApiThread] GetCallBellFromRESTAPI 요청 시작
2026-08-21 10:59:41.499 [session=000420] [DEBUG] [RestApiThread] _get_data: 요청 시작 - tag: REST_API_TAG.GET_CALLBELL, url: http://localhost:8080/robot_ec2b/callbell
2026-08-21 10:59:41.502 [session=000420] [DEBUG] [RestApiThread] _get_data: 요청 전송 완료 - tag: REST_API_TAG.GET_CALLBELL, timeout: 30000ms
2026-08-21 10:59:41.512 [session=000420] [INFO] [MainThread] model_manager set_destinations: unchanged (5 items) - emit skipped
2026-08-21 10:59:41.514 [session=000420] [DEBUG] [RestApiThread] _handle_response 호출됨 - tag: REST_API_TAG.GET_CALLBELL, status_code: 200
2026-08-21 10:59:41.515 [session=000420] [INFO] [ThreadPoolExecutor-5_1] 호출벨 데이터 수신: 5개
2026-08-21 10:59:41.517 [session=000420] [INFO] [MainThread] 호출벨-목적지 동기화 완료: 5개 호출벨
2026-08-21 10:59:41.518 [session=000420] [INFO] [MainThread] 목적지 리스트 반환: destinations=[Destination(name='로비', goal_pose=Pose(x=4.241336459631034, y=-2.361104203714551, qw=0.5097087478206948, qz=0.8603470185890456), bell=Bells(treatment='', suction='64012cd7'), idx=0, color='#e53935'), Destination(name='수술실', goal_pose=Pose(x=4.5199271819089395, y=-3.9219605026851503, qw=0.14533446519134308, qz=-0.9893825818294691), bell=Bells(treatment='', suction='64132cd7'), idx=1, color='#e53935'), Destination(name='진료실', goal_pose=Pose(x=0.11980823444488001, y=-3.735511450600503, qw=0.9963649848510123, qz=0.0851869530083222), bell=Bells(treatment='', suction='64252cd7'), idx=2, color='#e53935'), Destination(name='창고', goal_pose=Pose(x=0.2834625688692579, y=-6.793061814598156, qw=0.5257961572167338, qz=0.850610604834031), bell=Bells(treatment='', suction='64372cd7'), idx=3, color='#e53935'), Destination(name='소독실', goal_pose=Pose(x=-3.4045695907217928, y=-7.611793760201744, qw=0.546869706461766, qz=0.8372177280459497), bell=Bells(treatment='', suction='64492cd7'), idx=4, color='#e53935')]
2026-08-21 10:59:41.523 [session=000420] [INFO] [MainThread] 호출벨 리스트 반환: callbells={'64012cd7': {'name': '호출벨 1', 'usage': 'suction', 'destination': '로비'}, '64132cd7': {'name': '호출벨 2', 'usage': 'suction', 'destination': '수술실'}, '64252cd7': {'name': '호출벨 3', 'usage': 'suction', 'destination': '진료실'}, '64372cd7': {'name': '호출벨 4', 'usage': 'suction', 'destination': '창고'}, '64492cd7': {'name': '호출벨 5', 'usage': 'suction', 'destination': '소독실'}}, robot_usages=['treatment', 'suction']
2026-08-21 10:59:41.524 [session=000420] [INFO] [MainThread] 호출벨 리스트 로드: 5개
2026-08-21 10:59:41.524 [session=000420] [INFO] [MainThread] 호출벨 목록 동일 - UI 재생성 생략
2026-08-21 10:59:41.524 [session=000420] [INFO] [MainThread] 호출벨용 용도 목록 로드 요청
2026-08-21 10:59:41.525 [session=000420] [INFO] [MainThread] 호출벨에 용도 목록 전달: 2개
2026-08-21 10:59:41.525 [session=000420] [INFO] [MainThread] 용도 목록 로드: 2개
2026-08-21 10:59:41.525 [session=000420] [INFO] [MainThread] 목적지 목록 로드: 5개
2026-08-21 10:59:41.526 [session=000420] [INFO] [MainThread] 호출벨 관리에 목적지 목록 전달: 5개
2026-08-21 10:59:41.527 [session=000420] [INFO] [MainThread] My IP : 192.168.104.212
2026-08-21 10:59:43.435 [session=000420] [INFO] [SSE-SSE_BATTERY_LOW_SHUTDOWN] [SSE_DIAG] connect attempt tag=SSE_BATTERY_LOW_SHUTDOWN, reconnect=126, url=http://localhost:8080/robot_ec2b/events/battery/low_shutdown
2026-08-21 10:59:43.457 [session=000420] [INFO] [SSE-SSE_BATTERY_LOW_SHUTDOWN] [SSE_DIAG] connected tag=SSE_BATTERY_LOW_SHUTDOWN, status=404, reason=Not Found, elapsed=0.02s, content_type=application/json, url=http://localhost:8080/robot_ec2b/events/battery/low_shutdown
2026-08-21 10:59:43.458 [session=000420] [ERROR] [SSE-SSE_BATTERY_LOW_SHUTDOWN] [SSE_DIAG] non-200 response tag=SSE_BATTERY_LOW_SHUTDOWN, status=404, reason=Not Found, url=http://localhost:8080/robot_ec2b/events/battery/low_shutdown
2026-08-21 10:59:43.459 [session=000420] [INFO] [SSE-SSE_BATTERY_LOW_SHUTDOWN] [SSE_DIAG] reconnect wait tag=SSE_BATTERY_LOW_SHUTDOWN, delay=10s, reconnect=127, reason=HTTP 404, url=http://localhost:8080/robot_ec2b/events/battery/low_shutdown
2026-08-21 10:59:45.489 [session=000420] [INFO] [MainThread] [MAIN_THREAD_HEARTBEAT] GUI main thread alive: thread=MainThread
2026-08-21 10:59:50.489 [session=000420] [INFO] [MainThread] [MAIN_THREAD_HEARTBEAT] GUI main thread alive: thread=MainThread
2026-08-21 10:59:51.491 [session=000420] [DEBUG] [RestApiThread] GetCallBellFromRESTAPI 요청 시작
2026-08-21 10:59:51.493 [session=000420] [DEBUG] [RestApiThread] _get_data: 요청 시작 - tag: REST_API_TAG.GET_CALLBELL, url: http://localhost:8080/robot_ec2b/callbell
2026-08-21 10:59:51.495 [session=000420] [DEBUG] [RestApiThread] _get_data: 요청 전송 완료 - tag: REST_API_TAG.GET_CALLBELL, timeout: 30000ms
2026-08-21 10:59:51.511 [session=000420] [INFO] [MainThread] model_manager set_destinations: unchanged (5 items) - emit skipped
2026-08-21 10:59:51.513 [session=000420] [DEBUG] [RestApiThread] _handle_response 호출됨 - tag: REST_API_TAG.GET_CALLBELL, status_code: 200
2026-08-21 10:59:51.513 [session=000420] [INFO] [ThreadPoolExecutor-5_0] 호출벨 데이터 수신: 5개
2026-08-21 10:59:51.517 [session=000420] [INFO] [MainThread] 호출벨-목적지 동기화 완료: 5개 호출벨
2026-08-21 10:59:51.517 [session=000420] [INFO] [MainThread] 목적지 리스트 반환: destinations=[Destination(name='로비', goal_pose=Pose(x=4.241336459631034, y=-2.361104203714551, qw=0.5097087478206948, qz=0.8603470185890456), bell=Bells(treatment='', suction='64012cd7'), idx=0, color='#e53935'), Destination(name='수술실', goal_pose=Pose(x=4.5199271819089395, y=-3.9219605026851503, qw=0.14533446519134308, qz=-0.9893825818294691), bell=Bells(treatment='', suction='64132cd7'), idx=1, color='#e53935'), Destination(name='진료실', goal_pose=Pose(x=0.11980823444488001, y=-3.735511450600503, qw=0.9963649848510123, qz=0.0851869530083222), bell=Bells(treatment='', suction='64252cd7'), idx=2, color='#e53935'), Destination(name='창고', goal_pose=Pose(x=0.2834625688692579, y=-6.793061814598156, qw=0.5257961572167338, qz=0.850610604834031), bell=Bells(treatment='', suction='64372cd7'), idx=3, color='#e53935'), Destination(name='소독실', goal_pose=Pose(x=-3.4045695907217928, y=-7.611793760201744, qw=0.546869706461766, qz=0.8372177280459497), bell=Bells(treatment='', suction='64492cd7'), idx=4, color='#e53935')]
2026-08-21 10:59:51.518 [session=000420] [INFO] [MainThread] 호출벨 리스트 반환: callbells={'64012cd7': {'name': '호출벨 1', 'usage': 'suction', 'destination': '로비'}, '64132cd7': {'name': '호출벨 2', 'usage': 'suction', 'destination': '수술실'}, '64252cd7': {'name': '호출벨 3', 'usage': 'suction', 'destination': '진료실'}, '64372cd7': {'name': '호출벨 4', 'usage': 'suction', 'destination': '창고'}, '64492cd7': {'name': '호출벨 5', 'usage': 'suction', 'destination': '소독실'}}, robot_usages=['treatment', 'suction']
2026-08-21 10:59:51.519 [session=000420] [INFO] [MainThread] 호출벨 리스트 로드: 5개
2026-08-21 10:59:51.525 [session=000420] [INFO] [MainThread] 호출벨 목록 동일 - UI 재생성 생략
2026-08-21 10:59:51.525 [session=000420] [INFO] [MainThread] 호출벨용 용도 목록 로드 요청
2026-08-21 10:59:51.526 [session=000420] [INFO] [MainThread] 호출벨에 용도 목록 전달: 2개
2026-08-21 10:59:51.526 [session=000420] [INFO] [MainThread] 용도 목록 로드: 2개
2026-08-21 10:59:51.526 [session=000420] [INFO] [MainThread] 목적지 목록 로드: 5개
2026-08-21 10:59:51.526 [session=000420] [INFO] [MainThread] 호출벨 관리에 목적지 목록 전달: 5개
2026-08-21 10:59:51.527 [session=000420] [INFO] [MainThread] My IP : 192.168.104.212
2026-08-21 10:59:53.461 [session=000420] [INFO] [SSE-SSE_BATTERY_LOW_SHUTDOWN] [SSE_DIAG] connect attempt tag=SSE_BATTERY_LOW_SHUTDOWN, reconnect=127, url=http://localhost:8080/robot_ec2b/events/battery/low_shutdown
2026-08-21 10:59:53.486 [session=000420] [INFO] [SSE-SSE_BATTERY_LOW_SHUTDOWN] [SSE_DIAG] connected tag=SSE_BATTERY_LOW_SHUTDOWN, status=404, reason=Not Found, elapsed=0.03s, content_type=application/json, url=http://localhost:8080/robot_ec2b/events/battery/low_shutdown
2026-08-21 10:59:53.487 [session=000420] [ERROR] [SSE-SSE_BATTERY_LOW_SHUTDOWN] [SSE_DIAG] non-200 response tag=SSE_BATTERY_LOW_SHUTDOWN, status=404, reason=Not Found, url=http://localhost:8080/robot_ec2b/events/battery/low_shutdown
2026-08-21 10:59:53.489 [session=000420] [INFO] [SSE-SSE_BATTERY_LOW_SHUTDOWN] [SSE_DIAG] reconnect wait tag=SSE_BATTERY_LOW_SHUTDOWN, delay=10s, reconnect=128, reason=HTTP 404, url=http://localhost:8080/robot_ec2b/events/battery/low_shutdown
2026-08-21 10:59:55.489 [session=000420] [INFO] [MainThread] [MAIN_THREAD_HEARTBEAT] GUI main thread alive: thread=MainThread
2026-08-21 11:00:00.490 [session=000420] [INFO] [MainThread] [MAIN_THREAD_HEARTBEAT] GUI main thread alive: thread=MainThread
2026-08-21 11:00:01.491 [session=000420] [DEBUG] [RestApiThread] GetCallBellFromRESTAPI 요청 시작
2026-08-21 11:00:01.497 [session=000420] [DEBUG] [RestApiThread] _get_data: 요청 시작 - tag: REST_API_TAG.GET_CALLBELL, url: http://localhost:8080/robot_ec2b/callbell
2026-08-21 11:00:01.498 [session=000420] [DEBUG] [RestApiThread] _get_data: 요청 전송 완료 - tag: REST_API_TAG.GET_CALLBELL, timeout: 30000ms
2026-08-21 11:00:01.502 [session=000420] [INFO] [MainThread] model_manager set_destinations: unchanged (5 items) - emit skipped
2026-08-21 11:00:01.510 [session=000420] [DEBUG] [RestApiThread] _handle_response 호출됨 - tag: REST_API_TAG.GET_CALLBELL, status_code: 200
2026-08-21 11:00:01.511 [session=000420] [INFO] [ThreadPoolExecutor-5_0] 호출벨 데이터 수신: 5개
2026-08-21 11:00:01.513 [session=000420] [INFO] [MainThread] 호출벨-목적지 동기화 완료: 5개 호출벨
2026-08-21 11:00:01.513 [session=000420] [INFO] [MainThread] 목적지 리스트 반환: destinations=[Destination(name='로비', goal_pose=Pose(x=4.241336459631034, y=-2.361104203714551, qw=0.5097087478206948, qz=0.8603470185890456), bell=Bells(treatment='', suction='64012cd7'), idx=0, color='#e53935'), Destination(name='수술실', goal_pose=Pose(x=4.5199271819089395, y=-3.9219605026851503, qw=0.14533446519134308, qz=-0.9893825818294691), bell=Bells(treatment='', suction='64132cd7'), idx=1, color='#e53935'), Destination(name='진료실', goal_pose=Pose(x=0.11980823444488001, y=-3.735511450600503, qw=0.9963649848510123, qz=0.0851869530083222), bell=Bells(treatment='', suction='64252cd7'), idx=2, color='#e53935'), Destination(name='창고', goal_pose=Pose(x=0.2834625688692579, y=-6.793061814598156, qw=0.5257961572167338, qz=0.850610604834031), bell=Bells(treatment='', suction='64372cd7'), idx=3, color='#e53935'), Destination(name='소독실', goal_pose=Pose(x=-3.4045695907217928, y=-7.611793760201744, qw=0.546869706461766, qz=0.8372177280459497), bell=Bells(treatment='', suction='64492cd7'), idx=4, color='#e53935')]
2026-08-21 11:00:01.513 [session=000420] [INFO] [MainThread] 호출벨 리스트 반환: callbells={'64012cd7': {'name': '호출벨 1', 'usage': 'suction', 'destination': '로비'}, '64132cd7': {'name': '호출벨 2', 'usage': 'suction', 'destination': '수술실'}, '64252cd7': {'name': '호출벨 3', 'usage': 'suction', 'destination': '진료실'}, '64372cd7': {'name': '호출벨 4', 'usage': 'suction', 'destination': '창고'}, '64492cd7': {'name': '호출벨 5', 'usage': 'suction', 'destination': '소독실'}}, robot_usages=['treatment', 'suction']
2026-08-21 11:00:01.514 [session=000420] [INFO] [MainThread] 호출벨 리스트 로드: 5개
2026-08-21 11:00:01.514 [session=000420] [INFO] [MainThread] 호출벨 목록 동일 - UI 재생성 생략
2026-08-21 11:00:01.514 [session=000420] [INFO] [MainThread] 호출벨용 용도 목록 로드 요청
2026-08-21 11:00:01.517 [session=000420] [INFO] [MainThread] 호출벨에 용도 목록 전달: 2개
2026-08-21 11:00:01.517 [session=000420] [INFO] [MainThread] 용도 목록 로드: 2개
2026-08-21 11:00:01.517 [session=000420] [INFO] [MainThread] 목적지 목록 로드: 5개
2026-08-21 11:00:01.518 [session=000420] [INFO] [MainThread] 호출벨 관리에 목적지 목록 전달: 5개
2026-08-21 11:00:01.522 [session=000420] [INFO] [MainThread] My IP : 192.168.104.212
2026-08-21 11:00:01.525 [session=000420] [INFO] [browser-music-sync_0] [BROWSER_MUSIC_SYNC] event=catalog_fetch_started master_base_url=http://127.0.0.1:5051
2026-08-21 11:00:01.552 [session=000420] [INFO] [browser-music-sync_0] [BROWSER_MUSIC_SYNC] event=catalog_fetch_succeeded master_base_url=http://127.0.0.1:5051 item_count=3
2026-08-21 11:00:01.562 [session=000420] [INFO] [RestApiThread] [REST API] 배경 음악 GET 전송: operation=selection_get, url=http://127.0.0.1:5051/api/voice-event-settings/background-music?robot_id=robot_ec2b
2026-08-21 11:00:01.562 [session=000420] [INFO] [RestApiThread] [REST API] 배경 음악 GET 전송: operation=resolved_get, url=http://127.0.0.1:5051/api/voice-event-settings/resolved?robot_id=robot_ec2b
2026-08-21 11:00:01.583 [session=000420] [DEBUG] [RestApiThread] _handle_response 호출됨 - tag: REST_API_TAG.GET_BACKGROUND_MUSIC_SETTING, status_code: 200
2026-08-21 11:00:01.592 [session=000420] [DEBUG] [RestApiThread] _handle_response 호출됨 - tag: REST_API_TAG.GET_RESOLVED_BACKGROUND_MUSIC, status_code: 200
2026-08-21 11:00:03.493 [session=000420] [INFO] [SSE-SSE_BATTERY_LOW_SHUTDOWN] [SSE_DIAG] connect attempt tag=SSE_BATTERY_LOW_SHUTDOWN, reconnect=128, url=http://localhost:8080/robot_ec2b/events/battery/low_shutdown
2026-08-21 11:00:03.511 [session=000420] [INFO] [SSE-SSE_BATTERY_LOW_SHUTDOWN] [SSE_DIAG] connected tag=SSE_BATTERY_LOW_SHUTDOWN, status=404, reason=Not Found, elapsed=0.02s, content_type=application/json, url=http://localhost:8080/robot_ec2b/events/battery/low_shutdown
2026-08-21 11:00:03.512 [session=000420] [ERROR] [SSE-SSE_BATTERY_LOW_SHUTDOWN] [SSE_DIAG] non-200 response tag=SSE_BATTERY_LOW_SHUTDOWN, status=404, reason=Not Found, url=http://localhost:8080/robot_ec2b/events/battery/low_shutdown
2026-08-21 11:00:03.513 [session=000420] [INFO] [SSE-SSE_BATTERY_LOW_SHUTDOWN] [SSE_DIAG] reconnect wait tag=SSE_BATTERY_LOW_SHUTDOWN, delay=10s, reconnect=129, reason=HTTP 404, url=http://localhost:8080/robot_ec2b/events/battery/low_shutdown
2026-08-21 11:00:05.490 [session=000420] [INFO] [MainThread] [MAIN_THREAD_HEARTBEAT] GUI main thread alive: thread=MainThread
2026-08-21 11:00:10.491 [session=000420] [INFO] [MainThread] [MAIN_THREAD_HEARTBEAT] GUI main thread alive: thread=MainThread
2026-08-21 11:00:11.491 [session=000420] [DEBUG] [RestApiThread] GetCallBellFromRESTAPI 요청 시작
2026-08-21 11:00:11.497 [session=000420] [DEBUG] [RestApiThread] _get_data: 요청 시작 - tag: REST_API_TAG.GET_CALLBELL, url: http://localhost:8080/robot_ec2b/callbell
2026-08-21 11:00:11.499 [session=000420] [DEBUG] [RestApiThread] _get_data: 요청 전송 완료 - tag: REST_API_TAG.GET_CALLBELL, timeout: 30000ms
2026-08-21 11:00:11.504 [session=000420] [INFO] [MainThread] model_manager set_destinations: unchanged (5 items) - emit skipped
2026-08-21 11:00:11.517 [session=000420] [DEBUG] [RestApiThread] _handle_response 호출됨 - tag: REST_API_TAG.GET_CALLBELL, status_code: 200
2026-08-21 11:00:11.518 [session=000420] [INFO] [ThreadPoolExecutor-5_1] 호출벨 데이터 수신: 5개
2026-08-21 11:00:11.522 [session=000420] [INFO] [MainThread] 호출벨-목적지 동기화 완료: 5개 호출벨
2026-08-21 11:00:11.524 [session=000420] [INFO] [MainThread] 목적지 리스트 반환: destinations=[Destination(name='로비', goal_pose=Pose(x=4.241336459631034, y=-2.361104203714551, qw=0.5097087478206948, qz=0.8603470185890456), bell=Bells(treatment='', suction='64012cd7'), idx=0, color='#e53935'), Destination(name='수술실', goal_pose=Pose(x=4.5199271819089395, y=-3.9219605026851503, qw=0.14533446519134308, qz=-0.9893825818294691), bell=Bells(treatment='', suction='64132cd7'), idx=1, color='#e53935'), Destination(name='진료실', goal_pose=Pose(x=0.11980823444488001, y=-3.735511450600503, qw=0.9963649848510123, qz=0.0851869530083222), bell=Bells(treatment='', suction='64252cd7'), idx=2, color='#e53935'), Destination(name='창고', goal_pose=Pose(x=0.2834625688692579, y=-6.793061814598156, qw=0.5257961572167338, qz=0.850610604834031), bell=Bells(treatment='', suction='64372cd7'), idx=3, color='#e53935'), Destination(name='소독실', goal_pose=Pose(x=-3.4045695907217928, y=-7.611793760201744, qw=0.546869706461766, qz=0.8372177280459497), bell=Bells(treatment='', suction='64492cd7'), idx=4, color='#e53935')]
2026-08-21 11:00:11.527 [session=000420] [INFO] [MainThread] 호출벨 리스트 반환: callbells={'64012cd7': {'name': '호출벨 1', 'usage': 'suction', 'destination': '로비'}, '64132cd7': {'name': '호출벨 2', 'usage': 'suction', 'destination': '수술실'}, '64252cd7': {'name': '호출벨 3', 'usage': 'suction', 'destination': '진료실'}, '64372cd7': {'name': '호출벨 4', 'usage': 'suction', 'destination': '창고'}, '64492cd7': {'name': '호출벨 5', 'usage': 'suction', 'destination': '소독실'}}, robot_usages=['treatment', 'suction']
2026-08-21 11:00:11.528 [session=000420] [INFO] [MainThread] 호출벨 리스트 로드: 5개
2026-08-21 11:00:11.528 [session=000420] [INFO] [MainThread] 호출벨 목록 동일 - UI 재생성 생략
2026-08-21 11:00:11.528 [session=000420] [INFO] [MainThread] 호출벨용 용도 목록 로드 요청
2026-08-21 11:00:11.528 [session=000420] [INFO] [MainThread] 호출벨에 용도 목록 전달: 2개
2026-08-21 11:00:11.529 [session=000420] [INFO] [MainThread] 용도 목록 로드: 2개
2026-08-21 11:00:11.529 [session=000420] [INFO] [MainThread] 목적지 목록 로드: 5개
2026-08-21 11:00:11.529 [session=000420] [INFO] [MainThread] 호출벨 관리에 목적지 목록 전달: 5개
2026-08-21 11:00:11.530 [session=000420] [INFO] [MainThread] My IP : 192.168.104.212
2026-08-21 11:00:13.515 [session=000420] [INFO] [SSE-SSE_BATTERY_LOW_SHUTDOWN] [SSE_DIAG] connect attempt tag=SSE_BATTERY_LOW_SHUTDOWN, reconnect=129, url=http://localhost:8080/robot_ec2b/events/battery/low_shutdown
2026-08-21 11:00:13.537 [session=000420] [INFO] [SSE-SSE_BATTERY_LOW_SHUTDOWN] [SSE_DIAG] connected tag=SSE_BATTERY_LOW_SHUTDOWN, status=404, reason=Not Found, elapsed=0.02s, content_type=application/json, url=http://localhost:8080/robot_ec2b/events/battery/low_shutdown
2026-08-21 11:00:13.538 [session=000420] [ERROR] [SSE-SSE_BATTERY_LOW_SHUTDOWN] [SSE_DIAG] non-200 response tag=SSE_BATTERY_LOW_SHUTDOWN, status=404, reason=Not Found, url=http://localhost:8080/robot_ec2b/events/battery/low_shutdown
2026-08-21 11:00:13.539 [session=000420] [INFO] [SSE-SSE_BATTERY_LOW_SHUTDOWN] [SSE_DIAG] reconnect wait tag=SSE_BATTERY_LOW_SHUTDOWN, delay=10s, reconnect=130, reason=HTTP 404, url=http://localhost:8080/robot_ec2b/events/battery/low_shutdown
2026-08-21 11:00:15.489 [session=000420] [INFO] [MainThread] [MAIN_THREAD_HEARTBEAT] GUI main thread alive: thread=MainThread
2026-08-21 11:00:20.489 [session=000420] [INFO] [MainThread] [MAIN_THREAD_HEARTBEAT] GUI main thread alive: thread=MainThread
2026-08-21 11:00:21.495 [session=000420] [DEBUG] [RestApiThread] GetCallBellFromRESTAPI 요청 시작
2026-08-21 11:00:21.498 [session=000420] [DEBUG] [RestApiThread] _get_data: 요청 시작 - tag: REST_API_TAG.GET_CALLBELL, url: http://localhost:8080/robot_ec2b/callbell
2026-08-21 11:00:21.499 [session=000420] [DEBUG] [RestApiThread] _get_data: 요청 전송 완료 - tag: REST_API_TAG.GET_CALLBELL, timeout: 30000ms
2026-08-21 11:00:21.506 [session=000420] [INFO] [RestApiThread] _handle_response (CYCLIC 정상) - tag: REST_API_TAG.GET_DESTINATIONS, status: 200, pending→2
2026-08-21 11:00:21.510 [session=000420] [INFO] [MainThread] model_manager set_destinations: unchanged (5 items) - emit skipped
2026-08-21 11:00:21.513 [session=000420] [DEBUG] [RestApiThread] _handle_response 호출됨 - tag: REST_API_TAG.GET_CALLBELL, status_code: 200
2026-08-21 11:00:21.516 [session=000420] [INFO] [ThreadPoolExecutor-5_0] 호출벨 데이터 수신: 5개
2026-08-21 11:00:21.518 [session=000420] [INFO] [MainThread] 호출벨-목적지 동기화 완료: 5개 호출벨
2026-08-21 11:00:21.519 [session=000420] [INFO] [MainThread] 목적지 리스트 반환: destinations=[Destination(name='로비', goal_pose=Pose(x=4.241336459631034, y=-2.361104203714551, qw=0.5097087478206948, qz=0.8603470185890456), bell=Bells(treatment='', suction='64012cd7'), idx=0, color='#e53935'), Destination(name='수술실', goal_pose=Pose(x=4.5199271819089395, y=-3.9219605026851503, qw=0.14533446519134308, qz=-0.9893825818294691), bell=Bells(treatment='', suction='64132cd7'), idx=1, color='#e53935'), Destination(name='진료실', goal_pose=Pose(x=0.11980823444488001, y=-3.735511450600503, qw=0.9963649848510123, qz=0.0851869530083222), bell=Bells(treatment='', suction='64252cd7'), idx=2, color='#e53935'), Destination(name='창고', goal_pose=Pose(x=0.2834625688692579, y=-6.793061814598156, qw=0.5257961572167338, qz=0.850610604834031), bell=Bells(treatment='', suction='64372cd7'), idx=3, color='#e53935'), Destination(name='소독실', goal_pose=Pose(x=-3.4045695907217928, y=-7.611793760201744, qw=0.546869706461766, qz=0.8372177280459497), bell=Bells(treatment='', suction='64492cd7'), idx=4, color='#e53935')]
2026-08-21 11:00:21.525 [session=000420] [INFO] [MainThread] 호출벨 리스트 반환: callbells={'64012cd7': {'name': '호출벨 1', 'usage': 'suction', 'destination': '로비'}, '64132cd7': {'name': '호출벨 2', 'usage': 'suction', 'destination': '수술실'}, '64252cd7': {'name': '호출벨 3', 'usage': 'suction', 'destination': '진료실'}, '64372cd7': {'name': '호출벨 4', 'usage': 'suction', 'destination': '창고'}, '64492cd7': {'name': '호출벨 5', 'usage': 'suction', 'destination': '소독실'}}, robot_usages=['treatment', 'suction']
2026-08-21 11:00:21.525 [session=000420] [INFO] [RestApiThread] _handle_response (CYCLIC 정상) - tag: REST_API_TAG.GET_MASTER_IP_ADDRESS, status: 200, pending→0
2026-08-21 11:00:21.525 [session=000420] [INFO] [MainThread] 호출벨 리스트 로드: 5개
2026-08-21 11:00:21.526 [session=000420] [INFO] [MainThread] 호출벨 목록 동일 - UI 재생성 생략
2026-08-21 11:00:21.527 [session=000420] [INFO] [MainThread] 호출벨용 용도 목록 로드 요청
2026-08-21 11:00:21.527 [session=000420] [INFO] [MainThread] 호출벨에 용도 목록 전달: 2개
2026-08-21 11:00:21.527 [session=000420] [INFO] [MainThread] 용도 목록 로드: 2개
2026-08-21 11:00:21.528 [session=000420] [INFO] [MainThread] 목적지 목록 로드: 5개
2026-08-21 11:00:21.528 [session=000420] [INFO] [MainThread] 호출벨 관리에 목적지 목록 전달: 5개
2026-08-21 11:00:21.529 [session=000420] [INFO] [MainThread] My IP : 192.168.104.212
2026-08-21 11:00:23.541 [session=000420] [INFO] [SSE-SSE_BATTERY_LOW_SHUTDOWN] [SSE_DIAG] connect attempt tag=SSE_BATTERY_LOW_SHUTDOWN, reconnect=130, url=http://localhost:8080/robot_ec2b/events/battery/low_shutdown
2026-08-21 11:00:23.554 [session=000420] [INFO] [SSE-SSE_BATTERY_LOW_SHUTDOWN] [SSE_DIAG] connected tag=SSE_BATTERY_LOW_SHUTDOWN, status=404, reason=Not Found, elapsed=0.01s, content_type=application/json, url=http://localhost:8080/robot_ec2b/events/battery/low_shutdown
2026-08-21 11:00:23.554 [session=000420] [ERROR] [SSE-SSE_BATTERY_LOW_SHUTDOWN] [SSE_DIAG] non-200 response tag=SSE_BATTERY_LOW_SHUTDOWN, status=404, reason=Not Found, url=http://localhost:8080/robot_ec2b/events/battery/low_shutdown
2026-08-21 11:00:23.556 [session=000420] [INFO] [SSE-SSE_BATTERY_LOW_SHUTDOWN] [SSE_DIAG] reconnect wait tag=SSE_BATTERY_LOW_SHUTDOWN, delay=10s, reconnect=131, reason=HTTP 404, url=http://localhost:8080/robot_ec2b/events/battery/low_shutdown
2026-08-21 11:00:25.490 [session=000420] [INFO] [MainThread] [MAIN_THREAD_HEARTBEAT] GUI main thread alive: thread=MainThread
2026-08-21 11:00:30.489 [session=000420] [INFO] [MainThread] [MAIN_THREAD_HEARTBEAT] GUI main thread alive: thread=MainThread
2026-08-21 11:00:31.491 [session=000420] [DEBUG] [RestApiThread] GetCallBellFromRESTAPI 요청 시작
2026-08-21 11:00:31.494 [session=000420] [DEBUG] [RestApiThread] _get_data: 요청 시작 - tag: REST_API_TAG.GET_CALLBELL, url: http://localhost:8080/robot_ec2b/callbell
2026-08-21 11:00:31.500 [session=000420] [DEBUG] [RestApiThread] _get_data: 요청 전송 완료 - tag: REST_API_TAG.GET_CALLBELL, timeout: 30000ms
2026-08-21 11:00:31.504 [session=000420] [INFO] [MainThread] model_manager set_destinations: unchanged (5 items) - emit skipped
2026-08-21 11:00:31.518 [session=000420] [DEBUG] [RestApiThread] _handle_response 호출됨 - tag: REST_API_TAG.GET_CALLBELL, status_code: 200
2026-08-21 11:00:31.522 [session=000420] [INFO] [ThreadPoolExecutor-5_1] 호출벨 데이터 수신: 5개
2026-08-21 11:00:31.525 [session=000420] [INFO] [MainThread] 호출벨-목적지 동기화 완료: 5개 호출벨
2026-08-21 11:00:31.525 [session=000420] [INFO] [MainThread] 목적지 리스트 반환: destinations=[Destination(name='로비', goal_pose=Pose(x=4.241336459631034, y=-2.361104203714551, qw=0.5097087478206948, qz=0.8603470185890456), bell=Bells(treatment='', suction='64012cd7'), idx=0, color='#e53935'), Destination(name='수술실', goal_pose=Pose(x=4.5199271819089395, y=-3.9219605026851503, qw=0.14533446519134308, qz=-0.9893825818294691), bell=Bells(treatment='', suction='64132cd7'), idx=1, color='#e53935'), Destination(name='진료실', goal_pose=Pose(x=0.11980823444488001, y=-3.735511450600503, qw=0.9963649848510123, qz=0.0851869530083222), bell=Bells(treatment='', suction='64252cd7'), idx=2, color='#e53935'), Destination(name='창고', goal_pose=Pose(x=0.2834625688692579, y=-6.793061814598156, qw=0.5257961572167338, qz=0.850610604834031), bell=Bells(treatment='', suction='64372cd7'), idx=3, color='#e53935'), Destination(name='소독실', goal_pose=Pose(x=-3.4045695907217928, y=-7.611793760201744, qw=0.546869706461766, qz=0.8372177280459497), bell=Bells(treatment='', suction='64492cd7'), idx=4, color='#e53935')]
2026-08-21 11:00:31.526 [session=000420] [INFO] [MainThread] 호출벨 리스트 반환: callbells={'64012cd7': {'name': '호출벨 1', 'usage': 'suction', 'destination': '로비'}, '64132cd7': {'name': '호출벨 2', 'usage': 'suction', 'destination': '수술실'}, '64252cd7': {'name': '호출벨 3', 'usage': 'suction', 'destination': '진료실'}, '64372cd7': {'name': '호출벨 4', 'usage': 'suction', 'destination': '창고'}, '64492cd7': {'name': '호출벨 5', 'usage': 'suction', 'destination': '소독실'}}, robot_usages=['treatment', 'suction']
2026-08-21 11:00:31.526 [session=000420] [INFO] [MainThread] 호출벨 리스트 로드: 5개
2026-08-21 11:00:31.526 [session=000420] [INFO] [MainThread] 호출벨 목록 동일 - UI 재생성 생략
2026-08-21 11:00:31.526 [session=000420] [INFO] [MainThread] 호출벨용 용도 목록 로드 요청
2026-08-21 11:00:31.526 [session=000420] [INFO] [MainThread] 호출벨에 용도 목록 전달: 2개
2026-08-21 11:00:31.526 [session=000420] [INFO] [MainThread] 용도 목록 로드: 2개
2026-08-21 11:00:31.527 [session=000420] [INFO] [MainThread] 목적지 목록 로드: 5개
2026-08-21 11:00:31.527 [session=000420] [INFO] [MainThread] 호출벨 관리에 목적지 목록 전달: 5개
2026-08-21 11:00:31.542 [session=000420] [INFO] [MainThread] My IP : 192.168.104.212
2026-08-21 11:00:33.557 [session=000420] [INFO] [SSE-SSE_BATTERY_LOW_SHUTDOWN] [SSE_DIAG] connect attempt tag=SSE_BATTERY_LOW_SHUTDOWN, reconnect=131, url=http://localhost:8080/robot_ec2b/events/battery/low_shutdown
2026-08-21 11:00:33.567 [session=000420] [INFO] [SSE-SSE_BATTERY_LOW_SHUTDOWN] [SSE_DIAG] connected tag=SSE_BATTERY_LOW_SHUTDOWN, status=404, reason=Not Found, elapsed=0.01s, content_type=application/json, url=http://localhost:8080/robot_ec2b/events/battery/low_shutdown
2026-08-21 11:00:33.568 [session=000420] [ERROR] [SSE-SSE_BATTERY_LOW_SHUTDOWN] [SSE_DIAG] non-200 response tag=SSE_BATTERY_LOW_SHUTDOWN, status=404, reason=Not Found, url=http://localhost:8080/robot_ec2b/events/battery/low_shutdown
2026-08-21 11:00:33.570 [session=000420] [INFO] [SSE-SSE_BATTERY_LOW_SHUTDOWN] [SSE_DIAG] reconnect wait tag=SSE_BATTERY_LOW_SHUTDOWN, delay=10s, reconnect=132, reason=HTTP 404, url=http://localhost:8080/robot_ec2b/events/battery/low_shutdown
2026-08-21 11:00:35.489 [session=000420] [INFO] [MainThread] [MAIN_THREAD_HEARTBEAT] GUI main thread alive: thread=MainThread
2026-08-21 11:00:40.490 [session=000420] [INFO] [MainThread] [MAIN_THREAD_HEARTBEAT] GUI main thread alive: thread=MainThread
2026-08-21 11:00:41.490 [session=000420] [DEBUG] [RestApiThread] GetCallBellFromRESTAPI 요청 시작
2026-08-21 11:00:41.493 [session=000420] [DEBUG] [RestApiThread] _get_data: 요청 시작 - tag: REST_API_TAG.GET_CALLBELL, url: http://localhost:8080/robot_ec2b/callbell
2026-08-21 11:00:41.499 [session=000420] [DEBUG] [RestApiThread] _get_data: 요청 전송 완료 - tag: REST_API_TAG.GET_CALLBELL, timeout: 30000ms
2026-08-21 11:00:41.504 [session=000420] [INFO] [MainThread] model_manager set_destinations: unchanged (5 items) - emit skipped
2026-08-21 11:00:41.534 [session=000420] [DEBUG] [RestApiThread] _handle_response 호출됨 - tag: REST_API_TAG.GET_CALLBELL, status_code: 200
2026-08-21 11:00:41.536 [session=000420] [INFO] [ThreadPoolExecutor-5_1] 호출벨 데이터 수신: 5개
2026-08-21 11:00:41.537 [session=000420] [INFO] [MainThread] 호출벨-목적지 동기화 완료: 5개 호출벨
2026-08-21 11:00:41.538 [session=000420] [INFO] [MainThread] 목적지 리스트 반환: destinations=[Destination(name='로비', goal_pose=Pose(x=4.241336459631034, y=-2.361104203714551, qw=0.5097087478206948, qz=0.8603470185890456), bell=Bells(treatment='', suction='64012cd7'), idx=0, color='#e53935'), Destination(name='수술실', goal_pose=Pose(x=4.5199271819089395, y=-3.9219605026851503, qw=0.14533446519134308, qz=-0.9893825818294691), bell=Bells(treatment='', suction='64132cd7'), idx=1, color='#e53935'), Destination(name='진료실', goal_pose=Pose(x=0.11980823444488001, y=-3.735511450600503, qw=0.9963649848510123, qz=0.0851869530083222), bell=Bells(treatment='', suction='64252cd7'), idx=2, color='#e53935'), Destination(name='창고', goal_pose=Pose(x=0.2834625688692579, y=-6.793061814598156, qw=0.5257961572167338, qz=0.850610604834031), bell=Bells(treatment='', suction='64372cd7'), idx=3, color='#e53935'), Destination(name='소독실', goal_pose=Pose(x=-3.4045695907217928, y=-7.611793760201744, qw=0.546869706461766, qz=0.8372177280459497), bell=Bells(treatment='', suction='64492cd7'), idx=4, color='#e53935')]
2026-08-21 11:00:41.539 [session=000420] [INFO] [MainThread] 호출벨 리스트 반환: callbells={'64012cd7': {'name': '호출벨 1', 'usage': 'suction', 'destination': '로비'}, '64132cd7': {'name': '호출벨 2', 'usage': 'suction', 'destination': '수술실'}, '64252cd7': {'name': '호출벨 3', 'usage': 'suction', 'destination': '진료실'}, '64372cd7': {'name': '호출벨 4', 'usage': 'suction', 'destination': '창고'}, '64492cd7': {'name': '호출벨 5', 'usage': 'suction', 'destination': '소독실'}}, robot_usages=['treatment', 'suction']
2026-08-21 11:00:41.539 [session=000420] [INFO] [MainThread] 호출벨 리스트 로드: 5개
2026-08-21 11:00:41.539 [session=000420] [INFO] [MainThread] 호출벨 목록 동일 - UI 재생성 생략
2026-08-21 11:00:41.540 [session=000420] [INFO] [MainThread] 호출벨용 용도 목록 로드 요청
2026-08-21 11:00:41.540 [session=000420] [INFO] [MainThread] 호출벨에 용도 목록 전달: 2개
2026-08-21 11:00:41.540 [session=000420] [INFO] [MainThread] 용도 목록 로드: 2개
2026-08-21 11:00:41.540 [session=000420] [INFO] [MainThread] 목적지 목록 로드: 5개
2026-08-21 11:00:41.541 [session=000420] [INFO] [MainThread] 호출벨 관리에 목적지 목록 전달: 5개
2026-08-21 11:00:41.542 [session=000420] [INFO] [MainThread] My IP : 192.168.104.212
2026-08-21 11:00:41.544 [session=000420] [INFO] [browser-music-sync_0] [BROWSER_MUSIC_SYNC] event=catalog_fetch_started master_base_url=http://127.0.0.1:5051
2026-08-21 11:00:41.589 [session=000420] [INFO] [browser-music-sync_0] [BROWSER_MUSIC_SYNC] event=catalog_fetch_succeeded master_base_url=http://127.0.0.1:5051 item_count=3
2026-08-21 11:00:41.594 [session=000420] [INFO] [RestApiThread] [REST API] 배경 음악 GET 전송: operation=selection_get, url=http://127.0.0.1:5051/api/voice-event-settings/background-music?robot_id=robot_ec2b
2026-08-21 11:00:41.595 [session=000420] [INFO] [RestApiThread] [REST API] 배경 음악 GET 전송: operation=resolved_get, url=http://127.0.0.1:5051/api/voice-event-settings/resolved?robot_id=robot_ec2b
2026-08-21 11:00:41.618 [session=000420] [DEBUG] [RestApiThread] _handle_response 호출됨 - tag: REST_API_TAG.GET_BACKGROUND_MUSIC_SETTING, status_code: 200
2026-08-21 11:00:41.629 [session=000420] [DEBUG] [RestApiThread] _handle_response 호출됨 - tag: REST_API_TAG.GET_RESOLVED_BACKGROUND_MUSIC, status_code: 200
2026-08-21 11:00:43.571 [session=000420] [INFO] [SSE-SSE_BATTERY_LOW_SHUTDOWN] [SSE_DIAG] connect attempt tag=SSE_BATTERY_LOW_SHUTDOWN, reconnect=132, url=http://localhost:8080/robot_ec2b/events/battery/low_shutdown
2026-08-21 11:00:43.587 [session=000420] [INFO] [SSE-SSE_BATTERY_LOW_SHUTDOWN] [SSE_DIAG] connected tag=SSE_BATTERY_LOW_SHUTDOWN, status=404, reason=Not Found, elapsed=0.02s, content_type=application/json, url=http://localhost:8080/robot_ec2b/events/battery/low_shutdown
2026-08-21 11:00:43.588 [session=000420] [ERROR] [SSE-SSE_BATTERY_LOW_SHUTDOWN] [SSE_DIAG] non-200 response tag=SSE_BATTERY_LOW_SHUTDOWN, status=404, reason=Not Found, url=http://localhost:8080/robot_ec2b/events/battery/low_shutdown
2026-08-21 11:00:43.589 [session=000420] [INFO] [SSE-SSE_BATTERY_LOW_SHUTDOWN] [SSE_DIAG] reconnect wait tag=SSE_BATTERY_LOW_SHUTDOWN, delay=10s, reconnect=133, reason=HTTP 404, url=http://localhost:8080/robot_ec2b/events/battery/low_shutdown
2026-08-21 11:00:45.490 [session=000420] [INFO] [MainThread] [MAIN_THREAD_HEARTBEAT] GUI main thread alive: thread=MainThread
2026-08-21 11:00:50.489 [session=000420] [INFO] [MainThread] [MAIN_THREAD_HEARTBEAT] GUI main thread alive: thread=MainThread
2026-08-21 11:00:51.491 [session=000420] [DEBUG] [RestApiThread] GetCallBellFromRESTAPI 요청 시작
2026-08-21 11:00:51.495 [session=000420] [DEBUG] [RestApiThread] _get_data: 요청 시작 - tag: REST_API_TAG.GET_CALLBELL, url: http://localhost:8080/robot_ec2b/callbell
2026-08-21 11:00:51.496 [session=000420] [DEBUG] [RestApiThread] _get_data: 요청 전송 완료 - tag: REST_API_TAG.GET_CALLBELL, timeout: 30000ms
2026-08-21 11:00:51.499 [session=000420] [INFO] [MainThread] model_manager set_destinations: unchanged (5 items) - emit skipped
2026-08-21 11:00:51.504 [session=000420] [DEBUG] [RestApiThread] _handle_response 호출됨 - tag: REST_API_TAG.GET_CALLBELL, status_code: 200
2026-08-21 11:00:51.505 [session=000420] [INFO] [ThreadPoolExecutor-5_0] 호출벨 데이터 수신: 5개
2026-08-21 11:00:51.508 [session=000420] [INFO] [MainThread] 호출벨-목적지 동기화 완료: 5개 호출벨
2026-08-21 11:00:51.508 [session=000420] [INFO] [MainThread] 목적지 리스트 반환: destinations=[Destination(name='로비', goal_pose=Pose(x=4.241336459631034, y=-2.361104203714551, qw=0.5097087478206948, qz=0.8603470185890456), bell=Bells(treatment='', suction='64012cd7'), idx=0, color='#e53935'), Destination(name='수술실', goal_pose=Pose(x=4.5199271819089395, y=-3.9219605026851503, qw=0.14533446519134308, qz=-0.9893825818294691), bell=Bells(treatment='', suction='64132cd7'), idx=1, color='#e53935'), Destination(name='진료실', goal_pose=Pose(x=0.11980823444488001, y=-3.735511450600503, qw=0.9963649848510123, qz=0.0851869530083222), bell=Bells(treatment='', suction='64252cd7'), idx=2, color='#e53935'), Destination(name='창고', goal_pose=Pose(x=0.2834625688692579, y=-6.793061814598156, qw=0.5257961572167338, qz=0.850610604834031), bell=Bells(treatment='', suction='64372cd7'), idx=3, color='#e53935'), Destination(name='소독실', goal_pose=Pose(x=-3.4045695907217928, y=-7.611793760201744, qw=0.546869706461766, qz=0.8372177280459497), bell=Bells(treatment='', suction='64492cd7'), idx=4, color='#e53935')]
2026-08-21 11:00:51.509 [session=000420] [INFO] [MainThread] 호출벨 리스트 반환: callbells={'64012cd7': {'name': '호출벨 1', 'usage': 'suction', 'destination': '로비'}, '64132cd7': {'name': '호출벨 2', 'usage': 'suction', 'destination': '수술실'}, '64252cd7': {'name': '호출벨 3', 'usage': 'suction', 'destination': '진료실'}, '64372cd7': {'name': '호출벨 4', 'usage': 'suction', 'destination': '창고'}, '64492cd7': {'name': '호출벨 5', 'usage': 'suction', 'destination': '소독실'}}, robot_usages=['treatment', 'suction']
2026-08-21 11:00:51.509 [session=000420] [INFO] [MainThread] 호출벨 리스트 로드: 5개
2026-08-21 11:00:51.509 [session=000420] [INFO] [MainThread] 호출벨 목록 동일 - UI 재생성 생략
2026-08-21 11:00:51.509 [session=000420] [INFO] [MainThread] 호출벨용 용도 목록 로드 요청
2026-08-21 11:00:51.510 [session=000420] [INFO] [MainThread] 호출벨에 용도 목록 전달: 2개
2026-08-21 11:00:51.510 [session=000420] [INFO] [MainThread] 용도 목록 로드: 2개
2026-08-21 11:00:51.510 [session=000420] [INFO] [MainThread] 목적지 목록 로드: 5개
2026-08-21 11:00:51.510 [session=000420] [INFO] [MainThread] 호출벨 관리에 목적지 목록 전달: 5개
2026-08-21 11:00:51.516 [session=000420] [INFO] [MainThread] My IP : 192.168.104.212
2026-08-21 11:00:53.590 [session=000420] [INFO] [SSE-SSE_BATTERY_LOW_SHUTDOWN] [SSE_DIAG] connect attempt tag=SSE_BATTERY_LOW_SHUTDOWN, reconnect=133, url=http://localhost:8080/robot_ec2b/events/battery/low_shutdown
2026-08-21 11:00:53.608 [session=000420] [INFO] [SSE-SSE_BATTERY_LOW_SHUTDOWN] [SSE_DIAG] connected tag=SSE_BATTERY_LOW_SHUTDOWN, status=404, reason=Not Found, elapsed=0.02s, content_type=application/json, url=http://localhost:8080/robot_ec2b/events/battery/low_shutdown
2026-08-21 11:00:53.609 [session=000420] [ERROR] [SSE-SSE_BATTERY_LOW_SHUTDOWN] [SSE_DIAG] non-200 response tag=SSE_BATTERY_LOW_SHUTDOWN, status=404, reason=Not Found, url=http://localhost:8080/robot_ec2b/events/battery/low_shutdown
2026-08-21 11:00:53.611 [session=000420] [INFO] [SSE-SSE_BATTERY_LOW_SHUTDOWN] [SSE_DIAG] reconnect wait tag=SSE_BATTERY_LOW_SHUTDOWN, delay=10s, reconnect=134, reason=HTTP 404, url=http://localhost:8080/robot_ec2b/events/battery/low_shutdown
2026-08-21 11:00:55.489 [session=000420] [INFO] [MainThread] [MAIN_THREAD_HEARTBEAT] GUI main thread alive: thread=MainThread
2026-08-21 11:01:00.489 [session=000420] [INFO] [MainThread] [MAIN_THREAD_HEARTBEAT] GUI main thread alive: thread=MainThread
2026-08-21 11:01:01.491 [session=000420] [DEBUG] [RestApiThread] GetCallBellFromRESTAPI 요청 시작
2026-08-21 11:01:01.497 [session=000420] [DEBUG] [RestApiThread] _get_data: 요청 시작 - tag: REST_API_TAG.GET_CALLBELL, url: http://localhost:8080/robot_ec2b/callbell
2026-08-21 11:01:01.500 [session=000420] [DEBUG] [RestApiThread] _get_data: 요청 전송 완료 - tag: REST_API_TAG.GET_CALLBELL, timeout: 30000ms
2026-08-21 11:01:01.503 [session=000420] [INFO] [MainThread] model_manager set_destinations: unchanged (5 items) - emit skipped
2026-08-21 11:01:01.517 [session=000420] [DEBUG] [RestApiThread] _handle_response 호출됨 - tag: REST_API_TAG.GET_CALLBELL, status_code: 200
2026-08-21 11:01:01.519 [session=000420] [INFO] [ThreadPoolExecutor-5_1] 호출벨 데이터 수신: 5개
2026-08-21 11:01:01.520 [session=000420] [INFO] [MainThread] 호출벨-목적지 동기화 완료: 5개 호출벨
2026-08-21 11:01:01.521 [session=000420] [INFO] [MainThread] 목적지 리스트 반환: destinations=[Destination(name='로비', goal_pose=Pose(x=4.241336459631034, y=-2.361104203714551, qw=0.5097087478206948, qz=0.8603470185890456), bell=Bells(treatment='', suction='64012cd7'), idx=0, color='#e53935'), Destination(name='수술실', goal_pose=Pose(x=4.5199271819089395, y=-3.9219605026851503, qw=0.14533446519134308, qz=-0.9893825818294691), bell=Bells(treatment='', suction='64132cd7'), idx=1, color='#e53935'), Destination(name='진료실', goal_pose=Pose(x=0.11980823444488001, y=-3.735511450600503, qw=0.9963649848510123, qz=0.0851869530083222), bell=Bells(treatment='', suction='64252cd7'), idx=2, color='#e53935'), Destination(name='창고', goal_pose=Pose(x=0.2834625688692579, y=-6.793061814598156, qw=0.5257961572167338, qz=0.850610604834031), bell=Bells(treatment='', suction='64372cd7'), idx=3, color='#e53935'), Destination(name='소독실', goal_pose=Pose(x=-3.4045695907217928, y=-7.611793760201744, qw=0.546869706461766, qz=0.8372177280459497), bell=Bells(treatment='', suction='64492cd7'), idx=4, color='#e53935')]
2026-08-21 11:01:01.521 [session=000420] [INFO] [MainThread] 호출벨 리스트 반환: callbells={'64012cd7': {'name': '호출벨 1', 'usage': 'suction', 'destination': '로비'}, '64132cd7': {'name': '호출벨 2', 'usage': 'suction', 'destination': '수술실'}, '64252cd7': {'name': '호출벨 3', 'usage': 'suction', 'destination': '진료실'}, '64372cd7': {'name': '호출벨 4', 'usage': 'suction', 'destination': '창고'}, '64492cd7': {'name': '호출벨 5', 'usage': 'suction', 'destination': '소독실'}}, robot_usages=['treatment', 'suction']
2026-08-21 11:01:01.521 [session=000420] [INFO] [MainThread] 호출벨 리스트 로드: 5개
2026-08-21 11:01:01.522 [session=000420] [INFO] [MainThread] 호출벨 목록 동일 - UI 재생성 생략
2026-08-21 11:01:01.524 [session=000420] [INFO] [MainThread] 호출벨용 용도 목록 로드 요청
2026-08-21 11:01:01.526 [session=000420] [INFO] [MainThread] 호출벨에 용도 목록 전달: 2개
2026-08-21 11:01:01.527 [session=000420] [INFO] [MainThread] 용도 목록 로드: 2개
2026-08-21 11:01:01.528 [session=000420] [INFO] [MainThread] 목적지 목록 로드: 5개
2026-08-21 11:01:01.529 [session=000420] [INFO] [MainThread] 호출벨 관리에 목적지 목록 전달: 5개
2026-08-21 11:01:01.536 [session=000420] [INFO] [MainThread] My IP : 192.168.104.212
2026-08-21 11:01:03.612 [session=000420] [INFO] [SSE-SSE_BATTERY_LOW_SHUTDOWN] [SSE_DIAG] connect attempt tag=SSE_BATTERY_LOW_SHUTDOWN, reconnect=134, url=http://localhost:8080/robot_ec2b/events/battery/low_shutdown
2026-08-21 11:01:03.629 [session=000420] [INFO] [SSE-SSE_BATTERY_LOW_SHUTDOWN] [SSE_DIAG] connected tag=SSE_BATTERY_LOW_SHUTDOWN, status=404, reason=Not Found, elapsed=0.02s, content_type=application/json, url=http://localhost:8080/robot_ec2b/events/battery/low_shutdown
2026-08-21 11:01:03.630 [session=000420] [ERROR] [SSE-SSE_BATTERY_LOW_SHUTDOWN] [SSE_DIAG] non-200 response tag=SSE_BATTERY_LOW_SHUTDOWN, status=404, reason=Not Found, url=http://localhost:8080/robot_ec2b/events/battery/low_shutdown
2026-08-21 11:01:03.632 [session=000420] [INFO] [SSE-SSE_BATTERY_LOW_SHUTDOWN] [SSE_DIAG] reconnect wait tag=SSE_BATTERY_LOW_SHUTDOWN, delay=10s, reconnect=135, reason=HTTP 404, url=http://localhost:8080/robot_ec2b/events/battery/low_shutdown
2026-08-21 11:01:05.489 [session=000420] [INFO] [MainThread] [MAIN_THREAD_HEARTBEAT] GUI main thread alive: thread=MainThread
2026-08-21 11:01:10.490 [session=000420] [INFO] [MainThread] [MAIN_THREAD_HEARTBEAT] GUI main thread alive: thread=MainThread
2026-08-21 11:01:11.499 [session=000420] [DEBUG] [RestApiThread] GetCallBellFromRESTAPI 요청 시작
2026-08-21 11:01:11.501 [session=000420] [DEBUG] [RestApiThread] _get_data: 요청 시작 - tag: REST_API_TAG.GET_CALLBELL, url: http://localhost:8080/robot_ec2b/callbell
2026-08-21 11:01:11.502 [session=000420] [DEBUG] [RestApiThread] _get_data: 요청 전송 완료 - tag: REST_API_TAG.GET_CALLBELL, timeout: 30000ms
2026-08-21 11:01:11.512 [session=000420] [INFO] [MainThread] model_manager set_destinations: unchanged (5 items) - emit skipped
2026-08-21 11:01:11.518 [session=000420] [DEBUG] [RestApiThread] _handle_response 호출됨 - tag: REST_API_TAG.GET_CALLBELL, status_code: 200
2026-08-21 11:01:11.519 [session=000420] [INFO] [ThreadPoolExecutor-5_1] 호출벨 데이터 수신: 5개
2026-08-21 11:01:11.527 [session=000420] [INFO] [MainThread] 호출벨-목적지 동기화 완료: 5개 호출벨
2026-08-21 11:01:11.527 [session=000420] [INFO] [MainThread] 목적지 리스트 반환: destinations=[Destination(name='로비', goal_pose=Pose(x=4.241336459631034, y=-2.361104203714551, qw=0.5097087478206948, qz=0.8603470185890456), bell=Bells(treatment='', suction='64012cd7'), idx=0, color='#e53935'), Destination(name='수술실', goal_pose=Pose(x=4.5199271819089395, y=-3.9219605026851503, qw=0.14533446519134308, qz=-0.9893825818294691), bell=Bells(treatment='', suction='64132cd7'), idx=1, color='#e53935'), Destination(name='진료실', goal_pose=Pose(x=0.11980823444488001, y=-3.735511450600503, qw=0.9963649848510123, qz=0.0851869530083222), bell=Bells(treatment='', suction='64252cd7'), idx=2, color='#e53935'), Destination(name='창고', goal_pose=Pose(x=0.2834625688692579, y=-6.793061814598156, qw=0.5257961572167338, qz=0.850610604834031), bell=Bells(treatment='', suction='64372cd7'), idx=3, color='#e53935'), Destination(name='소독실', goal_pose=Pose(x=-3.4045695907217928, y=-7.611793760201744, qw=0.546869706461766, qz=0.8372177280459497), bell=Bells(treatment='', suction='64492cd7'), idx=4, color='#e53935')]
2026-08-21 11:01:11.528 [session=000420] [INFO] [MainThread] 호출벨 리스트 반환: callbells={'64012cd7': {'name': '호출벨 1', 'usage': 'suction', 'destination': '로비'}, '64132cd7': {'name': '호출벨 2', 'usage': 'suction', 'destination': '수술실'}, '64252cd7': {'name': '호출벨 3', 'usage': 'suction', 'destination': '진료실'}, '64372cd7': {'name': '호출벨 4', 'usage': 'suction', 'destination': '창고'}, '64492cd7': {'name': '호출벨 5', 'usage': 'suction', 'destination': '소독실'}}, robot_usages=['treatment', 'suction']
2026-08-21 11:01:11.528 [session=000420] [INFO] [MainThread] 호출벨 리스트 로드: 5개
2026-08-21 11:01:11.528 [session=000420] [INFO] [MainThread] 호출벨 목록 동일 - UI 재생성 생략
2026-08-21 11:01:11.528 [session=000420] [INFO] [MainThread] 호출벨용 용도 목록 로드 요청
2026-08-21 11:01:11.529 [session=000420] [INFO] [MainThread] 호출벨에 용도 목록 전달: 2개
2026-08-21 11:01:11.529 [session=000420] [INFO] [MainThread] 용도 목록 로드: 2개
2026-08-21 11:01:11.529 [session=000420] [INFO] [MainThread] 목적지 목록 로드: 5개
2026-08-21 11:01:11.529 [session=000420] [INFO] [MainThread] 호출벨 관리에 목적지 목록 전달: 5개
2026-08-21 11:01:11.530 [session=000420] [INFO] [MainThread] My IP : 192.168.104.212
2026-08-21 11:01:13.633 [session=000420] [INFO] [SSE-SSE_BATTERY_LOW_SHUTDOWN] [SSE_DIAG] connect attempt tag=SSE_BATTERY_LOW_SHUTDOWN, reconnect=135, url=http://localhost:8080/robot_ec2b/events/battery/low_shutdown
2026-08-21 11:01:13.649 [session=000420] [INFO] [SSE-SSE_BATTERY_LOW_SHUTDOWN] [SSE_DIAG] connected tag=SSE_BATTERY_LOW_SHUTDOWN, status=404, reason=Not Found, elapsed=0.02s, content_type=application/json, url=http://localhost:8080/robot_ec2b/events/battery/low_shutdown
2026-08-21 11:01:13.650 [session=000420] [ERROR] [SSE-SSE_BATTERY_LOW_SHUTDOWN] [SSE_DIAG] non-200 response tag=SSE_BATTERY_LOW_SHUTDOWN, status=404, reason=Not Found, url=http://localhost:8080/robot_ec2b/events/battery/low_shutdown
2026-08-21 11:01:13.651 [session=000420] [INFO] [SSE-SSE_BATTERY_LOW_SHUTDOWN] [SSE_DIAG] reconnect wait tag=SSE_BATTERY_LOW_SHUTDOWN, delay=10s, reconnect=136, reason=HTTP 404, url=http://localhost:8080/robot_ec2b/events/battery/low_shutdown
2026-08-21 11:01:15.489 [session=000420] [INFO] [MainThread] [MAIN_THREAD_HEARTBEAT] GUI main thread alive: thread=MainThread
2026-08-21 11:01:20.489 [session=000420] [INFO] [MainThread] [MAIN_THREAD_HEARTBEAT] GUI main thread alive: thread=MainThread
2026-08-21 11:01:21.494 [session=000420] [DEBUG] [RestApiThread] GetCallBellFromRESTAPI 요청 시작
2026-08-21 11:01:21.498 [session=000420] [DEBUG] [RestApiThread] _get_data: 요청 시작 - tag: REST_API_TAG.GET_CALLBELL, url: http://localhost:8080/robot_ec2b/callbell
2026-08-21 11:01:21.499 [session=000420] [DEBUG] [RestApiThread] _get_data: 요청 전송 완료 - tag: REST_API_TAG.GET_CALLBELL, timeout: 30000ms
2026-08-21 11:01:21.502 [session=000420] [INFO] [MainThread] model_manager set_destinations: unchanged (5 items) - emit skipped
2026-08-21 11:01:21.514 [session=000420] [DEBUG] [RestApiThread] _handle_response 호출됨 - tag: REST_API_TAG.GET_CALLBELL, status_code: 200
2026-08-21 11:01:21.525 [session=000420] [INFO] [ThreadPoolExecutor-5_0] 호출벨 데이터 수신: 5개
2026-08-21 11:01:21.527 [session=000420] [INFO] [MainThread] 호출벨-목적지 동기화 완료: 5개 호출벨
2026-08-21 11:01:21.528 [session=000420] [INFO] [MainThread] 목적지 리스트 반환: destinations=[Destination(name='로비', goal_pose=Pose(x=4.241336459631034, y=-2.361104203714551, qw=0.5097087478206948, qz=0.8603470185890456), bell=Bells(treatment='', suction='64012cd7'), idx=0, color='#e53935'), Destination(name='수술실', goal_pose=Pose(x=4.5199271819089395, y=-3.9219605026851503, qw=0.14533446519134308, qz=-0.9893825818294691), bell=Bells(treatment='', suction='64132cd7'), idx=1, color='#e53935'), Destination(name='진료실', goal_pose=Pose(x=0.11980823444488001, y=-3.735511450600503, qw=0.9963649848510123, qz=0.0851869530083222), bell=Bells(treatment='', suction='64252cd7'), idx=2, color='#e53935'), Destination(name='창고', goal_pose=Pose(x=0.2834625688692579, y=-6.793061814598156, qw=0.5257961572167338, qz=0.850610604834031), bell=Bells(treatment='', suction='64372cd7'), idx=3, color='#e53935'), Destination(name='소독실', goal_pose=Pose(x=-3.4045695907217928, y=-7.611793760201744, qw=0.546869706461766, qz=0.8372177280459497), bell=Bells(treatment='', suction='64492cd7'), idx=4, color='#e53935')]
2026-08-21 11:01:21.528 [session=000420] [INFO] [MainThread] 호출벨 리스트 반환: callbells={'64012cd7': {'name': '호출벨 1', 'usage': 'suction', 'destination': '로비'}, '64132cd7': {'name': '호출벨 2', 'usage': 'suction', 'destination': '수술실'}, '64252cd7': {'name': '호출벨 3', 'usage': 'suction', 'destination': '진료실'}, '64372cd7': {'name': '호출벨 4', 'usage': 'suction', 'destination': '창고'}, '64492cd7': {'name': '호출벨 5', 'usage': 'suction', 'destination': '소독실'}}, robot_usages=['treatment', 'suction']
2026-08-21 11:01:21.529 [session=000420] [INFO] [MainThread] 호출벨 리스트 로드: 5개
2026-08-21 11:01:21.529 [session=000420] [INFO] [MainThread] 호출벨 목록 동일 - UI 재생성 생략
2026-08-21 11:01:21.530 [session=000420] [INFO] [MainThread] 호출벨용 용도 목록 로드 요청
2026-08-21 11:01:21.530 [session=000420] [INFO] [MainThread] 호출벨에 용도 목록 전달: 2개
2026-08-21 11:01:21.530 [session=000420] [INFO] [MainThread] 용도 목록 로드: 2개
2026-08-21 11:01:21.530 [session=000420] [INFO] [MainThread] 목적지 목록 로드: 5개
2026-08-21 11:01:21.531 [session=000420] [INFO] [MainThread] 호출벨 관리에 목적지 목록 전달: 5개
2026-08-21 11:01:21.531 [session=000420] [INFO] [MainThread] My IP : 192.168.104.212
2026-08-21 11:01:21.533 [session=000420] [INFO] [browser-music-sync_0] [BROWSER_MUSIC_SYNC] event=catalog_fetch_started master_base_url=http://127.0.0.1:5051
2026-08-21 11:01:21.563 [session=000420] [INFO] [browser-music-sync_0] [BROWSER_MUSIC_SYNC] event=catalog_fetch_succeeded master_base_url=http://127.0.0.1:5051 item_count=3
2026-08-21 11:01:21.571 [session=000420] [INFO] [RestApiThread] [REST API] 배경 음악 GET 전송: operation=selection_get, url=http://127.0.0.1:5051/api/voice-event-settings/background-music?robot_id=robot_ec2b
2026-08-21 11:01:21.576 [session=000420] [INFO] [RestApiThread] [REST API] 배경 음악 GET 전송: operation=resolved_get, url=http://127.0.0.1:5051/api/voice-event-settings/resolved?robot_id=robot_ec2b
2026-08-21 11:01:21.591 [session=000420] [DEBUG] [RestApiThread] _handle_response 호출됨 - tag: REST_API_TAG.GET_BACKGROUND_MUSIC_SETTING, status_code: 200
2026-08-21 11:01:21.598 [session=000420] [DEBUG] [RestApiThread] _handle_response 호출됨 - tag: REST_API_TAG.GET_RESOLVED_BACKGROUND_MUSIC, status_code: 200
2026-08-21 11:01:23.653 [session=000420] [INFO] [SSE-SSE_BATTERY_LOW_SHUTDOWN] [SSE_DIAG] connect attempt tag=SSE_BATTERY_LOW_SHUTDOWN, reconnect=136, url=http://localhost:8080/robot_ec2b/events/battery/low_shutdown
2026-08-21 11:01:23.677 [session=000420] [INFO] [SSE-SSE_BATTERY_LOW_SHUTDOWN] [SSE_DIAG] connected tag=SSE_BATTERY_LOW_SHUTDOWN, status=404, reason=Not Found, elapsed=0.02s, content_type=application/json, url=http://localhost:8080/robot_ec2b/events/battery/low_shutdown
2026-08-21 11:01:23.678 [session=000420] [ERROR] [SSE-SSE_BATTERY_LOW_SHUTDOWN] [SSE_DIAG] non-200 response tag=SSE_BATTERY_LOW_SHUTDOWN, status=404, reason=Not Found, url=http://localhost:8080/robot_ec2b/events/battery/low_shutdown
2026-08-21 11:01:23.681 [session=000420] [INFO] [SSE-SSE_BATTERY_LOW_SHUTDOWN] [SSE_DIAG] reconnect wait tag=SSE_BATTERY_LOW_SHUTDOWN, delay=10s, reconnect=137, reason=HTTP 404, url=http://localhost:8080/robot_ec2b/events/battery/low_shutdown
2026-08-21 11:01:25.489 [session=000420] [INFO] [MainThread] [MAIN_THREAD_HEARTBEAT] GUI main thread alive: thread=MainThread
2026-08-21 11:01:30.489 [session=000420] [INFO] [MainThread] [MAIN_THREAD_HEARTBEAT] GUI main thread alive: thread=MainThread
2026-08-21 11:01:31.491 [session=000420] [DEBUG] [RestApiThread] GetCallBellFromRESTAPI 요청 시작
2026-08-21 11:01:31.498 [session=000420] [DEBUG] [RestApiThread] _get_data: 요청 시작 - tag: REST_API_TAG.GET_CALLBELL, url: http://localhost:8080/robot_ec2b/callbell
2026-08-21 11:01:31.499 [session=000420] [DEBUG] [RestApiThread] _get_data: 요청 전송 완료 - tag: REST_API_TAG.GET_CALLBELL, timeout: 30000ms
2026-08-21 11:01:31.504 [session=000420] [INFO] [MainThread] model_manager set_destinations: unchanged (5 items) - emit skipped
2026-08-21 11:01:31.520 [session=000420] [DEBUG] [RestApiThread] _handle_response 호출됨 - tag: REST_API_TAG.GET_CALLBELL, status_code: 200
2026-08-21 11:01:31.523 [session=000420] [INFO] [ThreadPoolExecutor-5_0] 호출벨 데이터 수신: 5개
2026-08-21 11:01:31.526 [session=000420] [INFO] [MainThread] 호출벨-목적지 동기화 완료: 5개 호출벨
2026-08-21 11:01:31.526 [session=000420] [INFO] [MainThread] 목적지 리스트 반환: destinations=[Destination(name='로비', goal_pose=Pose(x=4.241336459631034, y=-2.361104203714551, qw=0.5097087478206948, qz=0.8603470185890456), bell=Bells(treatment='', suction='64012cd7'), idx=0, color='#e53935'), Destination(name='수술실', goal_pose=Pose(x=4.5199271819089395, y=-3.9219605026851503, qw=0.14533446519134308, qz=-0.9893825818294691), bell=Bells(treatment='', suction='64132cd7'), idx=1, color='#e53935'), Destination(name='진료실', goal_pose=Pose(x=0.11980823444488001, y=-3.735511450600503, qw=0.9963649848510123, qz=0.0851869530083222), bell=Bells(treatment='', suction='64252cd7'), idx=2, color='#e53935'), Destination(name='창고', goal_pose=Pose(x=0.2834625688692579, y=-6.793061814598156, qw=0.5257961572167338, qz=0.850610604834031), bell=Bells(treatment='', suction='64372cd7'), idx=3, color='#e53935'), Destination(name='소독실', goal_pose=Pose(x=-3.4045695907217928, y=-7.611793760201744, qw=0.546869706461766, qz=0.8372177280459497), bell=Bells(treatment='', suction='64492cd7'), idx=4, color='#e53935')]
2026-08-21 11:01:31.528 [session=000420] [INFO] [MainThread] 호출벨 리스트 반환: callbells={'64012cd7': {'name': '호출벨 1', 'usage': 'suction', 'destination': '로비'}, '64132cd7': {'name': '호출벨 2', 'usage': 'suction', 'destination': '수술실'}, '64252cd7': {'name': '호출벨 3', 'usage': 'suction', 'destination': '진료실'}, '64372cd7': {'name': '호출벨 4', 'usage': 'suction', 'destination': '창고'}, '64492cd7': {'name': '호출벨 5', 'usage': 'suction', 'destination': '소독실'}}, robot_usages=['treatment', 'suction']
2026-08-21 11:01:31.528 [session=000420] [INFO] [MainThread] 호출벨 리스트 로드: 5개
2026-08-21 11:01:31.529 [session=000420] [INFO] [MainThread] 호출벨 목록 동일 - UI 재생성 생략
2026-08-21 11:01:31.529 [session=000420] [INFO] [MainThread] 호출벨용 용도 목록 로드 요청
2026-08-21 11:01:31.529 [session=000420] [INFO] [MainThread] 호출벨에 용도 목록 전달: 2개
2026-08-21 11:01:31.529 [session=000420] [INFO] [MainThread] 용도 목록 로드: 2개
2026-08-21 11:01:31.530 [session=000420] [INFO] [MainThread] 목적지 목록 로드: 5개
2026-08-21 11:01:31.530 [session=000420] [INFO] [MainThread] 호출벨 관리에 목적지 목록 전달: 5개
2026-08-21 11:01:31.546 [session=000420] [INFO] [MainThread] My IP : 192.168.104.212
2026-08-21 11:01:33.683 [session=000420] [INFO] [SSE-SSE_BATTERY_LOW_SHUTDOWN] [SSE_DIAG] connect attempt tag=SSE_BATTERY_LOW_SHUTDOWN, reconnect=137, url=http://localhost:8080/robot_ec2b/events/battery/low_shutdown
2026-08-21 11:01:33.694 [session=000420] [INFO] [SSE-SSE_BATTERY_LOW_SHUTDOWN] [SSE_DIAG] connected tag=SSE_BATTERY_LOW_SHUTDOWN, status=404, reason=Not Found, elapsed=0.01s, content_type=application/json, url=http://localhost:8080/robot_ec2b/events/battery/low_shutdown
2026-08-21 11:01:33.695 [session=000420] [ERROR] [SSE-SSE_BATTERY_LOW_SHUTDOWN] [SSE_DIAG] non-200 response tag=SSE_BATTERY_LOW_SHUTDOWN, status=404, reason=Not Found, url=http://localhost:8080/robot_ec2b/events/battery/low_shutdown
2026-08-21 11:01:33.696 [session=000420] [INFO] [SSE-SSE_BATTERY_LOW_SHUTDOWN] [SSE_DIAG] reconnect wait tag=SSE_BATTERY_LOW_SHUTDOWN, delay=10s, reconnect=138, reason=HTTP 404, url=http://localhost:8080/robot_ec2b/events/battery/low_shutdown
2026-08-21 11:01:35.489 [session=000420] [INFO] [MainThread] [MAIN_THREAD_HEARTBEAT] GUI main thread alive: thread=MainThread
2026-08-21 11:01:40.489 [session=000420] [INFO] [MainThread] [MAIN_THREAD_HEARTBEAT] GUI main thread alive: thread=MainThread
2026-08-21 11:01:41.491 [session=000420] [DEBUG] [RestApiThread] GetCallBellFromRESTAPI 요청 시작
2026-08-21 11:01:41.493 [session=000420] [DEBUG] [RestApiThread] _get_data: 요청 시작 - tag: REST_API_TAG.GET_CALLBELL, url: http://localhost:8080/robot_ec2b/callbell
2026-08-21 11:01:41.503 [session=000420] [DEBUG] [RestApiThread] _get_data: 요청 전송 완료 - tag: REST_API_TAG.GET_CALLBELL, timeout: 30000ms
2026-08-21 11:01:41.509 [session=000420] [INFO] [MainThread] model_manager set_destinations: unchanged (5 items) - emit skipped
2026-08-21 11:01:41.512 [session=000420] [DEBUG] [RestApiThread] _handle_response 호출됨 - tag: REST_API_TAG.GET_CALLBELL, status_code: 200
2026-08-21 11:01:41.513 [session=000420] [INFO] [ThreadPoolExecutor-5_0] 호출벨 데이터 수신: 5개
2026-08-21 11:01:41.516 [session=000420] [INFO] [MainThread] 호출벨-목적지 동기화 완료: 5개 호출벨
2026-08-21 11:01:41.519 [session=000420] [INFO] [MainThread] 목적지 리스트 반환: destinations=[Destination(name='로비', goal_pose=Pose(x=4.241336459631034, y=-2.361104203714551, qw=0.5097087478206948, qz=0.8603470185890456), bell=Bells(treatment='', suction='64012cd7'), idx=0, color='#e53935'), Destination(name='수술실', goal_pose=Pose(x=4.5199271819089395, y=-3.9219605026851503, qw=0.14533446519134308, qz=-0.9893825818294691), bell=Bells(treatment='', suction='64132cd7'), idx=1, color='#e53935'), Destination(name='진료실', goal_pose=Pose(x=0.11980823444488001, y=-3.735511450600503, qw=0.9963649848510123, qz=0.0851869530083222), bell=Bells(treatment='', suction='64252cd7'), idx=2, color='#e53935'), Destination(name='창고', goal_pose=Pose(x=0.2834625688692579, y=-6.793061814598156, qw=0.5257961572167338, qz=0.850610604834031), bell=Bells(treatment='', suction='64372cd7'), idx=3, color='#e53935'), Destination(name='소독실', goal_pose=Pose(x=-3.4045695907217928, y=-7.611793760201744, qw=0.546869706461766, qz=0.8372177280459497), bell=Bells(treatment='', suction='64492cd7'), idx=4, color='#e53935')]
2026-08-21 11:01:41.520 [session=000420] [INFO] [MainThread] 호출벨 리스트 반환: callbells={'64012cd7': {'name': '호출벨 1', 'usage': 'suction', 'destination': '로비'}, '64132cd7': {'name': '호출벨 2', 'usage': 'suction', 'destination': '수술실'}, '64252cd7': {'name': '호출벨 3', 'usage': 'suction', 'destination': '진료실'}, '64372cd7': {'name': '호출벨 4', 'usage': 'suction', 'destination': '창고'}, '64492cd7': {'name': '호출벨 5', 'usage': 'suction', 'destination': '소독실'}}, robot_usages=['treatment', 'suction']
2026-08-21 11:01:41.520 [session=000420] [INFO] [MainThread] 호출벨 리스트 로드: 5개
2026-08-21 11:01:41.530 [session=000420] [INFO] [MainThread] 호출벨 목록 동일 - UI 재생성 생략
2026-08-21 11:01:41.532 [session=000420] [INFO] [MainThread] 호출벨용 용도 목록 로드 요청
2026-08-21 11:01:41.532 [session=000420] [INFO] [MainThread] 호출벨에 용도 목록 전달: 2개
2026-08-21 11:01:41.532 [session=000420] [INFO] [MainThread] 용도 목록 로드: 2개
2026-08-21 11:01:41.533 [session=000420] [INFO] [MainThread] 목적지 목록 로드: 5개
2026-08-21 11:01:41.533 [session=000420] [INFO] [MainThread] 호출벨 관리에 목적지 목록 전달: 5개
2026-08-21 11:01:41.534 [session=000420] [INFO] [MainThread] My IP : 192.168.104.212
2026-08-21 11:01:43.697 [session=000420] [INFO] [SSE-SSE_BATTERY_LOW_SHUTDOWN] [SSE_DIAG] connect attempt tag=SSE_BATTERY_LOW_SHUTDOWN, reconnect=138, url=http://localhost:8080/robot_ec2b/events/battery/low_shutdown
2026-08-21 11:01:43.709 [session=000420] [INFO] [SSE-SSE_BATTERY_LOW_SHUTDOWN] [SSE_DIAG] connected tag=SSE_BATTERY_LOW_SHUTDOWN, status=404, reason=Not Found, elapsed=0.01s, content_type=application/json, url=http://localhost:8080/robot_ec2b/events/battery/low_shutdown
2026-08-21 11:01:43.710 [session=000420] [ERROR] [SSE-SSE_BATTERY_LOW_SHUTDOWN] [SSE_DIAG] non-200 response tag=SSE_BATTERY_LOW_SHUTDOWN, status=404, reason=Not Found, url=http://localhost:8080/robot_ec2b/events/battery/low_shutdown
2026-08-21 11:01:43.711 [session=000420] [INFO] [SSE-SSE_BATTERY_LOW_SHUTDOWN] [SSE_DIAG] reconnect wait tag=SSE_BATTERY_LOW_SHUTDOWN, delay=10s, reconnect=139, reason=HTTP 404, url=http://localhost:8080/robot_ec2b/events/battery/low_shutdown
2026-08-21 11:01:45.495 [session=000420] [INFO] [MainThread] [MAIN_THREAD_HEARTBEAT] GUI main thread alive: thread=MainThread
2026-08-21 11:01:50.489 [session=000420] [INFO] [MainThread] [MAIN_THREAD_HEARTBEAT] GUI main thread alive: thread=MainThread
2026-08-21 11:01:51.491 [session=000420] [DEBUG] [RestApiThread] GetCallBellFromRESTAPI 요청 시작
2026-08-21 11:01:51.497 [session=000420] [DEBUG] [RestApiThread] _get_data: 요청 시작 - tag: REST_API_TAG.GET_CALLBELL, url: http://localhost:8080/robot_ec2b/callbell
2026-08-21 11:01:51.498 [session=000420] [DEBUG] [RestApiThread] _get_data: 요청 전송 완료 - tag: REST_API_TAG.GET_CALLBELL, timeout: 30000ms
2026-08-21 11:01:51.503 [session=000420] [INFO] [MainThread] model_manager set_destinations: unchanged (5 items) - emit skipped
2026-08-21 11:01:51.510 [session=000420] [DEBUG] [RestApiThread] _handle_response 호출됨 - tag: REST_API_TAG.GET_CALLBELL, status_code: 200
2026-08-21 11:01:51.511 [session=000420] [INFO] [ThreadPoolExecutor-5_0] 호출벨 데이터 수신: 5개
2026-08-21 11:01:51.513 [session=000420] [INFO] [MainThread] 호출벨-목적지 동기화 완료: 5개 호출벨
2026-08-21 11:01:51.513 [session=000420] [INFO] [MainThread] 목적지 리스트 반환: destinations=[Destination(name='로비', goal_pose=Pose(x=4.241336459631034, y=-2.361104203714551, qw=0.5097087478206948, qz=0.8603470185890456), bell=Bells(treatment='', suction='64012cd7'), idx=0, color='#e53935'), Destination(name='수술실', goal_pose=Pose(x=4.5199271819089395, y=-3.9219605026851503, qw=0.14533446519134308, qz=-0.9893825818294691), bell=Bells(treatment='', suction='64132cd7'), idx=1, color='#e53935'), Destination(name='진료실', goal_pose=Pose(x=0.11980823444488001, y=-3.735511450600503, qw=0.9963649848510123, qz=0.0851869530083222), bell=Bells(treatment='', suction='64252cd7'), idx=2, color='#e53935'), Destination(name='창고', goal_pose=Pose(x=0.2834625688692579, y=-6.793061814598156, qw=0.5257961572167338, qz=0.850610604834031), bell=Bells(treatment='', suction='64372cd7'), idx=3, color='#e53935'), Destination(name='소독실', goal_pose=Pose(x=-3.4045695907217928, y=-7.611793760201744, qw=0.546869706461766, qz=0.8372177280459497), bell=Bells(treatment='', suction='64492cd7'), idx=4, color='#e53935')]
2026-08-21 11:01:51.514 [session=000420] [INFO] [MainThread] 호출벨 리스트 반환: callbells={'64012cd7': {'name': '호출벨 1', 'usage': 'suction', 'destination': '로비'}, '64132cd7': {'name': '호출벨 2', 'usage': 'suction', 'destination': '수술실'}, '64252cd7': {'name': '호출벨 3', 'usage': 'suction', 'destination': '진료실'}, '64372cd7': {'name': '호출벨 4', 'usage': 'suction', 'destination': '창고'}, '64492cd7': {'name': '호출벨 5', 'usage': 'suction', 'destination': '소독실'}}, robot_usages=['treatment', 'suction']
2026-08-21 11:01:51.514 [session=000420] [INFO] [MainThread] 호출벨 리스트 로드: 5개
2026-08-21 11:01:51.521 [session=000420] [INFO] [MainThread] 호출벨 목록 동일 - UI 재생성 생략
2026-08-21 11:01:51.521 [session=000420] [INFO] [MainThread] 호출벨용 용도 목록 로드 요청
2026-08-21 11:01:51.521 [session=000420] [INFO] [MainThread] 호출벨에 용도 목록 전달: 2개
2026-08-21 11:01:51.521 [session=000420] [INFO] [MainThread] 용도 목록 로드: 2개
2026-08-21 11:01:51.527 [session=000420] [INFO] [MainThread] 목적지 목록 로드: 5개
2026-08-21 11:01:51.527 [session=000420] [INFO] [MainThread] 호출벨 관리에 목적지 목록 전달: 5개
2026-08-21 11:01:51.528 [session=000420] [INFO] [MainThread] My IP : 192.168.104.212
2026-08-21 11:01:53.713 [session=000420] [INFO] [SSE-SSE_BATTERY_LOW_SHUTDOWN] [SSE_DIAG] connect attempt tag=SSE_BATTERY_LOW_SHUTDOWN, reconnect=139, url=http://localhost:8080/robot_ec2b/events/battery/low_shutdown
2026-08-21 11:01:53.739 [session=000420] [INFO] [SSE-SSE_BATTERY_LOW_SHUTDOWN] [SSE_DIAG] connected tag=SSE_BATTERY_LOW_SHUTDOWN, status=404, reason=Not Found, elapsed=0.03s, content_type=application/json, url=http://localhost:8080/robot_ec2b/events/battery/low_shutdown
2026-08-21 11:01:53.740 [session=000420] [ERROR] [SSE-SSE_BATTERY_LOW_SHUTDOWN] [SSE_DIAG] non-200 response tag=SSE_BATTERY_LOW_SHUTDOWN, status=404, reason=Not Found, url=http://localhost:8080/robot_ec2b/events/battery/low_shutdown
2026-08-21 11:01:53.742 [session=000420] [INFO] [SSE-SSE_BATTERY_LOW_SHUTDOWN] [SSE_DIAG] reconnect wait tag=SSE_BATTERY_LOW_SHUTDOWN, delay=10s, reconnect=140, reason=HTTP 404, url=http://localhost:8080/robot_ec2b/events/battery/low_shutdown
2026-08-21 11:01:55.490 [session=000420] [INFO] [MainThread] [MAIN_THREAD_HEARTBEAT] GUI main thread alive: thread=MainThread
2026-08-21 11:02:00.489 [session=000420] [INFO] [MainThread] [MAIN_THREAD_HEARTBEAT] GUI main thread alive: thread=MainThread
2026-08-21 11:02:01.496 [session=000420] [DEBUG] [RestApiThread] GetCallBellFromRESTAPI 요청 시작
2026-08-21 11:02:01.499 [session=000420] [DEBUG] [RestApiThread] _get_data: 요청 시작 - tag: REST_API_TAG.GET_CALLBELL, url: http://localhost:8080/robot_ec2b/callbell
2026-08-21 11:02:01.501 [session=000420] [DEBUG] [RestApiThread] _get_data: 요청 전송 완료 - tag: REST_API_TAG.GET_CALLBELL, timeout: 30000ms
2026-08-21 11:02:01.509 [session=000420] [INFO] [RestApiThread] _handle_response (CYCLIC 정상) - tag: REST_API_TAG.GET_DESTINATIONS, status: 200, pending→2
2026-08-21 11:02:01.511 [session=000420] [INFO] [MainThread] model_manager set_destinations: unchanged (5 items) - emit skipped
2026-08-21 11:02:01.516 [session=000420] [DEBUG] [RestApiThread] _handle_response 호출됨 - tag: REST_API_TAG.GET_CALLBELL, status_code: 200
2026-08-21 11:02:01.520 [session=000420] [INFO] [ThreadPoolExecutor-5_1] 호출벨 데이터 수신: 5개
2026-08-21 11:02:01.521 [session=000420] [INFO] [RestApiThread] _handle_response (CYCLIC 정상) - tag: REST_API_TAG.GET_MASTER_IP_ADDRESS, status: 200, pending→0
2026-08-21 11:02:01.523 [session=000420] [INFO] [MainThread] 호출벨-목적지 동기화 완료: 5개 호출벨
2026-08-21 11:02:01.526 [session=000420] [INFO] [MainThread] 목적지 리스트 반환: destinations=[Destination(name='로비', goal_pose=Pose(x=4.241336459631034, y=-2.361104203714551, qw=0.5097087478206948, qz=0.8603470185890456), bell=Bells(treatment='', suction='64012cd7'), idx=0, color='#e53935'), Destination(name='수술실', goal_pose=Pose(x=4.5199271819089395, y=-3.9219605026851503, qw=0.14533446519134308, qz=-0.9893825818294691), bell=Bells(treatment='', suction='64132cd7'), idx=1, color='#e53935'), Destination(name='진료실', goal_pose=Pose(x=0.11980823444488001, y=-3.735511450600503, qw=0.9963649848510123, qz=0.0851869530083222), bell=Bells(treatment='', suction='64252cd7'), idx=2, color='#e53935'), Destination(name='창고', goal_pose=Pose(x=0.2834625688692579, y=-6.793061814598156, qw=0.5257961572167338, qz=0.850610604834031), bell=Bells(treatment='', suction='64372cd7'), idx=3, color='#e53935'), Destination(name='소독실', goal_pose=Pose(x=-3.4045695907217928, y=-7.611793760201744, qw=0.546869706461766, qz=0.8372177280459497), bell=Bells(treatment='', suction='64492cd7'), idx=4, color='#e53935')]
2026-08-21 11:02:01.527 [session=000420] [INFO] [MainThread] 호출벨 리스트 반환: callbells={'64012cd7': {'name': '호출벨 1', 'usage': 'suction', 'destination': '로비'}, '64132cd7': {'name': '호출벨 2', 'usage': 'suction', 'destination': '수술실'}, '64252cd7': {'name': '호출벨 3', 'usage': 'suction', 'destination': '진료실'}, '64372cd7': {'name': '호출벨 4', 'usage': 'suction', 'destination': '창고'}, '64492cd7': {'name': '호출벨 5', 'usage': 'suction', 'destination': '소독실'}}, robot_usages=['treatment', 'suction']
2026-08-21 11:02:01.530 [session=000420] [INFO] [MainThread] 호출벨 리스트 로드: 5개
2026-08-21 11:02:01.530 [session=000420] [INFO] [MainThread] 호출벨 목록 동일 - UI 재생성 생략
2026-08-21 11:02:01.531 [session=000420] [INFO] [MainThread] 호출벨용 용도 목록 로드 요청
2026-08-21 11:02:01.531 [session=000420] [INFO] [MainThread] 호출벨에 용도 목록 전달: 2개
2026-08-21 11:02:01.531 [session=000420] [INFO] [MainThread] 용도 목록 로드: 2개
2026-08-21 11:02:01.532 [session=000420] [INFO] [MainThread] 목적지 목록 로드: 5개
2026-08-21 11:02:01.535 [session=000420] [INFO] [MainThread] 호출벨 관리에 목적지 목록 전달: 5개
2026-08-21 11:02:01.537 [session=000420] [INFO] [MainThread] My IP : 192.168.104.212
2026-08-21 11:02:01.538 [session=000420] [INFO] [browser-music-sync_0] [BROWSER_MUSIC_SYNC] event=catalog_fetch_started master_base_url=http://127.0.0.1:5051
2026-08-21 11:02:01.570 [session=000420] [INFO] [browser-music-sync_0] [BROWSER_MUSIC_SYNC] event=catalog_fetch_succeeded master_base_url=http://127.0.0.1:5051 item_count=3
2026-08-21 11:02:01.580 [session=000420] [INFO] [RestApiThread] [REST API] 배경 음악 GET 전송: operation=selection_get, url=http://127.0.0.1:5051/api/voice-event-settings/background-music?robot_id=robot_ec2b
2026-08-21 11:02:01.582 [session=000420] [INFO] [RestApiThread] [REST API] 배경 음악 GET 전송: operation=resolved_get, url=http://127.0.0.1:5051/api/voice-event-settings/resolved?robot_id=robot_ec2b
2026-08-21 11:02:01.604 [session=000420] [DEBUG] [RestApiThread] _handle_response 호출됨 - tag: REST_API_TAG.GET_BACKGROUND_MUSIC_SETTING, status_code: 200
2026-08-21 11:02:01.610 [session=000420] [DEBUG] [RestApiThread] _handle_response 호출됨 - tag: REST_API_TAG.GET_RESOLVED_BACKGROUND_MUSIC, status_code: 200
2026-08-21 11:02:03.743 [session=000420] [INFO] [SSE-SSE_BATTERY_LOW_SHUTDOWN] [SSE_DIAG] connect attempt tag=SSE_BATTERY_LOW_SHUTDOWN, reconnect=140, url=http://localhost:8080/robot_ec2b/events/battery/low_shutdown
2026-08-21 11:02:03.764 [session=000420] [INFO] [SSE-SSE_BATTERY_LOW_SHUTDOWN] [SSE_DIAG] connected tag=SSE_BATTERY_LOW_SHUTDOWN, status=404, reason=Not Found, elapsed=0.02s, content_type=application/json, url=http://localhost:8080/robot_ec2b/events/battery/low_shutdown
2026-08-21 11:02:03.767 [session=000420] [ERROR] [SSE-SSE_BATTERY_LOW_SHUTDOWN] [SSE_DIAG] non-200 response tag=SSE_BATTERY_LOW_SHUTDOWN, status=404, reason=Not Found, url=http://localhost:8080/robot_ec2b/events/battery/low_shutdown
2026-08-21 11:02:03.769 [session=000420] [INFO] [SSE-SSE_BATTERY_LOW_SHUTDOWN] [SSE_DIAG] reconnect wait tag=SSE_BATTERY_LOW_SHUTDOWN, delay=10s, reconnect=141, reason=HTTP 404, url=http://localhost:8080/robot_ec2b/events/battery/low_shutdown
2026-08-21 11:02:05.489 [session=000420] [INFO] [MainThread] [MAIN_THREAD_HEARTBEAT] GUI main thread alive: thread=MainThread
2026-08-21 11:02:10.491 [session=000420] [INFO] [MainThread] [MAIN_THREAD_HEARTBEAT] GUI main thread alive: thread=MainThread
2026-08-21 11:02:11.491 [session=000420] [DEBUG] [RestApiThread] GetCallBellFromRESTAPI 요청 시작
2026-08-21 11:02:11.491 [session=000420] [DEBUG] [RestApiThread] _get_data: 요청 시작 - tag: REST_API_TAG.GET_CALLBELL, url: http://localhost:8080/robot_ec2b/callbell
2026-08-21 11:02:11.492 [session=000420] [DEBUG] [RestApiThread] _get_data: 요청 전송 완료 - tag: REST_API_TAG.GET_CALLBELL, timeout: 30000ms
2026-08-21 11:02:11.562 [session=000420] [DEBUG] [RestApiThread] _handle_response 호출됨 - tag: REST_API_TAG.GET_CALLBELL, status_code: 200
2026-08-21 11:02:11.562 [session=000420] [INFO] [ThreadPoolExecutor-5_0] 호출벨 데이터 수신: 5개
2026-08-21 11:02:11.564 [session=000420] [INFO] [MainThread] model_manager set_destinations: unchanged (5 items) - emit skipped
2026-08-21 11:02:11.567 [session=000420] [INFO] [MainThread] 호출벨-목적지 동기화 완료: 5개 호출벨
2026-08-21 11:02:11.568 [session=000420] [INFO] [MainThread] 목적지 리스트 반환: destinations=[Destination(name='로비', goal_pose=Pose(x=4.241336459631034, y=-2.361104203714551, qw=0.5097087478206948, qz=0.8603470185890456), bell=Bells(treatment='', suction='64012cd7'), idx=0, color='#e53935'), Destination(name='수술실', goal_pose=Pose(x=4.5199271819089395, y=-3.9219605026851503, qw=0.14533446519134308, qz=-0.9893825818294691), bell=Bells(treatment='', suction='64132cd7'), idx=1, color='#e53935'), Destination(name='진료실', goal_pose=Pose(x=0.11980823444488001, y=-3.735511450600503, qw=0.9963649848510123, qz=0.0851869530083222), bell=Bells(treatment='', suction='64252cd7'), idx=2, color='#e53935'), Destination(name='창고', goal_pose=Pose(x=0.2834625688692579, y=-6.793061814598156, qw=0.5257961572167338, qz=0.850610604834031), bell=Bells(treatment='', suction='64372cd7'), idx=3, color='#e53935'), Destination(name='소독실', goal_pose=Pose(x=-3.4045695907217928, y=-7.611793760201744, qw=0.546869706461766, qz=0.8372177280459497), bell=Bells(treatment='', suction='64492cd7'), idx=4, color='#e53935')]
2026-08-21 11:02:11.570 [session=000420] [INFO] [MainThread] 호출벨 리스트 반환: callbells={'64012cd7': {'name': '호출벨 1', 'usage': 'suction', 'destination': '로비'}, '64132cd7': {'name': '호출벨 2', 'usage': 'suction', 'destination': '수술실'}, '64252cd7': {'name': '호출벨 3', 'usage': 'suction', 'destination': '진료실'}, '64372cd7': {'name': '호출벨 4', 'usage': 'suction', 'destination': '창고'}, '64492cd7': {'name': '호출벨 5', 'usage': 'suction', 'destination': '소독실'}}, robot_usages=['treatment', 'suction']
2026-08-21 11:02:11.571 [session=000420] [INFO] [MainThread] 호출벨 리스트 로드: 5개
2026-08-21 11:02:11.575 [session=000420] [INFO] [MainThread] 호출벨 목록 동일 - UI 재생성 생략
2026-08-21 11:02:11.576 [session=000420] [INFO] [MainThread] 호출벨용 용도 목록 로드 요청
2026-08-21 11:02:11.577 [session=000420] [INFO] [MainThread] 호출벨에 용도 목록 전달: 2개
2026-08-21 11:02:11.577 [session=000420] [INFO] [MainThread] 용도 목록 로드: 2개
2026-08-21 11:02:11.577 [session=000420] [INFO] [MainThread] 목적지 목록 로드: 5개
2026-08-21 11:02:11.578 [session=000420] [INFO] [MainThread] 호출벨 관리에 목적지 목록 전달: 5개
2026-08-21 11:02:11.580 [session=000420] [INFO] [MainThread] My IP : 192.168.104.212
2026-08-21 11:02:13.770 [session=000420] [INFO] [SSE-SSE_BATTERY_LOW_SHUTDOWN] [SSE_DIAG] connect attempt tag=SSE_BATTERY_LOW_SHUTDOWN, reconnect=141, url=http://localhost:8080/robot_ec2b/events/battery/low_shutdown
2026-08-21 11:02:13.794 [session=000420] [INFO] [SSE-SSE_BATTERY_LOW_SHUTDOWN] [SSE_DIAG] connected tag=SSE_BATTERY_LOW_SHUTDOWN, status=404, reason=Not Found, elapsed=0.02s, content_type=application/json, url=http://localhost:8080/robot_ec2b/events/battery/low_shutdown
2026-08-21 11:02:13.795 [session=000420] [ERROR] [SSE-SSE_BATTERY_LOW_SHUTDOWN] [SSE_DIAG] non-200 response tag=SSE_BATTERY_LOW_SHUTDOWN, status=404, reason=Not Found, url=http://localhost:8080/robot_ec2b/events/battery/low_shutdown
2026-08-21 11:02:13.796 [session=000420] [INFO] [SSE-SSE_BATTERY_LOW_SHUTDOWN] [SSE_DIAG] reconnect wait tag=SSE_BATTERY_LOW_SHUTDOWN, delay=10s, reconnect=142, reason=HTTP 404, url=http://localhost:8080/robot_ec2b/events/battery/low_shutdown
2026-08-21 11:02:15.489 [session=000420] [INFO] [MainThread] [MAIN_THREAD_HEARTBEAT] GUI main thread alive: thread=MainThread
