2026-08-21 10:24:01.816 [session=000418] [INFO] [MainThread] [Logger] Session 000418 opened: /home/dentium/robot_GUIs/log/log_session_000418_20260821_102401.log
2026-08-21 10:24:01.810 [session=000418] [INFO] [MainThread] [STARTUP] main() entered DISPLAY=':0' ROBOT_ID='robot_ec2b' DEBUG='' trace=/home/dentium/robot_GUIs/log/startup_session_000418_20260821_102401.log
2026-08-21 10:24:01.819 [session=000418] [INFO] [MainThread] 설정 백그라운드 preload 시작
2026-08-21 10:24:01.819 [session=000418] [INFO] [MainThread] 지도 표시 캐시 백그라운드 preload 시작
2026-08-21 10:24:01.820 [session=000418] [INFO] [MainThread] nav2 파라미터 백그라운드 preload 시작
2026-08-21 10:24:01.821 [session=000418] [INFO] [ThreadPoolExecutor-1_0] 설정 로드 완료: /home/dentium/robot_GUIs/app/config/setting.json
2026-08-21 10:24:01.826 [session=000418] [INFO] [MainThread] [STACK_DUMP] freeze 시 수동 스택 덤프: kill -USR1 3450 → /home/dentium/robot_GUIs/log/manual_stack_dump/dump_session_000418_20260821_102401.log, kill -USR2 3450 → /tmp/dentium_display_stacks_3450.log
2026-08-21 10:24:01.828 [session=000418] [INFO] [MainThread] [STARTUP] creating QApplication
2026-08-21 10:24:01.944 [session=000418] [INFO] [MainThread] [STARTUP] QApplication created
2026-08-21 10:24:01.988 [session=000418] [INFO] [MainThread] 폰트 로드 성공: Pretendard-ExtraLight.otf -> ['Pretendard', 'Pretendard ExtraLight']
2026-08-21 10:24:01.991 [session=000418] [INFO] [MainThread] 폰트 로드 성공: Pretendard-ExtraBold.otf -> ['Pretendard', 'Pretendard ExtraBold']
2026-08-21 10:24:01.993 [session=000418] [INFO] [MainThread] 폰트 로드 성공: Pretendard-Bold.otf -> ['Pretendard']
2026-08-21 10:24:02.001 [session=000418] [INFO] [MainThread] 폰트 로드 성공: Pretendard-SemiBold.otf -> ['Pretendard', 'Pretendard SemiBold']
2026-08-21 10:24:02.004 [session=000418] [INFO] [MainThread] 폰트 로드 성공: Pretendard-Thin.otf -> ['Pretendard', 'Pretendard Thin']
2026-08-21 10:24:02.007 [session=000418] [INFO] [MainThread] 폰트 로드 성공: Pretendard-Medium.otf -> ['Pretendard', 'Pretendard Medium']
2026-08-21 10:24:02.013 [session=000418] [INFO] [MainThread] 폰트 로드 성공: Pretendard-Black.otf -> ['Pretendard', 'Pretendard Black']
2026-08-21 10:24:02.022 [session=000418] [INFO] [MainThread] 폰트 로드 성공: Pretendard-Regular.otf -> ['Pretendard']
2026-08-21 10:24:02.025 [session=000418] [INFO] [MainThread] 폰트 로드 성공: Pretendard-Light.otf -> ['Pretendard', 'Pretendard Light']
2026-08-21 10:24:02.026 [session=000418] [INFO] [MainThread] 총 9개의 Pretendard 폰트를 로드했습니다.
2026-08-21 10:24:02.043 [session=000418] [INFO] [MainThread] Using required font: Pretendard (resolved=Pretendard, exact=True)
2026-08-21 10:24:02.045 [session=000418] [INFO] [MainThread] ================================================================================
2026-08-21 10:24:02.045 [session=000418] [INFO] [MainThread] 🚀 DisplayGUI 초기화 시작
2026-08-21 10:24:02.045 [session=000418] [INFO] [MainThread] ================================================================================
2026-08-21 10:24:02.048 [session=000418] [INFO] [MainThread] [STARTUP] creating ViewManager
2026-08-21 10:24:02.050 [session=000418] [INFO] [MainThread] ✓ 전체화면 강제 모드: 활성화 (ENFORCE_FULLSCREEN_MODE=True)
2026-08-21 10:24:02.050 [session=000418] [INFO] [MainThread] ViewManager 초기화 시작 (지연 로딩 모드)
2026-08-21 10:24:02.068 [session=000418] [INFO] [MainThread] ✓ LoadingView 생성 (즉시)
2026-08-21 10:24:02.155 [session=000418] [INFO] [MainThread] ✓ MenuButtonLayer 생성
2026-08-21 10:24:02.209 [session=000418] [INFO] [MainThread] ✓ ScreenMenuOverlay 생성
2026-08-21 10:24:02.218 [session=000418] [INFO] [MainThread] ✓ ViewManager 기본 구조 생성 완료 (무거운 위젯은 지연 생성 예정)
2026-08-21 10:24:02.233 [session=000418] [INFO] [MainThread] 전체화면 강제 모드 활성화 (운영 모드)
2026-08-21 10:24:02.233 [session=000418] [INFO] [MainThread] 마우스 커서 숨김 적용
2026-08-21 10:24:02.235 [session=000418] [INFO] [MainThread] ================================================================================
2026-08-21 10:24:02.235 [session=000418] [INFO] [MainThread] 🚀 로딩 화면 표시 완료 (사용자에게 화면 노출)
2026-08-21 10:24:02.235 [session=000418] [INFO] [MainThread] ================================================================================
2026-08-21 10:24:02.334 [session=000418] [INFO] [MainThread] ================================================================================
2026-08-21 10:24:02.334 [session=000418] [INFO] [MainThread] 🚀 로딩 화면 표시 완료 (사용자에게 화면 노출)
2026-08-21 10:24:02.335 [session=000418] [INFO] [MainThread] ================================================================================
2026-08-21 10:24:02.338 [session=000418] [INFO] [MainThread] [STARTUP] loading screen shown
2026-08-21 10:24:02.338 [session=000418] [CRITICAL] [MainThread] SYSTEM STARTUP - LOGGING TEST
2026-08-21 10:24:02.339 [session=000418] [INFO] [MainThread] Application Started
2026-08-21 10:24:02.341 [session=000418] [INFO] [MainThread] GUI event loop watchdog started: interval=500ms, threshold=2.5s, heartbeat_file=/tmp/dentium-display.heartbeat
2026-08-21 10:24:02.443 [session=000418] [INFO] [MainThread] ⏰ 로딩 애니메이션 우선 시작 - startup UI 생성은 전환 직전으로 지연
2026-08-21 10:24:02.445 [session=000418] [INFO] [MainThread] ✅ startup UI 준비 완료
2026-08-21 10:24:02.447 [session=000418] [INFO] [MainThread] My IP : 192.168.104.212
2026-08-21 10:24:02.447 [session=000418] [INFO] [MainThread] ViewManager에 ModelManager 참조 설정 완료
2026-08-21 10:24:02.448 [session=000418] [INFO] [MainThread] ViewManager에 SettingFileManager 참조 설정 완료
2026-08-21 10:24:02.450 [session=000418] [INFO] [MainThread] REST API controller runtime initialization queued on REST worker thread
2026-08-21 10:24:02.456 [session=000418] [INFO] [RestApiThread] [REST API] 연결 설정: robot_host=localhost, robot_id=robot_ec2b
2026-08-21 10:24:02.456 [session=000418] [INFO] [RestApiThread] [REST API] Base URL: http://localhost:8080/robot_ec2b/
2026-08-21 10:24:02.459 [session=000418] [INFO] [RestApiThread] [REST API] X-API-Key header enabled via X_API_KEY
2026-08-21 10:24:02.459 [session=000418] [INFO] [RestApiThread] [SSE_DIAG] runtime config robot_host='localhost', robot_id='robot_ec2b', base_url=http://localhost:8080/robot_ec2b/
2026-08-21 10:24:02.459 [session=000418] [INFO] [RestApiThread] [REST API] GET_MAP timeout=30000ms, retry_delay=5000ms, retry_limit=3
2026-08-21 10:24:02.460 [session=000418] [INFO] [RestApiThread] [SSE_DIAG] start requested tag=SSE_GOAL_STATUS, url=http://localhost:8080/robot_ec2b/events/goal_pose/status, timeout=None
2026-08-21 10:24:02.461 [session=000418] [INFO] [Dummy-3] RobotPollingWorker initialized
2026-08-21 10:24:02.461 [session=000418] [INFO] [SSE-SSE_GOAL_STATUS] [SSE_DIAG] connect attempt tag=SSE_GOAL_STATUS, reconnect=0, url=http://localhost:8080/robot_ec2b/events/goal_pose/status
2026-08-21 10:24:02.468 [session=000418] [INFO] [RestApiThread] [SSE_DIAG] start requested tag=SSE_BATTERY_CHECK, url=http://localhost:8080/robot_ec2b/events/battery/status, timeout=None
2026-08-21 10:24:02.469 [session=000418] [INFO] [MainThread] [MapManager] Nav2 파라미터 로드 완료: /home/dentium/robot_ws/src/navigation_pkg/params/nav2_params.yaml
2026-08-21 10:24:02.471 [session=000418] [INFO] [SSE-SSE_BATTERY_CHECK] [SSE_DIAG] connect attempt tag=SSE_BATTERY_CHECK, reconnect=0, url=http://localhost:8080/robot_ec2b/events/battery/status
2026-08-21 10:24:02.472 [session=000418] [INFO] [MainThread]   inflation_radius=0.55m, cost_scaling_factor=3.0, robot_radius=0.22m
2026-08-21 10:24:02.473 [session=000418] [INFO] [RestApiThread] [SSE_DIAG] start requested tag=SSE_BATTERY_PERCENT, url=http://localhost:8080/robot_ec2b/events/battery/percent, timeout=None
2026-08-21 10:24:02.475 [session=000418] [INFO] [Dummy-4] ThreadedTimerWorker initialized: ['speaker_status_poll', 'safety_bumper_alarm', 'navigation_departure_finish', 'navigation_warning_finish', 'navigation_safety', 'battery_warning_sound', 'battery_warning_startup_delay', 'volume_save', 'volume_api', 'fresh_robot_pose_timeout']
2026-08-21 10:24:02.480 [session=000418] [INFO] [MainThread] [MapManager] 표시용 SLAM 지도 캐시 preload 적용: 740x613, path=/home/dentium/.local/share/dentium-webgui/data/maps/slam_display_map_cache.npz
2026-08-21 10:24:02.489 [session=000418] [INFO] [SSE-SSE_BATTERY_PERCENT] [SSE_DIAG] connect attempt tag=SSE_BATTERY_PERCENT, reconnect=0, url=http://localhost:8080/robot_ec2b/events/battery/percent
2026-08-21 10:24:02.490 [session=000418] [INFO] [RestApiThread] [SSE_DIAG] start requested tag=SSE_BATTERY_LOW_SHUTDOWN, url=http://localhost:8080/robot_ec2b/events/battery/low_shutdown, timeout=None
2026-08-21 10:24:02.502 [session=000418] [INFO] [SSE-SSE_BATTERY_LOW_SHUTDOWN] [SSE_DIAG] connect attempt tag=SSE_BATTERY_LOW_SHUTDOWN, reconnect=0, url=http://localhost:8080/robot_ec2b/events/battery/low_shutdown
2026-08-21 10:24:02.505 [session=000418] [INFO] [RestApiThread] [SSE_DIAG] start requested tag=SSE_ROBOT_STATUS, url=http://localhost:8080/robot_ec2b/events/robot_status, timeout=None
2026-08-21 10:24:02.515 [session=000418] [INFO] [SSE-SSE_ROBOT_STATUS] [SSE_DIAG] connect attempt tag=SSE_ROBOT_STATUS, reconnect=0, url=http://localhost:8080/robot_ec2b/events/robot_status
2026-08-21 10:24:02.530 [session=000418] [INFO] [RestApiThread] [SSE_DIAG] start requested tag=SSE_HOME_POSE, url=http://localhost:8080/robot_ec2b/events/home_pose, timeout=None
2026-08-21 10:24:02.533 [session=000418] [INFO] [SSE-SSE_HOME_POSE] [SSE_DIAG] connect attempt tag=SSE_HOME_POSE, reconnect=0, url=http://localhost:8080/robot_ec2b/events/home_pose
2026-08-21 10:24:02.535 [session=000418] [INFO] [SSE-SSE_BATTERY_LOW_SHUTDOWN] [SSE_DIAG] connected tag=SSE_BATTERY_LOW_SHUTDOWN, status=404, reason=Not Found, elapsed=0.03s, content_type=application/json, url=http://localhost:8080/robot_ec2b/events/battery/low_shutdown
2026-08-21 10:24:02.536 [session=000418] [INFO] [SSE-SSE_GOAL_STATUS] [SSE_DIAG] connected tag=SSE_GOAL_STATUS, status=200, reason=OK, elapsed=0.07s, content_type=text/event-stream; charset=utf-8, url=http://localhost:8080/robot_ec2b/events/goal_pose/status
2026-08-21 10:24:02.537 [session=000418] [INFO] [SSE-SSE_BATTERY_PERCENT] [SSE_DIAG] connected tag=SSE_BATTERY_PERCENT, status=200, reason=OK, elapsed=0.05s, content_type=text/event-stream; charset=utf-8, url=http://localhost:8080/robot_ec2b/events/battery/percent
2026-08-21 10:24:02.540 [session=000418] [ERROR] [SSE-SSE_BATTERY_LOW_SHUTDOWN] [SSE_DIAG] non-200 response tag=SSE_BATTERY_LOW_SHUTDOWN, status=404, reason=Not Found, url=http://localhost:8080/robot_ec2b/events/battery/low_shutdown
2026-08-21 10:24:02.548 [session=000418] [INFO] [SSE-SSE_BATTERY_CHECK] [SSE_DIAG] connected tag=SSE_BATTERY_CHECK, status=200, reason=OK, elapsed=0.08s, content_type=text/event-stream; charset=utf-8, url=http://localhost:8080/robot_ec2b/events/battery/status
2026-08-21 10:24:02.549 [session=000418] [INFO] [SSE-SSE_ROBOT_STATUS] [SSE_DIAG] connected tag=SSE_ROBOT_STATUS, status=200, reason=OK, elapsed=0.03s, content_type=text/event-stream; charset=utf-8, url=http://localhost:8080/robot_ec2b/events/robot_status
2026-08-21 10:24:02.553 [session=000418] [INFO] [SSE-SSE_ROBOT_STATUS] [SSE_DIAG] event received tag=SSE_ROBOT_STATUS, count=1, event=message, id=None, url=http://localhost:8080/robot_ec2b/events/robot_status, data={"data": "ROBOT_STANDBY"}
2026-08-21 10:24:02.553 [session=000418] [DEBUG] [SSE-SSE_ROBOT_STATUS] SSE robot status: ROBOT_STANDBY
2026-08-21 10:24:02.552 [session=000418] [INFO] [SSE-SSE_BATTERY_CHECK] [SSE_DIAG] event received tag=SSE_BATTERY_CHECK, count=1, event=message, id=None, url=http://localhost:8080/robot_ec2b/events/battery/status, data={"header": {"stamp": {"sec": 1787275442, "nanosec": 510758129}, "frame_id": ""}, "voltage": 28.604999542236328, "temperature": 0.0, "current": 0.9054999947547913, "charge": 0.0, "capacity": 17.510000228881836, "design_capacity": 15.930000305175781, "percentage": 1.0, "power_supply_status": 2, "power_supply_health": 0, "power_supply_technology": 2, "present": true, "cell_voltage": [], "cell_temperature": [], "location": "", "serial_number": ""}
2026-08-21 10:24:02.550 [session=000418] [INFO] [SSE-SSE_BATTERY_PERCENT] [SSE_DIAG] event received tag=SSE_BATTERY_PERCENT, count=1, event=message, id=None, url=http://localhost:8080/robot_ec2b/events/battery/percent, data={"data": 100}
2026-08-21 10:24:02.552 [session=000418] [INFO] [SSE-SSE_BATTERY_LOW_SHUTDOWN] [SSE_DIAG] reconnect wait tag=SSE_BATTERY_LOW_SHUTDOWN, delay=10s, reconnect=1, reason=HTTP 404, url=http://localhost:8080/robot_ec2b/events/battery/low_shutdown
2026-08-21 10:24:02.566 [session=000418] [INFO] [SSE-SSE_HOME_POSE] [SSE_DIAG] connected tag=SSE_HOME_POSE, status=200, reason=OK, elapsed=0.03s, content_type=text/event-stream; charset=utf-8, url=http://localhost:8080/robot_ec2b/events/home_pose
2026-08-21 10:24:02.579 [session=000418] [INFO] [MainThread] ViewManager에 MapManager 참조 설정 완료
2026-08-21 10:24:02.580 [session=000418] [INFO] [MainThread] ViewManager에 ControllerManager 참조 설정 완료
2026-08-21 10:24:02.732 [session=000418] [INFO] [MainThread] [SafetyRos] ROS_DOMAIN_ID 환경 변수 사용: domain=3, setting=39
2026-08-21 10:24:02.757 [session=000418] [INFO] [SSE-SSE_BATTERY_PERCENT] [SSE_DIAG] event received tag=SSE_BATTERY_PERCENT, count=2, event=message, id=None, url=http://localhost:8080/robot_ec2b/events/battery/percent, data={"data": 100}
2026-08-21 10:24:02.758 [session=000418] [INFO] [SSE-SSE_BATTERY_CHECK] [SSE_DIAG] event received tag=SSE_BATTERY_CHECK, count=2, event=message, id=None, url=http://localhost:8080/robot_ec2b/events/battery/status, data={"header": {"stamp": {"sec": 1787275442, "nanosec": 710708634}, "frame_id": ""}, "voltage": 28.60099983215332, "temperature": 0.0, "current": 0.9670000076293945, "charge": 0.0, "capacity": 17.510000228881836, "design_capacity": 15.930000305175781, "percentage": 1.0, "power_supply_status": 2, "power_supply_health": 0, "power_supply_technology": 2, "present": true, "cell_voltage": [], "cell_temperature": [], "location": "", "serial_number": ""}
2026-08-21 10:24:02.758 [session=000418] [INFO] [SSE-SSE_ROBOT_STATUS] [SSE_DIAG] event received tag=SSE_ROBOT_STATUS, count=2, event=message, id=None, url=http://localhost:8080/robot_ec2b/events/robot_status, data={"data": "ROBOT_STANDBY"}
2026-08-21 10:24:02.966 [session=000418] [INFO] [SSE-SSE_BATTERY_PERCENT] [SSE_DIAG] event received tag=SSE_BATTERY_PERCENT, count=3, event=message, id=None, url=http://localhost:8080/robot_ec2b/events/battery/percent, data={"data": 100}
2026-08-21 10:24:02.967 [session=000418] [INFO] [SSE-SSE_BATTERY_CHECK] [SSE_DIAG] event received tag=SSE_BATTERY_CHECK, count=3, event=message, id=None, url=http://localhost:8080/robot_ec2b/events/battery/status, data={"header": {"stamp": {"sec": 1787275442, "nanosec": 911022798}, "frame_id": ""}, "voltage": 28.602500915527344, "temperature": 0.0, "current": 0.9624999761581421, "charge": 0.0, "capacity": 17.510000228881836, "design_capacity": 15.930000305175781, "percentage": 1.0, "power_supply_status": 2, "power_supply_health": 0, "power_supply_technology": 2, "present": true, "cell_voltage": [], "cell_temperature": [], "location": "", "serial_number": ""}
2026-08-21 10:24:03.148 [session=000418] [INFO] [MainThread] [SafetyRos] publisher 감지: topic=/robot_ec2b/safety/left_bumper, type=std_msgs/msg/Bool, reliability=RELIABLE, durability=TRANSIENT_LOCAL, depth=1
2026-08-21 10:24:03.159 [session=000418] [INFO] [MainThread] [SafetyRos] 구독 시작: topic=/robot_ec2b/safety/left_bumper, domain=3, qos_reliability=RELIABLE, qos_durability=TRANSIENT_LOCAL
2026-08-21 10:24:03.161 [session=000418] [INFO] [MainThread] [SafetyRos] publisher 감지: topic=/robot_ec2b/safety/left_brake, type=std_msgs/msg/Bool, reliability=RELIABLE, durability=TRANSIENT_LOCAL, depth=1
2026-08-21 10:24:03.166 [session=000418] [INFO] [MainThread] [SafetyRos] 구독 시작: topic=/robot_ec2b/safety/left_brake, domain=3, qos_reliability=RELIABLE, qos_durability=TRANSIENT_LOCAL
2026-08-21 10:24:03.167 [session=000418] [INFO] [MainThread] [SafetyRos] publisher 감지: topic=/robot_ec2b/safety/right_bumper, type=std_msgs/msg/Bool, reliability=RELIABLE, durability=TRANSIENT_LOCAL, depth=1
2026-08-21 10:24:03.167 [session=000418] [INFO] [SSE-SSE_ROBOT_STATUS] [SSE_DIAG] event received tag=SSE_ROBOT_STATUS, count=3, event=message, id=None, url=http://localhost:8080/robot_ec2b/events/robot_status, data={"data": "ROBOT_STANDBY"}
2026-08-21 10:24:03.171 [session=000418] [INFO] [MainThread] [SafetyRos] 구독 시작: topic=/robot_ec2b/safety/right_bumper, domain=3, qos_reliability=RELIABLE, qos_durability=TRANSIENT_LOCAL
2026-08-21 10:24:03.173 [session=000418] [INFO] [MainThread] [SafetyRos] publisher 감지: topic=/robot_ec2b/safety/right_brake, type=std_msgs/msg/Bool, reliability=RELIABLE, durability=TRANSIENT_LOCAL, depth=1
2026-08-21 10:24:03.177 [session=000418] [INFO] [MainThread] [SafetyRos] 구독 시작: topic=/robot_ec2b/safety/right_brake, domain=3, qos_reliability=RELIABLE, qos_durability=TRANSIENT_LOCAL
2026-08-21 10:24:03.179 [session=000418] [INFO] [MainThread] [SafetyRos] publisher 감지: topic=/robot_ec2b/safety/emergency_button, type=std_msgs/msg/Bool, reliability=RELIABLE, durability=TRANSIENT_LOCAL, depth=1
2026-08-21 10:24:03.185 [session=000418] [INFO] [MainThread] [SafetyRos] 구독 시작: topic=/robot_ec2b/safety/emergency_button, domain=3, qos_reliability=RELIABLE, qos_durability=TRANSIENT_LOCAL
2026-08-21 10:24:03.192 [session=000418] [INFO] [SafetyRosSpin] [SAFETY_BUMPER] ROS2 범퍼 해제: side=left, pressed=False, topic=/robot_ec2b/safety/left_bumper
2026-08-21 10:24:03.206 [session=000418] [INFO] [SafetyRosSpin] [SAFETY_BUMPER] ROS2 범퍼 해제: side=right, pressed=False, topic=/robot_ec2b/safety/right_bumper
2026-08-21 10:24:03.207 [session=000418] [INFO] [SafetyRosSpin] [SAFETY_EMC] ROS2 EMC 상태: active=False, topic=/robot_ec2b/safety/emergency_button
2026-08-21 10:24:03.236 [session=000418] [INFO] [MainThread] 배경 음악 API 조회 실패 - 파일 fallback 적용: operation=selection_get, track=sha256:544a37fae858ebe055345cd7ff56af4c8593d043a4aedaa3ba8ca8ba64cffdcf
2026-08-21 10:24:03.237 [session=000418] [WARNING] [MainThread] 배경 음악 Master 조회 생략 - 로컬 fallback 확인: operation=selection_get, reason=api_not_ready, applied=True
2026-08-21 10:24:03.239 [session=000418] [INFO] [MainThread] 배경 음악 API 조회 실패 - 파일 fallback 적용: operation=resolved_get, track=sha256:544a37fae858ebe055345cd7ff56af4c8593d043a4aedaa3ba8ca8ba64cffdcf
2026-08-21 10:24:03.239 [session=000418] [WARNING] [MainThread] 배경 음악 Master 조회 생략 - 로컬 fallback 확인: operation=resolved_get, reason=api_not_ready, applied=True
2026-08-21 10:24:03.243 [session=000418] [INFO] [MainThread] 키보드 UI 초기화 완료 (키 레이아웃은 첫 표시 시 생성)
2026-08-21 10:24:03.244 [session=000418] [INFO] [MainThread] *** VirtualKeyboard 객체 생성 완료 (부모 위젯 설정됨) ***
2026-08-21 10:24:03.246 [session=000418] [DEBUG] [MainThread] [LockByTouch] LockByTouch 초기화 완료
2026-08-21 10:24:03.247 [session=000418] [INFO] [MainThread] [LockByTouch] Idle timeout disabled
2026-08-21 10:24:03.253 [session=000418] [INFO] [MainThread] 🚀 로딩 화면 표시 - 초기화 시작
2026-08-21 10:24:03.269 [session=000418] [INFO] [MainThread] REST API controller ready
2026-08-21 10:24:03.270 [session=000418] [INFO] [MainThread] [SAFETY_BUMPER] GUI 범퍼 상태 적용: side=left, pressed=False, left=False, right=False, alarm_active=False, alarm_timer_active=False, sound_manager_ready=False
2026-08-21 10:24:03.270 [session=000418] [INFO] [MainThread] ⏳ MovingRelatedView 지연 생성 시작
2026-08-21 10:24:03.385 [session=000418] [INFO] [MainThread] ✓ MovingRelatedView 생성 완료
2026-08-21 10:24:03.386 [session=000418] [INFO] [MainThread] [SAFETY_BUMPER] GUI 범퍼 상태 적용: side=right, pressed=False, left=False, right=False, alarm_active=False, alarm_timer_active=False, sound_manager_ready=False
2026-08-21 10:24:03.393 [session=000418] [DEBUG] [MainThread] 📊 로딩 진행률: 1% (완료:0%, 시간:1%, 0/4)
2026-08-21 10:24:03.394 [session=000418] [INFO] [MainThread] 🔗 시그널 연결 시작
2026-08-21 10:24:03.399 [session=000418] [INFO] [MainThread] 최신 배터리 SSE 캐시 동기화: display_percent=100
2026-08-21 10:24:03.401 [session=000418] [INFO] [MainThread] 최신 배터리 퍼센트 SSE 캐시 동기화: display_percent=100
2026-08-21 10:24:03.407 [session=000418] [INFO] [MainThread] [SAFETY_BUMPER] GUI 범퍼 상태 적용: side=left, pressed=False, left=False, right=False, alarm_active=False, alarm_timer_active=False, sound_manager_ready=False
2026-08-21 10:24:03.418 [session=000418] [INFO] [MainThread] [SAFETY_BUMPER] GUI 범퍼 상태 적용: side=right, pressed=False, left=False, right=False, alarm_active=False, alarm_timer_active=False, sound_manager_ready=False
2026-08-21 10:24:03.431 [session=000418] [INFO] [MainThread] ScreenContentHost 비활성화 - SlamPanel/SlamController 초기화 생략
2026-08-21 10:24:03.432 [session=000418] [INFO] [MainThread] MapManager map_changed를 지연 표시 지도 갱신 핸들러에 연결
2026-08-21 10:24:03.433 [session=000418] [INFO] [MainThread] relocalization_status SSE를 상태/브레이크 해제 핸들러에 연결 완료
2026-08-21 10:24:03.433 [session=000418] [INFO] [MainThread] 지도/자동 탐색 시그널 연결 완료
2026-08-21 10:24:03.637 [session=000418] [INFO] [MainThread] ✅ 시그널 연결 완료
2026-08-21 10:24:03.638 [session=000418] [INFO] [MainThread] 시작 문제 진단 에러 코드 REST API 조회 시작
2026-08-21 10:24:03.639 [session=000418] [DEBUG] [RestApiThread] GetRobotErrorCodesFromRESTAPI 요청 시작
2026-08-21 10:24:03.640 [session=000418] [DEBUG] [RestApiThread] _get_data: 요청 시작 - tag: REST_API_TAG.GET_ROBOT_ERROR_CODES, url: http://localhost:8080/robot_ec2b/robot/error_codes
2026-08-21 10:24:03.643 [session=000418] [DEBUG] [RestApiThread] _get_data: 요청 전송 완료 - tag: REST_API_TAG.GET_ROBOT_ERROR_CODES, timeout: 30000ms
2026-08-21 10:24:03.647 [session=000418] [INFO] [RestApiThread] [REST API] voice-event command GET 전송: url=http://127.0.0.1:5051/api/voice-event-settings/command?robot_id=robot_ec2b&language=ko&event_id=driving_warning_1
2026-08-21 10:24:03.648 [session=000418] [INFO] [RestApiThread] [REST API] voice-event command GET 전송: url=http://127.0.0.1:5051/api/voice-event-settings/command?robot_id=robot_ec2b&language=ko&event_id=driving_warning_2
2026-08-21 10:24:03.657 [session=000418] [DEBUG] [RestApiThread] _handle_response 호출됨 - tag: REST_API_TAG.GET_ROBOT_ERROR_CODES, status_code: 200
2026-08-21 10:24:03.659 [session=000418] [INFO] [ThreadPoolExecutor-5_0] 문제 진단 에러 코드 수신: 0개
2026-08-21 10:24:03.681 [session=000418] [DEBUG] [RestApiThread] _handle_response 호출됨 - tag: REST_API_TAG.GET_VOICE_EVENT_COMMAND, status_code: 200
2026-08-21 10:24:03.681 [session=000418] [INFO] [RestApiThread] voice-event command 비활성화 응답 수신: event_id=driving_warning_1, language=ko, response={"soundCommand": ""}
2026-08-21 10:24:03.684 [session=000418] [DEBUG] [RestApiThread] _handle_response 호출됨 - tag: REST_API_TAG.GET_VOICE_EVENT_COMMAND, status_code: 200
2026-08-21 10:24:03.686 [session=000418] [INFO] [RestApiThread] voice-event command 비활성화 응답 수신: event_id=driving_warning_2, language=ko, response={"soundCommand": ""}
2026-08-21 10:24:03.699 [session=000418] [DEBUG] [RestApiThread] _get_data: 요청 시작 - tag: REST_API_TAG.GET_BATTERY_PERCENT, url: http://localhost:8080/robot_ec2b/battery/percent
2026-08-21 10:24:03.700 [session=000418] [DEBUG] [RestApiThread] _get_data: 요청 전송 완료 - tag: REST_API_TAG.GET_BATTERY_PERCENT, timeout: 30000ms
2026-08-21 10:24:03.701 [session=000418] [DEBUG] [RestApiThread] _get_data: 요청 시작 - tag: REST_API_TAG.GET_SAFETY_RIGHT_BRAKE, url: http://localhost:8080/robot_ec2b/safety/right_brake
2026-08-21 10:24:03.702 [session=000418] [DEBUG] [RestApiThread] _get_data: 요청 전송 완료 - tag: REST_API_TAG.GET_SAFETY_RIGHT_BRAKE, timeout: 30000ms
2026-08-21 10:24:03.703 [session=000418] [DEBUG] [RestApiThread] _get_data: 요청 시작 - tag: REST_API_TAG.GET_SAFETY_LEFT_BRAKE, url: http://localhost:8080/robot_ec2b/safety/left_brake
2026-08-21 10:24:03.704 [session=000418] [DEBUG] [RestApiThread] _get_data: 요청 전송 완료 - tag: REST_API_TAG.GET_SAFETY_LEFT_BRAKE, timeout: 30000ms
2026-08-21 10:24:03.709 [session=000418] [INFO] [MainThread] 문제 진단 에러 코드 SSE 시작
2026-08-21 10:24:03.714 [session=000418] [DEBUG] [RestApiThread] _get_data: 요청 시작 - tag: REST_API_TAG.GET_ROBOT_LOCK, url: http://localhost:8080/robot_ec2b/robot_lock
2026-08-21 10:24:03.718 [session=000418] [DEBUG] [RestApiThread] _get_data: 요청 전송 완료 - tag: REST_API_TAG.GET_ROBOT_LOCK, timeout: 30000ms
2026-08-21 10:24:03.719 [session=000418] [DEBUG] [RestApiThread] _handle_response 호출됨 - tag: REST_API_TAG.GET_BATTERY_PERCENT, status_code: 200
2026-08-21 10:24:03.719 [session=000418] [DEBUG] [RestApiThread] _get_data: 요청 시작 - tag: REST_API_TAG.GET_MD_SET_BREAK, url: http://localhost:8080/robot_ec2b/md/set_brake
2026-08-21 10:24:03.722 [session=000418] [DEBUG] [RestApiThread] _get_data: 요청 전송 완료 - tag: REST_API_TAG.GET_MD_SET_BREAK, timeout: 30000ms
2026-08-21 10:24:03.724 [session=000418] [DEBUG] [RestApiThread] _handle_response 호출됨 - tag: REST_API_TAG.GET_SAFETY_LEFT_BRAKE, status_code: 404
2026-08-21 10:24:03.725 [session=000418] [ERROR] [RestApiThread] REST API 에러: status_code: 404, tag: REST_API_TAG.GET_SAFETY_LEFT_BRAKE, error: Error transferring http://localhost:8080/robot_ec2b/safety/left_brake - server replied: Not Found
2026-08-21 10:24:03.730 [session=000418] [DEBUG] [RestApiThread] _handle_response 호출됨 - tag: REST_API_TAG.GET_SAFETY_RIGHT_BRAKE, status_code: 404
2026-08-21 10:24:03.730 [session=000418] [ERROR] [RestApiThread] REST API 에러: status_code: 404, tag: REST_API_TAG.GET_SAFETY_RIGHT_BRAKE, error: Error transferring http://localhost:8080/robot_ec2b/safety/right_brake - server replied: Not Found
2026-08-21 10:24:03.731 [session=000418] [INFO] [RestApiThread] [SSE_DIAG] start requested tag=SSE_ROBOT_ERROR_CODES, url=http://localhost:8080/robot_ec2b/event/robot/error_codes, timeout=None
2026-08-21 10:24:03.732 [session=000418] [INFO] [SSE-SSE_ROBOT_ERROR_CODES] [SSE_DIAG] connect attempt tag=SSE_ROBOT_ERROR_CODES, reconnect=0, url=http://localhost:8080/robot_ec2b/event/robot/error_codes
2026-08-21 10:24:03.733 [session=000418] [DEBUG] [RestApiThread] _handle_response 호출됨 - tag: REST_API_TAG.GET_ROBOT_LOCK, status_code: 200
2026-08-21 10:24:03.734 [session=000418] [DEBUG] [RestApiThread] _handle_response 호출됨 - tag: REST_API_TAG.GET_MD_SET_BREAK, status_code: 200
2026-08-21 10:24:03.737 [session=000418] [WARNING] [ThreadPoolExecutor-5_0] 로봇 잠금 응답 파싱 실패: {"topic":"/robot_lock","latest":null}
2026-08-21 10:24:03.738 [session=000418] [WARNING] [ThreadPoolExecutor-5_1] 브레이크 응답 파싱 실패: {"topic":"/md/set_brake","latest":null}
2026-08-21 10:24:03.743 [session=000418] [INFO] [SSE-SSE_ROBOT_ERROR_CODES] [SSE_DIAG] connected tag=SSE_ROBOT_ERROR_CODES, status=200, reason=OK, elapsed=0.01s, content_type=text/event-stream; charset=utf-8, url=http://localhost:8080/robot_ec2b/event/robot/error_codes
2026-08-21 10:24:03.752 [session=000418] [INFO] [RestApiThread] _handle_response (CYCLIC 정상) - tag: REST_API_TAG.GET_MASTER_IP_ADDRESS, status: 200, pending→0
2026-08-21 10:24:03.753 [session=000418] [INFO] [SSE-SSE_ROBOT_ERROR_CODES] [SSE_DIAG] event received tag=SSE_ROBOT_ERROR_CODES, count=1, event=message, id=None, url=http://localhost:8080/robot_ec2b/event/robot/error_codes, data={"data": "[]"}
2026-08-21 10:24:03.756 [session=000418] [INFO] [SSE-SSE_ROBOT_ERROR_CODES] SSE robot error codes: 0
2026-08-21 10:24:03.759 [session=000418] [INFO] [MainThread] ⚡ 시스템 초기화 시작
2026-08-21 10:24:03.760 [session=000418] [INFO] [MainThread] 📡 필수 데이터 요청 (destinations, robot_status, map)
2026-08-21 10:24:03.761 [session=000418] [DEBUG] [RestApiThread] GetMapFromRESTAPI 요청 시작
2026-08-21 10:24:03.761 [session=000418] [DEBUG] [RestApiThread] _get_data: 요청 시작 - tag: REST_API_TAG.GET_MAP, url: http://localhost:8080/robot_ec2b/map
2026-08-21 10:24:03.762 [session=000418] [DEBUG] [RestApiThread] _get_data: 요청 전송 완료 - tag: REST_API_TAG.GET_MAP, timeout: 30000ms
2026-08-21 10:24:03.763 [session=000418] [DEBUG] [RestApiThread] 맵 데이터 요청 시작 - 타임아웃: 30000ms
2026-08-21 10:24:03.773 [session=000418] [INFO] [MainThread] ✅ 메인 초기화 완료
2026-08-21 10:24:03.776 [session=000418] [INFO] [MainThread] 문제 진단 에러 코드 수신(REST): 0개, 표시: 0개
2026-08-21 10:24:03.786 [session=000418] [ERROR] [MainThread] API Error Handler - Tag: REST_API_TAG.GET_SAFETY_LEFT_BRAKE, Status: 404, Msg: status_code: 404, tag: REST_API_TAG.GET_SAFETY_LEFT_BRAKE, error: Error transferring http://localhost:8080/robot_ec2b/safety/left_brake - server replied: Not Found
2026-08-21 10:24:03.790 [session=000418] [WARNING] [MainThread] 물리 모터 브레이크 API 미지원(404) - 사이드 브레이크 인터록 비활성화: side=left
2026-08-21 10:24:03.795 [session=000418] [INFO] [MainThread] 물리 모터 브레이크 상태 변경: side=left, engaged=False, all={'left': False, 'right': None}
2026-08-21 10:24:03.795 [session=000418] [INFO] [MainThread] [MOTOR_SIDE_BRAKE] GUI 상태 적용: side=left, engaged=False, left=False, right=None, stop_active=False
2026-08-21 10:24:03.796 [session=000418] [ERROR] [MainThread] API Error Handler - Tag: REST_API_TAG.GET_SAFETY_RIGHT_BRAKE, Status: 404, Msg: status_code: 404, tag: REST_API_TAG.GET_SAFETY_RIGHT_BRAKE, error: Error transferring http://localhost:8080/robot_ec2b/safety/right_brake - server replied: Not Found
2026-08-21 10:24:03.798 [session=000418] [WARNING] [MainThread] 물리 모터 브레이크 API 미지원(404) - 사이드 브레이크 인터록 비활성화: side=right
2026-08-21 10:24:03.799 [session=000418] [INFO] [MainThread] 물리 모터 브레이크 상태 변경: side=right, engaged=False, all={'left': False, 'right': False}
2026-08-21 10:24:03.800 [session=000418] [INFO] [MainThread] [MOTOR_SIDE_BRAKE] GUI 상태 적용: side=right, engaged=False, left=False, right=False, stop_active=False
2026-08-21 10:24:03.804 [session=000418] [INFO] [MainThread] My IP : 192.168.104.212
2026-08-21 10:24:03.805 [session=000418] [INFO] [MainThread] Master Status Changed: True (My IP: 192.168.104.212, Master IP: 192.168.104.212)
2026-08-21 10:24:03.809 [session=000418] [INFO] [MainThread] 맵 재검증 요청: master 역할 활성화
2026-08-21 10:24:03.809 [session=000418] [DEBUG] [RestApiThread] GetMapFromRESTAPI 요청 시작
2026-08-21 10:24:03.812 [session=000418] [DEBUG] [RestApiThread] _get_data: 중복 요청 방지됨 - tag: REST_API_TAG.GET_MAP, pending_count: 4
2026-08-21 10:24:03.809 [session=000418] [INFO] [MainThread] voice-event settings 스냅샷 조회 요청: master_ip=192.168.104.212, reason=initial_master_ip
2026-08-21 10:24:03.813 [session=000418] [INFO] [RestApiThread] [REST API] voice-event settings GET 전송: url=http://192.168.104.212:5051/api/voice-event-settings
2026-08-21 10:24:03.815 [session=000418] [INFO] [MainThread] [BROWSER_MUSIC_SYNC] event=master_changed master_id=robot_ec2b master_base_url=http://127.0.0.1:5051 is_master=True master_generation=1
2026-08-21 10:24:03.822 [session=000418] [INFO] [browser-music-sync_0] [BROWSER_MUSIC_SYNC] event=catalog_fetch_started master_base_url=http://127.0.0.1:5051
2026-08-21 10:24:03.827 [session=000418] [INFO] [RestApiThread] [REST API] 배경 음악 GET 전송: operation=selection_get, url=http://127.0.0.1:5051/api/voice-event-settings/background-music?robot_id=robot_ec2b
2026-08-21 10:24:03.829 [session=000418] [INFO] [RestApiThread] [REST API] 배경 음악 GET 전송: operation=resolved_get, url=http://127.0.0.1:5051/api/voice-event-settings/resolved?robot_id=robot_ec2b
2026-08-21 10:24:03.830 [session=000418] [INFO] [MainThread] 문제 진단 에러 코드 수신(SSE): 0개, 표시: 0개
2026-08-21 10:24:03.860 [session=000418] [DEBUG] [RestApiThread] _handle_response 호출됨 - tag: REST_API_TAG.GET_VOICE_EVENT_SETTINGS, status_code: 200
2026-08-21 10:24:03.860 [session=000418] [INFO] [RestApiThread] [REST API] voice-event settings GET 성공: master_ip=192.168.104.212, response_len=3246
2026-08-21 10:24:03.864 [session=000418] [INFO] [MainThread] voice-event settings 메모리 상태 갱신: master_ip=192.168.104.212
2026-08-21 10:24:03.894 [session=000418] [DEBUG] [RestApiThread] GetRobotUseFromRESTAPI 요청 시작
2026-08-21 10:24:03.894 [session=000418] [DEBUG] [RestApiThread] _get_data: 요청 시작 - tag: REST_API_TAG.GET_ROBOT_USE, url: http://localhost:8080/robot_ec2b/robot_use
2026-08-21 10:24:03.895 [session=000418] [DEBUG] [RestApiThread] _get_data: 요청 전송 완료 - tag: REST_API_TAG.GET_ROBOT_USE, timeout: 30000ms
2026-08-21 10:24:03.895 [session=000418] [DEBUG] [RestApiThread] GetCallBellFromRESTAPI 요청 시작
2026-08-21 10:24:03.895 [session=000418] [DEBUG] [RestApiThread] _get_data: 요청 시작 - tag: REST_API_TAG.GET_CALLBELL, url: http://localhost:8080/robot_ec2b/callbell
2026-08-21 10:24:03.895 [session=000418] [DEBUG] [RestApiThread] _get_data: 요청 전송 완료 - tag: REST_API_TAG.GET_CALLBELL, timeout: 30000ms
2026-08-21 10:24:03.896 [session=000418] [DEBUG] [RestApiThread] GetKeepoutZoneFromRESTAPI 요청 시작
2026-08-21 10:24:03.896 [session=000418] [DEBUG] [RestApiThread] _get_data: 요청 시작 - tag: REST_API_TAG.GET_KEEPOUT_ZONE, url: http://localhost:8080/robot_ec2b/keepout_zone_position
2026-08-21 10:24:03.896 [session=000418] [DEBUG] [RestApiThread] _get_data: 요청 전송 완료 - tag: REST_API_TAG.GET_KEEPOUT_ZONE, timeout: 30000ms
2026-08-21 10:24:03.896 [session=000418] [DEBUG] [RestApiThread] GetPreferredAreaFromRESTAPI 요청 시작
2026-08-21 10:24:03.897 [session=000418] [DEBUG] [RestApiThread] _get_data: 요청 시작 - tag: REST_API_TAG.GET_PREFERRED_AREA, url: http://localhost:8080/robot_ec2b/preferred_area_position
2026-08-21 10:24:03.899 [session=000418] [DEBUG] [RestApiThread] _get_data: 요청 전송 완료 - tag: REST_API_TAG.GET_PREFERRED_AREA, timeout: 30000ms
2026-08-21 10:24:03.901 [session=000418] [DEBUG] [RestApiThread] SetVolumeToRESTAPI 직렬화된 데이터: {"data": 0.0}
2026-08-21 10:24:03.905 [session=000418] [INFO] [RestApiThread] [REST API] 볼륨 POST 전송 직전: url=http://localhost:8080/robot_ec2b/speaker/volume, payload={"data": 0.0}, timeout=30000ms
2026-08-21 10:24:03.906 [session=000418] [INFO] [RestApiThread] [REST API] 볼륨 POST 전송 등록 완료: url=http://localhost:8080/robot_ec2b/speaker/volume, reply_id=281471533369600
2026-08-21 10:24:03.907 [session=000418] [INFO] [RestApiThread] [REST API] 최대 속도 POST 전송 직전: url=http://localhost:8080/robot_ec2b/md/set_max_spd, payload={"data": 0.7}, timeout=30000ms, pending_before=12
2026-08-21 10:24:03.907 [session=000418] [INFO] [RestApiThread] [REST API] 최대 속도 POST 전송 등록 완료: url=http://localhost:8080/robot_ec2b/md/set_max_spd, reply_id=281470889334656, pending_after=13
2026-08-21 10:24:03.907 [session=000418] [DEBUG] [RestApiThread] SetMaxSpeedToRESTAPI 직렬화된 데이터: {"data": 0.7}
2026-08-21 10:24:03.915 [session=000418] [DEBUG] [RestApiThread] _handle_response 호출됨 - tag: REST_API_TAG.GET_RESOLVED_BACKGROUND_MUSIC, status_code: 200
2026-08-21 10:24:03.919 [session=000418] [INFO] [browser-music-sync_0] [BROWSER_MUSIC_SYNC] event=catalog_fetch_succeeded master_base_url=http://127.0.0.1:5051 item_count=3
2026-08-21 10:24:03.927 [session=000418] [INFO] [RestApiThread] 배경 음악 GET 중복 요청 생략: operation=selection_get, url=http://127.0.0.1:5051/api/voice-event-settings/background-music?robot_id=robot_ec2b
2026-08-21 10:24:03.928 [session=000418] [INFO] [RestApiThread] [REST API] 배경 음악 GET 전송: operation=resolved_get, url=http://127.0.0.1:5051/api/voice-event-settings/resolved?robot_id=robot_ec2b
2026-08-21 10:24:03.931 [session=000418] [INFO] [MainThread] 설정 UI 위젯 준비 대기 중 - 생성 콜백에서 UI 설정 적용 예정
2026-08-21 10:24:03.942 [session=000418] [DEBUG] [RestApiThread] _handle_response 호출됨 - tag: REST_API_TAG.GET_BACKGROUND_MUSIC_SETTING, status_code: 200
2026-08-21 10:24:04.034 [session=000418] [DEBUG] [RestApiThread] _handle_response 호출됨 - tag: REST_API_TAG.GET_RESOLVED_BACKGROUND_MUSIC, status_code: 200
2026-08-21 10:24:04.288 [session=000418] [DEBUG] [MainThread] 📊 로딩 진행률: 10% (완료:0%, 시간:10%, 0/4)
2026-08-21 10:24:05.294 [session=000418] [DEBUG] [MainThread] 📊 로딩 진행률: 20% (완료:0%, 시간:20%, 0/4)
2026-08-21 10:24:05.758 [session=000418] [INFO] [Thread-5] [ControllerManager] 맵 처리 프로세스 warm-up 완료
2026-08-21 10:24:06.289 [session=000418] [DEBUG] [MainThread] 📊 로딩 진행률: 30% (완료:0%, 시간:30%, 0/4)
2026-08-21 10:24:06.990 [session=000418] [WARNING] [RestApiThread] _handle_response (CYCLIC 에러) - tag: REST_API_TAG.GET_MASTER_IP_ADDRESS, status: 0, error: Operation canceled
2026-08-21 10:24:06.991 [session=000418] [ERROR] [RestApiThread] REST API 에러: status_code: 0, tag: REST_API_TAG.GET_MASTER_IP_ADDRESS, error: Operation canceled
2026-08-21 10:24:06.994 [session=000418] [ERROR] [MainThread] API Error Handler - Tag: REST_API_TAG.GET_MASTER_IP_ADDRESS, Status: 0, Msg: status_code: 0, tag: REST_API_TAG.GET_MASTER_IP_ADDRESS, error: Operation canceled
2026-08-21 10:24:06.995 [session=000418] [WARNING] [MainThread] Connection lost detected; popup delayed until repeated failures. failures=1/5, retry_interval=10000ms, reason=api_error tag=REST_API_TAG.GET_MASTER_IP_ADDRESS, status=0, msg=status_code: 0, tag: REST_API_TAG.GET_MASTER_IP_ADDRESS, error: Operation canceled
2026-08-21 10:24:07.290 [session=000418] [DEBUG] [MainThread] 📊 로딩 진행률: 40% (완료:0%, 시간:40%, 0/4)
2026-08-21 10:24:07.486 [session=000418] [INFO] [MainThread] [MAIN_THREAD_HEARTBEAT] GUI main thread alive: thread=MainThread
2026-08-21 10:24:08.239 [session=000418] [DEBUG] [RestApiThread] _handle_response 호출됨 - tag: REST_API_TAG.GET_MAP, status_code: 200
2026-08-21 10:24:08.254 [session=000418] [INFO] [MainThread] 정상 맵 응답 확인 - 새 지도 생성 보류 상태 초기화
2026-08-21 10:24:08.255 [session=000418] [INFO] [MainThread] [ControllerManager] 맵 처리 작업 예약: seq=1, slam_mode=False
2026-08-21 10:24:08.259 [session=000418] [INFO] [RestApiThread] _handle_response (CYCLIC 정상) - tag: REST_API_TAG.GET_DESTINATIONS, status: 200, pending→10
2026-08-21 10:24:08.263 [session=000418] [INFO] [MainThread] model_manager set_destinations: 5 items
2026-08-21 10:24:08.263 [session=000418] [INFO] [MainThread] model_manager set_destinations: updated (5 items)
2026-08-21 10:24:08.263 [session=000418] [INFO] [MainThread] [필수] Init item complete: destinations (1/4)
2026-08-21 10:24:08.268 [session=000418] [INFO] [RestApiThread] _handle_response (CYCLIC 정상) - tag: REST_API_TAG.GET_ROBOT_STATUS, status: 200, pending→9
2026-08-21 10:24:08.272 [session=000418] [INFO] [MainThread] API connection restored, timer interval reset to 1000ms (cleared failures=1)
2026-08-21 10:24:08.274 [session=000418] [INFO] [MainThread] [필수] Init item complete: robot_status (2/4)
2026-08-21 10:24:08.280 [session=000418] [DEBUG] [RestApiThread] _handle_response 호출됨 - tag: REST_API_TAG.GET_ROBOT_USE, status_code: 200
2026-08-21 10:24:08.281 [session=000418] [INFO] [ThreadPoolExecutor-5_0] 로봇 용도 데이터 수신: {'current': 'suction', 'usages': []}
2026-08-21 10:24:08.282 [session=000418] [INFO] [MainThread] [REST API] 로봇 용도 데이터 수신: {'current': 'suction', 'usages': []}
2026-08-21 10:24:08.282 [session=000418] [INFO] [MainThread] 현재 로봇 용도 업데이트: suction
2026-08-21 10:24:08.283 [session=000418] [WARNING] [MainThread] 빈 로봇 용도 리스트 수신 - 기존/기본 용도 목록 유지
2026-08-21 10:24:08.285 [session=000418] [INFO] [MainThread] 로봇 용도 리스트 업데이트: ['treatment', 'suction']
2026-08-21 10:24:08.286 [session=000418] [INFO] [SSE-SSE_HOME_POSE] [SSE_DIAG] event received tag=SSE_HOME_POSE, count=1, event=message, id=None, url=http://localhost:8080/robot_ec2b/events/home_pose, data={"header": {"stamp": {"sec": 0, "nanosec": 0}, "frame_id": "map"}, "pose": {"position": {"x": 3.1192162459935915, "y": 1.1022778576180379, "z": 0.0}, "orientation": {"x": 0.0, "y": 0.0, "z": -0.5348746418379224, "w": 0.8449314277021267}}}
2026-08-21 10:24:08.289 [session=000418] [INFO] [MainThread] [선택] Init item complete: robot_use (1/5)
2026-08-21 10:24:08.291 [session=000418] [DEBUG] [SSE-SSE_HOME_POSE] SSE home pose: (3.12, 1.10)
2026-08-21 10:24:08.295 [session=000418] [DEBUG] [MainThread] 📊 로딩 진행률: 50% (완료:50%, 시간:50%, 2/4)
2026-08-21 10:24:08.298 [session=000418] [INFO] [MainThread] 홈 위치 수신: (3.12, 1.10)
2026-08-21 10:24:08.298 [session=000418] [INFO] [MainThread] 홈 위치 서버 값은 있으나 맵 정보가 아직 로드되지 않음 - 맵 로드 후 반영
2026-08-21 10:24:08.299 [session=000418] [INFO] [MainThread] [선택] Init item complete: home_pose (2/5)
2026-08-21 10:24:08.305 [session=000418] [DEBUG] [RestApiThread] _handle_response 호출됨 - tag: REST_API_TAG.GET_CALLBELL, status_code: 200
2026-08-21 10:24:08.306 [session=000418] [INFO] [ThreadPoolExecutor-5_1] 호출벨 데이터 수신: 5개
2026-08-21 10:24:08.315 [session=000418] [DEBUG] [RestApiThread] _handle_response 호출됨 - tag: REST_API_TAG.GET_KEEPOUT_ZONE, status_code: 200
2026-08-21 10:24:08.318 [session=000418] [INFO] [ThreadPoolExecutor-5_1] 금지영역 데이터 수신: 0개
2026-08-21 10:24:08.319 [session=000418] [INFO] [MainThread] 호출벨-목적지 동기화 완료: 5개 호출벨
2026-08-21 10:24:08.320 [session=000418] [INFO] [MainThread] 목적지 리스트 반환: destinations=[Destination(name='로비', goal_pose=Pose(x=4.241336459631034, y=-2.361104203714551, qw=0.5097087478206948, qz=0.8603470185890456), bell=Bells(treatment='', suction='64012cd7'), idx=0, color='#e53935'), Destination(name='수술실', goal_pose=Pose(x=4.5199271819089395, y=-3.9219605026851503, qw=0.14533446519134308, qz=-0.9893825818294691), bell=Bells(treatment='', suction='64132cd7'), idx=1, color='#e53935'), Destination(name='진료실', goal_pose=Pose(x=0.11980823444488001, y=-3.735511450600503, qw=0.9963649848510123, qz=0.0851869530083222), bell=Bells(treatment='', suction='64252cd7'), idx=2, color='#e53935'), Destination(name='창고', goal_pose=Pose(x=0.2834625688692579, y=-6.793061814598156, qw=0.5257961572167338, qz=0.850610604834031), bell=Bells(treatment='', suction='64372cd7'), idx=3, color='#e53935'), Destination(name='소독실', goal_pose=Pose(x=-3.4045695907217928, y=-7.611793760201744, qw=0.546869706461766, qz=0.8372177280459497), bell=Bells(treatment='', suction='64492cd7'), idx=4, color='#e53935')]
2026-08-21 10:24:08.321 [session=000418] [DEBUG] [RestApiThread] _handle_response 호출됨 - tag: REST_API_TAG.GET_PREFERRED_AREA, status_code: 200
2026-08-21 10:24:08.321 [session=000418] [INFO] [MainThread] 호출벨 목적지 아이콘 UI 갱신: 5개
2026-08-21 10:24:08.321 [session=000418] [INFO] [ThreadPoolExecutor-5_0] 선호영역 데이터 수신: 0개
2026-08-21 10:24:08.322 [session=000418] [INFO] [MainThread] 호출벨 리스트 반환: callbells={'64012cd7': {'name': '호출벨 1', 'usage': 'suction', 'destination': '로비'}, '64132cd7': {'name': '호출벨 2', 'usage': 'suction', 'destination': '수술실'}, '64252cd7': {'name': '호출벨 3', 'usage': 'suction', 'destination': '진료실'}, '64372cd7': {'name': '호출벨 4', 'usage': 'suction', 'destination': '창고'}, '64492cd7': {'name': '호출벨 5', 'usage': 'suction', 'destination': '소독실'}}, robot_usages=['treatment', 'suction']
2026-08-21 10:24:08.323 [session=000418] [INFO] [RestApiThread] _handle_response (CYCLIC 정상) - tag: REST_API_TAG.GET_ROBOT_POSE, status: 200, pending→4
2026-08-21 10:24:08.325 [session=000418] [INFO] [MainThread] 금지영역 데이터 수신: 0개
2026-08-21 10:24:08.325 [session=000418] [INFO] [MainThread] [MapManager] 금지영역 설정: 0개 (costmap worker 대기)
2026-08-21 10:24:08.326 [session=000418] [INFO] [MainThread] 선호영역 데이터 수신: 0개
2026-08-21 10:24:08.326 [session=000418] [INFO] [RestApiThread] _handle_response (CYCLIC 정상) - tag: REST_API_TAG.GET_SLAM_MODE, status: 200, pending→3
2026-08-21 10:24:08.327 [session=000418] [INFO] [MainThread] [MapManager] 선호영역 설정: 0개
2026-08-21 10:24:08.328 [session=000418] [WARNING] [MainThread] [MapManager] meter_to_pixel: 맵 정보 미로드
2026-08-21 10:24:08.330 [session=000418] [WARNING] [MainThread] [ControllerManager] 맵 정보 미로드 - 픽셀 변환 실패
2026-08-21 10:24:08.333 [session=000418] [INFO] [MainThread] MapManager set_slam_mode: slam_mode: False
2026-08-21 10:24:08.335 [session=000418] [INFO] [RestApiThread] _handle_response (CYCLIC 정상) - tag: REST_API_TAG.GET_HOME_POSE, status: 200, pending→2
2026-08-21 10:24:08.335 [session=000418] [INFO] [MainThread] [선택] Init item complete: slam_mode (3/5)
2026-08-21 10:24:08.340 [session=000418] [INFO] [MainThread] 홈 위치 수신: (3.12, 1.10)
2026-08-21 10:24:08.340 [session=000418] [INFO] [MainThread] 홈 위치 서버 값은 있으나 맵 정보가 아직 로드되지 않음 - 맵 로드 후 반영
2026-08-21 10:24:08.369 [session=000418] [DEBUG] [RestApiThread] _handle_response 호출됨 - tag: REST_API_TAG.POST_VOLUME, status_code: 200
2026-08-21 10:24:08.369 [session=000418] [INFO] [RestApiThread] [REST API] 볼륨 POST 성공: status=200, response={"ok":true,"payload":{"data":0.0}}
2026-08-21 10:24:08.389 [session=000418] [DEBUG] [RestApiThread] _handle_response 호출됨 - tag: REST_API_TAG.POST_MAX_SPEED, status_code: 200
2026-08-21 10:24:08.389 [session=000418] [INFO] [RestApiThread] [REST API] 최대 속도 POST 성공: status=200, response={"ok":true,"payload":{"data":0.7}}
2026-08-21 10:24:08.665 [session=000418] [INFO] [MainThread] [MAP_VALUE_STATS] seq=1, route=normal_cache, requested_slam=False, current_slam=False, size=1120x822, total=920640, unknown(-1)=0 (0.00%), free(0)=905241 (98.33%), mid(1-99)=0 (0.00%), occupied(100+)=15399 (1.67%), min=0, max=100
2026-08-21 10:24:08.666 [session=000418] [INFO] [MainThread] [MapManager] 최신 저장 지도 비동기 로드 요청: apply_prepared_map_state
2026-08-21 10:24:08.666 [session=000418] [INFO] [MainThread] [ControllerManager] 저장 지도 비동기 처리 예약: reason=apply_prepared_map_state
2026-08-21 10:24:08.699 [session=000418] [INFO] [MainThread] [MapManager] 확정 지도 캐시 갱신: 1120x822, 0.030m/cell, reason=map_applied
2026-08-21 10:24:08.701 [session=000418] [INFO] [MainThread] [MapManager] 확정 지도 기준 설정: reason=map_applied
2026-08-21 10:24:08.703 [session=000418] [INFO] [MainThread] 홈 위치 캐시 값은 있으나 지도 UI가 아직 준비되지 않음
2026-08-21 10:24:08.704 [session=000418] [INFO] [MainThread] [필수] Init item complete: map (3/4)
2026-08-21 10:24:08.716 [session=000418] [DEBUG] [MainThread] 📊 로딩 진행률: 75% (완료:75%, 시간:54%, 3/4)
2026-08-21 10:24:09.715 [session=000418] [INFO] [MainThread] [MapManager] 확정 지도 캐시 갱신: 1120x822, 0.030m/cell, reason=map_applied
2026-08-21 10:24:09.717 [session=000418] [INFO] [MainThread] [MapManager] 확정 지도 기준 설정: reason=map_applied
2026-08-21 10:24:09.718 [session=000418] [INFO] [MainThread] [ControllerManager] 저장 지도 적용 완료: 1120x822
2026-08-21 10:24:09.718 [session=000418] [INFO] [MainThread] 홈 위치 캐시 값은 있으나 지도 UI가 아직 준비되지 않음
2026-08-21 10:24:10.037 [session=000418] [INFO] [MainThread] ⏰ 로딩 UI warm-up 시작
2026-08-21 10:24:10.038 [session=000418] [INFO] [MainThread] ⏳ Move2DestView 지연 생성 시작
2026-08-21 10:24:10.134 [session=000418] [INFO] [MainThread] 목적지 리스트 반환: destinations=[Destination(name='로비', goal_pose=Pose(x=4.241336459631034, y=-2.361104203714551, qw=0.5097087478206948, qz=0.8603470185890456), bell=Bells(treatment='', suction='64012cd7'), idx=0, color='#e53935'), Destination(name='수술실', goal_pose=Pose(x=4.5199271819089395, y=-3.9219605026851503, qw=0.14533446519134308, qz=-0.9893825818294691), bell=Bells(treatment='', suction='64132cd7'), idx=1, color='#e53935'), Destination(name='진료실', goal_pose=Pose(x=0.11980823444488001, y=-3.735511450600503, qw=0.9963649848510123, qz=0.0851869530083222), bell=Bells(treatment='', suction='64252cd7'), idx=2, color='#e53935'), Destination(name='창고', goal_pose=Pose(x=0.2834625688692579, y=-6.793061814598156, qw=0.5257961572167338, qz=0.850610604834031), bell=Bells(treatment='', suction='64372cd7'), idx=3, color='#e53935'), Destination(name='소독실', goal_pose=Pose(x=-3.4045695907217928, y=-7.611793760201744, qw=0.546869706461766, qz=0.8372177280459497), bell=Bells(treatment='', suction='64492cd7'), idx=4, color='#e53935')]
2026-08-21 10:24:10.135 [session=000418] [INFO] [MainThread] DestinationTableWidget.set_destinations: 5 items
2026-08-21 10:24:10.178 [session=000418] [WARNING] [MainThread] [PERF] DestinationTableWidget.button_batch 지연: buttons=2, index=0->2, 42.8ms
2026-08-21 10:24:10.183 [session=000418] [WARNING] [MainThread] [PERF] DestinationTableWidget.update_buttons 첫 batch 지연: items=7, created=2, 47.5ms
2026-08-21 10:24:10.184 [session=000418] [WARNING] [MainThread] [PERF] DestinationTableWidget.set_destinations 지연: items=5, 49.0ms, steps: buttons=48.7ms
2026-08-21 10:24:10.193 [session=000418] [INFO] [MainThread] ✓ Move2DestView 생성 완료
2026-08-21 10:24:10.203 [session=000418] [INFO] [MainThread] Move2DestView 지연 시그널 연결 완료
2026-08-21 10:24:10.203 [session=000418] [WARNING] [MainThread] [PERF] Move2DestView 생성 단계 지연: 165.6ms, steps: construct=73.2ms, stack_replace=23.0ms, destinations=50.7ms
2026-08-21 10:24:10.204 [session=000418] [WARNING] [MainThread] [PERF] 시작 대상 뷰 생성 지연: view=1, 166.8ms
2026-08-21 10:24:10.206 [session=000418] [INFO] [MainThread] ⏰ ViewManager 무거운 위젯 생성 시작 (틱 분산)
2026-08-21 10:24:10.332 [session=000418] [WARNING] [MainThread] [PERF] DestinationTableWidget.button_batch 지연: buttons=2, index=4->6, 27.5ms
2026-08-21 10:24:10.357 [session=000418] [WARNING] [MainThread] [PERF] DestinationTableWidget.button_build 전체 지연: buttons=7, 221.9ms
2026-08-21 10:24:10.597 [session=000418] [INFO] [MainThread] ScreenContentHost 기본 구조 초기화 완료 (콘텐츠 지연 생성)
2026-08-21 10:24:10.597 [session=000418] [INFO] [MainThread] ✓ ScreenContentHost 기본 구조 생성
2026-08-21 10:24:10.638 [session=000418] [INFO] [MainThread] [ViewStateManager] 초기화 완료 - 초기 상태: NORMAL
2026-08-21 10:24:10.639 [session=000418] [INFO] [MainThread] 화면형 콘텐츠 위젯들의 Custom_button에 ViewManager 참조 전달 완료
2026-08-21 10:24:10.639 [session=000418] [INFO] [MainThread] ScreenContentHost에 ViewManager 참조 설정 완료
2026-08-21 10:24:10.639 [session=000418] [INFO] [MainThread] ✓ ViewStateManager 생성 (중앙 집중식 화면 상태 관리)
2026-08-21 10:24:10.721 [session=000418] [INFO] [MainThread] ✓ 전체화면 복원/최상위 재적용 기능: 비활성화
2026-08-21 10:24:10.756 [session=000418] [INFO] [MainThread] ✅ ViewManager 무거운 위젯 생성 완료
2026-08-21 10:24:10.873 [session=000418] [INFO] [MainThread] RobotContentWidget 초기화 완료 (하위 페이지 lazy 생성)
2026-08-21 10:24:10.892 [session=000418] [INFO] [MainThread] 키보드 매니저가 ScreenContentHost에 연결되었습니다.
2026-08-21 10:24:10.892 [session=000418] [INFO] [MainThread] 키보드 매니저가 RobotContentWidget에 전달되었습니다.
2026-08-21 10:24:11.045 [session=000418] [WARNING] [MainThread] [PERF] 화면형 콘텐츠 생성 단계 지연: robot_content, 193.5ms, steps: import_class=4.0ms, construct=18.1ms, replace_placeholder=8.9ms, fixed_scale=5.6ms, created_hooks=156.9ms
2026-08-21 10:24:11.046 [session=000418] [WARNING] [MainThread] [PERF] 화면형 콘텐츠 lazy 생성 지연: robot_content, 195.3ms
2026-08-21 10:24:11.048 [session=000418] [WARNING] [MainThread] [PERF] 로봇 상세 설정 콘텐츠 prewarm 지연: 196.6ms
2026-08-21 10:24:11.048 [session=000418] [INFO] [MainThread] 로봇 상세 설정 콘텐츠 idle prewarm 완료
2026-08-21 10:24:11.091 [session=000418] [INFO] [MainThread] MapContentWidget 초기화 완료 (내부 지도/SLAM 위젯 lazy 준비) (컨테이너: 1024x536, 내부: 1024x536)
2026-08-21 10:24:11.095 [session=000418] [INFO] [MainThread] 키보드 매니저가 ScreenContentHost에 연결되었습니다.
2026-08-21 10:24:11.095 [session=000418] [INFO] [MainThread] 키보드 매니저가 RobotContentWidget에 전달되었습니다.
2026-08-21 10:24:11.097 [session=000418] [INFO] [MainThread] 사이드바 지도 콘텐츠 lazy 생성 시그널 연결 완료
2026-08-21 10:24:11.097 [session=000418] [INFO] [MainThread]   홈 위치 캐시 → 픽셀 좌표로 변환 및 UI 업데이트: (894.0, 100.9)
2026-08-21 10:24:11.099 [session=000418] [INFO] [MainThread] 지도 콘텐츠 컨테이너 prewarm 완료: 13.8ms
2026-08-21 10:24:11.100 [session=000418] [DEBUG] [MainThread] MapContentWidget.update_map_data() 호출: map_arrays=True, force_clear=False, 현재 인덱스=0, map_view_widget_ready=False
2026-08-21 10:24:11.100 [session=000418] [DEBUG] [MainThread]   맵 배열 크기: 1120x822
2026-08-21 10:24:11.124 [session=000418] [INFO] [MainThread] [slam_config] 로봇 표시 크기: 0.20m × 0.20m
2026-08-21 10:24:11.125 [session=000418] [INFO] [MainThread] [slam_config] 센서 전방 오프셋: +180.0°
2026-08-21 10:24:11.130 [session=000418] [INFO] [MainThread] MapContentWidget 지도 보기 위젯 lazy 생성 시작
2026-08-21 10:24:11.281 [session=000418] [INFO] [MainThread] MapDetailWidget_Position(QGraphicsView) 초기화 완료
2026-08-21 10:24:11.374 [session=000418] [DEBUG] [MainThread] === MapDetailWidget_Position(QGraphicsView): update_map_data 호출 ===
2026-08-21 10:24:11.379 [session=000418] [DEBUG] [MainThread] 지도 렌더링 완료: 1120x822, refit=True
2026-08-21 10:24:11.379 [session=000418] [INFO] [MainThread] 홈 위치 표시 업데이트: (894.0, 100.9)
2026-08-21 10:24:11.388 [session=000418] [INFO] [MainThread] ScreenContentHost MapView 지도 위치/영역 시그널 연결 완료
2026-08-21 10:24:11.388 [session=000418] [INFO] [MainThread] 사이드바 지도 위젯의 scan_filtered/scan_bottom_filtered 오버레이 시그널 연결 완료
2026-08-21 10:24:11.389 [session=000418] [INFO] [MainThread] MapContentWidget 지도 보기 위젯 lazy 생성 완료
2026-08-21 10:24:11.389 [session=000418] [WARNING] [MainThread] [PERF] 지도 보기 콘텐츠 prewarm 지연: 288.9ms
2026-08-21 10:24:11.390 [session=000418] [WARNING] [MainThread] [PERF] 로딩 중 지도 콘텐츠 prewarm 지연: 304.4ms
2026-08-21 10:24:11.403 [session=000418] [DEBUG] [MainThread] 📊 로딩 진행률: 81% (완료:75%, 시간:81%, 3/4)
2026-08-21 10:24:11.412 [session=000418] [INFO] [MainThread] ✅ 로딩 UI warm-up 완료 (필수 UI만 준비)
2026-08-21 10:24:11.413 [session=000418] [INFO] [MainThread] 키보드 매니저가 ScreenContentHost에 연결되었습니다.
2026-08-21 10:24:11.414 [session=000418] [INFO] [MainThread] 키보드 매니저가 RobotContentWidget에 전달되었습니다.
2026-08-21 10:24:11.415 [session=000418] [INFO] [MainThread] 목적지 리스트 반환: destinations=[Destination(name='로비', goal_pose=Pose(x=4.241336459631034, y=-2.361104203714551, qw=0.5097087478206948, qz=0.8603470185890456), bell=Bells(treatment='', suction='64012cd7'), idx=0, color='#e53935'), Destination(name='수술실', goal_pose=Pose(x=4.5199271819089395, y=-3.9219605026851503, qw=0.14533446519134308, qz=-0.9893825818294691), bell=Bells(treatment='', suction='64132cd7'), idx=1, color='#e53935'), Destination(name='진료실', goal_pose=Pose(x=0.11980823444488001, y=-3.735511450600503, qw=0.9963649848510123, qz=0.0851869530083222), bell=Bells(treatment='', suction='64252cd7'), idx=2, color='#e53935'), Destination(name='창고', goal_pose=Pose(x=0.2834625688692579, y=-6.793061814598156, qw=0.5257961572167338, qz=0.850610604834031), bell=Bells(treatment='', suction='64372cd7'), idx=3, color='#e53935'), Destination(name='소독실', goal_pose=Pose(x=-3.4045695907217928, y=-7.611793760201744, qw=0.546869706461766, qz=0.8372177280459497), bell=Bells(treatment='', suction='64492cd7'), idx=4, color='#e53935')]
2026-08-21 10:24:11.416 [session=000418] [INFO] [MainThread] DestinationTableWidget.set_destinations: 5 items
2026-08-21 10:24:11.416 [session=000418] [INFO] [MainThread] 목적지 데이터 로드 예약: 5개
2026-08-21 10:24:11.416 [session=000418] [INFO] [MainThread] [필수] Init item complete: ui_warmup (4/4)
2026-08-21 10:24:11.424 [session=000418] [INFO] [MainThread] 지도 콘텐츠 컨테이너 prewarm 완료: 0.0ms
2026-08-21 10:24:11.425 [session=000418] [DEBUG] [MainThread] MapContentWidget.update_map_data() 호출: map_arrays=True, force_clear=False, 현재 인덱스=0, map_view_widget_ready=True
2026-08-21 10:24:11.425 [session=000418] [DEBUG] [MainThread]   맵 배열 크기: 1120x822
2026-08-21 10:24:11.426 [session=000418] [DEBUG] [MainThread] === MapDetailWidget_Position(QGraphicsView): update_map_data 호출 ===
2026-08-21 10:24:11.432 [session=000418] [DEBUG] [MainThread] 동일 지도 데이터 - 픽스맵 재렌더링 스킵
2026-08-21 10:24:11.432 [session=000418] [INFO] [MainThread] 지도 보기 콘텐츠 prewarm 완료: 7.5ms
2026-08-21 10:24:11.434 [session=000418] [INFO] [MainThread] === update_map_data_to_sidebar 호출 ===
2026-08-21 10:24:11.435 [session=000418] [INFO] [MainThread] MapManager에서 지도 데이터 가져옴: True
2026-08-21 10:24:11.435 [session=000418] [INFO] [MainThread] 지도 데이터를 사이드바 MapContentWidget에 전달
2026-08-21 10:24:11.435 [session=000418] [DEBUG] [MainThread] MapContentWidget.update_map_data() 호출: map_arrays=True, force_clear=False, 현재 인덱스=0, map_view_widget_ready=True
2026-08-21 10:24:11.435 [session=000418] [DEBUG] [MainThread]   맵 배열 크기: 1120x822
2026-08-21 10:24:11.436 [session=000418] [DEBUG] [MainThread] === MapDetailWidget_Position(QGraphicsView): update_map_data 호출 ===
2026-08-21 10:24:11.436 [session=000418] [DEBUG] [MainThread] 동일 지도 데이터 - 픽스맵 재렌더링 스킵
2026-08-21 10:24:11.436 [session=000418] [INFO] [MainThread] 로봇 위치를 사이드바에 업데이트: (893.8, 97.2)
2026-08-21 10:24:11.501 [session=000418] [DEBUG] [MainThread] 📊 로딩 진행률: 95% (완료:100%, 시간:82%, 4/4)
2026-08-21 10:24:11.501 [session=000418] [INFO] [MainThread] All initialization items complete (4/4)
2026-08-21 10:24:12.487 [session=000418] [INFO] [MainThread] [MAIN_THREAD_HEARTBEAT] GUI main thread alive: thread=MainThread
2026-08-21 10:24:12.562 [session=000418] [INFO] [SSE-SSE_BATTERY_LOW_SHUTDOWN] [SSE_DIAG] connect attempt tag=SSE_BATTERY_LOW_SHUTDOWN, reconnect=1, url=http://localhost:8080/robot_ec2b/events/battery/low_shutdown
2026-08-21 10:24:12.578 [session=000418] [INFO] [SSE-SSE_BATTERY_LOW_SHUTDOWN] [SSE_DIAG] connected tag=SSE_BATTERY_LOW_SHUTDOWN, status=404, reason=Not Found, elapsed=0.02s, content_type=application/json, url=http://localhost:8080/robot_ec2b/events/battery/low_shutdown
2026-08-21 10:24:12.578 [session=000418] [ERROR] [SSE-SSE_BATTERY_LOW_SHUTDOWN] [SSE_DIAG] non-200 response tag=SSE_BATTERY_LOW_SHUTDOWN, status=404, reason=Not Found, url=http://localhost:8080/robot_ec2b/events/battery/low_shutdown
2026-08-21 10:24:12.580 [session=000418] [INFO] [SSE-SSE_BATTERY_LOW_SHUTDOWN] [SSE_DIAG] reconnect wait tag=SSE_BATTERY_LOW_SHUTDOWN, delay=10s, reconnect=2, reason=HTTP 404, url=http://localhost:8080/robot_ec2b/events/battery/low_shutdown
2026-08-21 10:24:13.787 [session=000418] [INFO] [MainThread] ================================================================================
2026-08-21 10:24:13.789 [session=000418] [INFO] [MainThread] 🎯 로딩 타임아웃 - 화면 전환 시작
2026-08-21 10:24:13.789 [session=000418] [INFO] [MainThread] ================================================================================
2026-08-21 10:24:13.790 [session=000418] [INFO] [MainThread] ✓ 시작 시 바퀴 락 해제 완료
2026-08-21 10:24:13.790 [session=000418] [DEBUG] [RestApiThread] [LockByTouch] [REST API] SendRobotLock(False)
2026-08-21 10:24:13.791 [session=000418] [INFO] [MainThread] ================================================================================
2026-08-21 10:24:13.792 [session=000418] [INFO] [MainThread] 📍 목적지 이동 화면으로 전환 시도
2026-08-21 10:24:13.792 [session=000418] [INFO] [MainThread]    - 맵 로드 상태: ✓
2026-08-21 10:24:13.793 [session=000418] [INFO] [MainThread]    - 목적지 개수: 5
2026-08-21 10:24:13.793 [session=000418] [INFO] [MainThread]    - 로봇 상태: ROBOT_STATE_STANDBY
2026-08-21 10:24:13.794 [session=000418] [INFO] [MainThread] ================================================================================
2026-08-21 10:24:13.794 [session=000418] [INFO] [MainThread] ================================================================================
2026-08-21 10:24:13.795 [session=000418] [INFO] [MainThread] ✅ 로딩 완료 - 로딩 화면 표시 후 소요 시간: 11.56초
2026-08-21 10:24:13.795 [session=000418] [INFO] [MainThread] ================================================================================
2026-08-21 10:24:13.820 [session=000418] [DEBUG] [RestApiThread] _handle_response 호출됨 - tag: REST_API_TAG.POST_ROBOT_LOCK, status_code: 200
2026-08-21 10:24:13.839 [session=000418] [DEBUG] [ThreadPoolExecutor-5_1] 백그라운드 파싱 대상이 아닌 REST 태그: REST_API_TAG.POST_ROBOT_LOCK
2026-08-21 10:24:13.884 [session=000418] [INFO] [RestApiThread] [SSE_DIAG] start requested tag=SSE_CALLBELL_SYNC, url=http://localhost:8080/robot_ec2b/events/callbell, timeout=None
2026-08-21 10:24:13.888 [session=000418] [INFO] [SSE-SSE_CALLBELL_SYNC] [SSE_DIAG] connect attempt tag=SSE_CALLBELL_SYNC, reconnect=0, url=http://localhost:8080/robot_ec2b/events/callbell
2026-08-21 10:24:13.890 [session=000418] [INFO] [MainThread] 지연 뷰는 첫 진입 시 생성하도록 유지
2026-08-21 10:24:13.890 [session=000418] [DEBUG] [RestApiThread] GetCallBellFromRESTAPI 요청 시작
2026-08-21 10:24:13.894 [session=000418] [DEBUG] [RestApiThread] _get_data: 요청 시작 - tag: REST_API_TAG.GET_CALLBELL, url: http://localhost:8080/robot_ec2b/callbell
2026-08-21 10:24:13.895 [session=000418] [INFO] [MainThread] [SoundManager] sound list 백그라운드 preload 시작
2026-08-21 10:24:13.897 [session=000418] [INFO] [MainThread] ================================================================================
2026-08-21 10:24:13.898 [session=000418] [DEBUG] [RestApiThread] _get_data: 요청 전송 완료 - tag: REST_API_TAG.GET_CALLBELL, timeout: 30000ms
2026-08-21 10:24:13.899 [session=000418] [INFO] [MainThread] ✅ 시스템 초기화 완료 - 목적지 이동 화면 표시
2026-08-21 10:24:13.900 [session=000418] [INFO] [MainThread] ================================================================================
2026-08-21 10:24:13.902 [session=000418] [INFO] [RestApiThread] [SSE_DIAG] start requested tag=SSE_MD_SET_BREAK, url=http://localhost:8080/robot_ec2b/events/md/set_brake, timeout=None
2026-08-21 10:24:13.905 [session=000418] [INFO] [SSE-SSE_CALLBELL_SYNC] [SSE_DIAG] connected tag=SSE_CALLBELL_SYNC, status=200, reason=OK, elapsed=0.02s, content_type=text/event-stream; charset=utf-8, url=http://localhost:8080/robot_ec2b/events/callbell
2026-08-21 10:24:13.905 [session=000418] [INFO] [SSE-SSE_CALLBELL_SYNC] [SSE_DIAG] event received tag=SSE_CALLBELL_SYNC, count=1, event=message, id=None, url=http://localhost:8080/robot_ec2b/events/callbell, data={"data": "{\"callbells\": {\"64012cd7\": {\"name\": \"\ud638\ucd9c\ubca8 1\", \"usage\": \"suction\", \"destination\": \"\ub85c\ube44\"}, \"64132cd7\": {\"name\": \"\ud638\ucd9c\ubca8 2\", \"usage\": \"suction\", \"destination\": \"\uc218\uc220\uc2e4\"}, \"64252cd7\": {\"name\": \"\ud638\ucd9c\ubca8 3\", \"usage\": \"suction\", \"destination\": \"\uc9c4\ub8cc\uc2e4\"}, \"64372cd7\": {\"name\": \"\ud638\ucd9c\ubca8 4\", \"usage\": \"suction\", \"destination\": \"\ucc3d\uace0\"}, \"64492cd7\": {\"...(len=685)
2026-08-21 10:24:13.906 [session=000418] [INFO] [SSE-SSE_CALLBELL_SYNC] [CALLBELL SSE] 목록 변경 신호 감지: url=http://localhost:8080/robot_ec2b/events/callbell, raw={"data": "{\"callbells\": {\"64012cd7\": {\"name\": \"\ud638\ucd9c\ubca8 1\", \"usage\": \"suction\", \"destination\": \"\ub85c\ube44\"}, \"64132cd7\": {\"name\": \"\ud638\ucd9c\ubca8 2\", \"usage\": \"suction\", \"destination\": \"\uc218\uc220\uc2e4\"}, \"64252cd7\": {\"name\": \"\ud638\ucd9c\ubca8 3\", \"usage\": \"suction\", \"destination\": \"\uc9c4\ub8cc\uc2e4\"}, \"64372cd7\": {\"name\": \"\ud638\ucd9c\ubca8 4\", \"usage\": \"suction\", \"destination\": \"\ucc3d\uace0\"}, \"64492cd7\": {\"...(len=685)
2026-08-21 10:24:13.919 [session=000418] [INFO] [SSE-SSE_MD_SET_BREAK] [SSE_DIAG] connect attempt tag=SSE_MD_SET_BREAK, reconnect=0, url=http://localhost:8080/robot_ec2b/events/md/set_brake
2026-08-21 10:24:13.934 [session=000418] [DEBUG] [RestApiThread] _handle_response 호출됨 - tag: REST_API_TAG.GET_CALLBELL, status_code: 200
2026-08-21 10:24:13.935 [session=000418] [INFO] [ThreadPoolExecutor-5_0] 호출벨 데이터 수신: 5개
2026-08-21 10:24:13.947 [session=000418] [INFO] [SSE-SSE_MD_SET_BREAK] [SSE_DIAG] connected tag=SSE_MD_SET_BREAK, status=200, reason=OK, elapsed=0.03s, content_type=text/event-stream; charset=utf-8, url=http://localhost:8080/robot_ec2b/events/md/set_brake
2026-08-21 10:24:14.043 [session=000418] [INFO] [MainThread] 호출벨 목록 변경 SSE 수신 - REST API 재조회: payload={"data": "{\"callbells\": {\"64012cd7\": {\"name\": \"\ud638\ucd9c\ubca8 1\", \"usage\": \"suction\", \"destination\": \"\ub85c\ube44\"}, \"64132cd7\": {\"name\": \"\ud638\ucd9c\ubca8 2\", \"usage\": 
2026-08-21 10:24:14.044 [session=000418] [INFO] [MainThread] 호출벨-목적지 동기화 완료: 5개 호출벨
2026-08-21 10:24:14.044 [session=000418] [INFO] [MainThread] 목적지 리스트 반환: destinations=[Destination(name='로비', goal_pose=Pose(x=4.241336459631034, y=-2.361104203714551, qw=0.5097087478206948, qz=0.8603470185890456), bell=Bells(treatment='', suction='64012cd7'), idx=0, color='#e53935'), Destination(name='수술실', goal_pose=Pose(x=4.5199271819089395, y=-3.9219605026851503, qw=0.14533446519134308, qz=-0.9893825818294691), bell=Bells(treatment='', suction='64132cd7'), idx=1, color='#e53935'), Destination(name='진료실', goal_pose=Pose(x=0.11980823444488001, y=-3.735511450600503, qw=0.9963649848510123, qz=0.0851869530083222), bell=Bells(treatment='', suction='64252cd7'), idx=2, color='#e53935'), Destination(name='창고', goal_pose=Pose(x=0.2834625688692579, y=-6.793061814598156, qw=0.5257961572167338, qz=0.850610604834031), bell=Bells(treatment='', suction='64372cd7'), idx=3, color='#e53935'), Destination(name='소독실', goal_pose=Pose(x=-3.4045695907217928, y=-7.611793760201744, qw=0.546869706461766, qz=0.8372177280459497), bell=Bells(treatment='', suction='64492cd7'), idx=4, color='#e53935')]
2026-08-21 10:24:14.045 [session=000418] [INFO] [MainThread] 호출벨 리스트 반환: callbells={'64012cd7': {'name': '호출벨 1', 'usage': 'suction', 'destination': '로비'}, '64132cd7': {'name': '호출벨 2', 'usage': 'suction', 'destination': '수술실'}, '64252cd7': {'name': '호출벨 3', 'usage': 'suction', 'destination': '진료실'}, '64372cd7': {'name': '호출벨 4', 'usage': 'suction', 'destination': '창고'}, '64492cd7': {'name': '호출벨 5', 'usage': 'suction', 'destination': '소독실'}}, robot_usages=['treatment', 'suction']
2026-08-21 10:24:14.045 [session=000418] [DEBUG] [RestApiThread] GetCallBellFromRESTAPI 요청 시작
2026-08-21 10:24:14.047 [session=000418] [DEBUG] [RestApiThread] _get_data: 요청 시작 - tag: REST_API_TAG.GET_CALLBELL, url: http://localhost:8080/robot_ec2b/callbell
2026-08-21 10:24:14.049 [session=000418] [DEBUG] [RestApiThread] _get_data: 요청 전송 완료 - tag: REST_API_TAG.GET_CALLBELL, timeout: 30000ms
2026-08-21 10:24:14.054 [session=000418] [DEBUG] [RestApiThread] _handle_response 호출됨 - tag: REST_API_TAG.GET_CALLBELL, status_code: 200
2026-08-21 10:24:14.058 [session=000418] [INFO] [ThreadPoolExecutor-5_0] 호출벨 데이터 수신: 5개
2026-08-21 10:24:14.060 [session=000418] [INFO] [MainThread] 호출벨-목적지 동기화 완료: 5개 호출벨
2026-08-21 10:24:14.062 [session=000418] [INFO] [MainThread] 목적지 리스트 반환: destinations=[Destination(name='로비', goal_pose=Pose(x=4.241336459631034, y=-2.361104203714551, qw=0.5097087478206948, qz=0.8603470185890456), bell=Bells(treatment='', suction='64012cd7'), idx=0, color='#e53935'), Destination(name='수술실', goal_pose=Pose(x=4.5199271819089395, y=-3.9219605026851503, qw=0.14533446519134308, qz=-0.9893825818294691), bell=Bells(treatment='', suction='64132cd7'), idx=1, color='#e53935'), Destination(name='진료실', goal_pose=Pose(x=0.11980823444488001, y=-3.735511450600503, qw=0.9963649848510123, qz=0.0851869530083222), bell=Bells(treatment='', suction='64252cd7'), idx=2, color='#e53935'), Destination(name='창고', goal_pose=Pose(x=0.2834625688692579, y=-6.793061814598156, qw=0.5257961572167338, qz=0.850610604834031), bell=Bells(treatment='', suction='64372cd7'), idx=3, color='#e53935'), Destination(name='소독실', goal_pose=Pose(x=-3.4045695907217928, y=-7.611793760201744, qw=0.546869706461766, qz=0.8372177280459497), bell=Bells(treatment='', suction='64492cd7'), idx=4, color='#e53935')]
2026-08-21 10:24:14.063 [session=000418] [INFO] [MainThread] 호출벨 리스트 반환: callbells={'64012cd7': {'name': '호출벨 1', 'usage': 'suction', 'destination': '로비'}, '64132cd7': {'name': '호출벨 2', 'usage': 'suction', 'destination': '수술실'}, '64252cd7': {'name': '호출벨 3', 'usage': 'suction', 'destination': '진료실'}, '64372cd7': {'name': '호출벨 4', 'usage': 'suction', 'destination': '창고'}, '64492cd7': {'name': '호출벨 5', 'usage': 'suction', 'destination': '소독실'}}, robot_usages=['treatment', 'suction']
2026-08-21 10:24:14.416 [session=000418] [INFO] [MainThread] 외부 안내 음성 설정 조회 요청: master_ip=192.168.104.212, robot_id=robot_ec2b, language=ko, event_id=startup_welcome
2026-08-21 10:24:14.418 [session=000418] [INFO] [RestApiThread] [REST API] voice-event command GET 전송: url=http://192.168.104.212:5051/api/voice-event-settings/command?robot_id=robot_ec2b&language=ko&event_id=startup_welcome
2026-08-21 10:24:14.437 [session=000418] [DEBUG] [RestApiThread] _handle_response 호출됨 - tag: REST_API_TAG.GET_VOICE_EVENT_COMMAND, status_code: 200
2026-08-21 10:24:14.437 [session=000418] [INFO] [RestApiThread] voice-event command 수신: event_id=startup_welcome, language=ko, command=tts:안녕하세요.
2026-08-21 10:24:14.439 [session=000418] [INFO] [MainThread] 스피커 idle 대기 후 사운드 명령 전송 예정: command=tts:안녕하세요., pending_count=1
2026-08-21 10:24:14.445 [session=000418] [INFO] [MainThread] 스피커 상태 조회 API 호출: command=tts:안녕하세요., pending_count=1
2026-08-21 10:24:14.447 [session=000418] [DEBUG] [RestApiThread] _get_data: 요청 시작 - tag: REST_API_TAG.GET_SPEAKER_STATUS, url: http://localhost:8080/robot_ec2b/speaker/status
2026-08-21 10:24:14.448 [session=000418] [DEBUG] [RestApiThread] _get_data: 요청 전송 완료 - tag: REST_API_TAG.GET_SPEAKER_STATUS, timeout: 30000ms
2026-08-21 10:24:14.463 [session=000418] [DEBUG] [RestApiThread] _handle_response 호출됨 - tag: REST_API_TAG.GET_SPEAKER_STATUS, status_code: 200
2026-08-21 10:24:14.465 [session=000418] [INFO] [MainThread] 스피커 상태 조회 응답: status=idle, command=tts:안녕하세요., pending_count=1
2026-08-21 10:24:14.467 [session=000418] [INFO] [MainThread] 스피커 idle 확인 - 음성 재생 API 호출: command=tts:안녕하세요., remaining_count=0
2026-08-21 10:24:14.467 [session=000418] [INFO] [MainThread] 음성 재생 API 호출 완료: command=tts:안녕하세요.
2026-08-21 10:24:14.468 [session=000418] [INFO] [RestApiThread] [REST API] 음성 재생 POST 전송 직전: url=http://localhost:8080/robot_ec2b/speaker/sound_command, payload={"data": "tts:\uc548\ub155\ud558\uc138\uc694."}, timeout=30000ms, pending_before=0
2026-08-21 10:24:14.469 [session=000418] [INFO] [RestApiThread] [REST API] 음성 재생 POST 전송 등록 완료: url=http://localhost:8080/robot_ec2b/speaker/sound_command, reply_id=281470351544576, pending_after=1
2026-08-21 10:24:14.486 [session=000418] [DEBUG] [RestApiThread] _handle_response 호출됨 - tag: REST_API_TAG.POST_SOUND_COMMAND, status_code: 200
2026-08-21 10:24:14.487 [session=000418] [INFO] [RestApiThread] [REST API] 음성 재생 POST 성공: status=200, pending→0, response={"ok":true,"payload":{"data":"tts:안녕하세요."}}
2026-08-21 10:24:15.488 [session=000418] [DEBUG] [RestApiThread] GetCallBellFromRESTAPI 요청 시작
2026-08-21 10:24:15.494 [session=000418] [DEBUG] [RestApiThread] _get_data: 요청 시작 - tag: REST_API_TAG.GET_CALLBELL, url: http://localhost:8080/robot_ec2b/callbell
2026-08-21 10:24:15.495 [session=000418] [DEBUG] [RestApiThread] _get_data: 요청 전송 완료 - tag: REST_API_TAG.GET_CALLBELL, timeout: 30000ms
2026-08-21 10:24:15.498 [session=000418] [INFO] [MainThread] model_manager set_destinations: unchanged (5 items) - emit skipped
2026-08-21 10:24:15.502 [session=000418] [DEBUG] [RestApiThread] _handle_response 호출됨 - tag: REST_API_TAG.GET_CALLBELL, status_code: 200
2026-08-21 10:24:15.503 [session=000418] [INFO] [ThreadPoolExecutor-5_0] 호출벨 데이터 수신: 5개
2026-08-21 10:24:15.504 [session=000418] [INFO] [MainThread] 호출벨-목적지 동기화 완료: 5개 호출벨
2026-08-21 10:24:15.504 [session=000418] [INFO] [MainThread] 목적지 리스트 반환: destinations=[Destination(name='로비', goal_pose=Pose(x=4.241336459631034, y=-2.361104203714551, qw=0.5097087478206948, qz=0.8603470185890456), bell=Bells(treatment='', suction='64012cd7'), idx=0, color='#e53935'), Destination(name='수술실', goal_pose=Pose(x=4.5199271819089395, y=-3.9219605026851503, qw=0.14533446519134308, qz=-0.9893825818294691), bell=Bells(treatment='', suction='64132cd7'), idx=1, color='#e53935'), Destination(name='진료실', goal_pose=Pose(x=0.11980823444488001, y=-3.735511450600503, qw=0.9963649848510123, qz=0.0851869530083222), bell=Bells(treatment='', suction='64252cd7'), idx=2, color='#e53935'), Destination(name='창고', goal_pose=Pose(x=0.2834625688692579, y=-6.793061814598156, qw=0.5257961572167338, qz=0.850610604834031), bell=Bells(treatment='', suction='64372cd7'), idx=3, color='#e53935'), Destination(name='소독실', goal_pose=Pose(x=-3.4045695907217928, y=-7.611793760201744, qw=0.546869706461766, qz=0.8372177280459497), bell=Bells(treatment='', suction='64492cd7'), idx=4, color='#e53935')]
2026-08-21 10:24:15.505 [session=000418] [INFO] [MainThread] 호출벨 리스트 반환: callbells={'64012cd7': {'name': '호출벨 1', 'usage': 'suction', 'destination': '로비'}, '64132cd7': {'name': '호출벨 2', 'usage': 'suction', 'destination': '수술실'}, '64252cd7': {'name': '호출벨 3', 'usage': 'suction', 'destination': '진료실'}, '64372cd7': {'name': '호출벨 4', 'usage': 'suction', 'destination': '창고'}, '64492cd7': {'name': '호출벨 5', 'usage': 'suction', 'destination': '소독실'}}, robot_usages=['treatment', 'suction']
2026-08-21 10:24:15.510 [session=000418] [INFO] [MainThread] My IP : 192.168.104.212
2026-08-21 10:24:16.491 [session=000418] [INFO] [MainThread] 배터리 로거 초기화 완료
2026-08-21 10:24:16.494 [session=000418] [INFO] [ThreadPoolExecutor-7_0] 배터리 로그 로드 완료: 572개 레코드
2026-08-21 10:24:16.686 [session=000418] [INFO] [MainThread] 🔊 SoundManager 초기화 시작 (QtMultimedia worker)
2026-08-21 10:24:16.688 [session=000418] [INFO] [MainThread] Loading sound list from: /home/dentium/robot_GUIs/app/config/sound_list.json
2026-08-21 10:24:16.690 [session=000418] [DEBUG] [MainThread] [SoundManager] 볼륨 설정: 50%
2026-08-21 10:24:16.818 [session=000418] [INFO] [MainThread] [SoundManager] BGM 프로세스 시작: program=/home/dentium/robot_GUIs/.venv/bin/python3, args=-u /home/dentium/robot_GUIs/app/resources/sounds/bgm_player_process.py
2026-08-21 10:24:16.821 [session=000418] [INFO] [Dummy-6] [SoundManager] HDMI 오디오 장치 선택: Built-in Audio Digital Stereo (HDMI)
2026-08-21 10:24:16.822 [session=000418] [INFO] [MainThread] SoundManager initialized. backend=qt-worker+bgm-process
2026-08-21 10:24:16.823 [session=000418] [DEBUG] [MainThread] [SoundManager] 볼륨 설정: 14%
2026-08-21 10:24:16.824 [session=000418] [INFO] [MainThread] [INIT] 설정 파일 볼륨 적용: 14% (muted)
2026-08-21 10:24:16.824 [session=000418] [INFO] [MainThread] ViewManager에 SoundManager 참조 설정 완료
2026-08-21 10:24:16.824 [session=000418] [INFO] [MainThread] [SoundManager] 오디오 keepalive warm-up 생략: DENTIUM_AUDIO_KEEPALIVE=1에서만 활성
2026-08-21 10:24:16.824 [session=000418] [INFO] [Dummy-6] [SoundManager] QtMultimedia worker initialized thread=QtAudioWorkerThread, device=Built-in Audio Digital Stereo (HDMI)
2026-08-21 10:24:16.825 [session=000418] [DEBUG] [Dummy-6] [SoundManager] 워커 볼륨 설정: 50%
2026-08-21 10:24:16.825 [session=000418] [INFO] [MainThread] 버튼 클릭 사운드 warm-up 완료: button0.wav
2026-08-21 10:24:16.826 [session=000418] [INFO] [MainThread] ✅ SoundManager 초기화 완료
2026-08-21 10:24:16.827 [session=000418] [INFO] [MainThread] SoundManager worker ready. device=Built-in Audio Digital Stereo (HDMI)
2026-08-21 10:24:16.827 [session=000418] [INFO] [MainThread] [SoundManager] BGM 프로세스 started
2026-08-21 10:24:16.828 [session=000418] [DEBUG] [Dummy-6] [SoundManager] 워커 볼륨 설정: 14%
2026-08-21 10:24:16.828 [session=000418] [DEBUG] [Dummy-6] [SoundManager] 워커 볼륨 설정: 0%
2026-08-21 10:24:16.829 [session=000418] [INFO] [Dummy-6] [AUDIO_DIAG] cached effect created device=Built-in Audio Digital Stereo (HDMI), path=/home/dentium/robot_GUIs/app/resources/sounds/sounds/button0.wav
2026-08-21 10:24:16.831 [session=000418] [DEBUG] [Dummy-6] [AUDIO_DIAG] cached effect status status=Ready, path=/home/dentium/robot_GUIs/app/resources/sounds/sounds/button0.wav
2026-08-21 10:24:17.318 [session=000418] [INFO] [MainThread] [Logger] Session 000418 opened: /home/dentium/robot_GUIs/log/log_session_000418_20260821_102401.log
2026-08-21 10:24:17.317 [session=000418] [INFO] [MainThread] [BGM_PROCESS] HDMI 오디오 장치 선택: Built-in Audio Digital Stereo (HDMI)
2026-08-21 10:24:17.321 [session=000418] [INFO] [MainThread] [BGM_PROCESS] initialized pid=3838, device=Built-in Audio Digital Stereo (HDMI)
2026-08-21 10:24:17.322 [session=000418] [INFO] [MainThread] [SoundManager] BGM 프로세스 ready: pid=3838, device=Built-in Audio Digital Stereo (HDMI)
2026-08-21 10:24:17.486 [session=000418] [INFO] [MainThread] [MAIN_THREAD_HEARTBEAT] GUI main thread alive: thread=MainThread
2026-08-21 10:24:18.669 [session=000418] [INFO] [MainThread] SettingContentWidget 초기화 완료 (상세 화면 lazy 생성)
2026-08-21 10:24:18.685 [session=000418] [INFO] [MainThread] 키보드 매니저가 ScreenContentHost에 연결되었습니다.
2026-08-21 10:24:18.686 [session=000418] [INFO] [MainThread] 키보드 매니저가 RobotContentWidget에 전달되었습니다.
2026-08-21 10:24:18.693 [session=000418] [WARNING] [MainThread] [PERF] 화면형 콘텐츠 생성 단계 지연: system_content, 56.4ms, steps: import_class=17.5ms, construct=17.3ms, replace_placeholder=11.9ms, fixed_scale_skip=0.0ms, created_hooks=9.3ms
2026-08-21 10:24:18.695 [session=000418] [INFO] [MainThread] 일반 설정 콘텐츠 prewarm 완료: 57.6ms
2026-08-21 10:24:18.695 [session=000418] [INFO] [MainThread] 일반 설정 콘텐츠 idle prewarm 완료
2026-08-21 10:24:21.224 [session=000418] [WARNING] [MainThread] [PERF] SettingDetailWidget_Network.__init__ 지연: 137.6ms, steps: imports=28.2ms, base_setup=10.5ms, state_timers=2.4ms, wifi_power_controls=3.9ms, dashboard_panel=16.5ms, section_titles=2.2ms, saved_network_list=31.7ms, scanned_network_list=29.5ms, network_list_signals=4.8ms, empty_labels=2.1ms, loading_indicator=2.4ms, power_ui_init=2.1ms
2026-08-21 10:24:21.272 [session=000418] [WARNING] [MainThread] [PERF] SettingContentWidget page 생성 지연: page=network, 185.9ms, steps: construct_and_signals=142.0ms, replace_placeholder=40.1ms, fixed_scale_skip=0.0ms, page_layout=3.7ms
2026-08-21 10:24:21.275 [session=000418] [INFO] [MainThread] 키보드 매니저가 ScreenContentHost에 연결되었습니다.
2026-08-21 10:24:21.276 [session=000418] [INFO] [MainThread] 키보드 매니저가 RobotContentWidget에 전달되었습니다.
2026-08-21 10:24:21.281 [session=000418] [WARNING] [MainThread] [PERF] 시스템 상세 콘텐츠 prewarm 지연: 194.5ms, pages=network
2026-08-21 10:24:21.282 [session=000418] [INFO] [MainThread] 네트워크 설정 콘텐츠 idle prewarm 완료
2026-08-21 10:24:21.920 [session=000418] [INFO] [MainThread] WiFi Scan Results Summary:
2026-08-21 10:24:21.921 [session=000418] [INFO] [MainThread]  - Raw networks from scan: 1
2026-08-21 10:24:21.921 [session=000418] [INFO] [MainThread]  - Unique SSIDs to display: 1
2026-08-21 10:24:21.921 [session=000418] [INFO] [MainThread]  - Connected networks (top): 1
2026-08-21 10:24:21.921 [session=000418] [INFO] [MainThread]  - Disconnected networks: 0
2026-08-21 10:24:21.970 [session=000418] [DEBUG] [MainThread] SSID: Dentium_wifi, SIGNAL: 87
2026-08-21 10:24:21.971 [session=000418] [WARNING] [MainThread] [PERF] 네트워크 리스트 위젯 생성 배치 지연: 44.4ms
2026-08-21 10:24:22.095 [session=000418] [INFO] [MainThread] WiFi Scan Results Summary: 재생성 중 메타 갱신 지연 적용
2026-08-21 10:24:22.095 [session=000418] [INFO] [MainThread] WiFi Scan Results Summary:
2026-08-21 10:24:22.095 [session=000418] [INFO] [MainThread]  - Raw networks from scan: 12
2026-08-21 10:24:22.096 [session=000418] [INFO] [MainThread]  - Unique SSIDs to display: 12
2026-08-21 10:24:22.096 [session=000418] [INFO] [MainThread]  - Connected networks (top): 0
2026-08-21 10:24:22.096 [session=000418] [INFO] [MainThread]  - Disconnected networks: 12
2026-08-21 10:24:22.141 [session=000418] [DEBUG] [MainThread] SSID: Dentium_wifi, SIGNAL: 87
2026-08-21 10:24:22.162 [session=000418] [DEBUG] [MainThread] SSID: [LG_AirPurifier]a63c, SIGNAL: 100
2026-08-21 10:24:22.187 [session=000418] [DEBUG] [MainThread] SSID: robot_cam5G, SIGNAL: 100
2026-08-21 10:24:22.213 [session=000418] [DEBUG] [MainThread] SSID: robot_cam, SIGNAL: 95
2026-08-21 10:24:22.234 [session=000418] [DEBUG] [MainThread] SSID: DooHyun_Dev, SIGNAL: 92
2026-08-21 10:24:22.260 [session=000418] [DEBUG] [MainThread] SSID: iptime, SIGNAL: 75
2026-08-21 10:24:22.288 [session=000418] [DEBUG] [MainThread] SSID: Dentium_wifi_5F, SIGNAL: 62
2026-08-21 10:24:22.314 [session=000418] [DEBUG] [MainThread] SSID: [LG_AirPurifier]47de, SIGNAL: 60
2026-08-21 10:24:22.338 [session=000418] [DEBUG] [MainThread] SSID: Dentium_wifi_6F, SIGNAL: 55
2026-08-21 10:24:22.368 [session=000418] [DEBUG] [MainThread] SSID: iptime5G, SIGNAL: 55
2026-08-21 10:24:22.391 [session=000418] [DEBUG] [MainThread] SSID: DIRECT-23-HP OfficeJet Pro 9010, SIGNAL: 47
2026-08-21 10:24:22.414 [session=000418] [DEBUG] [MainThread] SSID: [LG_AirPurifier]dca4, SIGNAL: 45
2026-08-21 10:24:22.436 [session=000418] [DEBUG] [MainThread] SSID: [LG_AirPurifier]dc2c, SIGNAL: 27
2026-08-21 10:24:22.587 [session=000418] [INFO] [SSE-SSE_BATTERY_LOW_SHUTDOWN] [SSE_DIAG] connect attempt tag=SSE_BATTERY_LOW_SHUTDOWN, reconnect=2, url=http://localhost:8080/robot_ec2b/events/battery/low_shutdown
2026-08-21 10:24:22.601 [session=000418] [INFO] [SSE-SSE_BATTERY_LOW_SHUTDOWN] [SSE_DIAG] connected tag=SSE_BATTERY_LOW_SHUTDOWN, status=404, reason=Not Found, elapsed=0.01s, content_type=application/json, url=http://localhost:8080/robot_ec2b/events/battery/low_shutdown
2026-08-21 10:24:22.607 [session=000418] [ERROR] [SSE-SSE_BATTERY_LOW_SHUTDOWN] [SSE_DIAG] non-200 response tag=SSE_BATTERY_LOW_SHUTDOWN, status=404, reason=Not Found, url=http://localhost:8080/robot_ec2b/events/battery/low_shutdown
2026-08-21 10:24:22.615 [session=000418] [INFO] [SSE-SSE_BATTERY_LOW_SHUTDOWN] [SSE_DIAG] reconnect wait tag=SSE_BATTERY_LOW_SHUTDOWN, delay=10s, reconnect=3, reason=HTTP 404, url=http://localhost:8080/robot_ec2b/events/battery/low_shutdown
2026-08-21 10:24:22.782 [session=000418] [WARNING] [MainThread] [PERF] SettingContentWidget page 생성 지연: page=info, 291.5ms, steps: construct_and_signals=149.2ms, replace_placeholder=42.3ms, fixed_scale=92.0ms, page_layout=8.0ms
2026-08-21 10:24:22.786 [session=000418] [INFO] [MainThread] 키보드 매니저가 ScreenContentHost에 연결되었습니다.
2026-08-21 10:24:22.786 [session=000418] [INFO] [MainThread] 키보드 매니저가 RobotContentWidget에 전달되었습니다.
2026-08-21 10:24:22.788 [session=000418] [WARNING] [MainThread] [PERF] 시스템 상세 콘텐츠 prewarm 지연: 297.8ms, pages=info
2026-08-21 10:24:22.792 [session=000418] [INFO] [MainThread] 시스템 정보 콘텐츠 idle prewarm 완료
2026-08-21 10:24:22.792 [session=000418] [INFO] [MainThread] [MAIN_THREAD_HEARTBEAT] GUI main thread alive: thread=MainThread
2026-08-21 10:24:24.187 [session=000418] [INFO] [MainThread] WiFi Scan Results Summary: 동일 네트워크 목록 - UI 재생성 생략
2026-08-21 10:24:24.189 [session=000418] [INFO] [MainThread] WiFi Scan Results Summary: 동일 네트워크 목록 - UI 재생성 생략
2026-08-21 10:24:24.650 [session=000418] [INFO] [MainThread] MonitorContentWidget 초기화 완료
2026-08-21 10:24:24.733 [session=000418] [INFO] [MainThread] 키보드 매니저가 ScreenContentHost에 연결되었습니다.
2026-08-21 10:24:24.733 [session=000418] [INFO] [MainThread] 키보드 매니저가 RobotContentWidget에 전달되었습니다.
2026-08-21 10:24:24.735 [session=000418] [WARNING] [MainThread] [PERF] 화면형 콘텐츠 생성 단계 지연: monitor_content, 248.6ms, steps: import_class=9.5ms, construct=155.5ms, replace_placeholder=38.9ms, fixed_scale=41.9ms, created_hooks=2.7ms
2026-08-21 10:24:24.736 [session=000418] [WARNING] [MainThread] [PERF] 화면형 콘텐츠 lazy 생성 지연: monitor_content, 249.9ms
2026-08-21 10:24:24.737 [session=000418] [WARNING] [MainThread] [PERF] 모니터링 콘텐츠 prewarm 지연: 250.8ms
2026-08-21 10:24:24.738 [session=000418] [INFO] [MainThread] 모니터링 콘텐츠 idle prewarm 완료
2026-08-21 10:24:25.488 [session=000418] [DEBUG] [RestApiThread] GetCallBellFromRESTAPI 요청 시작
2026-08-21 10:24:25.489 [session=000418] [DEBUG] [RestApiThread] _get_data: 요청 시작 - tag: REST_API_TAG.GET_CALLBELL, url: http://localhost:8080/robot_ec2b/callbell
2026-08-21 10:24:25.492 [session=000418] [DEBUG] [RestApiThread] _get_data: 요청 전송 완료 - tag: REST_API_TAG.GET_CALLBELL, timeout: 30000ms
2026-08-21 10:24:25.499 [session=000418] [DEBUG] [RestApiThread] _handle_response 호출됨 - tag: REST_API_TAG.GET_CALLBELL, status_code: 200
2026-08-21 10:24:25.502 [session=000418] [INFO] [ThreadPoolExecutor-5_0] 호출벨 데이터 수신: 5개
2026-08-21 10:24:25.540 [session=000418] [INFO] [MainThread] 배터리 그래프 위젯 초기화 완료
2026-08-21 10:24:25.548 [session=000418] [INFO] [MainThread] 배터리 이력 위젯 초기화 완료
2026-08-21 10:24:25.565 [session=000418] [INFO] [MainThread] 배터리 이력 콘텐츠 prewarm 완료: 78.3ms
2026-08-21 10:24:25.566 [session=000418] [INFO] [MainThread] 배터리 이력 콘텐츠 idle prewarm 완료
2026-08-21 10:24:25.568 [session=000418] [INFO] [MainThread] model_manager set_destinations: unchanged (5 items) - emit skipped
2026-08-21 10:24:25.573 [session=000418] [INFO] [MainThread] 호출벨-목적지 동기화 완료: 5개 호출벨
2026-08-21 10:24:25.574 [session=000418] [INFO] [MainThread] 목적지 리스트 반환: destinations=[Destination(name='로비', goal_pose=Pose(x=4.241336459631034, y=-2.361104203714551, qw=0.5097087478206948, qz=0.8603470185890456), bell=Bells(treatment='', suction='64012cd7'), idx=0, color='#e53935'), Destination(name='수술실', goal_pose=Pose(x=4.5199271819089395, y=-3.9219605026851503, qw=0.14533446519134308, qz=-0.9893825818294691), bell=Bells(treatment='', suction='64132cd7'), idx=1, color='#e53935'), Destination(name='진료실', goal_pose=Pose(x=0.11980823444488001, y=-3.735511450600503, qw=0.9963649848510123, qz=0.0851869530083222), bell=Bells(treatment='', suction='64252cd7'), idx=2, color='#e53935'), Destination(name='창고', goal_pose=Pose(x=0.2834625688692579, y=-6.793061814598156, qw=0.5257961572167338, qz=0.850610604834031), bell=Bells(treatment='', suction='64372cd7'), idx=3, color='#e53935'), Destination(name='소독실', goal_pose=Pose(x=-3.4045695907217928, y=-7.611793760201744, qw=0.546869706461766, qz=0.8372177280459497), bell=Bells(treatment='', suction='64492cd7'), idx=4, color='#e53935')]
2026-08-21 10:24:25.576 [session=000418] [INFO] [MainThread] 호출벨 리스트 반환: callbells={'64012cd7': {'name': '호출벨 1', 'usage': 'suction', 'destination': '로비'}, '64132cd7': {'name': '호출벨 2', 'usage': 'suction', 'destination': '수술실'}, '64252cd7': {'name': '호출벨 3', 'usage': 'suction', 'destination': '진료실'}, '64372cd7': {'name': '호출벨 4', 'usage': 'suction', 'destination': '창고'}, '64492cd7': {'name': '호출벨 5', 'usage': 'suction', 'destination': '소독실'}}, robot_usages=['treatment', 'suction']
2026-08-21 10:24:25.589 [session=000418] [INFO] [MainThread] My IP : 192.168.104.212
2026-08-21 10:24:25.618 [session=000418] [DEBUG] [MainThread] SSID: Dentium_wifi, SIGNAL: 85
2026-08-21 10:24:27.592 [session=000418] [WARNING] [MainThread] [PERF] 문제 진단 콘텐츠 prewarm 지연: 106.0ms
2026-08-21 10:24:27.594 [session=000418] [INFO] [MainThread] 문제 진단 콘텐츠 idle prewarm 완료
2026-08-21 10:24:27.595 [session=000418] [INFO] [MainThread] [MAIN_THREAD_HEARTBEAT] GUI main thread alive: thread=MainThread
2026-08-21 10:24:29.543 [session=000418] [INFO] [MainThread] CallBellContentWidget 초기화 완료
2026-08-21 10:24:29.595 [session=000418] [INFO] [MainThread] 키보드 매니저가 ScreenContentHost에 연결되었습니다.
2026-08-21 10:24:29.596 [session=000418] [INFO] [MainThread] 키보드 매니저가 RobotContentWidget에 전달되었습니다.
2026-08-21 10:24:29.596 [session=000418] [INFO] [MainThread] 키보드 매니저가 CallBellContentWidget에 연결되었습니다.
2026-08-21 10:24:29.598 [session=000418] [WARNING] [MainThread] [PERF] 화면형 콘텐츠 생성 단계 지연: callbell_content, 111.1ms, steps: import_class=5.2ms, construct=53.0ms, replace_placeholder=30.7ms, fixed_scale=18.0ms, created_hooks=4.0ms
2026-08-21 10:24:29.599 [session=000418] [WARNING] [MainThread] [PERF] 화면형 콘텐츠 lazy 생성 지연: callbell_content, 112.3ms
2026-08-21 10:24:29.600 [session=000418] [WARNING] [MainThread] [PERF] 호출벨 관리 콘텐츠 prewarm 지연: 113.5ms
2026-08-21 10:24:29.601 [session=000418] [INFO] [MainThread] 호출벨 관리 콘텐츠 idle prewarm 완료
2026-08-21 10:24:29.612 [session=000418] [INFO] [MainThread] 목적지 데이터 로드 예약: 5개
2026-08-21 10:24:29.613 [session=000418] [INFO] [MainThread] 호출벨 리스트 로드: 5개
2026-08-21 10:24:29.613 [session=000418] [DEBUG] [MainThread] [CallBellContentWidget.add_bell] ID=64012cd7, 신규=False
2026-08-21 10:24:29.615 [session=000418] [DEBUG] [MainThread] [CallBellItem.__init__] 생성 시작: bell_id=64012cd7
2026-08-21 10:24:29.627 [session=000418] [DEBUG] [MainThread] [CallBellItem.__init__] 생성 완료: bell_id=64012cd7
2026-08-21 10:24:29.635 [session=000418] [DEBUG] [MainThread] [CallBellContentWidget.add_bell] CallBellItem 생성 완료
2026-08-21 10:24:29.635 [session=000418] [DEBUG] [MainThread] [CallBellContentWidget.add_bell] 시그널 연결 완료
2026-08-21 10:24:29.636 [session=000418] [DEBUG] [MainThread] [CallBellContentWidget.add_bell] 레이아웃에 위젯 추가 완료
2026-08-21 10:24:29.636 [session=000418] [DEBUG] [MainThread] [CallBellContentWidget.add_bell] 기존 호출벨 로드 (하이라이트 없음)
2026-08-21 10:24:29.636 [session=000418] [DEBUG] [MainThread] [CallBellContentWidget.add_bell] 완료
2026-08-21 10:24:29.636 [session=000418] [DEBUG] [MainThread] [CallBellContentWidget.add_bell] ID=64132cd7, 신규=False
2026-08-21 10:24:29.637 [session=000418] [DEBUG] [MainThread] [CallBellItem.__init__] 생성 시작: bell_id=64132cd7
2026-08-21 10:24:29.646 [session=000418] [DEBUG] [MainThread] [CallBellItem.__init__] 생성 완료: bell_id=64132cd7
2026-08-21 10:24:29.651 [session=000418] [DEBUG] [MainThread] [CallBellContentWidget.add_bell] CallBellItem 생성 완료
2026-08-21 10:24:29.651 [session=000418] [DEBUG] [MainThread] [CallBellContentWidget.add_bell] 시그널 연결 완료
2026-08-21 10:24:29.652 [session=000418] [DEBUG] [MainThread] [CallBellContentWidget.add_bell] 레이아웃에 위젯 추가 완료
2026-08-21 10:24:29.652 [session=000418] [DEBUG] [MainThread] [CallBellContentWidget.add_bell] 기존 호출벨 로드 (하이라이트 없음)
2026-08-21 10:24:29.652 [session=000418] [DEBUG] [MainThread] [CallBellContentWidget.add_bell] 완료
2026-08-21 10:24:29.652 [session=000418] [INFO] [MainThread] 호출벨용 용도 목록 로드 요청
2026-08-21 10:24:29.652 [session=000418] [INFO] [MainThread] 호출벨에 용도 목록 전달: 2개
2026-08-21 10:24:29.653 [session=000418] [INFO] [MainThread] 용도 목록 로드: 2개
2026-08-21 10:24:29.653 [session=000418] [INFO] [MainThread] 목적지 목록 로드: 5개
2026-08-21 10:24:29.653 [session=000418] [INFO] [MainThread] 호출벨 관리에 목적지 목록 전달: 5개
2026-08-21 10:24:29.673 [session=000418] [DEBUG] [MainThread] [CallBellContentWidget.add_bell] ID=64252cd7, 신규=False
2026-08-21 10:24:29.674 [session=000418] [DEBUG] [MainThread] [CallBellItem.__init__] 생성 시작: bell_id=64252cd7
2026-08-21 10:24:29.679 [session=000418] [DEBUG] [MainThread] [CallBellItem.__init__] 생성 완료: bell_id=64252cd7
2026-08-21 10:24:29.683 [session=000418] [DEBUG] [MainThread] [CallBellContentWidget.add_bell] CallBellItem 생성 완료
2026-08-21 10:24:29.684 [session=000418] [DEBUG] [MainThread] [CallBellContentWidget.add_bell] 시그널 연결 완료
2026-08-21 10:24:29.684 [session=000418] [DEBUG] [MainThread] [CallBellContentWidget.add_bell] 레이아웃에 위젯 추가 완료
2026-08-21 10:24:29.684 [session=000418] [DEBUG] [MainThread] [CallBellContentWidget.add_bell] 기존 호출벨 로드 (하이라이트 없음)
2026-08-21 10:24:29.684 [session=000418] [DEBUG] [MainThread] [CallBellContentWidget.add_bell] 완료
2026-08-21 10:24:29.684 [session=000418] [DEBUG] [MainThread] [CallBellContentWidget.add_bell] ID=64372cd7, 신규=False
2026-08-21 10:24:29.685 [session=000418] [DEBUG] [MainThread] [CallBellItem.__init__] 생성 시작: bell_id=64372cd7
2026-08-21 10:24:29.690 [session=000418] [DEBUG] [MainThread] [CallBellItem.__init__] 생성 완료: bell_id=64372cd7
2026-08-21 10:24:29.695 [session=000418] [DEBUG] [MainThread] [CallBellContentWidget.add_bell] CallBellItem 생성 완료
2026-08-21 10:24:29.696 [session=000418] [DEBUG] [MainThread] [CallBellContentWidget.add_bell] 시그널 연결 완료
2026-08-21 10:24:29.696 [session=000418] [DEBUG] [MainThread] [CallBellContentWidget.add_bell] 레이아웃에 위젯 추가 완료
2026-08-21 10:24:29.696 [session=000418] [DEBUG] [MainThread] [CallBellContentWidget.add_bell] 기존 호출벨 로드 (하이라이트 없음)
2026-08-21 10:24:29.696 [session=000418] [DEBUG] [MainThread] [CallBellContentWidget.add_bell] 완료
2026-08-21 10:24:29.709 [session=000418] [DEBUG] [MainThread] [CallBellContentWidget.add_bell] ID=64492cd7, 신규=False
2026-08-21 10:24:29.711 [session=000418] [DEBUG] [MainThread] [CallBellItem.__init__] 생성 시작: bell_id=64492cd7
2026-08-21 10:24:29.719 [session=000418] [DEBUG] [MainThread] [CallBellItem.__init__] 생성 완료: bell_id=64492cd7
2026-08-21 10:24:29.724 [session=000418] [DEBUG] [MainThread] [CallBellContentWidget.add_bell] CallBellItem 생성 완료
2026-08-21 10:24:29.724 [session=000418] [DEBUG] [MainThread] [CallBellContentWidget.add_bell] 시그널 연결 완료
2026-08-21 10:24:29.724 [session=000418] [DEBUG] [MainThread] [CallBellContentWidget.add_bell] 레이아웃에 위젯 추가 완료
2026-08-21 10:24:29.725 [session=000418] [DEBUG] [MainThread] [CallBellContentWidget.add_bell] 기존 호출벨 로드 (하이라이트 없음)
2026-08-21 10:24:29.725 [session=000418] [DEBUG] [MainThread] [CallBellContentWidget.add_bell] 완료
2026-08-21 10:24:29.727 [session=000418] [INFO] [MainThread] 목적지 목록 로드: 5개
2026-08-21 10:24:29.727 [session=000418] [INFO] [MainThread] 호출벨 관리에 목적지 목록 전달: 5개
2026-08-21 10:24:31.738 [session=000418] [INFO] [MainThread] 키보드 매니저가 ScreenContentHost에 연결되었습니다.
2026-08-21 10:24:31.741 [session=000418] [INFO] [MainThread] 키보드 매니저가 RobotContentWidget에 전달되었습니다.
2026-08-21 10:24:31.742 [session=000418] [INFO] [MainThread] 키보드 매니저가 CallBellContentWidget에 연결되었습니다.
2026-08-21 10:24:31.749 [session=000418] [WARNING] [MainThread] [PERF] 화면형 콘텐츠 생성 단계 지연: sequential_move_content, 262.4ms, steps: import_class=8.4ms, construct=155.1ms, replace_placeholder=85.9ms, created_hooks=11.2ms
2026-08-21 10:24:31.750 [session=000418] [WARNING] [MainThread] [PERF] 화면형 콘텐츠 lazy 생성 지연: sequential_move_content, 263.7ms
2026-08-21 10:24:31.752 [session=000418] [WARNING] [MainThread] [PERF] 순차 이동 콘텐츠 prewarm 지연: 265.1ms
2026-08-21 10:24:31.753 [session=000418] [INFO] [MainThread] 순차 이동 콘텐츠 idle prewarm 완료
2026-08-21 10:24:31.776 [session=000418] [INFO] [MainThread] 순차 이동 설정 로드 완료: /home/dentium/robot_GUIs/app/config/sequential_move.json
2026-08-21 10:24:31.782 [session=000418] [INFO] [MainThread] 목적지 데이터 로드 예약: 5개
2026-08-21 10:24:31.814 [session=000418] [INFO] [MainThread] 목적지 목록 로드: 5개
2026-08-21 10:24:31.815 [session=000418] [INFO] [MainThread] 호출벨 관리에 목적지 목록 전달: 5개
2026-08-21 10:24:31.990 [session=000418] [INFO] [ThreadPoolExecutor-8_0] 순차 이동 설정 저장 완료: /home/dentium/robot_GUIs/app/config/sequential_move.json
2026-08-21 10:24:32.490 [session=000418] [INFO] [MainThread] [MAIN_THREAD_HEARTBEAT] GUI main thread alive: thread=MainThread
2026-08-21 10:24:32.616 [session=000418] [INFO] [SSE-SSE_BATTERY_LOW_SHUTDOWN] [SSE_DIAG] connect attempt tag=SSE_BATTERY_LOW_SHUTDOWN, reconnect=3, url=http://localhost:8080/robot_ec2b/events/battery/low_shutdown
2026-08-21 10:24:32.636 [session=000418] [INFO] [SSE-SSE_BATTERY_LOW_SHUTDOWN] [SSE_DIAG] connected tag=SSE_BATTERY_LOW_SHUTDOWN, status=404, reason=Not Found, elapsed=0.02s, content_type=application/json, url=http://localhost:8080/robot_ec2b/events/battery/low_shutdown
2026-08-21 10:24:32.636 [session=000418] [ERROR] [SSE-SSE_BATTERY_LOW_SHUTDOWN] [SSE_DIAG] non-200 response tag=SSE_BATTERY_LOW_SHUTDOWN, status=404, reason=Not Found, url=http://localhost:8080/robot_ec2b/events/battery/low_shutdown
2026-08-21 10:24:32.638 [session=000418] [INFO] [SSE-SSE_BATTERY_LOW_SHUTDOWN] [SSE_DIAG] reconnect wait tag=SSE_BATTERY_LOW_SHUTDOWN, delay=10s, reconnect=4, reason=HTTP 404, url=http://localhost:8080/robot_ec2b/events/battery/low_shutdown
2026-08-21 10:24:35.489 [session=000418] [DEBUG] [RestApiThread] GetCallBellFromRESTAPI 요청 시작
2026-08-21 10:24:35.496 [session=000418] [DEBUG] [RestApiThread] _get_data: 요청 시작 - tag: REST_API_TAG.GET_CALLBELL, url: http://localhost:8080/robot_ec2b/callbell
2026-08-21 10:24:35.497 [session=000418] [DEBUG] [RestApiThread] _get_data: 요청 전송 완료 - tag: REST_API_TAG.GET_CALLBELL, timeout: 30000ms
2026-08-21 10:24:35.499 [session=000418] [INFO] [MainThread] model_manager set_destinations: unchanged (5 items) - emit skipped
2026-08-21 10:24:35.528 [session=000418] [DEBUG] [RestApiThread] _handle_response 호출됨 - tag: REST_API_TAG.GET_CALLBELL, status_code: 200
2026-08-21 10:24:35.530 [session=000418] [INFO] [ThreadPoolExecutor-5_1] 호출벨 데이터 수신: 5개
2026-08-21 10:24:35.532 [session=000418] [INFO] [MainThread] 호출벨-목적지 동기화 완료: 5개 호출벨
2026-08-21 10:24:35.532 [session=000418] [INFO] [MainThread] 목적지 리스트 반환: destinations=[Destination(name='로비', goal_pose=Pose(x=4.241336459631034, y=-2.361104203714551, qw=0.5097087478206948, qz=0.8603470185890456), bell=Bells(treatment='', suction='64012cd7'), idx=0, color='#e53935'), Destination(name='수술실', goal_pose=Pose(x=4.5199271819089395, y=-3.9219605026851503, qw=0.14533446519134308, qz=-0.9893825818294691), bell=Bells(treatment='', suction='64132cd7'), idx=1, color='#e53935'), Destination(name='진료실', goal_pose=Pose(x=0.11980823444488001, y=-3.735511450600503, qw=0.9963649848510123, qz=0.0851869530083222), bell=Bells(treatment='', suction='64252cd7'), idx=2, color='#e53935'), Destination(name='창고', goal_pose=Pose(x=0.2834625688692579, y=-6.793061814598156, qw=0.5257961572167338, qz=0.850610604834031), bell=Bells(treatment='', suction='64372cd7'), idx=3, color='#e53935'), Destination(name='소독실', goal_pose=Pose(x=-3.4045695907217928, y=-7.611793760201744, qw=0.546869706461766, qz=0.8372177280459497), bell=Bells(treatment='', suction='64492cd7'), idx=4, color='#e53935')]
2026-08-21 10:24:35.533 [session=000418] [INFO] [MainThread] 호출벨 리스트 반환: callbells={'64012cd7': {'name': '호출벨 1', 'usage': 'suction', 'destination': '로비'}, '64132cd7': {'name': '호출벨 2', 'usage': 'suction', 'destination': '수술실'}, '64252cd7': {'name': '호출벨 3', 'usage': 'suction', 'destination': '진료실'}, '64372cd7': {'name': '호출벨 4', 'usage': 'suction', 'destination': '창고'}, '64492cd7': {'name': '호출벨 5', 'usage': 'suction', 'destination': '소독실'}}, robot_usages=['treatment', 'suction']
2026-08-21 10:24:35.533 [session=000418] [INFO] [MainThread] 호출벨 리스트 로드: 5개
2026-08-21 10:24:35.533 [session=000418] [INFO] [MainThread] 호출벨 목록 동일 - UI 재생성 생략
2026-08-21 10:24:35.535 [session=000418] [INFO] [MainThread] 호출벨용 용도 목록 로드 요청
2026-08-21 10:24:35.535 [session=000418] [INFO] [MainThread] 호출벨에 용도 목록 전달: 2개
2026-08-21 10:24:35.535 [session=000418] [INFO] [MainThread] 용도 목록 로드: 2개
2026-08-21 10:24:35.536 [session=000418] [INFO] [MainThread] 목적지 목록 로드: 5개
2026-08-21 10:24:35.536 [session=000418] [INFO] [MainThread] 호출벨 관리에 목적지 목록 전달: 5개
2026-08-21 10:24:35.537 [session=000418] [INFO] [MainThread] My IP : 192.168.104.212
2026-08-21 10:24:35.541 [session=000418] [INFO] [browser-music-sync_0] [BROWSER_MUSIC_SYNC] event=catalog_fetch_started master_base_url=http://127.0.0.1:5051
2026-08-21 10:24:35.578 [session=000418] [INFO] [browser-music-sync_0] [BROWSER_MUSIC_SYNC] event=catalog_fetch_succeeded master_base_url=http://127.0.0.1:5051 item_count=3
2026-08-21 10:24:35.583 [session=000418] [INFO] [RestApiThread] [REST API] 배경 음악 GET 전송: operation=selection_get, url=http://127.0.0.1:5051/api/voice-event-settings/background-music?robot_id=robot_ec2b
2026-08-21 10:24:35.584 [session=000418] [INFO] [RestApiThread] [REST API] 배경 음악 GET 전송: operation=resolved_get, url=http://127.0.0.1:5051/api/voice-event-settings/resolved?robot_id=robot_ec2b
2026-08-21 10:24:35.619 [session=000418] [DEBUG] [RestApiThread] _handle_response 호출됨 - tag: REST_API_TAG.GET_RESOLVED_BACKGROUND_MUSIC, status_code: 200
2026-08-21 10:24:35.620 [session=000418] [DEBUG] [RestApiThread] _handle_response 호출됨 - tag: REST_API_TAG.GET_BACKGROUND_MUSIC_SETTING, status_code: 200
2026-08-21 10:24:37.487 [session=000418] [INFO] [MainThread] [MAIN_THREAD_HEARTBEAT] GUI main thread alive: thread=MainThread
2026-08-21 10:24:42.487 [session=000418] [INFO] [MainThread] [MAIN_THREAD_HEARTBEAT] GUI main thread alive: thread=MainThread
2026-08-21 10:24:42.639 [session=000418] [INFO] [SSE-SSE_BATTERY_LOW_SHUTDOWN] [SSE_DIAG] connect attempt tag=SSE_BATTERY_LOW_SHUTDOWN, reconnect=4, url=http://localhost:8080/robot_ec2b/events/battery/low_shutdown
2026-08-21 10:24:42.649 [session=000418] [INFO] [SSE-SSE_BATTERY_LOW_SHUTDOWN] [SSE_DIAG] connected tag=SSE_BATTERY_LOW_SHUTDOWN, status=404, reason=Not Found, elapsed=0.01s, content_type=application/json, url=http://localhost:8080/robot_ec2b/events/battery/low_shutdown
2026-08-21 10:24:42.649 [session=000418] [ERROR] [SSE-SSE_BATTERY_LOW_SHUTDOWN] [SSE_DIAG] non-200 response tag=SSE_BATTERY_LOW_SHUTDOWN, status=404, reason=Not Found, url=http://localhost:8080/robot_ec2b/events/battery/low_shutdown
2026-08-21 10:24:42.651 [session=000418] [INFO] [SSE-SSE_BATTERY_LOW_SHUTDOWN] [SSE_DIAG] reconnect wait tag=SSE_BATTERY_LOW_SHUTDOWN, delay=10s, reconnect=5, reason=HTTP 404, url=http://localhost:8080/robot_ec2b/events/battery/low_shutdown
2026-08-21 10:24:45.489 [session=000418] [DEBUG] [RestApiThread] GetCallBellFromRESTAPI 요청 시작
2026-08-21 10:24:45.493 [session=000418] [DEBUG] [RestApiThread] _get_data: 요청 시작 - tag: REST_API_TAG.GET_CALLBELL, url: http://localhost:8080/robot_ec2b/callbell
2026-08-21 10:24:45.494 [session=000418] [DEBUG] [RestApiThread] _get_data: 요청 전송 완료 - tag: REST_API_TAG.GET_CALLBELL, timeout: 30000ms
2026-08-21 10:24:45.509 [session=000418] [INFO] [MainThread] model_manager set_destinations: unchanged (5 items) - emit skipped
2026-08-21 10:24:45.511 [session=000418] [DEBUG] [RestApiThread] _handle_response 호출됨 - tag: REST_API_TAG.GET_CALLBELL, status_code: 200
2026-08-21 10:24:45.514 [session=000418] [INFO] [ThreadPoolExecutor-5_1] 호출벨 데이터 수신: 5개
2026-08-21 10:24:45.516 [session=000418] [INFO] [MainThread] 호출벨-목적지 동기화 완료: 5개 호출벨
2026-08-21 10:24:45.516 [session=000418] [INFO] [MainThread] 목적지 리스트 반환: destinations=[Destination(name='로비', goal_pose=Pose(x=4.241336459631034, y=-2.361104203714551, qw=0.5097087478206948, qz=0.8603470185890456), bell=Bells(treatment='', suction='64012cd7'), idx=0, color='#e53935'), Destination(name='수술실', goal_pose=Pose(x=4.5199271819089395, y=-3.9219605026851503, qw=0.14533446519134308, qz=-0.9893825818294691), bell=Bells(treatment='', suction='64132cd7'), idx=1, color='#e53935'), Destination(name='진료실', goal_pose=Pose(x=0.11980823444488001, y=-3.735511450600503, qw=0.9963649848510123, qz=0.0851869530083222), bell=Bells(treatment='', suction='64252cd7'), idx=2, color='#e53935'), Destination(name='창고', goal_pose=Pose(x=0.2834625688692579, y=-6.793061814598156, qw=0.5257961572167338, qz=0.850610604834031), bell=Bells(treatment='', suction='64372cd7'), idx=3, color='#e53935'), Destination(name='소독실', goal_pose=Pose(x=-3.4045695907217928, y=-7.611793760201744, qw=0.546869706461766, qz=0.8372177280459497), bell=Bells(treatment='', suction='64492cd7'), idx=4, color='#e53935')]
2026-08-21 10:24:45.517 [session=000418] [INFO] [MainThread] 호출벨 리스트 반환: callbells={'64012cd7': {'name': '호출벨 1', 'usage': 'suction', 'destination': '로비'}, '64132cd7': {'name': '호출벨 2', 'usage': 'suction', 'destination': '수술실'}, '64252cd7': {'name': '호출벨 3', 'usage': 'suction', 'destination': '진료실'}, '64372cd7': {'name': '호출벨 4', 'usage': 'suction', 'destination': '창고'}, '64492cd7': {'name': '호출벨 5', 'usage': 'suction', 'destination': '소독실'}}, robot_usages=['treatment', 'suction']
2026-08-21 10:24:45.517 [session=000418] [INFO] [MainThread] 호출벨 리스트 로드: 5개
2026-08-21 10:24:45.519 [session=000418] [INFO] [MainThread] 호출벨 목록 동일 - UI 재생성 생략
2026-08-21 10:24:45.523 [session=000418] [INFO] [MainThread] 호출벨용 용도 목록 로드 요청
2026-08-21 10:24:45.524 [session=000418] [INFO] [MainThread] 호출벨에 용도 목록 전달: 2개
2026-08-21 10:24:45.524 [session=000418] [INFO] [MainThread] 용도 목록 로드: 2개
2026-08-21 10:24:45.524 [session=000418] [INFO] [MainThread] 목적지 목록 로드: 5개
2026-08-21 10:24:45.524 [session=000418] [INFO] [MainThread] 호출벨 관리에 목적지 목록 전달: 5개
2026-08-21 10:24:45.527 [session=000418] [INFO] [MainThread] My IP : 192.168.104.212
2026-08-21 10:24:47.487 [session=000418] [INFO] [MainThread] [MAIN_THREAD_HEARTBEAT] GUI main thread alive: thread=MainThread
2026-08-21 10:24:52.486 [session=000418] [INFO] [MainThread] [MAIN_THREAD_HEARTBEAT] GUI main thread alive: thread=MainThread
2026-08-21 10:24:52.652 [session=000418] [INFO] [SSE-SSE_BATTERY_LOW_SHUTDOWN] [SSE_DIAG] connect attempt tag=SSE_BATTERY_LOW_SHUTDOWN, reconnect=5, url=http://localhost:8080/robot_ec2b/events/battery/low_shutdown
2026-08-21 10:24:52.664 [session=000418] [INFO] [SSE-SSE_BATTERY_LOW_SHUTDOWN] [SSE_DIAG] connected tag=SSE_BATTERY_LOW_SHUTDOWN, status=404, reason=Not Found, elapsed=0.01s, content_type=application/json, url=http://localhost:8080/robot_ec2b/events/battery/low_shutdown
2026-08-21 10:24:52.665 [session=000418] [ERROR] [SSE-SSE_BATTERY_LOW_SHUTDOWN] [SSE_DIAG] non-200 response tag=SSE_BATTERY_LOW_SHUTDOWN, status=404, reason=Not Found, url=http://localhost:8080/robot_ec2b/events/battery/low_shutdown
2026-08-21 10:24:52.666 [session=000418] [INFO] [SSE-SSE_BATTERY_LOW_SHUTDOWN] [SSE_DIAG] reconnect wait tag=SSE_BATTERY_LOW_SHUTDOWN, delay=10s, reconnect=6, reason=HTTP 404, url=http://localhost:8080/robot_ec2b/events/battery/low_shutdown
2026-08-21 10:24:55.492 [session=000418] [DEBUG] [RestApiThread] GetCallBellFromRESTAPI 요청 시작
2026-08-21 10:24:55.494 [session=000418] [DEBUG] [RestApiThread] _get_data: 요청 시작 - tag: REST_API_TAG.GET_CALLBELL, url: http://localhost:8080/robot_ec2b/callbell
2026-08-21 10:24:55.495 [session=000418] [DEBUG] [RestApiThread] _get_data: 요청 전송 완료 - tag: REST_API_TAG.GET_CALLBELL, timeout: 30000ms
2026-08-21 10:24:55.515 [session=000418] [INFO] [MainThread] model_manager set_destinations: unchanged (5 items) - emit skipped
2026-08-21 10:24:55.518 [session=000418] [DEBUG] [RestApiThread] _handle_response 호출됨 - tag: REST_API_TAG.GET_CALLBELL, status_code: 200
2026-08-21 10:24:55.519 [session=000418] [INFO] [ThreadPoolExecutor-5_1] 호출벨 데이터 수신: 5개
2026-08-21 10:24:55.520 [session=000418] [INFO] [MainThread] My IP : 192.168.104.212
2026-08-21 10:24:55.526 [session=000418] [INFO] [MainThread] 호출벨-목적지 동기화 완료: 5개 호출벨
2026-08-21 10:24:55.527 [session=000418] [INFO] [MainThread] 목적지 리스트 반환: destinations=[Destination(name='로비', goal_pose=Pose(x=4.241336459631034, y=-2.361104203714551, qw=0.5097087478206948, qz=0.8603470185890456), bell=Bells(treatment='', suction='64012cd7'), idx=0, color='#e53935'), Destination(name='수술실', goal_pose=Pose(x=4.5199271819089395, y=-3.9219605026851503, qw=0.14533446519134308, qz=-0.9893825818294691), bell=Bells(treatment='', suction='64132cd7'), idx=1, color='#e53935'), Destination(name='진료실', goal_pose=Pose(x=0.11980823444488001, y=-3.735511450600503, qw=0.9963649848510123, qz=0.0851869530083222), bell=Bells(treatment='', suction='64252cd7'), idx=2, color='#e53935'), Destination(name='창고', goal_pose=Pose(x=0.2834625688692579, y=-6.793061814598156, qw=0.5257961572167338, qz=0.850610604834031), bell=Bells(treatment='', suction='64372cd7'), idx=3, color='#e53935'), Destination(name='소독실', goal_pose=Pose(x=-3.4045695907217928, y=-7.611793760201744, qw=0.546869706461766, qz=0.8372177280459497), bell=Bells(treatment='', suction='64492cd7'), idx=4, color='#e53935')]
2026-08-21 10:24:55.527 [session=000418] [INFO] [MainThread] 호출벨 리스트 반환: callbells={'64012cd7': {'name': '호출벨 1', 'usage': 'suction', 'destination': '로비'}, '64132cd7': {'name': '호출벨 2', 'usage': 'suction', 'destination': '수술실'}, '64252cd7': {'name': '호출벨 3', 'usage': 'suction', 'destination': '진료실'}, '64372cd7': {'name': '호출벨 4', 'usage': 'suction', 'destination': '창고'}, '64492cd7': {'name': '호출벨 5', 'usage': 'suction', 'destination': '소독실'}}, robot_usages=['treatment', 'suction']
2026-08-21 10:24:55.529 [session=000418] [INFO] [MainThread] 호출벨 리스트 로드: 5개
2026-08-21 10:24:55.529 [session=000418] [INFO] [MainThread] 호출벨 목록 동일 - UI 재생성 생략
2026-08-21 10:24:55.530 [session=000418] [INFO] [MainThread] 호출벨용 용도 목록 로드 요청
2026-08-21 10:24:55.530 [session=000418] [INFO] [MainThread] 호출벨에 용도 목록 전달: 2개
2026-08-21 10:24:55.530 [session=000418] [INFO] [MainThread] 용도 목록 로드: 2개
2026-08-21 10:24:55.530 [session=000418] [INFO] [MainThread] 목적지 목록 로드: 5개
2026-08-21 10:24:55.530 [session=000418] [INFO] [MainThread] 호출벨 관리에 목적지 목록 전달: 5개
2026-08-21 10:24:57.486 [session=000418] [INFO] [MainThread] [MAIN_THREAD_HEARTBEAT] GUI main thread alive: thread=MainThread
2026-08-21 10:25:02.491 [session=000418] [INFO] [MainThread] [MAIN_THREAD_HEARTBEAT] GUI main thread alive: thread=MainThread
2026-08-21 10:25:02.668 [session=000418] [INFO] [SSE-SSE_BATTERY_LOW_SHUTDOWN] [SSE_DIAG] connect attempt tag=SSE_BATTERY_LOW_SHUTDOWN, reconnect=6, url=http://localhost:8080/robot_ec2b/events/battery/low_shutdown
2026-08-21 10:25:02.696 [session=000418] [INFO] [SSE-SSE_BATTERY_LOW_SHUTDOWN] [SSE_DIAG] connected tag=SSE_BATTERY_LOW_SHUTDOWN, status=404, reason=Not Found, elapsed=0.03s, content_type=application/json, url=http://localhost:8080/robot_ec2b/events/battery/low_shutdown
2026-08-21 10:25:02.697 [session=000418] [ERROR] [SSE-SSE_BATTERY_LOW_SHUTDOWN] [SSE_DIAG] non-200 response tag=SSE_BATTERY_LOW_SHUTDOWN, status=404, reason=Not Found, url=http://localhost:8080/robot_ec2b/events/battery/low_shutdown
2026-08-21 10:25:02.700 [session=000418] [INFO] [SSE-SSE_BATTERY_LOW_SHUTDOWN] [SSE_DIAG] reconnect wait tag=SSE_BATTERY_LOW_SHUTDOWN, delay=10s, reconnect=7, reason=HTTP 404, url=http://localhost:8080/robot_ec2b/events/battery/low_shutdown
2026-08-21 10:25:05.489 [session=000418] [DEBUG] [RestApiThread] GetCallBellFromRESTAPI 요청 시작
2026-08-21 10:25:05.495 [session=000418] [DEBUG] [RestApiThread] _get_data: 요청 시작 - tag: REST_API_TAG.GET_CALLBELL, url: http://localhost:8080/robot_ec2b/callbell
2026-08-21 10:25:05.496 [session=000418] [DEBUG] [RestApiThread] _get_data: 요청 전송 완료 - tag: REST_API_TAG.GET_CALLBELL, timeout: 30000ms
2026-08-21 10:25:05.499 [session=000418] [INFO] [MainThread] model_manager set_destinations: unchanged (5 items) - emit skipped
2026-08-21 10:25:05.506 [session=000418] [DEBUG] [RestApiThread] _handle_response 호출됨 - tag: REST_API_TAG.GET_CALLBELL, status_code: 200
2026-08-21 10:25:05.508 [session=000418] [INFO] [ThreadPoolExecutor-5_0] 호출벨 데이터 수신: 5개
2026-08-21 10:25:05.511 [session=000418] [INFO] [MainThread] 호출벨-목적지 동기화 완료: 5개 호출벨
2026-08-21 10:25:05.511 [session=000418] [INFO] [MainThread] 목적지 리스트 반환: destinations=[Destination(name='로비', goal_pose=Pose(x=4.241336459631034, y=-2.361104203714551, qw=0.5097087478206948, qz=0.8603470185890456), bell=Bells(treatment='', suction='64012cd7'), idx=0, color='#e53935'), Destination(name='수술실', goal_pose=Pose(x=4.5199271819089395, y=-3.9219605026851503, qw=0.14533446519134308, qz=-0.9893825818294691), bell=Bells(treatment='', suction='64132cd7'), idx=1, color='#e53935'), Destination(name='진료실', goal_pose=Pose(x=0.11980823444488001, y=-3.735511450600503, qw=0.9963649848510123, qz=0.0851869530083222), bell=Bells(treatment='', suction='64252cd7'), idx=2, color='#e53935'), Destination(name='창고', goal_pose=Pose(x=0.2834625688692579, y=-6.793061814598156, qw=0.5257961572167338, qz=0.850610604834031), bell=Bells(treatment='', suction='64372cd7'), idx=3, color='#e53935'), Destination(name='소독실', goal_pose=Pose(x=-3.4045695907217928, y=-7.611793760201744, qw=0.546869706461766, qz=0.8372177280459497), bell=Bells(treatment='', suction='64492cd7'), idx=4, color='#e53935')]
2026-08-21 10:25:05.512 [session=000418] [INFO] [MainThread] 호출벨 리스트 반환: callbells={'64012cd7': {'name': '호출벨 1', 'usage': 'suction', 'destination': '로비'}, '64132cd7': {'name': '호출벨 2', 'usage': 'suction', 'destination': '수술실'}, '64252cd7': {'name': '호출벨 3', 'usage': 'suction', 'destination': '진료실'}, '64372cd7': {'name': '호출벨 4', 'usage': 'suction', 'destination': '창고'}, '64492cd7': {'name': '호출벨 5', 'usage': 'suction', 'destination': '소독실'}}, robot_usages=['treatment', 'suction']
2026-08-21 10:25:05.512 [session=000418] [INFO] [MainThread] 호출벨 리스트 로드: 5개
2026-08-21 10:25:05.512 [session=000418] [INFO] [MainThread] 호출벨 목록 동일 - UI 재생성 생략
2026-08-21 10:25:05.513 [session=000418] [INFO] [MainThread] 호출벨용 용도 목록 로드 요청
2026-08-21 10:25:05.513 [session=000418] [INFO] [MainThread] 호출벨에 용도 목록 전달: 2개
2026-08-21 10:25:05.513 [session=000418] [INFO] [MainThread] 용도 목록 로드: 2개
2026-08-21 10:25:05.513 [session=000418] [INFO] [MainThread] 목적지 목록 로드: 5개
2026-08-21 10:25:05.514 [session=000418] [INFO] [MainThread] 호출벨 관리에 목적지 목록 전달: 5개
2026-08-21 10:25:05.514 [session=000418] [INFO] [MainThread] My IP : 192.168.104.212
2026-08-21 10:25:07.486 [session=000418] [INFO] [MainThread] [MAIN_THREAD_HEARTBEAT] GUI main thread alive: thread=MainThread
2026-08-21 10:25:12.488 [session=000418] [INFO] [MainThread] [MAIN_THREAD_HEARTBEAT] GUI main thread alive: thread=MainThread
2026-08-21 10:25:12.716 [session=000418] [INFO] [SSE-SSE_BATTERY_LOW_SHUTDOWN] [SSE_DIAG] connect attempt tag=SSE_BATTERY_LOW_SHUTDOWN, reconnect=7, url=http://localhost:8080/robot_ec2b/events/battery/low_shutdown
2026-08-21 10:25:12.730 [session=000418] [INFO] [SSE-SSE_BATTERY_LOW_SHUTDOWN] [SSE_DIAG] connected tag=SSE_BATTERY_LOW_SHUTDOWN, status=404, reason=Not Found, elapsed=0.01s, content_type=application/json, url=http://localhost:8080/robot_ec2b/events/battery/low_shutdown
2026-08-21 10:25:12.730 [session=000418] [ERROR] [SSE-SSE_BATTERY_LOW_SHUTDOWN] [SSE_DIAG] non-200 response tag=SSE_BATTERY_LOW_SHUTDOWN, status=404, reason=Not Found, url=http://localhost:8080/robot_ec2b/events/battery/low_shutdown
2026-08-21 10:25:12.732 [session=000418] [INFO] [SSE-SSE_BATTERY_LOW_SHUTDOWN] [SSE_DIAG] reconnect wait tag=SSE_BATTERY_LOW_SHUTDOWN, delay=10s, reconnect=8, reason=HTTP 404, url=http://localhost:8080/robot_ec2b/events/battery/low_shutdown
2026-08-21 10:25:15.488 [session=000418] [DEBUG] [RestApiThread] GetCallBellFromRESTAPI 요청 시작
2026-08-21 10:25:15.493 [session=000418] [DEBUG] [RestApiThread] _get_data: 요청 시작 - tag: REST_API_TAG.GET_CALLBELL, url: http://localhost:8080/robot_ec2b/callbell
2026-08-21 10:25:15.494 [session=000418] [DEBUG] [RestApiThread] _get_data: 요청 전송 완료 - tag: REST_API_TAG.GET_CALLBELL, timeout: 30000ms
2026-08-21 10:25:15.497 [session=000418] [INFO] [MainThread] model_manager set_destinations: unchanged (5 items) - emit skipped
2026-08-21 10:25:15.499 [session=000418] [DEBUG] [RestApiThread] _handle_response 호출됨 - tag: REST_API_TAG.GET_CALLBELL, status_code: 200
2026-08-21 10:25:15.499 [session=000418] [INFO] [ThreadPoolExecutor-5_1] 호출벨 데이터 수신: 5개
2026-08-21 10:25:15.501 [session=000418] [INFO] [MainThread] 호출벨-목적지 동기화 완료: 5개 호출벨
2026-08-21 10:25:15.502 [session=000418] [INFO] [MainThread] 목적지 리스트 반환: destinations=[Destination(name='로비', goal_pose=Pose(x=4.241336459631034, y=-2.361104203714551, qw=0.5097087478206948, qz=0.8603470185890456), bell=Bells(treatment='', suction='64012cd7'), idx=0, color='#e53935'), Destination(name='수술실', goal_pose=Pose(x=4.5199271819089395, y=-3.9219605026851503, qw=0.14533446519134308, qz=-0.9893825818294691), bell=Bells(treatment='', suction='64132cd7'), idx=1, color='#e53935'), Destination(name='진료실', goal_pose=Pose(x=0.11980823444488001, y=-3.735511450600503, qw=0.9963649848510123, qz=0.0851869530083222), bell=Bells(treatment='', suction='64252cd7'), idx=2, color='#e53935'), Destination(name='창고', goal_pose=Pose(x=0.2834625688692579, y=-6.793061814598156, qw=0.5257961572167338, qz=0.850610604834031), bell=Bells(treatment='', suction='64372cd7'), idx=3, color='#e53935'), Destination(name='소독실', goal_pose=Pose(x=-3.4045695907217928, y=-7.611793760201744, qw=0.546869706461766, qz=0.8372177280459497), bell=Bells(treatment='', suction='64492cd7'), idx=4, color='#e53935')]
2026-08-21 10:25:15.502 [session=000418] [INFO] [MainThread] 호출벨 리스트 반환: callbells={'64012cd7': {'name': '호출벨 1', 'usage': 'suction', 'destination': '로비'}, '64132cd7': {'name': '호출벨 2', 'usage': 'suction', 'destination': '수술실'}, '64252cd7': {'name': '호출벨 3', 'usage': 'suction', 'destination': '진료실'}, '64372cd7': {'name': '호출벨 4', 'usage': 'suction', 'destination': '창고'}, '64492cd7': {'name': '호출벨 5', 'usage': 'suction', 'destination': '소독실'}}, robot_usages=['treatment', 'suction']
2026-08-21 10:25:15.503 [session=000418] [INFO] [MainThread] 호출벨 리스트 로드: 5개
2026-08-21 10:25:15.504 [session=000418] [INFO] [MainThread] 호출벨 목록 동일 - UI 재생성 생략
2026-08-21 10:25:15.504 [session=000418] [INFO] [MainThread] 호출벨용 용도 목록 로드 요청
2026-08-21 10:25:15.505 [session=000418] [INFO] [MainThread] 호출벨에 용도 목록 전달: 2개
2026-08-21 10:25:15.505 [session=000418] [INFO] [MainThread] 용도 목록 로드: 2개
2026-08-21 10:25:15.506 [session=000418] [INFO] [MainThread] 목적지 목록 로드: 5개
2026-08-21 10:25:15.507 [session=000418] [INFO] [MainThread] 호출벨 관리에 목적지 목록 전달: 5개
2026-08-21 10:25:15.523 [session=000418] [INFO] [MainThread] My IP : 192.168.104.212
2026-08-21 10:25:15.525 [session=000418] [INFO] [browser-music-sync_0] [BROWSER_MUSIC_SYNC] event=catalog_fetch_started master_base_url=http://127.0.0.1:5051
2026-08-21 10:25:15.552 [session=000418] [INFO] [browser-music-sync_0] [BROWSER_MUSIC_SYNC] event=catalog_fetch_succeeded master_base_url=http://127.0.0.1:5051 item_count=3
2026-08-21 10:25:15.563 [session=000418] [INFO] [RestApiThread] [REST API] 배경 음악 GET 전송: operation=selection_get, url=http://127.0.0.1:5051/api/voice-event-settings/background-music?robot_id=robot_ec2b
2026-08-21 10:25:15.564 [session=000418] [INFO] [RestApiThread] [REST API] 배경 음악 GET 전송: operation=resolved_get, url=http://127.0.0.1:5051/api/voice-event-settings/resolved?robot_id=robot_ec2b
2026-08-21 10:25:15.591 [session=000418] [DEBUG] [RestApiThread] _handle_response 호출됨 - tag: REST_API_TAG.GET_RESOLVED_BACKGROUND_MUSIC, status_code: 200
2026-08-21 10:25:15.593 [session=000418] [DEBUG] [RestApiThread] _handle_response 호출됨 - tag: REST_API_TAG.GET_BACKGROUND_MUSIC_SETTING, status_code: 200
2026-08-21 10:25:17.487 [session=000418] [INFO] [MainThread] [MAIN_THREAD_HEARTBEAT] GUI main thread alive: thread=MainThread
2026-08-21 10:25:22.490 [session=000418] [INFO] [MainThread] [MAIN_THREAD_HEARTBEAT] GUI main thread alive: thread=MainThread
2026-08-21 10:25:22.734 [session=000418] [INFO] [SSE-SSE_BATTERY_LOW_SHUTDOWN] [SSE_DIAG] connect attempt tag=SSE_BATTERY_LOW_SHUTDOWN, reconnect=8, url=http://localhost:8080/robot_ec2b/events/battery/low_shutdown
2026-08-21 10:25:22.741 [session=000418] [INFO] [SSE-SSE_BATTERY_LOW_SHUTDOWN] [SSE_DIAG] connected tag=SSE_BATTERY_LOW_SHUTDOWN, status=404, reason=Not Found, elapsed=0.01s, content_type=application/json, url=http://localhost:8080/robot_ec2b/events/battery/low_shutdown
2026-08-21 10:25:22.742 [session=000418] [ERROR] [SSE-SSE_BATTERY_LOW_SHUTDOWN] [SSE_DIAG] non-200 response tag=SSE_BATTERY_LOW_SHUTDOWN, status=404, reason=Not Found, url=http://localhost:8080/robot_ec2b/events/battery/low_shutdown
2026-08-21 10:25:22.743 [session=000418] [INFO] [SSE-SSE_BATTERY_LOW_SHUTDOWN] [SSE_DIAG] reconnect wait tag=SSE_BATTERY_LOW_SHUTDOWN, delay=10s, reconnect=9, reason=HTTP 404, url=http://localhost:8080/robot_ec2b/events/battery/low_shutdown
2026-08-21 10:25:25.490 [session=000418] [DEBUG] [RestApiThread] GetCallBellFromRESTAPI 요청 시작
2026-08-21 10:25:25.497 [session=000418] [DEBUG] [RestApiThread] _get_data: 요청 시작 - tag: REST_API_TAG.GET_CALLBELL, url: http://localhost:8080/robot_ec2b/callbell
2026-08-21 10:25:25.503 [session=000418] [DEBUG] [RestApiThread] _get_data: 요청 전송 완료 - tag: REST_API_TAG.GET_CALLBELL, timeout: 30000ms
2026-08-21 10:25:25.512 [session=000418] [INFO] [MainThread] model_manager set_destinations: unchanged (5 items) - emit skipped
2026-08-21 10:25:25.515 [session=000418] [DEBUG] [RestApiThread] _handle_response 호출됨 - tag: REST_API_TAG.GET_CALLBELL, status_code: 200
2026-08-21 10:25:25.517 [session=000418] [INFO] [ThreadPoolExecutor-5_0] 호출벨 데이터 수신: 5개
2026-08-21 10:25:25.520 [session=000418] [INFO] [MainThread] 호출벨-목적지 동기화 완료: 5개 호출벨
2026-08-21 10:25:25.520 [session=000418] [INFO] [MainThread] 목적지 리스트 반환: destinations=[Destination(name='로비', goal_pose=Pose(x=4.241336459631034, y=-2.361104203714551, qw=0.5097087478206948, qz=0.8603470185890456), bell=Bells(treatment='', suction='64012cd7'), idx=0, color='#e53935'), Destination(name='수술실', goal_pose=Pose(x=4.5199271819089395, y=-3.9219605026851503, qw=0.14533446519134308, qz=-0.9893825818294691), bell=Bells(treatment='', suction='64132cd7'), idx=1, color='#e53935'), Destination(name='진료실', goal_pose=Pose(x=0.11980823444488001, y=-3.735511450600503, qw=0.9963649848510123, qz=0.0851869530083222), bell=Bells(treatment='', suction='64252cd7'), idx=2, color='#e53935'), Destination(name='창고', goal_pose=Pose(x=0.2834625688692579, y=-6.793061814598156, qw=0.5257961572167338, qz=0.850610604834031), bell=Bells(treatment='', suction='64372cd7'), idx=3, color='#e53935'), Destination(name='소독실', goal_pose=Pose(x=-3.4045695907217928, y=-7.611793760201744, qw=0.546869706461766, qz=0.8372177280459497), bell=Bells(treatment='', suction='64492cd7'), idx=4, color='#e53935')]
2026-08-21 10:25:25.521 [session=000418] [INFO] [MainThread] 호출벨 리스트 반환: callbells={'64012cd7': {'name': '호출벨 1', 'usage': 'suction', 'destination': '로비'}, '64132cd7': {'name': '호출벨 2', 'usage': 'suction', 'destination': '수술실'}, '64252cd7': {'name': '호출벨 3', 'usage': 'suction', 'destination': '진료실'}, '64372cd7': {'name': '호출벨 4', 'usage': 'suction', 'destination': '창고'}, '64492cd7': {'name': '호출벨 5', 'usage': 'suction', 'destination': '소독실'}}, robot_usages=['treatment', 'suction']
2026-08-21 10:25:25.523 [session=000418] [INFO] [MainThread] 호출벨 리스트 로드: 5개
2026-08-21 10:25:25.523 [session=000418] [INFO] [MainThread] 호출벨 목록 동일 - UI 재생성 생략
2026-08-21 10:25:25.523 [session=000418] [INFO] [MainThread] 호출벨용 용도 목록 로드 요청
2026-08-21 10:25:25.524 [session=000418] [INFO] [MainThread] 호출벨에 용도 목록 전달: 2개
2026-08-21 10:25:25.524 [session=000418] [INFO] [MainThread] 용도 목록 로드: 2개
2026-08-21 10:25:25.524 [session=000418] [INFO] [MainThread] 목적지 목록 로드: 5개
2026-08-21 10:25:25.524 [session=000418] [INFO] [MainThread] 호출벨 관리에 목적지 목록 전달: 5개
2026-08-21 10:25:25.525 [session=000418] [INFO] [MainThread] My IP : 192.168.104.212
2026-08-21 10:25:27.487 [session=000418] [INFO] [MainThread] [MAIN_THREAD_HEARTBEAT] GUI main thread alive: thread=MainThread
2026-08-21 10:25:32.488 [session=000418] [INFO] [MainThread] [MAIN_THREAD_HEARTBEAT] GUI main thread alive: thread=MainThread
2026-08-21 10:25:32.744 [session=000418] [INFO] [SSE-SSE_BATTERY_LOW_SHUTDOWN] [SSE_DIAG] connect attempt tag=SSE_BATTERY_LOW_SHUTDOWN, reconnect=9, url=http://localhost:8080/robot_ec2b/events/battery/low_shutdown
2026-08-21 10:25:32.756 [session=000418] [INFO] [SSE-SSE_BATTERY_LOW_SHUTDOWN] [SSE_DIAG] connected tag=SSE_BATTERY_LOW_SHUTDOWN, status=404, reason=Not Found, elapsed=0.01s, content_type=application/json, url=http://localhost:8080/robot_ec2b/events/battery/low_shutdown
2026-08-21 10:25:32.756 [session=000418] [ERROR] [SSE-SSE_BATTERY_LOW_SHUTDOWN] [SSE_DIAG] non-200 response tag=SSE_BATTERY_LOW_SHUTDOWN, status=404, reason=Not Found, url=http://localhost:8080/robot_ec2b/events/battery/low_shutdown
2026-08-21 10:25:32.758 [session=000418] [INFO] [SSE-SSE_BATTERY_LOW_SHUTDOWN] [SSE_DIAG] reconnect wait tag=SSE_BATTERY_LOW_SHUTDOWN, delay=10s, reconnect=10, reason=HTTP 404, url=http://localhost:8080/robot_ec2b/events/battery/low_shutdown
2026-08-21 10:25:35.492 [session=000418] [DEBUG] [RestApiThread] GetCallBellFromRESTAPI 요청 시작
2026-08-21 10:25:35.495 [session=000418] [DEBUG] [RestApiThread] _get_data: 요청 시작 - tag: REST_API_TAG.GET_CALLBELL, url: http://localhost:8080/robot_ec2b/callbell
2026-08-21 10:25:35.496 [session=000418] [DEBUG] [RestApiThread] _get_data: 요청 전송 완료 - tag: REST_API_TAG.GET_CALLBELL, timeout: 30000ms
2026-08-21 10:25:35.498 [session=000418] [INFO] [MainThread] model_manager set_destinations: unchanged (5 items) - emit skipped
2026-08-21 10:25:35.504 [session=000418] [DEBUG] [RestApiThread] _handle_response 호출됨 - tag: REST_API_TAG.GET_CALLBELL, status_code: 200
2026-08-21 10:25:35.507 [session=000418] [INFO] [ThreadPoolExecutor-5_0] 호출벨 데이터 수신: 5개
2026-08-21 10:25:35.511 [session=000418] [INFO] [MainThread] 호출벨-목적지 동기화 완료: 5개 호출벨
2026-08-21 10:25:35.520 [session=000418] [INFO] [MainThread] 목적지 리스트 반환: destinations=[Destination(name='로비', goal_pose=Pose(x=4.241336459631034, y=-2.361104203714551, qw=0.5097087478206948, qz=0.8603470185890456), bell=Bells(treatment='', suction='64012cd7'), idx=0, color='#e53935'), Destination(name='수술실', goal_pose=Pose(x=4.5199271819089395, y=-3.9219605026851503, qw=0.14533446519134308, qz=-0.9893825818294691), bell=Bells(treatment='', suction='64132cd7'), idx=1, color='#e53935'), Destination(name='진료실', goal_pose=Pose(x=0.11980823444488001, y=-3.735511450600503, qw=0.9963649848510123, qz=0.0851869530083222), bell=Bells(treatment='', suction='64252cd7'), idx=2, color='#e53935'), Destination(name='창고', goal_pose=Pose(x=0.2834625688692579, y=-6.793061814598156, qw=0.5257961572167338, qz=0.850610604834031), bell=Bells(treatment='', suction='64372cd7'), idx=3, color='#e53935'), Destination(name='소독실', goal_pose=Pose(x=-3.4045695907217928, y=-7.611793760201744, qw=0.546869706461766, qz=0.8372177280459497), bell=Bells(treatment='', suction='64492cd7'), idx=4, color='#e53935')]
2026-08-21 10:25:35.520 [session=000418] [INFO] [MainThread] 호출벨 리스트 반환: callbells={'64012cd7': {'name': '호출벨 1', 'usage': 'suction', 'destination': '로비'}, '64132cd7': {'name': '호출벨 2', 'usage': 'suction', 'destination': '수술실'}, '64252cd7': {'name': '호출벨 3', 'usage': 'suction', 'destination': '진료실'}, '64372cd7': {'name': '호출벨 4', 'usage': 'suction', 'destination': '창고'}, '64492cd7': {'name': '호출벨 5', 'usage': 'suction', 'destination': '소독실'}}, robot_usages=['treatment', 'suction']
2026-08-21 10:25:35.520 [session=000418] [INFO] [MainThread] 호출벨 리스트 로드: 5개
2026-08-21 10:25:35.521 [session=000418] [INFO] [MainThread] 호출벨 목록 동일 - UI 재생성 생략
2026-08-21 10:25:35.521 [session=000418] [INFO] [MainThread] 호출벨용 용도 목록 로드 요청
2026-08-21 10:25:35.521 [session=000418] [INFO] [MainThread] 호출벨에 용도 목록 전달: 2개
2026-08-21 10:25:35.522 [session=000418] [INFO] [MainThread] 용도 목록 로드: 2개
2026-08-21 10:25:35.523 [session=000418] [INFO] [MainThread] 목적지 목록 로드: 5개
2026-08-21 10:25:35.523 [session=000418] [INFO] [MainThread] 호출벨 관리에 목적지 목록 전달: 5개
2026-08-21 10:25:35.526 [session=000418] [INFO] [RestApiThread] _handle_response (CYCLIC 정상) - tag: REST_API_TAG.GET_MASTER_IP_ADDRESS, status: 200, pending→0
2026-08-21 10:25:35.531 [session=000418] [INFO] [MainThread] My IP : 192.168.104.212
2026-08-21 10:25:37.487 [session=000418] [INFO] [MainThread] [MAIN_THREAD_HEARTBEAT] GUI main thread alive: thread=MainThread
2026-08-21 10:25:42.487 [session=000418] [INFO] [MainThread] [MAIN_THREAD_HEARTBEAT] GUI main thread alive: thread=MainThread
2026-08-21 10:25:42.759 [session=000418] [INFO] [SSE-SSE_BATTERY_LOW_SHUTDOWN] [SSE_DIAG] connect attempt tag=SSE_BATTERY_LOW_SHUTDOWN, reconnect=10, url=http://localhost:8080/robot_ec2b/events/battery/low_shutdown
2026-08-21 10:25:42.776 [session=000418] [INFO] [SSE-SSE_BATTERY_LOW_SHUTDOWN] [SSE_DIAG] connected tag=SSE_BATTERY_LOW_SHUTDOWN, status=404, reason=Not Found, elapsed=0.02s, content_type=application/json, url=http://localhost:8080/robot_ec2b/events/battery/low_shutdown
2026-08-21 10:25:42.777 [session=000418] [ERROR] [SSE-SSE_BATTERY_LOW_SHUTDOWN] [SSE_DIAG] non-200 response tag=SSE_BATTERY_LOW_SHUTDOWN, status=404, reason=Not Found, url=http://localhost:8080/robot_ec2b/events/battery/low_shutdown
2026-08-21 10:25:42.779 [session=000418] [INFO] [SSE-SSE_BATTERY_LOW_SHUTDOWN] [SSE_DIAG] reconnect wait tag=SSE_BATTERY_LOW_SHUTDOWN, delay=10s, reconnect=11, reason=HTTP 404, url=http://localhost:8080/robot_ec2b/events/battery/low_shutdown
2026-08-21 10:25:45.493 [session=000418] [DEBUG] [RestApiThread] GetCallBellFromRESTAPI 요청 시작
2026-08-21 10:25:45.497 [session=000418] [DEBUG] [RestApiThread] _get_data: 요청 시작 - tag: REST_API_TAG.GET_CALLBELL, url: http://localhost:8080/robot_ec2b/callbell
2026-08-21 10:25:45.497 [session=000418] [DEBUG] [RestApiThread] _get_data: 요청 전송 완료 - tag: REST_API_TAG.GET_CALLBELL, timeout: 30000ms
2026-08-21 10:25:45.499 [session=000418] [INFO] [RestApiThread] _handle_response (CYCLIC 정상) - tag: REST_API_TAG.GET_DESTINATIONS, status: 200, pending→2
2026-08-21 10:25:45.502 [session=000418] [INFO] [MainThread] model_manager set_destinations: unchanged (5 items) - emit skipped
2026-08-21 10:25:45.506 [session=000418] [DEBUG] [RestApiThread] _handle_response 호출됨 - tag: REST_API_TAG.GET_CALLBELL, status_code: 200
2026-08-21 10:25:45.515 [session=000418] [INFO] [ThreadPoolExecutor-5_0] 호출벨 데이터 수신: 5개
2026-08-21 10:25:45.517 [session=000418] [INFO] [MainThread] 호출벨-목적지 동기화 완료: 5개 호출벨
2026-08-21 10:25:45.519 [session=000418] [INFO] [MainThread] 목적지 리스트 반환: destinations=[Destination(name='로비', goal_pose=Pose(x=4.241336459631034, y=-2.361104203714551, qw=0.5097087478206948, qz=0.8603470185890456), bell=Bells(treatment='', suction='64012cd7'), idx=0, color='#e53935'), Destination(name='수술실', goal_pose=Pose(x=4.5199271819089395, y=-3.9219605026851503, qw=0.14533446519134308, qz=-0.9893825818294691), bell=Bells(treatment='', suction='64132cd7'), idx=1, color='#e53935'), Destination(name='진료실', goal_pose=Pose(x=0.11980823444488001, y=-3.735511450600503, qw=0.9963649848510123, qz=0.0851869530083222), bell=Bells(treatment='', suction='64252cd7'), idx=2, color='#e53935'), Destination(name='창고', goal_pose=Pose(x=0.2834625688692579, y=-6.793061814598156, qw=0.5257961572167338, qz=0.850610604834031), bell=Bells(treatment='', suction='64372cd7'), idx=3, color='#e53935'), Destination(name='소독실', goal_pose=Pose(x=-3.4045695907217928, y=-7.611793760201744, qw=0.546869706461766, qz=0.8372177280459497), bell=Bells(treatment='', suction='64492cd7'), idx=4, color='#e53935')]
2026-08-21 10:25:45.522 [session=000418] [INFO] [MainThread] 호출벨 리스트 반환: callbells={'64012cd7': {'name': '호출벨 1', 'usage': 'suction', 'destination': '로비'}, '64132cd7': {'name': '호출벨 2', 'usage': 'suction', 'destination': '수술실'}, '64252cd7': {'name': '호출벨 3', 'usage': 'suction', 'destination': '진료실'}, '64372cd7': {'name': '호출벨 4', 'usage': 'suction', 'destination': '창고'}, '64492cd7': {'name': '호출벨 5', 'usage': 'suction', 'destination': '소독실'}}, robot_usages=['treatment', 'suction']
2026-08-21 10:25:45.522 [session=000418] [INFO] [MainThread] 호출벨 리스트 로드: 5개
2026-08-21 10:25:45.522 [session=000418] [INFO] [MainThread] 호출벨 목록 동일 - UI 재생성 생략
2026-08-21 10:25:45.523 [session=000418] [INFO] [MainThread] 호출벨용 용도 목록 로드 요청
2026-08-21 10:25:45.523 [session=000418] [INFO] [MainThread] 호출벨에 용도 목록 전달: 2개
2026-08-21 10:25:45.523 [session=000418] [INFO] [MainThread] 용도 목록 로드: 2개
2026-08-21 10:25:45.523 [session=000418] [INFO] [MainThread] 목적지 목록 로드: 5개
2026-08-21 10:25:45.524 [session=000418] [INFO] [MainThread] 호출벨 관리에 목적지 목록 전달: 5개
2026-08-21 10:25:45.524 [session=000418] [INFO] [MainThread] My IP : 192.168.104.212
2026-08-21 10:25:47.486 [session=000418] [INFO] [MainThread] [MAIN_THREAD_HEARTBEAT] GUI main thread alive: thread=MainThread
2026-08-21 10:25:52.487 [session=000418] [INFO] [MainThread] [MAIN_THREAD_HEARTBEAT] GUI main thread alive: thread=MainThread
2026-08-21 10:25:52.782 [session=000418] [INFO] [SSE-SSE_BATTERY_LOW_SHUTDOWN] [SSE_DIAG] connect attempt tag=SSE_BATTERY_LOW_SHUTDOWN, reconnect=11, url=http://localhost:8080/robot_ec2b/events/battery/low_shutdown
2026-08-21 10:25:52.793 [session=000418] [INFO] [SSE-SSE_BATTERY_LOW_SHUTDOWN] [SSE_DIAG] connected tag=SSE_BATTERY_LOW_SHUTDOWN, status=404, reason=Not Found, elapsed=0.01s, content_type=application/json, url=http://localhost:8080/robot_ec2b/events/battery/low_shutdown
2026-08-21 10:25:52.794 [session=000418] [ERROR] [SSE-SSE_BATTERY_LOW_SHUTDOWN] [SSE_DIAG] non-200 response tag=SSE_BATTERY_LOW_SHUTDOWN, status=404, reason=Not Found, url=http://localhost:8080/robot_ec2b/events/battery/low_shutdown
2026-08-21 10:25:52.796 [session=000418] [INFO] [SSE-SSE_BATTERY_LOW_SHUTDOWN] [SSE_DIAG] reconnect wait tag=SSE_BATTERY_LOW_SHUTDOWN, delay=10s, reconnect=12, reason=HTTP 404, url=http://localhost:8080/robot_ec2b/events/battery/low_shutdown
2026-08-21 10:25:55.489 [session=000418] [DEBUG] [RestApiThread] GetCallBellFromRESTAPI 요청 시작
2026-08-21 10:25:55.493 [session=000418] [DEBUG] [RestApiThread] _get_data: 요청 시작 - tag: REST_API_TAG.GET_CALLBELL, url: http://localhost:8080/robot_ec2b/callbell
2026-08-21 10:25:55.494 [session=000418] [DEBUG] [RestApiThread] _get_data: 요청 전송 완료 - tag: REST_API_TAG.GET_CALLBELL, timeout: 30000ms
2026-08-21 10:25:55.506 [session=000418] [INFO] [MainThread] model_manager set_destinations: unchanged (5 items) - emit skipped
2026-08-21 10:25:55.507 [session=000418] [DEBUG] [RestApiThread] _handle_response 호출됨 - tag: REST_API_TAG.GET_CALLBELL, status_code: 200
2026-08-21 10:25:55.510 [session=000418] [INFO] [ThreadPoolExecutor-5_0] 호출벨 데이터 수신: 5개
2026-08-21 10:25:55.512 [session=000418] [INFO] [MainThread] 호출벨-목적지 동기화 완료: 5개 호출벨
2026-08-21 10:25:55.512 [session=000418] [INFO] [MainThread] 목적지 리스트 반환: destinations=[Destination(name='로비', goal_pose=Pose(x=4.241336459631034, y=-2.361104203714551, qw=0.5097087478206948, qz=0.8603470185890456), bell=Bells(treatment='', suction='64012cd7'), idx=0, color='#e53935'), Destination(name='수술실', goal_pose=Pose(x=4.5199271819089395, y=-3.9219605026851503, qw=0.14533446519134308, qz=-0.9893825818294691), bell=Bells(treatment='', suction='64132cd7'), idx=1, color='#e53935'), Destination(name='진료실', goal_pose=Pose(x=0.11980823444488001, y=-3.735511450600503, qw=0.9963649848510123, qz=0.0851869530083222), bell=Bells(treatment='', suction='64252cd7'), idx=2, color='#e53935'), Destination(name='창고', goal_pose=Pose(x=0.2834625688692579, y=-6.793061814598156, qw=0.5257961572167338, qz=0.850610604834031), bell=Bells(treatment='', suction='64372cd7'), idx=3, color='#e53935'), Destination(name='소독실', goal_pose=Pose(x=-3.4045695907217928, y=-7.611793760201744, qw=0.546869706461766, qz=0.8372177280459497), bell=Bells(treatment='', suction='64492cd7'), idx=4, color='#e53935')]
2026-08-21 10:25:55.513 [session=000418] [INFO] [MainThread] 호출벨 리스트 반환: callbells={'64012cd7': {'name': '호출벨 1', 'usage': 'suction', 'destination': '로비'}, '64132cd7': {'name': '호출벨 2', 'usage': 'suction', 'destination': '수술실'}, '64252cd7': {'name': '호출벨 3', 'usage': 'suction', 'destination': '진료실'}, '64372cd7': {'name': '호출벨 4', 'usage': 'suction', 'destination': '창고'}, '64492cd7': {'name': '호출벨 5', 'usage': 'suction', 'destination': '소독실'}}, robot_usages=['treatment', 'suction']
2026-08-21 10:25:55.513 [session=000418] [INFO] [MainThread] 호출벨 리스트 로드: 5개
2026-08-21 10:25:55.514 [session=000418] [INFO] [MainThread] 호출벨 목록 동일 - UI 재생성 생략
2026-08-21 10:25:55.514 [session=000418] [INFO] [MainThread] 호출벨용 용도 목록 로드 요청
2026-08-21 10:25:55.515 [session=000418] [INFO] [MainThread] 호출벨에 용도 목록 전달: 2개
2026-08-21 10:25:55.518 [session=000418] [INFO] [MainThread] 용도 목록 로드: 2개
2026-08-21 10:25:55.518 [session=000418] [INFO] [MainThread] 목적지 목록 로드: 5개
2026-08-21 10:25:55.518 [session=000418] [INFO] [MainThread] 호출벨 관리에 목적지 목록 전달: 5개
2026-08-21 10:25:55.521 [session=000418] [INFO] [MainThread] My IP : 192.168.104.212
2026-08-21 10:25:55.523 [session=000418] [INFO] [browser-music-sync_0] [BROWSER_MUSIC_SYNC] event=catalog_fetch_started master_base_url=http://127.0.0.1:5051
2026-08-21 10:25:55.556 [session=000418] [INFO] [browser-music-sync_0] [BROWSER_MUSIC_SYNC] event=catalog_fetch_succeeded master_base_url=http://127.0.0.1:5051 item_count=3
2026-08-21 10:25:55.566 [session=000418] [INFO] [RestApiThread] [REST API] 배경 음악 GET 전송: operation=selection_get, url=http://127.0.0.1:5051/api/voice-event-settings/background-music?robot_id=robot_ec2b
2026-08-21 10:25:55.567 [session=000418] [INFO] [RestApiThread] [REST API] 배경 음악 GET 전송: operation=resolved_get, url=http://127.0.0.1:5051/api/voice-event-settings/resolved?robot_id=robot_ec2b
2026-08-21 10:25:55.604 [session=000418] [DEBUG] [RestApiThread] _handle_response 호출됨 - tag: REST_API_TAG.GET_RESOLVED_BACKGROUND_MUSIC, status_code: 200
2026-08-21 10:25:55.622 [session=000418] [DEBUG] [RestApiThread] _handle_response 호출됨 - tag: REST_API_TAG.GET_BACKGROUND_MUSIC_SETTING, status_code: 200
2026-08-21 10:25:57.487 [session=000418] [INFO] [MainThread] [MAIN_THREAD_HEARTBEAT] GUI main thread alive: thread=MainThread
2026-08-21 10:26:02.488 [session=000418] [INFO] [MainThread] [MAIN_THREAD_HEARTBEAT] GUI main thread alive: thread=MainThread
2026-08-21 10:26:02.797 [session=000418] [INFO] [SSE-SSE_BATTERY_LOW_SHUTDOWN] [SSE_DIAG] connect attempt tag=SSE_BATTERY_LOW_SHUTDOWN, reconnect=12, url=http://localhost:8080/robot_ec2b/events/battery/low_shutdown
2026-08-21 10:26:02.806 [session=000418] [INFO] [SSE-SSE_BATTERY_LOW_SHUTDOWN] [SSE_DIAG] connected tag=SSE_BATTERY_LOW_SHUTDOWN, status=404, reason=Not Found, elapsed=0.01s, content_type=application/json, url=http://localhost:8080/robot_ec2b/events/battery/low_shutdown
2026-08-21 10:26:02.807 [session=000418] [ERROR] [SSE-SSE_BATTERY_LOW_SHUTDOWN] [SSE_DIAG] non-200 response tag=SSE_BATTERY_LOW_SHUTDOWN, status=404, reason=Not Found, url=http://localhost:8080/robot_ec2b/events/battery/low_shutdown
2026-08-21 10:26:02.809 [session=000418] [INFO] [SSE-SSE_BATTERY_LOW_SHUTDOWN] [SSE_DIAG] reconnect wait tag=SSE_BATTERY_LOW_SHUTDOWN, delay=10s, reconnect=13, reason=HTTP 404, url=http://localhost:8080/robot_ec2b/events/battery/low_shutdown
2026-08-21 10:26:05.492 [session=000418] [DEBUG] [RestApiThread] GetCallBellFromRESTAPI 요청 시작
2026-08-21 10:26:05.496 [session=000418] [DEBUG] [RestApiThread] _get_data: 요청 시작 - tag: REST_API_TAG.GET_CALLBELL, url: http://localhost:8080/robot_ec2b/callbell
2026-08-21 10:26:05.497 [session=000418] [DEBUG] [RestApiThread] _get_data: 요청 전송 완료 - tag: REST_API_TAG.GET_CALLBELL, timeout: 30000ms
2026-08-21 10:26:05.504 [session=000418] [INFO] [MainThread] model_manager set_destinations: unchanged (5 items) - emit skipped
2026-08-21 10:26:05.509 [session=000418] [DEBUG] [RestApiThread] _handle_response 호출됨 - tag: REST_API_TAG.GET_CALLBELL, status_code: 200
2026-08-21 10:26:05.510 [session=000418] [INFO] [ThreadPoolExecutor-5_0] 호출벨 데이터 수신: 5개
2026-08-21 10:26:05.512 [session=000418] [INFO] [MainThread] 호출벨-목적지 동기화 완료: 5개 호출벨
2026-08-21 10:26:05.512 [session=000418] [INFO] [MainThread] 목적지 리스트 반환: destinations=[Destination(name='로비', goal_pose=Pose(x=4.241336459631034, y=-2.361104203714551, qw=0.5097087478206948, qz=0.8603470185890456), bell=Bells(treatment='', suction='64012cd7'), idx=0, color='#e53935'), Destination(name='수술실', goal_pose=Pose(x=4.5199271819089395, y=-3.9219605026851503, qw=0.14533446519134308, qz=-0.9893825818294691), bell=Bells(treatment='', suction='64132cd7'), idx=1, color='#e53935'), Destination(name='진료실', goal_pose=Pose(x=0.11980823444488001, y=-3.735511450600503, qw=0.9963649848510123, qz=0.0851869530083222), bell=Bells(treatment='', suction='64252cd7'), idx=2, color='#e53935'), Destination(name='창고', goal_pose=Pose(x=0.2834625688692579, y=-6.793061814598156, qw=0.5257961572167338, qz=0.850610604834031), bell=Bells(treatment='', suction='64372cd7'), idx=3, color='#e53935'), Destination(name='소독실', goal_pose=Pose(x=-3.4045695907217928, y=-7.611793760201744, qw=0.546869706461766, qz=0.8372177280459497), bell=Bells(treatment='', suction='64492cd7'), idx=4, color='#e53935')]
2026-08-21 10:26:05.513 [session=000418] [INFO] [MainThread] 호출벨 리스트 반환: callbells={'64012cd7': {'name': '호출벨 1', 'usage': 'suction', 'destination': '로비'}, '64132cd7': {'name': '호출벨 2', 'usage': 'suction', 'destination': '수술실'}, '64252cd7': {'name': '호출벨 3', 'usage': 'suction', 'destination': '진료실'}, '64372cd7': {'name': '호출벨 4', 'usage': 'suction', 'destination': '창고'}, '64492cd7': {'name': '호출벨 5', 'usage': 'suction', 'destination': '소독실'}}, robot_usages=['treatment', 'suction']
2026-08-21 10:26:05.513 [session=000418] [INFO] [MainThread] 호출벨 리스트 로드: 5개
2026-08-21 10:26:05.516 [session=000418] [INFO] [MainThread] 호출벨 목록 동일 - UI 재생성 생략
2026-08-21 10:26:05.517 [session=000418] [INFO] [MainThread] 호출벨용 용도 목록 로드 요청
2026-08-21 10:26:05.517 [session=000418] [INFO] [MainThread] 호출벨에 용도 목록 전달: 2개
2026-08-21 10:26:05.518 [session=000418] [INFO] [MainThread] 용도 목록 로드: 2개
2026-08-21 10:26:05.518 [session=000418] [INFO] [MainThread] 목적지 목록 로드: 5개
2026-08-21 10:26:05.518 [session=000418] [INFO] [MainThread] 호출벨 관리에 목적지 목록 전달: 5개
2026-08-21 10:26:05.520 [session=000418] [INFO] [MainThread] My IP : 192.168.104.212
2026-08-21 10:26:07.487 [session=000418] [INFO] [MainThread] [MAIN_THREAD_HEARTBEAT] GUI main thread alive: thread=MainThread
2026-08-21 10:26:12.487 [session=000418] [INFO] [MainThread] [MAIN_THREAD_HEARTBEAT] GUI main thread alive: thread=MainThread
2026-08-21 10:26:12.811 [session=000418] [INFO] [SSE-SSE_BATTERY_LOW_SHUTDOWN] [SSE_DIAG] connect attempt tag=SSE_BATTERY_LOW_SHUTDOWN, reconnect=13, url=http://localhost:8080/robot_ec2b/events/battery/low_shutdown
2026-08-21 10:26:12.829 [session=000418] [INFO] [SSE-SSE_BATTERY_LOW_SHUTDOWN] [SSE_DIAG] connected tag=SSE_BATTERY_LOW_SHUTDOWN, status=404, reason=Not Found, elapsed=0.02s, content_type=application/json, url=http://localhost:8080/robot_ec2b/events/battery/low_shutdown
2026-08-21 10:26:12.830 [session=000418] [ERROR] [SSE-SSE_BATTERY_LOW_SHUTDOWN] [SSE_DIAG] non-200 response tag=SSE_BATTERY_LOW_SHUTDOWN, status=404, reason=Not Found, url=http://localhost:8080/robot_ec2b/events/battery/low_shutdown
2026-08-21 10:26:12.832 [session=000418] [INFO] [SSE-SSE_BATTERY_LOW_SHUTDOWN] [SSE_DIAG] reconnect wait tag=SSE_BATTERY_LOW_SHUTDOWN, delay=10s, reconnect=14, reason=HTTP 404, url=http://localhost:8080/robot_ec2b/events/battery/low_shutdown
2026-08-21 10:26:15.488 [session=000418] [DEBUG] [RestApiThread] GetCallBellFromRESTAPI 요청 시작
2026-08-21 10:26:15.494 [session=000418] [DEBUG] [RestApiThread] _get_data: 요청 시작 - tag: REST_API_TAG.GET_CALLBELL, url: http://localhost:8080/robot_ec2b/callbell
2026-08-21 10:26:15.494 [session=000418] [DEBUG] [RestApiThread] _get_data: 요청 전송 완료 - tag: REST_API_TAG.GET_CALLBELL, timeout: 30000ms
2026-08-21 10:26:15.499 [session=000418] [INFO] [MainThread] model_manager set_destinations: unchanged (5 items) - emit skipped
2026-08-21 10:26:15.507 [session=000418] [DEBUG] [RestApiThread] _handle_response 호출됨 - tag: REST_API_TAG.GET_CALLBELL, status_code: 200
2026-08-21 10:26:15.509 [session=000418] [INFO] [ThreadPoolExecutor-5_1] 호출벨 데이터 수신: 5개
2026-08-21 10:26:15.511 [session=000418] [INFO] [MainThread] 호출벨-목적지 동기화 완료: 5개 호출벨
2026-08-21 10:26:15.511 [session=000418] [INFO] [MainThread] 목적지 리스트 반환: destinations=[Destination(name='로비', goal_pose=Pose(x=4.241336459631034, y=-2.361104203714551, qw=0.5097087478206948, qz=0.8603470185890456), bell=Bells(treatment='', suction='64012cd7'), idx=0, color='#e53935'), Destination(name='수술실', goal_pose=Pose(x=4.5199271819089395, y=-3.9219605026851503, qw=0.14533446519134308, qz=-0.9893825818294691), bell=Bells(treatment='', suction='64132cd7'), idx=1, color='#e53935'), Destination(name='진료실', goal_pose=Pose(x=0.11980823444488001, y=-3.735511450600503, qw=0.9963649848510123, qz=0.0851869530083222), bell=Bells(treatment='', suction='64252cd7'), idx=2, color='#e53935'), Destination(name='창고', goal_pose=Pose(x=0.2834625688692579, y=-6.793061814598156, qw=0.5257961572167338, qz=0.850610604834031), bell=Bells(treatment='', suction='64372cd7'), idx=3, color='#e53935'), Destination(name='소독실', goal_pose=Pose(x=-3.4045695907217928, y=-7.611793760201744, qw=0.546869706461766, qz=0.8372177280459497), bell=Bells(treatment='', suction='64492cd7'), idx=4, color='#e53935')]
2026-08-21 10:26:15.521 [session=000418] [INFO] [MainThread] 호출벨 리스트 반환: callbells={'64012cd7': {'name': '호출벨 1', 'usage': 'suction', 'destination': '로비'}, '64132cd7': {'name': '호출벨 2', 'usage': 'suction', 'destination': '수술실'}, '64252cd7': {'name': '호출벨 3', 'usage': 'suction', 'destination': '진료실'}, '64372cd7': {'name': '호출벨 4', 'usage': 'suction', 'destination': '창고'}, '64492cd7': {'name': '호출벨 5', 'usage': 'suction', 'destination': '소독실'}}, robot_usages=['treatment', 'suction']
2026-08-21 10:26:15.521 [session=000418] [INFO] [MainThread] 호출벨 리스트 로드: 5개
2026-08-21 10:26:15.522 [session=000418] [INFO] [MainThread] 호출벨 목록 동일 - UI 재생성 생략
2026-08-21 10:26:15.524 [session=000418] [INFO] [MainThread] 호출벨용 용도 목록 로드 요청
2026-08-21 10:26:15.525 [session=000418] [INFO] [MainThread] 호출벨에 용도 목록 전달: 2개
2026-08-21 10:26:15.527 [session=000418] [INFO] [MainThread] 용도 목록 로드: 2개
2026-08-21 10:26:15.527 [session=000418] [INFO] [MainThread] 목적지 목록 로드: 5개
2026-08-21 10:26:15.527 [session=000418] [INFO] [MainThread] 호출벨 관리에 목적지 목록 전달: 5개
2026-08-21 10:26:15.530 [session=000418] [INFO] [MainThread] My IP : 192.168.104.212
2026-08-21 10:26:17.487 [session=000418] [INFO] [MainThread] [MAIN_THREAD_HEARTBEAT] GUI main thread alive: thread=MainThread
2026-08-21 10:26:22.486 [session=000418] [INFO] [MainThread] [MAIN_THREAD_HEARTBEAT] GUI main thread alive: thread=MainThread
2026-08-21 10:26:22.834 [session=000418] [INFO] [SSE-SSE_BATTERY_LOW_SHUTDOWN] [SSE_DIAG] connect attempt tag=SSE_BATTERY_LOW_SHUTDOWN, reconnect=14, url=http://localhost:8080/robot_ec2b/events/battery/low_shutdown
2026-08-21 10:26:22.852 [session=000418] [INFO] [SSE-SSE_BATTERY_LOW_SHUTDOWN] [SSE_DIAG] connected tag=SSE_BATTERY_LOW_SHUTDOWN, status=404, reason=Not Found, elapsed=0.02s, content_type=application/json, url=http://localhost:8080/robot_ec2b/events/battery/low_shutdown
2026-08-21 10:26:22.852 [session=000418] [ERROR] [SSE-SSE_BATTERY_LOW_SHUTDOWN] [SSE_DIAG] non-200 response tag=SSE_BATTERY_LOW_SHUTDOWN, status=404, reason=Not Found, url=http://localhost:8080/robot_ec2b/events/battery/low_shutdown
2026-08-21 10:26:22.854 [session=000418] [INFO] [SSE-SSE_BATTERY_LOW_SHUTDOWN] [SSE_DIAG] reconnect wait tag=SSE_BATTERY_LOW_SHUTDOWN, delay=10s, reconnect=15, reason=HTTP 404, url=http://localhost:8080/robot_ec2b/events/battery/low_shutdown
2026-08-21 10:26:25.489 [session=000418] [DEBUG] [RestApiThread] GetCallBellFromRESTAPI 요청 시작
2026-08-21 10:26:25.494 [session=000418] [DEBUG] [RestApiThread] _get_data: 요청 시작 - tag: REST_API_TAG.GET_CALLBELL, url: http://localhost:8080/robot_ec2b/callbell
2026-08-21 10:26:25.495 [session=000418] [DEBUG] [RestApiThread] _get_data: 요청 전송 완료 - tag: REST_API_TAG.GET_CALLBELL, timeout: 30000ms
2026-08-21 10:26:25.501 [session=000418] [INFO] [MainThread] model_manager set_destinations: unchanged (5 items) - emit skipped
2026-08-21 10:26:25.526 [session=000418] [DEBUG] [RestApiThread] _handle_response 호출됨 - tag: REST_API_TAG.GET_CALLBELL, status_code: 200
2026-08-21 10:26:25.527 [session=000418] [INFO] [ThreadPoolExecutor-5_0] 호출벨 데이터 수신: 5개
2026-08-21 10:26:25.532 [session=000418] [INFO] [MainThread] 호출벨-목적지 동기화 완료: 5개 호출벨
2026-08-21 10:26:25.532 [session=000418] [INFO] [MainThread] 목적지 리스트 반환: destinations=[Destination(name='로비', goal_pose=Pose(x=4.241336459631034, y=-2.361104203714551, qw=0.5097087478206948, qz=0.8603470185890456), bell=Bells(treatment='', suction='64012cd7'), idx=0, color='#e53935'), Destination(name='수술실', goal_pose=Pose(x=4.5199271819089395, y=-3.9219605026851503, qw=0.14533446519134308, qz=-0.9893825818294691), bell=Bells(treatment='', suction='64132cd7'), idx=1, color='#e53935'), Destination(name='진료실', goal_pose=Pose(x=0.11980823444488001, y=-3.735511450600503, qw=0.9963649848510123, qz=0.0851869530083222), bell=Bells(treatment='', suction='64252cd7'), idx=2, color='#e53935'), Destination(name='창고', goal_pose=Pose(x=0.2834625688692579, y=-6.793061814598156, qw=0.5257961572167338, qz=0.850610604834031), bell=Bells(treatment='', suction='64372cd7'), idx=3, color='#e53935'), Destination(name='소독실', goal_pose=Pose(x=-3.4045695907217928, y=-7.611793760201744, qw=0.546869706461766, qz=0.8372177280459497), bell=Bells(treatment='', suction='64492cd7'), idx=4, color='#e53935')]
2026-08-21 10:26:25.533 [session=000418] [INFO] [MainThread] 호출벨 리스트 반환: callbells={'64012cd7': {'name': '호출벨 1', 'usage': 'suction', 'destination': '로비'}, '64132cd7': {'name': '호출벨 2', 'usage': 'suction', 'destination': '수술실'}, '64252cd7': {'name': '호출벨 3', 'usage': 'suction', 'destination': '진료실'}, '64372cd7': {'name': '호출벨 4', 'usage': 'suction', 'destination': '창고'}, '64492cd7': {'name': '호출벨 5', 'usage': 'suction', 'destination': '소독실'}}, robot_usages=['treatment', 'suction']
2026-08-21 10:26:25.533 [session=000418] [INFO] [MainThread] 호출벨 리스트 로드: 5개
2026-08-21 10:26:25.533 [session=000418] [INFO] [MainThread] 호출벨 목록 동일 - UI 재생성 생략
2026-08-21 10:26:25.533 [session=000418] [INFO] [MainThread] 호출벨용 용도 목록 로드 요청
2026-08-21 10:26:25.533 [session=000418] [INFO] [MainThread] 호출벨에 용도 목록 전달: 2개
2026-08-21 10:26:25.533 [session=000418] [INFO] [MainThread] 용도 목록 로드: 2개
2026-08-21 10:26:25.534 [session=000418] [INFO] [MainThread] 목적지 목록 로드: 5개
2026-08-21 10:26:25.534 [session=000418] [INFO] [MainThread] 호출벨 관리에 목적지 목록 전달: 5개
2026-08-21 10:26:25.536 [session=000418] [INFO] [MainThread] My IP : 192.168.104.212
2026-08-21 10:26:27.486 [session=000418] [INFO] [MainThread] [MAIN_THREAD_HEARTBEAT] GUI main thread alive: thread=MainThread
2026-08-21 10:26:32.487 [session=000418] [INFO] [MainThread] [MAIN_THREAD_HEARTBEAT] GUI main thread alive: thread=MainThread
2026-08-21 10:26:32.855 [session=000418] [INFO] [SSE-SSE_BATTERY_LOW_SHUTDOWN] [SSE_DIAG] connect attempt tag=SSE_BATTERY_LOW_SHUTDOWN, reconnect=15, url=http://localhost:8080/robot_ec2b/events/battery/low_shutdown
2026-08-21 10:26:32.868 [session=000418] [INFO] [SSE-SSE_BATTERY_LOW_SHUTDOWN] [SSE_DIAG] connected tag=SSE_BATTERY_LOW_SHUTDOWN, status=404, reason=Not Found, elapsed=0.01s, content_type=application/json, url=http://localhost:8080/robot_ec2b/events/battery/low_shutdown
2026-08-21 10:26:32.870 [session=000418] [ERROR] [SSE-SSE_BATTERY_LOW_SHUTDOWN] [SSE_DIAG] non-200 response tag=SSE_BATTERY_LOW_SHUTDOWN, status=404, reason=Not Found, url=http://localhost:8080/robot_ec2b/events/battery/low_shutdown
2026-08-21 10:26:32.874 [session=000418] [INFO] [SSE-SSE_BATTERY_LOW_SHUTDOWN] [SSE_DIAG] reconnect wait tag=SSE_BATTERY_LOW_SHUTDOWN, delay=10s, reconnect=16, reason=HTTP 404, url=http://localhost:8080/robot_ec2b/events/battery/low_shutdown
2026-08-21 10:26:35.488 [session=000418] [DEBUG] [RestApiThread] GetCallBellFromRESTAPI 요청 시작
2026-08-21 10:26:35.502 [session=000418] [DEBUG] [RestApiThread] _get_data: 요청 시작 - tag: REST_API_TAG.GET_CALLBELL, url: http://localhost:8080/robot_ec2b/callbell
2026-08-21 10:26:35.504 [session=000418] [DEBUG] [RestApiThread] _get_data: 요청 전송 완료 - tag: REST_API_TAG.GET_CALLBELL, timeout: 30000ms
2026-08-21 10:26:35.508 [session=000418] [INFO] [MainThread] model_manager set_destinations: unchanged (5 items) - emit skipped
2026-08-21 10:26:35.521 [session=000418] [DEBUG] [RestApiThread] _handle_response 호출됨 - tag: REST_API_TAG.GET_CALLBELL, status_code: 200
2026-08-21 10:26:35.523 [session=000418] [INFO] [ThreadPoolExecutor-5_0] 호출벨 데이터 수신: 5개
2026-08-21 10:26:35.525 [session=000418] [INFO] [MainThread] 호출벨-목적지 동기화 완료: 5개 호출벨
2026-08-21 10:26:35.525 [session=000418] [INFO] [MainThread] 목적지 리스트 반환: destinations=[Destination(name='로비', goal_pose=Pose(x=4.241336459631034, y=-2.361104203714551, qw=0.5097087478206948, qz=0.8603470185890456), bell=Bells(treatment='', suction='64012cd7'), idx=0, color='#e53935'), Destination(name='수술실', goal_pose=Pose(x=4.5199271819089395, y=-3.9219605026851503, qw=0.14533446519134308, qz=-0.9893825818294691), bell=Bells(treatment='', suction='64132cd7'), idx=1, color='#e53935'), Destination(name='진료실', goal_pose=Pose(x=0.11980823444488001, y=-3.735511450600503, qw=0.9963649848510123, qz=0.0851869530083222), bell=Bells(treatment='', suction='64252cd7'), idx=2, color='#e53935'), Destination(name='창고', goal_pose=Pose(x=0.2834625688692579, y=-6.793061814598156, qw=0.5257961572167338, qz=0.850610604834031), bell=Bells(treatment='', suction='64372cd7'), idx=3, color='#e53935'), Destination(name='소독실', goal_pose=Pose(x=-3.4045695907217928, y=-7.611793760201744, qw=0.546869706461766, qz=0.8372177280459497), bell=Bells(treatment='', suction='64492cd7'), idx=4, color='#e53935')]
2026-08-21 10:26:35.526 [session=000418] [INFO] [MainThread] 호출벨 리스트 반환: callbells={'64012cd7': {'name': '호출벨 1', 'usage': 'suction', 'destination': '로비'}, '64132cd7': {'name': '호출벨 2', 'usage': 'suction', 'destination': '수술실'}, '64252cd7': {'name': '호출벨 3', 'usage': 'suction', 'destination': '진료실'}, '64372cd7': {'name': '호출벨 4', 'usage': 'suction', 'destination': '창고'}, '64492cd7': {'name': '호출벨 5', 'usage': 'suction', 'destination': '소독실'}}, robot_usages=['treatment', 'suction']
2026-08-21 10:26:35.527 [session=000418] [INFO] [MainThread] 호출벨 리스트 로드: 5개
2026-08-21 10:26:35.528 [session=000418] [INFO] [MainThread] 호출벨 목록 동일 - UI 재생성 생략
2026-08-21 10:26:35.529 [session=000418] [INFO] [MainThread] 호출벨용 용도 목록 로드 요청
2026-08-21 10:26:35.534 [session=000418] [INFO] [MainThread] 호출벨에 용도 목록 전달: 2개
2026-08-21 10:26:35.535 [session=000418] [INFO] [MainThread] 용도 목록 로드: 2개
2026-08-21 10:26:35.536 [session=000418] [INFO] [MainThread] 목적지 목록 로드: 5개
2026-08-21 10:26:35.537 [session=000418] [INFO] [MainThread] 호출벨 관리에 목적지 목록 전달: 5개
2026-08-21 10:26:35.538 [session=000418] [INFO] [MainThread] My IP : 192.168.104.212
2026-08-21 10:26:35.542 [session=000418] [INFO] [browser-music-sync_0] [BROWSER_MUSIC_SYNC] event=catalog_fetch_started master_base_url=http://127.0.0.1:5051
2026-08-21 10:26:35.571 [session=000418] [INFO] [browser-music-sync_0] [BROWSER_MUSIC_SYNC] event=catalog_fetch_succeeded master_base_url=http://127.0.0.1:5051 item_count=3
2026-08-21 10:26:35.579 [session=000418] [INFO] [RestApiThread] [REST API] 배경 음악 GET 전송: operation=selection_get, url=http://127.0.0.1:5051/api/voice-event-settings/background-music?robot_id=robot_ec2b
2026-08-21 10:26:35.580 [session=000418] [INFO] [RestApiThread] [REST API] 배경 음악 GET 전송: operation=resolved_get, url=http://127.0.0.1:5051/api/voice-event-settings/resolved?robot_id=robot_ec2b
2026-08-21 10:26:35.608 [session=000418] [DEBUG] [RestApiThread] _handle_response 호출됨 - tag: REST_API_TAG.GET_BACKGROUND_MUSIC_SETTING, status_code: 200
2026-08-21 10:26:35.610 [session=000418] [DEBUG] [RestApiThread] _handle_response 호출됨 - tag: REST_API_TAG.GET_RESOLVED_BACKGROUND_MUSIC, status_code: 200
2026-08-21 10:26:37.487 [session=000418] [INFO] [MainThread] [MAIN_THREAD_HEARTBEAT] GUI main thread alive: thread=MainThread
2026-08-21 10:26:42.487 [session=000418] [INFO] [MainThread] [MAIN_THREAD_HEARTBEAT] GUI main thread alive: thread=MainThread
2026-08-21 10:26:42.876 [session=000418] [INFO] [SSE-SSE_BATTERY_LOW_SHUTDOWN] [SSE_DIAG] connect attempt tag=SSE_BATTERY_LOW_SHUTDOWN, reconnect=16, url=http://localhost:8080/robot_ec2b/events/battery/low_shutdown
2026-08-21 10:26:42.889 [session=000418] [INFO] [SSE-SSE_BATTERY_LOW_SHUTDOWN] [SSE_DIAG] connected tag=SSE_BATTERY_LOW_SHUTDOWN, status=404, reason=Not Found, elapsed=0.01s, content_type=application/json, url=http://localhost:8080/robot_ec2b/events/battery/low_shutdown
2026-08-21 10:26:42.892 [session=000418] [ERROR] [SSE-SSE_BATTERY_LOW_SHUTDOWN] [SSE_DIAG] non-200 response tag=SSE_BATTERY_LOW_SHUTDOWN, status=404, reason=Not Found, url=http://localhost:8080/robot_ec2b/events/battery/low_shutdown
2026-08-21 10:26:42.894 [session=000418] [INFO] [SSE-SSE_BATTERY_LOW_SHUTDOWN] [SSE_DIAG] reconnect wait tag=SSE_BATTERY_LOW_SHUTDOWN, delay=10s, reconnect=17, reason=HTTP 404, url=http://localhost:8080/robot_ec2b/events/battery/low_shutdown
2026-08-21 10:26:45.489 [session=000418] [DEBUG] [RestApiThread] GetCallBellFromRESTAPI 요청 시작
2026-08-21 10:26:45.494 [session=000418] [DEBUG] [RestApiThread] _get_data: 요청 시작 - tag: REST_API_TAG.GET_CALLBELL, url: http://localhost:8080/robot_ec2b/callbell
2026-08-21 10:26:45.495 [session=000418] [DEBUG] [RestApiThread] _get_data: 요청 전송 완료 - tag: REST_API_TAG.GET_CALLBELL, timeout: 30000ms
2026-08-21 10:26:45.507 [session=000418] [INFO] [MainThread] model_manager set_destinations: unchanged (5 items) - emit skipped
2026-08-21 10:26:45.519 [session=000418] [DEBUG] [RestApiThread] _handle_response 호출됨 - tag: REST_API_TAG.GET_CALLBELL, status_code: 200
2026-08-21 10:26:45.524 [session=000418] [INFO] [ThreadPoolExecutor-5_0] 호출벨 데이터 수신: 5개
2026-08-21 10:26:45.525 [session=000418] [INFO] [MainThread] 호출벨-목적지 동기화 완료: 5개 호출벨
2026-08-21 10:26:45.526 [session=000418] [INFO] [MainThread] 목적지 리스트 반환: destinations=[Destination(name='로비', goal_pose=Pose(x=4.241336459631034, y=-2.361104203714551, qw=0.5097087478206948, qz=0.8603470185890456), bell=Bells(treatment='', suction='64012cd7'), idx=0, color='#e53935'), Destination(name='수술실', goal_pose=Pose(x=4.5199271819089395, y=-3.9219605026851503, qw=0.14533446519134308, qz=-0.9893825818294691), bell=Bells(treatment='', suction='64132cd7'), idx=1, color='#e53935'), Destination(name='진료실', goal_pose=Pose(x=0.11980823444488001, y=-3.735511450600503, qw=0.9963649848510123, qz=0.0851869530083222), bell=Bells(treatment='', suction='64252cd7'), idx=2, color='#e53935'), Destination(name='창고', goal_pose=Pose(x=0.2834625688692579, y=-6.793061814598156, qw=0.5257961572167338, qz=0.850610604834031), bell=Bells(treatment='', suction='64372cd7'), idx=3, color='#e53935'), Destination(name='소독실', goal_pose=Pose(x=-3.4045695907217928, y=-7.611793760201744, qw=0.546869706461766, qz=0.8372177280459497), bell=Bells(treatment='', suction='64492cd7'), idx=4, color='#e53935')]
2026-08-21 10:26:45.526 [session=000418] [INFO] [MainThread] 호출벨 리스트 반환: callbells={'64012cd7': {'name': '호출벨 1', 'usage': 'suction', 'destination': '로비'}, '64132cd7': {'name': '호출벨 2', 'usage': 'suction', 'destination': '수술실'}, '64252cd7': {'name': '호출벨 3', 'usage': 'suction', 'destination': '진료실'}, '64372cd7': {'name': '호출벨 4', 'usage': 'suction', 'destination': '창고'}, '64492cd7': {'name': '호출벨 5', 'usage': 'suction', 'destination': '소독실'}}, robot_usages=['treatment', 'suction']
2026-08-21 10:26:45.527 [session=000418] [INFO] [MainThread] 호출벨 리스트 로드: 5개
2026-08-21 10:26:45.527 [session=000418] [INFO] [MainThread] 호출벨 목록 동일 - UI 재생성 생략
2026-08-21 10:26:45.527 [session=000418] [INFO] [MainThread] 호출벨용 용도 목록 로드 요청
2026-08-21 10:26:45.527 [session=000418] [INFO] [MainThread] 호출벨에 용도 목록 전달: 2개
2026-08-21 10:26:45.527 [session=000418] [INFO] [MainThread] 용도 목록 로드: 2개
2026-08-21 10:26:45.528 [session=000418] [INFO] [MainThread] 목적지 목록 로드: 5개
2026-08-21 10:26:45.528 [session=000418] [INFO] [MainThread] 호출벨 관리에 목적지 목록 전달: 5개
2026-08-21 10:26:45.535 [session=000418] [INFO] [MainThread] My IP : 192.168.104.212
2026-08-21 10:26:47.487 [session=000418] [INFO] [MainThread] [MAIN_THREAD_HEARTBEAT] GUI main thread alive: thread=MainThread
2026-08-21 10:26:52.489 [session=000418] [INFO] [MainThread] [MAIN_THREAD_HEARTBEAT] GUI main thread alive: thread=MainThread
2026-08-21 10:26:52.896 [session=000418] [INFO] [SSE-SSE_BATTERY_LOW_SHUTDOWN] [SSE_DIAG] connect attempt tag=SSE_BATTERY_LOW_SHUTDOWN, reconnect=17, url=http://localhost:8080/robot_ec2b/events/battery/low_shutdown
2026-08-21 10:26:52.910 [session=000418] [INFO] [SSE-SSE_BATTERY_LOW_SHUTDOWN] [SSE_DIAG] connected tag=SSE_BATTERY_LOW_SHUTDOWN, status=404, reason=Not Found, elapsed=0.01s, content_type=application/json, url=http://localhost:8080/robot_ec2b/events/battery/low_shutdown
2026-08-21 10:26:52.911 [session=000418] [ERROR] [SSE-SSE_BATTERY_LOW_SHUTDOWN] [SSE_DIAG] non-200 response tag=SSE_BATTERY_LOW_SHUTDOWN, status=404, reason=Not Found, url=http://localhost:8080/robot_ec2b/events/battery/low_shutdown
2026-08-21 10:26:52.914 [session=000418] [INFO] [SSE-SSE_BATTERY_LOW_SHUTDOWN] [SSE_DIAG] reconnect wait tag=SSE_BATTERY_LOW_SHUTDOWN, delay=10s, reconnect=18, reason=HTTP 404, url=http://localhost:8080/robot_ec2b/events/battery/low_shutdown
2026-08-21 10:26:55.489 [session=000418] [DEBUG] [RestApiThread] GetCallBellFromRESTAPI 요청 시작
2026-08-21 10:26:55.493 [session=000418] [DEBUG] [RestApiThread] _get_data: 요청 시작 - tag: REST_API_TAG.GET_CALLBELL, url: http://localhost:8080/robot_ec2b/callbell
2026-08-21 10:26:55.494 [session=000418] [DEBUG] [RestApiThread] _get_data: 요청 전송 완료 - tag: REST_API_TAG.GET_CALLBELL, timeout: 30000ms
2026-08-21 10:26:55.496 [session=000418] [INFO] [MainThread] model_manager set_destinations: unchanged (5 items) - emit skipped
2026-08-21 10:26:55.498 [session=000418] [DEBUG] [RestApiThread] _handle_response 호출됨 - tag: REST_API_TAG.GET_CALLBELL, status_code: 200
2026-08-21 10:26:55.500 [session=000418] [INFO] [ThreadPoolExecutor-5_1] 호출벨 데이터 수신: 5개
2026-08-21 10:26:55.502 [session=000418] [INFO] [MainThread] 호출벨-목적지 동기화 완료: 5개 호출벨
2026-08-21 10:26:55.502 [session=000418] [INFO] [MainThread] 목적지 리스트 반환: destinations=[Destination(name='로비', goal_pose=Pose(x=4.241336459631034, y=-2.361104203714551, qw=0.5097087478206948, qz=0.8603470185890456), bell=Bells(treatment='', suction='64012cd7'), idx=0, color='#e53935'), Destination(name='수술실', goal_pose=Pose(x=4.5199271819089395, y=-3.9219605026851503, qw=0.14533446519134308, qz=-0.9893825818294691), bell=Bells(treatment='', suction='64132cd7'), idx=1, color='#e53935'), Destination(name='진료실', goal_pose=Pose(x=0.11980823444488001, y=-3.735511450600503, qw=0.9963649848510123, qz=0.0851869530083222), bell=Bells(treatment='', suction='64252cd7'), idx=2, color='#e53935'), Destination(name='창고', goal_pose=Pose(x=0.2834625688692579, y=-6.793061814598156, qw=0.5257961572167338, qz=0.850610604834031), bell=Bells(treatment='', suction='64372cd7'), idx=3, color='#e53935'), Destination(name='소독실', goal_pose=Pose(x=-3.4045695907217928, y=-7.611793760201744, qw=0.546869706461766, qz=0.8372177280459497), bell=Bells(treatment='', suction='64492cd7'), idx=4, color='#e53935')]
2026-08-21 10:26:55.503 [session=000418] [INFO] [MainThread] 호출벨 리스트 반환: callbells={'64012cd7': {'name': '호출벨 1', 'usage': 'suction', 'destination': '로비'}, '64132cd7': {'name': '호출벨 2', 'usage': 'suction', 'destination': '수술실'}, '64252cd7': {'name': '호출벨 3', 'usage': 'suction', 'destination': '진료실'}, '64372cd7': {'name': '호출벨 4', 'usage': 'suction', 'destination': '창고'}, '64492cd7': {'name': '호출벨 5', 'usage': 'suction', 'destination': '소독실'}}, robot_usages=['treatment', 'suction']
2026-08-21 10:26:55.503 [session=000418] [INFO] [MainThread] 호출벨 리스트 로드: 5개
2026-08-21 10:26:55.504 [session=000418] [INFO] [MainThread] 호출벨 목록 동일 - UI 재생성 생략
2026-08-21 10:26:55.505 [session=000418] [INFO] [MainThread] 호출벨용 용도 목록 로드 요청
2026-08-21 10:26:55.505 [session=000418] [INFO] [MainThread] 호출벨에 용도 목록 전달: 2개
2026-08-21 10:26:55.505 [session=000418] [INFO] [MainThread] 용도 목록 로드: 2개
2026-08-21 10:26:55.505 [session=000418] [INFO] [MainThread] 목적지 목록 로드: 5개
2026-08-21 10:26:55.506 [session=000418] [INFO] [MainThread] 호출벨 관리에 목적지 목록 전달: 5개
2026-08-21 10:26:55.513 [session=000418] [INFO] [MainThread] My IP : 192.168.104.212
2026-08-21 10:26:57.487 [session=000418] [INFO] [MainThread] [MAIN_THREAD_HEARTBEAT] GUI main thread alive: thread=MainThread
2026-08-21 10:27:02.488 [session=000418] [INFO] [MainThread] [MAIN_THREAD_HEARTBEAT] GUI main thread alive: thread=MainThread
2026-08-21 10:27:02.916 [session=000418] [INFO] [SSE-SSE_BATTERY_LOW_SHUTDOWN] [SSE_DIAG] connect attempt tag=SSE_BATTERY_LOW_SHUTDOWN, reconnect=18, url=http://localhost:8080/robot_ec2b/events/battery/low_shutdown
2026-08-21 10:27:02.937 [session=000418] [INFO] [SSE-SSE_BATTERY_LOW_SHUTDOWN] [SSE_DIAG] connected tag=SSE_BATTERY_LOW_SHUTDOWN, status=404, reason=Not Found, elapsed=0.02s, content_type=application/json, url=http://localhost:8080/robot_ec2b/events/battery/low_shutdown
2026-08-21 10:27:02.937 [session=000418] [ERROR] [SSE-SSE_BATTERY_LOW_SHUTDOWN] [SSE_DIAG] non-200 response tag=SSE_BATTERY_LOW_SHUTDOWN, status=404, reason=Not Found, url=http://localhost:8080/robot_ec2b/events/battery/low_shutdown
2026-08-21 10:27:02.941 [session=000418] [INFO] [SSE-SSE_BATTERY_LOW_SHUTDOWN] [SSE_DIAG] reconnect wait tag=SSE_BATTERY_LOW_SHUTDOWN, delay=10s, reconnect=19, reason=HTTP 404, url=http://localhost:8080/robot_ec2b/events/battery/low_shutdown
2026-08-21 10:27:05.489 [session=000418] [DEBUG] [RestApiThread] GetCallBellFromRESTAPI 요청 시작
2026-08-21 10:27:05.503 [session=000418] [DEBUG] [RestApiThread] _get_data: 요청 시작 - tag: REST_API_TAG.GET_CALLBELL, url: http://localhost:8080/robot_ec2b/callbell
2026-08-21 10:27:05.505 [session=000418] [DEBUG] [RestApiThread] _get_data: 요청 전송 완료 - tag: REST_API_TAG.GET_CALLBELL, timeout: 30000ms
2026-08-21 10:27:05.507 [session=000418] [INFO] [MainThread] model_manager set_destinations: unchanged (5 items) - emit skipped
2026-08-21 10:27:05.529 [session=000418] [DEBUG] [RestApiThread] _handle_response 호출됨 - tag: REST_API_TAG.GET_CALLBELL, status_code: 200
2026-08-21 10:27:05.530 [session=000418] [INFO] [ThreadPoolExecutor-5_1] 호출벨 데이터 수신: 5개
2026-08-21 10:27:05.534 [session=000418] [INFO] [MainThread] 호출벨-목적지 동기화 완료: 5개 호출벨
2026-08-21 10:27:05.535 [session=000418] [INFO] [MainThread] 목적지 리스트 반환: destinations=[Destination(name='로비', goal_pose=Pose(x=4.241336459631034, y=-2.361104203714551, qw=0.5097087478206948, qz=0.8603470185890456), bell=Bells(treatment='', suction='64012cd7'), idx=0, color='#e53935'), Destination(name='수술실', goal_pose=Pose(x=4.5199271819089395, y=-3.9219605026851503, qw=0.14533446519134308, qz=-0.9893825818294691), bell=Bells(treatment='', suction='64132cd7'), idx=1, color='#e53935'), Destination(name='진료실', goal_pose=Pose(x=0.11980823444488001, y=-3.735511450600503, qw=0.9963649848510123, qz=0.0851869530083222), bell=Bells(treatment='', suction='64252cd7'), idx=2, color='#e53935'), Destination(name='창고', goal_pose=Pose(x=0.2834625688692579, y=-6.793061814598156, qw=0.5257961572167338, qz=0.850610604834031), bell=Bells(treatment='', suction='64372cd7'), idx=3, color='#e53935'), Destination(name='소독실', goal_pose=Pose(x=-3.4045695907217928, y=-7.611793760201744, qw=0.546869706461766, qz=0.8372177280459497), bell=Bells(treatment='', suction='64492cd7'), idx=4, color='#e53935')]
2026-08-21 10:27:05.536 [session=000418] [INFO] [MainThread] 호출벨 리스트 반환: callbells={'64012cd7': {'name': '호출벨 1', 'usage': 'suction', 'destination': '로비'}, '64132cd7': {'name': '호출벨 2', 'usage': 'suction', 'destination': '수술실'}, '64252cd7': {'name': '호출벨 3', 'usage': 'suction', 'destination': '진료실'}, '64372cd7': {'name': '호출벨 4', 'usage': 'suction', 'destination': '창고'}, '64492cd7': {'name': '호출벨 5', 'usage': 'suction', 'destination': '소독실'}}, robot_usages=['treatment', 'suction']
2026-08-21 10:27:05.536 [session=000418] [INFO] [MainThread] 호출벨 리스트 로드: 5개
2026-08-21 10:27:05.537 [session=000418] [INFO] [MainThread] 호출벨 목록 동일 - UI 재생성 생략
2026-08-21 10:27:05.537 [session=000418] [INFO] [MainThread] 호출벨용 용도 목록 로드 요청
2026-08-21 10:27:05.537 [session=000418] [INFO] [MainThread] 호출벨에 용도 목록 전달: 2개
2026-08-21 10:27:05.537 [session=000418] [INFO] [MainThread] 용도 목록 로드: 2개
2026-08-21 10:27:05.538 [session=000418] [INFO] [MainThread] 목적지 목록 로드: 5개
2026-08-21 10:27:05.538 [session=000418] [INFO] [MainThread] 호출벨 관리에 목적지 목록 전달: 5개
2026-08-21 10:27:05.540 [session=000418] [INFO] [MainThread] My IP : 192.168.104.212
2026-08-21 10:27:07.487 [session=000418] [INFO] [MainThread] [MAIN_THREAD_HEARTBEAT] GUI main thread alive: thread=MainThread
2026-08-21 10:27:12.486 [session=000418] [INFO] [MainThread] [MAIN_THREAD_HEARTBEAT] GUI main thread alive: thread=MainThread
2026-08-21 10:27:12.946 [session=000418] [INFO] [SSE-SSE_BATTERY_LOW_SHUTDOWN] [SSE_DIAG] connect attempt tag=SSE_BATTERY_LOW_SHUTDOWN, reconnect=19, url=http://localhost:8080/robot_ec2b/events/battery/low_shutdown
2026-08-21 10:27:12.959 [session=000418] [INFO] [SSE-SSE_BATTERY_LOW_SHUTDOWN] [SSE_DIAG] connected tag=SSE_BATTERY_LOW_SHUTDOWN, status=404, reason=Not Found, elapsed=0.01s, content_type=application/json, url=http://localhost:8080/robot_ec2b/events/battery/low_shutdown
2026-08-21 10:27:12.960 [session=000418] [ERROR] [SSE-SSE_BATTERY_LOW_SHUTDOWN] [SSE_DIAG] non-200 response tag=SSE_BATTERY_LOW_SHUTDOWN, status=404, reason=Not Found, url=http://localhost:8080/robot_ec2b/events/battery/low_shutdown
2026-08-21 10:27:12.962 [session=000418] [INFO] [SSE-SSE_BATTERY_LOW_SHUTDOWN] [SSE_DIAG] reconnect wait tag=SSE_BATTERY_LOW_SHUTDOWN, delay=10s, reconnect=20, reason=HTTP 404, url=http://localhost:8080/robot_ec2b/events/battery/low_shutdown
2026-08-21 10:27:15.490 [session=000418] [DEBUG] [RestApiThread] GetCallBellFromRESTAPI 요청 시작
2026-08-21 10:27:15.496 [session=000418] [DEBUG] [RestApiThread] _get_data: 요청 시작 - tag: REST_API_TAG.GET_CALLBELL, url: http://localhost:8080/robot_ec2b/callbell
2026-08-21 10:27:15.497 [session=000418] [DEBUG] [RestApiThread] _get_data: 요청 전송 완료 - tag: REST_API_TAG.GET_CALLBELL, timeout: 30000ms
2026-08-21 10:27:15.505 [session=000418] [INFO] [MainThread] model_manager set_destinations: unchanged (5 items) - emit skipped
2026-08-21 10:27:15.506 [session=000418] [DEBUG] [RestApiThread] _handle_response 호출됨 - tag: REST_API_TAG.GET_CALLBELL, status_code: 200
2026-08-21 10:27:15.508 [session=000418] [INFO] [ThreadPoolExecutor-5_1] 호출벨 데이터 수신: 5개
2026-08-21 10:27:15.511 [session=000418] [INFO] [MainThread] 호출벨-목적지 동기화 완료: 5개 호출벨
2026-08-21 10:27:15.511 [session=000418] [INFO] [MainThread] 목적지 리스트 반환: destinations=[Destination(name='로비', goal_pose=Pose(x=4.241336459631034, y=-2.361104203714551, qw=0.5097087478206948, qz=0.8603470185890456), bell=Bells(treatment='', suction='64012cd7'), idx=0, color='#e53935'), Destination(name='수술실', goal_pose=Pose(x=4.5199271819089395, y=-3.9219605026851503, qw=0.14533446519134308, qz=-0.9893825818294691), bell=Bells(treatment='', suction='64132cd7'), idx=1, color='#e53935'), Destination(name='진료실', goal_pose=Pose(x=0.11980823444488001, y=-3.735511450600503, qw=0.9963649848510123, qz=0.0851869530083222), bell=Bells(treatment='', suction='64252cd7'), idx=2, color='#e53935'), Destination(name='창고', goal_pose=Pose(x=0.2834625688692579, y=-6.793061814598156, qw=0.5257961572167338, qz=0.850610604834031), bell=Bells(treatment='', suction='64372cd7'), idx=3, color='#e53935'), Destination(name='소독실', goal_pose=Pose(x=-3.4045695907217928, y=-7.611793760201744, qw=0.546869706461766, qz=0.8372177280459497), bell=Bells(treatment='', suction='64492cd7'), idx=4, color='#e53935')]
2026-08-21 10:27:15.513 [session=000418] [INFO] [MainThread] 호출벨 리스트 반환: callbells={'64012cd7': {'name': '호출벨 1', 'usage': 'suction', 'destination': '로비'}, '64132cd7': {'name': '호출벨 2', 'usage': 'suction', 'destination': '수술실'}, '64252cd7': {'name': '호출벨 3', 'usage': 'suction', 'destination': '진료실'}, '64372cd7': {'name': '호출벨 4', 'usage': 'suction', 'destination': '창고'}, '64492cd7': {'name': '호출벨 5', 'usage': 'suction', 'destination': '소독실'}}, robot_usages=['treatment', 'suction']
2026-08-21 10:27:15.514 [session=000418] [INFO] [RestApiThread] _handle_response (CYCLIC 정상) - tag: REST_API_TAG.GET_MASTER_IP_ADDRESS, status: 200, pending→0
2026-08-21 10:27:15.514 [session=000418] [INFO] [MainThread] 호출벨 리스트 로드: 5개
2026-08-21 10:27:15.516 [session=000418] [INFO] [MainThread] 호출벨 목록 동일 - UI 재생성 생략
2026-08-21 10:27:15.516 [session=000418] [INFO] [MainThread] 호출벨용 용도 목록 로드 요청
2026-08-21 10:27:15.516 [session=000418] [INFO] [MainThread] 호출벨에 용도 목록 전달: 2개
2026-08-21 10:27:15.518 [session=000418] [INFO] [MainThread] 용도 목록 로드: 2개
2026-08-21 10:27:15.520 [session=000418] [INFO] [MainThread] 목적지 목록 로드: 5개
2026-08-21 10:27:15.522 [session=000418] [INFO] [MainThread] 호출벨 관리에 목적지 목록 전달: 5개
2026-08-21 10:27:15.525 [session=000418] [INFO] [MainThread] My IP : 192.168.104.212
2026-08-21 10:27:15.527 [session=000418] [INFO] [browser-music-sync_0] [BROWSER_MUSIC_SYNC] event=catalog_fetch_started master_base_url=http://127.0.0.1:5051
2026-08-21 10:27:15.557 [session=000418] [INFO] [browser-music-sync_0] [BROWSER_MUSIC_SYNC] event=catalog_fetch_succeeded master_base_url=http://127.0.0.1:5051 item_count=3
2026-08-21 10:27:15.564 [session=000418] [INFO] [RestApiThread] [REST API] 배경 음악 GET 전송: operation=selection_get, url=http://127.0.0.1:5051/api/voice-event-settings/background-music?robot_id=robot_ec2b
2026-08-21 10:27:15.565 [session=000418] [INFO] [RestApiThread] [REST API] 배경 음악 GET 전송: operation=resolved_get, url=http://127.0.0.1:5051/api/voice-event-settings/resolved?robot_id=robot_ec2b
2026-08-21 10:27:15.584 [session=000418] [DEBUG] [RestApiThread] _handle_response 호출됨 - tag: REST_API_TAG.GET_BACKGROUND_MUSIC_SETTING, status_code: 200
2026-08-21 10:27:15.586 [session=000418] [DEBUG] [RestApiThread] _handle_response 호출됨 - tag: REST_API_TAG.GET_RESOLVED_BACKGROUND_MUSIC, status_code: 200
2026-08-21 10:27:17.487 [session=000418] [INFO] [MainThread] [MAIN_THREAD_HEARTBEAT] GUI main thread alive: thread=MainThread
2026-08-21 10:27:22.487 [session=000418] [INFO] [MainThread] [MAIN_THREAD_HEARTBEAT] GUI main thread alive: thread=MainThread
2026-08-21 10:27:22.963 [session=000418] [INFO] [SSE-SSE_BATTERY_LOW_SHUTDOWN] [SSE_DIAG] connect attempt tag=SSE_BATTERY_LOW_SHUTDOWN, reconnect=20, url=http://localhost:8080/robot_ec2b/events/battery/low_shutdown
2026-08-21 10:27:22.983 [session=000418] [INFO] [SSE-SSE_BATTERY_LOW_SHUTDOWN] [SSE_DIAG] connected tag=SSE_BATTERY_LOW_SHUTDOWN, status=404, reason=Not Found, elapsed=0.02s, content_type=application/json, url=http://localhost:8080/robot_ec2b/events/battery/low_shutdown
2026-08-21 10:27:22.984 [session=000418] [ERROR] [SSE-SSE_BATTERY_LOW_SHUTDOWN] [SSE_DIAG] non-200 response tag=SSE_BATTERY_LOW_SHUTDOWN, status=404, reason=Not Found, url=http://localhost:8080/robot_ec2b/events/battery/low_shutdown
2026-08-21 10:27:22.986 [session=000418] [INFO] [SSE-SSE_BATTERY_LOW_SHUTDOWN] [SSE_DIAG] reconnect wait tag=SSE_BATTERY_LOW_SHUTDOWN, delay=10s, reconnect=21, reason=HTTP 404, url=http://localhost:8080/robot_ec2b/events/battery/low_shutdown
2026-08-21 10:27:25.489 [session=000418] [DEBUG] [RestApiThread] GetCallBellFromRESTAPI 요청 시작
2026-08-21 10:27:25.493 [session=000418] [DEBUG] [RestApiThread] _get_data: 요청 시작 - tag: REST_API_TAG.GET_CALLBELL, url: http://localhost:8080/robot_ec2b/callbell
2026-08-21 10:27:25.495 [session=000418] [DEBUG] [RestApiThread] _get_data: 요청 전송 완료 - tag: REST_API_TAG.GET_CALLBELL, timeout: 30000ms
2026-08-21 10:27:25.497 [session=000418] [INFO] [RestApiThread] _handle_response (CYCLIC 정상) - tag: REST_API_TAG.GET_DESTINATIONS, status: 200, pending→2
2026-08-21 10:27:25.499 [session=000418] [INFO] [MainThread] model_manager set_destinations: unchanged (5 items) - emit skipped
2026-08-21 10:27:25.508 [session=000418] [DEBUG] [RestApiThread] _handle_response 호출됨 - tag: REST_API_TAG.GET_CALLBELL, status_code: 200
2026-08-21 10:27:25.509 [session=000418] [INFO] [ThreadPoolExecutor-5_0] 호출벨 데이터 수신: 5개
2026-08-21 10:27:25.511 [session=000418] [INFO] [MainThread] 호출벨-목적지 동기화 완료: 5개 호출벨
2026-08-21 10:27:25.511 [session=000418] [INFO] [MainThread] 목적지 리스트 반환: destinations=[Destination(name='로비', goal_pose=Pose(x=4.241336459631034, y=-2.361104203714551, qw=0.5097087478206948, qz=0.8603470185890456), bell=Bells(treatment='', suction='64012cd7'), idx=0, color='#e53935'), Destination(name='수술실', goal_pose=Pose(x=4.5199271819089395, y=-3.9219605026851503, qw=0.14533446519134308, qz=-0.9893825818294691), bell=Bells(treatment='', suction='64132cd7'), idx=1, color='#e53935'), Destination(name='진료실', goal_pose=Pose(x=0.11980823444488001, y=-3.735511450600503, qw=0.9963649848510123, qz=0.0851869530083222), bell=Bells(treatment='', suction='64252cd7'), idx=2, color='#e53935'), Destination(name='창고', goal_pose=Pose(x=0.2834625688692579, y=-6.793061814598156, qw=0.5257961572167338, qz=0.850610604834031), bell=Bells(treatment='', suction='64372cd7'), idx=3, color='#e53935'), Destination(name='소독실', goal_pose=Pose(x=-3.4045695907217928, y=-7.611793760201744, qw=0.546869706461766, qz=0.8372177280459497), bell=Bells(treatment='', suction='64492cd7'), idx=4, color='#e53935')]
2026-08-21 10:27:25.512 [session=000418] [INFO] [MainThread] 호출벨 리스트 반환: callbells={'64012cd7': {'name': '호출벨 1', 'usage': 'suction', 'destination': '로비'}, '64132cd7': {'name': '호출벨 2', 'usage': 'suction', 'destination': '수술실'}, '64252cd7': {'name': '호출벨 3', 'usage': 'suction', 'destination': '진료실'}, '64372cd7': {'name': '호출벨 4', 'usage': 'suction', 'destination': '창고'}, '64492cd7': {'name': '호출벨 5', 'usage': 'suction', 'destination': '소독실'}}, robot_usages=['treatment', 'suction']
2026-08-21 10:27:25.512 [session=000418] [INFO] [MainThread] 호출벨 리스트 로드: 5개
2026-08-21 10:27:25.512 [session=000418] [INFO] [MainThread] 호출벨 목록 동일 - UI 재생성 생략
2026-08-21 10:27:25.513 [session=000418] [INFO] [MainThread] 호출벨용 용도 목록 로드 요청
2026-08-21 10:27:25.513 [session=000418] [INFO] [MainThread] 호출벨에 용도 목록 전달: 2개
2026-08-21 10:27:25.513 [session=000418] [INFO] [MainThread] 용도 목록 로드: 2개
2026-08-21 10:27:25.513 [session=000418] [INFO] [MainThread] 목적지 목록 로드: 5개
2026-08-21 10:27:25.513 [session=000418] [INFO] [MainThread] 호출벨 관리에 목적지 목록 전달: 5개
2026-08-21 10:27:25.514 [session=000418] [INFO] [MainThread] My IP : 192.168.104.212
2026-08-21 10:27:27.487 [session=000418] [INFO] [MainThread] [MAIN_THREAD_HEARTBEAT] GUI main thread alive: thread=MainThread
2026-08-21 10:27:31.236 [session=000418] [DEBUG] [SSE-SSE_ROBOT_STATUS] SSE robot status: ROBOT_MANUAL
2026-08-21 10:27:32.487 [session=000418] [INFO] [MainThread] [MAIN_THREAD_HEARTBEAT] GUI main thread alive: thread=MainThread
2026-08-21 10:27:32.662 [session=000418] [DEBUG] [SSE-SSE_ROBOT_STATUS] SSE robot status: ROBOT_STANDBY
2026-08-21 10:27:32.987 [session=000418] [INFO] [SSE-SSE_BATTERY_LOW_SHUTDOWN] [SSE_DIAG] connect attempt tag=SSE_BATTERY_LOW_SHUTDOWN, reconnect=21, url=http://localhost:8080/robot_ec2b/events/battery/low_shutdown
2026-08-21 10:27:32.997 [session=000418] [INFO] [SSE-SSE_BATTERY_LOW_SHUTDOWN] [SSE_DIAG] connected tag=SSE_BATTERY_LOW_SHUTDOWN, status=404, reason=Not Found, elapsed=0.01s, content_type=application/json, url=http://localhost:8080/robot_ec2b/events/battery/low_shutdown
2026-08-21 10:27:32.998 [session=000418] [ERROR] [SSE-SSE_BATTERY_LOW_SHUTDOWN] [SSE_DIAG] non-200 response tag=SSE_BATTERY_LOW_SHUTDOWN, status=404, reason=Not Found, url=http://localhost:8080/robot_ec2b/events/battery/low_shutdown
2026-08-21 10:27:32.999 [session=000418] [INFO] [SSE-SSE_BATTERY_LOW_SHUTDOWN] [SSE_DIAG] reconnect wait tag=SSE_BATTERY_LOW_SHUTDOWN, delay=10s, reconnect=22, reason=HTTP 404, url=http://localhost:8080/robot_ec2b/events/battery/low_shutdown
2026-08-21 10:27:33.267 [session=000418] [DEBUG] [SSE-SSE_ROBOT_STATUS] SSE robot status: ROBOT_MANUAL
2026-08-21 10:27:33.676 [session=000418] [DEBUG] [SSE-SSE_ROBOT_STATUS] SSE robot status: ROBOT_STANDBY
2026-08-21 10:27:35.491 [session=000418] [DEBUG] [RestApiThread] GetCallBellFromRESTAPI 요청 시작
