2026-08-21 09:53:13.788 [session=000416] [INFO] [MainThread] [Logger] Session 000416 opened: /home/dentium/robot_GUIs/log/log_session_000416_20260821_095313.log
2026-08-21 09:53:13.787 [session=000416] [INFO] [MainThread] [STARTUP] main() entered DISPLAY=':0' ROBOT_ID='robot_ec2b' DEBUG='' trace=/home/dentium/robot_GUIs/log/startup_session_000416_20260821_095313.log
2026-08-21 09:53:13.790 [session=000416] [INFO] [MainThread] 설정 백그라운드 preload 시작
2026-08-21 09:53:13.792 [session=000416] [INFO] [ThreadPoolExecutor-1_0] 설정 로드 완료: /home/dentium/robot_GUIs/app/config/setting.json
2026-08-21 09:53:13.792 [session=000416] [INFO] [MainThread] 지도 표시 캐시 백그라운드 preload 시작
2026-08-21 09:53:13.793 [session=000416] [INFO] [MainThread] nav2 파라미터 백그라운드 preload 시작
2026-08-21 09:53:13.800 [session=000416] [INFO] [MainThread] [STACK_DUMP] freeze 시 수동 스택 덤프: kill -USR1 3295 → /home/dentium/robot_GUIs/log/manual_stack_dump/dump_session_000416_20260821_095313.log, kill -USR2 3295 → /tmp/dentium_display_stacks_3295.log
2026-08-21 09:53:13.805 [session=000416] [INFO] [MainThread] [STARTUP] creating QApplication
2026-08-21 09:53:13.871 [session=000416] [INFO] [MainThread] [STARTUP] QApplication created
2026-08-21 09:53:13.929 [session=000416] [INFO] [MainThread] 폰트 로드 성공: Pretendard-ExtraLight.otf -> ['Pretendard', 'Pretendard ExtraLight']
2026-08-21 09:53:13.932 [session=000416] [INFO] [MainThread] 폰트 로드 성공: Pretendard-ExtraBold.otf -> ['Pretendard', 'Pretendard ExtraBold']
2026-08-21 09:53:13.937 [session=000416] [INFO] [MainThread] 폰트 로드 성공: Pretendard-Bold.otf -> ['Pretendard']
2026-08-21 09:53:13.940 [session=000416] [INFO] [MainThread] 폰트 로드 성공: Pretendard-SemiBold.otf -> ['Pretendard', 'Pretendard SemiBold']
2026-08-21 09:53:13.943 [session=000416] [INFO] [MainThread] 폰트 로드 성공: Pretendard-Thin.otf -> ['Pretendard', 'Pretendard Thin']
2026-08-21 09:53:13.946 [session=000416] [INFO] [MainThread] 폰트 로드 성공: Pretendard-Medium.otf -> ['Pretendard', 'Pretendard Medium']
2026-08-21 09:53:13.949 [session=000416] [INFO] [MainThread] 폰트 로드 성공: Pretendard-Black.otf -> ['Pretendard', 'Pretendard Black']
2026-08-21 09:53:13.952 [session=000416] [INFO] [MainThread] 폰트 로드 성공: Pretendard-Regular.otf -> ['Pretendard']
2026-08-21 09:53:13.955 [session=000416] [INFO] [MainThread] 폰트 로드 성공: Pretendard-Light.otf -> ['Pretendard', 'Pretendard Light']
2026-08-21 09:53:13.955 [session=000416] [INFO] [MainThread] 총 9개의 Pretendard 폰트를 로드했습니다.
2026-08-21 09:53:13.967 [session=000416] [INFO] [MainThread] Using required font: Pretendard (resolved=Pretendard, exact=True)
2026-08-21 09:53:13.969 [session=000416] [INFO] [MainThread] ================================================================================
2026-08-21 09:53:13.969 [session=000416] [INFO] [MainThread] 🚀 DisplayGUI 초기화 시작
2026-08-21 09:53:13.969 [session=000416] [INFO] [MainThread] ================================================================================
2026-08-21 09:53:13.971 [session=000416] [INFO] [MainThread] [STARTUP] creating ViewManager
2026-08-21 09:53:13.973 [session=000416] [INFO] [MainThread] ✓ 전체화면 강제 모드: 활성화 (ENFORCE_FULLSCREEN_MODE=True)
2026-08-21 09:53:13.976 [session=000416] [INFO] [MainThread] ViewManager 초기화 시작 (지연 로딩 모드)
2026-08-21 09:53:13.993 [session=000416] [INFO] [MainThread] ✓ LoadingView 생성 (즉시)
2026-08-21 09:53:14.077 [session=000416] [INFO] [MainThread] ✓ MenuButtonLayer 생성
2026-08-21 09:53:14.115 [session=000416] [INFO] [MainThread] ✓ ScreenMenuOverlay 생성
2026-08-21 09:53:14.122 [session=000416] [INFO] [MainThread] ✓ ViewManager 기본 구조 생성 완료 (무거운 위젯은 지연 생성 예정)
2026-08-21 09:53:14.135 [session=000416] [INFO] [MainThread] 전체화면 강제 모드 활성화 (운영 모드)
2026-08-21 09:53:14.136 [session=000416] [INFO] [MainThread] 마우스 커서 숨김 적용
2026-08-21 09:53:14.138 [session=000416] [INFO] [MainThread] ================================================================================
2026-08-21 09:53:14.138 [session=000416] [INFO] [MainThread] 🚀 로딩 화면 표시 완료 (사용자에게 화면 노출)
2026-08-21 09:53:14.138 [session=000416] [INFO] [MainThread] ================================================================================
2026-08-21 09:53:14.280 [session=000416] [INFO] [MainThread] ================================================================================
2026-08-21 09:53:14.281 [session=000416] [INFO] [MainThread] 🚀 로딩 화면 표시 완료 (사용자에게 화면 노출)
2026-08-21 09:53:14.281 [session=000416] [INFO] [MainThread] ================================================================================
2026-08-21 09:53:14.283 [session=000416] [INFO] [MainThread] [STARTUP] loading screen shown
2026-08-21 09:53:14.283 [session=000416] [CRITICAL] [MainThread] SYSTEM STARTUP - LOGGING TEST
2026-08-21 09:53:14.284 [session=000416] [INFO] [MainThread] Application Started
2026-08-21 09:53:14.285 [session=000416] [INFO] [MainThread] GUI event loop watchdog started: interval=500ms, threshold=2.5s, heartbeat_file=/tmp/dentium-display.heartbeat
2026-08-21 09:53:14.388 [session=000416] [INFO] [MainThread] ⏰ 로딩 애니메이션 우선 시작 - startup UI 생성은 전환 직전으로 지연
2026-08-21 09:53:14.389 [session=000416] [INFO] [MainThread] ✅ startup UI 준비 완료
2026-08-21 09:53:14.392 [session=000416] [INFO] [MainThread] My IP : 192.168.104.212
2026-08-21 09:53:14.392 [session=000416] [INFO] [MainThread] ViewManager에 ModelManager 참조 설정 완료
2026-08-21 09:53:14.393 [session=000416] [INFO] [MainThread] ViewManager에 SettingFileManager 참조 설정 완료
2026-08-21 09:53:14.396 [session=000416] [INFO] [MainThread] REST API controller runtime initialization queued on REST worker thread
2026-08-21 09:53:14.403 [session=000416] [INFO] [RestApiThread] [REST API] 연결 설정: robot_host=localhost, robot_id=robot_ec2b
2026-08-21 09:53:14.404 [session=000416] [INFO] [Dummy-3] RobotPollingWorker initialized
2026-08-21 09:53:14.405 [session=000416] [INFO] [RestApiThread] [REST API] Base URL: http://localhost:8080/robot_ec2b/
2026-08-21 09:53:14.406 [session=000416] [INFO] [RestApiThread] [REST API] X-API-Key header enabled via X_API_KEY
2026-08-21 09:53:14.406 [session=000416] [INFO] [RestApiThread] [SSE_DIAG] runtime config robot_host='localhost', robot_id='robot_ec2b', base_url=http://localhost:8080/robot_ec2b/
2026-08-21 09:53:14.407 [session=000416] [INFO] [RestApiThread] [REST API] GET_MAP timeout=30000ms, retry_delay=5000ms, retry_limit=3
2026-08-21 09:53:14.409 [session=000416] [INFO] [RestApiThread] [SSE_DIAG] start requested tag=SSE_GOAL_STATUS, url=http://localhost:8080/robot_ec2b/events/goal_pose/status, timeout=None
2026-08-21 09:53:14.414 [session=000416] [INFO] [MainThread] [MapManager] Nav2 파라미터 로드 완료: /home/dentium/robot_ws/src/navigation_pkg/params/nav2_params.yaml
2026-08-21 09:53:14.416 [session=000416] [INFO] [MainThread]   inflation_radius=0.55m, cost_scaling_factor=3.0, robot_radius=0.22m
2026-08-21 09:53:14.416 [session=000416] [INFO] [MainThread] [MapManager] 표시용 SLAM 지도 캐시 preload 적용: 740x613, path=/home/dentium/.local/share/dentium-webgui/data/maps/slam_display_map_cache.npz
2026-08-21 09:53:14.418 [session=000416] [INFO] [SSE-SSE_GOAL_STATUS] [SSE_DIAG] connect attempt tag=SSE_GOAL_STATUS, reconnect=0, url=http://localhost:8080/robot_ec2b/events/goal_pose/status
2026-08-21 09:53:14.419 [session=000416] [INFO] [RestApiThread] [SSE_DIAG] start requested tag=SSE_BATTERY_CHECK, url=http://localhost:8080/robot_ec2b/events/battery/status, timeout=None
2026-08-21 09:53:14.421 [session=000416] [INFO] [SSE-SSE_BATTERY_CHECK] [SSE_DIAG] connect attempt tag=SSE_BATTERY_CHECK, reconnect=0, url=http://localhost:8080/robot_ec2b/events/battery/status
2026-08-21 09:53:14.422 [session=000416] [INFO] [RestApiThread] [SSE_DIAG] start requested tag=SSE_BATTERY_PERCENT, url=http://localhost:8080/robot_ec2b/events/battery/percent, timeout=None
2026-08-21 09:53:14.425 [session=000416] [INFO] [SSE-SSE_BATTERY_PERCENT] [SSE_DIAG] connect attempt tag=SSE_BATTERY_PERCENT, reconnect=0, url=http://localhost:8080/robot_ec2b/events/battery/percent
2026-08-21 09:53:14.427 [session=000416] [INFO] [RestApiThread] [SSE_DIAG] start requested tag=SSE_BATTERY_LOW_SHUTDOWN, url=http://localhost:8080/robot_ec2b/events/battery/low_shutdown, timeout=None
2026-08-21 09:53:14.429 [session=000416] [INFO] [SSE-SSE_BATTERY_LOW_SHUTDOWN] [SSE_DIAG] connect attempt tag=SSE_BATTERY_LOW_SHUTDOWN, reconnect=0, url=http://localhost:8080/robot_ec2b/events/battery/low_shutdown
2026-08-21 09:53:14.430 [session=000416] [INFO] [RestApiThread] [SSE_DIAG] start requested tag=SSE_ROBOT_STATUS, url=http://localhost:8080/robot_ec2b/events/robot_status, timeout=None
2026-08-21 09:53:14.430 [session=000416] [INFO] [SSE-SSE_ROBOT_STATUS] [SSE_DIAG] connect attempt tag=SSE_ROBOT_STATUS, reconnect=0, url=http://localhost:8080/robot_ec2b/events/robot_status
2026-08-21 09:53:14.433 [session=000416] [INFO] [RestApiThread] [SSE_DIAG] start requested tag=SSE_HOME_POSE, url=http://localhost:8080/robot_ec2b/events/home_pose, timeout=None
2026-08-21 09:53:14.434 [session=000416] [INFO] [SSE-SSE_HOME_POSE] [SSE_DIAG] connect attempt tag=SSE_HOME_POSE, reconnect=0, url=http://localhost:8080/robot_ec2b/events/home_pose
2026-08-21 09:53:14.435 [session=000416] [INFO] [Dummy-4] ThreadedTimerWorker initialized: ['speaker_status_poll', 'safety_bumper_alarm', 'navigation_departure_finish', 'navigation_warning_finish', 'navigation_safety', 'battery_warning_sound', 'battery_warning_startup_delay', 'volume_save', 'volume_api', 'fresh_robot_pose_timeout']
2026-08-21 09:53:14.503 [session=000416] [INFO] [MainThread] ViewManager에 MapManager 참조 설정 완료
2026-08-21 09:53:14.504 [session=000416] [INFO] [MainThread] ViewManager에 ControllerManager 참조 설정 완료
2026-08-21 09:53:14.505 [session=000416] [INFO] [SSE-SSE_BATTERY_CHECK] [SSE_DIAG] connected tag=SSE_BATTERY_CHECK, status=200, reason=OK, elapsed=0.08s, content_type=text/event-stream; charset=utf-8, url=http://localhost:8080/robot_ec2b/events/battery/status
2026-08-21 09:53:14.510 [session=000416] [INFO] [SSE-SSE_BATTERY_PERCENT] [SSE_DIAG] connected tag=SSE_BATTERY_PERCENT, status=200, reason=OK, elapsed=0.09s, content_type=text/event-stream; charset=utf-8, url=http://localhost:8080/robot_ec2b/events/battery/percent
2026-08-21 09:53:14.512 [session=000416] [INFO] [SSE-SSE_GOAL_STATUS] [SSE_DIAG] connected tag=SSE_GOAL_STATUS, status=200, reason=OK, elapsed=0.09s, content_type=text/event-stream; charset=utf-8, url=http://localhost:8080/robot_ec2b/events/goal_pose/status
2026-08-21 09:53:14.512 [session=000416] [INFO] [SSE-SSE_BATTERY_PERCENT] [SSE_DIAG] event received tag=SSE_BATTERY_PERCENT, count=1, event=message, id=None, url=http://localhost:8080/robot_ec2b/events/battery/percent, data={"data": 100}
2026-08-21 09:53:14.514 [session=000416] [INFO] [SSE-SSE_BATTERY_CHECK] [SSE_DIAG] event received tag=SSE_BATTERY_CHECK, count=1, event=message, id=None, url=http://localhost:8080/robot_ec2b/events/battery/status, data={"header": {"stamp": {"sec": 1787273594, "nanosec": 485961310}, "frame_id": ""}, "voltage": 28.730499267578125, "temperature": 0.0, "current": 0.9104999899864197, "charge": 0.0, "capacity": 17.510000228881836, "design_capacity": 15.930000305175781, "percentage": 1.0, "power_supply_status": 2, "power_supply_health": 0, "power_supply_technology": 2, "present": true, "cell_voltage": [], "cell_temperature": [], "location": "", "serial_number": ""}
2026-08-21 09:53:14.520 [session=000416] [INFO] [SSE-SSE_BATTERY_LOW_SHUTDOWN] [SSE_DIAG] connected tag=SSE_BATTERY_LOW_SHUTDOWN, status=404, reason=Not Found, elapsed=0.09s, content_type=application/json, url=http://localhost:8080/robot_ec2b/events/battery/low_shutdown
2026-08-21 09:53:14.520 [session=000416] [ERROR] [SSE-SSE_BATTERY_LOW_SHUTDOWN] [SSE_DIAG] non-200 response tag=SSE_BATTERY_LOW_SHUTDOWN, status=404, reason=Not Found, url=http://localhost:8080/robot_ec2b/events/battery/low_shutdown
2026-08-21 09:53:14.532 [session=000416] [INFO] [SSE-SSE_BATTERY_LOW_SHUTDOWN] [SSE_DIAG] reconnect wait tag=SSE_BATTERY_LOW_SHUTDOWN, delay=10s, reconnect=1, reason=HTTP 404, url=http://localhost:8080/robot_ec2b/events/battery/low_shutdown
2026-08-21 09:53:14.532 [session=000416] [INFO] [SSE-SSE_ROBOT_STATUS] [SSE_DIAG] connected tag=SSE_ROBOT_STATUS, status=200, reason=OK, elapsed=0.10s, content_type=text/event-stream; charset=utf-8, url=http://localhost:8080/robot_ec2b/events/robot_status
2026-08-21 09:53:14.539 [session=000416] [INFO] [SSE-SSE_ROBOT_STATUS] [SSE_DIAG] event received tag=SSE_ROBOT_STATUS, count=1, event=message, id=None, url=http://localhost:8080/robot_ec2b/events/robot_status, data={"data": "ROBOT_STANDBY"}
2026-08-21 09:53:14.540 [session=000416] [INFO] [SSE-SSE_HOME_POSE] [SSE_DIAG] connected tag=SSE_HOME_POSE, status=200, reason=OK, elapsed=0.11s, content_type=text/event-stream; charset=utf-8, url=http://localhost:8080/robot_ec2b/events/home_pose
2026-08-21 09:53:14.542 [session=000416] [DEBUG] [SSE-SSE_ROBOT_STATUS] SSE robot status: ROBOT_STANDBY
2026-08-21 09:53:14.655 [session=000416] [INFO] [MainThread] [SafetyRos] ROS_DOMAIN_ID 환경 변수 사용: domain=3, setting=39
2026-08-21 09:53:14.706 [session=000416] [INFO] [SSE-SSE_BATTERY_CHECK] [SSE_DIAG] event received tag=SSE_BATTERY_CHECK, count=2, event=message, id=None, url=http://localhost:8080/robot_ec2b/events/battery/status, data={"header": {"stamp": {"sec": 1787273594, "nanosec": 685680027}, "frame_id": ""}, "voltage": 28.725500106811523, "temperature": 0.0, "current": 0.9605000019073486, "charge": 0.0, "capacity": 17.510000228881836, "design_capacity": 15.930000305175781, "percentage": 1.0, "power_supply_status": 2, "power_supply_health": 0, "power_supply_technology": 2, "present": true, "cell_voltage": [], "cell_temperature": [], "location": "", "serial_number": ""}
2026-08-21 09:53:14.710 [session=000416] [INFO] [SSE-SSE_BATTERY_PERCENT] [SSE_DIAG] event received tag=SSE_BATTERY_PERCENT, count=2, event=message, id=None, url=http://localhost:8080/robot_ec2b/events/battery/percent, data={"data": 100}
2026-08-21 09:53:14.908 [session=000416] [INFO] [SSE-SSE_BATTERY_CHECK] [SSE_DIAG] event received tag=SSE_BATTERY_CHECK, count=3, event=message, id=None, url=http://localhost:8080/robot_ec2b/events/battery/status, data={"header": {"stamp": {"sec": 1787273594, "nanosec": 885340508}, "frame_id": ""}, "voltage": 28.729000091552734, "temperature": 0.0, "current": 0.949999988079071, "charge": 0.0, "capacity": 17.510000228881836, "design_capacity": 15.930000305175781, "percentage": 1.0, "power_supply_status": 2, "power_supply_health": 0, "power_supply_technology": 2, "present": true, "cell_voltage": [], "cell_temperature": [], "location": "", "serial_number": ""}
2026-08-21 09:53:14.915 [session=000416] [INFO] [SSE-SSE_BATTERY_PERCENT] [SSE_DIAG] event received tag=SSE_BATTERY_PERCENT, count=3, event=message, id=None, url=http://localhost:8080/robot_ec2b/events/battery/percent, data={"data": 100}
2026-08-21 09:53:14.936 [session=000416] [INFO] [MainThread] [SafetyRos] publisher 감지: topic=/robot_ec2b/safety/left_bumper, type=std_msgs/msg/Bool, reliability=RELIABLE, durability=TRANSIENT_LOCAL, depth=1
2026-08-21 09:53:14.944 [session=000416] [INFO] [MainThread] [SafetyRos] 구독 시작: topic=/robot_ec2b/safety/left_bumper, domain=3, qos_reliability=RELIABLE, qos_durability=TRANSIENT_LOCAL
2026-08-21 09:53:14.945 [session=000416] [INFO] [MainThread] [SafetyRos] publisher 감지: topic=/robot_ec2b/safety/left_brake, type=std_msgs/msg/Bool, reliability=RELIABLE, durability=TRANSIENT_LOCAL, depth=1
2026-08-21 09:53:14.950 [session=000416] [INFO] [MainThread] [SafetyRos] 구독 시작: topic=/robot_ec2b/safety/left_brake, domain=3, qos_reliability=RELIABLE, qos_durability=TRANSIENT_LOCAL
2026-08-21 09:53:14.951 [session=000416] [INFO] [MainThread] [SafetyRos] publisher 감지: topic=/robot_ec2b/safety/right_bumper, type=std_msgs/msg/Bool, reliability=RELIABLE, durability=TRANSIENT_LOCAL, depth=1
2026-08-21 09:53:14.953 [session=000416] [INFO] [MainThread] [SafetyRos] 구독 시작: topic=/robot_ec2b/safety/right_bumper, domain=3, qos_reliability=RELIABLE, qos_durability=TRANSIENT_LOCAL
2026-08-21 09:53:14.954 [session=000416] [INFO] [MainThread] [SafetyRos] publisher 감지: topic=/robot_ec2b/safety/right_brake, type=std_msgs/msg/Bool, reliability=RELIABLE, durability=TRANSIENT_LOCAL, depth=1
2026-08-21 09:53:14.961 [session=000416] [INFO] [MainThread] [SafetyRos] 구독 시작: topic=/robot_ec2b/safety/right_brake, domain=3, qos_reliability=RELIABLE, qos_durability=TRANSIENT_LOCAL
2026-08-21 09:53:14.963 [session=000416] [INFO] [MainThread] [SafetyRos] publisher 감지: topic=/robot_ec2b/safety/emergency_button, type=std_msgs/msg/Bool, reliability=RELIABLE, durability=TRANSIENT_LOCAL, depth=1
2026-08-21 09:53:14.967 [session=000416] [INFO] [MainThread] [SafetyRos] 구독 시작: topic=/robot_ec2b/safety/emergency_button, domain=3, qos_reliability=RELIABLE, qos_durability=TRANSIENT_LOCAL
2026-08-21 09:53:14.974 [session=000416] [INFO] [MainThread] 배경 음악 API 조회 실패 - 파일 fallback 적용: operation=selection_get, track=sha256:544a37fae858ebe055345cd7ff56af4c8593d043a4aedaa3ba8ca8ba64cffdcf
2026-08-21 09:53:14.975 [session=000416] [WARNING] [MainThread] 배경 음악 Master 조회 생략 - 로컬 fallback 확인: operation=selection_get, reason=api_not_ready, applied=True
2026-08-21 09:53:14.975 [session=000416] [INFO] [SafetyRosSpin] [SAFETY_BUMPER] ROS2 범퍼 해제: side=left, pressed=False, topic=/robot_ec2b/safety/left_bumper
2026-08-21 09:53:14.979 [session=000416] [INFO] [SafetyRosSpin] [MOTOR_SIDE_BRAKE] ROS2 브레이크 상태: side=left, engaged=False, topic=/robot_ec2b/safety/left_brake
2026-08-21 09:53:14.981 [session=000416] [INFO] [SafetyRosSpin] [SAFETY_BUMPER] ROS2 범퍼 해제: side=right, pressed=False, topic=/robot_ec2b/safety/right_bumper
2026-08-21 09:53:14.986 [session=000416] [INFO] [MainThread] 배경 음악 API 조회 실패 - 파일 fallback 적용: operation=resolved_get, track=sha256:544a37fae858ebe055345cd7ff56af4c8593d043a4aedaa3ba8ca8ba64cffdcf
2026-08-21 09:53:14.987 [session=000416] [WARNING] [MainThread] 배경 음악 Master 조회 생략 - 로컬 fallback 확인: operation=resolved_get, reason=api_not_ready, applied=True
2026-08-21 09:53:14.990 [session=000416] [INFO] [MainThread] 키보드 UI 초기화 완료 (키 레이아웃은 첫 표시 시 생성)
2026-08-21 09:53:14.990 [session=000416] [INFO] [MainThread] *** VirtualKeyboard 객체 생성 완료 (부모 위젯 설정됨) ***
2026-08-21 09:53:14.992 [session=000416] [DEBUG] [MainThread] [LockByTouch] LockByTouch 초기화 완료
2026-08-21 09:53:14.993 [session=000416] [INFO] [MainThread] [LockByTouch] Idle timeout disabled
2026-08-21 09:53:14.987 [session=000416] [INFO] [SafetyRosSpin] [MOTOR_SIDE_BRAKE] ROS2 브레이크 상태: side=right, engaged=False, topic=/robot_ec2b/safety/right_brake
2026-08-21 09:53:14.997 [session=000416] [INFO] [SafetyRosSpin] [SAFETY_EMC] ROS2 EMC 상태: active=False, topic=/robot_ec2b/safety/emergency_button
2026-08-21 09:53:15.006 [session=000416] [INFO] [MainThread] 🚀 로딩 화면 표시 - 초기화 시작
2026-08-21 09:53:15.019 [session=000416] [INFO] [MainThread] REST API controller ready
2026-08-21 09:53:15.019 [session=000416] [INFO] [MainThread] [SAFETY_BUMPER] GUI 범퍼 상태 적용: side=left, pressed=False, left=False, right=False, alarm_active=False, alarm_timer_active=False, sound_manager_ready=False
2026-08-21 09:53:15.020 [session=000416] [INFO] [MainThread] ⏳ MovingRelatedView 지연 생성 시작
2026-08-21 09:53:15.134 [session=000416] [INFO] [MainThread] ✓ MovingRelatedView 생성 완료
2026-08-21 09:53:15.136 [session=000416] [INFO] [MainThread] 물리 모터 브레이크 상태 변경: side=left, engaged=False, all={'left': False, 'right': None}
2026-08-21 09:53:15.138 [session=000416] [INFO] [MainThread] [MOTOR_SIDE_BRAKE] GUI 상태 적용: side=left, engaged=False, left=False, right=None, stop_active=False
2026-08-21 09:53:15.139 [session=000416] [INFO] [MainThread] [SAFETY_BUMPER] GUI 범퍼 상태 적용: side=right, pressed=False, left=False, right=False, alarm_active=False, alarm_timer_active=False, sound_manager_ready=False
2026-08-21 09:53:15.141 [session=000416] [INFO] [SSE-SSE_ROBOT_STATUS] [SSE_DIAG] event received tag=SSE_ROBOT_STATUS, count=2, event=message, id=None, url=http://localhost:8080/robot_ec2b/events/robot_status, data={"data": "ROBOT_STANDBY"}
2026-08-21 09:53:15.142 [session=000416] [INFO] [MainThread] 물리 모터 브레이크 상태 변경: side=right, engaged=False, all={'left': False, 'right': False}
2026-08-21 09:53:15.142 [session=000416] [INFO] [MainThread] [MOTOR_SIDE_BRAKE] GUI 상태 적용: side=right, engaged=False, left=False, right=False, stop_active=False
2026-08-21 09:53:15.148 [session=000416] [DEBUG] [MainThread] 📊 로딩 진행률: 1% (완료:0%, 시간:1%, 0/4)
2026-08-21 09:53:15.149 [session=000416] [INFO] [MainThread] 🔗 시그널 연결 시작
2026-08-21 09:53:15.155 [session=000416] [INFO] [MainThread] 최신 배터리 SSE 캐시 동기화: display_percent=100
2026-08-21 09:53:15.156 [session=000416] [INFO] [MainThread] 최신 배터리 퍼센트 SSE 캐시 동기화: display_percent=100
2026-08-21 09:53:15.161 [session=000416] [INFO] [MainThread] [SAFETY_BUMPER] GUI 범퍼 상태 적용: side=left, pressed=False, left=False, right=False, alarm_active=False, alarm_timer_active=False, sound_manager_ready=False
2026-08-21 09:53:15.166 [session=000416] [INFO] [MainThread] [SAFETY_BUMPER] GUI 범퍼 상태 적용: side=right, pressed=False, left=False, right=False, alarm_active=False, alarm_timer_active=False, sound_manager_ready=False
2026-08-21 09:53:15.166 [session=000416] [INFO] [MainThread] [MOTOR_SIDE_BRAKE] GUI 상태 적용: side=left, engaged=False, left=False, right=False, stop_active=False
2026-08-21 09:53:15.166 [session=000416] [INFO] [MainThread] [MOTOR_SIDE_BRAKE] GUI 상태 적용: side=right, engaged=False, left=False, right=False, stop_active=False
2026-08-21 09:53:15.176 [session=000416] [INFO] [MainThread] ScreenContentHost 비활성화 - SlamPanel/SlamController 초기화 생략
2026-08-21 09:53:15.177 [session=000416] [INFO] [MainThread] MapManager map_changed를 지연 표시 지도 갱신 핸들러에 연결
2026-08-21 09:53:15.177 [session=000416] [INFO] [MainThread] relocalization_status SSE를 상태/브레이크 해제 핸들러에 연결 완료
2026-08-21 09:53:15.177 [session=000416] [INFO] [MainThread] 지도/자동 탐색 시그널 연결 완료
2026-08-21 09:53:15.323 [session=000416] [INFO] [MainThread] ✅ 시그널 연결 완료
2026-08-21 09:53:15.324 [session=000416] [INFO] [MainThread] 시작 문제 진단 에러 코드 REST API 조회 시작
2026-08-21 09:53:15.324 [session=000416] [DEBUG] [RestApiThread] GetRobotErrorCodesFromRESTAPI 요청 시작
2026-08-21 09:53:15.324 [session=000416] [DEBUG] [RestApiThread] _get_data: 요청 시작 - tag: REST_API_TAG.GET_ROBOT_ERROR_CODES, url: http://localhost:8080/robot_ec2b/robot/error_codes
2026-08-21 09:53:15.327 [session=000416] [DEBUG] [RestApiThread] _get_data: 요청 전송 완료 - tag: REST_API_TAG.GET_ROBOT_ERROR_CODES, timeout: 30000ms
2026-08-21 09:53:15.329 [session=000416] [INFO] [RestApiThread] [REST API] voice-event command GET 전송: url=http://127.0.0.1:5051/api/voice-event-settings/command?robot_id=robot_ec2b&language=ko&event_id=driving_warning_1
2026-08-21 09:53:15.329 [session=000416] [INFO] [RestApiThread] [REST API] voice-event command GET 전송: url=http://127.0.0.1:5051/api/voice-event-settings/command?robot_id=robot_ec2b&language=ko&event_id=driving_warning_2
2026-08-21 09:53:15.358 [session=000416] [DEBUG] [RestApiThread] _handle_response 호출됨 - tag: REST_API_TAG.GET_VOICE_EVENT_COMMAND, status_code: 200
2026-08-21 09:53:15.359 [session=000416] [INFO] [RestApiThread] voice-event command 비활성화 응답 수신: event_id=driving_warning_2, language=ko, response={"soundCommand": ""}
2026-08-21 09:53:15.360 [session=000416] [DEBUG] [RestApiThread] _handle_response 호출됨 - tag: REST_API_TAG.GET_ROBOT_ERROR_CODES, status_code: 200
2026-08-21 09:53:15.363 [session=000416] [INFO] [ThreadPoolExecutor-5_0] 문제 진단 에러 코드 수신: 0개
2026-08-21 09:53:15.367 [session=000416] [DEBUG] [RestApiThread] _handle_response 호출됨 - tag: REST_API_TAG.GET_VOICE_EVENT_COMMAND, status_code: 200
2026-08-21 09:53:15.368 [session=000416] [INFO] [RestApiThread] voice-event command 비활성화 응답 수신: event_id=driving_warning_1, language=ko, response={"soundCommand": ""}
2026-08-21 09:53:15.386 [session=000416] [DEBUG] [RestApiThread] _get_data: 요청 시작 - tag: REST_API_TAG.GET_BATTERY_PERCENT, url: http://localhost:8080/robot_ec2b/battery/percent
2026-08-21 09:53:15.387 [session=000416] [DEBUG] [RestApiThread] _get_data: 요청 전송 완료 - tag: REST_API_TAG.GET_BATTERY_PERCENT, timeout: 30000ms
2026-08-21 09:53:15.389 [session=000416] [DEBUG] [RestApiThread] _get_data: 요청 시작 - tag: REST_API_TAG.GET_SAFETY_RIGHT_BRAKE, url: http://localhost:8080/robot_ec2b/safety/right_brake
2026-08-21 09:53:15.390 [session=000416] [DEBUG] [RestApiThread] _get_data: 요청 전송 완료 - tag: REST_API_TAG.GET_SAFETY_RIGHT_BRAKE, timeout: 30000ms
2026-08-21 09:53:15.391 [session=000416] [INFO] [MainThread] 문제 진단 에러 코드 SSE 시작
2026-08-21 09:53:15.395 [session=000416] [DEBUG] [RestApiThread] _get_data: 요청 시작 - tag: REST_API_TAG.GET_SAFETY_LEFT_BRAKE, url: http://localhost:8080/robot_ec2b/safety/left_brake
2026-08-21 09:53:15.398 [session=000416] [DEBUG] [RestApiThread] _get_data: 요청 전송 완료 - tag: REST_API_TAG.GET_SAFETY_LEFT_BRAKE, timeout: 30000ms
2026-08-21 09:53:15.401 [session=000416] [DEBUG] [RestApiThread] _get_data: 요청 시작 - tag: REST_API_TAG.GET_ROBOT_LOCK, url: http://localhost:8080/robot_ec2b/robot_lock
2026-08-21 09:53:15.402 [session=000416] [DEBUG] [RestApiThread] _get_data: 요청 전송 완료 - tag: REST_API_TAG.GET_ROBOT_LOCK, timeout: 30000ms
2026-08-21 09:53:15.402 [session=000416] [DEBUG] [RestApiThread] _get_data: 요청 시작 - tag: REST_API_TAG.GET_MD_SET_BREAK, url: http://localhost:8080/robot_ec2b/md/set_brake
2026-08-21 09:53:15.403 [session=000416] [DEBUG] [RestApiThread] _get_data: 요청 전송 완료 - tag: REST_API_TAG.GET_MD_SET_BREAK, timeout: 30000ms
2026-08-21 09:53:15.403 [session=000416] [INFO] [RestApiThread] [SSE_DIAG] start requested tag=SSE_ROBOT_ERROR_CODES, url=http://localhost:8080/robot_ec2b/event/robot/error_codes, timeout=None
2026-08-21 09:53:15.404 [session=000416] [INFO] [SSE-SSE_ROBOT_ERROR_CODES] [SSE_DIAG] connect attempt tag=SSE_ROBOT_ERROR_CODES, reconnect=0, url=http://localhost:8080/robot_ec2b/event/robot/error_codes
2026-08-21 09:53:15.412 [session=000416] [DEBUG] [RestApiThread] _handle_response 호출됨 - tag: REST_API_TAG.GET_BATTERY_PERCENT, status_code: 200
2026-08-21 09:53:15.413 [session=000416] [DEBUG] [RestApiThread] _handle_response 호출됨 - tag: REST_API_TAG.GET_SAFETY_LEFT_BRAKE, status_code: 404
2026-08-21 09:53:15.416 [session=000416] [ERROR] [RestApiThread] REST API 에러: status_code: 404, tag: REST_API_TAG.GET_SAFETY_LEFT_BRAKE, error: Error transferring http://localhost:8080/robot_ec2b/safety/left_brake - server replied: Not Found
2026-08-21 09:53:15.427 [session=000416] [DEBUG] [RestApiThread] _handle_response 호출됨 - tag: REST_API_TAG.GET_SAFETY_RIGHT_BRAKE, status_code: 404
2026-08-21 09:53:15.427 [session=000416] [ERROR] [RestApiThread] REST API 에러: status_code: 404, tag: REST_API_TAG.GET_SAFETY_RIGHT_BRAKE, error: Error transferring http://localhost:8080/robot_ec2b/safety/right_brake - server replied: Not Found
2026-08-21 09:53:15.446 [session=000416] [DEBUG] [RestApiThread] _handle_response 호출됨 - tag: REST_API_TAG.GET_ROBOT_LOCK, status_code: 200
2026-08-21 09:53:15.447 [session=000416] [WARNING] [ThreadPoolExecutor-5_0] 로봇 잠금 응답 파싱 실패: {"topic":"/robot_lock","latest":null}
2026-08-21 09:53:15.448 [session=000416] [DEBUG] [RestApiThread] _handle_response 호출됨 - tag: REST_API_TAG.GET_MD_SET_BREAK, status_code: 200
2026-08-21 09:53:15.454 [session=000416] [WARNING] [ThreadPoolExecutor-5_0] 브레이크 응답 파싱 실패: {"topic":"/md/set_brake","latest":null}
2026-08-21 09:53:15.461 [session=000416] [INFO] [SSE-SSE_ROBOT_ERROR_CODES] [SSE_DIAG] connected tag=SSE_ROBOT_ERROR_CODES, status=200, reason=OK, elapsed=0.06s, content_type=text/event-stream; charset=utf-8, url=http://localhost:8080/robot_ec2b/event/robot/error_codes
2026-08-21 09:53:15.462 [session=000416] [INFO] [SSE-SSE_ROBOT_ERROR_CODES] [SSE_DIAG] event received tag=SSE_ROBOT_ERROR_CODES, count=1, event=message, id=None, url=http://localhost:8080/robot_ec2b/event/robot/error_codes, data={"data": "[]"}
2026-08-21 09:53:15.462 [session=000416] [INFO] [SSE-SSE_ROBOT_ERROR_CODES] SSE robot error codes: 0
2026-08-21 09:53:15.503 [session=000416] [INFO] [MainThread] ⚡ 시스템 초기화 시작
2026-08-21 09:53:15.515 [session=000416] [INFO] [MainThread] 📡 필수 데이터 요청 (destinations, robot_status, map)
2026-08-21 09:53:15.516 [session=000416] [DEBUG] [RestApiThread] GetMapFromRESTAPI 요청 시작
2026-08-21 09:53:15.516 [session=000416] [DEBUG] [RestApiThread] _get_data: 요청 시작 - tag: REST_API_TAG.GET_MAP, url: http://localhost:8080/robot_ec2b/map
2026-08-21 09:53:15.517 [session=000416] [DEBUG] [RestApiThread] _get_data: 요청 전송 완료 - tag: REST_API_TAG.GET_MAP, timeout: 30000ms
2026-08-21 09:53:15.518 [session=000416] [DEBUG] [RestApiThread] 맵 데이터 요청 시작 - 타임아웃: 30000ms
2026-08-21 09:53:15.536 [session=000416] [INFO] [MainThread] ✅ 메인 초기화 완료
2026-08-21 09:53:15.549 [session=000416] [INFO] [MainThread] 문제 진단 에러 코드 수신(REST): 0개, 표시: 0개
2026-08-21 09:53:15.579 [session=000416] [INFO] [RestApiThread] _handle_response (CYCLIC 정상) - tag: REST_API_TAG.GET_MASTER_IP_ADDRESS, status: 200, pending→4
2026-08-21 09:53:15.603 [session=000416] [ERROR] [MainThread] API Error Handler - Tag: REST_API_TAG.GET_SAFETY_LEFT_BRAKE, Status: 404, Msg: status_code: 404, tag: REST_API_TAG.GET_SAFETY_LEFT_BRAKE, error: Error transferring http://localhost:8080/robot_ec2b/safety/left_brake - server replied: Not Found
2026-08-21 09:53:15.623 [session=000416] [WARNING] [MainThread] 물리 모터 브레이크 API 미지원(404) - 사이드 브레이크 인터록 비활성화: side=left
2026-08-21 09:53:15.631 [session=000416] [INFO] [MainThread] [MOTOR_SIDE_BRAKE] GUI 상태 적용: side=left, engaged=False, left=False, right=False, stop_active=False
2026-08-21 09:53:15.641 [session=000416] [ERROR] [MainThread] API Error Handler - Tag: REST_API_TAG.GET_SAFETY_RIGHT_BRAKE, Status: 404, Msg: status_code: 404, tag: REST_API_TAG.GET_SAFETY_RIGHT_BRAKE, error: Error transferring http://localhost:8080/robot_ec2b/safety/right_brake - server replied: Not Found
2026-08-21 09:53:15.646 [session=000416] [WARNING] [MainThread] 물리 모터 브레이크 API 미지원(404) - 사이드 브레이크 인터록 비활성화: side=right
2026-08-21 09:53:15.648 [session=000416] [INFO] [MainThread] [MOTOR_SIDE_BRAKE] GUI 상태 적용: side=right, engaged=False, left=False, right=False, stop_active=False
2026-08-21 09:53:15.651 [session=000416] [INFO] [MainThread] 문제 진단 에러 코드 수신(SSE): 0개, 표시: 0개
2026-08-21 09:53:15.652 [session=000416] [INFO] [MainThread] My IP : 192.168.104.212
2026-08-21 09:53:15.655 [session=000416] [INFO] [MainThread] Master Status Changed: True (My IP: 192.168.104.212, Master IP: 192.168.104.212)
2026-08-21 09:53:15.656 [session=000416] [INFO] [MainThread] 맵 재검증 요청: master 역할 활성화
2026-08-21 09:53:15.657 [session=000416] [DEBUG] [RestApiThread] GetMapFromRESTAPI 요청 시작
2026-08-21 09:53:15.658 [session=000416] [DEBUG] [RestApiThread] _get_data: 중복 요청 방지됨 - tag: REST_API_TAG.GET_MAP, pending_count: 4
2026-08-21 09:53:15.659 [session=000416] [INFO] [MainThread] voice-event settings 스냅샷 조회 요청: master_ip=192.168.104.212, reason=initial_master_ip
2026-08-21 09:53:15.661 [session=000416] [INFO] [RestApiThread] [REST API] voice-event settings GET 전송: url=http://192.168.104.212:5051/api/voice-event-settings
2026-08-21 09:53:15.669 [session=000416] [INFO] [MainThread] [BROWSER_MUSIC_SYNC] event=master_changed master_id=robot_ec2b master_base_url=http://127.0.0.1:5051 is_master=True master_generation=1
2026-08-21 09:53:15.682 [session=000416] [INFO] [RestApiThread] [REST API] 배경 음악 GET 전송: operation=selection_get, url=http://127.0.0.1:5051/api/voice-event-settings/background-music?robot_id=robot_ec2b
2026-08-21 09:53:15.690 [session=000416] [INFO] [browser-music-sync_0] [BROWSER_MUSIC_SYNC] event=catalog_fetch_started master_base_url=http://127.0.0.1:5051
2026-08-21 09:53:15.694 [session=000416] [INFO] [MainThread] 설정 UI 위젯 준비 대기 중 - 생성 콜백에서 UI 설정 적용 예정
2026-08-21 09:53:15.695 [session=000416] [INFO] [RestApiThread] [REST API] 배경 음악 GET 전송: operation=resolved_get, url=http://127.0.0.1:5051/api/voice-event-settings/resolved?robot_id=robot_ec2b
2026-08-21 09:53:15.700 [session=000416] [DEBUG] [RestApiThread] GetRobotUseFromRESTAPI 요청 시작
2026-08-21 09:53:15.700 [session=000416] [DEBUG] [RestApiThread] _get_data: 요청 시작 - tag: REST_API_TAG.GET_ROBOT_USE, url: http://localhost:8080/robot_ec2b/robot_use
2026-08-21 09:53:15.702 [session=000416] [DEBUG] [RestApiThread] _get_data: 요청 전송 완료 - tag: REST_API_TAG.GET_ROBOT_USE, timeout: 30000ms
2026-08-21 09:53:15.702 [session=000416] [DEBUG] [RestApiThread] GetCallBellFromRESTAPI 요청 시작
2026-08-21 09:53:15.703 [session=000416] [DEBUG] [RestApiThread] _get_data: 요청 시작 - tag: REST_API_TAG.GET_CALLBELL, url: http://localhost:8080/robot_ec2b/callbell
2026-08-21 09:53:15.704 [session=000416] [DEBUG] [RestApiThread] _get_data: 요청 전송 완료 - tag: REST_API_TAG.GET_CALLBELL, timeout: 30000ms
2026-08-21 09:53:15.722 [session=000416] [DEBUG] [RestApiThread] GetKeepoutZoneFromRESTAPI 요청 시작
2026-08-21 09:53:15.722 [session=000416] [DEBUG] [RestApiThread] _get_data: 요청 시작 - tag: REST_API_TAG.GET_KEEPOUT_ZONE, url: http://localhost:8080/robot_ec2b/keepout_zone_position
2026-08-21 09:53:15.725 [session=000416] [DEBUG] [RestApiThread] _get_data: 요청 전송 완료 - tag: REST_API_TAG.GET_KEEPOUT_ZONE, timeout: 30000ms
2026-08-21 09:53:15.726 [session=000416] [DEBUG] [RestApiThread] GetPreferredAreaFromRESTAPI 요청 시작
2026-08-21 09:53:15.727 [session=000416] [DEBUG] [RestApiThread] _get_data: 요청 시작 - tag: REST_API_TAG.GET_PREFERRED_AREA, url: http://localhost:8080/robot_ec2b/preferred_area_position
2026-08-21 09:53:15.731 [session=000416] [DEBUG] [RestApiThread] _get_data: 요청 전송 완료 - tag: REST_API_TAG.GET_PREFERRED_AREA, timeout: 30000ms
2026-08-21 09:53:15.735 [session=000416] [DEBUG] [RestApiThread] SetVolumeToRESTAPI 직렬화된 데이터: {"data": 0.0}
2026-08-21 09:53:15.736 [session=000416] [INFO] [RestApiThread] [REST API] 볼륨 POST 전송 직전: url=http://localhost:8080/robot_ec2b/speaker/volume, payload={"data": 0.0}, timeout=30000ms
2026-08-21 09:53:15.744 [session=000416] [INFO] [RestApiThread] [REST API] 볼륨 POST 전송 등록 완료: url=http://localhost:8080/robot_ec2b/speaker/volume, reply_id=281471290518912
2026-08-21 09:53:15.746 [session=000416] [INFO] [RestApiThread] [REST API] 최대 속도 POST 전송 직전: url=http://localhost:8080/robot_ec2b/md/set_max_spd, payload={"data": 0.7}, timeout=30000ms, pending_before=12
2026-08-21 09:53:15.747 [session=000416] [INFO] [RestApiThread] [REST API] 최대 속도 POST 전송 등록 완료: url=http://localhost:8080/robot_ec2b/md/set_max_spd, reply_id=281471290520640, pending_after=13
2026-08-21 09:53:15.747 [session=000416] [DEBUG] [RestApiThread] SetMaxSpeedToRESTAPI 직렬화된 데이터: {"data": 0.7}
2026-08-21 09:53:15.756 [session=000416] [DEBUG] [RestApiThread] _handle_response 호출됨 - tag: REST_API_TAG.GET_BACKGROUND_MUSIC_SETTING, status_code: 200
2026-08-21 09:53:15.768 [session=000416] [DEBUG] [RestApiThread] _handle_response 호출됨 - tag: REST_API_TAG.GET_VOICE_EVENT_SETTINGS, status_code: 200
2026-08-21 09:53:15.791 [session=000416] [INFO] [RestApiThread] [REST API] voice-event settings GET 성공: master_ip=192.168.104.212, response_len=3246
2026-08-21 09:53:15.803 [session=000416] [INFO] [MainThread] voice-event settings 메모리 상태 갱신: master_ip=192.168.104.212
2026-08-21 09:53:15.807 [session=000416] [DEBUG] [RestApiThread] _handle_response 호출됨 - tag: REST_API_TAG.GET_RESOLVED_BACKGROUND_MUSIC, status_code: 200
2026-08-21 09:53:15.821 [session=000416] [INFO] [browser-music-sync_0] [BROWSER_MUSIC_SYNC] event=catalog_fetch_succeeded master_base_url=http://127.0.0.1:5051 item_count=3
2026-08-21 09:53:15.845 [session=000416] [INFO] [RestApiThread] [REST API] 배경 음악 GET 전송: operation=selection_get, url=http://127.0.0.1:5051/api/voice-event-settings/background-music?robot_id=robot_ec2b
2026-08-21 09:53:15.849 [session=000416] [INFO] [RestApiThread] [REST API] 배경 음악 GET 전송: operation=resolved_get, url=http://127.0.0.1:5051/api/voice-event-settings/resolved?robot_id=robot_ec2b
2026-08-21 09:53:15.862 [session=000416] [DEBUG] [RestApiThread] _handle_response 호출됨 - tag: REST_API_TAG.GET_BACKGROUND_MUSIC_SETTING, status_code: 200
2026-08-21 09:53:15.879 [session=000416] [DEBUG] [RestApiThread] _handle_response 호출됨 - tag: REST_API_TAG.GET_RESOLVED_BACKGROUND_MUSIC, status_code: 200
2026-08-21 09:53:16.096 [session=000416] [DEBUG] [MainThread] 📊 로딩 진행률: 10% (완료:0%, 시간:10%, 0/4)
2026-08-21 09:53:17.096 [session=000416] [DEBUG] [MainThread] 📊 로딩 진행률: 20% (완료:0%, 시간:20%, 0/4)
2026-08-21 09:53:17.534 [session=000416] [INFO] [Thread-5] [ControllerManager] 맵 처리 프로세스 warm-up 완료
2026-08-21 09:53:18.098 [session=000416] [DEBUG] [MainThread] 📊 로딩 진행률: 30% (완료:0%, 시간:30%, 0/4)
2026-08-21 09:53:18.896 [session=000416] [WARNING] [RestApiThread] _handle_response (CYCLIC 에러) - tag: REST_API_TAG.GET_MASTER_IP_ADDRESS, status: 0, error: Operation canceled
2026-08-21 09:53:18.899 [session=000416] [ERROR] [RestApiThread] REST API 에러: status_code: 0, tag: REST_API_TAG.GET_MASTER_IP_ADDRESS, error: Operation canceled
2026-08-21 09:53:18.901 [session=000416] [ERROR] [MainThread] API Error Handler - Tag: REST_API_TAG.GET_MASTER_IP_ADDRESS, Status: 0, Msg: status_code: 0, tag: REST_API_TAG.GET_MASTER_IP_ADDRESS, error: Operation canceled
2026-08-21 09:53:18.904 [session=000416] [WARNING] [MainThread] Connection lost detected; popup delayed until repeated failures. failures=1/5, retry_interval=10000ms, reason=api_error tag=REST_API_TAG.GET_MASTER_IP_ADDRESS, status=0, msg=status_code: 0, tag: REST_API_TAG.GET_MASTER_IP_ADDRESS, error: Operation canceled
2026-08-21 09:53:19.097 [session=000416] [DEBUG] [MainThread] 📊 로딩 진행률: 40% (완료:0%, 시간:40%, 0/4)
2026-08-21 09:53:19.396 [session=000416] [INFO] [MainThread] [MAIN_THREAD_HEARTBEAT] GUI main thread alive: thread=MainThread
2026-08-21 09:53:19.744 [session=000416] [DEBUG] [RestApiThread] _handle_response 호출됨 - tag: REST_API_TAG.GET_MAP, status_code: 200
2026-08-21 09:53:19.755 [session=000416] [INFO] [MainThread] 정상 맵 응답 확인 - 새 지도 생성 보류 상태 초기화
2026-08-21 09:53:19.756 [session=000416] [INFO] [RestApiThread] _handle_response (CYCLIC 정상) - tag: REST_API_TAG.GET_DESTINATIONS, status: 200, pending→10
2026-08-21 09:53:19.756 [session=000416] [INFO] [MainThread] [ControllerManager] 맵 처리 작업 예약: seq=1, slam_mode=False
2026-08-21 09:53:19.760 [session=000416] [INFO] [MainThread] model_manager set_destinations: 5 items
2026-08-21 09:53:19.764 [session=000416] [INFO] [MainThread] model_manager set_destinations: updated (5 items)
2026-08-21 09:53:19.766 [session=000416] [INFO] [MainThread] [필수] Init item complete: destinations (1/4)
2026-08-21 09:53:19.768 [session=000416] [INFO] [RestApiThread] _handle_response (CYCLIC 정상) - tag: REST_API_TAG.GET_ROBOT_STATUS, status: 200, pending→9
2026-08-21 09:53:19.772 [session=000416] [INFO] [MainThread] API connection restored, timer interval reset to 1000ms (cleared failures=1)
2026-08-21 09:53:19.773 [session=000416] [INFO] [MainThread] [필수] Init item complete: robot_status (2/4)
2026-08-21 09:53:19.783 [session=000416] [INFO] [SSE-SSE_ROBOT_STATUS] [SSE_DIAG] event received tag=SSE_ROBOT_STATUS, count=3, event=message, id=None, url=http://localhost:8080/robot_ec2b/events/robot_status, data={"data": "ROBOT_STANDBY"}
2026-08-21 09:53:19.786 [session=000416] [INFO] [SSE-SSE_HOME_POSE] [SSE_DIAG] event received tag=SSE_HOME_POSE, count=1, event=message, id=None, url=http://localhost:8080/robot_ec2b/events/home_pose, data={"header": {"stamp": {"sec": 0, "nanosec": 0}, "frame_id": "map"}, "pose": {"position": {"x": 3.1192162459935915, "y": 1.1022778576180379, "z": 0.0}, "orientation": {"x": 0.0, "y": 0.0, "z": -0.5348746418379224, "w": 0.8449314277021267}}}
2026-08-21 09:53:19.787 [session=000416] [DEBUG] [SSE-SSE_HOME_POSE] SSE home pose: (3.12, 1.10)
2026-08-21 09:53:19.788 [session=000416] [INFO] [MainThread] 홈 위치 수신: (3.12, 1.10)
2026-08-21 09:53:19.788 [session=000416] [INFO] [MainThread] 홈 위치 서버 값은 있으나 맵 정보가 아직 로드되지 않음 - 맵 로드 후 반영
2026-08-21 09:53:19.789 [session=000416] [INFO] [MainThread] [선택] Init item complete: home_pose (1/5)
2026-08-21 09:53:19.796 [session=000416] [DEBUG] [MainThread] 📊 로딩 진행률: 50% (완료:50%, 시간:47%, 2/4)
2026-08-21 09:53:19.797 [session=000416] [DEBUG] [RestApiThread] _handle_response 호출됨 - tag: REST_API_TAG.GET_ROBOT_USE, status_code: 200
2026-08-21 09:53:19.799 [session=000416] [DEBUG] [RestApiThread] _handle_response 호출됨 - tag: REST_API_TAG.GET_CALLBELL, status_code: 200
2026-08-21 09:53:19.799 [session=000416] [INFO] [ThreadPoolExecutor-5_0] 로봇 용도 데이터 수신: {'current': 'suction', 'usages': []}
2026-08-21 09:53:19.801 [session=000416] [INFO] [ThreadPoolExecutor-5_0] 호출벨 데이터 수신: 5개
2026-08-21 09:53:19.804 [session=000416] [DEBUG] [RestApiThread] _handle_response 호출됨 - tag: REST_API_TAG.GET_KEEPOUT_ZONE, status_code: 200
2026-08-21 09:53:19.805 [session=000416] [INFO] [ThreadPoolExecutor-5_1] 금지영역 데이터 수신: 0개
2026-08-21 09:53:19.805 [session=000416] [INFO] [MainThread] [REST API] 로봇 용도 데이터 수신: {'current': 'suction', 'usages': []}
2026-08-21 09:53:19.806 [session=000416] [INFO] [MainThread] 현재 로봇 용도 업데이트: suction
2026-08-21 09:53:19.806 [session=000416] [WARNING] [MainThread] 빈 로봇 용도 리스트 수신 - 기존/기본 용도 목록 유지
2026-08-21 09:53:19.808 [session=000416] [INFO] [MainThread] 로봇 용도 리스트 업데이트: ['treatment', 'suction']
2026-08-21 09:53:19.808 [session=000416] [INFO] [MainThread] [선택] Init item complete: robot_use (2/5)
2026-08-21 09:53:19.809 [session=000416] [INFO] [MainThread] 호출벨-목적지 동기화 완료: 5개 호출벨
2026-08-21 09:53:19.809 [session=000416] [INFO] [MainThread] 목적지 리스트 반환: destinations=[Destination(name='로비', goal_pose=Pose(x=4.241336459631034, y=-2.361104203714551, qw=0.5097087478206948, qz=0.8603470185890456), bell=Bells(treatment='', suction='64012cd7'), idx=0, color='#e53935'), Destination(name='수술실', goal_pose=Pose(x=4.5199271819089395, y=-3.9219605026851503, qw=0.14533446519134308, qz=-0.9893825818294691), bell=Bells(treatment='', suction='64132cd7'), idx=1, color='#e53935'), Destination(name='진료실', goal_pose=Pose(x=0.11980823444488001, y=-3.735511450600503, qw=0.9963649848510123, qz=0.0851869530083222), bell=Bells(treatment='', suction='64252cd7'), idx=2, color='#e53935'), Destination(name='창고', goal_pose=Pose(x=0.2834625688692579, y=-6.793061814598156, qw=0.5257961572167338, qz=0.850610604834031), bell=Bells(treatment='', suction='64372cd7'), idx=3, color='#e53935'), Destination(name='소독실', goal_pose=Pose(x=-3.4045695907217928, y=-7.611793760201744, qw=0.546869706461766, qz=0.8372177280459497), bell=Bells(treatment='', suction='64492cd7'), idx=4, color='#e53935')]
2026-08-21 09:53:19.810 [session=000416] [INFO] [MainThread] 호출벨 목적지 아이콘 UI 갱신: 5개
2026-08-21 09:53:19.810 [session=000416] [DEBUG] [RestApiThread] _handle_response 호출됨 - tag: REST_API_TAG.GET_PREFERRED_AREA, status_code: 200
2026-08-21 09:53:19.810 [session=000416] [INFO] [MainThread] 호출벨 리스트 반환: callbells={'64012cd7': {'name': '호출벨 1', 'usage': 'suction', 'destination': '로비'}, '64132cd7': {'name': '호출벨 2', 'usage': 'suction', 'destination': '수술실'}, '64252cd7': {'name': '호출벨 3', 'usage': 'suction', 'destination': '진료실'}, '64372cd7': {'name': '호출벨 4', 'usage': 'suction', 'destination': '창고'}, '64492cd7': {'name': '호출벨 5', 'usage': 'suction', 'destination': '소독실'}}, robot_usages=['treatment', 'suction']
2026-08-21 09:53:19.811 [session=000416] [INFO] [ThreadPoolExecutor-5_0] 선호영역 데이터 수신: 0개
2026-08-21 09:53:19.811 [session=000416] [INFO] [MainThread] 금지영역 데이터 수신: 0개
2026-08-21 09:53:19.812 [session=000416] [INFO] [MainThread] [MapManager] 금지영역 설정: 0개 (costmap worker 대기)
2026-08-21 09:53:19.812 [session=000416] [INFO] [MainThread] 선호영역 데이터 수신: 0개
2026-08-21 09:53:19.813 [session=000416] [INFO] [MainThread] [MapManager] 선호영역 설정: 0개
2026-08-21 09:53:19.833 [session=000416] [DEBUG] [RestApiThread] _handle_response 호출됨 - tag: REST_API_TAG.POST_VOLUME, status_code: 200
2026-08-21 09:53:19.834 [session=000416] [INFO] [RestApiThread] [REST API] 볼륨 POST 성공: status=200, response={"ok":true,"payload":{"data":0.0}}
2026-08-21 09:53:19.851 [session=000416] [INFO] [RestApiThread] _handle_response (CYCLIC 정상) - tag: REST_API_TAG.GET_ROBOT_POSE, status: 200, pending→3
2026-08-21 09:53:19.852 [session=000416] [WARNING] [MainThread] [MapManager] meter_to_pixel: 맵 정보 미로드
2026-08-21 09:53:19.854 [session=000416] [WARNING] [MainThread] [ControllerManager] 맵 정보 미로드 - 픽셀 변환 실패
2026-08-21 09:53:19.862 [session=000416] [INFO] [RestApiThread] _handle_response (CYCLIC 정상) - tag: REST_API_TAG.GET_SLAM_MODE, status: 200, pending→2
2026-08-21 09:53:19.863 [session=000416] [INFO] [MainThread] MapManager set_slam_mode: slam_mode: False
2026-08-21 09:53:19.863 [session=000416] [INFO] [MainThread] [선택] Init item complete: slam_mode (3/5)
2026-08-21 09:53:19.869 [session=000416] [INFO] [RestApiThread] _handle_response (CYCLIC 정상) - tag: REST_API_TAG.GET_HOME_POSE, status: 200, pending→1
2026-08-21 09:53:19.875 [session=000416] [INFO] [MainThread] 홈 위치 수신: (3.12, 1.10)
2026-08-21 09:53:19.876 [session=000416] [INFO] [MainThread] 홈 위치 서버 값은 있으나 맵 정보가 아직 로드되지 않음 - 맵 로드 후 반영
2026-08-21 09:53:19.912 [session=000416] [DEBUG] [RestApiThread] _handle_response 호출됨 - tag: REST_API_TAG.POST_MAX_SPEED, status_code: 200
2026-08-21 09:53:19.912 [session=000416] [INFO] [RestApiThread] [REST API] 최대 속도 POST 성공: status=200, response={"ok":true,"payload":{"data":0.7}}
2026-08-21 09:53:20.144 [session=000416] [INFO] [MainThread] [MAP_VALUE_STATS] seq=1, route=normal_cache, requested_slam=False, current_slam=False, size=1120x822, total=920640, unknown(-1)=0 (0.00%), free(0)=905241 (98.33%), mid(1-99)=0 (0.00%), occupied(100+)=15399 (1.67%), min=0, max=100
2026-08-21 09:53:20.144 [session=000416] [INFO] [MainThread] [MapManager] 최신 저장 지도 비동기 로드 요청: apply_prepared_map_state
2026-08-21 09:53:20.145 [session=000416] [INFO] [MainThread] [ControllerManager] 저장 지도 비동기 처리 예약: reason=apply_prepared_map_state
2026-08-21 09:53:20.173 [session=000416] [INFO] [MainThread] [MapManager] 확정 지도 캐시 갱신: 1120x822, 0.030m/cell, reason=map_applied
2026-08-21 09:53:20.173 [session=000416] [INFO] [MainThread] [MapManager] 확정 지도 기준 설정: reason=map_applied
2026-08-21 09:53:20.174 [session=000416] [INFO] [MainThread] 홈 위치 캐시 값은 있으나 지도 UI가 아직 준비되지 않음
2026-08-21 09:53:20.183 [session=000416] [INFO] [MainThread] [필수] Init item complete: map (3/4)
2026-08-21 09:53:20.209 [session=000416] [DEBUG] [MainThread] 📊 로딩 진행률: 75% (완료:75%, 시간:51%, 3/4)
2026-08-21 09:53:21.284 [session=000416] [INFO] [MainThread] [MapManager] 확정 지도 캐시 갱신: 1120x822, 0.030m/cell, reason=map_applied
2026-08-21 09:53:21.286 [session=000416] [INFO] [MainThread] [MapManager] 확정 지도 기준 설정: reason=map_applied
2026-08-21 09:53:21.286 [session=000416] [INFO] [MainThread] [ControllerManager] 저장 지도 적용 완료: 1120x822
2026-08-21 09:53:21.287 [session=000416] [INFO] [MainThread] 홈 위치 캐시 값은 있으나 지도 UI가 아직 준비되지 않음
2026-08-21 09:53:21.744 [session=000416] [INFO] [MainThread] ⏰ 로딩 UI warm-up 시작
2026-08-21 09:53:21.744 [session=000416] [INFO] [MainThread] ⏳ Move2DestView 지연 생성 시작
2026-08-21 09:53:21.812 [session=000416] [INFO] [MainThread] 목적지 리스트 반환: destinations=[Destination(name='로비', goal_pose=Pose(x=4.241336459631034, y=-2.361104203714551, qw=0.5097087478206948, qz=0.8603470185890456), bell=Bells(treatment='', suction='64012cd7'), idx=0, color='#e53935'), Destination(name='수술실', goal_pose=Pose(x=4.5199271819089395, y=-3.9219605026851503, qw=0.14533446519134308, qz=-0.9893825818294691), bell=Bells(treatment='', suction='64132cd7'), idx=1, color='#e53935'), Destination(name='진료실', goal_pose=Pose(x=0.11980823444488001, y=-3.735511450600503, qw=0.9963649848510123, qz=0.0851869530083222), bell=Bells(treatment='', suction='64252cd7'), idx=2, color='#e53935'), Destination(name='창고', goal_pose=Pose(x=0.2834625688692579, y=-6.793061814598156, qw=0.5257961572167338, qz=0.850610604834031), bell=Bells(treatment='', suction='64372cd7'), idx=3, color='#e53935'), Destination(name='소독실', goal_pose=Pose(x=-3.4045695907217928, y=-7.611793760201744, qw=0.546869706461766, qz=0.8372177280459497), bell=Bells(treatment='', suction='64492cd7'), idx=4, color='#e53935')]
2026-08-21 09:53:21.813 [session=000416] [INFO] [MainThread] DestinationTableWidget.set_destinations: 5 items
2026-08-21 09:53:21.856 [session=000416] [WARNING] [MainThread] [PERF] DestinationTableWidget.button_batch 지연: buttons=2, index=0->2, 42.2ms
2026-08-21 09:53:21.857 [session=000416] [WARNING] [MainThread] [PERF] DestinationTableWidget.update_buttons 첫 batch 지연: items=7, created=2, 44.3ms
2026-08-21 09:53:21.859 [session=000416] [WARNING] [MainThread] [PERF] DestinationTableWidget.set_destinations 지연: items=5, 45.9ms, steps: buttons=45.7ms
2026-08-21 09:53:21.881 [session=000416] [INFO] [MainThread] ✓ Move2DestView 생성 완료
2026-08-21 09:53:21.889 [session=000416] [INFO] [MainThread] Move2DestView 지연 시그널 연결 완료
2026-08-21 09:53:21.889 [session=000416] [WARNING] [MainThread] [PERF] Move2DestView 생성 단계 지연: 144.6ms, steps: construct=52.7ms, stack_replace=14.9ms, destinations=52.8ms, scale=15.4ms
2026-08-21 09:53:21.890 [session=000416] [WARNING] [MainThread] [PERF] 시작 대상 뷰 생성 지연: view=1, 145.8ms
2026-08-21 09:53:21.892 [session=000416] [INFO] [MainThread] ⏰ ViewManager 무거운 위젯 생성 시작 (틱 분산)
2026-08-21 09:53:22.049 [session=000416] [WARNING] [MainThread] [PERF] DestinationTableWidget.button_build 전체 지연: buttons=7, 236.2ms
2026-08-21 09:53:22.222 [session=000416] [INFO] [MainThread] ScreenContentHost 기본 구조 초기화 완료 (콘텐츠 지연 생성)
2026-08-21 09:53:22.224 [session=000416] [INFO] [MainThread] ✓ ScreenContentHost 기본 구조 생성
2026-08-21 09:53:22.263 [session=000416] [INFO] [MainThread] [ViewStateManager] 초기화 완료 - 초기 상태: NORMAL
2026-08-21 09:53:22.264 [session=000416] [INFO] [MainThread] 화면형 콘텐츠 위젯들의 Custom_button에 ViewManager 참조 전달 완료
2026-08-21 09:53:22.264 [session=000416] [INFO] [MainThread] ScreenContentHost에 ViewManager 참조 설정 완료
2026-08-21 09:53:22.264 [session=000416] [INFO] [MainThread] ✓ ViewStateManager 생성 (중앙 집중식 화면 상태 관리)
2026-08-21 09:53:22.339 [session=000416] [INFO] [MainThread] ✓ 전체화면 복원/최상위 재적용 기능: 비활성화
2026-08-21 09:53:22.380 [session=000416] [INFO] [MainThread] ✅ ViewManager 무거운 위젯 생성 완료
2026-08-21 09:53:22.485 [session=000416] [INFO] [MainThread] RobotContentWidget 초기화 완료 (하위 페이지 lazy 생성)
2026-08-21 09:53:22.502 [session=000416] [INFO] [MainThread] 키보드 매니저가 ScreenContentHost에 연결되었습니다.
2026-08-21 09:53:22.503 [session=000416] [INFO] [MainThread] 키보드 매니저가 RobotContentWidget에 전달되었습니다.
2026-08-21 09:53:22.603 [session=000416] [WARNING] [MainThread] [PERF] 화면형 콘텐츠 생성 단계 지연: robot_content, 131.1ms, steps: import_class=2.8ms, construct=15.1ms, replace_placeholder=8.5ms, fixed_scale=3.2ms, created_hooks=101.5ms
2026-08-21 09:53:22.604 [session=000416] [WARNING] [MainThread] [PERF] 화면형 콘텐츠 lazy 생성 지연: robot_content, 133.0ms
2026-08-21 09:53:22.606 [session=000416] [WARNING] [MainThread] [PERF] 로봇 상세 설정 콘텐츠 prewarm 지연: 134.3ms
2026-08-21 09:53:22.607 [session=000416] [INFO] [MainThread] 로봇 상세 설정 콘텐츠 idle prewarm 완료
2026-08-21 09:53:22.670 [session=000416] [INFO] [MainThread] MapContentWidget 초기화 완료 (내부 지도/SLAM 위젯 lazy 준비) (컨테이너: 1024x536, 내부: 1024x536)
2026-08-21 09:53:22.677 [session=000416] [INFO] [MainThread] 키보드 매니저가 ScreenContentHost에 연결되었습니다.
2026-08-21 09:53:22.677 [session=000416] [INFO] [MainThread] 키보드 매니저가 RobotContentWidget에 전달되었습니다.
2026-08-21 09:53:22.678 [session=000416] [INFO] [MainThread] 사이드바 지도 콘텐츠 lazy 생성 시그널 연결 완료
2026-08-21 09:53:22.679 [session=000416] [INFO] [MainThread]   홈 위치 캐시 → 픽셀 좌표로 변환 및 UI 업데이트: (894.0, 100.9)
2026-08-21 09:53:22.681 [session=000416] [INFO] [MainThread] 지도 콘텐츠 컨테이너 prewarm 완료: 25.6ms
2026-08-21 09:53:22.681 [session=000416] [DEBUG] [MainThread] MapContentWidget.update_map_data() 호출: map_arrays=True, force_clear=False, 현재 인덱스=0, map_view_widget_ready=False
2026-08-21 09:53:22.681 [session=000416] [DEBUG] [MainThread]   맵 배열 크기: 1120x822
2026-08-21 09:53:22.811 [session=000416] [INFO] [MainThread] [slam_config] 로봇 표시 크기: 0.20m × 0.20m
2026-08-21 09:53:22.811 [session=000416] [INFO] [MainThread] [slam_config] 센서 전방 오프셋: +180.0°
2026-08-21 09:53:22.816 [session=000416] [INFO] [MainThread] MapContentWidget 지도 보기 위젯 lazy 생성 시작
2026-08-21 09:53:22.981 [session=000416] [INFO] [MainThread] MapDetailWidget_Position(QGraphicsView) 초기화 완료
2026-08-21 09:53:23.073 [session=000416] [DEBUG] [MainThread] === MapDetailWidget_Position(QGraphicsView): update_map_data 호출 ===
2026-08-21 09:53:23.081 [session=000416] [DEBUG] [MainThread] 지도 렌더링 완료: 1120x822, refit=True
2026-08-21 09:53:23.081 [session=000416] [INFO] [MainThread] 홈 위치 표시 업데이트: (894.0, 100.9)
2026-08-21 09:53:23.092 [session=000416] [INFO] [MainThread] ScreenContentHost MapView 지도 위치/영역 시그널 연결 완료
2026-08-21 09:53:23.093 [session=000416] [INFO] [MainThread] 사이드바 지도 위젯의 scan_filtered/scan_bottom_filtered 오버레이 시그널 연결 완료
2026-08-21 09:53:23.093 [session=000416] [INFO] [MainThread] MapContentWidget 지도 보기 위젯 lazy 생성 완료
2026-08-21 09:53:23.093 [session=000416] [WARNING] [MainThread] [PERF] 지도 보기 콘텐츠 prewarm 지연: 411.7ms
2026-08-21 09:53:23.095 [session=000416] [WARNING] [MainThread] [PERF] 로딩 중 지도 콘텐츠 prewarm 지연: 439.5ms
2026-08-21 09:53:23.109 [session=000416] [DEBUG] [MainThread] 📊 로딩 진행률: 81% (완료:75%, 시간:81%, 3/4)
2026-08-21 09:53:23.117 [session=000416] [INFO] [MainThread] ✅ 로딩 UI warm-up 완료 (필수 UI만 준비)
2026-08-21 09:53:23.118 [session=000416] [INFO] [MainThread] 키보드 매니저가 ScreenContentHost에 연결되었습니다.
2026-08-21 09:53:23.118 [session=000416] [INFO] [MainThread] 키보드 매니저가 RobotContentWidget에 전달되었습니다.
2026-08-21 09:53:23.120 [session=000416] [INFO] [MainThread] 목적지 리스트 반환: destinations=[Destination(name='로비', goal_pose=Pose(x=4.241336459631034, y=-2.361104203714551, qw=0.5097087478206948, qz=0.8603470185890456), bell=Bells(treatment='', suction='64012cd7'), idx=0, color='#e53935'), Destination(name='수술실', goal_pose=Pose(x=4.5199271819089395, y=-3.9219605026851503, qw=0.14533446519134308, qz=-0.9893825818294691), bell=Bells(treatment='', suction='64132cd7'), idx=1, color='#e53935'), Destination(name='진료실', goal_pose=Pose(x=0.11980823444488001, y=-3.735511450600503, qw=0.9963649848510123, qz=0.0851869530083222), bell=Bells(treatment='', suction='64252cd7'), idx=2, color='#e53935'), Destination(name='창고', goal_pose=Pose(x=0.2834625688692579, y=-6.793061814598156, qw=0.5257961572167338, qz=0.850610604834031), bell=Bells(treatment='', suction='64372cd7'), idx=3, color='#e53935'), Destination(name='소독실', goal_pose=Pose(x=-3.4045695907217928, y=-7.611793760201744, qw=0.546869706461766, qz=0.8372177280459497), bell=Bells(treatment='', suction='64492cd7'), idx=4, color='#e53935')]
2026-08-21 09:53:23.120 [session=000416] [INFO] [MainThread] DestinationTableWidget.set_destinations: 5 items
2026-08-21 09:53:23.120 [session=000416] [INFO] [MainThread] 목적지 데이터 로드 예약: 5개
2026-08-21 09:53:23.120 [session=000416] [INFO] [MainThread] [필수] Init item complete: ui_warmup (4/4)
2026-08-21 09:53:23.130 [session=000416] [INFO] [MainThread] 지도 콘텐츠 컨테이너 prewarm 완료: 0.0ms
2026-08-21 09:53:23.130 [session=000416] [DEBUG] [MainThread] MapContentWidget.update_map_data() 호출: map_arrays=True, force_clear=False, 현재 인덱스=0, map_view_widget_ready=True
2026-08-21 09:53:23.130 [session=000416] [DEBUG] [MainThread]   맵 배열 크기: 1120x822
2026-08-21 09:53:23.131 [session=000416] [DEBUG] [MainThread] === MapDetailWidget_Position(QGraphicsView): update_map_data 호출 ===
2026-08-21 09:53:23.138 [session=000416] [DEBUG] [MainThread] 동일 지도 데이터 - 픽스맵 재렌더링 스킵
2026-08-21 09:53:23.138 [session=000416] [INFO] [MainThread] 지도 보기 콘텐츠 prewarm 완료: 8.3ms
2026-08-21 09:53:23.140 [session=000416] [INFO] [MainThread] === update_map_data_to_sidebar 호출 ===
2026-08-21 09:53:23.140 [session=000416] [INFO] [MainThread] MapManager에서 지도 데이터 가져옴: True
2026-08-21 09:53:23.140 [session=000416] [INFO] [MainThread] 지도 데이터를 사이드바 MapContentWidget에 전달
2026-08-21 09:53:23.140 [session=000416] [DEBUG] [MainThread] MapContentWidget.update_map_data() 호출: map_arrays=True, force_clear=False, 현재 인덱스=0, map_view_widget_ready=True
2026-08-21 09:53:23.140 [session=000416] [DEBUG] [MainThread]   맵 배열 크기: 1120x822
2026-08-21 09:53:23.141 [session=000416] [DEBUG] [MainThread] === MapDetailWidget_Position(QGraphicsView): update_map_data 호출 ===
2026-08-21 09:53:23.141 [session=000416] [DEBUG] [MainThread] 동일 지도 데이터 - 픽스맵 재렌더링 스킵
2026-08-21 09:53:23.141 [session=000416] [INFO] [MainThread] 로봇 위치를 사이드바에 업데이트: (893.5, 100.8)
2026-08-21 09:53:23.205 [session=000416] [DEBUG] [MainThread] 📊 로딩 진행률: 95% (완료:100%, 시간:81%, 4/4)
2026-08-21 09:53:23.205 [session=000416] [INFO] [MainThread] All initialization items complete (4/4)
2026-08-21 09:53:24.394 [session=000416] [INFO] [MainThread] [MAIN_THREAD_HEARTBEAT] GUI main thread alive: thread=MainThread
2026-08-21 09:53:24.534 [session=000416] [INFO] [SSE-SSE_BATTERY_LOW_SHUTDOWN] [SSE_DIAG] connect attempt tag=SSE_BATTERY_LOW_SHUTDOWN, reconnect=1, url=http://localhost:8080/robot_ec2b/events/battery/low_shutdown
2026-08-21 09:53:24.543 [session=000416] [INFO] [SSE-SSE_BATTERY_LOW_SHUTDOWN] [SSE_DIAG] connected tag=SSE_BATTERY_LOW_SHUTDOWN, status=404, reason=Not Found, elapsed=0.01s, content_type=application/json, url=http://localhost:8080/robot_ec2b/events/battery/low_shutdown
2026-08-21 09:53:24.544 [session=000416] [ERROR] [SSE-SSE_BATTERY_LOW_SHUTDOWN] [SSE_DIAG] non-200 response tag=SSE_BATTERY_LOW_SHUTDOWN, status=404, reason=Not Found, url=http://localhost:8080/robot_ec2b/events/battery/low_shutdown
2026-08-21 09:53:24.555 [session=000416] [INFO] [SSE-SSE_BATTERY_LOW_SHUTDOWN] [SSE_DIAG] reconnect wait tag=SSE_BATTERY_LOW_SHUTDOWN, delay=10s, reconnect=2, reason=HTTP 404, url=http://localhost:8080/robot_ec2b/events/battery/low_shutdown
2026-08-21 09:53:25.499 [session=000416] [INFO] [MainThread] ================================================================================
2026-08-21 09:53:25.499 [session=000416] [INFO] [MainThread] 🎯 로딩 타임아웃 - 화면 전환 시작
2026-08-21 09:53:25.500 [session=000416] [INFO] [MainThread] ================================================================================
2026-08-21 09:53:25.500 [session=000416] [INFO] [MainThread] ✓ 시작 시 바퀴 락 해제 완료
2026-08-21 09:53:25.501 [session=000416] [INFO] [MainThread] ================================================================================
2026-08-21 09:53:25.501 [session=000416] [DEBUG] [RestApiThread] [LockByTouch] [REST API] SendRobotLock(False)
2026-08-21 09:53:25.501 [session=000416] [INFO] [MainThread] 📍 목적지 이동 화면으로 전환 시도
2026-08-21 09:53:25.503 [session=000416] [INFO] [MainThread]    - 맵 로드 상태: ✓
2026-08-21 09:53:25.503 [session=000416] [INFO] [MainThread]    - 목적지 개수: 5
2026-08-21 09:53:25.503 [session=000416] [INFO] [MainThread]    - 로봇 상태: ROBOT_STATE_STANDBY
2026-08-21 09:53:25.504 [session=000416] [INFO] [MainThread] ================================================================================
2026-08-21 09:53:25.509 [session=000416] [INFO] [MainThread] ================================================================================
2026-08-21 09:53:25.510 [session=000416] [INFO] [MainThread] ✅ 로딩 완료 - 로딩 화면 표시 후 소요 시간: 11.37초
2026-08-21 09:53:25.510 [session=000416] [INFO] [MainThread] ================================================================================
2026-08-21 09:53:25.531 [session=000416] [DEBUG] [RestApiThread] _handle_response 호출됨 - tag: REST_API_TAG.POST_ROBOT_LOCK, status_code: 200
2026-08-21 09:53:25.537 [session=000416] [DEBUG] [ThreadPoolExecutor-5_0] 백그라운드 파싱 대상이 아닌 REST 태그: REST_API_TAG.POST_ROBOT_LOCK
2026-08-21 09:53:25.597 [session=000416] [INFO] [RestApiThread] [SSE_DIAG] start requested tag=SSE_CALLBELL_SYNC, url=http://localhost:8080/robot_ec2b/events/callbell, timeout=None
2026-08-21 09:53:25.603 [session=000416] [INFO] [MainThread] 지연 뷰는 첫 진입 시 생성하도록 유지
2026-08-21 09:53:25.604 [session=000416] [INFO] [SSE-SSE_CALLBELL_SYNC] [SSE_DIAG] connect attempt tag=SSE_CALLBELL_SYNC, reconnect=0, url=http://localhost:8080/robot_ec2b/events/callbell
2026-08-21 09:53:25.605 [session=000416] [DEBUG] [RestApiThread] GetCallBellFromRESTAPI 요청 시작
2026-08-21 09:53:25.606 [session=000416] [DEBUG] [RestApiThread] _get_data: 요청 시작 - tag: REST_API_TAG.GET_CALLBELL, url: http://localhost:8080/robot_ec2b/callbell
2026-08-21 09:53:25.606 [session=000416] [DEBUG] [RestApiThread] _get_data: 요청 전송 완료 - tag: REST_API_TAG.GET_CALLBELL, timeout: 30000ms
2026-08-21 09:53:25.610 [session=000416] [INFO] [MainThread] [SoundManager] sound list 백그라운드 preload 시작
2026-08-21 09:53:25.610 [session=000416] [INFO] [RestApiThread] [SSE_DIAG] start requested tag=SSE_MD_SET_BREAK, url=http://localhost:8080/robot_ec2b/events/md/set_brake, timeout=None
2026-08-21 09:53:25.616 [session=000416] [INFO] [MainThread] ================================================================================
2026-08-21 09:53:25.619 [session=000416] [INFO] [SSE-SSE_MD_SET_BREAK] [SSE_DIAG] connect attempt tag=SSE_MD_SET_BREAK, reconnect=0, url=http://localhost:8080/robot_ec2b/events/md/set_brake
2026-08-21 09:53:25.620 [session=000416] [INFO] [MainThread] ✅ 시스템 초기화 완료 - 목적지 이동 화면 표시
2026-08-21 09:53:25.620 [session=000416] [DEBUG] [RestApiThread] _handle_response 호출됨 - tag: REST_API_TAG.GET_CALLBELL, status_code: 200
2026-08-21 09:53:25.624 [session=000416] [INFO] [MainThread] ================================================================================
2026-08-21 09:53:25.625 [session=000416] [INFO] [SSE-SSE_CALLBELL_SYNC] [SSE_DIAG] connected tag=SSE_CALLBELL_SYNC, status=200, reason=OK, elapsed=0.02s, content_type=text/event-stream; charset=utf-8, url=http://localhost:8080/robot_ec2b/events/callbell
2026-08-21 09:53:25.630 [session=000416] [INFO] [ThreadPoolExecutor-5_0] 호출벨 데이터 수신: 5개
2026-08-21 09:53:25.632 [session=000416] [INFO] [SSE-SSE_CALLBELL_SYNC] [SSE_DIAG] event received tag=SSE_CALLBELL_SYNC, count=1, event=message, id=None, url=http://localhost:8080/robot_ec2b/events/callbell, data={"data": "{\"callbells\": {\"64012cd7\": {\"name\": \"\ud638\ucd9c\ubca8 1\", \"usage\": \"suction\", \"destination\": \"\ub85c\ube44\"}, \"64132cd7\": {\"name\": \"\ud638\ucd9c\ubca8 2\", \"usage\": \"suction\", \"destination\": \"\uc218\uc220\uc2e4\"}, \"64252cd7\": {\"name\": \"\ud638\ucd9c\ubca8 3\", \"usage\": \"suction\", \"destination\": \"\uc9c4\ub8cc\uc2e4\"}, \"64372cd7\": {\"name\": \"\ud638\ucd9c\ubca8 4\", \"usage\": \"suction\", \"destination\": \"\ucc3d\uace0\"}, \"64492cd7\": {\"...(len=684)
2026-08-21 09:53:25.634 [session=000416] [INFO] [SSE-SSE_CALLBELL_SYNC] [CALLBELL SSE] 목록 변경 신호 감지: url=http://localhost:8080/robot_ec2b/events/callbell, raw={"data": "{\"callbells\": {\"64012cd7\": {\"name\": \"\ud638\ucd9c\ubca8 1\", \"usage\": \"suction\", \"destination\": \"\ub85c\ube44\"}, \"64132cd7\": {\"name\": \"\ud638\ucd9c\ubca8 2\", \"usage\": \"suction\", \"destination\": \"\uc218\uc220\uc2e4\"}, \"64252cd7\": {\"name\": \"\ud638\ucd9c\ubca8 3\", \"usage\": \"suction\", \"destination\": \"\uc9c4\ub8cc\uc2e4\"}, \"64372cd7\": {\"name\": \"\ud638\ucd9c\ubca8 4\", \"usage\": \"suction\", \"destination\": \"\ucc3d\uace0\"}, \"64492cd7\": {\"...(len=684)
2026-08-21 09:53:25.644 [session=000416] [INFO] [SSE-SSE_MD_SET_BREAK] [SSE_DIAG] connected tag=SSE_MD_SET_BREAK, status=200, reason=OK, elapsed=0.02s, content_type=text/event-stream; charset=utf-8, url=http://localhost:8080/robot_ec2b/events/md/set_brake
2026-08-21 09:53:25.736 [session=000416] [INFO] [MainThread] 호출벨-목적지 동기화 완료: 5개 호출벨
2026-08-21 09:53:25.737 [session=000416] [INFO] [MainThread] 목적지 리스트 반환: destinations=[Destination(name='로비', goal_pose=Pose(x=4.241336459631034, y=-2.361104203714551, qw=0.5097087478206948, qz=0.8603470185890456), bell=Bells(treatment='', suction='64012cd7'), idx=0, color='#e53935'), Destination(name='수술실', goal_pose=Pose(x=4.5199271819089395, y=-3.9219605026851503, qw=0.14533446519134308, qz=-0.9893825818294691), bell=Bells(treatment='', suction='64132cd7'), idx=1, color='#e53935'), Destination(name='진료실', goal_pose=Pose(x=0.11980823444488001, y=-3.735511450600503, qw=0.9963649848510123, qz=0.0851869530083222), bell=Bells(treatment='', suction='64252cd7'), idx=2, color='#e53935'), Destination(name='창고', goal_pose=Pose(x=0.2834625688692579, y=-6.793061814598156, qw=0.5257961572167338, qz=0.850610604834031), bell=Bells(treatment='', suction='64372cd7'), idx=3, color='#e53935'), Destination(name='소독실', goal_pose=Pose(x=-3.4045695907217928, y=-7.611793760201744, qw=0.546869706461766, qz=0.8372177280459497), bell=Bells(treatment='', suction='64492cd7'), idx=4, color='#e53935')]
2026-08-21 09:53:25.737 [session=000416] [INFO] [MainThread] 호출벨 리스트 반환: callbells={'64012cd7': {'name': '호출벨 1', 'usage': 'suction', 'destination': '로비'}, '64132cd7': {'name': '호출벨 2', 'usage': 'suction', 'destination': '수술실'}, '64252cd7': {'name': '호출벨 3', 'usage': 'suction', 'destination': '진료실'}, '64372cd7': {'name': '호출벨 4', 'usage': 'suction', 'destination': '창고'}, '64492cd7': {'name': '호출벨 5', 'usage': 'suction', 'destination': '소독실'}}, robot_usages=['treatment', 'suction']
2026-08-21 09:53:25.738 [session=000416] [INFO] [MainThread] 호출벨 목록 변경 SSE 수신 - REST API 재조회: payload={"data": "{\"callbells\": {\"64012cd7\": {\"name\": \"\ud638\ucd9c\ubca8 1\", \"usage\": \"suction\", \"destination\": \"\ub85c\ube44\"}, \"64132cd7\": {\"name\": \"\ud638\ucd9c\ubca8 2\", \"usage\": 
2026-08-21 09:53:25.738 [session=000416] [DEBUG] [RestApiThread] GetCallBellFromRESTAPI 요청 시작
2026-08-21 09:53:25.738 [session=000416] [DEBUG] [RestApiThread] _get_data: 요청 시작 - tag: REST_API_TAG.GET_CALLBELL, url: http://localhost:8080/robot_ec2b/callbell
2026-08-21 09:53:25.740 [session=000416] [DEBUG] [RestApiThread] _get_data: 요청 전송 완료 - tag: REST_API_TAG.GET_CALLBELL, timeout: 30000ms
2026-08-21 09:53:25.751 [session=000416] [DEBUG] [RestApiThread] _handle_response 호출됨 - tag: REST_API_TAG.GET_CALLBELL, status_code: 200
2026-08-21 09:53:25.752 [session=000416] [INFO] [ThreadPoolExecutor-5_1] 호출벨 데이터 수신: 5개
2026-08-21 09:53:25.754 [session=000416] [INFO] [MainThread] 호출벨-목적지 동기화 완료: 5개 호출벨
2026-08-21 09:53:25.754 [session=000416] [INFO] [MainThread] 목적지 리스트 반환: destinations=[Destination(name='로비', goal_pose=Pose(x=4.241336459631034, y=-2.361104203714551, qw=0.5097087478206948, qz=0.8603470185890456), bell=Bells(treatment='', suction='64012cd7'), idx=0, color='#e53935'), Destination(name='수술실', goal_pose=Pose(x=4.5199271819089395, y=-3.9219605026851503, qw=0.14533446519134308, qz=-0.9893825818294691), bell=Bells(treatment='', suction='64132cd7'), idx=1, color='#e53935'), Destination(name='진료실', goal_pose=Pose(x=0.11980823444488001, y=-3.735511450600503, qw=0.9963649848510123, qz=0.0851869530083222), bell=Bells(treatment='', suction='64252cd7'), idx=2, color='#e53935'), Destination(name='창고', goal_pose=Pose(x=0.2834625688692579, y=-6.793061814598156, qw=0.5257961572167338, qz=0.850610604834031), bell=Bells(treatment='', suction='64372cd7'), idx=3, color='#e53935'), Destination(name='소독실', goal_pose=Pose(x=-3.4045695907217928, y=-7.611793760201744, qw=0.546869706461766, qz=0.8372177280459497), bell=Bells(treatment='', suction='64492cd7'), idx=4, color='#e53935')]
2026-08-21 09:53:25.755 [session=000416] [INFO] [MainThread] 호출벨 리스트 반환: callbells={'64012cd7': {'name': '호출벨 1', 'usage': 'suction', 'destination': '로비'}, '64132cd7': {'name': '호출벨 2', 'usage': 'suction', 'destination': '수술실'}, '64252cd7': {'name': '호출벨 3', 'usage': 'suction', 'destination': '진료실'}, '64372cd7': {'name': '호출벨 4', 'usage': 'suction', 'destination': '창고'}, '64492cd7': {'name': '호출벨 5', 'usage': 'suction', 'destination': '소독실'}}, robot_usages=['treatment', 'suction']
2026-08-21 09:53:26.079 [session=000416] [INFO] [MainThread] 외부 안내 음성 설정 조회 요청: master_ip=192.168.104.212, robot_id=robot_ec2b, language=ko, event_id=startup_welcome
2026-08-21 09:53:26.081 [session=000416] [INFO] [RestApiThread] [REST API] voice-event command GET 전송: url=http://192.168.104.212:5051/api/voice-event-settings/command?robot_id=robot_ec2b&language=ko&event_id=startup_welcome
2026-08-21 09:53:26.098 [session=000416] [DEBUG] [RestApiThread] _handle_response 호출됨 - tag: REST_API_TAG.GET_VOICE_EVENT_COMMAND, status_code: 200
2026-08-21 09:53:26.099 [session=000416] [INFO] [RestApiThread] voice-event command 수신: event_id=startup_welcome, language=ko, command=tts:안녕하세요.
2026-08-21 09:53:26.101 [session=000416] [INFO] [MainThread] 스피커 idle 대기 후 사운드 명령 전송 예정: command=tts:안녕하세요., pending_count=1
2026-08-21 09:53:26.105 [session=000416] [INFO] [MainThread] 스피커 상태 조회 API 호출: command=tts:안녕하세요., pending_count=1
2026-08-21 09:53:26.106 [session=000416] [DEBUG] [RestApiThread] _get_data: 요청 시작 - tag: REST_API_TAG.GET_SPEAKER_STATUS, url: http://localhost:8080/robot_ec2b/speaker/status
2026-08-21 09:53:26.107 [session=000416] [DEBUG] [RestApiThread] _get_data: 요청 전송 완료 - tag: REST_API_TAG.GET_SPEAKER_STATUS, timeout: 30000ms
2026-08-21 09:53:26.116 [session=000416] [DEBUG] [RestApiThread] _handle_response 호출됨 - tag: REST_API_TAG.GET_SPEAKER_STATUS, status_code: 200
2026-08-21 09:53:26.117 [session=000416] [INFO] [MainThread] 스피커 상태 조회 응답: status=idle, command=tts:안녕하세요., pending_count=1
2026-08-21 09:53:26.118 [session=000416] [INFO] [MainThread] 스피커 idle 확인 - 음성 재생 API 호출: command=tts:안녕하세요., remaining_count=0
2026-08-21 09:53:26.118 [session=000416] [INFO] [MainThread] 음성 재생 API 호출 완료: command=tts:안녕하세요.
2026-08-21 09:53:26.120 [session=000416] [INFO] [RestApiThread] [REST API] 음성 재생 POST 전송 직전: url=http://localhost:8080/robot_ec2b/speaker/sound_command, payload={"data": "tts:\uc548\ub155\ud558\uc138\uc694."}, timeout=30000ms, pending_before=0
2026-08-21 09:53:26.120 [session=000416] [INFO] [RestApiThread] [REST API] 음성 재생 POST 전송 등록 완료: url=http://localhost:8080/robot_ec2b/speaker/sound_command, reply_id=281471287908864, pending_after=1
2026-08-21 09:53:26.159 [session=000416] [DEBUG] [RestApiThread] _handle_response 호출됨 - tag: REST_API_TAG.POST_SOUND_COMMAND, status_code: 200
2026-08-21 09:53:26.161 [session=000416] [INFO] [RestApiThread] [REST API] 음성 재생 POST 성공: status=200, pending→0, response={"ok":true,"payload":{"data":"tts:안녕하세요."}}
2026-08-21 09:53:26.900 [session=000416] [DEBUG] [RestApiThread] GetCallBellFromRESTAPI 요청 시작
2026-08-21 09:53:26.905 [session=000416] [DEBUG] [RestApiThread] _get_data: 요청 시작 - tag: REST_API_TAG.GET_CALLBELL, url: http://localhost:8080/robot_ec2b/callbell
2026-08-21 09:53:26.906 [session=000416] [DEBUG] [RestApiThread] _get_data: 요청 전송 완료 - tag: REST_API_TAG.GET_CALLBELL, timeout: 30000ms
2026-08-21 09:53:26.913 [session=000416] [INFO] [MainThread] model_manager set_destinations: unchanged (5 items) - emit skipped
2026-08-21 09:53:26.918 [session=000416] [INFO] [MainThread] My IP : 192.168.104.212
2026-08-21 09:53:26.934 [session=000416] [DEBUG] [RestApiThread] _handle_response 호출됨 - tag: REST_API_TAG.GET_CALLBELL, status_code: 200
2026-08-21 09:53:26.935 [session=000416] [INFO] [ThreadPoolExecutor-5_1] 호출벨 데이터 수신: 5개
2026-08-21 09:53:26.937 [session=000416] [INFO] [MainThread] 호출벨-목적지 동기화 완료: 5개 호출벨
2026-08-21 09:53:26.938 [session=000416] [INFO] [MainThread] 목적지 리스트 반환: destinations=[Destination(name='로비', goal_pose=Pose(x=4.241336459631034, y=-2.361104203714551, qw=0.5097087478206948, qz=0.8603470185890456), bell=Bells(treatment='', suction='64012cd7'), idx=0, color='#e53935'), Destination(name='수술실', goal_pose=Pose(x=4.5199271819089395, y=-3.9219605026851503, qw=0.14533446519134308, qz=-0.9893825818294691), bell=Bells(treatment='', suction='64132cd7'), idx=1, color='#e53935'), Destination(name='진료실', goal_pose=Pose(x=0.11980823444488001, y=-3.735511450600503, qw=0.9963649848510123, qz=0.0851869530083222), bell=Bells(treatment='', suction='64252cd7'), idx=2, color='#e53935'), Destination(name='창고', goal_pose=Pose(x=0.2834625688692579, y=-6.793061814598156, qw=0.5257961572167338, qz=0.850610604834031), bell=Bells(treatment='', suction='64372cd7'), idx=3, color='#e53935'), Destination(name='소독실', goal_pose=Pose(x=-3.4045695907217928, y=-7.611793760201744, qw=0.546869706461766, qz=0.8372177280459497), bell=Bells(treatment='', suction='64492cd7'), idx=4, color='#e53935')]
2026-08-21 09:53:26.938 [session=000416] [INFO] [MainThread] 호출벨 리스트 반환: callbells={'64012cd7': {'name': '호출벨 1', 'usage': 'suction', 'destination': '로비'}, '64132cd7': {'name': '호출벨 2', 'usage': 'suction', 'destination': '수술실'}, '64252cd7': {'name': '호출벨 3', 'usage': 'suction', 'destination': '진료실'}, '64372cd7': {'name': '호출벨 4', 'usage': 'suction', 'destination': '창고'}, '64492cd7': {'name': '호출벨 5', 'usage': 'suction', 'destination': '소독실'}}, robot_usages=['treatment', 'suction']
2026-08-21 09:53:28.001 [session=000416] [INFO] [MainThread] 배터리 로거 초기화 완료
2026-08-21 09:53:28.005 [session=000416] [INFO] [ThreadPoolExecutor-7_0] 배터리 로그 로드 완료: 531개 레코드
2026-08-21 09:53:28.394 [session=000416] [INFO] [MainThread] 🔊 SoundManager 초기화 시작 (QtMultimedia worker)
2026-08-21 09:53:28.396 [session=000416] [INFO] [MainThread] Loading sound list from: /home/dentium/robot_GUIs/app/config/sound_list.json
2026-08-21 09:53:28.400 [session=000416] [DEBUG] [MainThread] [SoundManager] 볼륨 설정: 50%
2026-08-21 09:53:28.531 [session=000416] [INFO] [MainThread] [SoundManager] BGM 프로세스 시작: program=/home/dentium/robot_GUIs/.venv/bin/python3, args=-u /home/dentium/robot_GUIs/app/resources/sounds/bgm_player_process.py
2026-08-21 09:53:28.532 [session=000416] [INFO] [MainThread] SoundManager initialized. backend=qt-worker+bgm-process
2026-08-21 09:53:28.533 [session=000416] [INFO] [Dummy-6] [SoundManager] HDMI 오디오 장치 선택: Built-in Audio Digital Stereo (HDMI)
2026-08-21 09:53:28.536 [session=000416] [DEBUG] [MainThread] [SoundManager] 볼륨 설정: 14%
2026-08-21 09:53:28.537 [session=000416] [INFO] [Dummy-6] [SoundManager] QtMultimedia worker initialized thread=QtAudioWorkerThread, device=Built-in Audio Digital Stereo (HDMI)
2026-08-21 09:53:28.537 [session=000416] [DEBUG] [Dummy-6] [SoundManager] 워커 볼륨 설정: 50%
2026-08-21 09:53:28.538 [session=000416] [INFO] [MainThread] [INIT] 설정 파일 볼륨 적용: 14% (muted)
2026-08-21 09:53:28.538 [session=000416] [DEBUG] [Dummy-6] [SoundManager] 워커 볼륨 설정: 14%
2026-08-21 09:53:28.538 [session=000416] [INFO] [MainThread] ViewManager에 SoundManager 참조 설정 완료
2026-08-21 09:53:28.538 [session=000416] [INFO] [MainThread] [SoundManager] 오디오 keepalive warm-up 생략: DENTIUM_AUDIO_KEEPALIVE=1에서만 활성
2026-08-21 09:53:28.538 [session=000416] [DEBUG] [Dummy-6] [SoundManager] 워커 볼륨 설정: 0%
2026-08-21 09:53:28.539 [session=000416] [INFO] [MainThread] 버튼 클릭 사운드 warm-up 완료: button0.wav
2026-08-21 09:53:28.540 [session=000416] [INFO] [MainThread] ✅ SoundManager 초기화 완료
2026-08-21 09:53:28.541 [session=000416] [INFO] [MainThread] SoundManager worker ready. device=Built-in Audio Digital Stereo (HDMI)
2026-08-21 09:53:28.542 [session=000416] [INFO] [MainThread] [SoundManager] BGM 프로세스 started
2026-08-21 09:53:28.543 [session=000416] [INFO] [Dummy-6] [AUDIO_DIAG] cached effect created device=Built-in Audio Digital Stereo (HDMI), path=/home/dentium/robot_GUIs/app/resources/sounds/sounds/button0.wav
2026-08-21 09:53:28.545 [session=000416] [DEBUG] [Dummy-6] [AUDIO_DIAG] cached effect status status=Ready, path=/home/dentium/robot_GUIs/app/resources/sounds/sounds/button0.wav
2026-08-21 09:53:28.989 [session=000416] [INFO] [MainThread] [Logger] Session 000416 opened: /home/dentium/robot_GUIs/log/log_session_000416_20260821_095313.log
2026-08-21 09:53:28.989 [session=000416] [INFO] [MainThread] [BGM_PROCESS] HDMI 오디오 장치 선택: Built-in Audio Digital Stereo (HDMI)
2026-08-21 09:53:28.992 [session=000416] [INFO] [MainThread] [BGM_PROCESS] initialized pid=3695, device=Built-in Audio Digital Stereo (HDMI)
2026-08-21 09:53:28.994 [session=000416] [INFO] [MainThread] [SoundManager] BGM 프로세스 ready: pid=3695, device=Built-in Audio Digital Stereo (HDMI)
2026-08-21 09:53:29.395 [session=000416] [INFO] [MainThread] [MAIN_THREAD_HEARTBEAT] GUI main thread alive: thread=MainThread
2026-08-21 09:53:30.501 [session=000416] [INFO] [MainThread] SettingContentWidget 초기화 완료 (상세 화면 lazy 생성)
2026-08-21 09:53:30.510 [session=000416] [INFO] [MainThread] 키보드 매니저가 ScreenContentHost에 연결되었습니다.
2026-08-21 09:53:30.511 [session=000416] [INFO] [MainThread] 키보드 매니저가 RobotContentWidget에 전달되었습니다.
2026-08-21 09:53:30.516 [session=000416] [WARNING] [MainThread] [PERF] 화면형 콘텐츠 생성 단계 지연: system_content, 121.6ms, steps: import_class=97.9ms, construct=10.4ms, replace_placeholder=6.5ms, fixed_scale_skip=0.0ms, created_hooks=6.7ms
2026-08-21 09:53:30.519 [session=000416] [WARNING] [MainThread] [PERF] 화면형 콘텐츠 lazy 생성 지연: system_content, 124.2ms
2026-08-21 09:53:30.520 [session=000416] [WARNING] [MainThread] [PERF] 일반 설정 콘텐츠 prewarm 지연: 125.6ms
2026-08-21 09:53:30.522 [session=000416] [INFO] [MainThread] 일반 설정 콘텐츠 idle prewarm 완료
2026-08-21 09:53:32.915 [session=000416] [WARNING] [MainThread] [PERF] SettingDetailWidget_Network.__init__ 지연: 120.6ms, steps: imports=34.5ms, base_setup=8.4ms, wifi_power_controls=2.8ms, dashboard_panel=4.4ms, saved_network_list=30.1ms, scanned_network_list=26.4ms, network_list_signals=3.1ms, empty_labels=2.4ms, loading_indicator=2.1ms
2026-08-21 09:53:32.966 [session=000416] [WARNING] [MainThread] [PERF] SettingContentWidget page 생성 지연: page=network, 171.4ms, steps: construct_and_signals=124.4ms, replace_placeholder=46.0ms, fixed_scale_skip=0.0ms
2026-08-21 09:53:32.971 [session=000416] [INFO] [MainThread] 키보드 매니저가 ScreenContentHost에 연결되었습니다.
2026-08-21 09:53:32.971 [session=000416] [INFO] [MainThread] 키보드 매니저가 RobotContentWidget에 전달되었습니다.
2026-08-21 09:53:32.981 [session=000416] [WARNING] [MainThread] [PERF] 시스템 상세 콘텐츠 prewarm 지연: 186.3ms, pages=network
2026-08-21 09:53:32.983 [session=000416] [INFO] [MainThread] 네트워크 설정 콘텐츠 idle prewarm 완료
2026-08-21 09:53:33.621 [session=000416] [INFO] [MainThread] WiFi Scan Results Summary:
2026-08-21 09:53:33.626 [session=000416] [INFO] [MainThread]  - Raw networks from scan: 1
2026-08-21 09:53:33.626 [session=000416] [INFO] [MainThread]  - Unique SSIDs to display: 1
2026-08-21 09:53:33.626 [session=000416] [INFO] [MainThread]  - Connected networks (top): 1
2026-08-21 09:53:33.626 [session=000416] [INFO] [MainThread]  - Disconnected networks: 0
2026-08-21 09:53:33.660 [session=000416] [DEBUG] [MainThread] SSID: Dentium_wifi, SIGNAL: 82
2026-08-21 09:53:33.781 [session=000416] [INFO] [MainThread] WiFi Scan Results Summary: 재생성 중 메타 갱신 지연 적용
2026-08-21 09:53:33.781 [session=000416] [INFO] [MainThread] WiFi Scan Results Summary:
2026-08-21 09:53:33.782 [session=000416] [INFO] [MainThread]  - Raw networks from scan: 10
2026-08-21 09:53:33.782 [session=000416] [INFO] [MainThread]  - Unique SSIDs to display: 10
2026-08-21 09:53:33.782 [session=000416] [INFO] [MainThread]  - Connected networks (top): 0
2026-08-21 09:53:33.782 [session=000416] [INFO] [MainThread]  - Disconnected networks: 10
2026-08-21 09:53:33.867 [session=000416] [DEBUG] [MainThread] SSID: robot_cam, SIGNAL: 100
2026-08-21 09:53:33.887 [session=000416] [DEBUG] [MainThread] SSID: Dentium_wifi, SIGNAL: 82
2026-08-21 09:53:33.904 [session=000416] [DEBUG] [MainThread] SSID: robot_cam5G, SIGNAL: 100
2026-08-21 09:53:33.917 [session=000416] [DEBUG] [MainThread] SSID: DooHyun_Dev, SIGNAL: 99
2026-08-21 09:53:33.946 [session=000416] [DEBUG] [MainThread] SSID: [LG_AirPurifier]a63c, SIGNAL: 87
2026-08-21 09:53:33.963 [session=000416] [DEBUG] [MainThread] SSID: iptime, SIGNAL: 74
2026-08-21 09:53:33.979 [session=000416] [DEBUG] [MainThread] SSID: iptime5G, SIGNAL: 64
2026-08-21 09:53:34.002 [session=000416] [DEBUG] [MainThread] SSID: Dentium_wifi_5F, SIGNAL: 60
2026-08-21 09:53:34.030 [session=000416] [DEBUG] [MainThread] SSID: [LG_AirPurifier]47de, SIGNAL: 57
2026-08-21 09:53:34.053 [session=000416] [DEBUG] [MainThread] SSID: Dentium_wifi_6F, SIGNAL: 50
2026-08-21 09:53:34.074 [session=000416] [DEBUG] [MainThread] SSID: DIRECT-23-HP OfficeJet Pro 9010, SIGNAL: 39
2026-08-21 09:53:34.580 [session=000416] [INFO] [SSE-SSE_BATTERY_LOW_SHUTDOWN] [SSE_DIAG] connect attempt tag=SSE_BATTERY_LOW_SHUTDOWN, reconnect=2, url=http://localhost:8080/robot_ec2b/events/battery/low_shutdown
2026-08-21 09:53:34.672 [session=000416] [INFO] [SSE-SSE_BATTERY_LOW_SHUTDOWN] [SSE_DIAG] connected tag=SSE_BATTERY_LOW_SHUTDOWN, status=404, reason=Not Found, elapsed=0.09s, content_type=application/json, url=http://localhost:8080/robot_ec2b/events/battery/low_shutdown
2026-08-21 09:53:34.673 [session=000416] [ERROR] [SSE-SSE_BATTERY_LOW_SHUTDOWN] [SSE_DIAG] non-200 response tag=SSE_BATTERY_LOW_SHUTDOWN, status=404, reason=Not Found, url=http://localhost:8080/robot_ec2b/events/battery/low_shutdown
2026-08-21 09:53:34.693 [session=000416] [WARNING] [MainThread] [PERF] SettingContentWidget page 생성 지연: page=info, 298.2ms, steps: construct_and_signals=156.2ms, replace_placeholder=36.0ms, fixed_scale=96.7ms, page_layout=9.2ms
2026-08-21 09:53:34.694 [session=000416] [INFO] [SSE-SSE_BATTERY_LOW_SHUTDOWN] [SSE_DIAG] reconnect wait tag=SSE_BATTERY_LOW_SHUTDOWN, delay=10s, reconnect=3, reason=HTTP 404, url=http://localhost:8080/robot_ec2b/events/battery/low_shutdown
2026-08-21 09:53:34.696 [session=000416] [INFO] [MainThread] 키보드 매니저가 ScreenContentHost에 연결되었습니다.
2026-08-21 09:53:34.698 [session=000416] [INFO] [MainThread] 키보드 매니저가 RobotContentWidget에 전달되었습니다.
2026-08-21 09:53:34.701 [session=000416] [WARNING] [MainThread] [PERF] 시스템 상세 콘텐츠 prewarm 지연: 305.9ms, pages=info
2026-08-21 09:53:34.702 [session=000416] [INFO] [MainThread] 시스템 정보 콘텐츠 idle prewarm 완료
2026-08-21 09:53:34.703 [session=000416] [INFO] [MainThread] [MAIN_THREAD_HEARTBEAT] GUI main thread alive: thread=MainThread
2026-08-21 09:53:35.896 [session=000416] [INFO] [MainThread] WiFi Scan Results Summary: 동일 네트워크 목록 - UI 재생성 생략
2026-08-21 09:53:35.898 [session=000416] [INFO] [MainThread] WiFi Scan Results Summary: 동일 네트워크 목록 - UI 재생성 생략
2026-08-21 09:53:36.495 [session=000416] [INFO] [MainThread] MonitorContentWidget 초기화 완료
2026-08-21 09:53:36.539 [session=000416] [INFO] [MainThread] 키보드 매니저가 ScreenContentHost에 연결되었습니다.
2026-08-21 09:53:36.539 [session=000416] [INFO] [MainThread] 키보드 매니저가 RobotContentWidget에 전달되었습니다.
2026-08-21 09:53:36.541 [session=000416] [WARNING] [MainThread] [PERF] 화면형 콘텐츠 생성 단계 지연: monitor_content, 146.8ms, steps: import_class=12.2ms, construct=89.4ms, replace_placeholder=14.6ms, fixed_scale=28.0ms, created_hooks=2.5ms
2026-08-21 09:53:36.543 [session=000416] [WARNING] [MainThread] [PERF] 화면형 콘텐츠 lazy 생성 지연: monitor_content, 148.6ms
2026-08-21 09:53:36.544 [session=000416] [WARNING] [MainThread] [PERF] 모니터링 콘텐츠 prewarm 지연: 150.1ms
2026-08-21 09:53:36.545 [session=000416] [INFO] [MainThread] 모니터링 콘텐츠 idle prewarm 완료
2026-08-21 09:53:36.897 [session=000416] [DEBUG] [RestApiThread] GetCallBellFromRESTAPI 요청 시작
2026-08-21 09:53:36.898 [session=000416] [DEBUG] [RestApiThread] _get_data: 요청 시작 - tag: REST_API_TAG.GET_CALLBELL, url: http://localhost:8080/robot_ec2b/callbell
2026-08-21 09:53:36.904 [session=000416] [DEBUG] [RestApiThread] _get_data: 요청 전송 완료 - tag: REST_API_TAG.GET_CALLBELL, timeout: 30000ms
2026-08-21 09:53:36.908 [session=000416] [INFO] [MainThread] model_manager set_destinations: unchanged (5 items) - emit skipped
2026-08-21 09:53:36.910 [session=000416] [DEBUG] [RestApiThread] _handle_response 호출됨 - tag: REST_API_TAG.GET_CALLBELL, status_code: 200
2026-08-21 09:53:36.910 [session=000416] [INFO] [ThreadPoolExecutor-5_0] 호출벨 데이터 수신: 5개
2026-08-21 09:53:36.912 [session=000416] [INFO] [MainThread] 호출벨-목적지 동기화 완료: 5개 호출벨
2026-08-21 09:53:36.912 [session=000416] [INFO] [MainThread] 목적지 리스트 반환: destinations=[Destination(name='로비', goal_pose=Pose(x=4.241336459631034, y=-2.361104203714551, qw=0.5097087478206948, qz=0.8603470185890456), bell=Bells(treatment='', suction='64012cd7'), idx=0, color='#e53935'), Destination(name='수술실', goal_pose=Pose(x=4.5199271819089395, y=-3.9219605026851503, qw=0.14533446519134308, qz=-0.9893825818294691), bell=Bells(treatment='', suction='64132cd7'), idx=1, color='#e53935'), Destination(name='진료실', goal_pose=Pose(x=0.11980823444488001, y=-3.735511450600503, qw=0.9963649848510123, qz=0.0851869530083222), bell=Bells(treatment='', suction='64252cd7'), idx=2, color='#e53935'), Destination(name='창고', goal_pose=Pose(x=0.2834625688692579, y=-6.793061814598156, qw=0.5257961572167338, qz=0.850610604834031), bell=Bells(treatment='', suction='64372cd7'), idx=3, color='#e53935'), Destination(name='소독실', goal_pose=Pose(x=-3.4045695907217928, y=-7.611793760201744, qw=0.546869706461766, qz=0.8372177280459497), bell=Bells(treatment='', suction='64492cd7'), idx=4, color='#e53935')]
2026-08-21 09:53:36.912 [session=000416] [INFO] [MainThread] 호출벨 리스트 반환: callbells={'64012cd7': {'name': '호출벨 1', 'usage': 'suction', 'destination': '로비'}, '64132cd7': {'name': '호출벨 2', 'usage': 'suction', 'destination': '수술실'}, '64252cd7': {'name': '호출벨 3', 'usage': 'suction', 'destination': '진료실'}, '64372cd7': {'name': '호출벨 4', 'usage': 'suction', 'destination': '창고'}, '64492cd7': {'name': '호출벨 5', 'usage': 'suction', 'destination': '소독실'}}, robot_usages=['treatment', 'suction']
2026-08-21 09:53:36.921 [session=000416] [INFO] [MainThread] My IP : 192.168.104.212
2026-08-21 09:53:36.962 [session=000416] [DEBUG] [MainThread] SSID: Dentium_wifi, SIGNAL: 84
2026-08-21 09:53:37.430 [session=000416] [INFO] [MainThread] 배터리 그래프 위젯 초기화 완료
2026-08-21 09:53:37.442 [session=000416] [INFO] [MainThread] 배터리 이력 위젯 초기화 완료
2026-08-21 09:53:37.472 [session=000416] [INFO] [MainThread] 배터리 이력 콘텐츠 prewarm 완료: 78.0ms
2026-08-21 09:53:37.473 [session=000416] [INFO] [MainThread] 배터리 이력 콘텐츠 idle prewarm 완료
2026-08-21 09:53:39.477 [session=000416] [WARNING] [MainThread] [PERF] 문제 진단 콘텐츠 prewarm 지연: 83.7ms
2026-08-21 09:53:39.479 [session=000416] [INFO] [MainThread] 문제 진단 콘텐츠 idle prewarm 완료
2026-08-21 09:53:39.480 [session=000416] [INFO] [MainThread] [MAIN_THREAD_HEARTBEAT] GUI main thread alive: thread=MainThread
2026-08-21 09:53:40.442 [session=000416] [INFO] [MainThread] CallBellContentWidget 초기화 완료
2026-08-21 09:53:40.492 [session=000416] [INFO] [MainThread] 키보드 매니저가 ScreenContentHost에 연결되었습니다.
2026-08-21 09:53:40.494 [session=000416] [INFO] [MainThread] 키보드 매니저가 RobotContentWidget에 전달되었습니다.
2026-08-21 09:53:40.494 [session=000416] [INFO] [MainThread] 키보드 매니저가 CallBellContentWidget에 연결되었습니다.
2026-08-21 09:53:40.496 [session=000416] [WARNING] [MainThread] [PERF] 화면형 콘텐츠 생성 단계 지연: callbell_content, 102.9ms, steps: import_class=3.9ms, construct=45.8ms, replace_placeholder=31.3ms, fixed_scale=17.0ms, created_hooks=4.8ms
2026-08-21 09:53:40.499 [session=000416] [WARNING] [MainThread] [PERF] 화면형 콘텐츠 lazy 생성 지연: callbell_content, 105.3ms
2026-08-21 09:53:40.500 [session=000416] [WARNING] [MainThread] [PERF] 호출벨 관리 콘텐츠 prewarm 지연: 106.6ms
2026-08-21 09:53:40.501 [session=000416] [INFO] [MainThread] 호출벨 관리 콘텐츠 idle prewarm 완료
2026-08-21 09:53:40.506 [session=000416] [INFO] [MainThread] 목적지 데이터 로드 예약: 5개
2026-08-21 09:53:40.507 [session=000416] [INFO] [MainThread] 호출벨 리스트 로드: 5개
2026-08-21 09:53:40.507 [session=000416] [DEBUG] [MainThread] [CallBellContentWidget.add_bell] ID=64012cd7, 신규=False
2026-08-21 09:53:40.508 [session=000416] [DEBUG] [MainThread] [CallBellItem.__init__] 생성 시작: bell_id=64012cd7
2026-08-21 09:53:40.523 [session=000416] [DEBUG] [MainThread] [CallBellItem.__init__] 생성 완료: bell_id=64012cd7
2026-08-21 09:53:40.531 [session=000416] [DEBUG] [MainThread] [CallBellContentWidget.add_bell] CallBellItem 생성 완료
2026-08-21 09:53:40.532 [session=000416] [DEBUG] [MainThread] [CallBellContentWidget.add_bell] 시그널 연결 완료
2026-08-21 09:53:40.533 [session=000416] [DEBUG] [MainThread] [CallBellContentWidget.add_bell] 레이아웃에 위젯 추가 완료
2026-08-21 09:53:40.533 [session=000416] [DEBUG] [MainThread] [CallBellContentWidget.add_bell] 기존 호출벨 로드 (하이라이트 없음)
2026-08-21 09:53:40.533 [session=000416] [DEBUG] [MainThread] [CallBellContentWidget.add_bell] 완료
2026-08-21 09:53:40.533 [session=000416] [DEBUG] [MainThread] [CallBellContentWidget.add_bell] ID=64132cd7, 신규=False
2026-08-21 09:53:40.534 [session=000416] [DEBUG] [MainThread] [CallBellItem.__init__] 생성 시작: bell_id=64132cd7
2026-08-21 09:53:40.539 [session=000416] [DEBUG] [MainThread] [CallBellItem.__init__] 생성 완료: bell_id=64132cd7
2026-08-21 09:53:40.543 [session=000416] [DEBUG] [MainThread] [CallBellContentWidget.add_bell] CallBellItem 생성 완료
2026-08-21 09:53:40.544 [session=000416] [DEBUG] [MainThread] [CallBellContentWidget.add_bell] 시그널 연결 완료
2026-08-21 09:53:40.544 [session=000416] [DEBUG] [MainThread] [CallBellContentWidget.add_bell] 레이아웃에 위젯 추가 완료
2026-08-21 09:53:40.544 [session=000416] [DEBUG] [MainThread] [CallBellContentWidget.add_bell] 기존 호출벨 로드 (하이라이트 없음)
2026-08-21 09:53:40.544 [session=000416] [DEBUG] [MainThread] [CallBellContentWidget.add_bell] 완료
2026-08-21 09:53:40.544 [session=000416] [INFO] [MainThread] 호출벨용 용도 목록 로드 요청
2026-08-21 09:53:40.545 [session=000416] [INFO] [MainThread] 호출벨에 용도 목록 전달: 2개
2026-08-21 09:53:40.545 [session=000416] [INFO] [MainThread] 용도 목록 로드: 2개
2026-08-21 09:53:40.545 [session=000416] [INFO] [MainThread] 목적지 목록 로드: 5개
2026-08-21 09:53:40.545 [session=000416] [INFO] [MainThread] 호출벨 관리에 목적지 목록 전달: 5개
2026-08-21 09:53:40.561 [session=000416] [DEBUG] [MainThread] [CallBellContentWidget.add_bell] ID=64252cd7, 신규=False
2026-08-21 09:53:40.562 [session=000416] [DEBUG] [MainThread] [CallBellItem.__init__] 생성 시작: bell_id=64252cd7
2026-08-21 09:53:40.572 [session=000416] [DEBUG] [MainThread] [CallBellItem.__init__] 생성 완료: bell_id=64252cd7
2026-08-21 09:53:40.580 [session=000416] [DEBUG] [MainThread] [CallBellContentWidget.add_bell] CallBellItem 생성 완료
2026-08-21 09:53:40.580 [session=000416] [DEBUG] [MainThread] [CallBellContentWidget.add_bell] 시그널 연결 완료
2026-08-21 09:53:40.581 [session=000416] [DEBUG] [MainThread] [CallBellContentWidget.add_bell] 레이아웃에 위젯 추가 완료
2026-08-21 09:53:40.581 [session=000416] [DEBUG] [MainThread] [CallBellContentWidget.add_bell] 기존 호출벨 로드 (하이라이트 없음)
2026-08-21 09:53:40.581 [session=000416] [DEBUG] [MainThread] [CallBellContentWidget.add_bell] 완료
2026-08-21 09:53:40.581 [session=000416] [DEBUG] [MainThread] [CallBellContentWidget.add_bell] ID=64372cd7, 신규=False
2026-08-21 09:53:40.582 [session=000416] [DEBUG] [MainThread] [CallBellItem.__init__] 생성 시작: bell_id=64372cd7
2026-08-21 09:53:40.587 [session=000416] [DEBUG] [MainThread] [CallBellItem.__init__] 생성 완료: bell_id=64372cd7
2026-08-21 09:53:40.590 [session=000416] [DEBUG] [MainThread] [CallBellContentWidget.add_bell] CallBellItem 생성 완료
2026-08-21 09:53:40.591 [session=000416] [DEBUG] [MainThread] [CallBellContentWidget.add_bell] 시그널 연결 완료
2026-08-21 09:53:40.591 [session=000416] [DEBUG] [MainThread] [CallBellContentWidget.add_bell] 레이아웃에 위젯 추가 완료
2026-08-21 09:53:40.591 [session=000416] [DEBUG] [MainThread] [CallBellContentWidget.add_bell] 기존 호출벨 로드 (하이라이트 없음)
2026-08-21 09:53:40.591 [session=000416] [DEBUG] [MainThread] [CallBellContentWidget.add_bell] 완료
2026-08-21 09:53:40.604 [session=000416] [DEBUG] [MainThread] [CallBellContentWidget.add_bell] ID=64492cd7, 신규=False
2026-08-21 09:53:40.606 [session=000416] [DEBUG] [MainThread] [CallBellItem.__init__] 생성 시작: bell_id=64492cd7
2026-08-21 09:53:40.613 [session=000416] [DEBUG] [MainThread] [CallBellItem.__init__] 생성 완료: bell_id=64492cd7
2026-08-21 09:53:40.620 [session=000416] [DEBUG] [MainThread] [CallBellContentWidget.add_bell] CallBellItem 생성 완료
2026-08-21 09:53:40.621 [session=000416] [DEBUG] [MainThread] [CallBellContentWidget.add_bell] 시그널 연결 완료
2026-08-21 09:53:40.621 [session=000416] [DEBUG] [MainThread] [CallBellContentWidget.add_bell] 레이아웃에 위젯 추가 완료
2026-08-21 09:53:40.621 [session=000416] [DEBUG] [MainThread] [CallBellContentWidget.add_bell] 기존 호출벨 로드 (하이라이트 없음)
2026-08-21 09:53:40.621 [session=000416] [DEBUG] [MainThread] [CallBellContentWidget.add_bell] 완료
2026-08-21 09:53:40.624 [session=000416] [INFO] [MainThread] 목적지 목록 로드: 5개
2026-08-21 09:53:40.624 [session=000416] [INFO] [MainThread] 호출벨 관리에 목적지 목록 전달: 5개
2026-08-21 09:53:42.662 [session=000416] [INFO] [MainThread] 키보드 매니저가 ScreenContentHost에 연결되었습니다.
2026-08-21 09:53:42.665 [session=000416] [INFO] [MainThread] 키보드 매니저가 RobotContentWidget에 전달되었습니다.
2026-08-21 09:53:42.665 [session=000416] [INFO] [MainThread] 키보드 매니저가 CallBellContentWidget에 연결되었습니다.
2026-08-21 09:53:42.673 [session=000416] [WARNING] [MainThread] [PERF] 화면형 콘텐츠 생성 단계 지연: sequential_move_content, 279.5ms, steps: import_class=67.5ms, construct=132.2ms, replace_placeholder=66.8ms, created_hooks=11.1ms
2026-08-21 09:53:42.674 [session=000416] [WARNING] [MainThread] [PERF] 화면형 콘텐츠 lazy 생성 지연: sequential_move_content, 280.9ms
2026-08-21 09:53:42.676 [session=000416] [WARNING] [MainThread] [PERF] 순차 이동 콘텐츠 prewarm 지연: 282.4ms
2026-08-21 09:53:42.678 [session=000416] [INFO] [MainThread] 순차 이동 콘텐츠 idle prewarm 완료
2026-08-21 09:53:42.700 [session=000416] [INFO] [MainThread] 순차 이동 설정 로드 완료: /home/dentium/robot_GUIs/app/config/sequential_move.json
2026-08-21 09:53:42.704 [session=000416] [INFO] [MainThread] 목적지 데이터 로드 예약: 5개
2026-08-21 09:53:42.740 [session=000416] [INFO] [MainThread] 목적지 목록 로드: 5개
2026-08-21 09:53:42.741 [session=000416] [INFO] [MainThread] 호출벨 관리에 목적지 목록 전달: 5개
2026-08-21 09:53:42.920 [session=000416] [INFO] [ThreadPoolExecutor-8_0] 순차 이동 설정 저장 완료: /home/dentium/robot_GUIs/app/config/sequential_move.json
2026-08-21 09:53:44.396 [session=000416] [INFO] [MainThread] [MAIN_THREAD_HEARTBEAT] GUI main thread alive: thread=MainThread
2026-08-21 09:53:44.699 [session=000416] [INFO] [SSE-SSE_BATTERY_LOW_SHUTDOWN] [SSE_DIAG] connect attempt tag=SSE_BATTERY_LOW_SHUTDOWN, reconnect=3, url=http://localhost:8080/robot_ec2b/events/battery/low_shutdown
2026-08-21 09:53:44.716 [session=000416] [INFO] [SSE-SSE_BATTERY_LOW_SHUTDOWN] [SSE_DIAG] connected tag=SSE_BATTERY_LOW_SHUTDOWN, status=404, reason=Not Found, elapsed=0.02s, content_type=application/json, url=http://localhost:8080/robot_ec2b/events/battery/low_shutdown
2026-08-21 09:53:44.716 [session=000416] [ERROR] [SSE-SSE_BATTERY_LOW_SHUTDOWN] [SSE_DIAG] non-200 response tag=SSE_BATTERY_LOW_SHUTDOWN, status=404, reason=Not Found, url=http://localhost:8080/robot_ec2b/events/battery/low_shutdown
2026-08-21 09:53:44.719 [session=000416] [INFO] [SSE-SSE_BATTERY_LOW_SHUTDOWN] [SSE_DIAG] reconnect wait tag=SSE_BATTERY_LOW_SHUTDOWN, delay=10s, reconnect=4, reason=HTTP 404, url=http://localhost:8080/robot_ec2b/events/battery/low_shutdown
2026-08-21 09:53:46.896 [session=000416] [DEBUG] [RestApiThread] GetCallBellFromRESTAPI 요청 시작
2026-08-21 09:53:46.903 [session=000416] [DEBUG] [RestApiThread] _get_data: 요청 시작 - tag: REST_API_TAG.GET_CALLBELL, url: http://localhost:8080/robot_ec2b/callbell
2026-08-21 09:53:46.904 [session=000416] [DEBUG] [RestApiThread] _get_data: 요청 전송 완료 - tag: REST_API_TAG.GET_CALLBELL, timeout: 30000ms
2026-08-21 09:53:46.906 [session=000416] [INFO] [MainThread] model_manager set_destinations: unchanged (5 items) - emit skipped
2026-08-21 09:53:46.910 [session=000416] [DEBUG] [RestApiThread] _handle_response 호출됨 - tag: REST_API_TAG.GET_CALLBELL, status_code: 200
2026-08-21 09:53:46.913 [session=000416] [INFO] [ThreadPoolExecutor-5_0] 호출벨 데이터 수신: 5개
2026-08-21 09:53:46.919 [session=000416] [INFO] [MainThread] 호출벨-목적지 동기화 완료: 5개 호출벨
2026-08-21 09:53:46.919 [session=000416] [INFO] [MainThread] 목적지 리스트 반환: destinations=[Destination(name='로비', goal_pose=Pose(x=4.241336459631034, y=-2.361104203714551, qw=0.5097087478206948, qz=0.8603470185890456), bell=Bells(treatment='', suction='64012cd7'), idx=0, color='#e53935'), Destination(name='수술실', goal_pose=Pose(x=4.5199271819089395, y=-3.9219605026851503, qw=0.14533446519134308, qz=-0.9893825818294691), bell=Bells(treatment='', suction='64132cd7'), idx=1, color='#e53935'), Destination(name='진료실', goal_pose=Pose(x=0.11980823444488001, y=-3.735511450600503, qw=0.9963649848510123, qz=0.0851869530083222), bell=Bells(treatment='', suction='64252cd7'), idx=2, color='#e53935'), Destination(name='창고', goal_pose=Pose(x=0.2834625688692579, y=-6.793061814598156, qw=0.5257961572167338, qz=0.850610604834031), bell=Bells(treatment='', suction='64372cd7'), idx=3, color='#e53935'), Destination(name='소독실', goal_pose=Pose(x=-3.4045695907217928, y=-7.611793760201744, qw=0.546869706461766, qz=0.8372177280459497), bell=Bells(treatment='', suction='64492cd7'), idx=4, color='#e53935')]
2026-08-21 09:53:46.920 [session=000416] [INFO] [MainThread] 호출벨 리스트 반환: callbells={'64012cd7': {'name': '호출벨 1', 'usage': 'suction', 'destination': '로비'}, '64132cd7': {'name': '호출벨 2', 'usage': 'suction', 'destination': '수술실'}, '64252cd7': {'name': '호출벨 3', 'usage': 'suction', 'destination': '진료실'}, '64372cd7': {'name': '호출벨 4', 'usage': 'suction', 'destination': '창고'}, '64492cd7': {'name': '호출벨 5', 'usage': 'suction', 'destination': '소독실'}}, robot_usages=['treatment', 'suction']
2026-08-21 09:53:46.920 [session=000416] [INFO] [MainThread] 호출벨 리스트 로드: 5개
2026-08-21 09:53:46.922 [session=000416] [INFO] [MainThread] 호출벨 목록 동일 - UI 재생성 생략
2026-08-21 09:53:46.923 [session=000416] [INFO] [MainThread] 호출벨용 용도 목록 로드 요청
2026-08-21 09:53:46.923 [session=000416] [INFO] [MainThread] 호출벨에 용도 목록 전달: 2개
2026-08-21 09:53:46.923 [session=000416] [INFO] [MainThread] 용도 목록 로드: 2개
2026-08-21 09:53:46.924 [session=000416] [INFO] [MainThread] 목적지 목록 로드: 5개
2026-08-21 09:53:46.924 [session=000416] [INFO] [MainThread] 호출벨 관리에 목적지 목록 전달: 5개
2026-08-21 09:53:46.933 [session=000416] [INFO] [MainThread] My IP : 192.168.104.212
2026-08-21 09:53:46.941 [session=000416] [INFO] [browser-music-sync_0] [BROWSER_MUSIC_SYNC] event=catalog_fetch_started master_base_url=http://127.0.0.1:5051
2026-08-21 09:53:46.983 [session=000416] [INFO] [browser-music-sync_0] [BROWSER_MUSIC_SYNC] event=catalog_fetch_succeeded master_base_url=http://127.0.0.1:5051 item_count=3
2026-08-21 09:53:46.989 [session=000416] [INFO] [RestApiThread] [REST API] 배경 음악 GET 전송: operation=selection_get, url=http://127.0.0.1:5051/api/voice-event-settings/background-music?robot_id=robot_ec2b
2026-08-21 09:53:46.990 [session=000416] [INFO] [RestApiThread] [REST API] 배경 음악 GET 전송: operation=resolved_get, url=http://127.0.0.1:5051/api/voice-event-settings/resolved?robot_id=robot_ec2b
2026-08-21 09:53:47.012 [session=000416] [DEBUG] [RestApiThread] _handle_response 호출됨 - tag: REST_API_TAG.GET_BACKGROUND_MUSIC_SETTING, status_code: 200
2026-08-21 09:53:47.014 [session=000416] [DEBUG] [RestApiThread] _handle_response 호출됨 - tag: REST_API_TAG.GET_RESOLVED_BACKGROUND_MUSIC, status_code: 200
2026-08-21 09:53:49.395 [session=000416] [INFO] [MainThread] [MAIN_THREAD_HEARTBEAT] GUI main thread alive: thread=MainThread
2026-08-21 09:53:54.398 [session=000416] [INFO] [MainThread] [MAIN_THREAD_HEARTBEAT] GUI main thread alive: thread=MainThread
2026-08-21 09:53:54.720 [session=000416] [INFO] [SSE-SSE_BATTERY_LOW_SHUTDOWN] [SSE_DIAG] connect attempt tag=SSE_BATTERY_LOW_SHUTDOWN, reconnect=4, url=http://localhost:8080/robot_ec2b/events/battery/low_shutdown
2026-08-21 09:53:54.733 [session=000416] [INFO] [SSE-SSE_BATTERY_LOW_SHUTDOWN] [SSE_DIAG] connected tag=SSE_BATTERY_LOW_SHUTDOWN, status=404, reason=Not Found, elapsed=0.01s, content_type=application/json, url=http://localhost:8080/robot_ec2b/events/battery/low_shutdown
2026-08-21 09:53:54.734 [session=000416] [ERROR] [SSE-SSE_BATTERY_LOW_SHUTDOWN] [SSE_DIAG] non-200 response tag=SSE_BATTERY_LOW_SHUTDOWN, status=404, reason=Not Found, url=http://localhost:8080/robot_ec2b/events/battery/low_shutdown
2026-08-21 09:53:54.736 [session=000416] [INFO] [SSE-SSE_BATTERY_LOW_SHUTDOWN] [SSE_DIAG] reconnect wait tag=SSE_BATTERY_LOW_SHUTDOWN, delay=10s, reconnect=5, reason=HTTP 404, url=http://localhost:8080/robot_ec2b/events/battery/low_shutdown
2026-08-21 09:53:56.900 [session=000416] [DEBUG] [RestApiThread] GetCallBellFromRESTAPI 요청 시작
2026-08-21 09:53:56.902 [session=000416] [DEBUG] [RestApiThread] _get_data: 요청 시작 - tag: REST_API_TAG.GET_CALLBELL, url: http://localhost:8080/robot_ec2b/callbell
2026-08-21 09:53:56.903 [session=000416] [DEBUG] [RestApiThread] _get_data: 요청 전송 완료 - tag: REST_API_TAG.GET_CALLBELL, timeout: 30000ms
2026-08-21 09:53:56.906 [session=000416] [INFO] [MainThread] model_manager set_destinations: unchanged (5 items) - emit skipped
2026-08-21 09:53:56.933 [session=000416] [DEBUG] [RestApiThread] _handle_response 호출됨 - tag: REST_API_TAG.GET_CALLBELL, status_code: 200
2026-08-21 09:53:56.934 [session=000416] [INFO] [ThreadPoolExecutor-5_0] 호출벨 데이터 수신: 5개
2026-08-21 09:53:56.935 [session=000416] [INFO] [MainThread] 호출벨-목적지 동기화 완료: 5개 호출벨
2026-08-21 09:53:56.936 [session=000416] [INFO] [MainThread] 목적지 리스트 반환: destinations=[Destination(name='로비', goal_pose=Pose(x=4.241336459631034, y=-2.361104203714551, qw=0.5097087478206948, qz=0.8603470185890456), bell=Bells(treatment='', suction='64012cd7'), idx=0, color='#e53935'), Destination(name='수술실', goal_pose=Pose(x=4.5199271819089395, y=-3.9219605026851503, qw=0.14533446519134308, qz=-0.9893825818294691), bell=Bells(treatment='', suction='64132cd7'), idx=1, color='#e53935'), Destination(name='진료실', goal_pose=Pose(x=0.11980823444488001, y=-3.735511450600503, qw=0.9963649848510123, qz=0.0851869530083222), bell=Bells(treatment='', suction='64252cd7'), idx=2, color='#e53935'), Destination(name='창고', goal_pose=Pose(x=0.2834625688692579, y=-6.793061814598156, qw=0.5257961572167338, qz=0.850610604834031), bell=Bells(treatment='', suction='64372cd7'), idx=3, color='#e53935'), Destination(name='소독실', goal_pose=Pose(x=-3.4045695907217928, y=-7.611793760201744, qw=0.546869706461766, qz=0.8372177280459497), bell=Bells(treatment='', suction='64492cd7'), idx=4, color='#e53935')]
2026-08-21 09:53:56.936 [session=000416] [INFO] [MainThread] 호출벨 리스트 반환: callbells={'64012cd7': {'name': '호출벨 1', 'usage': 'suction', 'destination': '로비'}, '64132cd7': {'name': '호출벨 2', 'usage': 'suction', 'destination': '수술실'}, '64252cd7': {'name': '호출벨 3', 'usage': 'suction', 'destination': '진료실'}, '64372cd7': {'name': '호출벨 4', 'usage': 'suction', 'destination': '창고'}, '64492cd7': {'name': '호출벨 5', 'usage': 'suction', 'destination': '소독실'}}, robot_usages=['treatment', 'suction']
2026-08-21 09:53:56.937 [session=000416] [INFO] [MainThread] 호출벨 리스트 로드: 5개
2026-08-21 09:53:56.937 [session=000416] [INFO] [MainThread] 호출벨 목록 동일 - UI 재생성 생략
2026-08-21 09:53:56.937 [session=000416] [INFO] [MainThread] 호출벨용 용도 목록 로드 요청
2026-08-21 09:53:56.937 [session=000416] [INFO] [MainThread] 호출벨에 용도 목록 전달: 2개
2026-08-21 09:53:56.937 [session=000416] [INFO] [MainThread] 용도 목록 로드: 2개
2026-08-21 09:53:56.938 [session=000416] [INFO] [MainThread] 목적지 목록 로드: 5개
2026-08-21 09:53:56.938 [session=000416] [INFO] [MainThread] 호출벨 관리에 목적지 목록 전달: 5개
2026-08-21 09:53:56.940 [session=000416] [INFO] [MainThread] My IP : 192.168.104.212
2026-08-21 09:53:59.394 [session=000416] [INFO] [MainThread] [MAIN_THREAD_HEARTBEAT] GUI main thread alive: thread=MainThread
2026-08-21 09:54:00.864 [session=000416] [INFO] [MainThread] User Input Detected: Event Type 194
2026-08-21 09:54:00.866 [session=000416] [DEBUG] [MainThread] [LockByTouch] [TOUCH LOCK] 터치 입력 감지 — req_lock(True)
2026-08-21 09:54:00.869 [session=000416] [DEBUG] [RestApiThread] [LockByTouch] [REST API] SendRobotLock(True)
2026-08-21 09:54:00.871 [session=000416] [INFO] [MainThread] User Input Detected: Event Type 194
2026-08-21 09:54:00.889 [session=000416] [INFO] [MainThread] User Input Detected: Event Type 2
2026-08-21 09:54:00.890 [session=000416] [INFO] [MainThread] User Input Detected: Event Type 2
2026-08-21 09:54:00.892 [session=000416] [DEBUG] [RestApiThread] _handle_response 호출됨 - tag: REST_API_TAG.POST_ROBOT_LOCK, status_code: 200
2026-08-21 09:54:00.898 [session=000416] [DEBUG] [ThreadPoolExecutor-5_0] 백그라운드 파싱 대상이 아닌 REST 태그: REST_API_TAG.POST_ROBOT_LOCK
2026-08-21 09:54:00.917 [session=000416] [DEBUG] [MainThread] [LockByTouch] set_view_lock(True), reason=screen context changed — 현재 상태: manual=False, cond=False, touch=True, slam=False
2026-08-21 09:54:00.918 [session=000416] [DEBUG] [RestApiThread] [LockByTouch] [REST API] SendRobotLock(True)
2026-08-21 09:54:00.918 [session=000416] [INFO] [MainThread] [LockByTouch] Idle timeout updated: 60 seconds
2026-08-21 09:54:00.938 [session=000416] [DEBUG] [RestApiThread] _handle_response 호출됨 - tag: REST_API_TAG.POST_ROBOT_LOCK, status_code: 200
2026-08-21 09:54:00.939 [session=000416] [DEBUG] [ThreadPoolExecutor-5_0] 백그라운드 파싱 대상이 아닌 REST 태그: REST_API_TAG.POST_ROBOT_LOCK
2026-08-21 09:54:01.044 [session=000416] [DEBUG] [MainThread] 🔊 버튼 클릭 소리 재생: button0.wav
2026-08-21 09:54:01.046 [session=000416] [DEBUG] [Dummy-6] [AUDIO_DIAG] cached effect request status=Ready, pool_size=1, device=Built-in Audio Digital Stereo (HDMI), path=/home/dentium/robot_GUIs/app/resources/sounds/sounds/button0.wav
2026-08-21 09:54:01.046 [session=000416] [DEBUG] [Dummy-6] [AUDIO_DIAG] cached effect play status=Ready, device=Built-in Audio Digital Stereo (HDMI), path=/home/dentium/robot_GUIs/app/resources/sounds/sounds/button0.wav
2026-08-21 09:54:01.061 [session=000416] [DEBUG] [Dummy-6] [AUDIO_DIAG] cached effect playing is_playing=True, status=Ready, path=/home/dentium/robot_GUIs/app/resources/sounds/sounds/button0.wav
2026-08-21 09:54:01.097 [session=000416] [DEBUG] [SSE-SSE_ROBOT_STATUS] SSE robot status: ROBOT_LOCKED
2026-08-21 09:54:01.119 [session=000416] [DEBUG] [Dummy-6] [AUDIO_DIAG] cached effect playing is_playing=False, status=Ready, path=/home/dentium/robot_GUIs/app/resources/sounds/sounds/button0.wav
2026-08-21 09:54:01.557 [session=000416] [INFO] [MainThread] User Input Detected: Event Type 194
2026-08-21 09:54:01.558 [session=000416] [INFO] [MainThread] User Input Detected: Event Type 194
2026-08-21 09:54:01.559 [session=000416] [INFO] [MainThread] User Input Detected: Event Type 2
2026-08-21 09:54:01.560 [session=000416] [INFO] [MainThread] User Input Detected: Event Type 2
2026-08-21 09:54:01.568 [session=000416] [DEBUG] [MainThread] [LockByTouch] set_view_lock(False), reason=screen context changed — 현재 상태: manual=False, cond=False, touch=True, slam=False
2026-08-21 09:54:01.568 [session=000416] [DEBUG] [MainThread] [LockByTouch] [STILL LOCKED] 해제 불가 — manual=False, cond=False, touch=True, view=False, slam=False, bypass=False
2026-08-21 09:54:01.570 [session=000416] [INFO] [MainThread] [LockByTouch] Idle timeout disabled
2026-08-21 09:54:01.608 [session=000416] [DEBUG] [MainThread] 🔊 버튼 클릭 소리 재생: button0.wav
2026-08-21 09:54:01.610 [session=000416] [DEBUG] [Dummy-6] [AUDIO_DIAG] cached effect request status=Ready, pool_size=1, device=Built-in Audio Digital Stereo (HDMI), path=/home/dentium/robot_GUIs/app/resources/sounds/sounds/button0.wav
2026-08-21 09:54:01.610 [session=000416] [DEBUG] [Dummy-6] [AUDIO_DIAG] cached effect play status=Ready, device=Built-in Audio Digital Stereo (HDMI), path=/home/dentium/robot_GUIs/app/resources/sounds/sounds/button0.wav
2026-08-21 09:54:01.613 [session=000416] [DEBUG] [Dummy-6] [AUDIO_DIAG] cached effect playing is_playing=True, status=Ready, path=/home/dentium/robot_GUIs/app/resources/sounds/sounds/button0.wav
2026-08-21 09:54:01.677 [session=000416] [DEBUG] [Dummy-6] [AUDIO_DIAG] cached effect playing is_playing=False, status=Ready, path=/home/dentium/robot_GUIs/app/resources/sounds/sounds/button0.wav
2026-08-21 09:54:03.000 [session=000416] [INFO] [MainThread] User Input Detected: Event Type 194
2026-08-21 09:54:03.009 [session=000416] [INFO] [MainThread] User Input Detected: Event Type 194
2026-08-21 09:54:03.013 [session=000416] [INFO] [MainThread] User Input Detected: Event Type 2
2026-08-21 09:54:03.014 [session=000416] [INFO] [MainThread] User Input Detected: Event Type 2
2026-08-21 09:54:03.031 [session=000416] [DEBUG] [MainThread] [LockByTouch] set_view_lock(True), reason=screen context changed — 현재 상태: manual=False, cond=False, touch=True, slam=False
2026-08-21 09:54:03.036 [session=000416] [INFO] [MainThread] [LockByTouch] Idle timeout updated: 60 seconds
2026-08-21 09:54:03.041 [session=000416] [DEBUG] [RestApiThread] [LockByTouch] [REST API] SendRobotLock(True)
2026-08-21 09:54:03.060 [session=000416] [DEBUG] [RestApiThread] _handle_response 호출됨 - tag: REST_API_TAG.POST_ROBOT_LOCK, status_code: 200
2026-08-21 09:54:03.062 [session=000416] [DEBUG] [ThreadPoolExecutor-5_0] 백그라운드 파싱 대상이 아닌 REST 태그: REST_API_TAG.POST_ROBOT_LOCK
2026-08-21 09:54:03.097 [session=000416] [DEBUG] [MainThread] 🔊 버튼 클릭 소리 재생: button0.wav
2026-08-21 09:54:03.098 [session=000416] [DEBUG] [Dummy-6] [AUDIO_DIAG] cached effect request status=Ready, pool_size=1, device=Built-in Audio Digital Stereo (HDMI), path=/home/dentium/robot_GUIs/app/resources/sounds/sounds/button0.wav
2026-08-21 09:54:03.098 [session=000416] [DEBUG] [Dummy-6] [AUDIO_DIAG] cached effect play status=Ready, device=Built-in Audio Digital Stereo (HDMI), path=/home/dentium/robot_GUIs/app/resources/sounds/sounds/button0.wav
2026-08-21 09:54:03.100 [session=000416] [DEBUG] [Dummy-6] [AUDIO_DIAG] cached effect playing is_playing=True, status=Ready, path=/home/dentium/robot_GUIs/app/resources/sounds/sounds/button0.wav
2026-08-21 09:54:03.162 [session=000416] [DEBUG] [Dummy-6] [AUDIO_DIAG] cached effect playing is_playing=False, status=Ready, path=/home/dentium/robot_GUIs/app/resources/sounds/sounds/button0.wav
2026-08-21 09:54:03.374 [session=000416] [INFO] [MainThread] User Input Detected: Event Type 194
2026-08-21 09:54:03.375 [session=000416] [INFO] [MainThread] User Input Detected: Event Type 194
2026-08-21 09:54:03.384 [session=000416] [INFO] [MainThread] User Input Detected: Event Type 2
2026-08-21 09:54:03.484 [session=000416] [DEBUG] [MainThread] MapContentWidget.update_map_data() 호출: map_arrays=True, force_clear=False, 현재 인덱스=0, map_view_widget_ready=True
2026-08-21 09:54:03.484 [session=000416] [DEBUG] [MainThread]   맵 배열 크기: 1120x822
2026-08-21 09:54:03.484 [session=000416] [DEBUG] [MainThread] === MapDetailWidget_Position(QGraphicsView): update_map_data 호출 ===
2026-08-21 09:54:03.509 [session=000416] [DEBUG] [MainThread] 동일 지도 데이터 - 픽스맵 재렌더링 스킵
2026-08-21 09:54:03.511 [session=000416] [INFO] [MainThread] 지도 보기 진입 전 캐시 지도 데이터 반영
2026-08-21 09:54:03.512 [session=000416] [INFO] [MainThread] === 지도 보기 페이지 진입 (모드: view) ===
2026-08-21 09:54:03.536 [session=000416] [DEBUG] [MainThread] === MapDetailWidget_Position(QGraphicsView): update_map_data 호출 ===
2026-08-21 09:54:03.538 [session=000416] [DEBUG] [MainThread] 동일 지도 데이터 - 픽스맵 재렌더링 스킵
2026-08-21 09:54:03.541 [session=000416] [INFO] [MainThread] 지도 보기 콘텐츠 표시 및 데이터 업데이트 예약
2026-08-21 09:54:03.544 [session=000416] [INFO] [MainThread] MapDetailWidget_Position(QGraphicsView).showEvent 호출
2026-08-21 09:54:03.570 [session=000416] [WARNING] [MainThread] [PERF] 화면형 콘텐츠 표시 지연: menu_id=map_view, 87.9ms
2026-08-21 09:54:03.571 [session=000416] [INFO] [MainThread] 화면형 메뉴 콘텐츠 전체 화면 표시: map_view
2026-08-21 09:54:03.573 [session=000416] [WARNING] [MainThread] [PERF] 화면형 메뉴 콘텐츠 진입 지연: menu_id=map_view, 91.3ms
2026-08-21 09:54:03.577 [session=000416] [DEBUG] [MainThread] 🔊 버튼 클릭 소리 재생: button0.wav
2026-08-21 09:54:03.578 [session=000416] [DEBUG] [Dummy-6] [AUDIO_DIAG] cached effect request status=Ready, pool_size=1, device=Built-in Audio Digital Stereo (HDMI), path=/home/dentium/robot_GUIs/app/resources/sounds/sounds/button0.wav
2026-08-21 09:54:03.579 [session=000416] [DEBUG] [Dummy-6] [AUDIO_DIAG] cached effect play status=Ready, device=Built-in Audio Digital Stereo (HDMI), path=/home/dentium/robot_GUIs/app/resources/sounds/sounds/button0.wav
2026-08-21 09:54:03.581 [session=000416] [DEBUG] [Dummy-6] [AUDIO_DIAG] cached effect playing is_playing=True, status=Ready, path=/home/dentium/robot_GUIs/app/resources/sounds/sounds/button0.wav
2026-08-21 09:54:03.581 [session=000416] [DEBUG] [RestApiThread] GetKeepoutZoneFromRESTAPI 요청 시작
2026-08-21 09:54:03.585 [session=000416] [DEBUG] [RestApiThread] _get_data: 요청 시작 - tag: REST_API_TAG.GET_KEEPOUT_ZONE, url: http://localhost:8080/robot_ec2b/keepout_zone_position
2026-08-21 09:54:03.587 [session=000416] [DEBUG] [RestApiThread] _get_data: 요청 전송 완료 - tag: REST_API_TAG.GET_KEEPOUT_ZONE, timeout: 30000ms
2026-08-21 09:54:03.589 [session=000416] [DEBUG] [RestApiThread] GetPreferredAreaFromRESTAPI 요청 시작
2026-08-21 09:54:03.590 [session=000416] [DEBUG] [RestApiThread] _get_data: 요청 시작 - tag: REST_API_TAG.GET_PREFERRED_AREA, url: http://localhost:8080/robot_ec2b/preferred_area_position
2026-08-21 09:54:03.594 [session=000416] [DEBUG] [RestApiThread] _get_data: 요청 전송 완료 - tag: REST_API_TAG.GET_PREFERRED_AREA, timeout: 30000ms
2026-08-21 09:54:03.601 [session=000416] [DEBUG] [RestApiThread] _handle_response 호출됨 - tag: REST_API_TAG.GET_KEEPOUT_ZONE, status_code: 200
2026-08-21 09:54:03.606 [session=000416] [INFO] [ThreadPoolExecutor-5_0] 금지영역 데이터 수신: 0개
2026-08-21 09:54:03.607 [session=000416] [INFO] [MainThread] 목적지 리스트 반환: destinations=[Destination(name='로비', goal_pose=Pose(x=4.241336459631034, y=-2.361104203714551, qw=0.5097087478206948, qz=0.8603470185890456), bell=Bells(treatment='', suction='64012cd7'), idx=0, color='#e53935'), Destination(name='수술실', goal_pose=Pose(x=4.5199271819089395, y=-3.9219605026851503, qw=0.14533446519134308, qz=-0.9893825818294691), bell=Bells(treatment='', suction='64132cd7'), idx=1, color='#e53935'), Destination(name='진료실', goal_pose=Pose(x=0.11980823444488001, y=-3.735511450600503, qw=0.9963649848510123, qz=0.0851869530083222), bell=Bells(treatment='', suction='64252cd7'), idx=2, color='#e53935'), Destination(name='창고', goal_pose=Pose(x=0.2834625688692579, y=-6.793061814598156, qw=0.5257961572167338, qz=0.850610604834031), bell=Bells(treatment='', suction='64372cd7'), idx=3, color='#e53935'), Destination(name='소독실', goal_pose=Pose(x=-3.4045695907217928, y=-7.611793760201744, qw=0.546869706461766, qz=0.8372177280459497), bell=Bells(treatment='', suction='64492cd7'), idx=4, color='#e53935')]
2026-08-21 09:54:03.613 [session=000416] [INFO] [MainThread] 지도 보기 목적지 마커 갱신: 5개
2026-08-21 09:54:03.613 [session=000416] [INFO] [MainThread] 로봇 위치 업데이트 요청
2026-08-21 09:54:03.614 [session=000416] [INFO] [MainThread] [ControllerManager] 로봇 위치 강제 업데이트
2026-08-21 09:54:03.615 [session=000416] [INFO] [MainThread] 지도 보기 콘텐츠 데이터 업데이트 요청 (목적지/로봇 위치 + REST 지도)
2026-08-21 09:54:03.624 [session=000416] [INFO] [RestApiThread] _handle_response (CYCLIC 정상) - tag: REST_API_TAG.GET_SCAN_FILTERED, status: 200, pending→3
2026-08-21 09:54:03.633 [session=000416] [DEBUG] [RestApiThread] _handle_response 호출됨 - tag: REST_API_TAG.GET_PREFERRED_AREA, status_code: 200
2026-08-21 09:54:03.636 [session=000416] [INFO] [ThreadPoolExecutor-5_1] 선호영역 데이터 수신: 0개
2026-08-21 09:54:03.643 [session=000416] [DEBUG] [Dummy-6] [AUDIO_DIAG] cached effect playing is_playing=False, status=Ready, path=/home/dentium/robot_GUIs/app/resources/sounds/sounds/button0.wav
2026-08-21 09:54:03.657 [session=000416] [INFO] [RestApiThread] _handle_response (CYCLIC 정상) - tag: REST_API_TAG.GET_SCAN_BOTTOM_FILTERED, status: 200, pending→1
2026-08-21 09:54:03.668 [session=000416] [INFO] [MainThread] 금지영역 데이터 수신: 0개
2026-08-21 09:54:03.669 [session=000416] [INFO] [MainThread] [MapManager] 금지영역 설정: 0개 (costmap worker 대기)
2026-08-21 09:54:03.670 [session=000416] [INFO] [MainThread] [ControllerManager] costmap 재계산 작업 예약: seq=1, reason=keepout_zone_loaded
2026-08-21 09:54:03.672 [session=000416] [INFO] [MainThread] REST 지도 갱신 요청 (위젯 상태 유지)
2026-08-21 09:54:03.674 [session=000416] [DEBUG] [RestApiThread] GetMapFromRESTAPI 요청 시작
2026-08-21 09:54:03.675 [session=000416] [DEBUG] [RestApiThread] _get_data: 요청 시작 - tag: REST_API_TAG.GET_MAP, url: http://localhost:8080/robot_ec2b/map
2026-08-21 09:54:03.676 [session=000416] [DEBUG] [RestApiThread] _get_data: 요청 전송 완료 - tag: REST_API_TAG.GET_MAP, timeout: 30000ms
2026-08-21 09:54:03.677 [session=000416] [DEBUG] [RestApiThread] 맵 데이터 요청 시작 - 타임아웃: 30000ms
2026-08-21 09:54:03.696 [session=000416] [INFO] [MainThread] 선호영역 데이터 수신: 0개
2026-08-21 09:54:03.697 [session=000416] [INFO] [MainThread] [MapManager] 선호영역 설정: 0개
2026-08-21 09:54:03.768 [session=000416] [DEBUG] [MainThread] MapContentWidget.update_map_data() 호출: map_arrays=True, force_clear=False, 현재 인덱스=0, map_view_widget_ready=True
2026-08-21 09:54:03.769 [session=000416] [DEBUG] [MainThread]   맵 배열 크기: 1120x822
2026-08-21 09:54:03.769 [session=000416] [DEBUG] [MainThread] === MapDetailWidget_Position(QGraphicsView): update_map_data 호출 ===
2026-08-21 09:54:03.808 [session=000416] [DEBUG] [MainThread] 동일 지도 데이터 - 픽스맵 재렌더링 스킵
2026-08-21 09:54:03.845 [session=000416] [WARNING] [MainThread] [UI_BUDGET] map:update visible widgets took 77.5ms
2026-08-21 09:54:03.880 [session=000416] [INFO] [MainThread] 로봇 위치 업데이트 요청
2026-08-21 09:54:03.881 [session=000416] [INFO] [MainThread] [ControllerManager] 로봇 위치 강제 업데이트
2026-08-21 09:54:03.904 [session=000416] [INFO] [MainThread] [MapManager] Costmap worker 적용 완료: 1120x822, 이동가능=220264, 장애물=15399, inflation=116744
2026-08-21 09:54:03.904 [session=000416] [DEBUG] [RestApiThread] _get_data: 중복 요청 방지됨 - tag: REST_API_TAG.GET_ROBOT_POSE, pending_count: 2
2026-08-21 09:54:03.928 [session=000416] [DEBUG] [MainThread] MapContentWidget.update_map_data() 호출: map_arrays=True, force_clear=False, 현재 인덱스=0, map_view_widget_ready=True
2026-08-21 09:54:03.928 [session=000416] [DEBUG] [MainThread]   맵 배열 크기: 1120x822
2026-08-21 09:54:03.929 [session=000416] [DEBUG] [MainThread] === MapDetailWidget_Position(QGraphicsView): update_map_data 호출 ===
2026-08-21 09:54:03.952 [session=000416] [DEBUG] [MainThread] 동일 지도 데이터 - 픽스맵 재렌더링 스킵
2026-08-21 09:54:03.969 [session=000416] [WARNING] [MainThread] [UI_BUDGET] map:update visible widgets took 41.2ms
2026-08-21 09:54:03.971 [session=000416] [INFO] [MainThread] === update_map_data_to_sidebar 호출 ===
2026-08-21 09:54:03.972 [session=000416] [INFO] [MainThread] MapManager에서 지도 데이터 가져옴: True
2026-08-21 09:54:03.972 [session=000416] [INFO] [MainThread] 지도 데이터를 사이드바 MapContentWidget에 전달
2026-08-21 09:54:03.972 [session=000416] [DEBUG] [MainThread] MapContentWidget.update_map_data() 호출: map_arrays=True, force_clear=False, 현재 인덱스=0, map_view_widget_ready=True
2026-08-21 09:54:03.972 [session=000416] [DEBUG] [MainThread]   맵 배열 크기: 1120x822
2026-08-21 09:54:03.972 [session=000416] [DEBUG] [MainThread] === MapDetailWidget_Position(QGraphicsView): update_map_data 호출 ===
2026-08-21 09:54:03.994 [session=000416] [DEBUG] [MainThread] 동일 지도 데이터 - 픽스맵 재렌더링 스킵
2026-08-21 09:54:03.995 [session=000416] [INFO] [MainThread] 로봇 위치를 사이드바에 업데이트: (893.5, 100.8)
2026-08-21 09:54:04.012 [session=000416] [WARNING] [MainThread] [UI_BUDGET] map:preload sidebar widgets took 41.1ms
2026-08-21 09:54:04.394 [session=000416] [INFO] [MainThread] [MAIN_THREAD_HEARTBEAT] GUI main thread alive: thread=MainThread
2026-08-21 09:54:04.737 [session=000416] [INFO] [SSE-SSE_BATTERY_LOW_SHUTDOWN] [SSE_DIAG] connect attempt tag=SSE_BATTERY_LOW_SHUTDOWN, reconnect=5, url=http://localhost:8080/robot_ec2b/events/battery/low_shutdown
2026-08-21 09:54:04.895 [session=000416] [DEBUG] [RestApiThread] _get_data: 중복 요청 방지됨 - tag: REST_API_TAG.GET_ROBOT_POSE, pending_count: 4
2026-08-21 09:54:05.089 [session=000416] [INFO] [MainThread] User Input Detected: Event Type 194
2026-08-21 09:54:05.092 [session=000416] [INFO] [MainThread] User Input Detected: Event Type 194
2026-08-21 09:54:05.102 [session=000416] [INFO] [MainThread] User Input Detected: Event Type 2
2026-08-21 09:54:05.106 [session=000416] [INFO] [MainThread] User Input Detected: Event Type 2
2026-08-21 09:54:05.113 [session=000416] [INFO] [MainThread] 화면형 메뉴 콘텐츠 닫기 - 지도 페이지 이탈 처리
2026-08-21 09:54:05.113 [session=000416] [INFO] [MainThread] === 지도 보기 페이지 이탈 ===
2026-08-21 09:54:05.146 [session=000416] [INFO] [MainThread] 위치 지정 위젯 모드 변경: view
2026-08-21 09:54:05.191 [session=000416] [DEBUG] [MainThread] [LockByTouch] set_view_lock(False), reason=screen context changed — 현재 상태: manual=False, cond=False, touch=True, slam=False
2026-08-21 09:54:05.192 [session=000416] [DEBUG] [MainThread] [LockByTouch] [STILL LOCKED] 해제 불가 — manual=False, cond=False, touch=True, view=False, slam=False, bypass=False
2026-08-21 09:54:05.192 [session=000416] [INFO] [MainThread] [LockByTouch] Idle timeout disabled
2026-08-21 09:54:05.193 [session=000416] [INFO] [RestApiThread] [SSE_DIAG] start requested tag=SSE_CALLBELL_SYNC, url=http://localhost:8080/robot_ec2b/events/callbell, timeout=None
2026-08-21 09:54:05.195 [session=000416] [INFO] [MainThread] 화면형 메뉴 콘텐츠 닫기 완료
2026-08-21 09:54:05.195 [session=000416] [INFO] [SSE-SSE_CALLBELL_SYNC] [SSE_DIAG] connect attempt tag=SSE_CALLBELL_SYNC, reconnect=0, url=http://localhost:8080/robot_ec2b/events/callbell
2026-08-21 09:54:05.198 [session=000416] [DEBUG] [RestApiThread] GetCallBellFromRESTAPI 요청 시작
2026-08-21 09:54:05.199 [session=000416] [DEBUG] [RestApiThread] _get_data: 요청 시작 - tag: REST_API_TAG.GET_CALLBELL, url: http://localhost:8080/robot_ec2b/callbell
2026-08-21 09:54:05.198 [session=000416] [DEBUG] [MainThread] [LockByTouch] set_view_lock(True), reason=screen context changed — 현재 상태: manual=False, cond=False, touch=True, slam=False
2026-08-21 09:54:05.201 [session=000416] [DEBUG] [RestApiThread] _get_data: 요청 전송 완료 - tag: REST_API_TAG.GET_CALLBELL, timeout: 30000ms
2026-08-21 09:54:05.203 [session=000416] [INFO] [MainThread] [LockByTouch] Idle timeout updated: 60 seconds
2026-08-21 09:54:05.206 [session=000416] [DEBUG] [RestApiThread] [LockByTouch] [REST API] SendRobotLock(True)
2026-08-21 09:54:05.251 [session=000416] [DEBUG] [MainThread] 🔊 버튼 클릭 소리 재생: button0.wav
2026-08-21 09:54:05.252 [session=000416] [DEBUG] [Dummy-6] [AUDIO_DIAG] cached effect request status=Ready, pool_size=1, device=Built-in Audio Digital Stereo (HDMI), path=/home/dentium/robot_GUIs/app/resources/sounds/sounds/button0.wav
2026-08-21 09:54:05.252 [session=000416] [DEBUG] [Dummy-6] [AUDIO_DIAG] cached effect play status=Ready, device=Built-in Audio Digital Stereo (HDMI), path=/home/dentium/robot_GUIs/app/resources/sounds/sounds/button0.wav
2026-08-21 09:54:05.254 [session=000416] [DEBUG] [Dummy-6] [AUDIO_DIAG] cached effect playing is_playing=True, status=Ready, path=/home/dentium/robot_GUIs/app/resources/sounds/sounds/button0.wav
2026-08-21 09:54:05.318 [session=000416] [DEBUG] [Dummy-6] [AUDIO_DIAG] cached effect playing is_playing=False, status=Ready, path=/home/dentium/robot_GUIs/app/resources/sounds/sounds/button0.wav
2026-08-21 09:54:05.443 [session=000416] [INFO] [MainThread] User Input Detected: Event Type 194
2026-08-21 09:54:05.444 [session=000416] [INFO] [MainThread] User Input Detected: Event Type 194
2026-08-21 09:54:05.445 [session=000416] [INFO] [MainThread] User Input Detected: Event Type 2
2026-08-21 09:54:05.450 [session=000416] [DEBUG] [MainThread] [LockByTouch] set_view_lock(False), reason=screen context changed — 현재 상태: manual=False, cond=False, touch=True, slam=False
2026-08-21 09:54:05.451 [session=000416] [DEBUG] [MainThread] [LockByTouch] [STILL LOCKED] 해제 불가 — manual=False, cond=False, touch=True, view=False, slam=False, bypass=False
2026-08-21 09:54:05.451 [session=000416] [INFO] [MainThread] [LockByTouch] Idle timeout disabled
2026-08-21 09:54:05.471 [session=000416] [DEBUG] [MainThread] 🔊 버튼 클릭 소리 재생: button0.wav
2026-08-21 09:54:05.472 [session=000416] [DEBUG] [Dummy-6] [AUDIO_DIAG] cached effect request status=Ready, pool_size=1, device=Built-in Audio Digital Stereo (HDMI), path=/home/dentium/robot_GUIs/app/resources/sounds/sounds/button0.wav
2026-08-21 09:54:05.472 [session=000416] [DEBUG] [Dummy-6] [AUDIO_DIAG] cached effect play status=Ready, device=Built-in Audio Digital Stereo (HDMI), path=/home/dentium/robot_GUIs/app/resources/sounds/sounds/button0.wav
2026-08-21 09:54:05.474 [session=000416] [DEBUG] [Dummy-6] [AUDIO_DIAG] cached effect playing is_playing=True, status=Ready, path=/home/dentium/robot_GUIs/app/resources/sounds/sounds/button0.wav
2026-08-21 09:54:05.537 [session=000416] [DEBUG] [Dummy-6] [AUDIO_DIAG] cached effect playing is_playing=False, status=Ready, path=/home/dentium/robot_GUIs/app/resources/sounds/sounds/button0.wav
2026-08-21 09:54:06.080 [session=000416] [INFO] [MainThread] User Input Detected: Event Type 194
2026-08-21 09:54:06.082 [session=000416] [INFO] [MainThread] User Input Detected: Event Type 194
2026-08-21 09:54:06.084 [session=000416] [DEBUG] [MainThread] 🔊 버튼 클릭 소리 재생: button0.wav
2026-08-21 09:54:06.085 [session=000416] [DEBUG] [Dummy-6] [AUDIO_DIAG] cached effect request status=Ready, pool_size=1, device=Built-in Audio Digital Stereo (HDMI), path=/home/dentium/robot_GUIs/app/resources/sounds/sounds/button0.wav
2026-08-21 09:54:06.085 [session=000416] [DEBUG] [Dummy-6] [AUDIO_DIAG] cached effect play status=Ready, device=Built-in Audio Digital Stereo (HDMI), path=/home/dentium/robot_GUIs/app/resources/sounds/sounds/button0.wav
2026-08-21 09:54:06.087 [session=000416] [DEBUG] [Dummy-6] [AUDIO_DIAG] cached effect playing is_playing=True, status=Ready, path=/home/dentium/robot_GUIs/app/resources/sounds/sounds/button0.wav
2026-08-21 09:54:06.149 [session=000416] [DEBUG] [Dummy-6] [AUDIO_DIAG] cached effect playing is_playing=False, status=Ready, path=/home/dentium/robot_GUIs/app/resources/sounds/sounds/button0.wav
2026-08-21 09:54:06.331 [session=000416] [INFO] [MainThread] User Input Detected: Event Type 194
2026-08-21 09:54:06.333 [session=000416] [INFO] [MainThread] User Input Detected: Event Type 194
2026-08-21 09:54:06.407 [session=000416] [DEBUG] [MainThread] 🔊 버튼 클릭 소리 재생: button0.wav
2026-08-21 09:54:06.408 [session=000416] [INFO] [MainThread] 목적지 이동 명령: destination=로비
2026-08-21 09:54:06.409 [session=000416] [DEBUG] [Dummy-6] [AUDIO_DIAG] cached effect request status=Ready, pool_size=1, device=Built-in Audio Digital Stereo (HDMI), path=/home/dentium/robot_GUIs/app/resources/sounds/sounds/button0.wav
2026-08-21 09:54:06.409 [session=000416] [DEBUG] [MainThread] [LockByTouch] set_condition_lock(False) — 현재 상태: cond=False, touch=True, view=False, slam=False, bypass=False
2026-08-21 09:54:06.410 [session=000416] [DEBUG] [Dummy-6] [AUDIO_DIAG] cached effect play status=Ready, device=Built-in Audio Digital Stereo (HDMI), path=/home/dentium/robot_GUIs/app/resources/sounds/sounds/button0.wav
2026-08-21 09:54:06.410 [session=000416] [DEBUG] [MainThread] [LockByTouch] [STILL LOCKED] 해제 불가 — manual=False, cond=False, touch=True, view=False, slam=False, bypass=False
2026-08-21 09:54:06.415 [session=000416] [DEBUG] [MainThread] [LockByTouch] clear_transient_locks(destination move request) — cond False->False, touch True->False, manual=False, view=False, slam=False
2026-08-21 09:54:06.416 [session=000416] [DEBUG] [MainThread] [LockByTouch] [UNLOCK] req_lock(False) — manual=False, cond=False, touch=False, view=False, slam=False, bypass=False
2026-08-21 09:54:06.417 [session=000416] [DEBUG] [RestApiThread] [LockByTouch] [REST API] SendRobotLock(False)
2026-08-21 09:54:06.412 [session=000416] [DEBUG] [Dummy-6] [AUDIO_DIAG] cached effect playing is_playing=True, status=Ready, path=/home/dentium/robot_GUIs/app/resources/sounds/sounds/button0.wav
2026-08-21 09:54:06.419 [session=000416] [WARNING] [RestApiThread] _set_data: 중복 요청 생략 - tag: REST_API_TAG.POST_ROBOT_LOCK
2026-08-21 09:54:06.421 [session=000416] [INFO] [MainThread] 이동 이벤트 로깅: 100.0%
2026-08-21 09:54:06.456 [session=000416] [INFO] [MainThread] model_manager set_current_destinatio_SIGNAL: destination: Destination(name='로비', goal_pose=Pose(x=4.241336459631034, y=-2.361104203714551, qw=0.5097087478206948, qz=0.8603470185890456), bell=Bells(treatment='', suction='64012cd7'), idx=0, color='#e53935')
2026-08-21 09:54:06.481 [session=000416] [DEBUG] [Dummy-6] [AUDIO_DIAG] cached effect playing is_playing=False, status=Ready, path=/home/dentium/robot_GUIs/app/resources/sounds/sounds/button0.wav
2026-08-21 09:54:07.457 [session=000416] [WARNING] [RestApiThread] SSE thread REST_API_TAG.SSE_CALLBELL_SYNC did not stop gracefully, but proceeding as it is a daemon thread.
2026-08-21 09:54:07.610 [session=000416] [DEBUG] [RestApiThread] _handle_response 호출됨 - tag: REST_API_TAG.GET_MAP, status_code: 200
2026-08-21 09:54:07.615 [session=000416] [DEBUG] [ThreadPoolExecutor-5_0] [맵 처리] 이전 GET_MAP payload와 동일하여 역직렬화 스킵
2026-08-21 09:54:07.661 [session=000416] [INFO] [SSE-SSE_BATTERY_LOW_SHUTDOWN] [SSE_DIAG] connected tag=SSE_BATTERY_LOW_SHUTDOWN, status=404, reason=Not Found, elapsed=2.92s, content_type=application/json, url=http://localhost:8080/robot_ec2b/events/battery/low_shutdown
2026-08-21 09:54:07.662 [session=000416] [ERROR] [SSE-SSE_BATTERY_LOW_SHUTDOWN] [SSE_DIAG] non-200 response tag=SSE_BATTERY_LOW_SHUTDOWN, status=404, reason=Not Found, url=http://localhost:8080/robot_ec2b/events/battery/low_shutdown
2026-08-21 09:54:07.664 [session=000416] [INFO] [SSE-SSE_BATTERY_LOW_SHUTDOWN] [SSE_DIAG] reconnect wait tag=SSE_BATTERY_LOW_SHUTDOWN, delay=10s, reconnect=6, reason=HTTP 404, url=http://localhost:8080/robot_ec2b/events/battery/low_shutdown
2026-08-21 09:54:07.664 [session=000416] [INFO] [MainThread] model_manager set_destinations: unchanged (5 items) - emit skipped
2026-08-21 09:54:07.665 [session=000416] [INFO] [MainThread] My IP : 192.168.104.212
2026-08-21 09:54:07.666 [session=000416] [INFO] [MainThread] 홈 위치 수신: (3.12, 1.10)
2026-08-21 09:54:07.667 [session=000416] [INFO] [MainThread] 홈 위치 표시 업데이트: (894.0, 100.9)
2026-08-21 09:54:07.669 [session=000416] [DEBUG] [RestApiThread] _handle_response 호출됨 - tag: REST_API_TAG.GET_CALLBELL, status_code: 200
2026-08-21 09:54:07.670 [session=000416] [INFO] [MainThread]   홈 위치 서버 → 픽셀 좌표로 변환 및 UI 업데이트: (894.0, 100.9)
2026-08-21 09:54:07.670 [session=000416] [INFO] [ThreadPoolExecutor-5_0] 호출벨 데이터 수신: 5개
2026-08-21 09:54:07.674 [session=000416] [INFO] [MainThread] 호출벨-목적지 동기화 완료: 5개 호출벨
2026-08-21 09:54:07.674 [session=000416] [INFO] [MainThread] 목적지 리스트 반환: destinations=[Destination(name='로비', goal_pose=Pose(x=4.241336459631034, y=-2.361104203714551, qw=0.5097087478206948, qz=0.8603470185890456), bell=Bells(treatment='', suction='64012cd7'), idx=0, color='#e53935'), Destination(name='수술실', goal_pose=Pose(x=4.5199271819089395, y=-3.9219605026851503, qw=0.14533446519134308, qz=-0.9893825818294691), bell=Bells(treatment='', suction='64132cd7'), idx=1, color='#e53935'), Destination(name='진료실', goal_pose=Pose(x=0.11980823444488001, y=-3.735511450600503, qw=0.9963649848510123, qz=0.0851869530083222), bell=Bells(treatment='', suction='64252cd7'), idx=2, color='#e53935'), Destination(name='창고', goal_pose=Pose(x=0.2834625688692579, y=-6.793061814598156, qw=0.5257961572167338, qz=0.850610604834031), bell=Bells(treatment='', suction='64372cd7'), idx=3, color='#e53935'), Destination(name='소독실', goal_pose=Pose(x=-3.4045695907217928, y=-7.611793760201744, qw=0.546869706461766, qz=0.8372177280459497), bell=Bells(treatment='', suction='64492cd7'), idx=4, color='#e53935')]
2026-08-21 09:54:07.675 [session=000416] [INFO] [MainThread] 호출벨 리스트 반환: callbells={'64012cd7': {'name': '호출벨 1', 'usage': 'suction', 'destination': '로비'}, '64132cd7': {'name': '호출벨 2', 'usage': 'suction', 'destination': '수술실'}, '64252cd7': {'name': '호출벨 3', 'usage': 'suction', 'destination': '진료실'}, '64372cd7': {'name': '호출벨 4', 'usage': 'suction', 'destination': '창고'}, '64492cd7': {'name': '호출벨 5', 'usage': 'suction', 'destination': '소독실'}}, robot_usages=['treatment', 'suction']
2026-08-21 09:54:07.675 [session=000416] [INFO] [MainThread] 호출벨 리스트 로드: 5개
2026-08-21 09:54:07.675 [session=000416] [INFO] [MainThread] 호출벨 목록 동일 - UI 재생성 생략
2026-08-21 09:54:07.675 [session=000416] [INFO] [MainThread] 호출벨용 용도 목록 로드 요청
2026-08-21 09:54:07.675 [session=000416] [INFO] [MainThread] 호출벨에 용도 목록 전달: 2개
2026-08-21 09:54:07.676 [session=000416] [INFO] [MainThread] 용도 목록 로드: 2개
2026-08-21 09:54:07.676 [session=000416] [INFO] [MainThread] 목적지 목록 로드: 5개
2026-08-21 09:54:07.676 [session=000416] [INFO] [MainThread] 호출벨 관리에 목적지 목록 전달: 5개
2026-08-21 09:54:07.679 [session=000416] [DEBUG] [RestApiThread] _handle_response 호출됨 - tag: REST_API_TAG.POST_ROBOT_LOCK, status_code: 200
2026-08-21 09:54:07.679 [session=000416] [DEBUG] [ThreadPoolExecutor-5_1] 백그라운드 파싱 대상이 아닌 REST 태그: REST_API_TAG.POST_ROBOT_LOCK
2026-08-21 09:54:07.844 [session=000416] [INFO] [ThreadPoolExecutor-8_0] 순차 이동 설정 저장 완료: /home/dentium/robot_GUIs/app/config/sequential_move.json
2026-08-21 09:54:08.433 [session=000416] [DEBUG] [RestApiThread] _handle_response 호출됨 - tag: REST_API_TAG.POST_GOAL_POSE, status_code: 200
2026-08-21 09:54:08.435 [session=000416] [DEBUG] [ThreadPoolExecutor-5_0] 백그라운드 파싱 대상이 아닌 REST 태그: REST_API_TAG.POST_GOAL_POSE
2026-08-21 09:54:08.469 [session=000416] [DEBUG] [SSE-SSE_ROBOT_STATUS] SSE robot status: ROBOT_STANDBY
2026-08-21 09:54:09.394 [session=000416] [INFO] [MainThread] [MAIN_THREAD_HEARTBEAT] GUI main thread alive: thread=MainThread
2026-08-21 09:54:09.487 [session=000416] [DEBUG] [SSE-SSE_ROBOT_STATUS] SSE robot status: ROBOT_MOVING
2026-08-21 09:54:09.649 [session=000416] [INFO] [SSE-SSE_GOAL_STATUS] [SSE_DIAG] event received tag=SSE_GOAL_STATUS, count=1, event=message, id=None, url=http://localhost:8080/robot_ec2b/events/goal_pose/status, data={"data": "ACTIVE"}
2026-08-21 09:54:09.650 [session=000416] [DEBUG] [SSE-SSE_GOAL_STATUS] SSE goal status: ACTIVE
2026-08-21 09:54:09.650 [session=000416] [DEBUG] [SSE-SSE_GOAL_STATUS] SSE goal status: NAV_GOAL_STATUS_ACTIVE
2026-08-21 09:54:09.651 [session=000416] [INFO] [MainThread] model_manager set_GoalStatus: goal_status: 1
2026-08-21 09:54:09.651 [session=000416] [INFO] [MainThread] Robot Status: Navigation Started/Resumed
2026-08-21 09:54:09.657 [session=000416] [INFO] [MainThread] 외부 안내 음성 설정 조회 요청: master_ip=192.168.104.212, robot_id=robot_ec2b, language=ko, event_id=departure
2026-08-21 09:54:09.658 [session=000416] [INFO] [RestApiThread] [REST API] voice-event command GET 전송: url=http://192.168.104.212:5051/api/voice-event-settings/command?robot_id=robot_ec2b&language=ko&event_id=departure
2026-08-21 09:54:09.671 [session=000416] [DEBUG] [RestApiThread] _handle_response 호출됨 - tag: REST_API_TAG.GET_VOICE_EVENT_COMMAND, status_code: 200
2026-08-21 09:54:09.672 [session=000416] [INFO] [RestApiThread] voice-event command 수신: event_id=departure, language=ko, command=tts:목적지로 이동할게요.
2026-08-21 09:54:09.677 [session=000416] [INFO] [MainThread] 스피커 idle 대기 후 사운드 명령 전송 예정: command=tts:목적지로 이동할게요., pending_count=1
2026-08-21 09:54:09.682 [session=000416] [INFO] [MainThread] 스피커 상태 조회 API 호출: command=tts:목적지로 이동할게요., pending_count=1
2026-08-21 09:54:09.684 [session=000416] [DEBUG] [RestApiThread] _get_data: 요청 시작 - tag: REST_API_TAG.GET_SPEAKER_STATUS, url: http://localhost:8080/robot_ec2b/speaker/status
2026-08-21 09:54:09.687 [session=000416] [DEBUG] [RestApiThread] _get_data: 요청 전송 완료 - tag: REST_API_TAG.GET_SPEAKER_STATUS, timeout: 30000ms
2026-08-21 09:54:09.694 [session=000416] [DEBUG] [RestApiThread] _handle_response 호출됨 - tag: REST_API_TAG.GET_SPEAKER_STATUS, status_code: 200
2026-08-21 09:54:09.697 [session=000416] [INFO] [MainThread] 스피커 상태 조회 응답: status=idle, command=tts:목적지로 이동할게요., pending_count=1
2026-08-21 09:54:09.699 [session=000416] [INFO] [MainThread] 스피커 idle 확인 - 음성 재생 API 호출: command=tts:목적지로 이동할게요., remaining_count=0
2026-08-21 09:54:09.701 [session=000416] [INFO] [RestApiThread] [REST API] 음성 재생 POST 전송 직전: url=http://localhost:8080/robot_ec2b/speaker/sound_command, payload={"data": "tts:\ubaa9\uc801\uc9c0\ub85c \uc774\ub3d9\ud560\uac8c\uc694."}, timeout=30000ms, pending_before=0
2026-08-21 09:54:09.702 [session=000416] [INFO] [RestApiThread] [REST API] 음성 재생 POST 전송 등록 완료: url=http://localhost:8080/robot_ec2b/speaker/sound_command, reply_id=281468975573184, pending_after=1
2026-08-21 09:54:09.705 [session=000416] [INFO] [MainThread] 음성 재생 API 호출 완료: command=tts:목적지로 이동할게요.
2026-08-21 09:54:09.730 [session=000416] [DEBUG] [RestApiThread] _handle_response 호출됨 - tag: REST_API_TAG.POST_SOUND_COMMAND, status_code: 200
2026-08-21 09:54:09.732 [session=000416] [INFO] [RestApiThread] [REST API] 음성 재생 POST 성공: status=200, pending→0, response={"ok":true,"payload":{"data":"tts:목적지로 이동할게요."}}
2026-08-21 09:54:10.597 [session=000416] [DEBUG] [RestApiThread] _get_data: 요청 시작 - tag: REST_API_TAG.GET_SPEAKER_STATUS, url: http://localhost:8080/robot_ec2b/speaker/status
2026-08-21 09:54:10.600 [session=000416] [DEBUG] [RestApiThread] _get_data: 요청 전송 완료 - tag: REST_API_TAG.GET_SPEAKER_STATUS, timeout: 30000ms
2026-08-21 09:54:10.610 [session=000416] [DEBUG] [RestApiThread] _handle_response 호출됨 - tag: REST_API_TAG.GET_SPEAKER_STATUS, status_code: 200
2026-08-21 09:54:11.090 [session=000416] [DEBUG] [RestApiThread] _get_data: 요청 시작 - tag: REST_API_TAG.GET_SPEAKER_STATUS, url: http://localhost:8080/robot_ec2b/speaker/status
2026-08-21 09:54:11.091 [session=000416] [DEBUG] [RestApiThread] _get_data: 요청 전송 완료 - tag: REST_API_TAG.GET_SPEAKER_STATUS, timeout: 30000ms
2026-08-21 09:54:11.105 [session=000416] [DEBUG] [RestApiThread] _handle_response 호출됨 - tag: REST_API_TAG.GET_SPEAKER_STATUS, status_code: 200
2026-08-21 09:54:11.585 [session=000416] [DEBUG] [RestApiThread] _get_data: 요청 시작 - tag: REST_API_TAG.GET_SPEAKER_STATUS, url: http://localhost:8080/robot_ec2b/speaker/status
2026-08-21 09:54:11.586 [session=000416] [DEBUG] [RestApiThread] _get_data: 요청 전송 완료 - tag: REST_API_TAG.GET_SPEAKER_STATUS, timeout: 30000ms
2026-08-21 09:54:11.599 [session=000416] [DEBUG] [RestApiThread] _handle_response 호출됨 - tag: REST_API_TAG.GET_SPEAKER_STATUS, status_code: 200
2026-08-21 09:54:12.095 [session=000416] [DEBUG] [RestApiThread] _get_data: 요청 시작 - tag: REST_API_TAG.GET_SPEAKER_STATUS, url: http://localhost:8080/robot_ec2b/speaker/status
2026-08-21 09:54:12.096 [session=000416] [DEBUG] [RestApiThread] _get_data: 요청 전송 완료 - tag: REST_API_TAG.GET_SPEAKER_STATUS, timeout: 30000ms
2026-08-21 09:54:12.102 [session=000416] [DEBUG] [RestApiThread] _handle_response 호출됨 - tag: REST_API_TAG.GET_SPEAKER_STATUS, status_code: 200
2026-08-21 09:54:12.583 [session=000416] [DEBUG] [RestApiThread] _get_data: 요청 시작 - tag: REST_API_TAG.GET_SPEAKER_STATUS, url: http://localhost:8080/robot_ec2b/speaker/status
2026-08-21 09:54:12.585 [session=000416] [DEBUG] [RestApiThread] _get_data: 요청 전송 완료 - tag: REST_API_TAG.GET_SPEAKER_STATUS, timeout: 30000ms
2026-08-21 09:54:12.592 [session=000416] [DEBUG] [RestApiThread] _handle_response 호출됨 - tag: REST_API_TAG.GET_SPEAKER_STATUS, status_code: 200
2026-08-21 09:54:12.594 [session=000416] [INFO] [MainThread] 출발 안내 음성 대기 해제 - 배경 음악 동기화: reason=departure_voice_finished
2026-08-21 09:54:12.597 [session=000416] [INFO] [MainThread] [SoundManager] 배경 음악 재생 요청: /home/dentium/.local/share/dentium-display/browser_music/blobs/544a37fae858ebe055345cd7ff56af4c8593d043a4aedaa3ba8ca8ba64cffdcf.mp3
2026-08-21 09:54:12.598 [session=000416] [INFO] [MainThread] [BROWSER_MUSIC_SYNC] event=playback_started robot_id=robot_ec2b filename=544a37fae858ebe055345cd7ff56af4c8593d043a4aedaa3ba8ca8ba64cffdcf.mp3 sha256=544a37fae858ebe055345cd7ff56af4c8593d043a4aedaa3ba8ca8ba64cffdcf master_id=robot_ec2b master_base_url=http://127.0.0.1:5051 master_generation=1
2026-08-21 09:54:12.598 [session=000416] [INFO] [MainThread] 주행 배경 음악 재생 시작: /home/dentium/.local/share/dentium-display/browser_music/blobs/544a37fae858ebe055345cd7ff56af4c8593d043a4aedaa3ba8ca8ba64cffdcf.mp3
2026-08-21 09:54:12.600 [session=000416] [INFO] [MainThread] [BGM_PROCESS] 배경 음악 재생 시작: /home/dentium/.local/share/dentium-display/browser_music/blobs/544a37fae858ebe055345cd7ff56af4c8593d043a4aedaa3ba8ca8ba64cffdcf.mp3
2026-08-21 09:54:12.618 [session=000416] [WARNING] [MainThread] [BGM_PROCESS_STDERR] Failed to open VDPAU backend libvdpau_nvidia.so: cannot open shared object file: No such file or directory
2026-08-21 09:54:14.069 [session=000416] [INFO] [MainThread] User Input Detected: Event Type 194
2026-08-21 09:54:14.072 [session=000416] [DEBUG] [MainThread] [LockByTouch] [TOUCH LOCK] 터치 입력 감지 — req_lock(True)
2026-08-21 09:54:14.077 [session=000416] [DEBUG] [RestApiThread] [LockByTouch] [REST API] SendRobotLock(True)
2026-08-21 09:54:14.078 [session=000416] [INFO] [MainThread] User Input Detected: Event Type 194
2026-08-21 09:54:14.079 [session=000416] [INFO] [MainThread] [ARRIVAL_DEBUG] arrival transparent button input | source=transparent_button, current_view=6, animation_enabled=True, button_visible=True, button_enabled=True, button_text=, button_geometry=(0, 0, 1024, 600), right_button_visible=False, right_button_enabled=True, right_button_text=, robot_eye_visible=True, destination_name=로비, brake_status=False, event_type=194, reached_view=False
2026-08-21 09:54:14.080 [session=000416] [INFO] [MainThread] User Input Detected: Event Type 194
2026-08-21 09:54:14.081 [session=000416] [INFO] [MainThread] User Input Detected: Event Type 2
2026-08-21 09:54:14.081 [session=000416] [INFO] [MainThread] User Input Detected: Event Type 2
2026-08-21 09:54:14.082 [session=000416] [INFO] [MainThread] [ARRIVAL_DEBUG] arrival transparent button input | source=transparent_button, current_view=6, animation_enabled=True, button_visible=True, button_enabled=True, button_text=, button_geometry=(0, 0, 1024, 600), right_button_visible=False, right_button_enabled=True, right_button_text=, robot_eye_visible=True, destination_name=로비, brake_status=False, event_type=2, reached_view=False
2026-08-21 09:54:14.093 [session=000416] [DEBUG] [RestApiThread] _handle_response 호출됨 - tag: REST_API_TAG.POST_ROBOT_LOCK, status_code: 200
2026-08-21 09:54:14.095 [session=000416] [DEBUG] [ThreadPoolExecutor-5_0] 백그라운드 파싱 대상이 아닌 REST 태그: REST_API_TAG.POST_ROBOT_LOCK
2026-08-21 09:54:14.113 [session=000416] [DEBUG] [MainThread] [LockByTouch] set_condition_lock(True) — 현재 상태: cond=False, touch=True, view=False, slam=False, bypass=False
2026-08-21 09:54:14.114 [session=000416] [INFO] [MainThread] Navigation cancel requested
2026-08-21 09:54:14.114 [session=000416] [DEBUG] [RestApiThread] [LockByTouch] [REST API] SendRobotLock(True)
2026-08-21 09:54:14.115 [session=000416] [INFO] [MainThread] Moving 화면 터치로 정지 요청 중 화면 전환
2026-08-21 09:54:14.129 [session=000416] [INFO] [MainThread] [BROWSER_MUSIC_SYNC] event=playback_stopped robot_id=robot_ec2b filename=544a37fae858ebe055345cd7ff56af4c8593d043a4aedaa3ba8ca8ba64cffdcf.mp3 error_reason=navigation_safety_inactive master_id=robot_ec2b master_base_url=http://127.0.0.1:5051 master_generation=1
2026-08-21 09:54:14.130 [session=000416] [INFO] [MainThread] 주행 배경 음악 정지: reason=navigation_safety_inactive, path=/home/dentium/.local/share/dentium-display/browser_music/blobs/544a37fae858ebe055345cd7ff56af4c8593d043a4aedaa3ba8ca8ba64cffdcf.mp3
2026-08-21 09:54:14.146 [session=000416] [INFO] [MainThread] [BGM_PROCESS] fade-out 시작: action=stop, path=/home/dentium/.local/share/dentium-display/browser_music/blobs/544a37fae858ebe055345cd7ff56af4c8593d043a4aedaa3ba8ca8ba64cffdcf.mp3
2026-08-21 09:54:14.148 [session=000416] [INFO] [MainThread] [BGM_PROCESS] fade-out 정지 완료: /home/dentium/.local/share/dentium-display/browser_music/blobs/544a37fae858ebe055345cd7ff56af4c8593d043a4aedaa3ba8ca8ba64cffdcf.mp3
2026-08-21 09:54:14.179 [session=000416] [DEBUG] [RestApiThread] _handle_response 호출됨 - tag: REST_API_TAG.POST_ROBOT_LOCK, status_code: 200
2026-08-21 09:54:14.180 [session=000416] [DEBUG] [ThreadPoolExecutor-5_0] 백그라운드 파싱 대상이 아닌 REST 태그: REST_API_TAG.POST_ROBOT_LOCK
2026-08-21 09:54:14.199 [session=000416] [DEBUG] [RestApiThread] _handle_response 호출됨 - tag: REST_API_TAG.POST_GOAL_CANCEL, status_code: 200
2026-08-21 09:54:14.200 [session=000416] [DEBUG] [ThreadPoolExecutor-5_0] 백그라운드 파싱 대상이 아닌 REST 태그: REST_API_TAG.POST_GOAL_CANCEL
2026-08-21 09:54:14.200 [session=000416] [INFO] [MainThread] User Input Detected: Event Type 194
2026-08-21 09:54:14.204 [session=000416] [INFO] [MainThread] User Input Detected: Event Type 194
2026-08-21 09:54:14.205 [session=000416] [INFO] [MainThread] User Input Detected: Event Type 2
2026-08-21 09:54:14.395 [session=000416] [INFO] [MainThread] [MAIN_THREAD_HEARTBEAT] GUI main thread alive: thread=MainThread
2026-08-21 09:54:14.610 [session=000416] [DEBUG] [SSE-SSE_ROBOT_STATUS] SSE robot status: ROBOT_LOCKED
2026-08-21 09:54:15.100 [session=000416] [INFO] [SSE-SSE_GOAL_STATUS] [SSE_DIAG] event received tag=SSE_GOAL_STATUS, count=2, event=message, id=None, url=http://localhost:8080/robot_ec2b/events/goal_pose/status, data={"data": "CANCELED"}
2026-08-21 09:54:15.103 [session=000416] [DEBUG] [SSE-SSE_GOAL_STATUS] SSE goal status: CANCELED
2026-08-21 09:54:15.104 [session=000416] [DEBUG] [SSE-SSE_GOAL_STATUS] SSE goal status: NAV_GOAL_STATUS_CANCELLED
2026-08-21 09:54:15.105 [session=000416] [INFO] [MainThread] model_manager set_GoalStatus: goal_status: 4
2026-08-21 09:54:15.106 [session=000416] [INFO] [MainThread] Robot Status: Navigation Cancelled (Paused)
2026-08-21 09:54:15.115 [session=000416] [INFO] [MainThread] 스피커 idle 대기 후 사운드 명령 전송 예정: command=tts:목적지 이동이 취소되었어요., pending_count=1
2026-08-21 09:54:15.149 [session=000416] [INFO] [MainThread] 스피커 상태 조회 API 호출: command=tts:목적지 이동이 취소되었어요., pending_count=1
2026-08-21 09:54:15.155 [session=000416] [DEBUG] [RestApiThread] _get_data: 요청 시작 - tag: REST_API_TAG.GET_SPEAKER_STATUS, url: http://localhost:8080/robot_ec2b/speaker/status
2026-08-21 09:54:15.157 [session=000416] [DEBUG] [RestApiThread] _get_data: 요청 전송 완료 - tag: REST_API_TAG.GET_SPEAKER_STATUS, timeout: 30000ms
2026-08-21 09:54:15.167 [session=000416] [DEBUG] [RestApiThread] _handle_response 호출됨 - tag: REST_API_TAG.GET_SPEAKER_STATUS, status_code: 200
2026-08-21 09:54:15.169 [session=000416] [INFO] [MainThread] 스피커 상태 조회 응답: status=idle, command=tts:목적지 이동이 취소되었어요., pending_count=1
2026-08-21 09:54:15.169 [session=000416] [INFO] [MainThread] 스피커 idle 확인 - 음성 재생 API 호출: command=tts:목적지 이동이 취소되었어요., remaining_count=0
2026-08-21 09:54:15.170 [session=000416] [INFO] [MainThread] 음성 재생 API 호출 완료: command=tts:목적지 이동이 취소되었어요.
2026-08-21 09:54:15.170 [session=000416] [INFO] [RestApiThread] [REST API] 음성 재생 POST 전송 직전: url=http://localhost:8080/robot_ec2b/speaker/sound_command, payload={"data": "tts:\ubaa9\uc801\uc9c0 \uc774\ub3d9\uc774 \ucde8\uc18c\ub418\uc5c8\uc5b4\uc694."}, timeout=30000ms, pending_before=0
2026-08-21 09:54:15.171 [session=000416] [INFO] [RestApiThread] [REST API] 음성 재생 POST 전송 등록 완료: url=http://localhost:8080/robot_ec2b/speaker/sound_command, reply_id=281470957547136, pending_after=1
2026-08-21 09:54:15.193 [session=000416] [DEBUG] [RestApiThread] _handle_response 호출됨 - tag: REST_API_TAG.POST_SOUND_COMMAND, status_code: 200
2026-08-21 09:54:15.193 [session=000416] [INFO] [RestApiThread] [REST API] 음성 재생 POST 성공: status=200, pending→0, response={"ok":true,"payload":{"data":"tts:목적지 이동이 취소되었어요."}}
2026-08-21 09:54:15.997 [session=000416] [INFO] [MainThread] User Input Detected: Event Type 194
2026-08-21 09:54:15.998 [session=000416] [INFO] [MainThread] User Input Detected: Event Type 194
2026-08-21 09:54:15.999 [session=000416] [INFO] [MainThread] [ARRIVAL_DEBUG] arrival transparent button input | source=transparent_button, current_view=7, animation_enabled=True, button_visible=True, button_enabled=True, button_text=, button_geometry=(0, 0, 1024, 600), right_button_visible=True, right_button_enabled=True, right_button_text=재개, robot_eye_visible=True, destination_name=로비, brake_status=False, event_type=194, reached_view=False
2026-08-21 09:54:16.000 [session=000416] [INFO] [MainThread] User Input Detected: Event Type 194
2026-08-21 09:54:16.002 [session=000416] [INFO] [MainThread] User Input Detected: Event Type 2
2026-08-21 09:54:16.004 [session=000416] [INFO] [MainThread] User Input Detected: Event Type 2
2026-08-21 09:54:16.004 [session=000416] [INFO] [MainThread] [ARRIVAL_DEBUG] arrival transparent button input | source=transparent_button, current_view=7, animation_enabled=True, button_visible=True, button_enabled=True, button_text=, button_geometry=(0, 0, 1024, 600), right_button_visible=True, right_button_enabled=True, right_button_text=재개, robot_eye_visible=True, destination_name=로비, brake_status=False, event_type=2, reached_view=False
2026-08-21 09:54:16.064 [session=000416] [INFO] [MainThread] Brake status changed to: False
2026-08-21 09:54:16.065 [session=000416] [DEBUG] [MainThread] 일시 정지 브레이크 해제 API 전송: #1, md/set_brake=false
2026-08-21 09:54:16.066 [session=000416] [DEBUG] [RestApiThread] [Brake] 브레이크 해제 REST API 전송: md/set_brake=false
2026-08-21 09:54:16.067 [session=000416] [DEBUG] [RestApiThread] [LockByTouch] [REST API] SendMdSetBreak(False)
2026-08-21 09:54:16.112 [session=000416] [DEBUG] [RestApiThread] _handle_response 호출됨 - tag: REST_API_TAG.POST_MD_SET_BREAK, status_code: 200
2026-08-21 09:54:16.116 [session=000416] [DEBUG] [ThreadPoolExecutor-5_0] 백그라운드 파싱 대상이 아닌 REST 태그: REST_API_TAG.POST_MD_SET_BREAK
2026-08-21 09:54:16.552 [session=000416] [DEBUG] [MainThread] 일시 정지 브레이크 해제 API 전송: #2, md/set_brake=false
2026-08-21 09:54:16.553 [session=000416] [DEBUG] [RestApiThread] [Brake] 브레이크 해제 REST API 전송: md/set_brake=false
2026-08-21 09:54:16.553 [session=000416] [DEBUG] [RestApiThread] [LockByTouch] [REST API] SendMdSetBreak(False)
2026-08-21 09:54:16.570 [session=000416] [DEBUG] [RestApiThread] _handle_response 호출됨 - tag: REST_API_TAG.POST_MD_SET_BREAK, status_code: 200
2026-08-21 09:54:16.571 [session=000416] [DEBUG] [ThreadPoolExecutor-5_0] 백그라운드 파싱 대상이 아닌 REST 태그: REST_API_TAG.POST_MD_SET_BREAK
2026-08-21 09:54:16.664 [session=000416] [INFO] [SSE-SSE_MD_SET_BREAK] [SSE_DIAG] event received tag=SSE_MD_SET_BREAK, count=1, event=message, id=None, url=http://localhost:8080/robot_ec2b/events/md/set_brake, data={"data": false}
2026-08-21 09:54:16.665 [session=000416] [DEBUG] [SSE-SSE_MD_SET_BREAK] SSE md/set_brake: False
2026-08-21 09:54:16.666 [session=000416] [INFO] [MainThread] Brake status changed to: False
2026-08-21 09:54:16.926 [session=000416] [INFO] [MainThread] model_manager set_destinations: unchanged (5 items) - emit skipped
2026-08-21 09:54:16.929 [session=000416] [INFO] [MainThread] User Input Detected: Event Type 194
2026-08-21 09:54:16.930 [session=000416] [INFO] [MainThread] User Input Detected: Event Type 194
2026-08-21 09:54:16.933 [session=000416] [INFO] [MainThread] User Input Detected: Event Type 2
2026-08-21 09:54:16.935 [session=000416] [INFO] [MainThread] User Input Detected: Event Type 2
2026-08-21 09:54:16.935 [session=000416] [DEBUG] [MainThread] 🔊 버튼 클릭 소리 재생: button0.wav
2026-08-21 09:54:16.937 [session=000416] [DEBUG] [Dummy-6] [AUDIO_DIAG] cached effect request status=Ready, pool_size=1, device=Built-in Audio Digital Stereo (HDMI), path=/home/dentium/robot_GUIs/app/resources/sounds/sounds/button0.wav
2026-08-21 09:54:16.937 [session=000416] [DEBUG] [Dummy-6] [AUDIO_DIAG] cached effect play status=Ready, device=Built-in Audio Digital Stereo (HDMI), path=/home/dentium/robot_GUIs/app/resources/sounds/sounds/button0.wav
2026-08-21 09:54:16.939 [session=000416] [DEBUG] [Dummy-6] [AUDIO_DIAG] cached effect playing is_playing=True, status=Ready, path=/home/dentium/robot_GUIs/app/resources/sounds/sounds/button0.wav
2026-08-21 09:54:16.955 [session=000416] [INFO] [MainThread] 홈 위치 수신: (3.12, 1.10)
2026-08-21 09:54:16.956 [session=000416] [INFO] [MainThread] 홈 위치 표시 업데이트: (894.0, 100.9)
2026-08-21 09:54:16.959 [session=000416] [INFO] [MainThread]   홈 위치 서버 → 픽셀 좌표로 변환 및 UI 업데이트: (894.0, 100.9)
2026-08-21 09:54:16.960 [session=000416] [INFO] [MainThread] My IP : 192.168.104.212
2026-08-21 09:54:16.995 [session=000416] [DEBUG] [Dummy-6] [AUDIO_DIAG] cached effect playing is_playing=False, status=Ready, path=/home/dentium/robot_GUIs/app/resources/sounds/sounds/button0.wav
2026-08-21 09:54:17.029 [session=000416] [DEBUG] [MainThread] 일시 정지 브레이크 해제 API 전송: #3, md/set_brake=false
2026-08-21 09:54:17.030 [session=000416] [DEBUG] [RestApiThread] [Brake] 브레이크 해제 REST API 전송: md/set_brake=false
2026-08-21 09:54:17.030 [session=000416] [DEBUG] [RestApiThread] [LockByTouch] [REST API] SendMdSetBreak(False)
2026-08-21 09:54:17.039 [session=000416] [DEBUG] [RestApiThread] _handle_response 호출됨 - tag: REST_API_TAG.POST_MD_SET_BREAK, status_code: 200
2026-08-21 09:54:17.041 [session=000416] [DEBUG] [ThreadPoolExecutor-5_1] 백그라운드 파싱 대상이 아닌 REST 태그: REST_API_TAG.POST_MD_SET_BREAK
2026-08-21 09:54:17.066 [session=000416] [DEBUG] [MainThread] [Brake] 브레이크 해제 API 전송 요청: md/set_brake=false
2026-08-21 09:54:17.066 [session=000416] [INFO] [SSE-SSE_MD_SET_BREAK] [SSE_DIAG] event received tag=SSE_MD_SET_BREAK, count=2, event=message, id=None, url=http://localhost:8080/robot_ec2b/events/md/set_brake, data={"data": false}
2026-08-21 09:54:17.067 [session=000416] [INFO] [MainThread] Brake status changed to: False
2026-08-21 09:54:17.067 [session=000416] [DEBUG] [RestApiThread] [Brake] 브레이크 해제 REST API 전송: md/set_brake=false
2026-08-21 09:54:17.068 [session=000416] [DEBUG] [RestApiThread] [LockByTouch] [REST API] SendMdSetBreak(False)
2026-08-21 09:54:17.069 [session=000416] [INFO] [MainThread] [ARRIVAL_DEBUG] update_remaining_time_for_reached ignored (wrong view) | remaining_time=-1, current_view=7
2026-08-21 09:54:17.070 [session=000416] [INFO] [MainThread] [ARRIVAL_DEBUG] reached_timer.stop | reason=clicked_break, was_active=False, remaining=15
2026-08-21 09:54:17.070 [session=000416] [DEBUG] [MainThread] [LockByTouch] set_condition_lock(False) — 현재 상태: cond=True, touch=True, view=False, slam=False, bypass=False
2026-08-21 09:54:17.070 [session=000416] [DEBUG] [MainThread] [LockByTouch] [STILL LOCKED] 해제 불가 — manual=False, cond=False, touch=True, view=False, slam=False, bypass=False
2026-08-21 09:54:17.083 [session=000416] [DEBUG] [RestApiThread] _handle_response 호출됨 - tag: REST_API_TAG.POST_MD_SET_BREAK, status_code: 200
2026-08-21 09:54:17.095 [session=000416] [DEBUG] [ThreadPoolExecutor-5_1] 백그라운드 파싱 대상이 아닌 REST 태그: REST_API_TAG.POST_MD_SET_BREAK
2026-08-21 09:54:17.109 [session=000416] [INFO] [MainThread] [ARRIVAL_DEBUG] update_remaining_time_for_reached ignored (wrong view) | remaining_time=-1, current_view=7
2026-08-21 09:54:17.109 [session=000416] [INFO] [RestApiThread] [SSE_DIAG] start requested tag=SSE_CALLBELL_SYNC, url=http://localhost:8080/robot_ec2b/events/callbell, timeout=None
2026-08-21 09:54:17.110 [session=000416] [INFO] [MainThread] [ARRIVAL_DEBUG] reached_timer.stop | reason=moving_is_done, was_active=False, remaining=15
2026-08-21 09:54:17.110 [session=000416] [INFO] [SSE-SSE_CALLBELL_SYNC] [SSE_DIAG] connect attempt tag=SSE_CALLBELL_SYNC, reconnect=0, url=http://localhost:8080/robot_ec2b/events/callbell
2026-08-21 09:54:17.111 [session=000416] [DEBUG] [RestApiThread] GetCallBellFromRESTAPI 요청 시작
2026-08-21 09:54:17.117 [session=000416] [DEBUG] [RestApiThread] _get_data: 요청 시작 - tag: REST_API_TAG.GET_CALLBELL, url: http://localhost:8080/robot_ec2b/callbell
2026-08-21 09:54:17.119 [session=000416] [DEBUG] [RestApiThread] _get_data: 요청 전송 완료 - tag: REST_API_TAG.GET_CALLBELL, timeout: 30000ms
2026-08-21 09:54:17.126 [session=000416] [DEBUG] [RestApiThread] _handle_response 호출됨 - tag: REST_API_TAG.GET_CALLBELL, status_code: 200
2026-08-21 09:54:17.130 [session=000416] [INFO] [ThreadPoolExecutor-5_1] 호출벨 데이터 수신: 5개
2026-08-21 09:54:17.131 [session=000416] [INFO] [SSE-SSE_CALLBELL_SYNC] [SSE_DIAG] connected tag=SSE_CALLBELL_SYNC, status=200, reason=OK, elapsed=0.02s, content_type=text/event-stream; charset=utf-8, url=http://localhost:8080/robot_ec2b/events/callbell
2026-08-21 09:54:17.132 [session=000416] [INFO] [SSE-SSE_CALLBELL_SYNC] [SSE_DIAG] event received tag=SSE_CALLBELL_SYNC, count=1, event=message, id=None, url=http://localhost:8080/robot_ec2b/events/callbell, data={"data": "{\"callbells\": {\"64012cd7\": {\"name\": \"\ud638\ucd9c\ubca8 1\", \"usage\": \"suction\", \"destination\": \"\ub85c\ube44\"}, \"64132cd7\": {\"name\": \"\ud638\ucd9c\ubca8 2\", \"usage\": \"suction\", \"destination\": \"\uc218\uc220\uc2e4\"}, \"64252cd7\": {\"name\": \"\ud638\ucd9c\ubca8 3\", \"usage\": \"suction\", \"destination\": \"\uc9c4\ub8cc\uc2e4\"}, \"64372cd7\": {\"name\": \"\ud638\ucd9c\ubca8 4\", \"usage\": \"suction\", \"destination\": \"\ucc3d\uace0\"}, \"64492cd7\": {\"...(len=684)
2026-08-21 09:54:17.133 [session=000416] [INFO] [SSE-SSE_CALLBELL_SYNC] [CALLBELL SSE] 목록 변경 신호 감지: url=http://localhost:8080/robot_ec2b/events/callbell, raw={"data": "{\"callbells\": {\"64012cd7\": {\"name\": \"\ud638\ucd9c\ubca8 1\", \"usage\": \"suction\", \"destination\": \"\ub85c\ube44\"}, \"64132cd7\": {\"name\": \"\ud638\ucd9c\ubca8 2\", \"usage\": \"suction\", \"destination\": \"\uc218\uc220\uc2e4\"}, \"64252cd7\": {\"name\": \"\ud638\ucd9c\ubca8 3\", \"usage\": \"suction\", \"destination\": \"\uc9c4\ub8cc\uc2e4\"}, \"64372cd7\": {\"name\": \"\ud638\ucd9c\ubca8 4\", \"usage\": \"suction\", \"destination\": \"\ucc3d\uace0\"}, \"64492cd7\": {\"...(len=684)
2026-08-21 09:54:17.158 [session=000416] [INFO] [MainThread] 호출벨-목적지 동기화 완료: 5개 호출벨
2026-08-21 09:54:17.159 [session=000416] [INFO] [MainThread] 목적지 리스트 반환: destinations=[Destination(name='로비', goal_pose=Pose(x=4.241336459631034, y=-2.361104203714551, qw=0.5097087478206948, qz=0.8603470185890456), bell=Bells(treatment='', suction='64012cd7'), idx=0, color='#e53935'), Destination(name='수술실', goal_pose=Pose(x=4.5199271819089395, y=-3.9219605026851503, qw=0.14533446519134308, qz=-0.9893825818294691), bell=Bells(treatment='', suction='64132cd7'), idx=1, color='#e53935'), Destination(name='진료실', goal_pose=Pose(x=0.11980823444488001, y=-3.735511450600503, qw=0.9963649848510123, qz=0.0851869530083222), bell=Bells(treatment='', suction='64252cd7'), idx=2, color='#e53935'), Destination(name='창고', goal_pose=Pose(x=0.2834625688692579, y=-6.793061814598156, qw=0.5257961572167338, qz=0.850610604834031), bell=Bells(treatment='', suction='64372cd7'), idx=3, color='#e53935'), Destination(name='소독실', goal_pose=Pose(x=-3.4045695907217928, y=-7.611793760201744, qw=0.546869706461766, qz=0.8372177280459497), bell=Bells(treatment='', suction='64492cd7'), idx=4, color='#e53935')]
2026-08-21 09:54:17.160 [session=000416] [INFO] [MainThread] 호출벨 리스트 반환: callbells={'64012cd7': {'name': '호출벨 1', 'usage': 'suction', 'destination': '로비'}, '64132cd7': {'name': '호출벨 2', 'usage': 'suction', 'destination': '수술실'}, '64252cd7': {'name': '호출벨 3', 'usage': 'suction', 'destination': '진료실'}, '64372cd7': {'name': '호출벨 4', 'usage': 'suction', 'destination': '창고'}, '64492cd7': {'name': '호출벨 5', 'usage': 'suction', 'destination': '소독실'}}, robot_usages=['treatment', 'suction']
2026-08-21 09:54:17.161 [session=000416] [INFO] [MainThread] 호출벨 리스트 로드: 5개
2026-08-21 09:54:17.161 [session=000416] [INFO] [MainThread] 호출벨 목록 동일 - UI 재생성 생략
2026-08-21 09:54:17.161 [session=000416] [INFO] [MainThread] 호출벨용 용도 목록 로드 요청
2026-08-21 09:54:17.162 [session=000416] [INFO] [MainThread] 호출벨에 용도 목록 전달: 2개
2026-08-21 09:54:17.163 [session=000416] [INFO] [MainThread] 용도 목록 로드: 2개
2026-08-21 09:54:17.163 [session=000416] [INFO] [MainThread] 목적지 목록 로드: 5개
2026-08-21 09:54:17.164 [session=000416] [INFO] [MainThread] 호출벨 관리에 목적지 목록 전달: 5개
2026-08-21 09:54:17.164 [session=000416] [INFO] [ThreadPoolExecutor-8_0] 순차 이동 설정 저장 완료: /home/dentium/robot_GUIs/app/config/sequential_move.json
2026-08-21 09:54:17.165 [session=000416] [INFO] [MainThread] 호출벨 목록 변경 SSE 수신 - REST API 재조회: payload={"data": "{\"callbells\": {\"64012cd7\": {\"name\": \"\ud638\ucd9c\ubca8 1\", \"usage\": \"suction\", \"destination\": \"\ub85c\ube44\"}, \"64132cd7\": {\"name\": \"\ud638\ucd9c\ubca8 2\", \"usage\": 
2026-08-21 09:54:17.165 [session=000416] [DEBUG] [RestApiThread] GetCallBellFromRESTAPI 요청 시작
2026-08-21 09:54:17.166 [session=000416] [DEBUG] [RestApiThread] _get_data: 요청 시작 - tag: REST_API_TAG.GET_CALLBELL, url: http://localhost:8080/robot_ec2b/callbell
2026-08-21 09:54:17.168 [session=000416] [DEBUG] [RestApiThread] _get_data: 요청 전송 완료 - tag: REST_API_TAG.GET_CALLBELL, timeout: 30000ms
2026-08-21 09:54:17.173 [session=000416] [DEBUG] [RestApiThread] _handle_response 호출됨 - tag: REST_API_TAG.GET_CALLBELL, status_code: 200
2026-08-21 09:54:17.177 [session=000416] [INFO] [ThreadPoolExecutor-5_0] 호출벨 데이터 수신: 5개
2026-08-21 09:54:17.180 [session=000416] [INFO] [MainThread] 호출벨-목적지 동기화 완료: 5개 호출벨
2026-08-21 09:54:17.180 [session=000416] [INFO] [MainThread] 목적지 리스트 반환: destinations=[Destination(name='로비', goal_pose=Pose(x=4.241336459631034, y=-2.361104203714551, qw=0.5097087478206948, qz=0.8603470185890456), bell=Bells(treatment='', suction='64012cd7'), idx=0, color='#e53935'), Destination(name='수술실', goal_pose=Pose(x=4.5199271819089395, y=-3.9219605026851503, qw=0.14533446519134308, qz=-0.9893825818294691), bell=Bells(treatment='', suction='64132cd7'), idx=1, color='#e53935'), Destination(name='진료실', goal_pose=Pose(x=0.11980823444488001, y=-3.735511450600503, qw=0.9963649848510123, qz=0.0851869530083222), bell=Bells(treatment='', suction='64252cd7'), idx=2, color='#e53935'), Destination(name='창고', goal_pose=Pose(x=0.2834625688692579, y=-6.793061814598156, qw=0.5257961572167338, qz=0.850610604834031), bell=Bells(treatment='', suction='64372cd7'), idx=3, color='#e53935'), Destination(name='소독실', goal_pose=Pose(x=-3.4045695907217928, y=-7.611793760201744, qw=0.546869706461766, qz=0.8372177280459497), bell=Bells(treatment='', suction='64492cd7'), idx=4, color='#e53935')]
2026-08-21 09:54:17.181 [session=000416] [INFO] [MainThread] 호출벨 리스트 반환: callbells={'64012cd7': {'name': '호출벨 1', 'usage': 'suction', 'destination': '로비'}, '64132cd7': {'name': '호출벨 2', 'usage': 'suction', 'destination': '수술실'}, '64252cd7': {'name': '호출벨 3', 'usage': 'suction', 'destination': '진료실'}, '64372cd7': {'name': '호출벨 4', 'usage': 'suction', 'destination': '창고'}, '64492cd7': {'name': '호출벨 5', 'usage': 'suction', 'destination': '소독실'}}, robot_usages=['treatment', 'suction']
2026-08-21 09:54:17.181 [session=000416] [INFO] [MainThread] 호출벨 리스트 로드: 5개
2026-08-21 09:54:17.182 [session=000416] [INFO] [MainThread] 호출벨 목록 동일 - UI 재생성 생략
2026-08-21 09:54:17.182 [session=000416] [INFO] [MainThread] 호출벨용 용도 목록 로드 요청
2026-08-21 09:54:17.182 [session=000416] [INFO] [MainThread] 호출벨에 용도 목록 전달: 2개
2026-08-21 09:54:17.183 [session=000416] [INFO] [MainThread] 용도 목록 로드: 2개
2026-08-21 09:54:17.183 [session=000416] [INFO] [MainThread] 목적지 목록 로드: 5개
2026-08-21 09:54:17.183 [session=000416] [INFO] [MainThread] 호출벨 관리에 목적지 목록 전달: 5개
2026-08-21 09:54:17.267 [session=000416] [INFO] [SSE-SSE_MD_SET_BREAK] [SSE_DIAG] event received tag=SSE_MD_SET_BREAK, count=3, event=message, id=None, url=http://localhost:8080/robot_ec2b/events/md/set_brake, data={"data": false}
2026-08-21 09:54:17.331 [session=000416] [DEBUG] [RestApiThread] _get_data: 요청 시작 - tag: REST_API_TAG.GET_MD_SET_BREAK, url: http://localhost:8080/robot_ec2b/md/set_brake
2026-08-21 09:54:17.332 [session=000416] [DEBUG] [RestApiThread] _get_data: 요청 전송 완료 - tag: REST_API_TAG.GET_MD_SET_BREAK, timeout: 30000ms
2026-08-21 09:54:17.337 [session=000416] [DEBUG] [RestApiThread] _handle_response 호출됨 - tag: REST_API_TAG.GET_MD_SET_BREAK, status_code: 200
2026-08-21 09:54:17.340 [session=000416] [INFO] [MainThread] Brake status changed to: False
2026-08-21 09:54:17.666 [session=000416] [INFO] [SSE-SSE_BATTERY_LOW_SHUTDOWN] [SSE_DIAG] connect attempt tag=SSE_BATTERY_LOW_SHUTDOWN, reconnect=6, url=http://localhost:8080/robot_ec2b/events/battery/low_shutdown
2026-08-21 09:54:17.677 [session=000416] [INFO] [SSE-SSE_BATTERY_LOW_SHUTDOWN] [SSE_DIAG] connected tag=SSE_BATTERY_LOW_SHUTDOWN, status=404, reason=Not Found, elapsed=0.01s, content_type=application/json, url=http://localhost:8080/robot_ec2b/events/battery/low_shutdown
2026-08-21 09:54:17.678 [session=000416] [ERROR] [SSE-SSE_BATTERY_LOW_SHUTDOWN] [SSE_DIAG] non-200 response tag=SSE_BATTERY_LOW_SHUTDOWN, status=404, reason=Not Found, url=http://localhost:8080/robot_ec2b/events/battery/low_shutdown
2026-08-21 09:54:17.683 [session=000416] [INFO] [SSE-SSE_BATTERY_LOW_SHUTDOWN] [SSE_DIAG] reconnect wait tag=SSE_BATTERY_LOW_SHUTDOWN, delay=10s, reconnect=7, reason=HTTP 404, url=http://localhost:8080/robot_ec2b/events/battery/low_shutdown
2026-08-21 09:54:19.393 [session=000416] [INFO] [MainThread] [MAIN_THREAD_HEARTBEAT] GUI main thread alive: thread=MainThread
2026-08-21 09:54:22.298 [session=000416] [DEBUG] [MainThread] [LockByTouch] [TIMER] 터치 락 타이머 만료 — touch_lock=False
2026-08-21 09:54:22.300 [session=000416] [DEBUG] [MainThread] [LockByTouch] [UNLOCK] req_lock(False) — manual=False, cond=False, touch=False, view=False, slam=False, bypass=False
2026-08-21 09:54:22.302 [session=000416] [DEBUG] [RestApiThread] [LockByTouch] [REST API] SendRobotLock(False)
2026-08-21 09:54:22.319 [session=000416] [DEBUG] [RestApiThread] _handle_response 호출됨 - tag: REST_API_TAG.POST_ROBOT_LOCK, status_code: 200
2026-08-21 09:54:22.320 [session=000416] [DEBUG] [ThreadPoolExecutor-5_1] 백그라운드 파싱 대상이 아닌 REST 태그: REST_API_TAG.POST_ROBOT_LOCK
2026-08-21 09:54:22.556 [session=000416] [DEBUG] [SSE-SSE_ROBOT_STATUS] SSE robot status: ROBOT_STANDBY
2026-08-21 09:54:24.395 [session=000416] [INFO] [MainThread] [MAIN_THREAD_HEARTBEAT] GUI main thread alive: thread=MainThread
2026-08-21 09:54:26.898 [session=000416] [DEBUG] [RestApiThread] GetCallBellFromRESTAPI 요청 시작
2026-08-21 09:54:26.900 [session=000416] [DEBUG] [RestApiThread] _get_data: 요청 시작 - tag: REST_API_TAG.GET_CALLBELL, url: http://localhost:8080/robot_ec2b/callbell
2026-08-21 09:54:26.904 [session=000416] [DEBUG] [RestApiThread] _get_data: 요청 전송 완료 - tag: REST_API_TAG.GET_CALLBELL, timeout: 30000ms
2026-08-21 09:54:26.914 [session=000416] [INFO] [MainThread] model_manager set_destinations: unchanged (5 items) - emit skipped
2026-08-21 09:54:26.915 [session=000416] [INFO] [MainThread] 홈 위치 수신: (3.12, 1.10)
2026-08-21 09:54:26.916 [session=000416] [INFO] [MainThread] 홈 위치 표시 업데이트: (894.0, 100.9)
2026-08-21 09:54:26.921 [session=000416] [DEBUG] [RestApiThread] _handle_response 호출됨 - tag: REST_API_TAG.GET_CALLBELL, status_code: 200
2026-08-21 09:54:26.921 [session=000416] [INFO] [MainThread]   홈 위치 서버 → 픽셀 좌표로 변환 및 UI 업데이트: (894.0, 100.9)
2026-08-21 09:54:26.923 [session=000416] [INFO] [ThreadPoolExecutor-5_1] 호출벨 데이터 수신: 5개
2026-08-21 09:54:26.927 [session=000416] [INFO] [MainThread] My IP : 192.168.104.212
2026-08-21 09:54:26.931 [session=000416] [INFO] [browser-music-sync_0] [BROWSER_MUSIC_SYNC] event=catalog_fetch_started master_base_url=http://127.0.0.1:5051
2026-08-21 09:54:26.933 [session=000416] [INFO] [MainThread] 호출벨-목적지 동기화 완료: 5개 호출벨
2026-08-21 09:54:26.934 [session=000416] [INFO] [MainThread] 목적지 리스트 반환: destinations=[Destination(name='로비', goal_pose=Pose(x=4.241336459631034, y=-2.361104203714551, qw=0.5097087478206948, qz=0.8603470185890456), bell=Bells(treatment='', suction='64012cd7'), idx=0, color='#e53935'), Destination(name='수술실', goal_pose=Pose(x=4.5199271819089395, y=-3.9219605026851503, qw=0.14533446519134308, qz=-0.9893825818294691), bell=Bells(treatment='', suction='64132cd7'), idx=1, color='#e53935'), Destination(name='진료실', goal_pose=Pose(x=0.11980823444488001, y=-3.735511450600503, qw=0.9963649848510123, qz=0.0851869530083222), bell=Bells(treatment='', suction='64252cd7'), idx=2, color='#e53935'), Destination(name='창고', goal_pose=Pose(x=0.2834625688692579, y=-6.793061814598156, qw=0.5257961572167338, qz=0.850610604834031), bell=Bells(treatment='', suction='64372cd7'), idx=3, color='#e53935'), Destination(name='소독실', goal_pose=Pose(x=-3.4045695907217928, y=-7.611793760201744, qw=0.546869706461766, qz=0.8372177280459497), bell=Bells(treatment='', suction='64492cd7'), idx=4, color='#e53935')]
2026-08-21 09:54:26.934 [session=000416] [INFO] [MainThread] 호출벨 리스트 반환: callbells={'64012cd7': {'name': '호출벨 1', 'usage': 'suction', 'destination': '로비'}, '64132cd7': {'name': '호출벨 2', 'usage': 'suction', 'destination': '수술실'}, '64252cd7': {'name': '호출벨 3', 'usage': 'suction', 'destination': '진료실'}, '64372cd7': {'name': '호출벨 4', 'usage': 'suction', 'destination': '창고'}, '64492cd7': {'name': '호출벨 5', 'usage': 'suction', 'destination': '소독실'}}, robot_usages=['treatment', 'suction']
2026-08-21 09:54:26.935 [session=000416] [INFO] [MainThread] 호출벨 리스트 로드: 5개
2026-08-21 09:54:26.937 [session=000416] [INFO] [MainThread] 호출벨 목록 동일 - UI 재생성 생략
2026-08-21 09:54:26.938 [session=000416] [INFO] [MainThread] 호출벨용 용도 목록 로드 요청
2026-08-21 09:54:26.940 [session=000416] [INFO] [MainThread] 호출벨에 용도 목록 전달: 2개
2026-08-21 09:54:26.940 [session=000416] [INFO] [MainThread] 용도 목록 로드: 2개
2026-08-21 09:54:26.940 [session=000416] [INFO] [MainThread] 목적지 목록 로드: 5개
2026-08-21 09:54:26.940 [session=000416] [INFO] [MainThread] 호출벨 관리에 목적지 목록 전달: 5개
2026-08-21 09:54:26.972 [session=000416] [INFO] [browser-music-sync_0] [BROWSER_MUSIC_SYNC] event=catalog_fetch_succeeded master_base_url=http://127.0.0.1:5051 item_count=3
2026-08-21 09:54:26.980 [session=000416] [INFO] [RestApiThread] [REST API] 배경 음악 GET 전송: operation=selection_get, url=http://127.0.0.1:5051/api/voice-event-settings/background-music?robot_id=robot_ec2b
2026-08-21 09:54:26.981 [session=000416] [INFO] [RestApiThread] [REST API] 배경 음악 GET 전송: operation=resolved_get, url=http://127.0.0.1:5051/api/voice-event-settings/resolved?robot_id=robot_ec2b
2026-08-21 09:54:27.000 [session=000416] [DEBUG] [RestApiThread] _handle_response 호출됨 - tag: REST_API_TAG.GET_BACKGROUND_MUSIC_SETTING, status_code: 200
2026-08-21 09:54:27.010 [session=000416] [DEBUG] [RestApiThread] _handle_response 호출됨 - tag: REST_API_TAG.GET_RESOLVED_BACKGROUND_MUSIC, status_code: 200
2026-08-21 09:54:27.118 [session=000416] [INFO] [ThreadPoolExecutor-8_0] 순차 이동 설정 저장 완료: /home/dentium/robot_GUIs/app/config/sequential_move.json
2026-08-21 09:54:27.685 [session=000416] [INFO] [SSE-SSE_BATTERY_LOW_SHUTDOWN] [SSE_DIAG] connect attempt tag=SSE_BATTERY_LOW_SHUTDOWN, reconnect=7, url=http://localhost:8080/robot_ec2b/events/battery/low_shutdown
2026-08-21 09:54:27.702 [session=000416] [INFO] [SSE-SSE_BATTERY_LOW_SHUTDOWN] [SSE_DIAG] connected tag=SSE_BATTERY_LOW_SHUTDOWN, status=404, reason=Not Found, elapsed=0.02s, content_type=application/json, url=http://localhost:8080/robot_ec2b/events/battery/low_shutdown
2026-08-21 09:54:27.704 [session=000416] [ERROR] [SSE-SSE_BATTERY_LOW_SHUTDOWN] [SSE_DIAG] non-200 response tag=SSE_BATTERY_LOW_SHUTDOWN, status=404, reason=Not Found, url=http://localhost:8080/robot_ec2b/events/battery/low_shutdown
2026-08-21 09:54:27.707 [session=000416] [INFO] [SSE-SSE_BATTERY_LOW_SHUTDOWN] [SSE_DIAG] reconnect wait tag=SSE_BATTERY_LOW_SHUTDOWN, delay=10s, reconnect=8, reason=HTTP 404, url=http://localhost:8080/robot_ec2b/events/battery/low_shutdown
2026-08-21 09:54:29.394 [session=000416] [INFO] [MainThread] [MAIN_THREAD_HEARTBEAT] GUI main thread alive: thread=MainThread
2026-08-21 09:54:34.393 [session=000416] [INFO] [MainThread] [MAIN_THREAD_HEARTBEAT] GUI main thread alive: thread=MainThread
2026-08-21 09:54:36.902 [session=000416] [DEBUG] [RestApiThread] GetCallBellFromRESTAPI 요청 시작
2026-08-21 09:54:36.903 [session=000416] [DEBUG] [RestApiThread] _get_data: 요청 시작 - tag: REST_API_TAG.GET_CALLBELL, url: http://localhost:8080/robot_ec2b/callbell
2026-08-21 09:54:36.904 [session=000416] [DEBUG] [RestApiThread] _get_data: 요청 전송 완료 - tag: REST_API_TAG.GET_CALLBELL, timeout: 30000ms
2026-08-21 09:54:36.909 [session=000416] [INFO] [MainThread] model_manager set_destinations: unchanged (5 items) - emit skipped
2026-08-21 09:54:36.911 [session=000416] [INFO] [MainThread] 홈 위치 수신: (3.12, 1.10)
2026-08-21 09:54:36.911 [session=000416] [INFO] [MainThread] 홈 위치 표시 업데이트: (894.0, 100.9)
2026-08-21 09:54:36.916 [session=000416] [DEBUG] [RestApiThread] _handle_response 호출됨 - tag: REST_API_TAG.GET_CALLBELL, status_code: 200
2026-08-21 09:54:36.918 [session=000416] [INFO] [ThreadPoolExecutor-5_0] 호출벨 데이터 수신: 5개
2026-08-21 09:54:36.919 [session=000416] [INFO] [MainThread]   홈 위치 서버 → 픽셀 좌표로 변환 및 UI 업데이트: (894.0, 100.9)
2026-08-21 09:54:36.925 [session=000416] [INFO] [MainThread] 호출벨-목적지 동기화 완료: 5개 호출벨
2026-08-21 09:54:36.925 [session=000416] [INFO] [MainThread] 목적지 리스트 반환: destinations=[Destination(name='로비', goal_pose=Pose(x=4.241336459631034, y=-2.361104203714551, qw=0.5097087478206948, qz=0.8603470185890456), bell=Bells(treatment='', suction='64012cd7'), idx=0, color='#e53935'), Destination(name='수술실', goal_pose=Pose(x=4.5199271819089395, y=-3.9219605026851503, qw=0.14533446519134308, qz=-0.9893825818294691), bell=Bells(treatment='', suction='64132cd7'), idx=1, color='#e53935'), Destination(name='진료실', goal_pose=Pose(x=0.11980823444488001, y=-3.735511450600503, qw=0.9963649848510123, qz=0.0851869530083222), bell=Bells(treatment='', suction='64252cd7'), idx=2, color='#e53935'), Destination(name='창고', goal_pose=Pose(x=0.2834625688692579, y=-6.793061814598156, qw=0.5257961572167338, qz=0.850610604834031), bell=Bells(treatment='', suction='64372cd7'), idx=3, color='#e53935'), Destination(name='소독실', goal_pose=Pose(x=-3.4045695907217928, y=-7.611793760201744, qw=0.546869706461766, qz=0.8372177280459497), bell=Bells(treatment='', suction='64492cd7'), idx=4, color='#e53935')]
2026-08-21 09:54:36.926 [session=000416] [INFO] [MainThread] 호출벨 리스트 반환: callbells={'64012cd7': {'name': '호출벨 1', 'usage': 'suction', 'destination': '로비'}, '64132cd7': {'name': '호출벨 2', 'usage': 'suction', 'destination': '수술실'}, '64252cd7': {'name': '호출벨 3', 'usage': 'suction', 'destination': '진료실'}, '64372cd7': {'name': '호출벨 4', 'usage': 'suction', 'destination': '창고'}, '64492cd7': {'name': '호출벨 5', 'usage': 'suction', 'destination': '소독실'}}, robot_usages=['treatment', 'suction']
2026-08-21 09:54:36.926 [session=000416] [INFO] [MainThread] 호출벨 리스트 로드: 5개
2026-08-21 09:54:36.926 [session=000416] [INFO] [MainThread] 호출벨 목록 동일 - UI 재생성 생략
2026-08-21 09:54:36.927 [session=000416] [INFO] [MainThread] 호출벨용 용도 목록 로드 요청
2026-08-21 09:54:36.927 [session=000416] [INFO] [MainThread] 호출벨에 용도 목록 전달: 2개
2026-08-21 09:54:36.927 [session=000416] [INFO] [MainThread] 용도 목록 로드: 2개
2026-08-21 09:54:36.928 [session=000416] [INFO] [MainThread] 목적지 목록 로드: 5개
2026-08-21 09:54:36.928 [session=000416] [INFO] [MainThread] 호출벨 관리에 목적지 목록 전달: 5개
2026-08-21 09:54:36.929 [session=000416] [INFO] [MainThread] My IP : 192.168.104.212
2026-08-21 09:54:37.098 [session=000416] [INFO] [ThreadPoolExecutor-8_0] 순차 이동 설정 저장 완료: /home/dentium/robot_GUIs/app/config/sequential_move.json
2026-08-21 09:54:37.708 [session=000416] [INFO] [SSE-SSE_BATTERY_LOW_SHUTDOWN] [SSE_DIAG] connect attempt tag=SSE_BATTERY_LOW_SHUTDOWN, reconnect=8, url=http://localhost:8080/robot_ec2b/events/battery/low_shutdown
2026-08-21 09:54:37.715 [session=000416] [INFO] [SSE-SSE_BATTERY_LOW_SHUTDOWN] [SSE_DIAG] connected tag=SSE_BATTERY_LOW_SHUTDOWN, status=404, reason=Not Found, elapsed=0.01s, content_type=application/json, url=http://localhost:8080/robot_ec2b/events/battery/low_shutdown
2026-08-21 09:54:37.717 [session=000416] [ERROR] [SSE-SSE_BATTERY_LOW_SHUTDOWN] [SSE_DIAG] non-200 response tag=SSE_BATTERY_LOW_SHUTDOWN, status=404, reason=Not Found, url=http://localhost:8080/robot_ec2b/events/battery/low_shutdown
2026-08-21 09:54:37.719 [session=000416] [INFO] [SSE-SSE_BATTERY_LOW_SHUTDOWN] [SSE_DIAG] reconnect wait tag=SSE_BATTERY_LOW_SHUTDOWN, delay=10s, reconnect=9, reason=HTTP 404, url=http://localhost:8080/robot_ec2b/events/battery/low_shutdown
2026-08-21 09:54:39.393 [session=000416] [INFO] [MainThread] [MAIN_THREAD_HEARTBEAT] GUI main thread alive: thread=MainThread
2026-08-21 09:54:44.395 [session=000416] [INFO] [MainThread] [MAIN_THREAD_HEARTBEAT] GUI main thread alive: thread=MainThread
2026-08-21 09:54:46.897 [session=000416] [DEBUG] [RestApiThread] GetCallBellFromRESTAPI 요청 시작
2026-08-21 09:54:46.902 [session=000416] [DEBUG] [RestApiThread] _get_data: 요청 시작 - tag: REST_API_TAG.GET_CALLBELL, url: http://localhost:8080/robot_ec2b/callbell
2026-08-21 09:54:46.903 [session=000416] [DEBUG] [RestApiThread] _get_data: 요청 전송 완료 - tag: REST_API_TAG.GET_CALLBELL, timeout: 30000ms
2026-08-21 09:54:46.907 [session=000416] [INFO] [MainThread] model_manager set_destinations: 6 items
2026-08-21 09:54:46.908 [session=000416] [INFO] [MainThread] model_manager set_destinations: updated (6 items)
2026-08-21 09:54:46.910 [session=000416] [INFO] [MainThread] 호출벨-목적지 동기화 완료: 5개 호출벨
2026-08-21 09:54:46.912 [session=000416] [INFO] [MainThread] DestinationTableWidget.set_destinations: 6 items
2026-08-21 09:54:46.924 [session=000416] [DEBUG] [RestApiThread] _handle_response 호출됨 - tag: REST_API_TAG.GET_CALLBELL, status_code: 200
2026-08-21 09:54:46.931 [session=000416] [INFO] [RestApiThread] _handle_response (CYCLIC 정상) - tag: REST_API_TAG.GET_MASTER_IP_ADDRESS, status: 200, pending→0
2026-08-21 09:54:46.935 [session=000416] [INFO] [ThreadPoolExecutor-5_0] 호출벨 데이터 수신: 5개
2026-08-21 09:54:46.965 [session=000416] [WARNING] [MainThread] [PERF] DestinationTableWidget.button_batch 지연: buttons=2, index=0->2, 52.5ms
2026-08-21 09:54:46.967 [session=000416] [WARNING] [MainThread] [PERF] DestinationTableWidget.update_buttons 첫 batch 지연: items=8, created=2, 54.6ms
2026-08-21 09:54:46.977 [session=000416] [WARNING] [MainThread] [PERF] DestinationTableWidget.set_destinations 지연: items=6, 65.1ms, steps: buttons=64.7ms
2026-08-21 09:54:46.981 [session=000416] [WARNING] [MainThread] [UI_BUDGET] destinations:update move view took 68.9ms
2026-08-21 09:54:46.992 [session=000416] [INFO] [MainThread] 홈 위치 수신: (3.12, 1.10)
2026-08-21 09:54:46.992 [session=000416] [INFO] [MainThread] 홈 위치 표시 업데이트: (894.0, 100.9)
2026-08-21 09:54:46.995 [session=000416] [INFO] [MainThread]   홈 위치 서버 → 픽셀 좌표로 변환 및 UI 업데이트: (894.0, 100.9)
2026-08-21 09:54:46.996 [session=000416] [INFO] [MainThread] My IP : 192.168.104.212
2026-08-21 09:54:46.998 [session=000416] [INFO] [MainThread] 호출벨-목적지 동기화 완료: 5개 호출벨
2026-08-21 09:54:46.998 [session=000416] [INFO] [MainThread] 목적지 리스트 반환: destinations=[Destination(name='로비', goal_pose=Pose(x=4.241336459631034, y=-2.361104203714551, qw=0.5097087478206948, qz=0.8603470185890456), bell=Bells(treatment='', suction='64012cd7'), idx=0, color='#e53935'), Destination(name='수술실', goal_pose=Pose(x=4.5199271819089395, y=-3.9219605026851503, qw=0.14533446519134308, qz=-0.9893825818294691), bell=Bells(treatment='', suction='64132cd7'), idx=1, color='#e53935'), Destination(name='진료실', goal_pose=Pose(x=0.11980823444488001, y=-3.735511450600503, qw=0.9963649848510123, qz=0.0851869530083222), bell=Bells(treatment='', suction='64252cd7'), idx=2, color='#e53935'), Destination(name='창고', goal_pose=Pose(x=0.2834625688692579, y=-6.793061814598156, qw=0.5257961572167338, qz=0.850610604834031), bell=Bells(treatment='', suction='64372cd7'), idx=3, color='#e53935'), Destination(name='소독실', goal_pose=Pose(x=-3.4045695907217928, y=-7.611793760201744, qw=0.546869706461766, qz=0.8372177280459497), bell=Bells(treatment='', suction='64492cd7'), idx=4, color='#e53935'), Destination(name='5555', goal_pose=Pose(x=-0.015954664341762737, y=-0.7609976247030872, qw=1, qz=0), bell=Bells(treatment='', suction=''), idx=5, color='#e53935')]
2026-08-21 09:54:46.999 [session=000416] [INFO] [MainThread] 호출벨 목적지 아이콘 UI 갱신: 6개
2026-08-21 09:54:46.999 [session=000416] [INFO] [MainThread] 호출벨 리스트 반환: callbells={'64012cd7': {'name': '호출벨 1', 'usage': 'suction', 'destination': '로비'}, '64132cd7': {'name': '호출벨 2', 'usage': 'suction', 'destination': '수술실'}, '64252cd7': {'name': '호출벨 3', 'usage': 'suction', 'destination': '진료실'}, '64372cd7': {'name': '호출벨 4', 'usage': 'suction', 'destination': '창고'}, '64492cd7': {'name': '호출벨 5', 'usage': 'suction', 'destination': '소독실'}}, robot_usages=['treatment', 'suction']
2026-08-21 09:54:46.999 [session=000416] [INFO] [MainThread] 호출벨 리스트 로드: 5개
2026-08-21 09:54:47.000 [session=000416] [INFO] [MainThread] 호출벨 목록 동일 - UI 재생성 생략
2026-08-21 09:54:47.000 [session=000416] [INFO] [MainThread] 호출벨용 용도 목록 로드 요청
2026-08-21 09:54:47.000 [session=000416] [INFO] [MainThread] 호출벨에 용도 목록 전달: 2개
2026-08-21 09:54:47.000 [session=000416] [INFO] [MainThread] 용도 목록 로드: 2개
2026-08-21 09:54:47.000 [session=000416] [INFO] [MainThread] 목적지 목록 로드: 6개
2026-08-21 09:54:47.000 [session=000416] [INFO] [MainThread] 호출벨 관리에 목적지 목록 전달: 6개
2026-08-21 09:54:47.027 [session=000416] [WARNING] [MainThread] [PERF] DestinationTableWidget.button_batch 지연: buttons=2, index=2->4, 24.0ms
2026-08-21 09:54:47.046 [session=000416] [INFO] [MainThread] DestinationTableWidget.set_destinations: 6 items
2026-08-21 09:54:47.080 [session=000416] [WARNING] [MainThread] [PERF] DestinationTableWidget.button_batch 지연: buttons=2, index=4->6, 30.3ms
2026-08-21 09:54:47.117 [session=000416] [WARNING] [MainThread] [PERF] DestinationTableWidget.button_batch 지연: buttons=2, index=6->8, 31.6ms
2026-08-21 09:54:47.118 [session=000416] [WARNING] [MainThread] [PERF] DestinationTableWidget.button_build 전체 지연: buttons=8, 206.0ms
2026-08-21 09:54:47.170 [session=000416] [INFO] [ThreadPoolExecutor-8_0] 순차 이동 설정 저장 완료: /home/dentium/robot_GUIs/app/config/sequential_move.json
2026-08-21 09:54:47.721 [session=000416] [INFO] [SSE-SSE_BATTERY_LOW_SHUTDOWN] [SSE_DIAG] connect attempt tag=SSE_BATTERY_LOW_SHUTDOWN, reconnect=9, url=http://localhost:8080/robot_ec2b/events/battery/low_shutdown
2026-08-21 09:54:47.741 [session=000416] [INFO] [SSE-SSE_BATTERY_LOW_SHUTDOWN] [SSE_DIAG] connected tag=SSE_BATTERY_LOW_SHUTDOWN, status=404, reason=Not Found, elapsed=0.02s, content_type=application/json, url=http://localhost:8080/robot_ec2b/events/battery/low_shutdown
2026-08-21 09:54:47.743 [session=000416] [ERROR] [SSE-SSE_BATTERY_LOW_SHUTDOWN] [SSE_DIAG] non-200 response tag=SSE_BATTERY_LOW_SHUTDOWN, status=404, reason=Not Found, url=http://localhost:8080/robot_ec2b/events/battery/low_shutdown
2026-08-21 09:54:47.746 [session=000416] [INFO] [SSE-SSE_BATTERY_LOW_SHUTDOWN] [SSE_DIAG] reconnect wait tag=SSE_BATTERY_LOW_SHUTDOWN, delay=10s, reconnect=10, reason=HTTP 404, url=http://localhost:8080/robot_ec2b/events/battery/low_shutdown
2026-08-21 09:54:49.397 [session=000416] [INFO] [MainThread] [MAIN_THREAD_HEARTBEAT] GUI main thread alive: thread=MainThread
2026-08-21 09:54:54.395 [session=000416] [INFO] [MainThread] [MAIN_THREAD_HEARTBEAT] GUI main thread alive: thread=MainThread
2026-08-21 09:54:56.902 [session=000416] [DEBUG] [RestApiThread] GetCallBellFromRESTAPI 요청 시작
2026-08-21 09:54:56.905 [session=000416] [DEBUG] [RestApiThread] _get_data: 요청 시작 - tag: REST_API_TAG.GET_CALLBELL, url: http://localhost:8080/robot_ec2b/callbell
2026-08-21 09:54:56.906 [session=000416] [DEBUG] [RestApiThread] _get_data: 요청 전송 완료 - tag: REST_API_TAG.GET_CALLBELL, timeout: 30000ms
2026-08-21 09:54:56.907 [session=000416] [INFO] [RestApiThread] _handle_response (CYCLIC 정상) - tag: REST_API_TAG.GET_DESTINATIONS, status: 200, pending→3
2026-08-21 09:54:56.909 [session=000416] [INFO] [MainThread] model_manager set_destinations: 5 items
2026-08-21 09:54:56.911 [session=000416] [INFO] [MainThread] model_manager set_destinations: updated (5 items)
2026-08-21 09:54:56.912 [session=000416] [INFO] [MainThread] 호출벨-목적지 동기화 완료: 5개 호출벨
2026-08-21 09:54:56.913 [session=000416] [INFO] [MainThread] DestinationTableWidget.set_destinations: 5 items
2026-08-21 09:54:56.916 [session=000416] [INFO] [MainThread] 홈 위치 수신: (3.12, 1.10)
2026-08-21 09:54:56.917 [session=000416] [INFO] [MainThread] 홈 위치 표시 업데이트: (894.0, 100.9)
2026-08-21 09:54:56.918 [session=000416] [DEBUG] [RestApiThread] _handle_response 호출됨 - tag: REST_API_TAG.GET_CALLBELL, status_code: 200
2026-08-21 09:54:56.919 [session=000416] [INFO] [ThreadPoolExecutor-5_1] 호출벨 데이터 수신: 5개
2026-08-21 09:54:56.925 [session=000416] [INFO] [MainThread]   홈 위치 서버 → 픽셀 좌표로 변환 및 UI 업데이트: (894.0, 100.9)
2026-08-21 09:54:56.947 [session=000416] [INFO] [MainThread] 호출벨-목적지 동기화 완료: 5개 호출벨
2026-08-21 09:54:56.947 [session=000416] [INFO] [MainThread] 목적지 리스트 반환: destinations=[Destination(name='로비', goal_pose=Pose(x=4.241336459631034, y=-2.361104203714551, qw=0.5097087478206948, qz=0.8603470185890456), bell=Bells(treatment='', suction='64012cd7'), idx=0, color='#e53935'), Destination(name='수술실', goal_pose=Pose(x=4.5199271819089395, y=-3.9219605026851503, qw=0.14533446519134308, qz=-0.9893825818294691), bell=Bells(treatment='', suction='64132cd7'), idx=1, color='#e53935'), Destination(name='진료실', goal_pose=Pose(x=0.11980823444488001, y=-3.735511450600503, qw=0.9963649848510123, qz=0.0851869530083222), bell=Bells(treatment='', suction='64252cd7'), idx=2, color='#e53935'), Destination(name='창고', goal_pose=Pose(x=0.2834625688692579, y=-6.793061814598156, qw=0.5257961572167338, qz=0.850610604834031), bell=Bells(treatment='', suction='64372cd7'), idx=3, color='#e53935'), Destination(name='소독실', goal_pose=Pose(x=-3.4045695907217928, y=-7.611793760201744, qw=0.546869706461766, qz=0.8372177280459497), bell=Bells(treatment='', suction='64492cd7'), idx=4, color='#e53935')]
2026-08-21 09:54:56.950 [session=000416] [INFO] [MainThread] 호출벨 목적지 아이콘 UI 갱신: 5개
2026-08-21 09:54:56.950 [session=000416] [INFO] [MainThread] 호출벨 리스트 반환: callbells={'64012cd7': {'name': '호출벨 1', 'usage': 'suction', 'destination': '로비'}, '64132cd7': {'name': '호출벨 2', 'usage': 'suction', 'destination': '수술실'}, '64252cd7': {'name': '호출벨 3', 'usage': 'suction', 'destination': '진료실'}, '64372cd7': {'name': '호출벨 4', 'usage': 'suction', 'destination': '창고'}, '64492cd7': {'name': '호출벨 5', 'usage': 'suction', 'destination': '소독실'}}, robot_usages=['treatment', 'suction']
2026-08-21 09:54:56.951 [session=000416] [INFO] [MainThread] 호출벨 리스트 로드: 5개
2026-08-21 09:54:56.952 [session=000416] [INFO] [MainThread] 호출벨 목록 동일 - UI 재생성 생략
2026-08-21 09:54:56.953 [session=000416] [INFO] [MainThread] 호출벨용 용도 목록 로드 요청
2026-08-21 09:54:56.954 [session=000416] [INFO] [MainThread] 호출벨에 용도 목록 전달: 2개
2026-08-21 09:54:56.954 [session=000416] [INFO] [MainThread] 용도 목록 로드: 2개
2026-08-21 09:54:56.956 [session=000416] [INFO] [MainThread] 목적지 목록 로드: 5개
2026-08-21 09:54:56.956 [session=000416] [INFO] [MainThread] 호출벨 관리에 목적지 목록 전달: 5개
2026-08-21 09:54:56.957 [session=000416] [INFO] [MainThread] My IP : 192.168.104.212
2026-08-21 09:54:56.960 [session=000416] [INFO] [MainThread] DestinationTableWidget.set_destinations: 5 items
2026-08-21 09:54:57.119 [session=000416] [INFO] [ThreadPoolExecutor-8_0] 순차 이동 설정 저장 완료: /home/dentium/robot_GUIs/app/config/sequential_move.json
2026-08-21 09:54:57.751 [session=000416] [INFO] [SSE-SSE_BATTERY_LOW_SHUTDOWN] [SSE_DIAG] connect attempt tag=SSE_BATTERY_LOW_SHUTDOWN, reconnect=10, url=http://localhost:8080/robot_ec2b/events/battery/low_shutdown
2026-08-21 09:54:57.767 [session=000416] [INFO] [SSE-SSE_BATTERY_LOW_SHUTDOWN] [SSE_DIAG] connected tag=SSE_BATTERY_LOW_SHUTDOWN, status=404, reason=Not Found, elapsed=0.02s, content_type=application/json, url=http://localhost:8080/robot_ec2b/events/battery/low_shutdown
2026-08-21 09:54:57.767 [session=000416] [ERROR] [SSE-SSE_BATTERY_LOW_SHUTDOWN] [SSE_DIAG] non-200 response tag=SSE_BATTERY_LOW_SHUTDOWN, status=404, reason=Not Found, url=http://localhost:8080/robot_ec2b/events/battery/low_shutdown
2026-08-21 09:54:57.771 [session=000416] [INFO] [SSE-SSE_BATTERY_LOW_SHUTDOWN] [SSE_DIAG] reconnect wait tag=SSE_BATTERY_LOW_SHUTDOWN, delay=10s, reconnect=11, reason=HTTP 404, url=http://localhost:8080/robot_ec2b/events/battery/low_shutdown
2026-08-21 09:54:59.394 [session=000416] [INFO] [MainThread] [MAIN_THREAD_HEARTBEAT] GUI main thread alive: thread=MainThread
2026-08-21 09:55:00.996 [session=000416] [DEBUG] [SSE-SSE_ROBOT_STATUS] SSE robot status: ROBOT_MANUAL
2026-08-21 09:55:02.621 [session=000416] [DEBUG] [SSE-SSE_ROBOT_STATUS] SSE robot status: ROBOT_STANDBY
2026-08-21 09:55:04.395 [session=000416] [INFO] [MainThread] [MAIN_THREAD_HEARTBEAT] GUI main thread alive: thread=MainThread
2026-08-21 09:55:06.904 [session=000416] [DEBUG] [RestApiThread] GetCallBellFromRESTAPI 요청 시작
2026-08-21 09:55:06.906 [session=000416] [DEBUG] [RestApiThread] _get_data: 요청 시작 - tag: REST_API_TAG.GET_CALLBELL, url: http://localhost:8080/robot_ec2b/callbell
2026-08-21 09:55:06.909 [session=000416] [DEBUG] [RestApiThread] _get_data: 요청 전송 완료 - tag: REST_API_TAG.GET_CALLBELL, timeout: 30000ms
2026-08-21 09:55:06.912 [session=000416] [INFO] [MainThread] model_manager set_destinations: unchanged (5 items) - emit skipped
2026-08-21 09:55:06.919 [session=000416] [DEBUG] [RestApiThread] _handle_response 호출됨 - tag: REST_API_TAG.GET_CALLBELL, status_code: 200
2026-08-21 09:55:06.920 [session=000416] [INFO] [ThreadPoolExecutor-5_0] 호출벨 데이터 수신: 5개
2026-08-21 09:55:06.921 [session=000416] [INFO] [MainThread] 홈 위치 수신: (3.12, 1.10)
2026-08-21 09:55:06.922 [session=000416] [INFO] [MainThread] 홈 위치 표시 업데이트: (894.0, 100.9)
2026-08-21 09:55:06.925 [session=000416] [INFO] [MainThread]   홈 위치 서버 → 픽셀 좌표로 변환 및 UI 업데이트: (894.0, 100.9)
2026-08-21 09:55:06.928 [session=000416] [INFO] [MainThread] 호출벨-목적지 동기화 완료: 5개 호출벨
2026-08-21 09:55:06.928 [session=000416] [INFO] [MainThread] 목적지 리스트 반환: destinations=[Destination(name='로비', goal_pose=Pose(x=4.241336459631034, y=-2.361104203714551, qw=0.5097087478206948, qz=0.8603470185890456), bell=Bells(treatment='', suction='64012cd7'), idx=0, color='#e53935'), Destination(name='수술실', goal_pose=Pose(x=4.5199271819089395, y=-3.9219605026851503, qw=0.14533446519134308, qz=-0.9893825818294691), bell=Bells(treatment='', suction='64132cd7'), idx=1, color='#e53935'), Destination(name='진료실', goal_pose=Pose(x=0.11980823444488001, y=-3.735511450600503, qw=0.9963649848510123, qz=0.0851869530083222), bell=Bells(treatment='', suction='64252cd7'), idx=2, color='#e53935'), Destination(name='창고', goal_pose=Pose(x=0.2834625688692579, y=-6.793061814598156, qw=0.5257961572167338, qz=0.850610604834031), bell=Bells(treatment='', suction='64372cd7'), idx=3, color='#e53935'), Destination(name='소독실', goal_pose=Pose(x=-3.4045695907217928, y=-7.611793760201744, qw=0.546869706461766, qz=0.8372177280459497), bell=Bells(treatment='', suction='64492cd7'), idx=4, color='#e53935')]
2026-08-21 09:55:06.928 [session=000416] [INFO] [MainThread] 호출벨 리스트 반환: callbells={'64012cd7': {'name': '호출벨 1', 'usage': 'suction', 'destination': '로비'}, '64132cd7': {'name': '호출벨 2', 'usage': 'suction', 'destination': '수술실'}, '64252cd7': {'name': '호출벨 3', 'usage': 'suction', 'destination': '진료실'}, '64372cd7': {'name': '호출벨 4', 'usage': 'suction', 'destination': '창고'}, '64492cd7': {'name': '호출벨 5', 'usage': 'suction', 'destination': '소독실'}}, robot_usages=['treatment', 'suction']
2026-08-21 09:55:06.929 [session=000416] [INFO] [MainThread] 호출벨 리스트 로드: 5개
2026-08-21 09:55:06.929 [session=000416] [INFO] [MainThread] 호출벨 목록 동일 - UI 재생성 생략
2026-08-21 09:55:06.930 [session=000416] [INFO] [MainThread] 호출벨용 용도 목록 로드 요청
2026-08-21 09:55:06.931 [session=000416] [INFO] [MainThread] 호출벨에 용도 목록 전달: 2개
2026-08-21 09:55:06.931 [session=000416] [INFO] [MainThread] 용도 목록 로드: 2개
2026-08-21 09:55:06.931 [session=000416] [INFO] [MainThread] 목적지 목록 로드: 5개
2026-08-21 09:55:06.931 [session=000416] [INFO] [MainThread] 호출벨 관리에 목적지 목록 전달: 5개
2026-08-21 09:55:06.932 [session=000416] [INFO] [MainThread] My IP : 192.168.104.212
2026-08-21 09:55:06.936 [session=000416] [INFO] [browser-music-sync_0] [BROWSER_MUSIC_SYNC] event=catalog_fetch_started master_base_url=http://127.0.0.1:5051
2026-08-21 09:55:06.979 [session=000416] [INFO] [browser-music-sync_0] [BROWSER_MUSIC_SYNC] event=catalog_fetch_succeeded master_base_url=http://127.0.0.1:5051 item_count=3
2026-08-21 09:55:06.989 [session=000416] [INFO] [RestApiThread] [REST API] 배경 음악 GET 전송: operation=selection_get, url=http://127.0.0.1:5051/api/voice-event-settings/background-music?robot_id=robot_ec2b
2026-08-21 09:55:06.990 [session=000416] [INFO] [RestApiThread] [REST API] 배경 음악 GET 전송: operation=resolved_get, url=http://127.0.0.1:5051/api/voice-event-settings/resolved?robot_id=robot_ec2b
2026-08-21 09:55:07.007 [session=000416] [DEBUG] [RestApiThread] _handle_response 호출됨 - tag: REST_API_TAG.GET_BACKGROUND_MUSIC_SETTING, status_code: 200
2026-08-21 09:55:07.009 [session=000416] [DEBUG] [RestApiThread] _handle_response 호출됨 - tag: REST_API_TAG.GET_RESOLVED_BACKGROUND_MUSIC, status_code: 200
2026-08-21 09:55:07.118 [session=000416] [INFO] [ThreadPoolExecutor-8_0] 순차 이동 설정 저장 완료: /home/dentium/robot_GUIs/app/config/sequential_move.json
2026-08-21 09:55:07.774 [session=000416] [INFO] [SSE-SSE_BATTERY_LOW_SHUTDOWN] [SSE_DIAG] connect attempt tag=SSE_BATTERY_LOW_SHUTDOWN, reconnect=11, url=http://localhost:8080/robot_ec2b/events/battery/low_shutdown
2026-08-21 09:55:07.785 [session=000416] [INFO] [SSE-SSE_BATTERY_LOW_SHUTDOWN] [SSE_DIAG] connected tag=SSE_BATTERY_LOW_SHUTDOWN, status=404, reason=Not Found, elapsed=0.01s, content_type=application/json, url=http://localhost:8080/robot_ec2b/events/battery/low_shutdown
2026-08-21 09:55:07.785 [session=000416] [ERROR] [SSE-SSE_BATTERY_LOW_SHUTDOWN] [SSE_DIAG] non-200 response tag=SSE_BATTERY_LOW_SHUTDOWN, status=404, reason=Not Found, url=http://localhost:8080/robot_ec2b/events/battery/low_shutdown
2026-08-21 09:55:07.790 [session=000416] [INFO] [SSE-SSE_BATTERY_LOW_SHUTDOWN] [SSE_DIAG] reconnect wait tag=SSE_BATTERY_LOW_SHUTDOWN, delay=10s, reconnect=12, reason=HTTP 404, url=http://localhost:8080/robot_ec2b/events/battery/low_shutdown
2026-08-21 09:55:09.394 [session=000416] [INFO] [MainThread] [MAIN_THREAD_HEARTBEAT] GUI main thread alive: thread=MainThread
2026-08-21 09:55:14.396 [session=000416] [INFO] [MainThread] [MAIN_THREAD_HEARTBEAT] GUI main thread alive: thread=MainThread
2026-08-21 09:55:16.897 [session=000416] [DEBUG] [RestApiThread] GetCallBellFromRESTAPI 요청 시작
2026-08-21 09:55:16.906 [session=000416] [DEBUG] [RestApiThread] _get_data: 요청 시작 - tag: REST_API_TAG.GET_CALLBELL, url: http://localhost:8080/robot_ec2b/callbell
2026-08-21 09:55:16.914 [session=000416] [DEBUG] [RestApiThread] _get_data: 요청 전송 완료 - tag: REST_API_TAG.GET_CALLBELL, timeout: 30000ms
2026-08-21 09:55:16.919 [session=000416] [INFO] [MainThread] model_manager set_destinations: unchanged (5 items) - emit skipped
2026-08-21 09:55:16.922 [session=000416] [INFO] [MainThread] 홈 위치 수신: (3.12, 1.10)
2026-08-21 09:55:16.923 [session=000416] [INFO] [MainThread] 홈 위치 표시 업데이트: (894.0, 100.9)
2026-08-21 09:55:16.925 [session=000416] [INFO] [MainThread]   홈 위치 서버 → 픽셀 좌표로 변환 및 UI 업데이트: (894.0, 100.9)
2026-08-21 09:55:16.930 [session=000416] [DEBUG] [RestApiThread] _handle_response 호출됨 - tag: REST_API_TAG.GET_CALLBELL, status_code: 200
2026-08-21 09:55:16.931 [session=000416] [INFO] [ThreadPoolExecutor-5_1] 호출벨 데이터 수신: 5개
2026-08-21 09:55:16.932 [session=000416] [INFO] [MainThread] 호출벨-목적지 동기화 완료: 5개 호출벨
2026-08-21 09:55:16.933 [session=000416] [INFO] [MainThread] 목적지 리스트 반환: destinations=[Destination(name='로비', goal_pose=Pose(x=4.241336459631034, y=-2.361104203714551, qw=0.5097087478206948, qz=0.8603470185890456), bell=Bells(treatment='', suction='64012cd7'), idx=0, color='#e53935'), Destination(name='수술실', goal_pose=Pose(x=4.5199271819089395, y=-3.9219605026851503, qw=0.14533446519134308, qz=-0.9893825818294691), bell=Bells(treatment='', suction='64132cd7'), idx=1, color='#e53935'), Destination(name='진료실', goal_pose=Pose(x=0.11980823444488001, y=-3.735511450600503, qw=0.9963649848510123, qz=0.0851869530083222), bell=Bells(treatment='', suction='64252cd7'), idx=2, color='#e53935'), Destination(name='창고', goal_pose=Pose(x=0.2834625688692579, y=-6.793061814598156, qw=0.5257961572167338, qz=0.850610604834031), bell=Bells(treatment='', suction='64372cd7'), idx=3, color='#e53935'), Destination(name='소독실', goal_pose=Pose(x=-3.4045695907217928, y=-7.611793760201744, qw=0.546869706461766, qz=0.8372177280459497), bell=Bells(treatment='', suction='64492cd7'), idx=4, color='#e53935')]
2026-08-21 09:55:16.933 [session=000416] [INFO] [MainThread] 호출벨 리스트 반환: callbells={'64012cd7': {'name': '호출벨 1', 'usage': 'suction', 'destination': '로비'}, '64132cd7': {'name': '호출벨 2', 'usage': 'suction', 'destination': '수술실'}, '64252cd7': {'name': '호출벨 3', 'usage': 'suction', 'destination': '진료실'}, '64372cd7': {'name': '호출벨 4', 'usage': 'suction', 'destination': '창고'}, '64492cd7': {'name': '호출벨 5', 'usage': 'suction', 'destination': '소독실'}}, robot_usages=['treatment', 'suction']
2026-08-21 09:55:16.933 [session=000416] [INFO] [MainThread] 호출벨 리스트 로드: 5개
2026-08-21 09:55:16.933 [session=000416] [INFO] [MainThread] 호출벨 목록 동일 - UI 재생성 생략
2026-08-21 09:55:16.934 [session=000416] [INFO] [MainThread] 호출벨용 용도 목록 로드 요청
2026-08-21 09:55:16.934 [session=000416] [INFO] [MainThread] 호출벨에 용도 목록 전달: 2개
2026-08-21 09:55:16.934 [session=000416] [INFO] [MainThread] 용도 목록 로드: 2개
2026-08-21 09:55:16.935 [session=000416] [INFO] [MainThread] 목적지 목록 로드: 5개
2026-08-21 09:55:16.935 [session=000416] [INFO] [MainThread] 호출벨 관리에 목적지 목록 전달: 5개
2026-08-21 09:55:16.935 [session=000416] [INFO] [MainThread] My IP : 192.168.104.212
2026-08-21 09:55:17.117 [session=000416] [INFO] [ThreadPoolExecutor-8_0] 순차 이동 설정 저장 완료: /home/dentium/robot_GUIs/app/config/sequential_move.json
2026-08-21 09:55:17.793 [session=000416] [INFO] [SSE-SSE_BATTERY_LOW_SHUTDOWN] [SSE_DIAG] connect attempt tag=SSE_BATTERY_LOW_SHUTDOWN, reconnect=12, url=http://localhost:8080/robot_ec2b/events/battery/low_shutdown
2026-08-21 09:55:17.802 [session=000416] [INFO] [SSE-SSE_BATTERY_LOW_SHUTDOWN] [SSE_DIAG] connected tag=SSE_BATTERY_LOW_SHUTDOWN, status=404, reason=Not Found, elapsed=0.01s, content_type=application/json, url=http://localhost:8080/robot_ec2b/events/battery/low_shutdown
2026-08-21 09:55:17.803 [session=000416] [ERROR] [SSE-SSE_BATTERY_LOW_SHUTDOWN] [SSE_DIAG] non-200 response tag=SSE_BATTERY_LOW_SHUTDOWN, status=404, reason=Not Found, url=http://localhost:8080/robot_ec2b/events/battery/low_shutdown
2026-08-21 09:55:17.805 [session=000416] [INFO] [SSE-SSE_BATTERY_LOW_SHUTDOWN] [SSE_DIAG] reconnect wait tag=SSE_BATTERY_LOW_SHUTDOWN, delay=10s, reconnect=13, reason=HTTP 404, url=http://localhost:8080/robot_ec2b/events/battery/low_shutdown
2026-08-21 09:55:19.393 [session=000416] [INFO] [MainThread] [MAIN_THREAD_HEARTBEAT] GUI main thread alive: thread=MainThread
2026-08-21 09:55:24.395 [session=000416] [INFO] [MainThread] [MAIN_THREAD_HEARTBEAT] GUI main thread alive: thread=MainThread
2026-08-21 09:55:26.901 [session=000416] [DEBUG] [RestApiThread] GetCallBellFromRESTAPI 요청 시작
2026-08-21 09:55:26.903 [session=000416] [DEBUG] [RestApiThread] _get_data: 요청 시작 - tag: REST_API_TAG.GET_CALLBELL, url: http://localhost:8080/robot_ec2b/callbell
2026-08-21 09:55:26.904 [session=000416] [DEBUG] [RestApiThread] _get_data: 요청 전송 완료 - tag: REST_API_TAG.GET_CALLBELL, timeout: 30000ms
2026-08-21 09:55:26.908 [session=000416] [INFO] [MainThread] model_manager set_destinations: unchanged (5 items) - emit skipped
2026-08-21 09:55:26.911 [session=000416] [INFO] [MainThread] 홈 위치 수신: (3.12, 1.10)
2026-08-21 09:55:26.913 [session=000416] [INFO] [MainThread] 홈 위치 표시 업데이트: (894.0, 100.9)
2026-08-21 09:55:26.918 [session=000416] [INFO] [MainThread]   홈 위치 서버 → 픽셀 좌표로 변환 및 UI 업데이트: (894.0, 100.9)
2026-08-21 09:55:26.919 [session=000416] [DEBUG] [RestApiThread] _handle_response 호출됨 - tag: REST_API_TAG.GET_CALLBELL, status_code: 200
2026-08-21 09:55:26.920 [session=000416] [INFO] [ThreadPoolExecutor-5_1] 호출벨 데이터 수신: 5개
2026-08-21 09:55:26.926 [session=000416] [INFO] [MainThread] 호출벨-목적지 동기화 완료: 5개 호출벨
2026-08-21 09:55:26.927 [session=000416] [INFO] [MainThread] 목적지 리스트 반환: destinations=[Destination(name='로비', goal_pose=Pose(x=4.241336459631034, y=-2.361104203714551, qw=0.5097087478206948, qz=0.8603470185890456), bell=Bells(treatment='', suction='64012cd7'), idx=0, color='#e53935'), Destination(name='수술실', goal_pose=Pose(x=4.5199271819089395, y=-3.9219605026851503, qw=0.14533446519134308, qz=-0.9893825818294691), bell=Bells(treatment='', suction='64132cd7'), idx=1, color='#e53935'), Destination(name='진료실', goal_pose=Pose(x=0.11980823444488001, y=-3.735511450600503, qw=0.9963649848510123, qz=0.0851869530083222), bell=Bells(treatment='', suction='64252cd7'), idx=2, color='#e53935'), Destination(name='창고', goal_pose=Pose(x=0.2834625688692579, y=-6.793061814598156, qw=0.5257961572167338, qz=0.850610604834031), bell=Bells(treatment='', suction='64372cd7'), idx=3, color='#e53935'), Destination(name='소독실', goal_pose=Pose(x=-3.4045695907217928, y=-7.611793760201744, qw=0.546869706461766, qz=0.8372177280459497), bell=Bells(treatment='', suction='64492cd7'), idx=4, color='#e53935')]
2026-08-21 09:55:26.927 [session=000416] [INFO] [MainThread] 호출벨 리스트 반환: callbells={'64012cd7': {'name': '호출벨 1', 'usage': 'suction', 'destination': '로비'}, '64132cd7': {'name': '호출벨 2', 'usage': 'suction', 'destination': '수술실'}, '64252cd7': {'name': '호출벨 3', 'usage': 'suction', 'destination': '진료실'}, '64372cd7': {'name': '호출벨 4', 'usage': 'suction', 'destination': '창고'}, '64492cd7': {'name': '호출벨 5', 'usage': 'suction', 'destination': '소독실'}}, robot_usages=['treatment', 'suction']
2026-08-21 09:55:26.927 [session=000416] [INFO] [MainThread] 호출벨 리스트 로드: 5개
2026-08-21 09:55:26.927 [session=000416] [INFO] [MainThread] 호출벨 목록 동일 - UI 재생성 생략
2026-08-21 09:55:26.928 [session=000416] [INFO] [MainThread] 호출벨용 용도 목록 로드 요청
2026-08-21 09:55:26.928 [session=000416] [INFO] [MainThread] 호출벨에 용도 목록 전달: 2개
2026-08-21 09:55:26.928 [session=000416] [INFO] [MainThread] 용도 목록 로드: 2개
2026-08-21 09:55:26.928 [session=000416] [INFO] [MainThread] 목적지 목록 로드: 5개
2026-08-21 09:55:26.928 [session=000416] [INFO] [MainThread] 호출벨 관리에 목적지 목록 전달: 5개
2026-08-21 09:55:26.929 [session=000416] [INFO] [MainThread] My IP : 192.168.104.212
2026-08-21 09:55:27.116 [session=000416] [INFO] [ThreadPoolExecutor-8_0] 순차 이동 설정 저장 완료: /home/dentium/robot_GUIs/app/config/sequential_move.json
2026-08-21 09:55:27.806 [session=000416] [INFO] [SSE-SSE_BATTERY_LOW_SHUTDOWN] [SSE_DIAG] connect attempt tag=SSE_BATTERY_LOW_SHUTDOWN, reconnect=13, url=http://localhost:8080/robot_ec2b/events/battery/low_shutdown
2026-08-21 09:55:27.819 [session=000416] [INFO] [SSE-SSE_BATTERY_LOW_SHUTDOWN] [SSE_DIAG] connected tag=SSE_BATTERY_LOW_SHUTDOWN, status=404, reason=Not Found, elapsed=0.01s, content_type=application/json, url=http://localhost:8080/robot_ec2b/events/battery/low_shutdown
2026-08-21 09:55:27.820 [session=000416] [ERROR] [SSE-SSE_BATTERY_LOW_SHUTDOWN] [SSE_DIAG] non-200 response tag=SSE_BATTERY_LOW_SHUTDOWN, status=404, reason=Not Found, url=http://localhost:8080/robot_ec2b/events/battery/low_shutdown
2026-08-21 09:55:27.822 [session=000416] [INFO] [SSE-SSE_BATTERY_LOW_SHUTDOWN] [SSE_DIAG] reconnect wait tag=SSE_BATTERY_LOW_SHUTDOWN, delay=10s, reconnect=14, reason=HTTP 404, url=http://localhost:8080/robot_ec2b/events/battery/low_shutdown
2026-08-21 09:55:29.394 [session=000416] [INFO] [MainThread] [MAIN_THREAD_HEARTBEAT] GUI main thread alive: thread=MainThread
2026-08-21 09:55:34.395 [session=000416] [INFO] [MainThread] [MAIN_THREAD_HEARTBEAT] GUI main thread alive: thread=MainThread
2026-08-21 09:55:36.895 [session=000416] [DEBUG] [RestApiThread] GetCallBellFromRESTAPI 요청 시작
2026-08-21 09:55:36.901 [session=000416] [DEBUG] [RestApiThread] _get_data: 요청 시작 - tag: REST_API_TAG.GET_CALLBELL, url: http://localhost:8080/robot_ec2b/callbell
2026-08-21 09:55:36.905 [session=000416] [DEBUG] [RestApiThread] _get_data: 요청 전송 완료 - tag: REST_API_TAG.GET_CALLBELL, timeout: 30000ms
2026-08-21 09:55:36.910 [session=000416] [INFO] [MainThread] model_manager set_destinations: unchanged (5 items) - emit skipped
2026-08-21 09:55:36.914 [session=000416] [INFO] [RestApiThread] _handle_response (CYCLIC 정상) - tag: REST_API_TAG.GET_HOME_POSE, status: 200, pending→2
2026-08-21 09:55:36.917 [session=000416] [INFO] [MainThread] 홈 위치 수신: (3.12, 1.10)
2026-08-21 09:55:36.917 [session=000416] [INFO] [MainThread] 홈 위치 표시 업데이트: (894.0, 100.9)
2026-08-21 09:55:36.921 [session=000416] [INFO] [MainThread]   홈 위치 서버 → 픽셀 좌표로 변환 및 UI 업데이트: (894.0, 100.9)
2026-08-21 09:55:36.921 [session=000416] [DEBUG] [RestApiThread] _handle_response 호출됨 - tag: REST_API_TAG.GET_CALLBELL, status_code: 200
2026-08-21 09:55:36.923 [session=000416] [INFO] [ThreadPoolExecutor-5_1] 호출벨 데이터 수신: 5개
2026-08-21 09:55:36.925 [session=000416] [INFO] [MainThread] 호출벨-목적지 동기화 완료: 5개 호출벨
2026-08-21 09:55:36.925 [session=000416] [INFO] [MainThread] 목적지 리스트 반환: destinations=[Destination(name='로비', goal_pose=Pose(x=4.241336459631034, y=-2.361104203714551, qw=0.5097087478206948, qz=0.8603470185890456), bell=Bells(treatment='', suction='64012cd7'), idx=0, color='#e53935'), Destination(name='수술실', goal_pose=Pose(x=4.5199271819089395, y=-3.9219605026851503, qw=0.14533446519134308, qz=-0.9893825818294691), bell=Bells(treatment='', suction='64132cd7'), idx=1, color='#e53935'), Destination(name='진료실', goal_pose=Pose(x=0.11980823444488001, y=-3.735511450600503, qw=0.9963649848510123, qz=0.0851869530083222), bell=Bells(treatment='', suction='64252cd7'), idx=2, color='#e53935'), Destination(name='창고', goal_pose=Pose(x=0.2834625688692579, y=-6.793061814598156, qw=0.5257961572167338, qz=0.850610604834031), bell=Bells(treatment='', suction='64372cd7'), idx=3, color='#e53935'), Destination(name='소독실', goal_pose=Pose(x=-3.4045695907217928, y=-7.611793760201744, qw=0.546869706461766, qz=0.8372177280459497), bell=Bells(treatment='', suction='64492cd7'), idx=4, color='#e53935')]
2026-08-21 09:55:36.926 [session=000416] [INFO] [MainThread] 호출벨 리스트 반환: callbells={'64012cd7': {'name': '호출벨 1', 'usage': 'suction', 'destination': '로비'}, '64132cd7': {'name': '호출벨 2', 'usage': 'suction', 'destination': '수술실'}, '64252cd7': {'name': '호출벨 3', 'usage': 'suction', 'destination': '진료실'}, '64372cd7': {'name': '호출벨 4', 'usage': 'suction', 'destination': '창고'}, '64492cd7': {'name': '호출벨 5', 'usage': 'suction', 'destination': '소독실'}}, robot_usages=['treatment', 'suction']
2026-08-21 09:55:36.926 [session=000416] [INFO] [MainThread] 호출벨 리스트 로드: 5개
2026-08-21 09:55:36.926 [session=000416] [INFO] [MainThread] 호출벨 목록 동일 - UI 재생성 생략
2026-08-21 09:55:36.927 [session=000416] [INFO] [MainThread] 호출벨용 용도 목록 로드 요청
2026-08-21 09:55:36.928 [session=000416] [INFO] [MainThread] 호출벨에 용도 목록 전달: 2개
2026-08-21 09:55:36.928 [session=000416] [INFO] [MainThread] 용도 목록 로드: 2개
2026-08-21 09:55:36.928 [session=000416] [INFO] [MainThread] 목적지 목록 로드: 5개
2026-08-21 09:55:36.928 [session=000416] [INFO] [MainThread] 호출벨 관리에 목적지 목록 전달: 5개
2026-08-21 09:55:36.930 [session=000416] [INFO] [MainThread] My IP : 192.168.104.212
2026-08-21 09:55:37.096 [session=000416] [INFO] [ThreadPoolExecutor-8_0] 순차 이동 설정 저장 완료: /home/dentium/robot_GUIs/app/config/sequential_move.json
2026-08-21 09:55:37.823 [session=000416] [INFO] [SSE-SSE_BATTERY_LOW_SHUTDOWN] [SSE_DIAG] connect attempt tag=SSE_BATTERY_LOW_SHUTDOWN, reconnect=14, url=http://localhost:8080/robot_ec2b/events/battery/low_shutdown
2026-08-21 09:55:37.832 [session=000416] [INFO] [SSE-SSE_BATTERY_LOW_SHUTDOWN] [SSE_DIAG] connected tag=SSE_BATTERY_LOW_SHUTDOWN, status=404, reason=Not Found, elapsed=0.01s, content_type=application/json, url=http://localhost:8080/robot_ec2b/events/battery/low_shutdown
2026-08-21 09:55:37.833 [session=000416] [ERROR] [SSE-SSE_BATTERY_LOW_SHUTDOWN] [SSE_DIAG] non-200 response tag=SSE_BATTERY_LOW_SHUTDOWN, status=404, reason=Not Found, url=http://localhost:8080/robot_ec2b/events/battery/low_shutdown
2026-08-21 09:55:37.835 [session=000416] [INFO] [SSE-SSE_BATTERY_LOW_SHUTDOWN] [SSE_DIAG] reconnect wait tag=SSE_BATTERY_LOW_SHUTDOWN, delay=10s, reconnect=15, reason=HTTP 404, url=http://localhost:8080/robot_ec2b/events/battery/low_shutdown
2026-08-21 09:55:39.394 [session=000416] [INFO] [MainThread] [MAIN_THREAD_HEARTBEAT] GUI main thread alive: thread=MainThread
2026-08-21 09:55:44.396 [session=000416] [INFO] [MainThread] [MAIN_THREAD_HEARTBEAT] GUI main thread alive: thread=MainThread
2026-08-21 09:55:46.896 [session=000416] [DEBUG] [RestApiThread] GetCallBellFromRESTAPI 요청 시작
2026-08-21 09:55:46.904 [session=000416] [DEBUG] [RestApiThread] _get_data: 요청 시작 - tag: REST_API_TAG.GET_CALLBELL, url: http://localhost:8080/robot_ec2b/callbell
2026-08-21 09:55:46.906 [session=000416] [DEBUG] [RestApiThread] _get_data: 요청 전송 완료 - tag: REST_API_TAG.GET_CALLBELL, timeout: 30000ms
2026-08-21 09:55:46.913 [session=000416] [INFO] [MainThread] model_manager set_destinations: unchanged (5 items) - emit skipped
2026-08-21 09:55:46.917 [session=000416] [INFO] [MainThread] 홈 위치 수신: (3.12, 1.10)
2026-08-21 09:55:46.918 [session=000416] [INFO] [MainThread] 홈 위치 표시 업데이트: (894.0, 100.9)
2026-08-21 09:55:46.922 [session=000416] [INFO] [MainThread]   홈 위치 서버 → 픽셀 좌표로 변환 및 UI 업데이트: (894.0, 100.9)
2026-08-21 09:55:46.949 [session=000416] [DEBUG] [RestApiThread] _handle_response 호출됨 - tag: REST_API_TAG.GET_CALLBELL, status_code: 200
2026-08-21 09:55:46.951 [session=000416] [INFO] [ThreadPoolExecutor-5_1] 호출벨 데이터 수신: 5개
2026-08-21 09:55:46.952 [session=000416] [INFO] [MainThread] 호출벨-목적지 동기화 완료: 5개 호출벨
2026-08-21 09:55:46.952 [session=000416] [INFO] [MainThread] 목적지 리스트 반환: destinations=[Destination(name='로비', goal_pose=Pose(x=4.241336459631034, y=-2.361104203714551, qw=0.5097087478206948, qz=0.8603470185890456), bell=Bells(treatment='', suction='64012cd7'), idx=0, color='#e53935'), Destination(name='수술실', goal_pose=Pose(x=4.5199271819089395, y=-3.9219605026851503, qw=0.14533446519134308, qz=-0.9893825818294691), bell=Bells(treatment='', suction='64132cd7'), idx=1, color='#e53935'), Destination(name='진료실', goal_pose=Pose(x=0.11980823444488001, y=-3.735511450600503, qw=0.9963649848510123, qz=0.0851869530083222), bell=Bells(treatment='', suction='64252cd7'), idx=2, color='#e53935'), Destination(name='창고', goal_pose=Pose(x=0.2834625688692579, y=-6.793061814598156, qw=0.5257961572167338, qz=0.850610604834031), bell=Bells(treatment='', suction='64372cd7'), idx=3, color='#e53935'), Destination(name='소독실', goal_pose=Pose(x=-3.4045695907217928, y=-7.611793760201744, qw=0.546869706461766, qz=0.8372177280459497), bell=Bells(treatment='', suction='64492cd7'), idx=4, color='#e53935')]
2026-08-21 09:55:46.953 [session=000416] [INFO] [MainThread] 호출벨 리스트 반환: callbells={'64012cd7': {'name': '호출벨 1', 'usage': 'suction', 'destination': '로비'}, '64132cd7': {'name': '호출벨 2', 'usage': 'suction', 'destination': '수술실'}, '64252cd7': {'name': '호출벨 3', 'usage': 'suction', 'destination': '진료실'}, '64372cd7': {'name': '호출벨 4', 'usage': 'suction', 'destination': '창고'}, '64492cd7': {'name': '호출벨 5', 'usage': 'suction', 'destination': '소독실'}}, robot_usages=['treatment', 'suction']
2026-08-21 09:55:46.954 [session=000416] [INFO] [MainThread] 호출벨 리스트 로드: 5개
2026-08-21 09:55:46.954 [session=000416] [INFO] [MainThread] 호출벨 목록 동일 - UI 재생성 생략
2026-08-21 09:55:46.955 [session=000416] [INFO] [MainThread] 호출벨용 용도 목록 로드 요청
2026-08-21 09:55:46.955 [session=000416] [INFO] [MainThread] 호출벨에 용도 목록 전달: 2개
2026-08-21 09:55:46.955 [session=000416] [INFO] [MainThread] 용도 목록 로드: 2개
2026-08-21 09:55:46.956 [session=000416] [INFO] [MainThread] 목적지 목록 로드: 5개
2026-08-21 09:55:46.956 [session=000416] [INFO] [MainThread] 호출벨 관리에 목적지 목록 전달: 5개
2026-08-21 09:55:46.960 [session=000416] [INFO] [MainThread] My IP : 192.168.104.212
2026-08-21 09:55:46.962 [session=000416] [INFO] [browser-music-sync_0] [BROWSER_MUSIC_SYNC] event=catalog_fetch_started master_base_url=http://127.0.0.1:5051
2026-08-21 09:55:47.002 [session=000416] [INFO] [browser-music-sync_0] [BROWSER_MUSIC_SYNC] event=catalog_fetch_succeeded master_base_url=http://127.0.0.1:5051 item_count=3
2026-08-21 09:55:47.010 [session=000416] [INFO] [RestApiThread] [REST API] 배경 음악 GET 전송: operation=selection_get, url=http://127.0.0.1:5051/api/voice-event-settings/background-music?robot_id=robot_ec2b
2026-08-21 09:55:47.011 [session=000416] [INFO] [RestApiThread] [REST API] 배경 음악 GET 전송: operation=resolved_get, url=http://127.0.0.1:5051/api/voice-event-settings/resolved?robot_id=robot_ec2b
2026-08-21 09:55:47.034 [session=000416] [DEBUG] [RestApiThread] _handle_response 호출됨 - tag: REST_API_TAG.GET_BACKGROUND_MUSIC_SETTING, status_code: 200
2026-08-21 09:55:47.040 [session=000416] [DEBUG] [RestApiThread] _handle_response 호출됨 - tag: REST_API_TAG.GET_RESOLVED_BACKGROUND_MUSIC, status_code: 200
2026-08-21 09:55:47.096 [session=000416] [INFO] [ThreadPoolExecutor-8_0] 순차 이동 설정 저장 완료: /home/dentium/robot_GUIs/app/config/sequential_move.json
2026-08-21 09:55:47.838 [session=000416] [INFO] [SSE-SSE_BATTERY_LOW_SHUTDOWN] [SSE_DIAG] connect attempt tag=SSE_BATTERY_LOW_SHUTDOWN, reconnect=15, url=http://localhost:8080/robot_ec2b/events/battery/low_shutdown
2026-08-21 09:55:47.850 [session=000416] [INFO] [SSE-SSE_BATTERY_LOW_SHUTDOWN] [SSE_DIAG] connected tag=SSE_BATTERY_LOW_SHUTDOWN, status=404, reason=Not Found, elapsed=0.01s, content_type=application/json, url=http://localhost:8080/robot_ec2b/events/battery/low_shutdown
2026-08-21 09:55:47.851 [session=000416] [ERROR] [SSE-SSE_BATTERY_LOW_SHUTDOWN] [SSE_DIAG] non-200 response tag=SSE_BATTERY_LOW_SHUTDOWN, status=404, reason=Not Found, url=http://localhost:8080/robot_ec2b/events/battery/low_shutdown
2026-08-21 09:55:47.853 [session=000416] [INFO] [SSE-SSE_BATTERY_LOW_SHUTDOWN] [SSE_DIAG] reconnect wait tag=SSE_BATTERY_LOW_SHUTDOWN, delay=10s, reconnect=16, reason=HTTP 404, url=http://localhost:8080/robot_ec2b/events/battery/low_shutdown
2026-08-21 09:55:49.395 [session=000416] [INFO] [MainThread] [MAIN_THREAD_HEARTBEAT] GUI main thread alive: thread=MainThread
2026-08-21 09:55:54.397 [session=000416] [INFO] [MainThread] [MAIN_THREAD_HEARTBEAT] GUI main thread alive: thread=MainThread
2026-08-21 09:55:56.901 [session=000416] [DEBUG] [RestApiThread] GetCallBellFromRESTAPI 요청 시작
2026-08-21 09:55:56.905 [session=000416] [DEBUG] [RestApiThread] _get_data: 요청 시작 - tag: REST_API_TAG.GET_CALLBELL, url: http://localhost:8080/robot_ec2b/callbell
2026-08-21 09:55:56.906 [session=000416] [DEBUG] [RestApiThread] _get_data: 요청 전송 완료 - tag: REST_API_TAG.GET_CALLBELL, timeout: 30000ms
2026-08-21 09:55:56.909 [session=000416] [INFO] [MainThread] model_manager set_destinations: unchanged (5 items) - emit skipped
2026-08-21 09:55:56.913 [session=000416] [DEBUG] [RestApiThread] _handle_response 호출됨 - tag: REST_API_TAG.GET_CALLBELL, status_code: 200
2026-08-21 09:55:56.914 [session=000416] [INFO] [ThreadPoolExecutor-5_1] 호출벨 데이터 수신: 5개
2026-08-21 09:55:56.915 [session=000416] [INFO] [MainThread] 홈 위치 수신: (3.12, 1.10)
2026-08-21 09:55:56.916 [session=000416] [INFO] [MainThread] 홈 위치 표시 업데이트: (894.0, 100.9)
2026-08-21 09:55:56.920 [session=000416] [INFO] [MainThread]   홈 위치 서버 → 픽셀 좌표로 변환 및 UI 업데이트: (894.0, 100.9)
2026-08-21 09:55:56.925 [session=000416] [INFO] [MainThread] 호출벨-목적지 동기화 완료: 5개 호출벨
2026-08-21 09:55:56.926 [session=000416] [INFO] [MainThread] 목적지 리스트 반환: destinations=[Destination(name='로비', goal_pose=Pose(x=4.241336459631034, y=-2.361104203714551, qw=0.5097087478206948, qz=0.8603470185890456), bell=Bells(treatment='', suction='64012cd7'), idx=0, color='#e53935'), Destination(name='수술실', goal_pose=Pose(x=4.5199271819089395, y=-3.9219605026851503, qw=0.14533446519134308, qz=-0.9893825818294691), bell=Bells(treatment='', suction='64132cd7'), idx=1, color='#e53935'), Destination(name='진료실', goal_pose=Pose(x=0.11980823444488001, y=-3.735511450600503, qw=0.9963649848510123, qz=0.0851869530083222), bell=Bells(treatment='', suction='64252cd7'), idx=2, color='#e53935'), Destination(name='창고', goal_pose=Pose(x=0.2834625688692579, y=-6.793061814598156, qw=0.5257961572167338, qz=0.850610604834031), bell=Bells(treatment='', suction='64372cd7'), idx=3, color='#e53935'), Destination(name='소독실', goal_pose=Pose(x=-3.4045695907217928, y=-7.611793760201744, qw=0.546869706461766, qz=0.8372177280459497), bell=Bells(treatment='', suction='64492cd7'), idx=4, color='#e53935')]
2026-08-21 09:55:56.926 [session=000416] [INFO] [MainThread] 호출벨 리스트 반환: callbells={'64012cd7': {'name': '호출벨 1', 'usage': 'suction', 'destination': '로비'}, '64132cd7': {'name': '호출벨 2', 'usage': 'suction', 'destination': '수술실'}, '64252cd7': {'name': '호출벨 3', 'usage': 'suction', 'destination': '진료실'}, '64372cd7': {'name': '호출벨 4', 'usage': 'suction', 'destination': '창고'}, '64492cd7': {'name': '호출벨 5', 'usage': 'suction', 'destination': '소독실'}}, robot_usages=['treatment', 'suction']
2026-08-21 09:55:56.926 [session=000416] [INFO] [MainThread] 호출벨 리스트 로드: 5개
2026-08-21 09:55:56.927 [session=000416] [INFO] [MainThread] 호출벨 목록 동일 - UI 재생성 생략
2026-08-21 09:55:56.927 [session=000416] [INFO] [MainThread] 호출벨용 용도 목록 로드 요청
2026-08-21 09:55:56.927 [session=000416] [INFO] [MainThread] 호출벨에 용도 목록 전달: 2개
2026-08-21 09:55:56.928 [session=000416] [INFO] [MainThread] 용도 목록 로드: 2개
2026-08-21 09:55:56.928 [session=000416] [INFO] [MainThread] 목적지 목록 로드: 5개
2026-08-21 09:55:56.928 [session=000416] [INFO] [MainThread] 호출벨 관리에 목적지 목록 전달: 5개
2026-08-21 09:55:56.929 [session=000416] [INFO] [MainThread] My IP : 192.168.104.212
2026-08-21 09:55:57.096 [session=000416] [INFO] [ThreadPoolExecutor-8_0] 순차 이동 설정 저장 완료: /home/dentium/robot_GUIs/app/config/sequential_move.json
2026-08-21 09:55:57.854 [session=000416] [INFO] [SSE-SSE_BATTERY_LOW_SHUTDOWN] [SSE_DIAG] connect attempt tag=SSE_BATTERY_LOW_SHUTDOWN, reconnect=16, url=http://localhost:8080/robot_ec2b/events/battery/low_shutdown
2026-08-21 09:55:57.869 [session=000416] [INFO] [SSE-SSE_BATTERY_LOW_SHUTDOWN] [SSE_DIAG] connected tag=SSE_BATTERY_LOW_SHUTDOWN, status=404, reason=Not Found, elapsed=0.02s, content_type=application/json, url=http://localhost:8080/robot_ec2b/events/battery/low_shutdown
2026-08-21 09:55:57.870 [session=000416] [ERROR] [SSE-SSE_BATTERY_LOW_SHUTDOWN] [SSE_DIAG] non-200 response tag=SSE_BATTERY_LOW_SHUTDOWN, status=404, reason=Not Found, url=http://localhost:8080/robot_ec2b/events/battery/low_shutdown
2026-08-21 09:55:57.875 [session=000416] [INFO] [SSE-SSE_BATTERY_LOW_SHUTDOWN] [SSE_DIAG] reconnect wait tag=SSE_BATTERY_LOW_SHUTDOWN, delay=10s, reconnect=17, reason=HTTP 404, url=http://localhost:8080/robot_ec2b/events/battery/low_shutdown
2026-08-21 09:55:59.396 [session=000416] [INFO] [MainThread] [MAIN_THREAD_HEARTBEAT] GUI main thread alive: thread=MainThread
2026-08-21 09:56:04.396 [session=000416] [INFO] [MainThread] [MAIN_THREAD_HEARTBEAT] GUI main thread alive: thread=MainThread
2026-08-21 09:56:06.907 [session=000416] [DEBUG] [RestApiThread] GetCallBellFromRESTAPI 요청 시작
2026-08-21 09:56:06.912 [session=000416] [DEBUG] [RestApiThread] _get_data: 요청 시작 - tag: REST_API_TAG.GET_CALLBELL, url: http://localhost:8080/robot_ec2b/callbell
2026-08-21 09:56:06.913 [session=000416] [DEBUG] [RestApiThread] _get_data: 요청 전송 완료 - tag: REST_API_TAG.GET_CALLBELL, timeout: 30000ms
2026-08-21 09:56:06.925 [session=000416] [INFO] [MainThread] model_manager set_destinations: unchanged (5 items) - emit skipped
2026-08-21 09:56:06.932 [session=000416] [INFO] [MainThread] 홈 위치 수신: (3.12, 1.10)
2026-08-21 09:56:06.932 [session=000416] [INFO] [MainThread] 홈 위치 표시 업데이트: (894.0, 100.9)
2026-08-21 09:56:06.939 [session=000416] [INFO] [MainThread]   홈 위치 서버 → 픽셀 좌표로 변환 및 UI 업데이트: (894.0, 100.9)
2026-08-21 09:56:06.951 [session=000416] [DEBUG] [RestApiThread] _handle_response 호출됨 - tag: REST_API_TAG.GET_CALLBELL, status_code: 200
2026-08-21 09:56:06.953 [session=000416] [INFO] [ThreadPoolExecutor-5_0] 호출벨 데이터 수신: 5개
2026-08-21 09:56:06.958 [session=000416] [INFO] [MainThread] My IP : 192.168.104.212
2026-08-21 09:56:06.961 [session=000416] [INFO] [MainThread] 호출벨-목적지 동기화 완료: 5개 호출벨
2026-08-21 09:56:06.961 [session=000416] [INFO] [MainThread] 목적지 리스트 반환: destinations=[Destination(name='로비', goal_pose=Pose(x=4.241336459631034, y=-2.361104203714551, qw=0.5097087478206948, qz=0.8603470185890456), bell=Bells(treatment='', suction='64012cd7'), idx=0, color='#e53935'), Destination(name='수술실', goal_pose=Pose(x=4.5199271819089395, y=-3.9219605026851503, qw=0.14533446519134308, qz=-0.9893825818294691), bell=Bells(treatment='', suction='64132cd7'), idx=1, color='#e53935'), Destination(name='진료실', goal_pose=Pose(x=0.11980823444488001, y=-3.735511450600503, qw=0.9963649848510123, qz=0.0851869530083222), bell=Bells(treatment='', suction='64252cd7'), idx=2, color='#e53935'), Destination(name='창고', goal_pose=Pose(x=0.2834625688692579, y=-6.793061814598156, qw=0.5257961572167338, qz=0.850610604834031), bell=Bells(treatment='', suction='64372cd7'), idx=3, color='#e53935'), Destination(name='소독실', goal_pose=Pose(x=-3.4045695907217928, y=-7.611793760201744, qw=0.546869706461766, qz=0.8372177280459497), bell=Bells(treatment='', suction='64492cd7'), idx=4, color='#e53935')]
2026-08-21 09:56:06.961 [session=000416] [INFO] [MainThread] 호출벨 리스트 반환: callbells={'64012cd7': {'name': '호출벨 1', 'usage': 'suction', 'destination': '로비'}, '64132cd7': {'name': '호출벨 2', 'usage': 'suction', 'destination': '수술실'}, '64252cd7': {'name': '호출벨 3', 'usage': 'suction', 'destination': '진료실'}, '64372cd7': {'name': '호출벨 4', 'usage': 'suction', 'destination': '창고'}, '64492cd7': {'name': '호출벨 5', 'usage': 'suction', 'destination': '소독실'}}, robot_usages=['treatment', 'suction']
2026-08-21 09:56:06.962 [session=000416] [INFO] [MainThread] 호출벨 리스트 로드: 5개
2026-08-21 09:56:06.962 [session=000416] [INFO] [MainThread] 호출벨 목록 동일 - UI 재생성 생략
2026-08-21 09:56:06.962 [session=000416] [INFO] [MainThread] 호출벨용 용도 목록 로드 요청
2026-08-21 09:56:06.962 [session=000416] [INFO] [MainThread] 호출벨에 용도 목록 전달: 2개
2026-08-21 09:56:06.963 [session=000416] [INFO] [MainThread] 용도 목록 로드: 2개
2026-08-21 09:56:06.963 [session=000416] [INFO] [MainThread] 목적지 목록 로드: 5개
2026-08-21 09:56:06.963 [session=000416] [INFO] [MainThread] 호출벨 관리에 목적지 목록 전달: 5개
2026-08-21 09:56:07.120 [session=000416] [INFO] [ThreadPoolExecutor-8_0] 순차 이동 설정 저장 완료: /home/dentium/robot_GUIs/app/config/sequential_move.json
2026-08-21 09:56:07.877 [session=000416] [INFO] [SSE-SSE_BATTERY_LOW_SHUTDOWN] [SSE_DIAG] connect attempt tag=SSE_BATTERY_LOW_SHUTDOWN, reconnect=17, url=http://localhost:8080/robot_ec2b/events/battery/low_shutdown
2026-08-21 09:56:07.891 [session=000416] [INFO] [SSE-SSE_BATTERY_LOW_SHUTDOWN] [SSE_DIAG] connected tag=SSE_BATTERY_LOW_SHUTDOWN, status=404, reason=Not Found, elapsed=0.01s, content_type=application/json, url=http://localhost:8080/robot_ec2b/events/battery/low_shutdown
2026-08-21 09:56:07.891 [session=000416] [ERROR] [SSE-SSE_BATTERY_LOW_SHUTDOWN] [SSE_DIAG] non-200 response tag=SSE_BATTERY_LOW_SHUTDOWN, status=404, reason=Not Found, url=http://localhost:8080/robot_ec2b/events/battery/low_shutdown
2026-08-21 09:56:07.896 [session=000416] [INFO] [SSE-SSE_BATTERY_LOW_SHUTDOWN] [SSE_DIAG] reconnect wait tag=SSE_BATTERY_LOW_SHUTDOWN, delay=10s, reconnect=18, reason=HTTP 404, url=http://localhost:8080/robot_ec2b/events/battery/low_shutdown
2026-08-21 09:56:09.395 [session=000416] [INFO] [MainThread] [MAIN_THREAD_HEARTBEAT] GUI main thread alive: thread=MainThread
2026-08-21 09:56:14.397 [session=000416] [INFO] [MainThread] [MAIN_THREAD_HEARTBEAT] GUI main thread alive: thread=MainThread
2026-08-21 09:56:16.910 [session=000416] [DEBUG] [RestApiThread] GetCallBellFromRESTAPI 요청 시작
2026-08-21 09:56:16.912 [session=000416] [DEBUG] [RestApiThread] _get_data: 요청 시작 - tag: REST_API_TAG.GET_CALLBELL, url: http://localhost:8080/robot_ec2b/callbell
2026-08-21 09:56:16.913 [session=000416] [DEBUG] [RestApiThread] _get_data: 요청 전송 완료 - tag: REST_API_TAG.GET_CALLBELL, timeout: 30000ms
2026-08-21 09:56:16.920 [session=000416] [INFO] [MainThread] model_manager set_destinations: unchanged (5 items) - emit skipped
2026-08-21 09:56:16.928 [session=000416] [INFO] [MainThread] 홈 위치 수신: (3.12, 1.10)
2026-08-21 09:56:16.928 [session=000416] [INFO] [MainThread] 홈 위치 표시 업데이트: (894.0, 100.9)
2026-08-21 09:56:16.931 [session=000416] [INFO] [MainThread]   홈 위치 서버 → 픽셀 좌표로 변환 및 UI 업데이트: (894.0, 100.9)
2026-08-21 09:56:16.933 [session=000416] [DEBUG] [RestApiThread] _handle_response 호출됨 - tag: REST_API_TAG.GET_CALLBELL, status_code: 200
2026-08-21 09:56:16.935 [session=000416] [INFO] [ThreadPoolExecutor-5_1] 호출벨 데이터 수신: 5개
2026-08-21 09:56:16.938 [session=000416] [INFO] [MainThread] 호출벨-목적지 동기화 완료: 5개 호출벨
2026-08-21 09:56:16.938 [session=000416] [INFO] [MainThread] 목적지 리스트 반환: destinations=[Destination(name='로비', goal_pose=Pose(x=4.241336459631034, y=-2.361104203714551, qw=0.5097087478206948, qz=0.8603470185890456), bell=Bells(treatment='', suction='64012cd7'), idx=0, color='#e53935'), Destination(name='수술실', goal_pose=Pose(x=4.5199271819089395, y=-3.9219605026851503, qw=0.14533446519134308, qz=-0.9893825818294691), bell=Bells(treatment='', suction='64132cd7'), idx=1, color='#e53935'), Destination(name='진료실', goal_pose=Pose(x=0.11980823444488001, y=-3.735511450600503, qw=0.9963649848510123, qz=0.0851869530083222), bell=Bells(treatment='', suction='64252cd7'), idx=2, color='#e53935'), Destination(name='창고', goal_pose=Pose(x=0.2834625688692579, y=-6.793061814598156, qw=0.5257961572167338, qz=0.850610604834031), bell=Bells(treatment='', suction='64372cd7'), idx=3, color='#e53935'), Destination(name='소독실', goal_pose=Pose(x=-3.4045695907217928, y=-7.611793760201744, qw=0.546869706461766, qz=0.8372177280459497), bell=Bells(treatment='', suction='64492cd7'), idx=4, color='#e53935')]
2026-08-21 09:56:16.939 [session=000416] [INFO] [MainThread] 호출벨 리스트 반환: callbells={'64012cd7': {'name': '호출벨 1', 'usage': 'suction', 'destination': '로비'}, '64132cd7': {'name': '호출벨 2', 'usage': 'suction', 'destination': '수술실'}, '64252cd7': {'name': '호출벨 3', 'usage': 'suction', 'destination': '진료실'}, '64372cd7': {'name': '호출벨 4', 'usage': 'suction', 'destination': '창고'}, '64492cd7': {'name': '호출벨 5', 'usage': 'suction', 'destination': '소독실'}}, robot_usages=['treatment', 'suction']
2026-08-21 09:56:16.939 [session=000416] [INFO] [MainThread] 호출벨 리스트 로드: 5개
2026-08-21 09:56:16.939 [session=000416] [INFO] [MainThread] 호출벨 목록 동일 - UI 재생성 생략
2026-08-21 09:56:16.940 [session=000416] [INFO] [MainThread] 호출벨용 용도 목록 로드 요청
2026-08-21 09:56:16.940 [session=000416] [INFO] [MainThread] 호출벨에 용도 목록 전달: 2개
2026-08-21 09:56:16.941 [session=000416] [INFO] [MainThread] 용도 목록 로드: 2개
2026-08-21 09:56:16.941 [session=000416] [INFO] [MainThread] 목적지 목록 로드: 5개
2026-08-21 09:56:16.941 [session=000416] [INFO] [MainThread] 호출벨 관리에 목적지 목록 전달: 5개
2026-08-21 09:56:16.946 [session=000416] [INFO] [MainThread] My IP : 192.168.104.212
2026-08-21 09:56:17.121 [session=000416] [INFO] [ThreadPoolExecutor-8_0] 순차 이동 설정 저장 완료: /home/dentium/robot_GUIs/app/config/sequential_move.json
2026-08-21 09:56:17.902 [session=000416] [INFO] [SSE-SSE_BATTERY_LOW_SHUTDOWN] [SSE_DIAG] connect attempt tag=SSE_BATTERY_LOW_SHUTDOWN, reconnect=18, url=http://localhost:8080/robot_ec2b/events/battery/low_shutdown
2026-08-21 09:56:17.928 [session=000416] [INFO] [SSE-SSE_BATTERY_LOW_SHUTDOWN] [SSE_DIAG] connected tag=SSE_BATTERY_LOW_SHUTDOWN, status=404, reason=Not Found, elapsed=0.03s, content_type=application/json, url=http://localhost:8080/robot_ec2b/events/battery/low_shutdown
2026-08-21 09:56:17.930 [session=000416] [ERROR] [SSE-SSE_BATTERY_LOW_SHUTDOWN] [SSE_DIAG] non-200 response tag=SSE_BATTERY_LOW_SHUTDOWN, status=404, reason=Not Found, url=http://localhost:8080/robot_ec2b/events/battery/low_shutdown
2026-08-21 09:56:17.931 [session=000416] [INFO] [SSE-SSE_BATTERY_LOW_SHUTDOWN] [SSE_DIAG] reconnect wait tag=SSE_BATTERY_LOW_SHUTDOWN, delay=10s, reconnect=19, reason=HTTP 404, url=http://localhost:8080/robot_ec2b/events/battery/low_shutdown
2026-08-21 09:56:19.394 [session=000416] [INFO] [MainThread] [MAIN_THREAD_HEARTBEAT] GUI main thread alive: thread=MainThread
2026-08-21 09:56:24.396 [session=000416] [INFO] [MainThread] [MAIN_THREAD_HEARTBEAT] GUI main thread alive: thread=MainThread
2026-08-21 09:56:26.906 [session=000416] [DEBUG] [RestApiThread] GetCallBellFromRESTAPI 요청 시작
2026-08-21 09:56:26.908 [session=000416] [DEBUG] [RestApiThread] _get_data: 요청 시작 - tag: REST_API_TAG.GET_CALLBELL, url: http://localhost:8080/robot_ec2b/callbell
2026-08-21 09:56:26.909 [session=000416] [DEBUG] [RestApiThread] _get_data: 요청 전송 완료 - tag: REST_API_TAG.GET_CALLBELL, timeout: 30000ms
2026-08-21 09:56:26.911 [session=000416] [INFO] [MainThread] model_manager set_destinations: unchanged (5 items) - emit skipped
2026-08-21 09:56:26.913 [session=000416] [INFO] [MainThread] 홈 위치 수신: (3.12, 1.10)
2026-08-21 09:56:26.913 [session=000416] [INFO] [MainThread] 홈 위치 표시 업데이트: (894.0, 100.9)
2026-08-21 09:56:26.916 [session=000416] [INFO] [MainThread]   홈 위치 서버 → 픽셀 좌표로 변환 및 UI 업데이트: (894.0, 100.9)
2026-08-21 09:56:26.918 [session=000416] [DEBUG] [RestApiThread] _handle_response 호출됨 - tag: REST_API_TAG.GET_CALLBELL, status_code: 200
2026-08-21 09:56:26.920 [session=000416] [INFO] [ThreadPoolExecutor-5_1] 호출벨 데이터 수신: 5개
2026-08-21 09:56:26.925 [session=000416] [INFO] [RestApiThread] _handle_response (CYCLIC 정상) - tag: REST_API_TAG.GET_MASTER_IP_ADDRESS, status: 200, pending→0
2026-08-21 09:56:26.928 [session=000416] [INFO] [MainThread] 호출벨-목적지 동기화 완료: 5개 호출벨
2026-08-21 09:56:26.929 [session=000416] [INFO] [MainThread] 목적지 리스트 반환: destinations=[Destination(name='로비', goal_pose=Pose(x=4.241336459631034, y=-2.361104203714551, qw=0.5097087478206948, qz=0.8603470185890456), bell=Bells(treatment='', suction='64012cd7'), idx=0, color='#e53935'), Destination(name='수술실', goal_pose=Pose(x=4.5199271819089395, y=-3.9219605026851503, qw=0.14533446519134308, qz=-0.9893825818294691), bell=Bells(treatment='', suction='64132cd7'), idx=1, color='#e53935'), Destination(name='진료실', goal_pose=Pose(x=0.11980823444488001, y=-3.735511450600503, qw=0.9963649848510123, qz=0.0851869530083222), bell=Bells(treatment='', suction='64252cd7'), idx=2, color='#e53935'), Destination(name='창고', goal_pose=Pose(x=0.2834625688692579, y=-6.793061814598156, qw=0.5257961572167338, qz=0.850610604834031), bell=Bells(treatment='', suction='64372cd7'), idx=3, color='#e53935'), Destination(name='소독실', goal_pose=Pose(x=-3.4045695907217928, y=-7.611793760201744, qw=0.546869706461766, qz=0.8372177280459497), bell=Bells(treatment='', suction='64492cd7'), idx=4, color='#e53935')]
2026-08-21 09:56:26.930 [session=000416] [INFO] [MainThread] 호출벨 리스트 반환: callbells={'64012cd7': {'name': '호출벨 1', 'usage': 'suction', 'destination': '로비'}, '64132cd7': {'name': '호출벨 2', 'usage': 'suction', 'destination': '수술실'}, '64252cd7': {'name': '호출벨 3', 'usage': 'suction', 'destination': '진료실'}, '64372cd7': {'name': '호출벨 4', 'usage': 'suction', 'destination': '창고'}, '64492cd7': {'name': '호출벨 5', 'usage': 'suction', 'destination': '소독실'}}, robot_usages=['treatment', 'suction']
2026-08-21 09:56:26.930 [session=000416] [INFO] [MainThread] 호출벨 리스트 로드: 5개
2026-08-21 09:56:26.930 [session=000416] [INFO] [MainThread] 호출벨 목록 동일 - UI 재생성 생략
2026-08-21 09:56:26.931 [session=000416] [INFO] [MainThread] 호출벨용 용도 목록 로드 요청
2026-08-21 09:56:26.931 [session=000416] [INFO] [MainThread] 호출벨에 용도 목록 전달: 2개
2026-08-21 09:56:26.931 [session=000416] [INFO] [MainThread] 용도 목록 로드: 2개
2026-08-21 09:56:26.932 [session=000416] [INFO] [MainThread] 목적지 목록 로드: 5개
2026-08-21 09:56:26.932 [session=000416] [INFO] [MainThread] 호출벨 관리에 목적지 목록 전달: 5개
2026-08-21 09:56:26.933 [session=000416] [INFO] [MainThread] My IP : 192.168.104.212
2026-08-21 09:56:26.940 [session=000416] [INFO] [browser-music-sync_0] [BROWSER_MUSIC_SYNC] event=catalog_fetch_started master_base_url=http://127.0.0.1:5051
2026-08-21 09:56:27.002 [session=000416] [INFO] [browser-music-sync_0] [BROWSER_MUSIC_SYNC] event=catalog_fetch_succeeded master_base_url=http://127.0.0.1:5051 item_count=3
2026-08-21 09:56:27.008 [session=000416] [INFO] [RestApiThread] [REST API] 배경 음악 GET 전송: operation=selection_get, url=http://127.0.0.1:5051/api/voice-event-settings/background-music?robot_id=robot_ec2b
2026-08-21 09:56:27.010 [session=000416] [INFO] [RestApiThread] [REST API] 배경 음악 GET 전송: operation=resolved_get, url=http://127.0.0.1:5051/api/voice-event-settings/resolved?robot_id=robot_ec2b
2026-08-21 09:56:27.031 [session=000416] [DEBUG] [RestApiThread] _handle_response 호출됨 - tag: REST_API_TAG.GET_BACKGROUND_MUSIC_SETTING, status_code: 200
2026-08-21 09:56:27.050 [session=000416] [DEBUG] [RestApiThread] _handle_response 호출됨 - tag: REST_API_TAG.GET_RESOLVED_BACKGROUND_MUSIC, status_code: 200
2026-08-21 09:56:27.098 [session=000416] [INFO] [ThreadPoolExecutor-8_0] 순차 이동 설정 저장 완료: /home/dentium/robot_GUIs/app/config/sequential_move.json
2026-08-21 09:56:27.932 [session=000416] [INFO] [SSE-SSE_BATTERY_LOW_SHUTDOWN] [SSE_DIAG] connect attempt tag=SSE_BATTERY_LOW_SHUTDOWN, reconnect=19, url=http://localhost:8080/robot_ec2b/events/battery/low_shutdown
2026-08-21 09:56:27.954 [session=000416] [INFO] [SSE-SSE_BATTERY_LOW_SHUTDOWN] [SSE_DIAG] connected tag=SSE_BATTERY_LOW_SHUTDOWN, status=404, reason=Not Found, elapsed=0.02s, content_type=application/json, url=http://localhost:8080/robot_ec2b/events/battery/low_shutdown
2026-08-21 09:56:27.965 [session=000416] [ERROR] [SSE-SSE_BATTERY_LOW_SHUTDOWN] [SSE_DIAG] non-200 response tag=SSE_BATTERY_LOW_SHUTDOWN, status=404, reason=Not Found, url=http://localhost:8080/robot_ec2b/events/battery/low_shutdown
2026-08-21 09:56:27.968 [session=000416] [INFO] [SSE-SSE_BATTERY_LOW_SHUTDOWN] [SSE_DIAG] reconnect wait tag=SSE_BATTERY_LOW_SHUTDOWN, delay=10s, reconnect=20, reason=HTTP 404, url=http://localhost:8080/robot_ec2b/events/battery/low_shutdown
2026-08-21 09:56:29.396 [session=000416] [INFO] [MainThread] [MAIN_THREAD_HEARTBEAT] GUI main thread alive: thread=MainThread
2026-08-21 09:56:34.395 [session=000416] [INFO] [MainThread] [MAIN_THREAD_HEARTBEAT] GUI main thread alive: thread=MainThread
2026-08-21 09:56:36.902 [session=000416] [DEBUG] [RestApiThread] GetCallBellFromRESTAPI 요청 시작
2026-08-21 09:56:36.904 [session=000416] [DEBUG] [RestApiThread] _get_data: 요청 시작 - tag: REST_API_TAG.GET_CALLBELL, url: http://localhost:8080/robot_ec2b/callbell
2026-08-21 09:56:36.905 [session=000416] [DEBUG] [RestApiThread] _get_data: 요청 전송 완료 - tag: REST_API_TAG.GET_CALLBELL, timeout: 30000ms
2026-08-21 09:56:36.923 [session=000416] [INFO] [RestApiThread] _handle_response (CYCLIC 정상) - tag: REST_API_TAG.GET_DESTINATIONS, status: 200, pending→3
2026-08-21 09:56:36.926 [session=000416] [INFO] [MainThread] model_manager set_destinations: unchanged (5 items) - emit skipped
2026-08-21 09:56:36.930 [session=000416] [INFO] [MainThread] 홈 위치 수신: (3.12, 1.10)
2026-08-21 09:56:36.930 [session=000416] [INFO] [MainThread] 홈 위치 표시 업데이트: (894.0, 100.9)
2026-08-21 09:56:36.931 [session=000416] [DEBUG] [RestApiThread] _handle_response 호출됨 - tag: REST_API_TAG.GET_CALLBELL, status_code: 200
2026-08-21 09:56:36.933 [session=000416] [INFO] [MainThread]   홈 위치 서버 → 픽셀 좌표로 변환 및 UI 업데이트: (894.0, 100.9)
2026-08-21 09:56:36.934 [session=000416] [INFO] [ThreadPoolExecutor-5_1] 호출벨 데이터 수신: 5개
2026-08-21 09:56:36.937 [session=000416] [INFO] [MainThread] My IP : 192.168.104.212
2026-08-21 09:56:36.939 [session=000416] [INFO] [MainThread] 호출벨-목적지 동기화 완료: 5개 호출벨
2026-08-21 09:56:36.940 [session=000416] [INFO] [MainThread] 목적지 리스트 반환: destinations=[Destination(name='로비', goal_pose=Pose(x=4.241336459631034, y=-2.361104203714551, qw=0.5097087478206948, qz=0.8603470185890456), bell=Bells(treatment='', suction='64012cd7'), idx=0, color='#e53935'), Destination(name='수술실', goal_pose=Pose(x=4.5199271819089395, y=-3.9219605026851503, qw=0.14533446519134308, qz=-0.9893825818294691), bell=Bells(treatment='', suction='64132cd7'), idx=1, color='#e53935'), Destination(name='진료실', goal_pose=Pose(x=0.11980823444488001, y=-3.735511450600503, qw=0.9963649848510123, qz=0.0851869530083222), bell=Bells(treatment='', suction='64252cd7'), idx=2, color='#e53935'), Destination(name='창고', goal_pose=Pose(x=0.2834625688692579, y=-6.793061814598156, qw=0.5257961572167338, qz=0.850610604834031), bell=Bells(treatment='', suction='64372cd7'), idx=3, color='#e53935'), Destination(name='소독실', goal_pose=Pose(x=-3.4045695907217928, y=-7.611793760201744, qw=0.546869706461766, qz=0.8372177280459497), bell=Bells(treatment='', suction='64492cd7'), idx=4, color='#e53935')]
2026-08-21 09:56:36.940 [session=000416] [INFO] [MainThread] 호출벨 리스트 반환: callbells={'64012cd7': {'name': '호출벨 1', 'usage': 'suction', 'destination': '로비'}, '64132cd7': {'name': '호출벨 2', 'usage': 'suction', 'destination': '수술실'}, '64252cd7': {'name': '호출벨 3', 'usage': 'suction', 'destination': '진료실'}, '64372cd7': {'name': '호출벨 4', 'usage': 'suction', 'destination': '창고'}, '64492cd7': {'name': '호출벨 5', 'usage': 'suction', 'destination': '소독실'}}, robot_usages=['treatment', 'suction']
2026-08-21 09:56:36.940 [session=000416] [INFO] [MainThread] 호출벨 리스트 로드: 5개
2026-08-21 09:56:36.940 [session=000416] [INFO] [MainThread] 호출벨 목록 동일 - UI 재생성 생략
2026-08-21 09:56:36.941 [session=000416] [INFO] [MainThread] 호출벨용 용도 목록 로드 요청
2026-08-21 09:56:36.941 [session=000416] [INFO] [MainThread] 호출벨에 용도 목록 전달: 2개
2026-08-21 09:56:36.941 [session=000416] [INFO] [MainThread] 용도 목록 로드: 2개
2026-08-21 09:56:36.941 [session=000416] [INFO] [MainThread] 목적지 목록 로드: 5개
2026-08-21 09:56:36.941 [session=000416] [INFO] [MainThread] 호출벨 관리에 목적지 목록 전달: 5개
2026-08-21 09:56:37.121 [session=000416] [INFO] [ThreadPoolExecutor-8_0] 순차 이동 설정 저장 완료: /home/dentium/robot_GUIs/app/config/sequential_move.json
2026-08-21 09:56:37.970 [session=000416] [INFO] [SSE-SSE_BATTERY_LOW_SHUTDOWN] [SSE_DIAG] connect attempt tag=SSE_BATTERY_LOW_SHUTDOWN, reconnect=20, url=http://localhost:8080/robot_ec2b/events/battery/low_shutdown
2026-08-21 09:56:37.982 [session=000416] [INFO] [SSE-SSE_BATTERY_LOW_SHUTDOWN] [SSE_DIAG] connected tag=SSE_BATTERY_LOW_SHUTDOWN, status=404, reason=Not Found, elapsed=0.01s, content_type=application/json, url=http://localhost:8080/robot_ec2b/events/battery/low_shutdown
2026-08-21 09:56:37.984 [session=000416] [ERROR] [SSE-SSE_BATTERY_LOW_SHUTDOWN] [SSE_DIAG] non-200 response tag=SSE_BATTERY_LOW_SHUTDOWN, status=404, reason=Not Found, url=http://localhost:8080/robot_ec2b/events/battery/low_shutdown
2026-08-21 09:56:37.987 [session=000416] [INFO] [SSE-SSE_BATTERY_LOW_SHUTDOWN] [SSE_DIAG] reconnect wait tag=SSE_BATTERY_LOW_SHUTDOWN, delay=10s, reconnect=21, reason=HTTP 404, url=http://localhost:8080/robot_ec2b/events/battery/low_shutdown
2026-08-21 09:56:39.396 [session=000416] [INFO] [MainThread] [MAIN_THREAD_HEARTBEAT] GUI main thread alive: thread=MainThread
2026-08-21 09:56:44.397 [session=000416] [INFO] [MainThread] [MAIN_THREAD_HEARTBEAT] GUI main thread alive: thread=MainThread
2026-08-21 09:56:46.908 [session=000416] [DEBUG] [RestApiThread] GetCallBellFromRESTAPI 요청 시작
2026-08-21 09:56:46.910 [session=000416] [DEBUG] [RestApiThread] _get_data: 요청 시작 - tag: REST_API_TAG.GET_CALLBELL, url: http://localhost:8080/robot_ec2b/callbell
2026-08-21 09:56:46.910 [session=000416] [DEBUG] [RestApiThread] _get_data: 요청 전송 완료 - tag: REST_API_TAG.GET_CALLBELL, timeout: 30000ms
2026-08-21 09:56:46.914 [session=000416] [INFO] [MainThread] model_manager set_destinations: unchanged (5 items) - emit skipped
2026-08-21 09:56:46.915 [session=000416] [INFO] [MainThread] 홈 위치 수신: (3.12, 1.10)
2026-08-21 09:56:46.916 [session=000416] [INFO] [MainThread] 홈 위치 표시 업데이트: (894.0, 100.9)
2026-08-21 09:56:46.919 [session=000416] [INFO] [MainThread]   홈 위치 서버 → 픽셀 좌표로 변환 및 UI 업데이트: (894.0, 100.9)
2026-08-21 09:56:46.932 [session=000416] [DEBUG] [RestApiThread] _handle_response 호출됨 - tag: REST_API_TAG.GET_CALLBELL, status_code: 200
2026-08-21 09:56:46.933 [session=000416] [INFO] [ThreadPoolExecutor-5_1] 호출벨 데이터 수신: 5개
2026-08-21 09:56:46.935 [session=000416] [INFO] [MainThread] 호출벨-목적지 동기화 완료: 5개 호출벨
2026-08-21 09:56:46.935 [session=000416] [INFO] [MainThread] 목적지 리스트 반환: destinations=[Destination(name='로비', goal_pose=Pose(x=4.241336459631034, y=-2.361104203714551, qw=0.5097087478206948, qz=0.8603470185890456), bell=Bells(treatment='', suction='64012cd7'), idx=0, color='#e53935'), Destination(name='수술실', goal_pose=Pose(x=4.5199271819089395, y=-3.9219605026851503, qw=0.14533446519134308, qz=-0.9893825818294691), bell=Bells(treatment='', suction='64132cd7'), idx=1, color='#e53935'), Destination(name='진료실', goal_pose=Pose(x=0.11980823444488001, y=-3.735511450600503, qw=0.9963649848510123, qz=0.0851869530083222), bell=Bells(treatment='', suction='64252cd7'), idx=2, color='#e53935'), Destination(name='창고', goal_pose=Pose(x=0.2834625688692579, y=-6.793061814598156, qw=0.5257961572167338, qz=0.850610604834031), bell=Bells(treatment='', suction='64372cd7'), idx=3, color='#e53935'), Destination(name='소독실', goal_pose=Pose(x=-3.4045695907217928, y=-7.611793760201744, qw=0.546869706461766, qz=0.8372177280459497), bell=Bells(treatment='', suction='64492cd7'), idx=4, color='#e53935')]
2026-08-21 09:56:46.936 [session=000416] [INFO] [MainThread] 호출벨 리스트 반환: callbells={'64012cd7': {'name': '호출벨 1', 'usage': 'suction', 'destination': '로비'}, '64132cd7': {'name': '호출벨 2', 'usage': 'suction', 'destination': '수술실'}, '64252cd7': {'name': '호출벨 3', 'usage': 'suction', 'destination': '진료실'}, '64372cd7': {'name': '호출벨 4', 'usage': 'suction', 'destination': '창고'}, '64492cd7': {'name': '호출벨 5', 'usage': 'suction', 'destination': '소독실'}}, robot_usages=['treatment', 'suction']
2026-08-21 09:56:46.937 [session=000416] [INFO] [MainThread] 호출벨 리스트 로드: 5개
2026-08-21 09:56:46.937 [session=000416] [INFO] [MainThread] 호출벨 목록 동일 - UI 재생성 생략
2026-08-21 09:56:46.937 [session=000416] [INFO] [MainThread] 호출벨용 용도 목록 로드 요청
2026-08-21 09:56:46.937 [session=000416] [INFO] [MainThread] 호출벨에 용도 목록 전달: 2개
2026-08-21 09:56:46.937 [session=000416] [INFO] [MainThread] 용도 목록 로드: 2개
2026-08-21 09:56:46.938 [session=000416] [INFO] [MainThread] 목적지 목록 로드: 5개
2026-08-21 09:56:46.938 [session=000416] [INFO] [MainThread] 호출벨 관리에 목적지 목록 전달: 5개
2026-08-21 09:56:46.938 [session=000416] [INFO] [MainThread] My IP : 192.168.104.212
2026-08-21 09:56:47.119 [session=000416] [INFO] [ThreadPoolExecutor-8_0] 순차 이동 설정 저장 완료: /home/dentium/robot_GUIs/app/config/sequential_move.json
2026-08-21 09:56:47.988 [session=000416] [INFO] [SSE-SSE_BATTERY_LOW_SHUTDOWN] [SSE_DIAG] connect attempt tag=SSE_BATTERY_LOW_SHUTDOWN, reconnect=21, url=http://localhost:8080/robot_ec2b/events/battery/low_shutdown
2026-08-21 09:56:48.011 [session=000416] [INFO] [SSE-SSE_BATTERY_LOW_SHUTDOWN] [SSE_DIAG] connected tag=SSE_BATTERY_LOW_SHUTDOWN, status=404, reason=Not Found, elapsed=0.02s, content_type=application/json, url=http://localhost:8080/robot_ec2b/events/battery/low_shutdown
2026-08-21 09:56:48.012 [session=000416] [ERROR] [SSE-SSE_BATTERY_LOW_SHUTDOWN] [SSE_DIAG] non-200 response tag=SSE_BATTERY_LOW_SHUTDOWN, status=404, reason=Not Found, url=http://localhost:8080/robot_ec2b/events/battery/low_shutdown
2026-08-21 09:56:48.014 [session=000416] [INFO] [SSE-SSE_BATTERY_LOW_SHUTDOWN] [SSE_DIAG] reconnect wait tag=SSE_BATTERY_LOW_SHUTDOWN, delay=10s, reconnect=22, reason=HTTP 404, url=http://localhost:8080/robot_ec2b/events/battery/low_shutdown
2026-08-21 09:56:49.398 [session=000416] [INFO] [MainThread] [MAIN_THREAD_HEARTBEAT] GUI main thread alive: thread=MainThread
2026-08-21 09:56:54.396 [session=000416] [INFO] [MainThread] [MAIN_THREAD_HEARTBEAT] GUI main thread alive: thread=MainThread
2026-08-21 09:56:56.908 [session=000416] [DEBUG] [RestApiThread] GetCallBellFromRESTAPI 요청 시작
2026-08-21 09:56:56.911 [session=000416] [DEBUG] [RestApiThread] _get_data: 요청 시작 - tag: REST_API_TAG.GET_CALLBELL, url: http://localhost:8080/robot_ec2b/callbell
2026-08-21 09:56:56.911 [session=000416] [DEBUG] [RestApiThread] _get_data: 요청 전송 완료 - tag: REST_API_TAG.GET_CALLBELL, timeout: 30000ms
2026-08-21 09:56:56.916 [session=000416] [INFO] [MainThread] model_manager set_destinations: unchanged (5 items) - emit skipped
2026-08-21 09:56:56.923 [session=000416] [INFO] [MainThread] 홈 위치 수신: (3.12, 1.10)
2026-08-21 09:56:56.924 [session=000416] [INFO] [MainThread] 홈 위치 표시 업데이트: (894.0, 100.9)
2026-08-21 09:56:56.926 [session=000416] [INFO] [MainThread]   홈 위치 서버 → 픽셀 좌표로 변환 및 UI 업데이트: (894.0, 100.9)
2026-08-21 09:56:56.928 [session=000416] [DEBUG] [RestApiThread] _handle_response 호출됨 - tag: REST_API_TAG.GET_CALLBELL, status_code: 200
2026-08-21 09:56:56.929 [session=000416] [INFO] [ThreadPoolExecutor-5_1] 호출벨 데이터 수신: 5개
2026-08-21 09:56:56.932 [session=000416] [INFO] [MainThread] 호출벨-목적지 동기화 완료: 5개 호출벨
2026-08-21 09:56:56.933 [session=000416] [INFO] [MainThread] 목적지 리스트 반환: destinations=[Destination(name='로비', goal_pose=Pose(x=4.241336459631034, y=-2.361104203714551, qw=0.5097087478206948, qz=0.8603470185890456), bell=Bells(treatment='', suction='64012cd7'), idx=0, color='#e53935'), Destination(name='수술실', goal_pose=Pose(x=4.5199271819089395, y=-3.9219605026851503, qw=0.14533446519134308, qz=-0.9893825818294691), bell=Bells(treatment='', suction='64132cd7'), idx=1, color='#e53935'), Destination(name='진료실', goal_pose=Pose(x=0.11980823444488001, y=-3.735511450600503, qw=0.9963649848510123, qz=0.0851869530083222), bell=Bells(treatment='', suction='64252cd7'), idx=2, color='#e53935'), Destination(name='창고', goal_pose=Pose(x=0.2834625688692579, y=-6.793061814598156, qw=0.5257961572167338, qz=0.850610604834031), bell=Bells(treatment='', suction='64372cd7'), idx=3, color='#e53935'), Destination(name='소독실', goal_pose=Pose(x=-3.4045695907217928, y=-7.611793760201744, qw=0.546869706461766, qz=0.8372177280459497), bell=Bells(treatment='', suction='64492cd7'), idx=4, color='#e53935')]
2026-08-21 09:56:56.934 [session=000416] [INFO] [MainThread] 호출벨 리스트 반환: callbells={'64012cd7': {'name': '호출벨 1', 'usage': 'suction', 'destination': '로비'}, '64132cd7': {'name': '호출벨 2', 'usage': 'suction', 'destination': '수술실'}, '64252cd7': {'name': '호출벨 3', 'usage': 'suction', 'destination': '진료실'}, '64372cd7': {'name': '호출벨 4', 'usage': 'suction', 'destination': '창고'}, '64492cd7': {'name': '호출벨 5', 'usage': 'suction', 'destination': '소독실'}}, robot_usages=['treatment', 'suction']
2026-08-21 09:56:56.934 [session=000416] [INFO] [MainThread] 호출벨 리스트 로드: 5개
2026-08-21 09:56:56.935 [session=000416] [INFO] [MainThread] 호출벨 목록 동일 - UI 재생성 생략
2026-08-21 09:56:56.942 [session=000416] [INFO] [MainThread] 호출벨용 용도 목록 로드 요청
2026-08-21 09:56:56.942 [session=000416] [INFO] [MainThread] 호출벨에 용도 목록 전달: 2개
2026-08-21 09:56:56.943 [session=000416] [INFO] [MainThread] 용도 목록 로드: 2개
2026-08-21 09:56:56.944 [session=000416] [INFO] [MainThread] 목적지 목록 로드: 5개
2026-08-21 09:56:56.944 [session=000416] [INFO] [MainThread] 호출벨 관리에 목적지 목록 전달: 5개
2026-08-21 09:56:56.945 [session=000416] [INFO] [MainThread] My IP : 192.168.104.212
2026-08-21 09:56:57.118 [session=000416] [INFO] [ThreadPoolExecutor-8_0] 순차 이동 설정 저장 완료: /home/dentium/robot_GUIs/app/config/sequential_move.json
2026-08-21 09:56:58.016 [session=000416] [INFO] [SSE-SSE_BATTERY_LOW_SHUTDOWN] [SSE_DIAG] connect attempt tag=SSE_BATTERY_LOW_SHUTDOWN, reconnect=22, url=http://localhost:8080/robot_ec2b/events/battery/low_shutdown
2026-08-21 09:56:58.031 [session=000416] [INFO] [SSE-SSE_BATTERY_LOW_SHUTDOWN] [SSE_DIAG] connected tag=SSE_BATTERY_LOW_SHUTDOWN, status=404, reason=Not Found, elapsed=0.01s, content_type=application/json, url=http://localhost:8080/robot_ec2b/events/battery/low_shutdown
2026-08-21 09:56:58.032 [session=000416] [ERROR] [SSE-SSE_BATTERY_LOW_SHUTDOWN] [SSE_DIAG] non-200 response tag=SSE_BATTERY_LOW_SHUTDOWN, status=404, reason=Not Found, url=http://localhost:8080/robot_ec2b/events/battery/low_shutdown
2026-08-21 09:56:58.034 [session=000416] [INFO] [SSE-SSE_BATTERY_LOW_SHUTDOWN] [SSE_DIAG] reconnect wait tag=SSE_BATTERY_LOW_SHUTDOWN, delay=10s, reconnect=23, reason=HTTP 404, url=http://localhost:8080/robot_ec2b/events/battery/low_shutdown
2026-08-21 09:56:59.395 [session=000416] [INFO] [MainThread] [MAIN_THREAD_HEARTBEAT] GUI main thread alive: thread=MainThread
2026-08-21 09:57:04.398 [session=000416] [INFO] [MainThread] [MAIN_THREAD_HEARTBEAT] GUI main thread alive: thread=MainThread
2026-08-21 09:57:06.904 [session=000416] [DEBUG] [RestApiThread] GetCallBellFromRESTAPI 요청 시작
2026-08-21 09:57:06.906 [session=000416] [DEBUG] [RestApiThread] _get_data: 요청 시작 - tag: REST_API_TAG.GET_CALLBELL, url: http://localhost:8080/robot_ec2b/callbell
2026-08-21 09:57:06.907 [session=000416] [DEBUG] [RestApiThread] _get_data: 요청 전송 완료 - tag: REST_API_TAG.GET_CALLBELL, timeout: 30000ms
2026-08-21 09:57:06.910 [session=000416] [INFO] [MainThread] model_manager set_destinations: unchanged (5 items) - emit skipped
2026-08-21 09:57:06.928 [session=000416] [DEBUG] [RestApiThread] _handle_response 호출됨 - tag: REST_API_TAG.GET_CALLBELL, status_code: 200
2026-08-21 09:57:06.929 [session=000416] [INFO] [ThreadPoolExecutor-5_0] 호출벨 데이터 수신: 5개
2026-08-21 09:57:06.931 [session=000416] [INFO] [MainThread] 호출벨-목적지 동기화 완료: 5개 호출벨
2026-08-21 09:57:06.931 [session=000416] [INFO] [MainThread] 목적지 리스트 반환: destinations=[Destination(name='로비', goal_pose=Pose(x=4.241336459631034, y=-2.361104203714551, qw=0.5097087478206948, qz=0.8603470185890456), bell=Bells(treatment='', suction='64012cd7'), idx=0, color='#e53935'), Destination(name='수술실', goal_pose=Pose(x=4.5199271819089395, y=-3.9219605026851503, qw=0.14533446519134308, qz=-0.9893825818294691), bell=Bells(treatment='', suction='64132cd7'), idx=1, color='#e53935'), Destination(name='진료실', goal_pose=Pose(x=0.11980823444488001, y=-3.735511450600503, qw=0.9963649848510123, qz=0.0851869530083222), bell=Bells(treatment='', suction='64252cd7'), idx=2, color='#e53935'), Destination(name='창고', goal_pose=Pose(x=0.2834625688692579, y=-6.793061814598156, qw=0.5257961572167338, qz=0.850610604834031), bell=Bells(treatment='', suction='64372cd7'), idx=3, color='#e53935'), Destination(name='소독실', goal_pose=Pose(x=-3.4045695907217928, y=-7.611793760201744, qw=0.546869706461766, qz=0.8372177280459497), bell=Bells(treatment='', suction='64492cd7'), idx=4, color='#e53935')]
2026-08-21 09:57:06.931 [session=000416] [INFO] [MainThread] 호출벨 리스트 반환: callbells={'64012cd7': {'name': '호출벨 1', 'usage': 'suction', 'destination': '로비'}, '64132cd7': {'name': '호출벨 2', 'usage': 'suction', 'destination': '수술실'}, '64252cd7': {'name': '호출벨 3', 'usage': 'suction', 'destination': '진료실'}, '64372cd7': {'name': '호출벨 4', 'usage': 'suction', 'destination': '창고'}, '64492cd7': {'name': '호출벨 5', 'usage': 'suction', 'destination': '소독실'}}, robot_usages=['treatment', 'suction']
2026-08-21 09:57:06.932 [session=000416] [INFO] [MainThread] 호출벨 리스트 로드: 5개
2026-08-21 09:57:06.932 [session=000416] [INFO] [MainThread] 호출벨 목록 동일 - UI 재생성 생략
2026-08-21 09:57:06.932 [session=000416] [INFO] [MainThread] 호출벨용 용도 목록 로드 요청
2026-08-21 09:57:06.932 [session=000416] [INFO] [MainThread] 호출벨에 용도 목록 전달: 2개
2026-08-21 09:57:06.932 [session=000416] [INFO] [MainThread] 용도 목록 로드: 2개
2026-08-21 09:57:06.932 [session=000416] [INFO] [MainThread] 목적지 목록 로드: 5개
2026-08-21 09:57:06.932 [session=000416] [INFO] [MainThread] 호출벨 관리에 목적지 목록 전달: 5개
2026-08-21 09:57:06.936 [session=000416] [INFO] [MainThread] 홈 위치 수신: (3.12, 1.10)
2026-08-21 09:57:06.936 [session=000416] [INFO] [MainThread] 홈 위치 표시 업데이트: (894.0, 100.9)
2026-08-21 09:57:06.940 [session=000416] [INFO] [MainThread]   홈 위치 서버 → 픽셀 좌표로 변환 및 UI 업데이트: (894.0, 100.9)
2026-08-21 09:57:06.946 [session=000416] [INFO] [MainThread] My IP : 192.168.104.212
2026-08-21 09:57:06.953 [session=000416] [INFO] [browser-music-sync_0] [BROWSER_MUSIC_SYNC] event=catalog_fetch_started master_base_url=http://127.0.0.1:5051
2026-08-21 09:57:06.989 [session=000416] [INFO] [browser-music-sync_0] [BROWSER_MUSIC_SYNC] event=catalog_fetch_succeeded master_base_url=http://127.0.0.1:5051 item_count=3
2026-08-21 09:57:06.998 [session=000416] [INFO] [RestApiThread] [REST API] 배경 음악 GET 전송: operation=selection_get, url=http://127.0.0.1:5051/api/voice-event-settings/background-music?robot_id=robot_ec2b
2026-08-21 09:57:06.999 [session=000416] [INFO] [RestApiThread] [REST API] 배경 음악 GET 전송: operation=resolved_get, url=http://127.0.0.1:5051/api/voice-event-settings/resolved?robot_id=robot_ec2b
2026-08-21 09:57:07.014 [session=000416] [DEBUG] [RestApiThread] _handle_response 호출됨 - tag: REST_API_TAG.GET_BACKGROUND_MUSIC_SETTING, status_code: 200
2026-08-21 09:57:07.028 [session=000416] [DEBUG] [RestApiThread] _handle_response 호출됨 - tag: REST_API_TAG.GET_RESOLVED_BACKGROUND_MUSIC, status_code: 200
2026-08-21 09:57:07.120 [session=000416] [INFO] [ThreadPoolExecutor-8_0] 순차 이동 설정 저장 완료: /home/dentium/robot_GUIs/app/config/sequential_move.json
2026-08-21 09:57:08.036 [session=000416] [INFO] [SSE-SSE_BATTERY_LOW_SHUTDOWN] [SSE_DIAG] connect attempt tag=SSE_BATTERY_LOW_SHUTDOWN, reconnect=23, url=http://localhost:8080/robot_ec2b/events/battery/low_shutdown
2026-08-21 09:57:08.057 [session=000416] [INFO] [SSE-SSE_BATTERY_LOW_SHUTDOWN] [SSE_DIAG] connected tag=SSE_BATTERY_LOW_SHUTDOWN, status=404, reason=Not Found, elapsed=0.02s, content_type=application/json, url=http://localhost:8080/robot_ec2b/events/battery/low_shutdown
2026-08-21 09:57:08.058 [session=000416] [ERROR] [SSE-SSE_BATTERY_LOW_SHUTDOWN] [SSE_DIAG] non-200 response tag=SSE_BATTERY_LOW_SHUTDOWN, status=404, reason=Not Found, url=http://localhost:8080/robot_ec2b/events/battery/low_shutdown
2026-08-21 09:57:08.060 [session=000416] [INFO] [SSE-SSE_BATTERY_LOW_SHUTDOWN] [SSE_DIAG] reconnect wait tag=SSE_BATTERY_LOW_SHUTDOWN, delay=10s, reconnect=24, reason=HTTP 404, url=http://localhost:8080/robot_ec2b/events/battery/low_shutdown
2026-08-21 09:57:09.396 [session=000416] [INFO] [MainThread] [MAIN_THREAD_HEARTBEAT] GUI main thread alive: thread=MainThread
2026-08-21 09:57:14.395 [session=000416] [INFO] [MainThread] [MAIN_THREAD_HEARTBEAT] GUI main thread alive: thread=MainThread
2026-08-21 09:57:16.896 [session=000416] [DEBUG] [RestApiThread] GetCallBellFromRESTAPI 요청 시작
2026-08-21 09:57:16.905 [session=000416] [DEBUG] [RestApiThread] _get_data: 요청 시작 - tag: REST_API_TAG.GET_CALLBELL, url: http://localhost:8080/robot_ec2b/callbell
2026-08-21 09:57:16.906 [session=000416] [DEBUG] [RestApiThread] _get_data: 요청 전송 완료 - tag: REST_API_TAG.GET_CALLBELL, timeout: 30000ms
2026-08-21 09:57:16.921 [session=000416] [INFO] [MainThread] model_manager set_destinations: unchanged (5 items) - emit skipped
2026-08-21 09:57:16.922 [session=000416] [INFO] [RestApiThread] _handle_response (CYCLIC 정상) - tag: REST_API_TAG.GET_HOME_POSE, status: 200, pending→2
2026-08-21 09:57:16.925 [session=000416] [DEBUG] [RestApiThread] _handle_response 호출됨 - tag: REST_API_TAG.GET_CALLBELL, status_code: 200
2026-08-21 09:57:16.927 [session=000416] [INFO] [ThreadPoolExecutor-5_0] 호출벨 데이터 수신: 5개
2026-08-21 09:57:16.928 [session=000416] [INFO] [MainThread] 홈 위치 수신: (3.12, 1.10)
2026-08-21 09:57:16.929 [session=000416] [INFO] [MainThread] 홈 위치 표시 업데이트: (894.0, 100.9)
2026-08-21 09:57:16.931 [session=000416] [INFO] [MainThread]   홈 위치 서버 → 픽셀 좌표로 변환 및 UI 업데이트: (894.0, 100.9)
2026-08-21 09:57:16.934 [session=000416] [INFO] [MainThread] 호출벨-목적지 동기화 완료: 5개 호출벨
2026-08-21 09:57:16.935 [session=000416] [INFO] [MainThread] 목적지 리스트 반환: destinations=[Destination(name='로비', goal_pose=Pose(x=4.241336459631034, y=-2.361104203714551, qw=0.5097087478206948, qz=0.8603470185890456), bell=Bells(treatment='', suction='64012cd7'), idx=0, color='#e53935'), Destination(name='수술실', goal_pose=Pose(x=4.5199271819089395, y=-3.9219605026851503, qw=0.14533446519134308, qz=-0.9893825818294691), bell=Bells(treatment='', suction='64132cd7'), idx=1, color='#e53935'), Destination(name='진료실', goal_pose=Pose(x=0.11980823444488001, y=-3.735511450600503, qw=0.9963649848510123, qz=0.0851869530083222), bell=Bells(treatment='', suction='64252cd7'), idx=2, color='#e53935'), Destination(name='창고', goal_pose=Pose(x=0.2834625688692579, y=-6.793061814598156, qw=0.5257961572167338, qz=0.850610604834031), bell=Bells(treatment='', suction='64372cd7'), idx=3, color='#e53935'), Destination(name='소독실', goal_pose=Pose(x=-3.4045695907217928, y=-7.611793760201744, qw=0.546869706461766, qz=0.8372177280459497), bell=Bells(treatment='', suction='64492cd7'), idx=4, color='#e53935')]
2026-08-21 09:57:16.935 [session=000416] [INFO] [MainThread] 호출벨 리스트 반환: callbells={'64012cd7': {'name': '호출벨 1', 'usage': 'suction', 'destination': '로비'}, '64132cd7': {'name': '호출벨 2', 'usage': 'suction', 'destination': '수술실'}, '64252cd7': {'name': '호출벨 3', 'usage': 'suction', 'destination': '진료실'}, '64372cd7': {'name': '호출벨 4', 'usage': 'suction', 'destination': '창고'}, '64492cd7': {'name': '호출벨 5', 'usage': 'suction', 'destination': '소독실'}}, robot_usages=['treatment', 'suction']
2026-08-21 09:57:16.936 [session=000416] [INFO] [MainThread] 호출벨 리스트 로드: 5개
2026-08-21 09:57:16.936 [session=000416] [INFO] [MainThread] 호출벨 목록 동일 - UI 재생성 생략
2026-08-21 09:57:16.937 [session=000416] [INFO] [MainThread] 호출벨용 용도 목록 로드 요청
2026-08-21 09:57:16.937 [session=000416] [INFO] [MainThread] 호출벨에 용도 목록 전달: 2개
2026-08-21 09:57:16.938 [session=000416] [INFO] [MainThread] 용도 목록 로드: 2개
2026-08-21 09:57:16.938 [session=000416] [INFO] [MainThread] 목적지 목록 로드: 5개
2026-08-21 09:57:16.938 [session=000416] [INFO] [MainThread] 호출벨 관리에 목적지 목록 전달: 5개
2026-08-21 09:57:16.939 [session=000416] [INFO] [MainThread] My IP : 192.168.104.212
2026-08-21 09:57:17.122 [session=000416] [INFO] [ThreadPoolExecutor-8_0] 순차 이동 설정 저장 완료: /home/dentium/robot_GUIs/app/config/sequential_move.json
2026-08-21 09:57:18.061 [session=000416] [INFO] [SSE-SSE_BATTERY_LOW_SHUTDOWN] [SSE_DIAG] connect attempt tag=SSE_BATTERY_LOW_SHUTDOWN, reconnect=24, url=http://localhost:8080/robot_ec2b/events/battery/low_shutdown
2026-08-21 09:57:18.072 [session=000416] [INFO] [SSE-SSE_BATTERY_LOW_SHUTDOWN] [SSE_DIAG] connected tag=SSE_BATTERY_LOW_SHUTDOWN, status=404, reason=Not Found, elapsed=0.01s, content_type=application/json, url=http://localhost:8080/robot_ec2b/events/battery/low_shutdown
2026-08-21 09:57:18.073 [session=000416] [ERROR] [SSE-SSE_BATTERY_LOW_SHUTDOWN] [SSE_DIAG] non-200 response tag=SSE_BATTERY_LOW_SHUTDOWN, status=404, reason=Not Found, url=http://localhost:8080/robot_ec2b/events/battery/low_shutdown
2026-08-21 09:57:18.074 [session=000416] [INFO] [SSE-SSE_BATTERY_LOW_SHUTDOWN] [SSE_DIAG] reconnect wait tag=SSE_BATTERY_LOW_SHUTDOWN, delay=10s, reconnect=25, reason=HTTP 404, url=http://localhost:8080/robot_ec2b/events/battery/low_shutdown
2026-08-21 09:57:19.396 [session=000416] [INFO] [MainThread] [MAIN_THREAD_HEARTBEAT] GUI main thread alive: thread=MainThread
2026-08-21 09:57:24.395 [session=000416] [INFO] [MainThread] [MAIN_THREAD_HEARTBEAT] GUI main thread alive: thread=MainThread
2026-08-21 09:57:26.896 [session=000416] [DEBUG] [RestApiThread] GetCallBellFromRESTAPI 요청 시작
2026-08-21 09:57:26.906 [session=000416] [DEBUG] [RestApiThread] _get_data: 요청 시작 - tag: REST_API_TAG.GET_CALLBELL, url: http://localhost:8080/robot_ec2b/callbell
2026-08-21 09:57:26.911 [session=000416] [DEBUG] [RestApiThread] _get_data: 요청 전송 완료 - tag: REST_API_TAG.GET_CALLBELL, timeout: 30000ms
2026-08-21 09:57:26.915 [session=000416] [DEBUG] [RestApiThread] _handle_response 호출됨 - tag: REST_API_TAG.GET_CALLBELL, status_code: 200
2026-08-21 09:57:26.917 [session=000416] [INFO] [ThreadPoolExecutor-5_1] 호출벨 데이터 수신: 5개
2026-08-21 09:57:26.920 [session=000416] [INFO] [MainThread] model_manager set_destinations: unchanged (5 items) - emit skipped
2026-08-21 09:57:26.927 [session=000416] [INFO] [MainThread] 홈 위치 수신: (3.12, 1.10)
2026-08-21 09:57:26.927 [session=000416] [INFO] [MainThread] 홈 위치 표시 업데이트: (894.0, 100.9)
2026-08-21 09:57:26.932 [session=000416] [INFO] [MainThread]   홈 위치 서버 → 픽셀 좌표로 변환 및 UI 업데이트: (894.0, 100.9)
2026-08-21 09:57:26.935 [session=000416] [INFO] [MainThread] 호출벨-목적지 동기화 완료: 5개 호출벨
2026-08-21 09:57:26.935 [session=000416] [INFO] [MainThread] 목적지 리스트 반환: destinations=[Destination(name='로비', goal_pose=Pose(x=4.241336459631034, y=-2.361104203714551, qw=0.5097087478206948, qz=0.8603470185890456), bell=Bells(treatment='', suction='64012cd7'), idx=0, color='#e53935'), Destination(name='수술실', goal_pose=Pose(x=4.5199271819089395, y=-3.9219605026851503, qw=0.14533446519134308, qz=-0.9893825818294691), bell=Bells(treatment='', suction='64132cd7'), idx=1, color='#e53935'), Destination(name='진료실', goal_pose=Pose(x=0.11980823444488001, y=-3.735511450600503, qw=0.9963649848510123, qz=0.0851869530083222), bell=Bells(treatment='', suction='64252cd7'), idx=2, color='#e53935'), Destination(name='창고', goal_pose=Pose(x=0.2834625688692579, y=-6.793061814598156, qw=0.5257961572167338, qz=0.850610604834031), bell=Bells(treatment='', suction='64372cd7'), idx=3, color='#e53935'), Destination(name='소독실', goal_pose=Pose(x=-3.4045695907217928, y=-7.611793760201744, qw=0.546869706461766, qz=0.8372177280459497), bell=Bells(treatment='', suction='64492cd7'), idx=4, color='#e53935')]
2026-08-21 09:57:26.935 [session=000416] [INFO] [MainThread] 호출벨 리스트 반환: callbells={'64012cd7': {'name': '호출벨 1', 'usage': 'suction', 'destination': '로비'}, '64132cd7': {'name': '호출벨 2', 'usage': 'suction', 'destination': '수술실'}, '64252cd7': {'name': '호출벨 3', 'usage': 'suction', 'destination': '진료실'}, '64372cd7': {'name': '호출벨 4', 'usage': 'suction', 'destination': '창고'}, '64492cd7': {'name': '호출벨 5', 'usage': 'suction', 'destination': '소독실'}}, robot_usages=['treatment', 'suction']
2026-08-21 09:57:26.936 [session=000416] [INFO] [MainThread] 호출벨 리스트 로드: 5개
2026-08-21 09:57:26.936 [session=000416] [INFO] [MainThread] 호출벨 목록 동일 - UI 재생성 생략
2026-08-21 09:57:26.936 [session=000416] [INFO] [MainThread] 호출벨용 용도 목록 로드 요청
2026-08-21 09:57:26.936 [session=000416] [INFO] [MainThread] 호출벨에 용도 목록 전달: 2개
2026-08-21 09:57:26.936 [session=000416] [INFO] [MainThread] 용도 목록 로드: 2개
2026-08-21 09:57:26.936 [session=000416] [INFO] [MainThread] 목적지 목록 로드: 5개
2026-08-21 09:57:26.937 [session=000416] [INFO] [MainThread] 호출벨 관리에 목적지 목록 전달: 5개
2026-08-21 09:57:26.938 [session=000416] [INFO] [MainThread] My IP : 192.168.104.212
2026-08-21 09:57:27.121 [session=000416] [INFO] [ThreadPoolExecutor-8_0] 순차 이동 설정 저장 완료: /home/dentium/robot_GUIs/app/config/sequential_move.json
2026-08-21 09:57:28.076 [session=000416] [INFO] [SSE-SSE_BATTERY_LOW_SHUTDOWN] [SSE_DIAG] connect attempt tag=SSE_BATTERY_LOW_SHUTDOWN, reconnect=25, url=http://localhost:8080/robot_ec2b/events/battery/low_shutdown
2026-08-21 09:57:28.090 [session=000416] [INFO] [SSE-SSE_BATTERY_LOW_SHUTDOWN] [SSE_DIAG] connected tag=SSE_BATTERY_LOW_SHUTDOWN, status=404, reason=Not Found, elapsed=0.01s, content_type=application/json, url=http://localhost:8080/robot_ec2b/events/battery/low_shutdown
2026-08-21 09:57:28.090 [session=000416] [ERROR] [SSE-SSE_BATTERY_LOW_SHUTDOWN] [SSE_DIAG] non-200 response tag=SSE_BATTERY_LOW_SHUTDOWN, status=404, reason=Not Found, url=http://localhost:8080/robot_ec2b/events/battery/low_shutdown
2026-08-21 09:57:28.092 [session=000416] [INFO] [SSE-SSE_BATTERY_LOW_SHUTDOWN] [SSE_DIAG] reconnect wait tag=SSE_BATTERY_LOW_SHUTDOWN, delay=10s, reconnect=26, reason=HTTP 404, url=http://localhost:8080/robot_ec2b/events/battery/low_shutdown
2026-08-21 09:57:29.395 [session=000416] [INFO] [MainThread] [MAIN_THREAD_HEARTBEAT] GUI main thread alive: thread=MainThread
2026-08-21 09:57:34.394 [session=000416] [INFO] [MainThread] [MAIN_THREAD_HEARTBEAT] GUI main thread alive: thread=MainThread
2026-08-21 09:57:36.896 [session=000416] [DEBUG] [RestApiThread] GetCallBellFromRESTAPI 요청 시작
2026-08-21 09:57:36.902 [session=000416] [DEBUG] [RestApiThread] _get_data: 요청 시작 - tag: REST_API_TAG.GET_CALLBELL, url: http://localhost:8080/robot_ec2b/callbell
2026-08-21 09:57:36.907 [session=000416] [DEBUG] [RestApiThread] _get_data: 요청 전송 완료 - tag: REST_API_TAG.GET_CALLBELL, timeout: 30000ms
2026-08-21 09:57:36.921 [session=000416] [INFO] [MainThread] model_manager set_destinations: unchanged (5 items) - emit skipped
2026-08-21 09:57:36.933 [session=000416] [INFO] [MainThread] 홈 위치 수신: (3.12, 1.10)
2026-08-21 09:57:36.933 [session=000416] [INFO] [MainThread] 홈 위치 표시 업데이트: (894.0, 100.9)
2026-08-21 09:57:36.938 [session=000416] [INFO] [MainThread]   홈 위치 서버 → 픽셀 좌표로 변환 및 UI 업데이트: (894.0, 100.9)
2026-08-21 09:57:36.948 [session=000416] [DEBUG] [RestApiThread] _handle_response 호출됨 - tag: REST_API_TAG.GET_CALLBELL, status_code: 200
2026-08-21 09:57:36.951 [session=000416] [INFO] [ThreadPoolExecutor-5_0] 호출벨 데이터 수신: 5개
2026-08-21 09:57:36.953 [session=000416] [INFO] [MainThread] 호출벨-목적지 동기화 완료: 5개 호출벨
2026-08-21 09:57:36.955 [session=000416] [INFO] [MainThread] 목적지 리스트 반환: destinations=[Destination(name='로비', goal_pose=Pose(x=4.241336459631034, y=-2.361104203714551, qw=0.5097087478206948, qz=0.8603470185890456), bell=Bells(treatment='', suction='64012cd7'), idx=0, color='#e53935'), Destination(name='수술실', goal_pose=Pose(x=4.5199271819089395, y=-3.9219605026851503, qw=0.14533446519134308, qz=-0.9893825818294691), bell=Bells(treatment='', suction='64132cd7'), idx=1, color='#e53935'), Destination(name='진료실', goal_pose=Pose(x=0.11980823444488001, y=-3.735511450600503, qw=0.9963649848510123, qz=0.0851869530083222), bell=Bells(treatment='', suction='64252cd7'), idx=2, color='#e53935'), Destination(name='창고', goal_pose=Pose(x=0.2834625688692579, y=-6.793061814598156, qw=0.5257961572167338, qz=0.850610604834031), bell=Bells(treatment='', suction='64372cd7'), idx=3, color='#e53935'), Destination(name='소독실', goal_pose=Pose(x=-3.4045695907217928, y=-7.611793760201744, qw=0.546869706461766, qz=0.8372177280459497), bell=Bells(treatment='', suction='64492cd7'), idx=4, color='#e53935')]
2026-08-21 09:57:36.957 [session=000416] [INFO] [MainThread] 호출벨 리스트 반환: callbells={'64012cd7': {'name': '호출벨 1', 'usage': 'suction', 'destination': '로비'}, '64132cd7': {'name': '호출벨 2', 'usage': 'suction', 'destination': '수술실'}, '64252cd7': {'name': '호출벨 3', 'usage': 'suction', 'destination': '진료실'}, '64372cd7': {'name': '호출벨 4', 'usage': 'suction', 'destination': '창고'}, '64492cd7': {'name': '호출벨 5', 'usage': 'suction', 'destination': '소독실'}}, robot_usages=['treatment', 'suction']
2026-08-21 09:57:36.957 [session=000416] [INFO] [MainThread] 호출벨 리스트 로드: 5개
2026-08-21 09:57:36.957 [session=000416] [INFO] [MainThread] 호출벨 목록 동일 - UI 재생성 생략
2026-08-21 09:57:36.959 [session=000416] [INFO] [MainThread] 호출벨용 용도 목록 로드 요청
2026-08-21 09:57:36.960 [session=000416] [INFO] [MainThread] 호출벨에 용도 목록 전달: 2개
2026-08-21 09:57:36.960 [session=000416] [INFO] [MainThread] 용도 목록 로드: 2개
2026-08-21 09:57:36.960 [session=000416] [INFO] [MainThread] 목적지 목록 로드: 5개
2026-08-21 09:57:36.960 [session=000416] [INFO] [MainThread] 호출벨 관리에 목적지 목록 전달: 5개
2026-08-21 09:57:36.961 [session=000416] [INFO] [MainThread] My IP : 192.168.104.212
2026-08-21 09:57:37.120 [session=000416] [INFO] [ThreadPoolExecutor-8_0] 순차 이동 설정 저장 완료: /home/dentium/robot_GUIs/app/config/sequential_move.json
2026-08-21 09:57:38.096 [session=000416] [INFO] [SSE-SSE_BATTERY_LOW_SHUTDOWN] [SSE_DIAG] connect attempt tag=SSE_BATTERY_LOW_SHUTDOWN, reconnect=26, url=http://localhost:8080/robot_ec2b/events/battery/low_shutdown
2026-08-21 09:57:38.111 [session=000416] [INFO] [SSE-SSE_BATTERY_LOW_SHUTDOWN] [SSE_DIAG] connected tag=SSE_BATTERY_LOW_SHUTDOWN, status=404, reason=Not Found, elapsed=0.02s, content_type=application/json, url=http://localhost:8080/robot_ec2b/events/battery/low_shutdown
2026-08-21 09:57:38.112 [session=000416] [ERROR] [SSE-SSE_BATTERY_LOW_SHUTDOWN] [SSE_DIAG] non-200 response tag=SSE_BATTERY_LOW_SHUTDOWN, status=404, reason=Not Found, url=http://localhost:8080/robot_ec2b/events/battery/low_shutdown
2026-08-21 09:57:38.114 [session=000416] [INFO] [SSE-SSE_BATTERY_LOW_SHUTDOWN] [SSE_DIAG] reconnect wait tag=SSE_BATTERY_LOW_SHUTDOWN, delay=10s, reconnect=27, reason=HTTP 404, url=http://localhost:8080/robot_ec2b/events/battery/low_shutdown
2026-08-21 09:57:39.395 [session=000416] [INFO] [MainThread] [MAIN_THREAD_HEARTBEAT] GUI main thread alive: thread=MainThread
2026-08-21 09:57:44.397 [session=000416] [INFO] [MainThread] [MAIN_THREAD_HEARTBEAT] GUI main thread alive: thread=MainThread
2026-08-21 09:57:46.906 [session=000416] [DEBUG] [RestApiThread] GetCallBellFromRESTAPI 요청 시작
2026-08-21 09:57:46.909 [session=000416] [DEBUG] [RestApiThread] _get_data: 요청 시작 - tag: REST_API_TAG.GET_CALLBELL, url: http://localhost:8080/robot_ec2b/callbell
2026-08-21 09:57:46.911 [session=000416] [DEBUG] [RestApiThread] _get_data: 요청 전송 완료 - tag: REST_API_TAG.GET_CALLBELL, timeout: 30000ms
2026-08-21 09:57:46.921 [session=000416] [INFO] [MainThread] model_manager set_destinations: unchanged (5 items) - emit skipped
2026-08-21 09:57:46.923 [session=000416] [DEBUG] [RestApiThread] _handle_response 호출됨 - tag: REST_API_TAG.GET_CALLBELL, status_code: 200
2026-08-21 09:57:46.924 [session=000416] [INFO] [MainThread] 홈 위치 수신: (3.12, 1.10)
2026-08-21 09:57:46.925 [session=000416] [INFO] [ThreadPoolExecutor-5_0] 호출벨 데이터 수신: 5개
2026-08-21 09:57:46.925 [session=000416] [INFO] [MainThread] 홈 위치 표시 업데이트: (894.0, 100.9)
2026-08-21 09:57:46.932 [session=000416] [INFO] [MainThread]   홈 위치 서버 → 픽셀 좌표로 변환 및 UI 업데이트: (894.0, 100.9)
2026-08-21 09:57:46.936 [session=000416] [INFO] [MainThread] 호출벨-목적지 동기화 완료: 5개 호출벨
2026-08-21 09:57:46.936 [session=000416] [INFO] [MainThread] 목적지 리스트 반환: destinations=[Destination(name='로비', goal_pose=Pose(x=4.241336459631034, y=-2.361104203714551, qw=0.5097087478206948, qz=0.8603470185890456), bell=Bells(treatment='', suction='64012cd7'), idx=0, color='#e53935'), Destination(name='수술실', goal_pose=Pose(x=4.5199271819089395, y=-3.9219605026851503, qw=0.14533446519134308, qz=-0.9893825818294691), bell=Bells(treatment='', suction='64132cd7'), idx=1, color='#e53935'), Destination(name='진료실', goal_pose=Pose(x=0.11980823444488001, y=-3.735511450600503, qw=0.9963649848510123, qz=0.0851869530083222), bell=Bells(treatment='', suction='64252cd7'), idx=2, color='#e53935'), Destination(name='창고', goal_pose=Pose(x=0.2834625688692579, y=-6.793061814598156, qw=0.5257961572167338, qz=0.850610604834031), bell=Bells(treatment='', suction='64372cd7'), idx=3, color='#e53935'), Destination(name='소독실', goal_pose=Pose(x=-3.4045695907217928, y=-7.611793760201744, qw=0.546869706461766, qz=0.8372177280459497), bell=Bells(treatment='', suction='64492cd7'), idx=4, color='#e53935')]
2026-08-21 09:57:46.937 [session=000416] [INFO] [MainThread] 호출벨 리스트 반환: callbells={'64012cd7': {'name': '호출벨 1', 'usage': 'suction', 'destination': '로비'}, '64132cd7': {'name': '호출벨 2', 'usage': 'suction', 'destination': '수술실'}, '64252cd7': {'name': '호출벨 3', 'usage': 'suction', 'destination': '진료실'}, '64372cd7': {'name': '호출벨 4', 'usage': 'suction', 'destination': '창고'}, '64492cd7': {'name': '호출벨 5', 'usage': 'suction', 'destination': '소독실'}}, robot_usages=['treatment', 'suction']
2026-08-21 09:57:46.937 [session=000416] [INFO] [MainThread] 호출벨 리스트 로드: 5개
2026-08-21 09:57:46.937 [session=000416] [INFO] [MainThread] 호출벨 목록 동일 - UI 재생성 생략
2026-08-21 09:57:46.940 [session=000416] [INFO] [MainThread] 호출벨용 용도 목록 로드 요청
2026-08-21 09:57:46.940 [session=000416] [INFO] [MainThread] 호출벨에 용도 목록 전달: 2개
2026-08-21 09:57:46.941 [session=000416] [INFO] [MainThread] 용도 목록 로드: 2개
2026-08-21 09:57:46.941 [session=000416] [INFO] [MainThread] 목적지 목록 로드: 5개
2026-08-21 09:57:46.941 [session=000416] [INFO] [MainThread] 호출벨 관리에 목적지 목록 전달: 5개
2026-08-21 09:57:46.942 [session=000416] [INFO] [MainThread] My IP : 192.168.104.212
2026-08-21 09:57:46.944 [session=000416] [INFO] [browser-music-sync_0] [BROWSER_MUSIC_SYNC] event=catalog_fetch_started master_base_url=http://127.0.0.1:5051
2026-08-21 09:57:47.002 [session=000416] [INFO] [browser-music-sync_0] [BROWSER_MUSIC_SYNC] event=catalog_fetch_succeeded master_base_url=http://127.0.0.1:5051 item_count=3
2026-08-21 09:57:47.009 [session=000416] [INFO] [RestApiThread] [REST API] 배경 음악 GET 전송: operation=selection_get, url=http://127.0.0.1:5051/api/voice-event-settings/background-music?robot_id=robot_ec2b
2026-08-21 09:57:47.010 [session=000416] [INFO] [RestApiThread] [REST API] 배경 음악 GET 전송: operation=resolved_get, url=http://127.0.0.1:5051/api/voice-event-settings/resolved?robot_id=robot_ec2b
2026-08-21 09:57:47.033 [session=000416] [DEBUG] [RestApiThread] _handle_response 호출됨 - tag: REST_API_TAG.GET_BACKGROUND_MUSIC_SETTING, status_code: 200
2026-08-21 09:57:47.044 [session=000416] [DEBUG] [RestApiThread] _handle_response 호출됨 - tag: REST_API_TAG.GET_RESOLVED_BACKGROUND_MUSIC, status_code: 200
2026-08-21 09:57:47.121 [session=000416] [INFO] [ThreadPoolExecutor-8_0] 순차 이동 설정 저장 완료: /home/dentium/robot_GUIs/app/config/sequential_move.json
2026-08-21 09:57:48.118 [session=000416] [INFO] [SSE-SSE_BATTERY_LOW_SHUTDOWN] [SSE_DIAG] connect attempt tag=SSE_BATTERY_LOW_SHUTDOWN, reconnect=27, url=http://localhost:8080/robot_ec2b/events/battery/low_shutdown
2026-08-21 09:57:48.138 [session=000416] [INFO] [SSE-SSE_BATTERY_LOW_SHUTDOWN] [SSE_DIAG] connected tag=SSE_BATTERY_LOW_SHUTDOWN, status=404, reason=Not Found, elapsed=0.02s, content_type=application/json, url=http://localhost:8080/robot_ec2b/events/battery/low_shutdown
2026-08-21 09:57:48.139 [session=000416] [ERROR] [SSE-SSE_BATTERY_LOW_SHUTDOWN] [SSE_DIAG] non-200 response tag=SSE_BATTERY_LOW_SHUTDOWN, status=404, reason=Not Found, url=http://localhost:8080/robot_ec2b/events/battery/low_shutdown
2026-08-21 09:57:48.141 [session=000416] [INFO] [SSE-SSE_BATTERY_LOW_SHUTDOWN] [SSE_DIAG] reconnect wait tag=SSE_BATTERY_LOW_SHUTDOWN, delay=10s, reconnect=28, reason=HTTP 404, url=http://localhost:8080/robot_ec2b/events/battery/low_shutdown
2026-08-21 09:57:49.396 [session=000416] [INFO] [MainThread] [MAIN_THREAD_HEARTBEAT] GUI main thread alive: thread=MainThread
2026-08-21 09:57:54.395 [session=000416] [INFO] [MainThread] [MAIN_THREAD_HEARTBEAT] GUI main thread alive: thread=MainThread
2026-08-21 09:57:56.898 [session=000416] [DEBUG] [RestApiThread] GetCallBellFromRESTAPI 요청 시작
2026-08-21 09:57:56.903 [session=000416] [DEBUG] [RestApiThread] _get_data: 요청 시작 - tag: REST_API_TAG.GET_CALLBELL, url: http://localhost:8080/robot_ec2b/callbell
2026-08-21 09:57:56.904 [session=000416] [DEBUG] [RestApiThread] _get_data: 요청 전송 완료 - tag: REST_API_TAG.GET_CALLBELL, timeout: 30000ms
2026-08-21 09:57:56.910 [session=000416] [INFO] [MainThread] model_manager set_destinations: unchanged (5 items) - emit skipped
2026-08-21 09:57:56.917 [session=000416] [INFO] [MainThread] 홈 위치 수신: (3.12, 1.10)
2026-08-21 09:57:56.917 [session=000416] [INFO] [MainThread] 홈 위치 표시 업데이트: (894.0, 100.9)
2026-08-21 09:57:56.921 [session=000416] [INFO] [MainThread]   홈 위치 서버 → 픽셀 좌표로 변환 및 UI 업데이트: (894.0, 100.9)
2026-08-21 09:57:56.931 [session=000416] [DEBUG] [RestApiThread] _handle_response 호출됨 - tag: REST_API_TAG.GET_CALLBELL, status_code: 200
2026-08-21 09:57:56.932 [session=000416] [INFO] [ThreadPoolExecutor-5_1] 호출벨 데이터 수신: 5개
2026-08-21 09:57:56.933 [session=000416] [INFO] [MainThread] 호출벨-목적지 동기화 완료: 5개 호출벨
2026-08-21 09:57:56.934 [session=000416] [INFO] [MainThread] 목적지 리스트 반환: destinations=[Destination(name='로비', goal_pose=Pose(x=4.241336459631034, y=-2.361104203714551, qw=0.5097087478206948, qz=0.8603470185890456), bell=Bells(treatment='', suction='64012cd7'), idx=0, color='#e53935'), Destination(name='수술실', goal_pose=Pose(x=4.5199271819089395, y=-3.9219605026851503, qw=0.14533446519134308, qz=-0.9893825818294691), bell=Bells(treatment='', suction='64132cd7'), idx=1, color='#e53935'), Destination(name='진료실', goal_pose=Pose(x=0.11980823444488001, y=-3.735511450600503, qw=0.9963649848510123, qz=0.0851869530083222), bell=Bells(treatment='', suction='64252cd7'), idx=2, color='#e53935'), Destination(name='창고', goal_pose=Pose(x=0.2834625688692579, y=-6.793061814598156, qw=0.5257961572167338, qz=0.850610604834031), bell=Bells(treatment='', suction='64372cd7'), idx=3, color='#e53935'), Destination(name='소독실', goal_pose=Pose(x=-3.4045695907217928, y=-7.611793760201744, qw=0.546869706461766, qz=0.8372177280459497), bell=Bells(treatment='', suction='64492cd7'), idx=4, color='#e53935')]
2026-08-21 09:57:56.935 [session=000416] [INFO] [MainThread] 호출벨 리스트 반환: callbells={'64012cd7': {'name': '호출벨 1', 'usage': 'suction', 'destination': '로비'}, '64132cd7': {'name': '호출벨 2', 'usage': 'suction', 'destination': '수술실'}, '64252cd7': {'name': '호출벨 3', 'usage': 'suction', 'destination': '진료실'}, '64372cd7': {'name': '호출벨 4', 'usage': 'suction', 'destination': '창고'}, '64492cd7': {'name': '호출벨 5', 'usage': 'suction', 'destination': '소독실'}}, robot_usages=['treatment', 'suction']
2026-08-21 09:57:56.935 [session=000416] [INFO] [MainThread] 호출벨 리스트 로드: 5개
2026-08-21 09:57:56.935 [session=000416] [INFO] [MainThread] 호출벨 목록 동일 - UI 재생성 생략
2026-08-21 09:57:56.935 [session=000416] [INFO] [MainThread] 호출벨용 용도 목록 로드 요청
2026-08-21 09:57:56.935 [session=000416] [INFO] [MainThread] 호출벨에 용도 목록 전달: 2개
2026-08-21 09:57:56.936 [session=000416] [INFO] [MainThread] 용도 목록 로드: 2개
2026-08-21 09:57:56.936 [session=000416] [INFO] [MainThread] 목적지 목록 로드: 5개
2026-08-21 09:57:56.936 [session=000416] [INFO] [MainThread] 호출벨 관리에 목적지 목록 전달: 5개
2026-08-21 09:57:56.938 [session=000416] [INFO] [MainThread] My IP : 192.168.104.212
2026-08-21 09:57:57.096 [session=000416] [INFO] [ThreadPoolExecutor-8_0] 순차 이동 설정 저장 완료: /home/dentium/robot_GUIs/app/config/sequential_move.json
2026-08-21 09:57:58.146 [session=000416] [INFO] [SSE-SSE_BATTERY_LOW_SHUTDOWN] [SSE_DIAG] connect attempt tag=SSE_BATTERY_LOW_SHUTDOWN, reconnect=28, url=http://localhost:8080/robot_ec2b/events/battery/low_shutdown
2026-08-21 09:57:58.168 [session=000416] [INFO] [SSE-SSE_BATTERY_LOW_SHUTDOWN] [SSE_DIAG] connected tag=SSE_BATTERY_LOW_SHUTDOWN, status=404, reason=Not Found, elapsed=0.02s, content_type=application/json, url=http://localhost:8080/robot_ec2b/events/battery/low_shutdown
2026-08-21 09:57:58.171 [session=000416] [ERROR] [SSE-SSE_BATTERY_LOW_SHUTDOWN] [SSE_DIAG] non-200 response tag=SSE_BATTERY_LOW_SHUTDOWN, status=404, reason=Not Found, url=http://localhost:8080/robot_ec2b/events/battery/low_shutdown
2026-08-21 09:57:58.173 [session=000416] [INFO] [SSE-SSE_BATTERY_LOW_SHUTDOWN] [SSE_DIAG] reconnect wait tag=SSE_BATTERY_LOW_SHUTDOWN, delay=10s, reconnect=29, reason=HTTP 404, url=http://localhost:8080/robot_ec2b/events/battery/low_shutdown
2026-08-21 09:57:59.395 [session=000416] [INFO] [MainThread] [MAIN_THREAD_HEARTBEAT] GUI main thread alive: thread=MainThread
2026-08-21 09:58:04.393 [session=000416] [INFO] [MainThread] [MAIN_THREAD_HEARTBEAT] GUI main thread alive: thread=MainThread
2026-08-21 09:58:06.901 [session=000416] [DEBUG] [RestApiThread] GetCallBellFromRESTAPI 요청 시작
2026-08-21 09:58:06.903 [session=000416] [DEBUG] [RestApiThread] _get_data: 요청 시작 - tag: REST_API_TAG.GET_CALLBELL, url: http://localhost:8080/robot_ec2b/callbell
2026-08-21 09:58:06.904 [session=000416] [DEBUG] [RestApiThread] _get_data: 요청 전송 완료 - tag: REST_API_TAG.GET_CALLBELL, timeout: 30000ms
2026-08-21 09:58:06.913 [session=000416] [INFO] [MainThread] model_manager set_destinations: unchanged (5 items) - emit skipped
2026-08-21 09:58:06.917 [session=000416] [INFO] [MainThread] 홈 위치 수신: (3.12, 1.10)
2026-08-21 09:58:06.918 [session=000416] [INFO] [MainThread] 홈 위치 표시 업데이트: (894.0, 100.9)
2026-08-21 09:58:06.922 [session=000416] [INFO] [MainThread]   홈 위치 서버 → 픽셀 좌표로 변환 및 UI 업데이트: (894.0, 100.9)
2026-08-21 09:58:06.925 [session=000416] [DEBUG] [RestApiThread] _handle_response 호출됨 - tag: REST_API_TAG.GET_CALLBELL, status_code: 200
2026-08-21 09:58:06.928 [session=000416] [INFO] [ThreadPoolExecutor-5_0] 호출벨 데이터 수신: 5개
2026-08-21 09:58:06.929 [session=000416] [INFO] [RestApiThread] _handle_response (CYCLIC 정상) - tag: REST_API_TAG.GET_MASTER_IP_ADDRESS, status: 200, pending→0
2026-08-21 09:58:06.930 [session=000416] [INFO] [MainThread] 호출벨-목적지 동기화 완료: 5개 호출벨
2026-08-21 09:58:06.931 [session=000416] [INFO] [MainThread] 목적지 리스트 반환: destinations=[Destination(name='로비', goal_pose=Pose(x=4.241336459631034, y=-2.361104203714551, qw=0.5097087478206948, qz=0.8603470185890456), bell=Bells(treatment='', suction='64012cd7'), idx=0, color='#e53935'), Destination(name='수술실', goal_pose=Pose(x=4.5199271819089395, y=-3.9219605026851503, qw=0.14533446519134308, qz=-0.9893825818294691), bell=Bells(treatment='', suction='64132cd7'), idx=1, color='#e53935'), Destination(name='진료실', goal_pose=Pose(x=0.11980823444488001, y=-3.735511450600503, qw=0.9963649848510123, qz=0.0851869530083222), bell=Bells(treatment='', suction='64252cd7'), idx=2, color='#e53935'), Destination(name='창고', goal_pose=Pose(x=0.2834625688692579, y=-6.793061814598156, qw=0.5257961572167338, qz=0.850610604834031), bell=Bells(treatment='', suction='64372cd7'), idx=3, color='#e53935'), Destination(name='소독실', goal_pose=Pose(x=-3.4045695907217928, y=-7.611793760201744, qw=0.546869706461766, qz=0.8372177280459497), bell=Bells(treatment='', suction='64492cd7'), idx=4, color='#e53935')]
2026-08-21 09:58:06.931 [session=000416] [INFO] [MainThread] 호출벨 리스트 반환: callbells={'64012cd7': {'name': '호출벨 1', 'usage': 'suction', 'destination': '로비'}, '64132cd7': {'name': '호출벨 2', 'usage': 'suction', 'destination': '수술실'}, '64252cd7': {'name': '호출벨 3', 'usage': 'suction', 'destination': '진료실'}, '64372cd7': {'name': '호출벨 4', 'usage': 'suction', 'destination': '창고'}, '64492cd7': {'name': '호출벨 5', 'usage': 'suction', 'destination': '소독실'}}, robot_usages=['treatment', 'suction']
2026-08-21 09:58:06.931 [session=000416] [INFO] [MainThread] 호출벨 리스트 로드: 5개
2026-08-21 09:58:06.933 [session=000416] [INFO] [MainThread] 호출벨 목록 동일 - UI 재생성 생략
2026-08-21 09:58:06.933 [session=000416] [INFO] [MainThread] 호출벨용 용도 목록 로드 요청
2026-08-21 09:58:06.934 [session=000416] [INFO] [MainThread] 호출벨에 용도 목록 전달: 2개
2026-08-21 09:58:06.934 [session=000416] [INFO] [MainThread] 용도 목록 로드: 2개
2026-08-21 09:58:06.936 [session=000416] [INFO] [MainThread] 목적지 목록 로드: 5개
2026-08-21 09:58:06.936 [session=000416] [INFO] [MainThread] 호출벨 관리에 목적지 목록 전달: 5개
2026-08-21 09:58:06.937 [session=000416] [INFO] [MainThread] My IP : 192.168.104.212
2026-08-21 09:58:07.098 [session=000416] [INFO] [ThreadPoolExecutor-8_0] 순차 이동 설정 저장 완료: /home/dentium/robot_GUIs/app/config/sequential_move.json
2026-08-21 09:58:08.174 [session=000416] [INFO] [SSE-SSE_BATTERY_LOW_SHUTDOWN] [SSE_DIAG] connect attempt tag=SSE_BATTERY_LOW_SHUTDOWN, reconnect=29, url=http://localhost:8080/robot_ec2b/events/battery/low_shutdown
2026-08-21 09:58:08.206 [session=000416] [INFO] [SSE-SSE_BATTERY_LOW_SHUTDOWN] [SSE_DIAG] connected tag=SSE_BATTERY_LOW_SHUTDOWN, status=404, reason=Not Found, elapsed=0.03s, content_type=application/json, url=http://localhost:8080/robot_ec2b/events/battery/low_shutdown
2026-08-21 09:58:08.207 [session=000416] [ERROR] [SSE-SSE_BATTERY_LOW_SHUTDOWN] [SSE_DIAG] non-200 response tag=SSE_BATTERY_LOW_SHUTDOWN, status=404, reason=Not Found, url=http://localhost:8080/robot_ec2b/events/battery/low_shutdown
2026-08-21 09:58:08.209 [session=000416] [INFO] [SSE-SSE_BATTERY_LOW_SHUTDOWN] [SSE_DIAG] reconnect wait tag=SSE_BATTERY_LOW_SHUTDOWN, delay=10s, reconnect=30, reason=HTTP 404, url=http://localhost:8080/robot_ec2b/events/battery/low_shutdown
2026-08-21 09:58:09.395 [session=000416] [INFO] [MainThread] [MAIN_THREAD_HEARTBEAT] GUI main thread alive: thread=MainThread
2026-08-21 09:58:14.397 [session=000416] [INFO] [MainThread] [MAIN_THREAD_HEARTBEAT] GUI main thread alive: thread=MainThread
2026-08-21 09:58:16.910 [session=000416] [DEBUG] [RestApiThread] GetCallBellFromRESTAPI 요청 시작
2026-08-21 09:58:16.913 [session=000416] [DEBUG] [RestApiThread] _get_data: 요청 시작 - tag: REST_API_TAG.GET_CALLBELL, url: http://localhost:8080/robot_ec2b/callbell
2026-08-21 09:58:16.914 [session=000416] [DEBUG] [RestApiThread] _get_data: 요청 전송 완료 - tag: REST_API_TAG.GET_CALLBELL, timeout: 30000ms
2026-08-21 09:58:16.927 [session=000416] [INFO] [RestApiThread] _handle_response (CYCLIC 정상) - tag: REST_API_TAG.GET_DESTINATIONS, status: 200, pending→3
2026-08-21 09:58:16.929 [session=000416] [INFO] [MainThread] model_manager set_destinations: unchanged (5 items) - emit skipped
2026-08-21 09:58:16.932 [session=000416] [INFO] [MainThread] 홈 위치 수신: (3.12, 1.10)
2026-08-21 09:58:16.933 [session=000416] [INFO] [MainThread] 홈 위치 표시 업데이트: (894.0, 100.9)
2026-08-21 09:58:16.936 [session=000416] [INFO] [MainThread]   홈 위치 서버 → 픽셀 좌표로 변환 및 UI 업데이트: (894.0, 100.9)
2026-08-21 09:58:16.944 [session=000416] [DEBUG] [RestApiThread] _handle_response 호출됨 - tag: REST_API_TAG.GET_CALLBELL, status_code: 200
2026-08-21 09:58:16.945 [session=000416] [INFO] [ThreadPoolExecutor-5_0] 호출벨 데이터 수신: 5개
2026-08-21 09:58:16.947 [session=000416] [INFO] [MainThread] 호출벨-목적지 동기화 완료: 5개 호출벨
2026-08-21 09:58:16.947 [session=000416] [INFO] [MainThread] 목적지 리스트 반환: destinations=[Destination(name='로비', goal_pose=Pose(x=4.241336459631034, y=-2.361104203714551, qw=0.5097087478206948, qz=0.8603470185890456), bell=Bells(treatment='', suction='64012cd7'), idx=0, color='#e53935'), Destination(name='수술실', goal_pose=Pose(x=4.5199271819089395, y=-3.9219605026851503, qw=0.14533446519134308, qz=-0.9893825818294691), bell=Bells(treatment='', suction='64132cd7'), idx=1, color='#e53935'), Destination(name='진료실', goal_pose=Pose(x=0.11980823444488001, y=-3.735511450600503, qw=0.9963649848510123, qz=0.0851869530083222), bell=Bells(treatment='', suction='64252cd7'), idx=2, color='#e53935'), Destination(name='창고', goal_pose=Pose(x=0.2834625688692579, y=-6.793061814598156, qw=0.5257961572167338, qz=0.850610604834031), bell=Bells(treatment='', suction='64372cd7'), idx=3, color='#e53935'), Destination(name='소독실', goal_pose=Pose(x=-3.4045695907217928, y=-7.611793760201744, qw=0.546869706461766, qz=0.8372177280459497), bell=Bells(treatment='', suction='64492cd7'), idx=4, color='#e53935')]
2026-08-21 09:58:16.948 [session=000416] [INFO] [MainThread] 호출벨 리스트 반환: callbells={'64012cd7': {'name': '호출벨 1', 'usage': 'suction', 'destination': '로비'}, '64132cd7': {'name': '호출벨 2', 'usage': 'suction', 'destination': '수술실'}, '64252cd7': {'name': '호출벨 3', 'usage': 'suction', 'destination': '진료실'}, '64372cd7': {'name': '호출벨 4', 'usage': 'suction', 'destination': '창고'}, '64492cd7': {'name': '호출벨 5', 'usage': 'suction', 'destination': '소독실'}}, robot_usages=['treatment', 'suction']
2026-08-21 09:58:16.949 [session=000416] [INFO] [MainThread] 호출벨 리스트 로드: 5개
2026-08-21 09:58:16.949 [session=000416] [INFO] [MainThread] 호출벨 목록 동일 - UI 재생성 생략
2026-08-21 09:58:16.950 [session=000416] [INFO] [MainThread] 호출벨용 용도 목록 로드 요청
2026-08-21 09:58:16.950 [session=000416] [INFO] [MainThread] 호출벨에 용도 목록 전달: 2개
2026-08-21 09:58:16.950 [session=000416] [INFO] [MainThread] 용도 목록 로드: 2개
2026-08-21 09:58:16.951 [session=000416] [INFO] [MainThread] 목적지 목록 로드: 5개
2026-08-21 09:58:16.951 [session=000416] [INFO] [MainThread] 호출벨 관리에 목적지 목록 전달: 5개
2026-08-21 09:58:16.956 [session=000416] [INFO] [MainThread] My IP : 192.168.104.212
2026-08-21 09:58:17.120 [session=000416] [INFO] [ThreadPoolExecutor-8_0] 순차 이동 설정 저장 완료: /home/dentium/robot_GUIs/app/config/sequential_move.json
2026-08-21 09:58:18.210 [session=000416] [INFO] [SSE-SSE_BATTERY_LOW_SHUTDOWN] [SSE_DIAG] connect attempt tag=SSE_BATTERY_LOW_SHUTDOWN, reconnect=30, url=http://localhost:8080/robot_ec2b/events/battery/low_shutdown
2026-08-21 09:58:18.230 [session=000416] [INFO] [SSE-SSE_BATTERY_LOW_SHUTDOWN] [SSE_DIAG] connected tag=SSE_BATTERY_LOW_SHUTDOWN, status=404, reason=Not Found, elapsed=0.02s, content_type=application/json, url=http://localhost:8080/robot_ec2b/events/battery/low_shutdown
2026-08-21 09:58:18.232 [session=000416] [ERROR] [SSE-SSE_BATTERY_LOW_SHUTDOWN] [SSE_DIAG] non-200 response tag=SSE_BATTERY_LOW_SHUTDOWN, status=404, reason=Not Found, url=http://localhost:8080/robot_ec2b/events/battery/low_shutdown
2026-08-21 09:58:18.233 [session=000416] [INFO] [SSE-SSE_BATTERY_LOW_SHUTDOWN] [SSE_DIAG] reconnect wait tag=SSE_BATTERY_LOW_SHUTDOWN, delay=10s, reconnect=31, reason=HTTP 404, url=http://localhost:8080/robot_ec2b/events/battery/low_shutdown
2026-08-21 09:58:19.397 [session=000416] [INFO] [MainThread] [MAIN_THREAD_HEARTBEAT] GUI main thread alive: thread=MainThread
2026-08-21 09:58:24.394 [session=000416] [INFO] [MainThread] [MAIN_THREAD_HEARTBEAT] GUI main thread alive: thread=MainThread
2026-08-21 09:58:26.902 [session=000416] [DEBUG] [RestApiThread] GetCallBellFromRESTAPI 요청 시작
2026-08-21 09:58:26.904 [session=000416] [DEBUG] [RestApiThread] _get_data: 요청 시작 - tag: REST_API_TAG.GET_CALLBELL, url: http://localhost:8080/robot_ec2b/callbell
2026-08-21 09:58:26.905 [session=000416] [DEBUG] [RestApiThread] _get_data: 요청 전송 완료 - tag: REST_API_TAG.GET_CALLBELL, timeout: 30000ms
2026-08-21 09:58:26.910 [session=000416] [INFO] [MainThread] model_manager set_destinations: unchanged (5 items) - emit skipped
2026-08-21 09:58:26.912 [session=000416] [INFO] [MainThread] My IP : 192.168.104.212
2026-08-21 09:58:26.915 [session=000416] [INFO] [browser-music-sync_0] [BROWSER_MUSIC_SYNC] event=catalog_fetch_started master_base_url=http://127.0.0.1:5051
2026-08-21 09:58:26.924 [session=000416] [INFO] [MainThread] 홈 위치 수신: (3.12, 1.10)
2026-08-21 09:58:26.925 [session=000416] [INFO] [MainThread] 홈 위치 표시 업데이트: (894.0, 100.9)
2026-08-21 09:58:26.929 [session=000416] [INFO] [MainThread]   홈 위치 서버 → 픽셀 좌표로 변환 및 UI 업데이트: (894.0, 100.9)
2026-08-21 09:58:26.929 [session=000416] [DEBUG] [RestApiThread] _handle_response 호출됨 - tag: REST_API_TAG.GET_CALLBELL, status_code: 200
2026-08-21 09:58:26.931 [session=000416] [INFO] [ThreadPoolExecutor-5_1] 호출벨 데이터 수신: 5개
2026-08-21 09:58:26.934 [session=000416] [INFO] [MainThread] 호출벨-목적지 동기화 완료: 5개 호출벨
2026-08-21 09:58:26.935 [session=000416] [INFO] [MainThread] 목적지 리스트 반환: destinations=[Destination(name='로비', goal_pose=Pose(x=4.241336459631034, y=-2.361104203714551, qw=0.5097087478206948, qz=0.8603470185890456), bell=Bells(treatment='', suction='64012cd7'), idx=0, color='#e53935'), Destination(name='수술실', goal_pose=Pose(x=4.5199271819089395, y=-3.9219605026851503, qw=0.14533446519134308, qz=-0.9893825818294691), bell=Bells(treatment='', suction='64132cd7'), idx=1, color='#e53935'), Destination(name='진료실', goal_pose=Pose(x=0.11980823444488001, y=-3.735511450600503, qw=0.9963649848510123, qz=0.0851869530083222), bell=Bells(treatment='', suction='64252cd7'), idx=2, color='#e53935'), Destination(name='창고', goal_pose=Pose(x=0.2834625688692579, y=-6.793061814598156, qw=0.5257961572167338, qz=0.850610604834031), bell=Bells(treatment='', suction='64372cd7'), idx=3, color='#e53935'), Destination(name='소독실', goal_pose=Pose(x=-3.4045695907217928, y=-7.611793760201744, qw=0.546869706461766, qz=0.8372177280459497), bell=Bells(treatment='', suction='64492cd7'), idx=4, color='#e53935')]
2026-08-21 09:58:26.937 [session=000416] [INFO] [MainThread] 호출벨 리스트 반환: callbells={'64012cd7': {'name': '호출벨 1', 'usage': 'suction', 'destination': '로비'}, '64132cd7': {'name': '호출벨 2', 'usage': 'suction', 'destination': '수술실'}, '64252cd7': {'name': '호출벨 3', 'usage': 'suction', 'destination': '진료실'}, '64372cd7': {'name': '호출벨 4', 'usage': 'suction', 'destination': '창고'}, '64492cd7': {'name': '호출벨 5', 'usage': 'suction', 'destination': '소독실'}}, robot_usages=['treatment', 'suction']
2026-08-21 09:58:26.937 [session=000416] [INFO] [MainThread] 호출벨 리스트 로드: 5개
2026-08-21 09:58:26.937 [session=000416] [INFO] [MainThread] 호출벨 목록 동일 - UI 재생성 생략
2026-08-21 09:58:26.938 [session=000416] [INFO] [MainThread] 호출벨용 용도 목록 로드 요청
2026-08-21 09:58:26.938 [session=000416] [INFO] [MainThread] 호출벨에 용도 목록 전달: 2개
2026-08-21 09:58:26.938 [session=000416] [INFO] [MainThread] 용도 목록 로드: 2개
2026-08-21 09:58:26.939 [session=000416] [INFO] [MainThread] 목적지 목록 로드: 5개
2026-08-21 09:58:26.939 [session=000416] [INFO] [MainThread] 호출벨 관리에 목적지 목록 전달: 5개
2026-08-21 09:58:26.966 [session=000416] [INFO] [browser-music-sync_0] [BROWSER_MUSIC_SYNC] event=catalog_fetch_succeeded master_base_url=http://127.0.0.1:5051 item_count=3
2026-08-21 09:58:26.975 [session=000416] [INFO] [RestApiThread] [REST API] 배경 음악 GET 전송: operation=selection_get, url=http://127.0.0.1:5051/api/voice-event-settings/background-music?robot_id=robot_ec2b
2026-08-21 09:58:26.976 [session=000416] [INFO] [RestApiThread] [REST API] 배경 음악 GET 전송: operation=resolved_get, url=http://127.0.0.1:5051/api/voice-event-settings/resolved?robot_id=robot_ec2b
2026-08-21 09:58:27.004 [session=000416] [DEBUG] [RestApiThread] _handle_response 호출됨 - tag: REST_API_TAG.GET_BACKGROUND_MUSIC_SETTING, status_code: 200
2026-08-21 09:58:27.006 [session=000416] [DEBUG] [RestApiThread] _handle_response 호출됨 - tag: REST_API_TAG.GET_RESOLVED_BACKGROUND_MUSIC, status_code: 200
2026-08-21 09:58:27.121 [session=000416] [INFO] [ThreadPoolExecutor-8_0] 순차 이동 설정 저장 완료: /home/dentium/robot_GUIs/app/config/sequential_move.json
2026-08-21 09:58:28.235 [session=000416] [INFO] [SSE-SSE_BATTERY_LOW_SHUTDOWN] [SSE_DIAG] connect attempt tag=SSE_BATTERY_LOW_SHUTDOWN, reconnect=31, url=http://localhost:8080/robot_ec2b/events/battery/low_shutdown
2026-08-21 09:58:28.253 [session=000416] [INFO] [SSE-SSE_BATTERY_LOW_SHUTDOWN] [SSE_DIAG] connected tag=SSE_BATTERY_LOW_SHUTDOWN, status=404, reason=Not Found, elapsed=0.02s, content_type=application/json, url=http://localhost:8080/robot_ec2b/events/battery/low_shutdown
2026-08-21 09:58:28.254 [session=000416] [ERROR] [SSE-SSE_BATTERY_LOW_SHUTDOWN] [SSE_DIAG] non-200 response tag=SSE_BATTERY_LOW_SHUTDOWN, status=404, reason=Not Found, url=http://localhost:8080/robot_ec2b/events/battery/low_shutdown
2026-08-21 09:58:28.257 [session=000416] [INFO] [SSE-SSE_BATTERY_LOW_SHUTDOWN] [SSE_DIAG] reconnect wait tag=SSE_BATTERY_LOW_SHUTDOWN, delay=10s, reconnect=32, reason=HTTP 404, url=http://localhost:8080/robot_ec2b/events/battery/low_shutdown
2026-08-21 09:58:29.394 [session=000416] [INFO] [MainThread] [MAIN_THREAD_HEARTBEAT] GUI main thread alive: thread=MainThread
2026-08-21 09:58:34.394 [session=000416] [INFO] [MainThread] [MAIN_THREAD_HEARTBEAT] GUI main thread alive: thread=MainThread
2026-08-21 09:58:36.904 [session=000416] [DEBUG] [RestApiThread] GetCallBellFromRESTAPI 요청 시작
2026-08-21 09:58:36.911 [session=000416] [DEBUG] [RestApiThread] _get_data: 요청 시작 - tag: REST_API_TAG.GET_CALLBELL, url: http://localhost:8080/robot_ec2b/callbell
2026-08-21 09:58:36.912 [session=000416] [DEBUG] [RestApiThread] _get_data: 요청 전송 완료 - tag: REST_API_TAG.GET_CALLBELL, timeout: 30000ms
2026-08-21 09:58:36.924 [session=000416] [DEBUG] [RestApiThread] _handle_response 호출됨 - tag: REST_API_TAG.GET_CALLBELL, status_code: 200
2026-08-21 09:58:36.925 [session=000416] [INFO] [MainThread] model_manager set_destinations: unchanged (5 items) - emit skipped
2026-08-21 09:58:36.926 [session=000416] [INFO] [ThreadPoolExecutor-5_0] 호출벨 데이터 수신: 5개
2026-08-21 09:58:36.928 [session=000416] [INFO] [MainThread] 홈 위치 수신: (3.12, 1.10)
2026-08-21 09:58:36.928 [session=000416] [INFO] [MainThread] 홈 위치 표시 업데이트: (894.0, 100.9)
2026-08-21 09:58:36.931 [session=000416] [INFO] [MainThread]   홈 위치 서버 → 픽셀 좌표로 변환 및 UI 업데이트: (894.0, 100.9)
2026-08-21 09:58:36.934 [session=000416] [INFO] [MainThread] 호출벨-목적지 동기화 완료: 5개 호출벨
2026-08-21 09:58:36.935 [session=000416] [INFO] [MainThread] 목적지 리스트 반환: destinations=[Destination(name='로비', goal_pose=Pose(x=4.241336459631034, y=-2.361104203714551, qw=0.5097087478206948, qz=0.8603470185890456), bell=Bells(treatment='', suction='64012cd7'), idx=0, color='#e53935'), Destination(name='수술실', goal_pose=Pose(x=4.5199271819089395, y=-3.9219605026851503, qw=0.14533446519134308, qz=-0.9893825818294691), bell=Bells(treatment='', suction='64132cd7'), idx=1, color='#e53935'), Destination(name='진료실', goal_pose=Pose(x=0.11980823444488001, y=-3.735511450600503, qw=0.9963649848510123, qz=0.0851869530083222), bell=Bells(treatment='', suction='64252cd7'), idx=2, color='#e53935'), Destination(name='창고', goal_pose=Pose(x=0.2834625688692579, y=-6.793061814598156, qw=0.5257961572167338, qz=0.850610604834031), bell=Bells(treatment='', suction='64372cd7'), idx=3, color='#e53935'), Destination(name='소독실', goal_pose=Pose(x=-3.4045695907217928, y=-7.611793760201744, qw=0.546869706461766, qz=0.8372177280459497), bell=Bells(treatment='', suction='64492cd7'), idx=4, color='#e53935')]
2026-08-21 09:58:36.936 [session=000416] [INFO] [MainThread] 호출벨 리스트 반환: callbells={'64012cd7': {'name': '호출벨 1', 'usage': 'suction', 'destination': '로비'}, '64132cd7': {'name': '호출벨 2', 'usage': 'suction', 'destination': '수술실'}, '64252cd7': {'name': '호출벨 3', 'usage': 'suction', 'destination': '진료실'}, '64372cd7': {'name': '호출벨 4', 'usage': 'suction', 'destination': '창고'}, '64492cd7': {'name': '호출벨 5', 'usage': 'suction', 'destination': '소독실'}}, robot_usages=['treatment', 'suction']
2026-08-21 09:58:36.936 [session=000416] [INFO] [MainThread] 호출벨 리스트 로드: 5개
2026-08-21 09:58:36.937 [session=000416] [INFO] [MainThread] 호출벨 목록 동일 - UI 재생성 생략
2026-08-21 09:58:36.937 [session=000416] [INFO] [MainThread] 호출벨용 용도 목록 로드 요청
2026-08-21 09:58:36.937 [session=000416] [INFO] [MainThread] 호출벨에 용도 목록 전달: 2개
2026-08-21 09:58:36.937 [session=000416] [INFO] [MainThread] 용도 목록 로드: 2개
2026-08-21 09:58:36.938 [session=000416] [INFO] [MainThread] 목적지 목록 로드: 5개
2026-08-21 09:58:36.938 [session=000416] [INFO] [MainThread] 호출벨 관리에 목적지 목록 전달: 5개
2026-08-21 09:58:36.938 [session=000416] [INFO] [MainThread] My IP : 192.168.104.212
2026-08-21 09:58:37.121 [session=000416] [INFO] [ThreadPoolExecutor-8_0] 순차 이동 설정 저장 완료: /home/dentium/robot_GUIs/app/config/sequential_move.json
2026-08-21 09:58:38.260 [session=000416] [INFO] [SSE-SSE_BATTERY_LOW_SHUTDOWN] [SSE_DIAG] connect attempt tag=SSE_BATTERY_LOW_SHUTDOWN, reconnect=32, url=http://localhost:8080/robot_ec2b/events/battery/low_shutdown
2026-08-21 09:58:38.277 [session=000416] [INFO] [SSE-SSE_BATTERY_LOW_SHUTDOWN] [SSE_DIAG] connected tag=SSE_BATTERY_LOW_SHUTDOWN, status=404, reason=Not Found, elapsed=0.02s, content_type=application/json, url=http://localhost:8080/robot_ec2b/events/battery/low_shutdown
2026-08-21 09:58:38.278 [session=000416] [ERROR] [SSE-SSE_BATTERY_LOW_SHUTDOWN] [SSE_DIAG] non-200 response tag=SSE_BATTERY_LOW_SHUTDOWN, status=404, reason=Not Found, url=http://localhost:8080/robot_ec2b/events/battery/low_shutdown
2026-08-21 09:58:38.280 [session=000416] [INFO] [SSE-SSE_BATTERY_LOW_SHUTDOWN] [SSE_DIAG] reconnect wait tag=SSE_BATTERY_LOW_SHUTDOWN, delay=10s, reconnect=33, reason=HTTP 404, url=http://localhost:8080/robot_ec2b/events/battery/low_shutdown
2026-08-21 09:58:39.396 [session=000416] [INFO] [MainThread] [MAIN_THREAD_HEARTBEAT] GUI main thread alive: thread=MainThread
2026-08-21 09:58:44.397 [session=000416] [INFO] [MainThread] [MAIN_THREAD_HEARTBEAT] GUI main thread alive: thread=MainThread
2026-08-21 09:58:46.904 [session=000416] [DEBUG] [RestApiThread] GetCallBellFromRESTAPI 요청 시작
2026-08-21 09:58:46.906 [session=000416] [DEBUG] [RestApiThread] _get_data: 요청 시작 - tag: REST_API_TAG.GET_CALLBELL, url: http://localhost:8080/robot_ec2b/callbell
2026-08-21 09:58:46.906 [session=000416] [DEBUG] [RestApiThread] _get_data: 요청 전송 완료 - tag: REST_API_TAG.GET_CALLBELL, timeout: 30000ms
2026-08-21 09:58:46.919 [session=000416] [INFO] [MainThread] model_manager set_destinations: unchanged (5 items) - emit skipped
2026-08-21 09:58:46.929 [session=000416] [INFO] [MainThread] 홈 위치 수신: (3.12, 1.10)
2026-08-21 09:58:46.931 [session=000416] [INFO] [MainThread] 홈 위치 표시 업데이트: (894.0, 100.9)
2026-08-21 09:58:46.937 [session=000416] [INFO] [MainThread]   홈 위치 서버 → 픽셀 좌표로 변환 및 UI 업데이트: (894.0, 100.9)
2026-08-21 09:58:46.943 [session=000416] [DEBUG] [RestApiThread] _handle_response 호출됨 - tag: REST_API_TAG.GET_CALLBELL, status_code: 200
2026-08-21 09:58:46.944 [session=000416] [INFO] [ThreadPoolExecutor-5_1] 호출벨 데이터 수신: 5개
2026-08-21 09:58:46.946 [session=000416] [INFO] [MainThread] 호출벨-목적지 동기화 완료: 5개 호출벨
2026-08-21 09:58:46.948 [session=000416] [INFO] [MainThread] 목적지 리스트 반환: destinations=[Destination(name='로비', goal_pose=Pose(x=4.241336459631034, y=-2.361104203714551, qw=0.5097087478206948, qz=0.8603470185890456), bell=Bells(treatment='', suction='64012cd7'), idx=0, color='#e53935'), Destination(name='수술실', goal_pose=Pose(x=4.5199271819089395, y=-3.9219605026851503, qw=0.14533446519134308, qz=-0.9893825818294691), bell=Bells(treatment='', suction='64132cd7'), idx=1, color='#e53935'), Destination(name='진료실', goal_pose=Pose(x=0.11980823444488001, y=-3.735511450600503, qw=0.9963649848510123, qz=0.0851869530083222), bell=Bells(treatment='', suction='64252cd7'), idx=2, color='#e53935'), Destination(name='창고', goal_pose=Pose(x=0.2834625688692579, y=-6.793061814598156, qw=0.5257961572167338, qz=0.850610604834031), bell=Bells(treatment='', suction='64372cd7'), idx=3, color='#e53935'), Destination(name='소독실', goal_pose=Pose(x=-3.4045695907217928, y=-7.611793760201744, qw=0.546869706461766, qz=0.8372177280459497), bell=Bells(treatment='', suction='64492cd7'), idx=4, color='#e53935')]
2026-08-21 09:58:46.949 [session=000416] [INFO] [MainThread] 호출벨 리스트 반환: callbells={'64012cd7': {'name': '호출벨 1', 'usage': 'suction', 'destination': '로비'}, '64132cd7': {'name': '호출벨 2', 'usage': 'suction', 'destination': '수술실'}, '64252cd7': {'name': '호출벨 3', 'usage': 'suction', 'destination': '진료실'}, '64372cd7': {'name': '호출벨 4', 'usage': 'suction', 'destination': '창고'}, '64492cd7': {'name': '호출벨 5', 'usage': 'suction', 'destination': '소독실'}}, robot_usages=['treatment', 'suction']
2026-08-21 09:58:46.950 [session=000416] [INFO] [MainThread] 호출벨 리스트 로드: 5개
2026-08-21 09:58:46.950 [session=000416] [INFO] [MainThread] 호출벨 목록 동일 - UI 재생성 생략
2026-08-21 09:58:46.950 [session=000416] [INFO] [MainThread] 호출벨용 용도 목록 로드 요청
2026-08-21 09:58:46.950 [session=000416] [INFO] [MainThread] 호출벨에 용도 목록 전달: 2개
2026-08-21 09:58:46.951 [session=000416] [INFO] [MainThread] 용도 목록 로드: 2개
2026-08-21 09:58:46.951 [session=000416] [INFO] [MainThread] 목적지 목록 로드: 5개
2026-08-21 09:58:46.951 [session=000416] [INFO] [MainThread] 호출벨 관리에 목적지 목록 전달: 5개
2026-08-21 09:58:46.952 [session=000416] [INFO] [MainThread] My IP : 192.168.104.212
2026-08-21 09:58:47.122 [session=000416] [INFO] [ThreadPoolExecutor-8_0] 순차 이동 설정 저장 완료: /home/dentium/robot_GUIs/app/config/sequential_move.json
2026-08-21 09:58:48.282 [session=000416] [INFO] [SSE-SSE_BATTERY_LOW_SHUTDOWN] [SSE_DIAG] connect attempt tag=SSE_BATTERY_LOW_SHUTDOWN, reconnect=33, url=http://localhost:8080/robot_ec2b/events/battery/low_shutdown
2026-08-21 09:58:48.294 [session=000416] [INFO] [SSE-SSE_BATTERY_LOW_SHUTDOWN] [SSE_DIAG] connected tag=SSE_BATTERY_LOW_SHUTDOWN, status=404, reason=Not Found, elapsed=0.01s, content_type=application/json, url=http://localhost:8080/robot_ec2b/events/battery/low_shutdown
2026-08-21 09:58:48.296 [session=000416] [ERROR] [SSE-SSE_BATTERY_LOW_SHUTDOWN] [SSE_DIAG] non-200 response tag=SSE_BATTERY_LOW_SHUTDOWN, status=404, reason=Not Found, url=http://localhost:8080/robot_ec2b/events/battery/low_shutdown
2026-08-21 09:58:48.298 [session=000416] [INFO] [SSE-SSE_BATTERY_LOW_SHUTDOWN] [SSE_DIAG] reconnect wait tag=SSE_BATTERY_LOW_SHUTDOWN, delay=10s, reconnect=34, reason=HTTP 404, url=http://localhost:8080/robot_ec2b/events/battery/low_shutdown
2026-08-21 09:58:49.394 [session=000416] [INFO] [MainThread] [MAIN_THREAD_HEARTBEAT] GUI main thread alive: thread=MainThread
2026-08-21 09:58:54.396 [session=000416] [INFO] [MainThread] [MAIN_THREAD_HEARTBEAT] GUI main thread alive: thread=MainThread
2026-08-21 09:58:56.898 [session=000416] [DEBUG] [RestApiThread] GetCallBellFromRESTAPI 요청 시작
2026-08-21 09:58:56.903 [session=000416] [DEBUG] [RestApiThread] _get_data: 요청 시작 - tag: REST_API_TAG.GET_CALLBELL, url: http://localhost:8080/robot_ec2b/callbell
2026-08-21 09:58:56.905 [session=000416] [DEBUG] [RestApiThread] _get_data: 요청 전송 완료 - tag: REST_API_TAG.GET_CALLBELL, timeout: 30000ms
2026-08-21 09:58:56.911 [session=000416] [INFO] [MainThread] model_manager set_destinations: unchanged (5 items) - emit skipped
2026-08-21 09:58:56.914 [session=000416] [INFO] [RestApiThread] _handle_response (CYCLIC 정상) - tag: REST_API_TAG.GET_HOME_POSE, status: 200, pending→2
2026-08-21 09:58:56.917 [session=000416] [INFO] [MainThread] 홈 위치 수신: (3.12, 1.10)
2026-08-21 09:58:56.917 [session=000416] [INFO] [MainThread] 홈 위치 표시 업데이트: (894.0, 100.9)
2026-08-21 09:58:56.921 [session=000416] [INFO] [MainThread]   홈 위치 서버 → 픽셀 좌표로 변환 및 UI 업데이트: (894.0, 100.9)
2026-08-21 09:58:56.926 [session=000416] [DEBUG] [RestApiThread] _handle_response 호출됨 - tag: REST_API_TAG.GET_CALLBELL, status_code: 200
2026-08-21 09:58:56.927 [session=000416] [INFO] [ThreadPoolExecutor-5_1] 호출벨 데이터 수신: 5개
2026-08-21 09:58:56.929 [session=000416] [INFO] [MainThread] 호출벨-목적지 동기화 완료: 5개 호출벨
2026-08-21 09:58:56.929 [session=000416] [INFO] [MainThread] 목적지 리스트 반환: destinations=[Destination(name='로비', goal_pose=Pose(x=4.241336459631034, y=-2.361104203714551, qw=0.5097087478206948, qz=0.8603470185890456), bell=Bells(treatment='', suction='64012cd7'), idx=0, color='#e53935'), Destination(name='수술실', goal_pose=Pose(x=4.5199271819089395, y=-3.9219605026851503, qw=0.14533446519134308, qz=-0.9893825818294691), bell=Bells(treatment='', suction='64132cd7'), idx=1, color='#e53935'), Destination(name='진료실', goal_pose=Pose(x=0.11980823444488001, y=-3.735511450600503, qw=0.9963649848510123, qz=0.0851869530083222), bell=Bells(treatment='', suction='64252cd7'), idx=2, color='#e53935'), Destination(name='창고', goal_pose=Pose(x=0.2834625688692579, y=-6.793061814598156, qw=0.5257961572167338, qz=0.850610604834031), bell=Bells(treatment='', suction='64372cd7'), idx=3, color='#e53935'), Destination(name='소독실', goal_pose=Pose(x=-3.4045695907217928, y=-7.611793760201744, qw=0.546869706461766, qz=0.8372177280459497), bell=Bells(treatment='', suction='64492cd7'), idx=4, color='#e53935')]
2026-08-21 09:58:56.930 [session=000416] [INFO] [MainThread] 호출벨 리스트 반환: callbells={'64012cd7': {'name': '호출벨 1', 'usage': 'suction', 'destination': '로비'}, '64132cd7': {'name': '호출벨 2', 'usage': 'suction', 'destination': '수술실'}, '64252cd7': {'name': '호출벨 3', 'usage': 'suction', 'destination': '진료실'}, '64372cd7': {'name': '호출벨 4', 'usage': 'suction', 'destination': '창고'}, '64492cd7': {'name': '호출벨 5', 'usage': 'suction', 'destination': '소독실'}}, robot_usages=['treatment', 'suction']
2026-08-21 09:58:56.930 [session=000416] [INFO] [MainThread] 호출벨 리스트 로드: 5개
2026-08-21 09:58:56.931 [session=000416] [INFO] [MainThread] 호출벨 목록 동일 - UI 재생성 생략
2026-08-21 09:58:56.931 [session=000416] [INFO] [MainThread] 호출벨용 용도 목록 로드 요청
2026-08-21 09:58:56.931 [session=000416] [INFO] [MainThread] 호출벨에 용도 목록 전달: 2개
2026-08-21 09:58:56.932 [session=000416] [INFO] [MainThread] 용도 목록 로드: 2개
2026-08-21 09:58:56.932 [session=000416] [INFO] [MainThread] 목적지 목록 로드: 5개
2026-08-21 09:58:56.932 [session=000416] [INFO] [MainThread] 호출벨 관리에 목적지 목록 전달: 5개
2026-08-21 09:58:56.933 [session=000416] [INFO] [MainThread] My IP : 192.168.104.212
2026-08-21 09:58:57.096 [session=000416] [INFO] [ThreadPoolExecutor-8_0] 순차 이동 설정 저장 완료: /home/dentium/robot_GUIs/app/config/sequential_move.json
2026-08-21 09:58:58.302 [session=000416] [INFO] [SSE-SSE_BATTERY_LOW_SHUTDOWN] [SSE_DIAG] connect attempt tag=SSE_BATTERY_LOW_SHUTDOWN, reconnect=34, url=http://localhost:8080/robot_ec2b/events/battery/low_shutdown
2026-08-21 09:58:58.313 [session=000416] [INFO] [SSE-SSE_BATTERY_LOW_SHUTDOWN] [SSE_DIAG] connected tag=SSE_BATTERY_LOW_SHUTDOWN, status=404, reason=Not Found, elapsed=0.01s, content_type=application/json, url=http://localhost:8080/robot_ec2b/events/battery/low_shutdown
2026-08-21 09:58:58.314 [session=000416] [ERROR] [SSE-SSE_BATTERY_LOW_SHUTDOWN] [SSE_DIAG] non-200 response tag=SSE_BATTERY_LOW_SHUTDOWN, status=404, reason=Not Found, url=http://localhost:8080/robot_ec2b/events/battery/low_shutdown
2026-08-21 09:58:58.316 [session=000416] [INFO] [SSE-SSE_BATTERY_LOW_SHUTDOWN] [SSE_DIAG] reconnect wait tag=SSE_BATTERY_LOW_SHUTDOWN, delay=10s, reconnect=35, reason=HTTP 404, url=http://localhost:8080/robot_ec2b/events/battery/low_shutdown
2026-08-21 09:58:59.394 [session=000416] [INFO] [MainThread] [MAIN_THREAD_HEARTBEAT] GUI main thread alive: thread=MainThread
2026-08-21 09:59:04.401 [session=000416] [INFO] [MainThread] [MAIN_THREAD_HEARTBEAT] GUI main thread alive: thread=MainThread
2026-08-21 09:59:06.900 [session=000416] [DEBUG] [RestApiThread] GetCallBellFromRESTAPI 요청 시작
2026-08-21 09:59:06.908 [session=000416] [DEBUG] [RestApiThread] _get_data: 요청 시작 - tag: REST_API_TAG.GET_CALLBELL, url: http://localhost:8080/robot_ec2b/callbell
2026-08-21 09:59:06.912 [session=000416] [DEBUG] [RestApiThread] _get_data: 요청 전송 완료 - tag: REST_API_TAG.GET_CALLBELL, timeout: 30000ms
2026-08-21 09:59:06.921 [session=000416] [INFO] [MainThread] model_manager set_destinations: unchanged (5 items) - emit skipped
2026-08-21 09:59:06.925 [session=000416] [INFO] [MainThread] 홈 위치 수신: (3.12, 1.10)
2026-08-21 09:59:06.925 [session=000416] [INFO] [MainThread] 홈 위치 표시 업데이트: (894.0, 100.9)
2026-08-21 09:59:06.930 [session=000416] [INFO] [MainThread]   홈 위치 서버 → 픽셀 좌표로 변환 및 UI 업데이트: (894.0, 100.9)
2026-08-21 09:59:06.935 [session=000416] [DEBUG] [RestApiThread] _handle_response 호출됨 - tag: REST_API_TAG.GET_CALLBELL, status_code: 200
2026-08-21 09:59:06.936 [session=000416] [INFO] [ThreadPoolExecutor-5_1] 호출벨 데이터 수신: 5개
2026-08-21 09:59:06.938 [session=000416] [INFO] [MainThread] 호출벨-목적지 동기화 완료: 5개 호출벨
2026-08-21 09:59:06.941 [session=000416] [INFO] [MainThread] 목적지 리스트 반환: destinations=[Destination(name='로비', goal_pose=Pose(x=4.241336459631034, y=-2.361104203714551, qw=0.5097087478206948, qz=0.8603470185890456), bell=Bells(treatment='', suction='64012cd7'), idx=0, color='#e53935'), Destination(name='수술실', goal_pose=Pose(x=4.5199271819089395, y=-3.9219605026851503, qw=0.14533446519134308, qz=-0.9893825818294691), bell=Bells(treatment='', suction='64132cd7'), idx=1, color='#e53935'), Destination(name='진료실', goal_pose=Pose(x=0.11980823444488001, y=-3.735511450600503, qw=0.9963649848510123, qz=0.0851869530083222), bell=Bells(treatment='', suction='64252cd7'), idx=2, color='#e53935'), Destination(name='창고', goal_pose=Pose(x=0.2834625688692579, y=-6.793061814598156, qw=0.5257961572167338, qz=0.850610604834031), bell=Bells(treatment='', suction='64372cd7'), idx=3, color='#e53935'), Destination(name='소독실', goal_pose=Pose(x=-3.4045695907217928, y=-7.611793760201744, qw=0.546869706461766, qz=0.8372177280459497), bell=Bells(treatment='', suction='64492cd7'), idx=4, color='#e53935')]
2026-08-21 09:59:06.942 [session=000416] [INFO] [MainThread] 호출벨 리스트 반환: callbells={'64012cd7': {'name': '호출벨 1', 'usage': 'suction', 'destination': '로비'}, '64132cd7': {'name': '호출벨 2', 'usage': 'suction', 'destination': '수술실'}, '64252cd7': {'name': '호출벨 3', 'usage': 'suction', 'destination': '진료실'}, '64372cd7': {'name': '호출벨 4', 'usage': 'suction', 'destination': '창고'}, '64492cd7': {'name': '호출벨 5', 'usage': 'suction', 'destination': '소독실'}}, robot_usages=['treatment', 'suction']
2026-08-21 09:59:06.944 [session=000416] [INFO] [MainThread] 호출벨 리스트 로드: 5개
2026-08-21 09:59:06.944 [session=000416] [INFO] [MainThread] 호출벨 목록 동일 - UI 재생성 생략
2026-08-21 09:59:06.944 [session=000416] [INFO] [MainThread] 호출벨용 용도 목록 로드 요청
2026-08-21 09:59:06.944 [session=000416] [INFO] [MainThread] 호출벨에 용도 목록 전달: 2개
2026-08-21 09:59:06.944 [session=000416] [INFO] [MainThread] 용도 목록 로드: 2개
2026-08-21 09:59:06.945 [session=000416] [INFO] [MainThread] 목적지 목록 로드: 5개
2026-08-21 09:59:06.945 [session=000416] [INFO] [MainThread] 호출벨 관리에 목적지 목록 전달: 5개
2026-08-21 09:59:06.945 [session=000416] [INFO] [MainThread] My IP : 192.168.104.212
2026-08-21 09:59:06.949 [session=000416] [INFO] [browser-music-sync_0] [BROWSER_MUSIC_SYNC] event=catalog_fetch_started master_base_url=http://127.0.0.1:5051
2026-08-21 09:59:06.985 [session=000416] [INFO] [browser-music-sync_0] [BROWSER_MUSIC_SYNC] event=catalog_fetch_succeeded master_base_url=http://127.0.0.1:5051 item_count=3
2026-08-21 09:59:06.994 [session=000416] [INFO] [RestApiThread] [REST API] 배경 음악 GET 전송: operation=selection_get, url=http://127.0.0.1:5051/api/voice-event-settings/background-music?robot_id=robot_ec2b
2026-08-21 09:59:06.999 [session=000416] [INFO] [RestApiThread] [REST API] 배경 음악 GET 전송: operation=resolved_get, url=http://127.0.0.1:5051/api/voice-event-settings/resolved?robot_id=robot_ec2b
2026-08-21 09:59:07.018 [session=000416] [DEBUG] [RestApiThread] _handle_response 호출됨 - tag: REST_API_TAG.GET_BACKGROUND_MUSIC_SETTING, status_code: 200
2026-08-21 09:59:07.045 [session=000416] [DEBUG] [RestApiThread] _handle_response 호출됨 - tag: REST_API_TAG.GET_RESOLVED_BACKGROUND_MUSIC, status_code: 200
2026-08-21 09:59:07.120 [session=000416] [INFO] [ThreadPoolExecutor-8_0] 순차 이동 설정 저장 완료: /home/dentium/robot_GUIs/app/config/sequential_move.json
2026-08-21 09:59:08.318 [session=000416] [INFO] [SSE-SSE_BATTERY_LOW_SHUTDOWN] [SSE_DIAG] connect attempt tag=SSE_BATTERY_LOW_SHUTDOWN, reconnect=35, url=http://localhost:8080/robot_ec2b/events/battery/low_shutdown
2026-08-21 09:59:08.336 [session=000416] [INFO] [SSE-SSE_BATTERY_LOW_SHUTDOWN] [SSE_DIAG] connected tag=SSE_BATTERY_LOW_SHUTDOWN, status=404, reason=Not Found, elapsed=0.02s, content_type=application/json, url=http://localhost:8080/robot_ec2b/events/battery/low_shutdown
2026-08-21 09:59:08.337 [session=000416] [ERROR] [SSE-SSE_BATTERY_LOW_SHUTDOWN] [SSE_DIAG] non-200 response tag=SSE_BATTERY_LOW_SHUTDOWN, status=404, reason=Not Found, url=http://localhost:8080/robot_ec2b/events/battery/low_shutdown
2026-08-21 09:59:08.340 [session=000416] [INFO] [SSE-SSE_BATTERY_LOW_SHUTDOWN] [SSE_DIAG] reconnect wait tag=SSE_BATTERY_LOW_SHUTDOWN, delay=10s, reconnect=36, reason=HTTP 404, url=http://localhost:8080/robot_ec2b/events/battery/low_shutdown
2026-08-21 09:59:09.395 [session=000416] [INFO] [MainThread] [MAIN_THREAD_HEARTBEAT] GUI main thread alive: thread=MainThread
2026-08-21 09:59:14.396 [session=000416] [INFO] [MainThread] [MAIN_THREAD_HEARTBEAT] GUI main thread alive: thread=MainThread
2026-08-21 09:59:16.901 [session=000416] [DEBUG] [RestApiThread] GetCallBellFromRESTAPI 요청 시작
2026-08-21 09:59:16.910 [session=000416] [DEBUG] [RestApiThread] _get_data: 요청 시작 - tag: REST_API_TAG.GET_CALLBELL, url: http://localhost:8080/robot_ec2b/callbell
2026-08-21 09:59:16.911 [session=000416] [DEBUG] [RestApiThread] _get_data: 요청 전송 완료 - tag: REST_API_TAG.GET_CALLBELL, timeout: 30000ms
2026-08-21 09:59:16.920 [session=000416] [INFO] [MainThread] model_manager set_destinations: unchanged (5 items) - emit skipped
2026-08-21 09:59:16.931 [session=000416] [INFO] [MainThread] 홈 위치 수신: (3.12, 1.10)
2026-08-21 09:59:16.931 [session=000416] [INFO] [MainThread] 홈 위치 표시 업데이트: (894.0, 100.9)
2026-08-21 09:59:16.939 [session=000416] [INFO] [MainThread]   홈 위치 서버 → 픽셀 좌표로 변환 및 UI 업데이트: (894.0, 100.9)
2026-08-21 09:59:16.943 [session=000416] [DEBUG] [RestApiThread] _handle_response 호출됨 - tag: REST_API_TAG.GET_CALLBELL, status_code: 200
2026-08-21 09:59:16.944 [session=000416] [INFO] [ThreadPoolExecutor-5_1] 호출벨 데이터 수신: 5개
2026-08-21 09:59:16.948 [session=000416] [INFO] [MainThread] 호출벨-목적지 동기화 완료: 5개 호출벨
2026-08-21 09:59:16.949 [session=000416] [INFO] [MainThread] 목적지 리스트 반환: destinations=[Destination(name='로비', goal_pose=Pose(x=4.241336459631034, y=-2.361104203714551, qw=0.5097087478206948, qz=0.8603470185890456), bell=Bells(treatment='', suction='64012cd7'), idx=0, color='#e53935'), Destination(name='수술실', goal_pose=Pose(x=4.5199271819089395, y=-3.9219605026851503, qw=0.14533446519134308, qz=-0.9893825818294691), bell=Bells(treatment='', suction='64132cd7'), idx=1, color='#e53935'), Destination(name='진료실', goal_pose=Pose(x=0.11980823444488001, y=-3.735511450600503, qw=0.9963649848510123, qz=0.0851869530083222), bell=Bells(treatment='', suction='64252cd7'), idx=2, color='#e53935'), Destination(name='창고', goal_pose=Pose(x=0.2834625688692579, y=-6.793061814598156, qw=0.5257961572167338, qz=0.850610604834031), bell=Bells(treatment='', suction='64372cd7'), idx=3, color='#e53935'), Destination(name='소독실', goal_pose=Pose(x=-3.4045695907217928, y=-7.611793760201744, qw=0.546869706461766, qz=0.8372177280459497), bell=Bells(treatment='', suction='64492cd7'), idx=4, color='#e53935')]
2026-08-21 09:59:16.949 [session=000416] [INFO] [MainThread] 호출벨 리스트 반환: callbells={'64012cd7': {'name': '호출벨 1', 'usage': 'suction', 'destination': '로비'}, '64132cd7': {'name': '호출벨 2', 'usage': 'suction', 'destination': '수술실'}, '64252cd7': {'name': '호출벨 3', 'usage': 'suction', 'destination': '진료실'}, '64372cd7': {'name': '호출벨 4', 'usage': 'suction', 'destination': '창고'}, '64492cd7': {'name': '호출벨 5', 'usage': 'suction', 'destination': '소독실'}}, robot_usages=['treatment', 'suction']
2026-08-21 09:59:16.950 [session=000416] [INFO] [MainThread] 호출벨 리스트 로드: 5개
2026-08-21 09:59:16.950 [session=000416] [INFO] [MainThread] 호출벨 목록 동일 - UI 재생성 생략
2026-08-21 09:59:16.950 [session=000416] [INFO] [MainThread] 호출벨용 용도 목록 로드 요청
2026-08-21 09:59:16.951 [session=000416] [INFO] [MainThread] 호출벨에 용도 목록 전달: 2개
2026-08-21 09:59:16.951 [session=000416] [INFO] [MainThread] 용도 목록 로드: 2개
2026-08-21 09:59:16.951 [session=000416] [INFO] [MainThread] 목적지 목록 로드: 5개
2026-08-21 09:59:16.951 [session=000416] [INFO] [MainThread] 호출벨 관리에 목적지 목록 전달: 5개
2026-08-21 09:59:16.952 [session=000416] [INFO] [MainThread] My IP : 192.168.104.212
2026-08-21 09:59:17.121 [session=000416] [INFO] [ThreadPoolExecutor-8_0] 순차 이동 설정 저장 완료: /home/dentium/robot_GUIs/app/config/sequential_move.json
2026-08-21 09:59:18.346 [session=000416] [INFO] [SSE-SSE_BATTERY_LOW_SHUTDOWN] [SSE_DIAG] connect attempt tag=SSE_BATTERY_LOW_SHUTDOWN, reconnect=36, url=http://localhost:8080/robot_ec2b/events/battery/low_shutdown
2026-08-21 09:59:18.359 [session=000416] [INFO] [SSE-SSE_BATTERY_LOW_SHUTDOWN] [SSE_DIAG] connected tag=SSE_BATTERY_LOW_SHUTDOWN, status=404, reason=Not Found, elapsed=0.01s, content_type=application/json, url=http://localhost:8080/robot_ec2b/events/battery/low_shutdown
2026-08-21 09:59:18.360 [session=000416] [ERROR] [SSE-SSE_BATTERY_LOW_SHUTDOWN] [SSE_DIAG] non-200 response tag=SSE_BATTERY_LOW_SHUTDOWN, status=404, reason=Not Found, url=http://localhost:8080/robot_ec2b/events/battery/low_shutdown
2026-08-21 09:59:18.361 [session=000416] [INFO] [SSE-SSE_BATTERY_LOW_SHUTDOWN] [SSE_DIAG] reconnect wait tag=SSE_BATTERY_LOW_SHUTDOWN, delay=10s, reconnect=37, reason=HTTP 404, url=http://localhost:8080/robot_ec2b/events/battery/low_shutdown
2026-08-21 09:59:19.394 [session=000416] [INFO] [MainThread] [MAIN_THREAD_HEARTBEAT] GUI main thread alive: thread=MainThread
2026-08-21 09:59:24.394 [session=000416] [INFO] [MainThread] [MAIN_THREAD_HEARTBEAT] GUI main thread alive: thread=MainThread
2026-08-21 09:59:26.903 [session=000416] [DEBUG] [RestApiThread] GetCallBellFromRESTAPI 요청 시작
2026-08-21 09:59:26.905 [session=000416] [DEBUG] [RestApiThread] _get_data: 요청 시작 - tag: REST_API_TAG.GET_CALLBELL, url: http://localhost:8080/robot_ec2b/callbell
2026-08-21 09:59:26.908 [session=000416] [DEBUG] [RestApiThread] _get_data: 요청 전송 완료 - tag: REST_API_TAG.GET_CALLBELL, timeout: 30000ms
2026-08-21 09:59:26.913 [session=000416] [INFO] [MainThread] model_manager set_destinations: unchanged (5 items) - emit skipped
2026-08-21 09:59:26.918 [session=000416] [INFO] [MainThread] 홈 위치 수신: (3.12, 1.10)
2026-08-21 09:59:26.919 [session=000416] [INFO] [MainThread] 홈 위치 표시 업데이트: (894.0, 100.9)
2026-08-21 09:59:26.923 [session=000416] [INFO] [MainThread]   홈 위치 서버 → 픽셀 좌표로 변환 및 UI 업데이트: (894.0, 100.9)
2026-08-21 09:59:26.925 [session=000416] [DEBUG] [RestApiThread] _handle_response 호출됨 - tag: REST_API_TAG.GET_CALLBELL, status_code: 200
2026-08-21 09:59:26.926 [session=000416] [INFO] [ThreadPoolExecutor-5_1] 호출벨 데이터 수신: 5개
2026-08-21 09:59:26.932 [session=000416] [INFO] [MainThread] 호출벨-목적지 동기화 완료: 5개 호출벨
2026-08-21 09:59:26.933 [session=000416] [INFO] [MainThread] 목적지 리스트 반환: destinations=[Destination(name='로비', goal_pose=Pose(x=4.241336459631034, y=-2.361104203714551, qw=0.5097087478206948, qz=0.8603470185890456), bell=Bells(treatment='', suction='64012cd7'), idx=0, color='#e53935'), Destination(name='수술실', goal_pose=Pose(x=4.5199271819089395, y=-3.9219605026851503, qw=0.14533446519134308, qz=-0.9893825818294691), bell=Bells(treatment='', suction='64132cd7'), idx=1, color='#e53935'), Destination(name='진료실', goal_pose=Pose(x=0.11980823444488001, y=-3.735511450600503, qw=0.9963649848510123, qz=0.0851869530083222), bell=Bells(treatment='', suction='64252cd7'), idx=2, color='#e53935'), Destination(name='창고', goal_pose=Pose(x=0.2834625688692579, y=-6.793061814598156, qw=0.5257961572167338, qz=0.850610604834031), bell=Bells(treatment='', suction='64372cd7'), idx=3, color='#e53935'), Destination(name='소독실', goal_pose=Pose(x=-3.4045695907217928, y=-7.611793760201744, qw=0.546869706461766, qz=0.8372177280459497), bell=Bells(treatment='', suction='64492cd7'), idx=4, color='#e53935')]
2026-08-21 09:59:26.934 [session=000416] [INFO] [MainThread] 호출벨 리스트 반환: callbells={'64012cd7': {'name': '호출벨 1', 'usage': 'suction', 'destination': '로비'}, '64132cd7': {'name': '호출벨 2', 'usage': 'suction', 'destination': '수술실'}, '64252cd7': {'name': '호출벨 3', 'usage': 'suction', 'destination': '진료실'}, '64372cd7': {'name': '호출벨 4', 'usage': 'suction', 'destination': '창고'}, '64492cd7': {'name': '호출벨 5', 'usage': 'suction', 'destination': '소독실'}}, robot_usages=['treatment', 'suction']
2026-08-21 09:59:26.934 [session=000416] [INFO] [MainThread] 호출벨 리스트 로드: 5개
2026-08-21 09:59:26.934 [session=000416] [INFO] [MainThread] 호출벨 목록 동일 - UI 재생성 생략
2026-08-21 09:59:26.934 [session=000416] [INFO] [MainThread] 호출벨용 용도 목록 로드 요청
2026-08-21 09:59:26.935 [session=000416] [INFO] [MainThread] 호출벨에 용도 목록 전달: 2개
2026-08-21 09:59:26.935 [session=000416] [INFO] [MainThread] 용도 목록 로드: 2개
2026-08-21 09:59:26.935 [session=000416] [INFO] [MainThread] 목적지 목록 로드: 5개
2026-08-21 09:59:26.935 [session=000416] [INFO] [MainThread] 호출벨 관리에 목적지 목록 전달: 5개
2026-08-21 09:59:26.936 [session=000416] [INFO] [MainThread] My IP : 192.168.104.212
2026-08-21 09:59:27.098 [session=000416] [INFO] [ThreadPoolExecutor-8_0] 순차 이동 설정 저장 완료: /home/dentium/robot_GUIs/app/config/sequential_move.json
2026-08-21 09:59:28.362 [session=000416] [INFO] [SSE-SSE_BATTERY_LOW_SHUTDOWN] [SSE_DIAG] connect attempt tag=SSE_BATTERY_LOW_SHUTDOWN, reconnect=37, url=http://localhost:8080/robot_ec2b/events/battery/low_shutdown
2026-08-21 09:59:28.378 [session=000416] [INFO] [SSE-SSE_BATTERY_LOW_SHUTDOWN] [SSE_DIAG] connected tag=SSE_BATTERY_LOW_SHUTDOWN, status=404, reason=Not Found, elapsed=0.01s, content_type=application/json, url=http://localhost:8080/robot_ec2b/events/battery/low_shutdown
2026-08-21 09:59:28.379 [session=000416] [ERROR] [SSE-SSE_BATTERY_LOW_SHUTDOWN] [SSE_DIAG] non-200 response tag=SSE_BATTERY_LOW_SHUTDOWN, status=404, reason=Not Found, url=http://localhost:8080/robot_ec2b/events/battery/low_shutdown
2026-08-21 09:59:28.382 [session=000416] [INFO] [SSE-SSE_BATTERY_LOW_SHUTDOWN] [SSE_DIAG] reconnect wait tag=SSE_BATTERY_LOW_SHUTDOWN, delay=10s, reconnect=38, reason=HTTP 404, url=http://localhost:8080/robot_ec2b/events/battery/low_shutdown
2026-08-21 09:59:29.393 [session=000416] [INFO] [MainThread] [MAIN_THREAD_HEARTBEAT] GUI main thread alive: thread=MainThread
2026-08-21 09:59:34.394 [session=000416] [INFO] [MainThread] [MAIN_THREAD_HEARTBEAT] GUI main thread alive: thread=MainThread
2026-08-21 09:59:36.898 [session=000416] [DEBUG] [RestApiThread] GetCallBellFromRESTAPI 요청 시작
2026-08-21 09:59:36.901 [session=000416] [DEBUG] [RestApiThread] _get_data: 요청 시작 - tag: REST_API_TAG.GET_CALLBELL, url: http://localhost:8080/robot_ec2b/callbell
2026-08-21 09:59:36.902 [session=000416] [DEBUG] [RestApiThread] _get_data: 요청 전송 완료 - tag: REST_API_TAG.GET_CALLBELL, timeout: 30000ms
2026-08-21 09:59:36.917 [session=000416] [INFO] [MainThread] model_manager set_destinations: unchanged (5 items) - emit skipped
2026-08-21 09:59:36.931 [session=000416] [INFO] [MainThread] 홈 위치 수신: (3.12, 1.10)
2026-08-21 09:59:36.932 [session=000416] [INFO] [MainThread] 홈 위치 표시 업데이트: (894.0, 100.9)
2026-08-21 09:59:36.935 [session=000416] [INFO] [MainThread]   홈 위치 서버 → 픽셀 좌표로 변환 및 UI 업데이트: (894.0, 100.9)
2026-08-21 09:59:36.945 [session=000416] [DEBUG] [RestApiThread] _handle_response 호출됨 - tag: REST_API_TAG.GET_CALLBELL, status_code: 200
2026-08-21 09:59:36.946 [session=000416] [INFO] [ThreadPoolExecutor-5_0] 호출벨 데이터 수신: 5개
2026-08-21 09:59:36.950 [session=000416] [INFO] [MainThread] 호출벨-목적지 동기화 완료: 5개 호출벨
2026-08-21 09:59:36.951 [session=000416] [INFO] [MainThread] 목적지 리스트 반환: destinations=[Destination(name='로비', goal_pose=Pose(x=4.241336459631034, y=-2.361104203714551, qw=0.5097087478206948, qz=0.8603470185890456), bell=Bells(treatment='', suction='64012cd7'), idx=0, color='#e53935'), Destination(name='수술실', goal_pose=Pose(x=4.5199271819089395, y=-3.9219605026851503, qw=0.14533446519134308, qz=-0.9893825818294691), bell=Bells(treatment='', suction='64132cd7'), idx=1, color='#e53935'), Destination(name='진료실', goal_pose=Pose(x=0.11980823444488001, y=-3.735511450600503, qw=0.9963649848510123, qz=0.0851869530083222), bell=Bells(treatment='', suction='64252cd7'), idx=2, color='#e53935'), Destination(name='창고', goal_pose=Pose(x=0.2834625688692579, y=-6.793061814598156, qw=0.5257961572167338, qz=0.850610604834031), bell=Bells(treatment='', suction='64372cd7'), idx=3, color='#e53935'), Destination(name='소독실', goal_pose=Pose(x=-3.4045695907217928, y=-7.611793760201744, qw=0.546869706461766, qz=0.8372177280459497), bell=Bells(treatment='', suction='64492cd7'), idx=4, color='#e53935')]
2026-08-21 09:59:36.952 [session=000416] [INFO] [MainThread] 호출벨 리스트 반환: callbells={'64012cd7': {'name': '호출벨 1', 'usage': 'suction', 'destination': '로비'}, '64132cd7': {'name': '호출벨 2', 'usage': 'suction', 'destination': '수술실'}, '64252cd7': {'name': '호출벨 3', 'usage': 'suction', 'destination': '진료실'}, '64372cd7': {'name': '호출벨 4', 'usage': 'suction', 'destination': '창고'}, '64492cd7': {'name': '호출벨 5', 'usage': 'suction', 'destination': '소독실'}}, robot_usages=['treatment', 'suction']
2026-08-21 09:59:36.952 [session=000416] [INFO] [MainThread] 호출벨 리스트 로드: 5개
2026-08-21 09:59:36.960 [session=000416] [INFO] [MainThread] 호출벨 목록 동일 - UI 재생성 생략
2026-08-21 09:59:36.961 [session=000416] [INFO] [MainThread] 호출벨용 용도 목록 로드 요청
2026-08-21 09:59:36.961 [session=000416] [INFO] [MainThread] 호출벨에 용도 목록 전달: 2개
2026-08-21 09:59:36.961 [session=000416] [INFO] [MainThread] 용도 목록 로드: 2개
2026-08-21 09:59:36.961 [session=000416] [INFO] [MainThread] 목적지 목록 로드: 5개
2026-08-21 09:59:36.961 [session=000416] [INFO] [MainThread] 호출벨 관리에 목적지 목록 전달: 5개
2026-08-21 09:59:36.962 [session=000416] [INFO] [MainThread] My IP : 192.168.104.212
2026-08-21 09:59:37.120 [session=000416] [INFO] [ThreadPoolExecutor-8_0] 순차 이동 설정 저장 완료: /home/dentium/robot_GUIs/app/config/sequential_move.json
2026-08-21 09:59:38.384 [session=000416] [INFO] [SSE-SSE_BATTERY_LOW_SHUTDOWN] [SSE_DIAG] connect attempt tag=SSE_BATTERY_LOW_SHUTDOWN, reconnect=38, url=http://localhost:8080/robot_ec2b/events/battery/low_shutdown
2026-08-21 09:59:38.407 [session=000416] [INFO] [SSE-SSE_BATTERY_LOW_SHUTDOWN] [SSE_DIAG] connected tag=SSE_BATTERY_LOW_SHUTDOWN, status=404, reason=Not Found, elapsed=0.02s, content_type=application/json, url=http://localhost:8080/robot_ec2b/events/battery/low_shutdown
2026-08-21 09:59:38.408 [session=000416] [ERROR] [SSE-SSE_BATTERY_LOW_SHUTDOWN] [SSE_DIAG] non-200 response tag=SSE_BATTERY_LOW_SHUTDOWN, status=404, reason=Not Found, url=http://localhost:8080/robot_ec2b/events/battery/low_shutdown
2026-08-21 09:59:38.409 [session=000416] [INFO] [SSE-SSE_BATTERY_LOW_SHUTDOWN] [SSE_DIAG] reconnect wait tag=SSE_BATTERY_LOW_SHUTDOWN, delay=10s, reconnect=39, reason=HTTP 404, url=http://localhost:8080/robot_ec2b/events/battery/low_shutdown
2026-08-21 09:59:39.393 [session=000416] [INFO] [MainThread] [MAIN_THREAD_HEARTBEAT] GUI main thread alive: thread=MainThread
2026-08-21 09:59:44.395 [session=000416] [INFO] [MainThread] [MAIN_THREAD_HEARTBEAT] GUI main thread alive: thread=MainThread
2026-08-21 09:59:46.896 [session=000416] [DEBUG] [RestApiThread] GetCallBellFromRESTAPI 요청 시작
2026-08-21 09:59:46.903 [session=000416] [DEBUG] [RestApiThread] _get_data: 요청 시작 - tag: REST_API_TAG.GET_CALLBELL, url: http://localhost:8080/robot_ec2b/callbell
2026-08-21 09:59:46.904 [session=000416] [DEBUG] [RestApiThread] _get_data: 요청 전송 완료 - tag: REST_API_TAG.GET_CALLBELL, timeout: 30000ms
2026-08-21 09:59:46.910 [session=000416] [INFO] [MainThread] model_manager set_destinations: unchanged (5 items) - emit skipped
2026-08-21 09:59:46.921 [session=000416] [INFO] [MainThread] 홈 위치 수신: (3.12, 1.10)
2026-08-21 09:59:46.922 [session=000416] [INFO] [MainThread] 홈 위치 표시 업데이트: (894.0, 100.9)
2026-08-21 09:59:46.924 [session=000416] [INFO] [MainThread]   홈 위치 서버 → 픽셀 좌표로 변환 및 UI 업데이트: (894.0, 100.9)
2026-08-21 09:59:46.930 [session=000416] [DEBUG] [RestApiThread] _handle_response 호출됨 - tag: REST_API_TAG.GET_CALLBELL, status_code: 200
2026-08-21 09:59:46.931 [session=000416] [INFO] [ThreadPoolExecutor-5_0] 호출벨 데이터 수신: 5개
2026-08-21 09:59:46.932 [session=000416] [INFO] [MainThread] 호출벨-목적지 동기화 완료: 5개 호출벨
2026-08-21 09:59:46.932 [session=000416] [INFO] [MainThread] 목적지 리스트 반환: destinations=[Destination(name='로비', goal_pose=Pose(x=4.241336459631034, y=-2.361104203714551, qw=0.5097087478206948, qz=0.8603470185890456), bell=Bells(treatment='', suction='64012cd7'), idx=0, color='#e53935'), Destination(name='수술실', goal_pose=Pose(x=4.5199271819089395, y=-3.9219605026851503, qw=0.14533446519134308, qz=-0.9893825818294691), bell=Bells(treatment='', suction='64132cd7'), idx=1, color='#e53935'), Destination(name='진료실', goal_pose=Pose(x=0.11980823444488001, y=-3.735511450600503, qw=0.9963649848510123, qz=0.0851869530083222), bell=Bells(treatment='', suction='64252cd7'), idx=2, color='#e53935'), Destination(name='창고', goal_pose=Pose(x=0.2834625688692579, y=-6.793061814598156, qw=0.5257961572167338, qz=0.850610604834031), bell=Bells(treatment='', suction='64372cd7'), idx=3, color='#e53935'), Destination(name='소독실', goal_pose=Pose(x=-3.4045695907217928, y=-7.611793760201744, qw=0.546869706461766, qz=0.8372177280459497), bell=Bells(treatment='', suction='64492cd7'), idx=4, color='#e53935')]
2026-08-21 09:59:46.932 [session=000416] [INFO] [MainThread] 호출벨 리스트 반환: callbells={'64012cd7': {'name': '호출벨 1', 'usage': 'suction', 'destination': '로비'}, '64132cd7': {'name': '호출벨 2', 'usage': 'suction', 'destination': '수술실'}, '64252cd7': {'name': '호출벨 3', 'usage': 'suction', 'destination': '진료실'}, '64372cd7': {'name': '호출벨 4', 'usage': 'suction', 'destination': '창고'}, '64492cd7': {'name': '호출벨 5', 'usage': 'suction', 'destination': '소독실'}}, robot_usages=['treatment', 'suction']
2026-08-21 09:59:46.933 [session=000416] [INFO] [MainThread] 호출벨 리스트 로드: 5개
2026-08-21 09:59:46.933 [session=000416] [INFO] [MainThread] 호출벨 목록 동일 - UI 재생성 생략
2026-08-21 09:59:46.934 [session=000416] [INFO] [MainThread] 호출벨용 용도 목록 로드 요청
2026-08-21 09:59:46.934 [session=000416] [INFO] [MainThread] 호출벨에 용도 목록 전달: 2개
2026-08-21 09:59:46.935 [session=000416] [INFO] [RestApiThread] _handle_response (CYCLIC 정상) - tag: REST_API_TAG.GET_MASTER_IP_ADDRESS, status: 200, pending→0
2026-08-21 09:59:46.935 [session=000416] [INFO] [MainThread] 용도 목록 로드: 2개
2026-08-21 09:59:46.936 [session=000416] [INFO] [MainThread] 목적지 목록 로드: 5개
2026-08-21 09:59:46.936 [session=000416] [INFO] [MainThread] 호출벨 관리에 목적지 목록 전달: 5개
2026-08-21 09:59:46.937 [session=000416] [INFO] [MainThread] My IP : 192.168.104.212
2026-08-21 09:59:46.938 [session=000416] [INFO] [browser-music-sync_0] [BROWSER_MUSIC_SYNC] event=catalog_fetch_started master_base_url=http://127.0.0.1:5051
2026-08-21 09:59:46.966 [session=000416] [INFO] [browser-music-sync_0] [BROWSER_MUSIC_SYNC] event=catalog_fetch_succeeded master_base_url=http://127.0.0.1:5051 item_count=3
2026-08-21 09:59:46.973 [session=000416] [INFO] [RestApiThread] [REST API] 배경 음악 GET 전송: operation=selection_get, url=http://127.0.0.1:5051/api/voice-event-settings/background-music?robot_id=robot_ec2b
2026-08-21 09:59:46.974 [session=000416] [INFO] [RestApiThread] [REST API] 배경 음악 GET 전송: operation=resolved_get, url=http://127.0.0.1:5051/api/voice-event-settings/resolved?robot_id=robot_ec2b
2026-08-21 09:59:46.993 [session=000416] [DEBUG] [RestApiThread] _handle_response 호출됨 - tag: REST_API_TAG.GET_BACKGROUND_MUSIC_SETTING, status_code: 200
2026-08-21 09:59:47.003 [session=000416] [DEBUG] [RestApiThread] _handle_response 호출됨 - tag: REST_API_TAG.GET_RESOLVED_BACKGROUND_MUSIC, status_code: 200
2026-08-21 09:59:47.116 [session=000416] [INFO] [ThreadPoolExecutor-8_0] 순차 이동 설정 저장 완료: /home/dentium/robot_GUIs/app/config/sequential_move.json
2026-08-21 09:59:48.411 [session=000416] [INFO] [SSE-SSE_BATTERY_LOW_SHUTDOWN] [SSE_DIAG] connect attempt tag=SSE_BATTERY_LOW_SHUTDOWN, reconnect=39, url=http://localhost:8080/robot_ec2b/events/battery/low_shutdown
2026-08-21 09:59:48.425 [session=000416] [INFO] [SSE-SSE_BATTERY_LOW_SHUTDOWN] [SSE_DIAG] connected tag=SSE_BATTERY_LOW_SHUTDOWN, status=404, reason=Not Found, elapsed=0.01s, content_type=application/json, url=http://localhost:8080/robot_ec2b/events/battery/low_shutdown
2026-08-21 09:59:48.426 [session=000416] [ERROR] [SSE-SSE_BATTERY_LOW_SHUTDOWN] [SSE_DIAG] non-200 response tag=SSE_BATTERY_LOW_SHUTDOWN, status=404, reason=Not Found, url=http://localhost:8080/robot_ec2b/events/battery/low_shutdown
2026-08-21 09:59:48.427 [session=000416] [INFO] [SSE-SSE_BATTERY_LOW_SHUTDOWN] [SSE_DIAG] reconnect wait tag=SSE_BATTERY_LOW_SHUTDOWN, delay=10s, reconnect=40, reason=HTTP 404, url=http://localhost:8080/robot_ec2b/events/battery/low_shutdown
2026-08-21 09:59:49.394 [session=000416] [INFO] [MainThread] [MAIN_THREAD_HEARTBEAT] GUI main thread alive: thread=MainThread
2026-08-21 09:59:54.396 [session=000416] [INFO] [MainThread] [MAIN_THREAD_HEARTBEAT] GUI main thread alive: thread=MainThread
2026-08-21 09:59:56.895 [session=000416] [DEBUG] [RestApiThread] GetCallBellFromRESTAPI 요청 시작
2026-08-21 09:59:56.901 [session=000416] [DEBUG] [RestApiThread] _get_data: 요청 시작 - tag: REST_API_TAG.GET_CALLBELL, url: http://localhost:8080/robot_ec2b/callbell
2026-08-21 09:59:56.903 [session=000416] [DEBUG] [RestApiThread] _get_data: 요청 전송 완료 - tag: REST_API_TAG.GET_CALLBELL, timeout: 30000ms
2026-08-21 09:59:56.915 [session=000416] [INFO] [RestApiThread] _handle_response (CYCLIC 정상) - tag: REST_API_TAG.GET_DESTINATIONS, status: 200, pending→3
2026-08-21 09:59:56.921 [session=000416] [INFO] [MainThread] model_manager set_destinations: unchanged (5 items) - emit skipped
2026-08-21 09:59:56.925 [session=000416] [INFO] [MainThread] 홈 위치 수신: (3.12, 1.10)
2026-08-21 09:59:56.925 [session=000416] [INFO] [MainThread] 홈 위치 표시 업데이트: (894.0, 100.9)
2026-08-21 09:59:56.928 [session=000416] [INFO] [MainThread]   홈 위치 서버 → 픽셀 좌표로 변환 및 UI 업데이트: (894.0, 100.9)
2026-08-21 09:59:56.931 [session=000416] [DEBUG] [RestApiThread] _handle_response 호출됨 - tag: REST_API_TAG.GET_CALLBELL, status_code: 200
2026-08-21 09:59:56.933 [session=000416] [INFO] [ThreadPoolExecutor-5_0] 호출벨 데이터 수신: 5개
2026-08-21 09:59:56.936 [session=000416] [INFO] [MainThread] My IP : 192.168.104.212
2026-08-21 09:59:56.938 [session=000416] [INFO] [MainThread] 호출벨-목적지 동기화 완료: 5개 호출벨
2026-08-21 09:59:56.939 [session=000416] [INFO] [MainThread] 목적지 리스트 반환: destinations=[Destination(name='로비', goal_pose=Pose(x=4.241336459631034, y=-2.361104203714551, qw=0.5097087478206948, qz=0.8603470185890456), bell=Bells(treatment='', suction='64012cd7'), idx=0, color='#e53935'), Destination(name='수술실', goal_pose=Pose(x=4.5199271819089395, y=-3.9219605026851503, qw=0.14533446519134308, qz=-0.9893825818294691), bell=Bells(treatment='', suction='64132cd7'), idx=1, color='#e53935'), Destination(name='진료실', goal_pose=Pose(x=0.11980823444488001, y=-3.735511450600503, qw=0.9963649848510123, qz=0.0851869530083222), bell=Bells(treatment='', suction='64252cd7'), idx=2, color='#e53935'), Destination(name='창고', goal_pose=Pose(x=0.2834625688692579, y=-6.793061814598156, qw=0.5257961572167338, qz=0.850610604834031), bell=Bells(treatment='', suction='64372cd7'), idx=3, color='#e53935'), Destination(name='소독실', goal_pose=Pose(x=-3.4045695907217928, y=-7.611793760201744, qw=0.546869706461766, qz=0.8372177280459497), bell=Bells(treatment='', suction='64492cd7'), idx=4, color='#e53935')]
2026-08-21 09:59:56.939 [session=000416] [INFO] [MainThread] 호출벨 리스트 반환: callbells={'64012cd7': {'name': '호출벨 1', 'usage': 'suction', 'destination': '로비'}, '64132cd7': {'name': '호출벨 2', 'usage': 'suction', 'destination': '수술실'}, '64252cd7': {'name': '호출벨 3', 'usage': 'suction', 'destination': '진료실'}, '64372cd7': {'name': '호출벨 4', 'usage': 'suction', 'destination': '창고'}, '64492cd7': {'name': '호출벨 5', 'usage': 'suction', 'destination': '소독실'}}, robot_usages=['treatment', 'suction']
2026-08-21 09:59:56.939 [session=000416] [INFO] [MainThread] 호출벨 리스트 로드: 5개
2026-08-21 09:59:56.939 [session=000416] [INFO] [MainThread] 호출벨 목록 동일 - UI 재생성 생략
2026-08-21 09:59:56.940 [session=000416] [INFO] [MainThread] 호출벨용 용도 목록 로드 요청
2026-08-21 09:59:56.940 [session=000416] [INFO] [MainThread] 호출벨에 용도 목록 전달: 2개
2026-08-21 09:59:56.940 [session=000416] [INFO] [MainThread] 용도 목록 로드: 2개
2026-08-21 09:59:56.940 [session=000416] [INFO] [MainThread] 목적지 목록 로드: 5개
2026-08-21 09:59:56.941 [session=000416] [INFO] [MainThread] 호출벨 관리에 목적지 목록 전달: 5개
2026-08-21 09:59:57.120 [session=000416] [INFO] [ThreadPoolExecutor-8_0] 순차 이동 설정 저장 완료: /home/dentium/robot_GUIs/app/config/sequential_move.json
2026-08-21 09:59:58.428 [session=000416] [INFO] [SSE-SSE_BATTERY_LOW_SHUTDOWN] [SSE_DIAG] connect attempt tag=SSE_BATTERY_LOW_SHUTDOWN, reconnect=40, url=http://localhost:8080/robot_ec2b/events/battery/low_shutdown
2026-08-21 09:59:58.444 [session=000416] [INFO] [SSE-SSE_BATTERY_LOW_SHUTDOWN] [SSE_DIAG] connected tag=SSE_BATTERY_LOW_SHUTDOWN, status=404, reason=Not Found, elapsed=0.02s, content_type=application/json, url=http://localhost:8080/robot_ec2b/events/battery/low_shutdown
2026-08-21 09:59:58.445 [session=000416] [ERROR] [SSE-SSE_BATTERY_LOW_SHUTDOWN] [SSE_DIAG] non-200 response tag=SSE_BATTERY_LOW_SHUTDOWN, status=404, reason=Not Found, url=http://localhost:8080/robot_ec2b/events/battery/low_shutdown
2026-08-21 09:59:58.447 [session=000416] [INFO] [SSE-SSE_BATTERY_LOW_SHUTDOWN] [SSE_DIAG] reconnect wait tag=SSE_BATTERY_LOW_SHUTDOWN, delay=10s, reconnect=41, reason=HTTP 404, url=http://localhost:8080/robot_ec2b/events/battery/low_shutdown
2026-08-21 09:59:59.394 [session=000416] [INFO] [MainThread] [MAIN_THREAD_HEARTBEAT] GUI main thread alive: thread=MainThread
2026-08-21 10:00:04.393 [session=000416] [INFO] [MainThread] [MAIN_THREAD_HEARTBEAT] GUI main thread alive: thread=MainThread
2026-08-21 10:00:06.906 [session=000416] [DEBUG] [RestApiThread] GetCallBellFromRESTAPI 요청 시작
2026-08-21 10:00:06.909 [session=000416] [DEBUG] [RestApiThread] _get_data: 요청 시작 - tag: REST_API_TAG.GET_CALLBELL, url: http://localhost:8080/robot_ec2b/callbell
2026-08-21 10:00:06.910 [session=000416] [DEBUG] [RestApiThread] _get_data: 요청 전송 완료 - tag: REST_API_TAG.GET_CALLBELL, timeout: 30000ms
2026-08-21 10:00:06.919 [session=000416] [DEBUG] [RestApiThread] _handle_response 호출됨 - tag: REST_API_TAG.GET_CALLBELL, status_code: 200
2026-08-21 10:00:06.921 [session=000416] [INFO] [ThreadPoolExecutor-5_1] 호출벨 데이터 수신: 5개
2026-08-21 10:00:06.923 [session=000416] [INFO] [MainThread] model_manager set_destinations: unchanged (5 items) - emit skipped
2026-08-21 10:00:06.924 [session=000416] [INFO] [MainThread] 홈 위치 수신: (3.12, 1.10)
2026-08-21 10:00:06.925 [session=000416] [INFO] [MainThread] 홈 위치 표시 업데이트: (894.0, 100.9)
2026-08-21 10:00:06.930 [session=000416] [INFO] [MainThread]   홈 위치 서버 → 픽셀 좌표로 변환 및 UI 업데이트: (894.0, 100.9)
2026-08-21 10:00:06.935 [session=000416] [INFO] [MainThread] 호출벨-목적지 동기화 완료: 5개 호출벨
2026-08-21 10:00:06.936 [session=000416] [INFO] [MainThread] 목적지 리스트 반환: destinations=[Destination(name='로비', goal_pose=Pose(x=4.241336459631034, y=-2.361104203714551, qw=0.5097087478206948, qz=0.8603470185890456), bell=Bells(treatment='', suction='64012cd7'), idx=0, color='#e53935'), Destination(name='수술실', goal_pose=Pose(x=4.5199271819089395, y=-3.9219605026851503, qw=0.14533446519134308, qz=-0.9893825818294691), bell=Bells(treatment='', suction='64132cd7'), idx=1, color='#e53935'), Destination(name='진료실', goal_pose=Pose(x=0.11980823444488001, y=-3.735511450600503, qw=0.9963649848510123, qz=0.0851869530083222), bell=Bells(treatment='', suction='64252cd7'), idx=2, color='#e53935'), Destination(name='창고', goal_pose=Pose(x=0.2834625688692579, y=-6.793061814598156, qw=0.5257961572167338, qz=0.850610604834031), bell=Bells(treatment='', suction='64372cd7'), idx=3, color='#e53935'), Destination(name='소독실', goal_pose=Pose(x=-3.4045695907217928, y=-7.611793760201744, qw=0.546869706461766, qz=0.8372177280459497), bell=Bells(treatment='', suction='64492cd7'), idx=4, color='#e53935')]
2026-08-21 10:00:06.937 [session=000416] [INFO] [MainThread] 호출벨 리스트 반환: callbells={'64012cd7': {'name': '호출벨 1', 'usage': 'suction', 'destination': '로비'}, '64132cd7': {'name': '호출벨 2', 'usage': 'suction', 'destination': '수술실'}, '64252cd7': {'name': '호출벨 3', 'usage': 'suction', 'destination': '진료실'}, '64372cd7': {'name': '호출벨 4', 'usage': 'suction', 'destination': '창고'}, '64492cd7': {'name': '호출벨 5', 'usage': 'suction', 'destination': '소독실'}}, robot_usages=['treatment', 'suction']
2026-08-21 10:00:06.937 [session=000416] [INFO] [MainThread] 호출벨 리스트 로드: 5개
2026-08-21 10:00:06.937 [session=000416] [INFO] [MainThread] 호출벨 목록 동일 - UI 재생성 생략
2026-08-21 10:00:06.938 [session=000416] [INFO] [MainThread] 호출벨용 용도 목록 로드 요청
2026-08-21 10:00:06.938 [session=000416] [INFO] [MainThread] 호출벨에 용도 목록 전달: 2개
2026-08-21 10:00:06.938 [session=000416] [INFO] [MainThread] 용도 목록 로드: 2개
2026-08-21 10:00:06.939 [session=000416] [INFO] [MainThread] 목적지 목록 로드: 5개
2026-08-21 10:00:06.939 [session=000416] [INFO] [MainThread] 호출벨 관리에 목적지 목록 전달: 5개
2026-08-21 10:00:06.940 [session=000416] [INFO] [MainThread] My IP : 192.168.104.212
2026-08-21 10:00:07.120 [session=000416] [INFO] [ThreadPoolExecutor-8_0] 순차 이동 설정 저장 완료: /home/dentium/robot_GUIs/app/config/sequential_move.json
2026-08-21 10:00:08.449 [session=000416] [INFO] [SSE-SSE_BATTERY_LOW_SHUTDOWN] [SSE_DIAG] connect attempt tag=SSE_BATTERY_LOW_SHUTDOWN, reconnect=41, url=http://localhost:8080/robot_ec2b/events/battery/low_shutdown
2026-08-21 10:00:08.464 [session=000416] [INFO] [SSE-SSE_BATTERY_LOW_SHUTDOWN] [SSE_DIAG] connected tag=SSE_BATTERY_LOW_SHUTDOWN, status=404, reason=Not Found, elapsed=0.02s, content_type=application/json, url=http://localhost:8080/robot_ec2b/events/battery/low_shutdown
2026-08-21 10:00:08.465 [session=000416] [ERROR] [SSE-SSE_BATTERY_LOW_SHUTDOWN] [SSE_DIAG] non-200 response tag=SSE_BATTERY_LOW_SHUTDOWN, status=404, reason=Not Found, url=http://localhost:8080/robot_ec2b/events/battery/low_shutdown
2026-08-21 10:00:08.472 [session=000416] [INFO] [SSE-SSE_BATTERY_LOW_SHUTDOWN] [SSE_DIAG] reconnect wait tag=SSE_BATTERY_LOW_SHUTDOWN, delay=10s, reconnect=42, reason=HTTP 404, url=http://localhost:8080/robot_ec2b/events/battery/low_shutdown
2026-08-21 10:00:09.395 [session=000416] [INFO] [MainThread] [MAIN_THREAD_HEARTBEAT] GUI main thread alive: thread=MainThread
2026-08-21 10:00:14.394 [session=000416] [INFO] [MainThread] [MAIN_THREAD_HEARTBEAT] GUI main thread alive: thread=MainThread
2026-08-21 10:00:16.901 [session=000416] [DEBUG] [RestApiThread] GetCallBellFromRESTAPI 요청 시작
2026-08-21 10:00:16.904 [session=000416] [DEBUG] [RestApiThread] _get_data: 요청 시작 - tag: REST_API_TAG.GET_CALLBELL, url: http://localhost:8080/robot_ec2b/callbell
2026-08-21 10:00:16.905 [session=000416] [DEBUG] [RestApiThread] _get_data: 요청 전송 완료 - tag: REST_API_TAG.GET_CALLBELL, timeout: 30000ms
2026-08-21 10:00:16.909 [session=000416] [INFO] [MainThread] model_manager set_destinations: unchanged (5 items) - emit skipped
2026-08-21 10:00:16.917 [session=000416] [INFO] [MainThread] 홈 위치 수신: (3.12, 1.10)
2026-08-21 10:00:16.918 [session=000416] [INFO] [MainThread] 홈 위치 표시 업데이트: (894.0, 100.9)
2026-08-21 10:00:16.922 [session=000416] [INFO] [MainThread]   홈 위치 서버 → 픽셀 좌표로 변환 및 UI 업데이트: (894.0, 100.9)
2026-08-21 10:00:16.925 [session=000416] [INFO] [MainThread] My IP : 192.168.104.212
2026-08-21 10:00:16.926 [session=000416] [DEBUG] [RestApiThread] _handle_response 호출됨 - tag: REST_API_TAG.GET_CALLBELL, status_code: 200
2026-08-21 10:00:16.928 [session=000416] [INFO] [ThreadPoolExecutor-5_1] 호출벨 데이터 수신: 5개
2026-08-21 10:00:16.932 [session=000416] [INFO] [MainThread] 호출벨-목적지 동기화 완료: 5개 호출벨
2026-08-21 10:00:16.933 [session=000416] [INFO] [MainThread] 목적지 리스트 반환: destinations=[Destination(name='로비', goal_pose=Pose(x=4.241336459631034, y=-2.361104203714551, qw=0.5097087478206948, qz=0.8603470185890456), bell=Bells(treatment='', suction='64012cd7'), idx=0, color='#e53935'), Destination(name='수술실', goal_pose=Pose(x=4.5199271819089395, y=-3.9219605026851503, qw=0.14533446519134308, qz=-0.9893825818294691), bell=Bells(treatment='', suction='64132cd7'), idx=1, color='#e53935'), Destination(name='진료실', goal_pose=Pose(x=0.11980823444488001, y=-3.735511450600503, qw=0.9963649848510123, qz=0.0851869530083222), bell=Bells(treatment='', suction='64252cd7'), idx=2, color='#e53935'), Destination(name='창고', goal_pose=Pose(x=0.2834625688692579, y=-6.793061814598156, qw=0.5257961572167338, qz=0.850610604834031), bell=Bells(treatment='', suction='64372cd7'), idx=3, color='#e53935'), Destination(name='소독실', goal_pose=Pose(x=-3.4045695907217928, y=-7.611793760201744, qw=0.546869706461766, qz=0.8372177280459497), bell=Bells(treatment='', suction='64492cd7'), idx=4, color='#e53935')]
2026-08-21 10:00:16.933 [session=000416] [INFO] [MainThread] 호출벨 리스트 반환: callbells={'64012cd7': {'name': '호출벨 1', 'usage': 'suction', 'destination': '로비'}, '64132cd7': {'name': '호출벨 2', 'usage': 'suction', 'destination': '수술실'}, '64252cd7': {'name': '호출벨 3', 'usage': 'suction', 'destination': '진료실'}, '64372cd7': {'name': '호출벨 4', 'usage': 'suction', 'destination': '창고'}, '64492cd7': {'name': '호출벨 5', 'usage': 'suction', 'destination': '소독실'}}, robot_usages=['treatment', 'suction']
2026-08-21 10:00:16.940 [session=000416] [INFO] [MainThread] 호출벨 리스트 로드: 5개
2026-08-21 10:00:16.941 [session=000416] [INFO] [MainThread] 호출벨 목록 동일 - UI 재생성 생략
2026-08-21 10:00:16.943 [session=000416] [INFO] [MainThread] 호출벨용 용도 목록 로드 요청
2026-08-21 10:00:16.944 [session=000416] [INFO] [MainThread] 호출벨에 용도 목록 전달: 2개
2026-08-21 10:00:16.945 [session=000416] [INFO] [MainThread] 용도 목록 로드: 2개
2026-08-21 10:00:16.946 [session=000416] [INFO] [MainThread] 목적지 목록 로드: 5개
2026-08-21 10:00:16.946 [session=000416] [INFO] [MainThread] 호출벨 관리에 목적지 목록 전달: 5개
2026-08-21 10:00:17.098 [session=000416] [INFO] [ThreadPoolExecutor-8_0] 순차 이동 설정 저장 완료: /home/dentium/robot_GUIs/app/config/sequential_move.json
2026-08-21 10:00:18.477 [session=000416] [INFO] [SSE-SSE_BATTERY_LOW_SHUTDOWN] [SSE_DIAG] connect attempt tag=SSE_BATTERY_LOW_SHUTDOWN, reconnect=42, url=http://localhost:8080/robot_ec2b/events/battery/low_shutdown
2026-08-21 10:00:18.503 [session=000416] [INFO] [SSE-SSE_BATTERY_LOW_SHUTDOWN] [SSE_DIAG] connected tag=SSE_BATTERY_LOW_SHUTDOWN, status=404, reason=Not Found, elapsed=0.03s, content_type=application/json, url=http://localhost:8080/robot_ec2b/events/battery/low_shutdown
2026-08-21 10:00:18.503 [session=000416] [ERROR] [SSE-SSE_BATTERY_LOW_SHUTDOWN] [SSE_DIAG] non-200 response tag=SSE_BATTERY_LOW_SHUTDOWN, status=404, reason=Not Found, url=http://localhost:8080/robot_ec2b/events/battery/low_shutdown
2026-08-21 10:00:18.505 [session=000416] [INFO] [SSE-SSE_BATTERY_LOW_SHUTDOWN] [SSE_DIAG] reconnect wait tag=SSE_BATTERY_LOW_SHUTDOWN, delay=10s, reconnect=43, reason=HTTP 404, url=http://localhost:8080/robot_ec2b/events/battery/low_shutdown
2026-08-21 10:00:19.394 [session=000416] [INFO] [MainThread] [MAIN_THREAD_HEARTBEAT] GUI main thread alive: thread=MainThread
2026-08-21 10:00:24.393 [session=000416] [INFO] [MainThread] [MAIN_THREAD_HEARTBEAT] GUI main thread alive: thread=MainThread
2026-08-21 10:00:26.909 [session=000416] [DEBUG] [RestApiThread] GetCallBellFromRESTAPI 요청 시작
2026-08-21 10:00:26.915 [session=000416] [DEBUG] [RestApiThread] _get_data: 요청 시작 - tag: REST_API_TAG.GET_CALLBELL, url: http://localhost:8080/robot_ec2b/callbell
2026-08-21 10:00:26.919 [session=000416] [DEBUG] [RestApiThread] _get_data: 요청 전송 완료 - tag: REST_API_TAG.GET_CALLBELL, timeout: 30000ms
2026-08-21 10:00:26.926 [session=000416] [INFO] [MainThread] model_manager set_destinations: unchanged (5 items) - emit skipped
2026-08-21 10:00:26.929 [session=000416] [INFO] [MainThread] 홈 위치 수신: (3.12, 1.10)
2026-08-21 10:00:26.930 [session=000416] [INFO] [MainThread] 홈 위치 표시 업데이트: (894.0, 100.9)
2026-08-21 10:00:26.938 [session=000416] [INFO] [MainThread]   홈 위치 서버 → 픽셀 좌표로 변환 및 UI 업데이트: (894.0, 100.9)
2026-08-21 10:00:26.947 [session=000416] [DEBUG] [RestApiThread] _handle_response 호출됨 - tag: REST_API_TAG.GET_CALLBELL, status_code: 200
2026-08-21 10:00:26.948 [session=000416] [INFO] [ThreadPoolExecutor-5_0] 호출벨 데이터 수신: 5개
2026-08-21 10:00:26.950 [session=000416] [INFO] [MainThread] My IP : 192.168.104.212
2026-08-21 10:00:26.953 [session=000416] [INFO] [browser-music-sync_0] [BROWSER_MUSIC_SYNC] event=catalog_fetch_started master_base_url=http://127.0.0.1:5051
2026-08-21 10:00:26.958 [session=000416] [INFO] [MainThread] 호출벨-목적지 동기화 완료: 5개 호출벨
2026-08-21 10:00:26.959 [session=000416] [INFO] [MainThread] 목적지 리스트 반환: destinations=[Destination(name='로비', goal_pose=Pose(x=4.241336459631034, y=-2.361104203714551, qw=0.5097087478206948, qz=0.8603470185890456), bell=Bells(treatment='', suction='64012cd7'), idx=0, color='#e53935'), Destination(name='수술실', goal_pose=Pose(x=4.5199271819089395, y=-3.9219605026851503, qw=0.14533446519134308, qz=-0.9893825818294691), bell=Bells(treatment='', suction='64132cd7'), idx=1, color='#e53935'), Destination(name='진료실', goal_pose=Pose(x=0.11980823444488001, y=-3.735511450600503, qw=0.9963649848510123, qz=0.0851869530083222), bell=Bells(treatment='', suction='64252cd7'), idx=2, color='#e53935'), Destination(name='창고', goal_pose=Pose(x=0.2834625688692579, y=-6.793061814598156, qw=0.5257961572167338, qz=0.850610604834031), bell=Bells(treatment='', suction='64372cd7'), idx=3, color='#e53935'), Destination(name='소독실', goal_pose=Pose(x=-3.4045695907217928, y=-7.611793760201744, qw=0.546869706461766, qz=0.8372177280459497), bell=Bells(treatment='', suction='64492cd7'), idx=4, color='#e53935')]
2026-08-21 10:00:26.963 [session=000416] [INFO] [MainThread] 호출벨 리스트 반환: callbells={'64012cd7': {'name': '호출벨 1', 'usage': 'suction', 'destination': '로비'}, '64132cd7': {'name': '호출벨 2', 'usage': 'suction', 'destination': '수술실'}, '64252cd7': {'name': '호출벨 3', 'usage': 'suction', 'destination': '진료실'}, '64372cd7': {'name': '호출벨 4', 'usage': 'suction', 'destination': '창고'}, '64492cd7': {'name': '호출벨 5', 'usage': 'suction', 'destination': '소독실'}}, robot_usages=['treatment', 'suction']
2026-08-21 10:00:26.963 [session=000416] [INFO] [MainThread] 호출벨 리스트 로드: 5개
2026-08-21 10:00:26.964 [session=000416] [INFO] [MainThread] 호출벨 목록 동일 - UI 재생성 생략
2026-08-21 10:00:26.964 [session=000416] [INFO] [MainThread] 호출벨용 용도 목록 로드 요청
2026-08-21 10:00:26.965 [session=000416] [INFO] [MainThread] 호출벨에 용도 목록 전달: 2개
2026-08-21 10:00:26.965 [session=000416] [INFO] [MainThread] 용도 목록 로드: 2개
2026-08-21 10:00:26.966 [session=000416] [INFO] [MainThread] 목적지 목록 로드: 5개
2026-08-21 10:00:26.966 [session=000416] [INFO] [MainThread] 호출벨 관리에 목적지 목록 전달: 5개
2026-08-21 10:00:27.000 [session=000416] [INFO] [browser-music-sync_0] [BROWSER_MUSIC_SYNC] event=catalog_fetch_succeeded master_base_url=http://127.0.0.1:5051 item_count=3
2026-08-21 10:00:27.006 [session=000416] [INFO] [RestApiThread] [REST API] 배경 음악 GET 전송: operation=selection_get, url=http://127.0.0.1:5051/api/voice-event-settings/background-music?robot_id=robot_ec2b
2026-08-21 10:00:27.007 [session=000416] [INFO] [RestApiThread] [REST API] 배경 음악 GET 전송: operation=resolved_get, url=http://127.0.0.1:5051/api/voice-event-settings/resolved?robot_id=robot_ec2b
2026-08-21 10:00:27.032 [session=000416] [DEBUG] [RestApiThread] _handle_response 호출됨 - tag: REST_API_TAG.GET_BACKGROUND_MUSIC_SETTING, status_code: 200
2026-08-21 10:00:27.036 [session=000416] [DEBUG] [RestApiThread] _handle_response 호출됨 - tag: REST_API_TAG.GET_RESOLVED_BACKGROUND_MUSIC, status_code: 200
2026-08-21 10:00:27.120 [session=000416] [INFO] [ThreadPoolExecutor-8_0] 순차 이동 설정 저장 완료: /home/dentium/robot_GUIs/app/config/sequential_move.json
2026-08-21 10:00:28.506 [session=000416] [INFO] [SSE-SSE_BATTERY_LOW_SHUTDOWN] [SSE_DIAG] connect attempt tag=SSE_BATTERY_LOW_SHUTDOWN, reconnect=43, url=http://localhost:8080/robot_ec2b/events/battery/low_shutdown
2026-08-21 10:00:28.525 [session=000416] [INFO] [SSE-SSE_BATTERY_LOW_SHUTDOWN] [SSE_DIAG] connected tag=SSE_BATTERY_LOW_SHUTDOWN, status=404, reason=Not Found, elapsed=0.02s, content_type=application/json, url=http://localhost:8080/robot_ec2b/events/battery/low_shutdown
2026-08-21 10:00:28.527 [session=000416] [ERROR] [SSE-SSE_BATTERY_LOW_SHUTDOWN] [SSE_DIAG] non-200 response tag=SSE_BATTERY_LOW_SHUTDOWN, status=404, reason=Not Found, url=http://localhost:8080/robot_ec2b/events/battery/low_shutdown
2026-08-21 10:00:28.532 [session=000416] [INFO] [SSE-SSE_BATTERY_LOW_SHUTDOWN] [SSE_DIAG] reconnect wait tag=SSE_BATTERY_LOW_SHUTDOWN, delay=10s, reconnect=44, reason=HTTP 404, url=http://localhost:8080/robot_ec2b/events/battery/low_shutdown
2026-08-21 10:00:29.393 [session=000416] [INFO] [MainThread] [MAIN_THREAD_HEARTBEAT] GUI main thread alive: thread=MainThread
2026-08-21 10:00:34.393 [session=000416] [INFO] [MainThread] [MAIN_THREAD_HEARTBEAT] GUI main thread alive: thread=MainThread
2026-08-21 10:00:36.902 [session=000416] [DEBUG] [RestApiThread] GetCallBellFromRESTAPI 요청 시작
2026-08-21 10:00:36.908 [session=000416] [DEBUG] [RestApiThread] _get_data: 요청 시작 - tag: REST_API_TAG.GET_CALLBELL, url: http://localhost:8080/robot_ec2b/callbell
2026-08-21 10:00:36.908 [session=000416] [DEBUG] [RestApiThread] _get_data: 요청 전송 완료 - tag: REST_API_TAG.GET_CALLBELL, timeout: 30000ms
2026-08-21 10:00:36.912 [session=000416] [INFO] [MainThread] model_manager set_destinations: unchanged (5 items) - emit skipped
2026-08-21 10:00:36.919 [session=000416] [INFO] [RestApiThread] _handle_response (CYCLIC 정상) - tag: REST_API_TAG.GET_HOME_POSE, status: 200, pending→2
2026-08-21 10:00:36.921 [session=000416] [DEBUG] [RestApiThread] _handle_response 호출됨 - tag: REST_API_TAG.GET_CALLBELL, status_code: 200
2026-08-21 10:00:36.923 [session=000416] [INFO] [ThreadPoolExecutor-5_2] 호출벨 데이터 수신: 5개
2026-08-21 10:00:36.925 [session=000416] [INFO] [MainThread] 홈 위치 수신: (3.12, 1.10)
2026-08-21 10:00:36.926 [session=000416] [INFO] [MainThread] 홈 위치 표시 업데이트: (894.0, 100.9)
2026-08-21 10:00:36.930 [session=000416] [INFO] [MainThread]   홈 위치 서버 → 픽셀 좌표로 변환 및 UI 업데이트: (894.0, 100.9)
2026-08-21 10:00:36.933 [session=000416] [INFO] [MainThread] My IP : 192.168.104.212
2026-08-21 10:00:36.948 [session=000416] [INFO] [MainThread] 호출벨-목적지 동기화 완료: 5개 호출벨
2026-08-21 10:00:36.949 [session=000416] [INFO] [MainThread] 목적지 리스트 반환: destinations=[Destination(name='로비', goal_pose=Pose(x=4.241336459631034, y=-2.361104203714551, qw=0.5097087478206948, qz=0.8603470185890456), bell=Bells(treatment='', suction='64012cd7'), idx=0, color='#e53935'), Destination(name='수술실', goal_pose=Pose(x=4.5199271819089395, y=-3.9219605026851503, qw=0.14533446519134308, qz=-0.9893825818294691), bell=Bells(treatment='', suction='64132cd7'), idx=1, color='#e53935'), Destination(name='진료실', goal_pose=Pose(x=0.11980823444488001, y=-3.735511450600503, qw=0.9963649848510123, qz=0.0851869530083222), bell=Bells(treatment='', suction='64252cd7'), idx=2, color='#e53935'), Destination(name='창고', goal_pose=Pose(x=0.2834625688692579, y=-6.793061814598156, qw=0.5257961572167338, qz=0.850610604834031), bell=Bells(treatment='', suction='64372cd7'), idx=3, color='#e53935'), Destination(name='소독실', goal_pose=Pose(x=-3.4045695907217928, y=-7.611793760201744, qw=0.546869706461766, qz=0.8372177280459497), bell=Bells(treatment='', suction='64492cd7'), idx=4, color='#e53935')]
2026-08-21 10:00:36.949 [session=000416] [INFO] [MainThread] 호출벨 리스트 반환: callbells={'64012cd7': {'name': '호출벨 1', 'usage': 'suction', 'destination': '로비'}, '64132cd7': {'name': '호출벨 2', 'usage': 'suction', 'destination': '수술실'}, '64252cd7': {'name': '호출벨 3', 'usage': 'suction', 'destination': '진료실'}, '64372cd7': {'name': '호출벨 4', 'usage': 'suction', 'destination': '창고'}, '64492cd7': {'name': '호출벨 5', 'usage': 'suction', 'destination': '소독실'}}, robot_usages=['treatment', 'suction']
2026-08-21 10:00:36.950 [session=000416] [INFO] [MainThread] 호출벨 리스트 로드: 5개
2026-08-21 10:00:36.950 [session=000416] [INFO] [MainThread] 호출벨 목록 동일 - UI 재생성 생략
2026-08-21 10:00:36.950 [session=000416] [INFO] [MainThread] 호출벨용 용도 목록 로드 요청
2026-08-21 10:00:36.950 [session=000416] [INFO] [MainThread] 호출벨에 용도 목록 전달: 2개
2026-08-21 10:00:36.951 [session=000416] [INFO] [MainThread] 용도 목록 로드: 2개
2026-08-21 10:00:36.951 [session=000416] [INFO] [MainThread] 목적지 목록 로드: 5개
2026-08-21 10:00:36.951 [session=000416] [INFO] [MainThread] 호출벨 관리에 목적지 목록 전달: 5개
2026-08-21 10:00:37.120 [session=000416] [INFO] [ThreadPoolExecutor-8_0] 순차 이동 설정 저장 완료: /home/dentium/robot_GUIs/app/config/sequential_move.json
2026-08-21 10:00:38.533 [session=000416] [INFO] [SSE-SSE_BATTERY_LOW_SHUTDOWN] [SSE_DIAG] connect attempt tag=SSE_BATTERY_LOW_SHUTDOWN, reconnect=44, url=http://localhost:8080/robot_ec2b/events/battery/low_shutdown
2026-08-21 10:00:38.546 [session=000416] [INFO] [SSE-SSE_BATTERY_LOW_SHUTDOWN] [SSE_DIAG] connected tag=SSE_BATTERY_LOW_SHUTDOWN, status=404, reason=Not Found, elapsed=0.01s, content_type=application/json, url=http://localhost:8080/robot_ec2b/events/battery/low_shutdown
2026-08-21 10:00:38.546 [session=000416] [ERROR] [SSE-SSE_BATTERY_LOW_SHUTDOWN] [SSE_DIAG] non-200 response tag=SSE_BATTERY_LOW_SHUTDOWN, status=404, reason=Not Found, url=http://localhost:8080/robot_ec2b/events/battery/low_shutdown
2026-08-21 10:00:38.547 [session=000416] [INFO] [SSE-SSE_BATTERY_LOW_SHUTDOWN] [SSE_DIAG] reconnect wait tag=SSE_BATTERY_LOW_SHUTDOWN, delay=10s, reconnect=45, reason=HTTP 404, url=http://localhost:8080/robot_ec2b/events/battery/low_shutdown
2026-08-21 10:00:39.394 [session=000416] [INFO] [MainThread] [MAIN_THREAD_HEARTBEAT] GUI main thread alive: thread=MainThread
2026-08-21 10:00:44.395 [session=000416] [INFO] [MainThread] [MAIN_THREAD_HEARTBEAT] GUI main thread alive: thread=MainThread
2026-08-21 10:00:46.896 [session=000416] [DEBUG] [RestApiThread] GetCallBellFromRESTAPI 요청 시작
2026-08-21 10:00:46.901 [session=000416] [DEBUG] [RestApiThread] _get_data: 요청 시작 - tag: REST_API_TAG.GET_CALLBELL, url: http://localhost:8080/robot_ec2b/callbell
2026-08-21 10:00:46.902 [session=000416] [DEBUG] [RestApiThread] _get_data: 요청 전송 완료 - tag: REST_API_TAG.GET_CALLBELL, timeout: 30000ms
2026-08-21 10:00:46.911 [session=000416] [INFO] [MainThread] model_manager set_destinations: unchanged (5 items) - emit skipped
2026-08-21 10:00:46.916 [session=000416] [INFO] [MainThread] 홈 위치 수신: (3.12, 1.10)
2026-08-21 10:00:46.916 [session=000416] [INFO] [MainThread] 홈 위치 표시 업데이트: (894.0, 100.9)
2026-08-21 10:00:46.922 [session=000416] [INFO] [MainThread]   홈 위치 서버 → 픽셀 좌표로 변환 및 UI 업데이트: (894.0, 100.9)
2026-08-21 10:00:46.929 [session=000416] [DEBUG] [RestApiThread] _handle_response 호출됨 - tag: REST_API_TAG.GET_CALLBELL, status_code: 200
2026-08-21 10:00:46.930 [session=000416] [INFO] [ThreadPoolExecutor-5_2] 호출벨 데이터 수신: 5개
2026-08-21 10:00:46.931 [session=000416] [INFO] [MainThread] 호출벨-목적지 동기화 완료: 5개 호출벨
2026-08-21 10:00:46.932 [session=000416] [INFO] [MainThread] 목적지 리스트 반환: destinations=[Destination(name='로비', goal_pose=Pose(x=4.241336459631034, y=-2.361104203714551, qw=0.5097087478206948, qz=0.8603470185890456), bell=Bells(treatment='', suction='64012cd7'), idx=0, color='#e53935'), Destination(name='수술실', goal_pose=Pose(x=4.5199271819089395, y=-3.9219605026851503, qw=0.14533446519134308, qz=-0.9893825818294691), bell=Bells(treatment='', suction='64132cd7'), idx=1, color='#e53935'), Destination(name='진료실', goal_pose=Pose(x=0.11980823444488001, y=-3.735511450600503, qw=0.9963649848510123, qz=0.0851869530083222), bell=Bells(treatment='', suction='64252cd7'), idx=2, color='#e53935'), Destination(name='창고', goal_pose=Pose(x=0.2834625688692579, y=-6.793061814598156, qw=0.5257961572167338, qz=0.850610604834031), bell=Bells(treatment='', suction='64372cd7'), idx=3, color='#e53935'), Destination(name='소독실', goal_pose=Pose(x=-3.4045695907217928, y=-7.611793760201744, qw=0.546869706461766, qz=0.8372177280459497), bell=Bells(treatment='', suction='64492cd7'), idx=4, color='#e53935')]
2026-08-21 10:00:46.932 [session=000416] [INFO] [MainThread] 호출벨 리스트 반환: callbells={'64012cd7': {'name': '호출벨 1', 'usage': 'suction', 'destination': '로비'}, '64132cd7': {'name': '호출벨 2', 'usage': 'suction', 'destination': '수술실'}, '64252cd7': {'name': '호출벨 3', 'usage': 'suction', 'destination': '진료실'}, '64372cd7': {'name': '호출벨 4', 'usage': 'suction', 'destination': '창고'}, '64492cd7': {'name': '호출벨 5', 'usage': 'suction', 'destination': '소독실'}}, robot_usages=['treatment', 'suction']
2026-08-21 10:00:46.932 [session=000416] [INFO] [MainThread] 호출벨 리스트 로드: 5개
2026-08-21 10:00:46.933 [session=000416] [INFO] [MainThread] 호출벨 목록 동일 - UI 재생성 생략
2026-08-21 10:00:46.934 [session=000416] [INFO] [MainThread] 호출벨용 용도 목록 로드 요청
2026-08-21 10:00:46.934 [session=000416] [INFO] [MainThread] 호출벨에 용도 목록 전달: 2개
2026-08-21 10:00:46.934 [session=000416] [INFO] [MainThread] 용도 목록 로드: 2개
2026-08-21 10:00:46.934 [session=000416] [INFO] [MainThread] 목적지 목록 로드: 5개
2026-08-21 10:00:46.934 [session=000416] [INFO] [MainThread] 호출벨 관리에 목적지 목록 전달: 5개
2026-08-21 10:00:46.935 [session=000416] [INFO] [MainThread] My IP : 192.168.104.212
2026-08-21 10:00:47.097 [session=000416] [INFO] [ThreadPoolExecutor-8_0] 순차 이동 설정 저장 완료: /home/dentium/robot_GUIs/app/config/sequential_move.json
2026-08-21 10:00:48.549 [session=000416] [INFO] [SSE-SSE_BATTERY_LOW_SHUTDOWN] [SSE_DIAG] connect attempt tag=SSE_BATTERY_LOW_SHUTDOWN, reconnect=45, url=http://localhost:8080/robot_ec2b/events/battery/low_shutdown
2026-08-21 10:00:48.571 [session=000416] [INFO] [SSE-SSE_BATTERY_LOW_SHUTDOWN] [SSE_DIAG] connected tag=SSE_BATTERY_LOW_SHUTDOWN, status=404, reason=Not Found, elapsed=0.02s, content_type=application/json, url=http://localhost:8080/robot_ec2b/events/battery/low_shutdown
2026-08-21 10:00:48.572 [session=000416] [ERROR] [SSE-SSE_BATTERY_LOW_SHUTDOWN] [SSE_DIAG] non-200 response tag=SSE_BATTERY_LOW_SHUTDOWN, status=404, reason=Not Found, url=http://localhost:8080/robot_ec2b/events/battery/low_shutdown
2026-08-21 10:00:48.574 [session=000416] [INFO] [SSE-SSE_BATTERY_LOW_SHUTDOWN] [SSE_DIAG] reconnect wait tag=SSE_BATTERY_LOW_SHUTDOWN, delay=10s, reconnect=46, reason=HTTP 404, url=http://localhost:8080/robot_ec2b/events/battery/low_shutdown
2026-08-21 10:00:49.394 [session=000416] [INFO] [MainThread] [MAIN_THREAD_HEARTBEAT] GUI main thread alive: thread=MainThread
2026-08-21 10:00:54.393 [session=000416] [INFO] [MainThread] [MAIN_THREAD_HEARTBEAT] GUI main thread alive: thread=MainThread
2026-08-21 10:00:56.903 [session=000416] [DEBUG] [RestApiThread] GetCallBellFromRESTAPI 요청 시작
2026-08-21 10:00:56.906 [session=000416] [DEBUG] [RestApiThread] _get_data: 요청 시작 - tag: REST_API_TAG.GET_CALLBELL, url: http://localhost:8080/robot_ec2b/callbell
2026-08-21 10:00:56.907 [session=000416] [DEBUG] [RestApiThread] _get_data: 요청 전송 완료 - tag: REST_API_TAG.GET_CALLBELL, timeout: 30000ms
2026-08-21 10:00:56.910 [session=000416] [INFO] [MainThread] model_manager set_destinations: unchanged (5 items) - emit skipped
2026-08-21 10:00:56.911 [session=000416] [INFO] [MainThread] 홈 위치 수신: (3.12, 1.10)
2026-08-21 10:00:56.911 [session=000416] [INFO] [MainThread] 홈 위치 표시 업데이트: (894.0, 100.9)
2026-08-21 10:00:56.917 [session=000416] [INFO] [MainThread]   홈 위치 서버 → 픽셀 좌표로 변환 및 UI 업데이트: (894.0, 100.9)
2026-08-21 10:00:56.921 [session=000416] [DEBUG] [RestApiThread] _handle_response 호출됨 - tag: REST_API_TAG.GET_CALLBELL, status_code: 200
2026-08-21 10:00:56.923 [session=000416] [INFO] [ThreadPoolExecutor-5_0] 호출벨 데이터 수신: 5개
2026-08-21 10:00:56.926 [session=000416] [INFO] [MainThread] 호출벨-목적지 동기화 완료: 5개 호출벨
2026-08-21 10:00:56.926 [session=000416] [INFO] [MainThread] 목적지 리스트 반환: destinations=[Destination(name='로비', goal_pose=Pose(x=4.241336459631034, y=-2.361104203714551, qw=0.5097087478206948, qz=0.8603470185890456), bell=Bells(treatment='', suction='64012cd7'), idx=0, color='#e53935'), Destination(name='수술실', goal_pose=Pose(x=4.5199271819089395, y=-3.9219605026851503, qw=0.14533446519134308, qz=-0.9893825818294691), bell=Bells(treatment='', suction='64132cd7'), idx=1, color='#e53935'), Destination(name='진료실', goal_pose=Pose(x=0.11980823444488001, y=-3.735511450600503, qw=0.9963649848510123, qz=0.0851869530083222), bell=Bells(treatment='', suction='64252cd7'), idx=2, color='#e53935'), Destination(name='창고', goal_pose=Pose(x=0.2834625688692579, y=-6.793061814598156, qw=0.5257961572167338, qz=0.850610604834031), bell=Bells(treatment='', suction='64372cd7'), idx=3, color='#e53935'), Destination(name='소독실', goal_pose=Pose(x=-3.4045695907217928, y=-7.611793760201744, qw=0.546869706461766, qz=0.8372177280459497), bell=Bells(treatment='', suction='64492cd7'), idx=4, color='#e53935')]
2026-08-21 10:00:56.926 [session=000416] [INFO] [MainThread] 호출벨 리스트 반환: callbells={'64012cd7': {'name': '호출벨 1', 'usage': 'suction', 'destination': '로비'}, '64132cd7': {'name': '호출벨 2', 'usage': 'suction', 'destination': '수술실'}, '64252cd7': {'name': '호출벨 3', 'usage': 'suction', 'destination': '진료실'}, '64372cd7': {'name': '호출벨 4', 'usage': 'suction', 'destination': '창고'}, '64492cd7': {'name': '호출벨 5', 'usage': 'suction', 'destination': '소독실'}}, robot_usages=['treatment', 'suction']
2026-08-21 10:00:56.927 [session=000416] [INFO] [MainThread] 호출벨 리스트 로드: 5개
2026-08-21 10:00:56.927 [session=000416] [INFO] [MainThread] 호출벨 목록 동일 - UI 재생성 생략
2026-08-21 10:00:56.927 [session=000416] [INFO] [MainThread] 호출벨용 용도 목록 로드 요청
2026-08-21 10:00:56.927 [session=000416] [INFO] [MainThread] 호출벨에 용도 목록 전달: 2개
2026-08-21 10:00:56.927 [session=000416] [INFO] [MainThread] 용도 목록 로드: 2개
2026-08-21 10:00:56.927 [session=000416] [INFO] [MainThread] 목적지 목록 로드: 5개
2026-08-21 10:00:56.928 [session=000416] [INFO] [MainThread] 호출벨 관리에 목적지 목록 전달: 5개
2026-08-21 10:00:56.928 [session=000416] [INFO] [MainThread] My IP : 192.168.104.212
2026-08-21 10:00:57.095 [session=000416] [INFO] [ThreadPoolExecutor-8_0] 순차 이동 설정 저장 완료: /home/dentium/robot_GUIs/app/config/sequential_move.json
2026-08-21 10:00:58.577 [session=000416] [INFO] [SSE-SSE_BATTERY_LOW_SHUTDOWN] [SSE_DIAG] connect attempt tag=SSE_BATTERY_LOW_SHUTDOWN, reconnect=46, url=http://localhost:8080/robot_ec2b/events/battery/low_shutdown
2026-08-21 10:00:58.591 [session=000416] [INFO] [SSE-SSE_BATTERY_LOW_SHUTDOWN] [SSE_DIAG] connected tag=SSE_BATTERY_LOW_SHUTDOWN, status=404, reason=Not Found, elapsed=0.01s, content_type=application/json, url=http://localhost:8080/robot_ec2b/events/battery/low_shutdown
2026-08-21 10:00:58.595 [session=000416] [ERROR] [SSE-SSE_BATTERY_LOW_SHUTDOWN] [SSE_DIAG] non-200 response tag=SSE_BATTERY_LOW_SHUTDOWN, status=404, reason=Not Found, url=http://localhost:8080/robot_ec2b/events/battery/low_shutdown
2026-08-21 10:00:58.598 [session=000416] [INFO] [SSE-SSE_BATTERY_LOW_SHUTDOWN] [SSE_DIAG] reconnect wait tag=SSE_BATTERY_LOW_SHUTDOWN, delay=10s, reconnect=47, reason=HTTP 404, url=http://localhost:8080/robot_ec2b/events/battery/low_shutdown
2026-08-21 10:00:59.394 [session=000416] [INFO] [MainThread] [MAIN_THREAD_HEARTBEAT] GUI main thread alive: thread=MainThread
2026-08-21 10:01:04.395 [session=000416] [INFO] [MainThread] [MAIN_THREAD_HEARTBEAT] GUI main thread alive: thread=MainThread
2026-08-21 10:01:06.904 [session=000416] [DEBUG] [RestApiThread] GetCallBellFromRESTAPI 요청 시작
2026-08-21 10:01:06.909 [session=000416] [DEBUG] [RestApiThread] _get_data: 요청 시작 - tag: REST_API_TAG.GET_CALLBELL, url: http://localhost:8080/robot_ec2b/callbell
2026-08-21 10:01:06.911 [session=000416] [DEBUG] [RestApiThread] _get_data: 요청 전송 완료 - tag: REST_API_TAG.GET_CALLBELL, timeout: 30000ms
2026-08-21 10:01:06.915 [session=000416] [INFO] [MainThread] model_manager set_destinations: unchanged (5 items) - emit skipped
2026-08-21 10:01:06.922 [session=000416] [INFO] [MainThread] My IP : 192.168.104.212
2026-08-21 10:01:06.925 [session=000416] [INFO] [browser-music-sync_0] [BROWSER_MUSIC_SYNC] event=catalog_fetch_started master_base_url=http://127.0.0.1:5051
2026-08-21 10:01:06.935 [session=000416] [DEBUG] [RestApiThread] _handle_response 호출됨 - tag: REST_API_TAG.GET_CALLBELL, status_code: 200
2026-08-21 10:01:06.936 [session=000416] [INFO] [ThreadPoolExecutor-5_0] 호출벨 데이터 수신: 5개
2026-08-21 10:01:06.937 [session=000416] [INFO] [MainThread] 홈 위치 수신: (3.12, 1.10)
2026-08-21 10:01:06.938 [session=000416] [INFO] [MainThread] 홈 위치 표시 업데이트: (894.0, 100.9)
2026-08-21 10:01:06.952 [session=000416] [INFO] [MainThread]   홈 위치 서버 → 픽셀 좌표로 변환 및 UI 업데이트: (894.0, 100.9)
2026-08-21 10:01:06.959 [session=000416] [INFO] [MainThread] 호출벨-목적지 동기화 완료: 5개 호출벨
2026-08-21 10:01:06.961 [session=000416] [INFO] [MainThread] 목적지 리스트 반환: destinations=[Destination(name='로비', goal_pose=Pose(x=4.241336459631034, y=-2.361104203714551, qw=0.5097087478206948, qz=0.8603470185890456), bell=Bells(treatment='', suction='64012cd7'), idx=0, color='#e53935'), Destination(name='수술실', goal_pose=Pose(x=4.5199271819089395, y=-3.9219605026851503, qw=0.14533446519134308, qz=-0.9893825818294691), bell=Bells(treatment='', suction='64132cd7'), idx=1, color='#e53935'), Destination(name='진료실', goal_pose=Pose(x=0.11980823444488001, y=-3.735511450600503, qw=0.9963649848510123, qz=0.0851869530083222), bell=Bells(treatment='', suction='64252cd7'), idx=2, color='#e53935'), Destination(name='창고', goal_pose=Pose(x=0.2834625688692579, y=-6.793061814598156, qw=0.5257961572167338, qz=0.850610604834031), bell=Bells(treatment='', suction='64372cd7'), idx=3, color='#e53935'), Destination(name='소독실', goal_pose=Pose(x=-3.4045695907217928, y=-7.611793760201744, qw=0.546869706461766, qz=0.8372177280459497), bell=Bells(treatment='', suction='64492cd7'), idx=4, color='#e53935')]
2026-08-21 10:01:06.962 [session=000416] [INFO] [MainThread] 호출벨 리스트 반환: callbells={'64012cd7': {'name': '호출벨 1', 'usage': 'suction', 'destination': '로비'}, '64132cd7': {'name': '호출벨 2', 'usage': 'suction', 'destination': '수술실'}, '64252cd7': {'name': '호출벨 3', 'usage': 'suction', 'destination': '진료실'}, '64372cd7': {'name': '호출벨 4', 'usage': 'suction', 'destination': '창고'}, '64492cd7': {'name': '호출벨 5', 'usage': 'suction', 'destination': '소독실'}}, robot_usages=['treatment', 'suction']
2026-08-21 10:01:06.962 [session=000416] [INFO] [MainThread] 호출벨 리스트 로드: 5개
2026-08-21 10:01:06.962 [session=000416] [INFO] [MainThread] 호출벨 목록 동일 - UI 재생성 생략
2026-08-21 10:01:06.963 [session=000416] [INFO] [MainThread] 호출벨용 용도 목록 로드 요청
2026-08-21 10:01:06.963 [session=000416] [INFO] [MainThread] 호출벨에 용도 목록 전달: 2개
2026-08-21 10:01:06.963 [session=000416] [INFO] [MainThread] 용도 목록 로드: 2개
2026-08-21 10:01:06.965 [session=000416] [INFO] [MainThread] 목적지 목록 로드: 5개
2026-08-21 10:01:06.967 [session=000416] [INFO] [browser-music-sync_0] [BROWSER_MUSIC_SYNC] event=catalog_fetch_succeeded master_base_url=http://127.0.0.1:5051 item_count=3
2026-08-21 10:01:06.967 [session=000416] [INFO] [MainThread] 호출벨 관리에 목적지 목록 전달: 5개
2026-08-21 10:01:06.990 [session=000416] [INFO] [RestApiThread] [REST API] 배경 음악 GET 전송: operation=selection_get, url=http://127.0.0.1:5051/api/voice-event-settings/background-music?robot_id=robot_ec2b
2026-08-21 10:01:06.991 [session=000416] [INFO] [RestApiThread] [REST API] 배경 음악 GET 전송: operation=resolved_get, url=http://127.0.0.1:5051/api/voice-event-settings/resolved?robot_id=robot_ec2b
2026-08-21 10:01:07.004 [session=000416] [DEBUG] [RestApiThread] _handle_response 호출됨 - tag: REST_API_TAG.GET_BACKGROUND_MUSIC_SETTING, status_code: 200
2026-08-21 10:01:07.020 [session=000416] [DEBUG] [RestApiThread] _handle_response 호출됨 - tag: REST_API_TAG.GET_RESOLVED_BACKGROUND_MUSIC, status_code: 200
2026-08-21 10:01:07.146 [session=000416] [INFO] [ThreadPoolExecutor-8_0] 순차 이동 설정 저장 완료: /home/dentium/robot_GUIs/app/config/sequential_move.json
2026-08-21 10:01:08.601 [session=000416] [INFO] [SSE-SSE_BATTERY_LOW_SHUTDOWN] [SSE_DIAG] connect attempt tag=SSE_BATTERY_LOW_SHUTDOWN, reconnect=47, url=http://localhost:8080/robot_ec2b/events/battery/low_shutdown
2026-08-21 10:01:08.611 [session=000416] [INFO] [SSE-SSE_BATTERY_LOW_SHUTDOWN] [SSE_DIAG] connected tag=SSE_BATTERY_LOW_SHUTDOWN, status=404, reason=Not Found, elapsed=0.01s, content_type=application/json, url=http://localhost:8080/robot_ec2b/events/battery/low_shutdown
2026-08-21 10:01:08.611 [session=000416] [ERROR] [SSE-SSE_BATTERY_LOW_SHUTDOWN] [SSE_DIAG] non-200 response tag=SSE_BATTERY_LOW_SHUTDOWN, status=404, reason=Not Found, url=http://localhost:8080/robot_ec2b/events/battery/low_shutdown
2026-08-21 10:01:08.613 [session=000416] [INFO] [SSE-SSE_BATTERY_LOW_SHUTDOWN] [SSE_DIAG] reconnect wait tag=SSE_BATTERY_LOW_SHUTDOWN, delay=10s, reconnect=48, reason=HTTP 404, url=http://localhost:8080/robot_ec2b/events/battery/low_shutdown
2026-08-21 10:01:09.395 [session=000416] [INFO] [MainThread] [MAIN_THREAD_HEARTBEAT] GUI main thread alive: thread=MainThread
2026-08-21 10:01:14.396 [session=000416] [INFO] [MainThread] [MAIN_THREAD_HEARTBEAT] GUI main thread alive: thread=MainThread
2026-08-21 10:01:16.904 [session=000416] [DEBUG] [RestApiThread] GetCallBellFromRESTAPI 요청 시작
2026-08-21 10:01:16.906 [session=000416] [DEBUG] [RestApiThread] _get_data: 요청 시작 - tag: REST_API_TAG.GET_CALLBELL, url: http://localhost:8080/robot_ec2b/callbell
2026-08-21 10:01:16.906 [session=000416] [DEBUG] [RestApiThread] _get_data: 요청 전송 완료 - tag: REST_API_TAG.GET_CALLBELL, timeout: 30000ms
2026-08-21 10:01:16.912 [session=000416] [INFO] [MainThread] model_manager set_destinations: unchanged (5 items) - emit skipped
2026-08-21 10:01:16.914 [session=000416] [INFO] [MainThread] 홈 위치 수신: (3.12, 1.10)
2026-08-21 10:01:16.915 [session=000416] [INFO] [MainThread] 홈 위치 표시 업데이트: (894.0, 100.9)
2026-08-21 10:01:16.925 [session=000416] [INFO] [MainThread]   홈 위치 서버 → 픽셀 좌표로 변환 및 UI 업데이트: (894.0, 100.9)
2026-08-21 10:01:16.927 [session=000416] [DEBUG] [RestApiThread] _handle_response 호출됨 - tag: REST_API_TAG.GET_CALLBELL, status_code: 200
2026-08-21 10:01:16.928 [session=000416] [INFO] [ThreadPoolExecutor-5_0] 호출벨 데이터 수신: 5개
2026-08-21 10:01:16.930 [session=000416] [INFO] [MainThread] 호출벨-목적지 동기화 완료: 5개 호출벨
2026-08-21 10:01:16.930 [session=000416] [INFO] [MainThread] 목적지 리스트 반환: destinations=[Destination(name='로비', goal_pose=Pose(x=4.241336459631034, y=-2.361104203714551, qw=0.5097087478206948, qz=0.8603470185890456), bell=Bells(treatment='', suction='64012cd7'), idx=0, color='#e53935'), Destination(name='수술실', goal_pose=Pose(x=4.5199271819089395, y=-3.9219605026851503, qw=0.14533446519134308, qz=-0.9893825818294691), bell=Bells(treatment='', suction='64132cd7'), idx=1, color='#e53935'), Destination(name='진료실', goal_pose=Pose(x=0.11980823444488001, y=-3.735511450600503, qw=0.9963649848510123, qz=0.0851869530083222), bell=Bells(treatment='', suction='64252cd7'), idx=2, color='#e53935'), Destination(name='창고', goal_pose=Pose(x=0.2834625688692579, y=-6.793061814598156, qw=0.5257961572167338, qz=0.850610604834031), bell=Bells(treatment='', suction='64372cd7'), idx=3, color='#e53935'), Destination(name='소독실', goal_pose=Pose(x=-3.4045695907217928, y=-7.611793760201744, qw=0.546869706461766, qz=0.8372177280459497), bell=Bells(treatment='', suction='64492cd7'), idx=4, color='#e53935')]
2026-08-21 10:01:16.930 [session=000416] [INFO] [MainThread] 호출벨 리스트 반환: callbells={'64012cd7': {'name': '호출벨 1', 'usage': 'suction', 'destination': '로비'}, '64132cd7': {'name': '호출벨 2', 'usage': 'suction', 'destination': '수술실'}, '64252cd7': {'name': '호출벨 3', 'usage': 'suction', 'destination': '진료실'}, '64372cd7': {'name': '호출벨 4', 'usage': 'suction', 'destination': '창고'}, '64492cd7': {'name': '호출벨 5', 'usage': 'suction', 'destination': '소독실'}}, robot_usages=['treatment', 'suction']
2026-08-21 10:01:16.930 [session=000416] [INFO] [MainThread] 호출벨 리스트 로드: 5개
2026-08-21 10:01:16.931 [session=000416] [INFO] [MainThread] 호출벨 목록 동일 - UI 재생성 생략
2026-08-21 10:01:16.931 [session=000416] [INFO] [MainThread] 호출벨용 용도 목록 로드 요청
2026-08-21 10:01:16.931 [session=000416] [INFO] [MainThread] 호출벨에 용도 목록 전달: 2개
2026-08-21 10:01:16.931 [session=000416] [INFO] [MainThread] 용도 목록 로드: 2개
2026-08-21 10:01:16.931 [session=000416] [INFO] [MainThread] 목적지 목록 로드: 5개
2026-08-21 10:01:16.932 [session=000416] [INFO] [MainThread] 호출벨 관리에 목적지 목록 전달: 5개
2026-08-21 10:01:16.938 [session=000416] [INFO] [MainThread] My IP : 192.168.104.212
2026-08-21 10:01:17.118 [session=000416] [INFO] [ThreadPoolExecutor-8_0] 순차 이동 설정 저장 완료: /home/dentium/robot_GUIs/app/config/sequential_move.json
2026-08-21 10:01:18.614 [session=000416] [INFO] [SSE-SSE_BATTERY_LOW_SHUTDOWN] [SSE_DIAG] connect attempt tag=SSE_BATTERY_LOW_SHUTDOWN, reconnect=48, url=http://localhost:8080/robot_ec2b/events/battery/low_shutdown
2026-08-21 10:01:18.629 [session=000416] [INFO] [SSE-SSE_BATTERY_LOW_SHUTDOWN] [SSE_DIAG] connected tag=SSE_BATTERY_LOW_SHUTDOWN, status=404, reason=Not Found, elapsed=0.01s, content_type=application/json, url=http://localhost:8080/robot_ec2b/events/battery/low_shutdown
2026-08-21 10:01:18.630 [session=000416] [ERROR] [SSE-SSE_BATTERY_LOW_SHUTDOWN] [SSE_DIAG] non-200 response tag=SSE_BATTERY_LOW_SHUTDOWN, status=404, reason=Not Found, url=http://localhost:8080/robot_ec2b/events/battery/low_shutdown
2026-08-21 10:01:18.635 [session=000416] [INFO] [SSE-SSE_BATTERY_LOW_SHUTDOWN] [SSE_DIAG] reconnect wait tag=SSE_BATTERY_LOW_SHUTDOWN, delay=10s, reconnect=49, reason=HTTP 404, url=http://localhost:8080/robot_ec2b/events/battery/low_shutdown
2026-08-21 10:01:19.396 [session=000416] [INFO] [MainThread] [MAIN_THREAD_HEARTBEAT] GUI main thread alive: thread=MainThread
2026-08-21 10:01:24.396 [session=000416] [INFO] [MainThread] [MAIN_THREAD_HEARTBEAT] GUI main thread alive: thread=MainThread
2026-08-21 10:01:26.896 [session=000416] [DEBUG] [RestApiThread] GetCallBellFromRESTAPI 요청 시작
2026-08-21 10:01:26.902 [session=000416] [DEBUG] [RestApiThread] _get_data: 요청 시작 - tag: REST_API_TAG.GET_CALLBELL, url: http://localhost:8080/robot_ec2b/callbell
2026-08-21 10:01:26.903 [session=000416] [DEBUG] [RestApiThread] _get_data: 요청 전송 완료 - tag: REST_API_TAG.GET_CALLBELL, timeout: 30000ms
2026-08-21 10:01:26.913 [session=000416] [INFO] [MainThread] model_manager set_destinations: unchanged (5 items) - emit skipped
2026-08-21 10:01:26.919 [session=000416] [DEBUG] [RestApiThread] _handle_response 호출됨 - tag: REST_API_TAG.GET_CALLBELL, status_code: 200
2026-08-21 10:01:26.921 [session=000416] [INFO] [ThreadPoolExecutor-5_1] 호출벨 데이터 수신: 5개
2026-08-21 10:01:26.922 [session=000416] [INFO] [MainThread] 홈 위치 수신: (3.12, 1.10)
2026-08-21 10:01:26.924 [session=000416] [INFO] [MainThread] 홈 위치 표시 업데이트: (894.0, 100.9)
2026-08-21 10:01:26.928 [session=000416] [INFO] [MainThread]   홈 위치 서버 → 픽셀 좌표로 변환 및 UI 업데이트: (894.0, 100.9)
2026-08-21 10:01:26.929 [session=000416] [INFO] [RestApiThread] _handle_response (CYCLIC 정상) - tag: REST_API_TAG.GET_MASTER_IP_ADDRESS, status: 200, pending→0
2026-08-21 10:01:26.931 [session=000416] [INFO] [MainThread] 호출벨-목적지 동기화 완료: 5개 호출벨
2026-08-21 10:01:26.935 [session=000416] [INFO] [MainThread] 목적지 리스트 반환: destinations=[Destination(name='로비', goal_pose=Pose(x=4.241336459631034, y=-2.361104203714551, qw=0.5097087478206948, qz=0.8603470185890456), bell=Bells(treatment='', suction='64012cd7'), idx=0, color='#e53935'), Destination(name='수술실', goal_pose=Pose(x=4.5199271819089395, y=-3.9219605026851503, qw=0.14533446519134308, qz=-0.9893825818294691), bell=Bells(treatment='', suction='64132cd7'), idx=1, color='#e53935'), Destination(name='진료실', goal_pose=Pose(x=0.11980823444488001, y=-3.735511450600503, qw=0.9963649848510123, qz=0.0851869530083222), bell=Bells(treatment='', suction='64252cd7'), idx=2, color='#e53935'), Destination(name='창고', goal_pose=Pose(x=0.2834625688692579, y=-6.793061814598156, qw=0.5257961572167338, qz=0.850610604834031), bell=Bells(treatment='', suction='64372cd7'), idx=3, color='#e53935'), Destination(name='소독실', goal_pose=Pose(x=-3.4045695907217928, y=-7.611793760201744, qw=0.546869706461766, qz=0.8372177280459497), bell=Bells(treatment='', suction='64492cd7'), idx=4, color='#e53935')]
2026-08-21 10:01:26.935 [session=000416] [INFO] [MainThread] 호출벨 리스트 반환: callbells={'64012cd7': {'name': '호출벨 1', 'usage': 'suction', 'destination': '로비'}, '64132cd7': {'name': '호출벨 2', 'usage': 'suction', 'destination': '수술실'}, '64252cd7': {'name': '호출벨 3', 'usage': 'suction', 'destination': '진료실'}, '64372cd7': {'name': '호출벨 4', 'usage': 'suction', 'destination': '창고'}, '64492cd7': {'name': '호출벨 5', 'usage': 'suction', 'destination': '소독실'}}, robot_usages=['treatment', 'suction']
2026-08-21 10:01:26.936 [session=000416] [INFO] [MainThread] 호출벨 리스트 로드: 5개
2026-08-21 10:01:26.936 [session=000416] [INFO] [MainThread] 호출벨 목록 동일 - UI 재생성 생략
2026-08-21 10:01:26.936 [session=000416] [INFO] [MainThread] 호출벨용 용도 목록 로드 요청
2026-08-21 10:01:26.936 [session=000416] [INFO] [MainThread] 호출벨에 용도 목록 전달: 2개
2026-08-21 10:01:26.936 [session=000416] [INFO] [MainThread] 용도 목록 로드: 2개
2026-08-21 10:01:26.937 [session=000416] [INFO] [MainThread] 목적지 목록 로드: 5개
2026-08-21 10:01:26.937 [session=000416] [INFO] [MainThread] 호출벨 관리에 목적지 목록 전달: 5개
2026-08-21 10:01:26.939 [session=000416] [INFO] [MainThread] My IP : 192.168.104.212
2026-08-21 10:01:27.120 [session=000416] [INFO] [ThreadPoolExecutor-8_0] 순차 이동 설정 저장 완료: /home/dentium/robot_GUIs/app/config/sequential_move.json
2026-08-21 10:01:28.638 [session=000416] [INFO] [SSE-SSE_BATTERY_LOW_SHUTDOWN] [SSE_DIAG] connect attempt tag=SSE_BATTERY_LOW_SHUTDOWN, reconnect=49, url=http://localhost:8080/robot_ec2b/events/battery/low_shutdown
2026-08-21 10:01:28.656 [session=000416] [INFO] [SSE-SSE_BATTERY_LOW_SHUTDOWN] [SSE_DIAG] connected tag=SSE_BATTERY_LOW_SHUTDOWN, status=404, reason=Not Found, elapsed=0.02s, content_type=application/json, url=http://localhost:8080/robot_ec2b/events/battery/low_shutdown
2026-08-21 10:01:28.658 [session=000416] [ERROR] [SSE-SSE_BATTERY_LOW_SHUTDOWN] [SSE_DIAG] non-200 response tag=SSE_BATTERY_LOW_SHUTDOWN, status=404, reason=Not Found, url=http://localhost:8080/robot_ec2b/events/battery/low_shutdown
2026-08-21 10:01:28.662 [session=000416] [INFO] [SSE-SSE_BATTERY_LOW_SHUTDOWN] [SSE_DIAG] reconnect wait tag=SSE_BATTERY_LOW_SHUTDOWN, delay=10s, reconnect=50, reason=HTTP 404, url=http://localhost:8080/robot_ec2b/events/battery/low_shutdown
2026-08-21 10:01:29.395 [session=000416] [INFO] [MainThread] [MAIN_THREAD_HEARTBEAT] GUI main thread alive: thread=MainThread
2026-08-21 10:01:34.393 [session=000416] [INFO] [MainThread] [MAIN_THREAD_HEARTBEAT] GUI main thread alive: thread=MainThread
2026-08-21 10:01:36.899 [session=000416] [DEBUG] [RestApiThread] GetCallBellFromRESTAPI 요청 시작
2026-08-21 10:01:36.909 [session=000416] [DEBUG] [RestApiThread] _get_data: 요청 시작 - tag: REST_API_TAG.GET_CALLBELL, url: http://localhost:8080/robot_ec2b/callbell
2026-08-21 10:01:36.910 [session=000416] [DEBUG] [RestApiThread] _get_data: 요청 전송 완료 - tag: REST_API_TAG.GET_CALLBELL, timeout: 30000ms
2026-08-21 10:01:36.910 [session=000416] [INFO] [RestApiThread] _handle_response (CYCLIC 정상) - tag: REST_API_TAG.GET_DESTINATIONS, status: 200, pending→2
2026-08-21 10:01:36.913 [session=000416] [INFO] [MainThread] model_manager set_destinations: unchanged (5 items) - emit skipped
2026-08-21 10:01:36.921 [session=000416] [INFO] [MainThread] 홈 위치 수신: (3.12, 1.10)
2026-08-21 10:01:36.923 [session=000416] [INFO] [MainThread] 홈 위치 표시 업데이트: (894.0, 100.9)
2026-08-21 10:01:36.926 [session=000416] [DEBUG] [RestApiThread] _handle_response 호출됨 - tag: REST_API_TAG.GET_CALLBELL, status_code: 200
2026-08-21 10:01:36.926 [session=000416] [INFO] [ThreadPoolExecutor-5_0] 호출벨 데이터 수신: 5개
2026-08-21 10:01:36.928 [session=000416] [INFO] [MainThread]   홈 위치 서버 → 픽셀 좌표로 변환 및 UI 업데이트: (894.0, 100.9)
2026-08-21 10:01:36.930 [session=000416] [INFO] [MainThread] 호출벨-목적지 동기화 완료: 5개 호출벨
2026-08-21 10:01:36.930 [session=000416] [INFO] [MainThread] 목적지 리스트 반환: destinations=[Destination(name='로비', goal_pose=Pose(x=4.241336459631034, y=-2.361104203714551, qw=0.5097087478206948, qz=0.8603470185890456), bell=Bells(treatment='', suction='64012cd7'), idx=0, color='#e53935'), Destination(name='수술실', goal_pose=Pose(x=4.5199271819089395, y=-3.9219605026851503, qw=0.14533446519134308, qz=-0.9893825818294691), bell=Bells(treatment='', suction='64132cd7'), idx=1, color='#e53935'), Destination(name='진료실', goal_pose=Pose(x=0.11980823444488001, y=-3.735511450600503, qw=0.9963649848510123, qz=0.0851869530083222), bell=Bells(treatment='', suction='64252cd7'), idx=2, color='#e53935'), Destination(name='창고', goal_pose=Pose(x=0.2834625688692579, y=-6.793061814598156, qw=0.5257961572167338, qz=0.850610604834031), bell=Bells(treatment='', suction='64372cd7'), idx=3, color='#e53935'), Destination(name='소독실', goal_pose=Pose(x=-3.4045695907217928, y=-7.611793760201744, qw=0.546869706461766, qz=0.8372177280459497), bell=Bells(treatment='', suction='64492cd7'), idx=4, color='#e53935')]
2026-08-21 10:01:36.931 [session=000416] [INFO] [MainThread] 호출벨 리스트 반환: callbells={'64012cd7': {'name': '호출벨 1', 'usage': 'suction', 'destination': '로비'}, '64132cd7': {'name': '호출벨 2', 'usage': 'suction', 'destination': '수술실'}, '64252cd7': {'name': '호출벨 3', 'usage': 'suction', 'destination': '진료실'}, '64372cd7': {'name': '호출벨 4', 'usage': 'suction', 'destination': '창고'}, '64492cd7': {'name': '호출벨 5', 'usage': 'suction', 'destination': '소독실'}}, robot_usages=['treatment', 'suction']
2026-08-21 10:01:36.931 [session=000416] [INFO] [MainThread] 호출벨 리스트 로드: 5개
2026-08-21 10:01:36.932 [session=000416] [INFO] [MainThread] 호출벨 목록 동일 - UI 재생성 생략
2026-08-21 10:01:36.933 [session=000416] [INFO] [MainThread] 호출벨용 용도 목록 로드 요청
2026-08-21 10:01:36.943 [session=000416] [INFO] [MainThread] 호출벨에 용도 목록 전달: 2개
2026-08-21 10:01:36.947 [session=000416] [INFO] [MainThread] 용도 목록 로드: 2개
2026-08-21 10:01:36.947 [session=000416] [INFO] [MainThread] 목적지 목록 로드: 5개
2026-08-21 10:01:36.947 [session=000416] [INFO] [MainThread] 호출벨 관리에 목적지 목록 전달: 5개
2026-08-21 10:01:36.951 [session=000416] [INFO] [MainThread] My IP : 192.168.104.212
2026-08-21 10:01:37.119 [session=000416] [INFO] [ThreadPoolExecutor-8_0] 순차 이동 설정 저장 완료: /home/dentium/robot_GUIs/app/config/sequential_move.json
2026-08-21 10:01:38.664 [session=000416] [INFO] [SSE-SSE_BATTERY_LOW_SHUTDOWN] [SSE_DIAG] connect attempt tag=SSE_BATTERY_LOW_SHUTDOWN, reconnect=50, url=http://localhost:8080/robot_ec2b/events/battery/low_shutdown
2026-08-21 10:01:38.678 [session=000416] [INFO] [SSE-SSE_BATTERY_LOW_SHUTDOWN] [SSE_DIAG] connected tag=SSE_BATTERY_LOW_SHUTDOWN, status=404, reason=Not Found, elapsed=0.01s, content_type=application/json, url=http://localhost:8080/robot_ec2b/events/battery/low_shutdown
2026-08-21 10:01:38.678 [session=000416] [ERROR] [SSE-SSE_BATTERY_LOW_SHUTDOWN] [SSE_DIAG] non-200 response tag=SSE_BATTERY_LOW_SHUTDOWN, status=404, reason=Not Found, url=http://localhost:8080/robot_ec2b/events/battery/low_shutdown
2026-08-21 10:01:38.680 [session=000416] [INFO] [SSE-SSE_BATTERY_LOW_SHUTDOWN] [SSE_DIAG] reconnect wait tag=SSE_BATTERY_LOW_SHUTDOWN, delay=10s, reconnect=51, reason=HTTP 404, url=http://localhost:8080/robot_ec2b/events/battery/low_shutdown
2026-08-21 10:01:39.394 [session=000416] [INFO] [MainThread] [MAIN_THREAD_HEARTBEAT] GUI main thread alive: thread=MainThread
2026-08-21 10:01:44.398 [session=000416] [INFO] [MainThread] [MAIN_THREAD_HEARTBEAT] GUI main thread alive: thread=MainThread
2026-08-21 10:01:46.900 [session=000416] [DEBUG] [RestApiThread] GetCallBellFromRESTAPI 요청 시작
2026-08-21 10:01:46.905 [session=000416] [DEBUG] [RestApiThread] _get_data: 요청 시작 - tag: REST_API_TAG.GET_CALLBELL, url: http://localhost:8080/robot_ec2b/callbell
2026-08-21 10:01:46.906 [session=000416] [DEBUG] [RestApiThread] _get_data: 요청 전송 완료 - tag: REST_API_TAG.GET_CALLBELL, timeout: 30000ms
2026-08-21 10:01:46.911 [session=000416] [INFO] [MainThread] model_manager set_destinations: unchanged (5 items) - emit skipped
2026-08-21 10:01:46.913 [session=000416] [INFO] [MainThread] 홈 위치 수신: (3.12, 1.10)
2026-08-21 10:01:46.914 [session=000416] [INFO] [MainThread] 홈 위치 표시 업데이트: (894.0, 100.9)
2026-08-21 10:01:46.918 [session=000416] [INFO] [MainThread]   홈 위치 서버 → 픽셀 좌표로 변환 및 UI 업데이트: (894.0, 100.9)
2026-08-21 10:01:46.919 [session=000416] [DEBUG] [RestApiThread] _handle_response 호출됨 - tag: REST_API_TAG.GET_CALLBELL, status_code: 200
2026-08-21 10:01:46.921 [session=000416] [INFO] [ThreadPoolExecutor-5_0] 호출벨 데이터 수신: 5개
2026-08-21 10:01:46.928 [session=000416] [INFO] [MainThread] 호출벨-목적지 동기화 완료: 5개 호출벨
2026-08-21 10:01:46.929 [session=000416] [INFO] [MainThread] 목적지 리스트 반환: destinations=[Destination(name='로비', goal_pose=Pose(x=4.241336459631034, y=-2.361104203714551, qw=0.5097087478206948, qz=0.8603470185890456), bell=Bells(treatment='', suction='64012cd7'), idx=0, color='#e53935'), Destination(name='수술실', goal_pose=Pose(x=4.5199271819089395, y=-3.9219605026851503, qw=0.14533446519134308, qz=-0.9893825818294691), bell=Bells(treatment='', suction='64132cd7'), idx=1, color='#e53935'), Destination(name='진료실', goal_pose=Pose(x=0.11980823444488001, y=-3.735511450600503, qw=0.9963649848510123, qz=0.0851869530083222), bell=Bells(treatment='', suction='64252cd7'), idx=2, color='#e53935'), Destination(name='창고', goal_pose=Pose(x=0.2834625688692579, y=-6.793061814598156, qw=0.5257961572167338, qz=0.850610604834031), bell=Bells(treatment='', suction='64372cd7'), idx=3, color='#e53935'), Destination(name='소독실', goal_pose=Pose(x=-3.4045695907217928, y=-7.611793760201744, qw=0.546869706461766, qz=0.8372177280459497), bell=Bells(treatment='', suction='64492cd7'), idx=4, color='#e53935')]
2026-08-21 10:01:46.929 [session=000416] [INFO] [MainThread] 호출벨 리스트 반환: callbells={'64012cd7': {'name': '호출벨 1', 'usage': 'suction', 'destination': '로비'}, '64132cd7': {'name': '호출벨 2', 'usage': 'suction', 'destination': '수술실'}, '64252cd7': {'name': '호출벨 3', 'usage': 'suction', 'destination': '진료실'}, '64372cd7': {'name': '호출벨 4', 'usage': 'suction', 'destination': '창고'}, '64492cd7': {'name': '호출벨 5', 'usage': 'suction', 'destination': '소독실'}}, robot_usages=['treatment', 'suction']
2026-08-21 10:01:46.929 [session=000416] [INFO] [MainThread] 호출벨 리스트 로드: 5개
2026-08-21 10:01:46.929 [session=000416] [INFO] [MainThread] 호출벨 목록 동일 - UI 재생성 생략
2026-08-21 10:01:46.930 [session=000416] [INFO] [MainThread] 호출벨용 용도 목록 로드 요청
2026-08-21 10:01:46.930 [session=000416] [INFO] [MainThread] 호출벨에 용도 목록 전달: 2개
2026-08-21 10:01:46.930 [session=000416] [INFO] [MainThread] 용도 목록 로드: 2개
2026-08-21 10:01:46.930 [session=000416] [INFO] [MainThread] 목적지 목록 로드: 5개
2026-08-21 10:01:46.930 [session=000416] [INFO] [MainThread] 호출벨 관리에 목적지 목록 전달: 5개
2026-08-21 10:01:46.931 [session=000416] [INFO] [MainThread] My IP : 192.168.104.212
2026-08-21 10:01:46.936 [session=000416] [INFO] [browser-music-sync_0] [BROWSER_MUSIC_SYNC] event=catalog_fetch_started master_base_url=http://127.0.0.1:5051
2026-08-21 10:01:46.976 [session=000416] [INFO] [browser-music-sync_0] [BROWSER_MUSIC_SYNC] event=catalog_fetch_succeeded master_base_url=http://127.0.0.1:5051 item_count=3
2026-08-21 10:01:46.988 [session=000416] [INFO] [RestApiThread] [REST API] 배경 음악 GET 전송: operation=selection_get, url=http://127.0.0.1:5051/api/voice-event-settings/background-music?robot_id=robot_ec2b
2026-08-21 10:01:46.989 [session=000416] [INFO] [RestApiThread] [REST API] 배경 음악 GET 전송: operation=resolved_get, url=http://127.0.0.1:5051/api/voice-event-settings/resolved?robot_id=robot_ec2b
2026-08-21 10:01:47.012 [session=000416] [DEBUG] [RestApiThread] _handle_response 호출됨 - tag: REST_API_TAG.GET_RESOLVED_BACKGROUND_MUSIC, status_code: 200
2026-08-21 10:01:47.013 [session=000416] [DEBUG] [RestApiThread] _handle_response 호출됨 - tag: REST_API_TAG.GET_BACKGROUND_MUSIC_SETTING, status_code: 200
2026-08-21 10:01:47.119 [session=000416] [INFO] [ThreadPoolExecutor-8_0] 순차 이동 설정 저장 완료: /home/dentium/robot_GUIs/app/config/sequential_move.json
2026-08-21 10:01:48.684 [session=000416] [INFO] [SSE-SSE_BATTERY_LOW_SHUTDOWN] [SSE_DIAG] connect attempt tag=SSE_BATTERY_LOW_SHUTDOWN, reconnect=51, url=http://localhost:8080/robot_ec2b/events/battery/low_shutdown
2026-08-21 10:01:48.714 [session=000416] [INFO] [SSE-SSE_BATTERY_LOW_SHUTDOWN] [SSE_DIAG] connected tag=SSE_BATTERY_LOW_SHUTDOWN, status=404, reason=Not Found, elapsed=0.03s, content_type=application/json, url=http://localhost:8080/robot_ec2b/events/battery/low_shutdown
2026-08-21 10:01:48.715 [session=000416] [ERROR] [SSE-SSE_BATTERY_LOW_SHUTDOWN] [SSE_DIAG] non-200 response tag=SSE_BATTERY_LOW_SHUTDOWN, status=404, reason=Not Found, url=http://localhost:8080/robot_ec2b/events/battery/low_shutdown
2026-08-21 10:01:48.720 [session=000416] [INFO] [SSE-SSE_BATTERY_LOW_SHUTDOWN] [SSE_DIAG] reconnect wait tag=SSE_BATTERY_LOW_SHUTDOWN, delay=10s, reconnect=52, reason=HTTP 404, url=http://localhost:8080/robot_ec2b/events/battery/low_shutdown
2026-08-21 10:01:49.393 [session=000416] [INFO] [MainThread] [MAIN_THREAD_HEARTBEAT] GUI main thread alive: thread=MainThread
2026-08-21 10:01:54.394 [session=000416] [INFO] [MainThread] [MAIN_THREAD_HEARTBEAT] GUI main thread alive: thread=MainThread
2026-08-21 10:01:56.903 [session=000416] [DEBUG] [RestApiThread] GetCallBellFromRESTAPI 요청 시작
2026-08-21 10:01:56.906 [session=000416] [DEBUG] [RestApiThread] _get_data: 요청 시작 - tag: REST_API_TAG.GET_CALLBELL, url: http://localhost:8080/robot_ec2b/callbell
2026-08-21 10:01:56.906 [session=000416] [DEBUG] [RestApiThread] _get_data: 요청 전송 완료 - tag: REST_API_TAG.GET_CALLBELL, timeout: 30000ms
2026-08-21 10:01:56.912 [session=000416] [INFO] [MainThread] model_manager set_destinations: unchanged (5 items) - emit skipped
2026-08-21 10:01:56.915 [session=000416] [INFO] [MainThread] 홈 위치 수신: (3.12, 1.10)
2026-08-21 10:01:56.916 [session=000416] [INFO] [MainThread] 홈 위치 표시 업데이트: (894.0, 100.9)
2026-08-21 10:01:56.921 [session=000416] [INFO] [MainThread]   홈 위치 서버 → 픽셀 좌표로 변환 및 UI 업데이트: (894.0, 100.9)
2026-08-21 10:01:56.928 [session=000416] [DEBUG] [RestApiThread] _handle_response 호출됨 - tag: REST_API_TAG.GET_CALLBELL, status_code: 200
2026-08-21 10:01:56.929 [session=000416] [INFO] [ThreadPoolExecutor-5_1] 호출벨 데이터 수신: 5개
2026-08-21 10:01:56.930 [session=000416] [INFO] [MainThread] 호출벨-목적지 동기화 완료: 5개 호출벨
2026-08-21 10:01:56.931 [session=000416] [INFO] [MainThread] 목적지 리스트 반환: destinations=[Destination(name='로비', goal_pose=Pose(x=4.241336459631034, y=-2.361104203714551, qw=0.5097087478206948, qz=0.8603470185890456), bell=Bells(treatment='', suction='64012cd7'), idx=0, color='#e53935'), Destination(name='수술실', goal_pose=Pose(x=4.5199271819089395, y=-3.9219605026851503, qw=0.14533446519134308, qz=-0.9893825818294691), bell=Bells(treatment='', suction='64132cd7'), idx=1, color='#e53935'), Destination(name='진료실', goal_pose=Pose(x=0.11980823444488001, y=-3.735511450600503, qw=0.9963649848510123, qz=0.0851869530083222), bell=Bells(treatment='', suction='64252cd7'), idx=2, color='#e53935'), Destination(name='창고', goal_pose=Pose(x=0.2834625688692579, y=-6.793061814598156, qw=0.5257961572167338, qz=0.850610604834031), bell=Bells(treatment='', suction='64372cd7'), idx=3, color='#e53935'), Destination(name='소독실', goal_pose=Pose(x=-3.4045695907217928, y=-7.611793760201744, qw=0.546869706461766, qz=0.8372177280459497), bell=Bells(treatment='', suction='64492cd7'), idx=4, color='#e53935')]
2026-08-21 10:01:56.931 [session=000416] [INFO] [MainThread] 호출벨 리스트 반환: callbells={'64012cd7': {'name': '호출벨 1', 'usage': 'suction', 'destination': '로비'}, '64132cd7': {'name': '호출벨 2', 'usage': 'suction', 'destination': '수술실'}, '64252cd7': {'name': '호출벨 3', 'usage': 'suction', 'destination': '진료실'}, '64372cd7': {'name': '호출벨 4', 'usage': 'suction', 'destination': '창고'}, '64492cd7': {'name': '호출벨 5', 'usage': 'suction', 'destination': '소독실'}}, robot_usages=['treatment', 'suction']
2026-08-21 10:01:56.931 [session=000416] [INFO] [MainThread] 호출벨 리스트 로드: 5개
2026-08-21 10:01:56.932 [session=000416] [INFO] [MainThread] 호출벨 목록 동일 - UI 재생성 생략
2026-08-21 10:01:56.932 [session=000416] [INFO] [MainThread] 호출벨용 용도 목록 로드 요청
2026-08-21 10:01:56.932 [session=000416] [INFO] [MainThread] 호출벨에 용도 목록 전달: 2개
2026-08-21 10:01:56.932 [session=000416] [INFO] [MainThread] 용도 목록 로드: 2개
2026-08-21 10:01:56.933 [session=000416] [INFO] [MainThread] 목적지 목록 로드: 5개
2026-08-21 10:01:56.934 [session=000416] [INFO] [MainThread] 호출벨 관리에 목적지 목록 전달: 5개
2026-08-21 10:01:56.939 [session=000416] [INFO] [MainThread] My IP : 192.168.104.212
2026-08-21 10:01:57.100 [session=000416] [INFO] [ThreadPoolExecutor-8_0] 순차 이동 설정 저장 완료: /home/dentium/robot_GUIs/app/config/sequential_move.json
2026-08-21 10:01:58.724 [session=000416] [INFO] [SSE-SSE_BATTERY_LOW_SHUTDOWN] [SSE_DIAG] connect attempt tag=SSE_BATTERY_LOW_SHUTDOWN, reconnect=52, url=http://localhost:8080/robot_ec2b/events/battery/low_shutdown
2026-08-21 10:01:58.750 [session=000416] [INFO] [SSE-SSE_BATTERY_LOW_SHUTDOWN] [SSE_DIAG] connected tag=SSE_BATTERY_LOW_SHUTDOWN, status=404, reason=Not Found, elapsed=0.03s, content_type=application/json, url=http://localhost:8080/robot_ec2b/events/battery/low_shutdown
2026-08-21 10:01:58.751 [session=000416] [ERROR] [SSE-SSE_BATTERY_LOW_SHUTDOWN] [SSE_DIAG] non-200 response tag=SSE_BATTERY_LOW_SHUTDOWN, status=404, reason=Not Found, url=http://localhost:8080/robot_ec2b/events/battery/low_shutdown
2026-08-21 10:01:58.752 [session=000416] [INFO] [SSE-SSE_BATTERY_LOW_SHUTDOWN] [SSE_DIAG] reconnect wait tag=SSE_BATTERY_LOW_SHUTDOWN, delay=10s, reconnect=53, reason=HTTP 404, url=http://localhost:8080/robot_ec2b/events/battery/low_shutdown
2026-08-21 10:01:59.394 [session=000416] [INFO] [MainThread] [MAIN_THREAD_HEARTBEAT] GUI main thread alive: thread=MainThread
2026-08-21 10:02:04.393 [session=000416] [INFO] [MainThread] [MAIN_THREAD_HEARTBEAT] GUI main thread alive: thread=MainThread
2026-08-21 10:02:06.904 [session=000416] [DEBUG] [RestApiThread] GetCallBellFromRESTAPI 요청 시작
2026-08-21 10:02:06.908 [session=000416] [DEBUG] [RestApiThread] _get_data: 요청 시작 - tag: REST_API_TAG.GET_CALLBELL, url: http://localhost:8080/robot_ec2b/callbell
2026-08-21 10:02:06.913 [session=000416] [DEBUG] [RestApiThread] _get_data: 요청 전송 완료 - tag: REST_API_TAG.GET_CALLBELL, timeout: 30000ms
2026-08-21 10:02:06.921 [session=000416] [INFO] [MainThread] model_manager set_destinations: unchanged (5 items) - emit skipped
2026-08-21 10:02:06.928 [session=000416] [DEBUG] [RestApiThread] _handle_response 호출됨 - tag: REST_API_TAG.GET_CALLBELL, status_code: 200
2026-08-21 10:02:06.931 [session=000416] [INFO] [MainThread] 홈 위치 수신: (3.12, 1.10)
2026-08-21 10:02:06.932 [session=000416] [INFO] [ThreadPoolExecutor-5_0] 호출벨 데이터 수신: 5개
2026-08-21 10:02:06.932 [session=000416] [INFO] [MainThread] 홈 위치 표시 업데이트: (894.0, 100.9)
2026-08-21 10:02:06.939 [session=000416] [INFO] [MainThread]   홈 위치 서버 → 픽셀 좌표로 변환 및 UI 업데이트: (894.0, 100.9)
2026-08-21 10:02:06.941 [session=000416] [INFO] [MainThread] 호출벨-목적지 동기화 완료: 5개 호출벨
2026-08-21 10:02:06.941 [session=000416] [INFO] [MainThread] 목적지 리스트 반환: destinations=[Destination(name='로비', goal_pose=Pose(x=4.241336459631034, y=-2.361104203714551, qw=0.5097087478206948, qz=0.8603470185890456), bell=Bells(treatment='', suction='64012cd7'), idx=0, color='#e53935'), Destination(name='수술실', goal_pose=Pose(x=4.5199271819089395, y=-3.9219605026851503, qw=0.14533446519134308, qz=-0.9893825818294691), bell=Bells(treatment='', suction='64132cd7'), idx=1, color='#e53935'), Destination(name='진료실', goal_pose=Pose(x=0.11980823444488001, y=-3.735511450600503, qw=0.9963649848510123, qz=0.0851869530083222), bell=Bells(treatment='', suction='64252cd7'), idx=2, color='#e53935'), Destination(name='창고', goal_pose=Pose(x=0.2834625688692579, y=-6.793061814598156, qw=0.5257961572167338, qz=0.850610604834031), bell=Bells(treatment='', suction='64372cd7'), idx=3, color='#e53935'), Destination(name='소독실', goal_pose=Pose(x=-3.4045695907217928, y=-7.611793760201744, qw=0.546869706461766, qz=0.8372177280459497), bell=Bells(treatment='', suction='64492cd7'), idx=4, color='#e53935')]
2026-08-21 10:02:06.941 [session=000416] [INFO] [MainThread] 호출벨 리스트 반환: callbells={'64012cd7': {'name': '호출벨 1', 'usage': 'suction', 'destination': '로비'}, '64132cd7': {'name': '호출벨 2', 'usage': 'suction', 'destination': '수술실'}, '64252cd7': {'name': '호출벨 3', 'usage': 'suction', 'destination': '진료실'}, '64372cd7': {'name': '호출벨 4', 'usage': 'suction', 'destination': '창고'}, '64492cd7': {'name': '호출벨 5', 'usage': 'suction', 'destination': '소독실'}}, robot_usages=['treatment', 'suction']
2026-08-21 10:02:06.941 [session=000416] [INFO] [MainThread] 호출벨 리스트 로드: 5개
2026-08-21 10:02:06.941 [session=000416] [INFO] [MainThread] 호출벨 목록 동일 - UI 재생성 생략
2026-08-21 10:02:06.942 [session=000416] [INFO] [MainThread] 호출벨용 용도 목록 로드 요청
2026-08-21 10:02:06.942 [session=000416] [INFO] [MainThread] 호출벨에 용도 목록 전달: 2개
2026-08-21 10:02:06.943 [session=000416] [INFO] [MainThread] 용도 목록 로드: 2개
2026-08-21 10:02:06.943 [session=000416] [INFO] [MainThread] 목적지 목록 로드: 5개
2026-08-21 10:02:06.943 [session=000416] [INFO] [MainThread] 호출벨 관리에 목적지 목록 전달: 5개
2026-08-21 10:02:06.946 [session=000416] [INFO] [MainThread] My IP : 192.168.104.212
2026-08-21 10:02:07.121 [session=000416] [INFO] [ThreadPoolExecutor-8_0] 순차 이동 설정 저장 완료: /home/dentium/robot_GUIs/app/config/sequential_move.json
2026-08-21 10:02:08.754 [session=000416] [INFO] [SSE-SSE_BATTERY_LOW_SHUTDOWN] [SSE_DIAG] connect attempt tag=SSE_BATTERY_LOW_SHUTDOWN, reconnect=53, url=http://localhost:8080/robot_ec2b/events/battery/low_shutdown
2026-08-21 10:02:08.769 [session=000416] [INFO] [SSE-SSE_BATTERY_LOW_SHUTDOWN] [SSE_DIAG] connected tag=SSE_BATTERY_LOW_SHUTDOWN, status=404, reason=Not Found, elapsed=0.02s, content_type=application/json, url=http://localhost:8080/robot_ec2b/events/battery/low_shutdown
2026-08-21 10:02:08.770 [session=000416] [ERROR] [SSE-SSE_BATTERY_LOW_SHUTDOWN] [SSE_DIAG] non-200 response tag=SSE_BATTERY_LOW_SHUTDOWN, status=404, reason=Not Found, url=http://localhost:8080/robot_ec2b/events/battery/low_shutdown
2026-08-21 10:02:08.773 [session=000416] [INFO] [SSE-SSE_BATTERY_LOW_SHUTDOWN] [SSE_DIAG] reconnect wait tag=SSE_BATTERY_LOW_SHUTDOWN, delay=10s, reconnect=54, reason=HTTP 404, url=http://localhost:8080/robot_ec2b/events/battery/low_shutdown
2026-08-21 10:02:09.393 [session=000416] [INFO] [MainThread] [MAIN_THREAD_HEARTBEAT] GUI main thread alive: thread=MainThread
2026-08-21 10:02:14.395 [session=000416] [INFO] [MainThread] [MAIN_THREAD_HEARTBEAT] GUI main thread alive: thread=MainThread
2026-08-21 10:02:16.905 [session=000416] [DEBUG] [RestApiThread] GetCallBellFromRESTAPI 요청 시작
2026-08-21 10:02:16.908 [session=000416] [DEBUG] [RestApiThread] _get_data: 요청 시작 - tag: REST_API_TAG.GET_CALLBELL, url: http://localhost:8080/robot_ec2b/callbell
2026-08-21 10:02:16.908 [session=000416] [DEBUG] [RestApiThread] _get_data: 요청 전송 완료 - tag: REST_API_TAG.GET_CALLBELL, timeout: 30000ms
2026-08-21 10:02:16.911 [session=000416] [INFO] [MainThread] model_manager set_destinations: unchanged (5 items) - emit skipped
2026-08-21 10:02:16.913 [session=000416] [INFO] [RestApiThread] _handle_response (CYCLIC 정상) - tag: REST_API_TAG.GET_HOME_POSE, status: 200, pending→2
2026-08-21 10:02:16.915 [session=000416] [INFO] [MainThread] 홈 위치 수신: (3.12, 1.10)
2026-08-21 10:02:16.916 [session=000416] [INFO] [MainThread] 홈 위치 표시 업데이트: (894.0, 100.9)
2026-08-21 10:02:16.920 [session=000416] [INFO] [MainThread]   홈 위치 서버 → 픽셀 좌표로 변환 및 UI 업데이트: (894.0, 100.9)
2026-08-21 10:02:16.923 [session=000416] [DEBUG] [RestApiThread] _handle_response 호출됨 - tag: REST_API_TAG.GET_CALLBELL, status_code: 200
2026-08-21 10:02:16.927 [session=000416] [INFO] [ThreadPoolExecutor-5_0] 호출벨 데이터 수신: 5개
2026-08-21 10:02:16.928 [session=000416] [INFO] [MainThread] My IP : 192.168.104.212
2026-08-21 10:02:16.930 [session=000416] [INFO] [MainThread] 호출벨-목적지 동기화 완료: 5개 호출벨
2026-08-21 10:02:16.931 [session=000416] [INFO] [MainThread] 목적지 리스트 반환: destinations=[Destination(name='로비', goal_pose=Pose(x=4.241336459631034, y=-2.361104203714551, qw=0.5097087478206948, qz=0.8603470185890456), bell=Bells(treatment='', suction='64012cd7'), idx=0, color='#e53935'), Destination(name='수술실', goal_pose=Pose(x=4.5199271819089395, y=-3.9219605026851503, qw=0.14533446519134308, qz=-0.9893825818294691), bell=Bells(treatment='', suction='64132cd7'), idx=1, color='#e53935'), Destination(name='진료실', goal_pose=Pose(x=0.11980823444488001, y=-3.735511450600503, qw=0.9963649848510123, qz=0.0851869530083222), bell=Bells(treatment='', suction='64252cd7'), idx=2, color='#e53935'), Destination(name='창고', goal_pose=Pose(x=0.2834625688692579, y=-6.793061814598156, qw=0.5257961572167338, qz=0.850610604834031), bell=Bells(treatment='', suction='64372cd7'), idx=3, color='#e53935'), Destination(name='소독실', goal_pose=Pose(x=-3.4045695907217928, y=-7.611793760201744, qw=0.546869706461766, qz=0.8372177280459497), bell=Bells(treatment='', suction='64492cd7'), idx=4, color='#e53935')]
2026-08-21 10:02:16.931 [session=000416] [INFO] [MainThread] 호출벨 리스트 반환: callbells={'64012cd7': {'name': '호출벨 1', 'usage': 'suction', 'destination': '로비'}, '64132cd7': {'name': '호출벨 2', 'usage': 'suction', 'destination': '수술실'}, '64252cd7': {'name': '호출벨 3', 'usage': 'suction', 'destination': '진료실'}, '64372cd7': {'name': '호출벨 4', 'usage': 'suction', 'destination': '창고'}, '64492cd7': {'name': '호출벨 5', 'usage': 'suction', 'destination': '소독실'}}, robot_usages=['treatment', 'suction']
2026-08-21 10:02:16.931 [session=000416] [INFO] [MainThread] 호출벨 리스트 로드: 5개
2026-08-21 10:02:16.931 [session=000416] [INFO] [MainThread] 호출벨 목록 동일 - UI 재생성 생략
2026-08-21 10:02:16.931 [session=000416] [INFO] [MainThread] 호출벨용 용도 목록 로드 요청
2026-08-21 10:02:16.932 [session=000416] [INFO] [MainThread] 호출벨에 용도 목록 전달: 2개
2026-08-21 10:02:16.932 [session=000416] [INFO] [MainThread] 용도 목록 로드: 2개
2026-08-21 10:02:16.932 [session=000416] [INFO] [MainThread] 목적지 목록 로드: 5개
2026-08-21 10:02:16.932 [session=000416] [INFO] [MainThread] 호출벨 관리에 목적지 목록 전달: 5개
2026-08-21 10:02:17.098 [session=000416] [INFO] [ThreadPoolExecutor-8_0] 순차 이동 설정 저장 완료: /home/dentium/robot_GUIs/app/config/sequential_move.json
2026-08-21 10:02:18.775 [session=000416] [INFO] [SSE-SSE_BATTERY_LOW_SHUTDOWN] [SSE_DIAG] connect attempt tag=SSE_BATTERY_LOW_SHUTDOWN, reconnect=54, url=http://localhost:8080/robot_ec2b/events/battery/low_shutdown
2026-08-21 10:02:18.803 [session=000416] [INFO] [SSE-SSE_BATTERY_LOW_SHUTDOWN] [SSE_DIAG] connected tag=SSE_BATTERY_LOW_SHUTDOWN, status=404, reason=Not Found, elapsed=0.03s, content_type=application/json, url=http://localhost:8080/robot_ec2b/events/battery/low_shutdown
2026-08-21 10:02:18.804 [session=000416] [ERROR] [SSE-SSE_BATTERY_LOW_SHUTDOWN] [SSE_DIAG] non-200 response tag=SSE_BATTERY_LOW_SHUTDOWN, status=404, reason=Not Found, url=http://localhost:8080/robot_ec2b/events/battery/low_shutdown
2026-08-21 10:02:18.806 [session=000416] [INFO] [SSE-SSE_BATTERY_LOW_SHUTDOWN] [SSE_DIAG] reconnect wait tag=SSE_BATTERY_LOW_SHUTDOWN, delay=10s, reconnect=55, reason=HTTP 404, url=http://localhost:8080/robot_ec2b/events/battery/low_shutdown
2026-08-21 10:02:19.394 [session=000416] [INFO] [MainThread] [MAIN_THREAD_HEARTBEAT] GUI main thread alive: thread=MainThread
2026-08-21 10:02:24.394 [session=000416] [INFO] [MainThread] [MAIN_THREAD_HEARTBEAT] GUI main thread alive: thread=MainThread
2026-08-21 10:02:26.900 [session=000416] [DEBUG] [RestApiThread] GetCallBellFromRESTAPI 요청 시작
2026-08-21 10:02:26.905 [session=000416] [DEBUG] [RestApiThread] _get_data: 요청 시작 - tag: REST_API_TAG.GET_CALLBELL, url: http://localhost:8080/robot_ec2b/callbell
2026-08-21 10:02:26.907 [session=000416] [DEBUG] [RestApiThread] _get_data: 요청 전송 완료 - tag: REST_API_TAG.GET_CALLBELL, timeout: 30000ms
2026-08-21 10:02:26.913 [session=000416] [INFO] [MainThread] model_manager set_destinations: unchanged (5 items) - emit skipped
2026-08-21 10:02:26.923 [session=000416] [INFO] [MainThread] 홈 위치 수신: (3.12, 1.10)
2026-08-21 10:02:26.924 [session=000416] [INFO] [MainThread] 홈 위치 표시 업데이트: (894.0, 100.9)
2026-08-21 10:02:26.928 [session=000416] [INFO] [MainThread]   홈 위치 서버 → 픽셀 좌표로 변환 및 UI 업데이트: (894.0, 100.9)
2026-08-21 10:02:26.931 [session=000416] [DEBUG] [RestApiThread] _handle_response 호출됨 - tag: REST_API_TAG.GET_CALLBELL, status_code: 200
2026-08-21 10:02:26.932 [session=000416] [INFO] [ThreadPoolExecutor-5_0] 호출벨 데이터 수신: 5개
2026-08-21 10:02:26.936 [session=000416] [INFO] [MainThread] 호출벨-목적지 동기화 완료: 5개 호출벨
2026-08-21 10:02:26.936 [session=000416] [INFO] [MainThread] 목적지 리스트 반환: destinations=[Destination(name='로비', goal_pose=Pose(x=4.241336459631034, y=-2.361104203714551, qw=0.5097087478206948, qz=0.8603470185890456), bell=Bells(treatment='', suction='64012cd7'), idx=0, color='#e53935'), Destination(name='수술실', goal_pose=Pose(x=4.5199271819089395, y=-3.9219605026851503, qw=0.14533446519134308, qz=-0.9893825818294691), bell=Bells(treatment='', suction='64132cd7'), idx=1, color='#e53935'), Destination(name='진료실', goal_pose=Pose(x=0.11980823444488001, y=-3.735511450600503, qw=0.9963649848510123, qz=0.0851869530083222), bell=Bells(treatment='', suction='64252cd7'), idx=2, color='#e53935'), Destination(name='창고', goal_pose=Pose(x=0.2834625688692579, y=-6.793061814598156, qw=0.5257961572167338, qz=0.850610604834031), bell=Bells(treatment='', suction='64372cd7'), idx=3, color='#e53935'), Destination(name='소독실', goal_pose=Pose(x=-3.4045695907217928, y=-7.611793760201744, qw=0.546869706461766, qz=0.8372177280459497), bell=Bells(treatment='', suction='64492cd7'), idx=4, color='#e53935')]
2026-08-21 10:02:26.937 [session=000416] [INFO] [MainThread] 호출벨 리스트 반환: callbells={'64012cd7': {'name': '호출벨 1', 'usage': 'suction', 'destination': '로비'}, '64132cd7': {'name': '호출벨 2', 'usage': 'suction', 'destination': '수술실'}, '64252cd7': {'name': '호출벨 3', 'usage': 'suction', 'destination': '진료실'}, '64372cd7': {'name': '호출벨 4', 'usage': 'suction', 'destination': '창고'}, '64492cd7': {'name': '호출벨 5', 'usage': 'suction', 'destination': '소독실'}}, robot_usages=['treatment', 'suction']
2026-08-21 10:02:26.937 [session=000416] [INFO] [MainThread] 호출벨 리스트 로드: 5개
2026-08-21 10:02:26.937 [session=000416] [INFO] [MainThread] 호출벨 목록 동일 - UI 재생성 생략
2026-08-21 10:02:26.938 [session=000416] [INFO] [MainThread] 호출벨용 용도 목록 로드 요청
2026-08-21 10:02:26.938 [session=000416] [INFO] [MainThread] 호출벨에 용도 목록 전달: 2개
2026-08-21 10:02:26.938 [session=000416] [INFO] [MainThread] 용도 목록 로드: 2개
2026-08-21 10:02:26.938 [session=000416] [INFO] [MainThread] 목적지 목록 로드: 5개
2026-08-21 10:02:26.938 [session=000416] [INFO] [MainThread] 호출벨 관리에 목적지 목록 전달: 5개
2026-08-21 10:02:26.939 [session=000416] [INFO] [MainThread] My IP : 192.168.104.212
2026-08-21 10:02:26.940 [session=000416] [INFO] [browser-music-sync_0] [BROWSER_MUSIC_SYNC] event=catalog_fetch_started master_base_url=http://127.0.0.1:5051
2026-08-21 10:02:26.975 [session=000416] [INFO] [browser-music-sync_0] [BROWSER_MUSIC_SYNC] event=catalog_fetch_succeeded master_base_url=http://127.0.0.1:5051 item_count=3
2026-08-21 10:02:26.983 [session=000416] [INFO] [RestApiThread] [REST API] 배경 음악 GET 전송: operation=selection_get, url=http://127.0.0.1:5051/api/voice-event-settings/background-music?robot_id=robot_ec2b
2026-08-21 10:02:26.988 [session=000416] [INFO] [RestApiThread] [REST API] 배경 음악 GET 전송: operation=resolved_get, url=http://127.0.0.1:5051/api/voice-event-settings/resolved?robot_id=robot_ec2b
2026-08-21 10:02:27.009 [session=000416] [DEBUG] [RestApiThread] _handle_response 호출됨 - tag: REST_API_TAG.GET_BACKGROUND_MUSIC_SETTING, status_code: 200
2026-08-21 10:02:27.014 [session=000416] [DEBUG] [RestApiThread] _handle_response 호출됨 - tag: REST_API_TAG.GET_RESOLVED_BACKGROUND_MUSIC, status_code: 200
2026-08-21 10:02:27.120 [session=000416] [INFO] [ThreadPoolExecutor-8_0] 순차 이동 설정 저장 완료: /home/dentium/robot_GUIs/app/config/sequential_move.json
2026-08-21 10:02:28.808 [session=000416] [INFO] [SSE-SSE_BATTERY_LOW_SHUTDOWN] [SSE_DIAG] connect attempt tag=SSE_BATTERY_LOW_SHUTDOWN, reconnect=55, url=http://localhost:8080/robot_ec2b/events/battery/low_shutdown
2026-08-21 10:02:28.823 [session=000416] [INFO] [SSE-SSE_BATTERY_LOW_SHUTDOWN] [SSE_DIAG] connected tag=SSE_BATTERY_LOW_SHUTDOWN, status=404, reason=Not Found, elapsed=0.02s, content_type=application/json, url=http://localhost:8080/robot_ec2b/events/battery/low_shutdown
2026-08-21 10:02:28.824 [session=000416] [ERROR] [SSE-SSE_BATTERY_LOW_SHUTDOWN] [SSE_DIAG] non-200 response tag=SSE_BATTERY_LOW_SHUTDOWN, status=404, reason=Not Found, url=http://localhost:8080/robot_ec2b/events/battery/low_shutdown
2026-08-21 10:02:28.826 [session=000416] [INFO] [SSE-SSE_BATTERY_LOW_SHUTDOWN] [SSE_DIAG] reconnect wait tag=SSE_BATTERY_LOW_SHUTDOWN, delay=10s, reconnect=56, reason=HTTP 404, url=http://localhost:8080/robot_ec2b/events/battery/low_shutdown
2026-08-21 10:02:29.394 [session=000416] [INFO] [MainThread] [MAIN_THREAD_HEARTBEAT] GUI main thread alive: thread=MainThread
2026-08-21 10:02:34.393 [session=000416] [INFO] [MainThread] [MAIN_THREAD_HEARTBEAT] GUI main thread alive: thread=MainThread
2026-08-21 10:02:36.906 [session=000416] [DEBUG] [RestApiThread] GetCallBellFromRESTAPI 요청 시작
2026-08-21 10:02:36.909 [session=000416] [DEBUG] [RestApiThread] _get_data: 요청 시작 - tag: REST_API_TAG.GET_CALLBELL, url: http://localhost:8080/robot_ec2b/callbell
2026-08-21 10:02:36.910 [session=000416] [DEBUG] [RestApiThread] _get_data: 요청 전송 완료 - tag: REST_API_TAG.GET_CALLBELL, timeout: 30000ms
2026-08-21 10:02:36.920 [session=000416] [INFO] [MainThread] model_manager set_destinations: unchanged (5 items) - emit skipped
2026-08-21 10:02:36.923 [session=000416] [INFO] [MainThread] 홈 위치 수신: (3.12, 1.10)
2026-08-21 10:02:36.924 [session=000416] [INFO] [MainThread] 홈 위치 표시 업데이트: (894.0, 100.9)
2026-08-21 10:02:36.929 [session=000416] [INFO] [MainThread]   홈 위치 서버 → 픽셀 좌표로 변환 및 UI 업데이트: (894.0, 100.9)
2026-08-21 10:02:36.930 [session=000416] [DEBUG] [RestApiThread] _handle_response 호출됨 - tag: REST_API_TAG.GET_CALLBELL, status_code: 200
2026-08-21 10:02:36.932 [session=000416] [INFO] [ThreadPoolExecutor-5_1] 호출벨 데이터 수신: 5개
2026-08-21 10:02:36.940 [session=000416] [INFO] [MainThread] 호출벨-목적지 동기화 완료: 5개 호출벨
2026-08-21 10:02:36.941 [session=000416] [INFO] [MainThread] 목적지 리스트 반환: destinations=[Destination(name='로비', goal_pose=Pose(x=4.241336459631034, y=-2.361104203714551, qw=0.5097087478206948, qz=0.8603470185890456), bell=Bells(treatment='', suction='64012cd7'), idx=0, color='#e53935'), Destination(name='수술실', goal_pose=Pose(x=4.5199271819089395, y=-3.9219605026851503, qw=0.14533446519134308, qz=-0.9893825818294691), bell=Bells(treatment='', suction='64132cd7'), idx=1, color='#e53935'), Destination(name='진료실', goal_pose=Pose(x=0.11980823444488001, y=-3.735511450600503, qw=0.9963649848510123, qz=0.0851869530083222), bell=Bells(treatment='', suction='64252cd7'), idx=2, color='#e53935'), Destination(name='창고', goal_pose=Pose(x=0.2834625688692579, y=-6.793061814598156, qw=0.5257961572167338, qz=0.850610604834031), bell=Bells(treatment='', suction='64372cd7'), idx=3, color='#e53935'), Destination(name='소독실', goal_pose=Pose(x=-3.4045695907217928, y=-7.611793760201744, qw=0.546869706461766, qz=0.8372177280459497), bell=Bells(treatment='', suction='64492cd7'), idx=4, color='#e53935')]
2026-08-21 10:02:36.941 [session=000416] [INFO] [MainThread] 호출벨 리스트 반환: callbells={'64012cd7': {'name': '호출벨 1', 'usage': 'suction', 'destination': '로비'}, '64132cd7': {'name': '호출벨 2', 'usage': 'suction', 'destination': '수술실'}, '64252cd7': {'name': '호출벨 3', 'usage': 'suction', 'destination': '진료실'}, '64372cd7': {'name': '호출벨 4', 'usage': 'suction', 'destination': '창고'}, '64492cd7': {'name': '호출벨 5', 'usage': 'suction', 'destination': '소독실'}}, robot_usages=['treatment', 'suction']
2026-08-21 10:02:36.941 [session=000416] [INFO] [MainThread] 호출벨 리스트 로드: 5개
2026-08-21 10:02:36.942 [session=000416] [INFO] [MainThread] 호출벨 목록 동일 - UI 재생성 생략
2026-08-21 10:02:36.942 [session=000416] [INFO] [MainThread] 호출벨용 용도 목록 로드 요청
2026-08-21 10:02:36.942 [session=000416] [INFO] [MainThread] 호출벨에 용도 목록 전달: 2개
2026-08-21 10:02:36.942 [session=000416] [INFO] [MainThread] 용도 목록 로드: 2개
2026-08-21 10:02:36.942 [session=000416] [INFO] [MainThread] 목적지 목록 로드: 5개
2026-08-21 10:02:36.942 [session=000416] [INFO] [MainThread] 호출벨 관리에 목적지 목록 전달: 5개
2026-08-21 10:02:36.945 [session=000416] [INFO] [MainThread] My IP : 192.168.104.212
2026-08-21 10:02:37.121 [session=000416] [INFO] [ThreadPoolExecutor-8_0] 순차 이동 설정 저장 완료: /home/dentium/robot_GUIs/app/config/sequential_move.json
2026-08-21 10:02:38.828 [session=000416] [INFO] [SSE-SSE_BATTERY_LOW_SHUTDOWN] [SSE_DIAG] connect attempt tag=SSE_BATTERY_LOW_SHUTDOWN, reconnect=56, url=http://localhost:8080/robot_ec2b/events/battery/low_shutdown
2026-08-21 10:02:38.838 [session=000416] [INFO] [SSE-SSE_BATTERY_LOW_SHUTDOWN] [SSE_DIAG] connected tag=SSE_BATTERY_LOW_SHUTDOWN, status=404, reason=Not Found, elapsed=0.01s, content_type=application/json, url=http://localhost:8080/robot_ec2b/events/battery/low_shutdown
2026-08-21 10:02:38.839 [session=000416] [ERROR] [SSE-SSE_BATTERY_LOW_SHUTDOWN] [SSE_DIAG] non-200 response tag=SSE_BATTERY_LOW_SHUTDOWN, status=404, reason=Not Found, url=http://localhost:8080/robot_ec2b/events/battery/low_shutdown
2026-08-21 10:02:38.840 [session=000416] [INFO] [SSE-SSE_BATTERY_LOW_SHUTDOWN] [SSE_DIAG] reconnect wait tag=SSE_BATTERY_LOW_SHUTDOWN, delay=10s, reconnect=57, reason=HTTP 404, url=http://localhost:8080/robot_ec2b/events/battery/low_shutdown
2026-08-21 10:02:39.394 [session=000416] [INFO] [MainThread] [MAIN_THREAD_HEARTBEAT] GUI main thread alive: thread=MainThread
2026-08-21 10:02:44.394 [session=000416] [INFO] [MainThread] [MAIN_THREAD_HEARTBEAT] GUI main thread alive: thread=MainThread
2026-08-21 10:02:46.897 [session=000416] [DEBUG] [RestApiThread] GetCallBellFromRESTAPI 요청 시작
2026-08-21 10:02:46.906 [session=000416] [DEBUG] [RestApiThread] _get_data: 요청 시작 - tag: REST_API_TAG.GET_CALLBELL, url: http://localhost:8080/robot_ec2b/callbell
2026-08-21 10:02:46.907 [session=000416] [DEBUG] [RestApiThread] _get_data: 요청 전송 완료 - tag: REST_API_TAG.GET_CALLBELL, timeout: 30000ms
2026-08-21 10:02:46.913 [session=000416] [INFO] [MainThread] model_manager set_destinations: unchanged (5 items) - emit skipped
2026-08-21 10:02:46.922 [session=000416] [INFO] [MainThread] 홈 위치 수신: (3.12, 1.10)
2026-08-21 10:02:46.922 [session=000416] [INFO] [MainThread] 홈 위치 표시 업데이트: (894.0, 100.9)
2026-08-21 10:02:46.928 [session=000416] [INFO] [MainThread]   홈 위치 서버 → 픽셀 좌표로 변환 및 UI 업데이트: (894.0, 100.9)
2026-08-21 10:02:46.930 [session=000416] [DEBUG] [RestApiThread] _handle_response 호출됨 - tag: REST_API_TAG.GET_CALLBELL, status_code: 200
2026-08-21 10:02:46.931 [session=000416] [INFO] [ThreadPoolExecutor-5_2] 호출벨 데이터 수신: 5개
2026-08-21 10:02:46.933 [session=000416] [INFO] [MainThread] 호출벨-목적지 동기화 완료: 5개 호출벨
2026-08-21 10:02:46.933 [session=000416] [INFO] [MainThread] 목적지 리스트 반환: destinations=[Destination(name='로비', goal_pose=Pose(x=4.241336459631034, y=-2.361104203714551, qw=0.5097087478206948, qz=0.8603470185890456), bell=Bells(treatment='', suction='64012cd7'), idx=0, color='#e53935'), Destination(name='수술실', goal_pose=Pose(x=4.5199271819089395, y=-3.9219605026851503, qw=0.14533446519134308, qz=-0.9893825818294691), bell=Bells(treatment='', suction='64132cd7'), idx=1, color='#e53935'), Destination(name='진료실', goal_pose=Pose(x=0.11980823444488001, y=-3.735511450600503, qw=0.9963649848510123, qz=0.0851869530083222), bell=Bells(treatment='', suction='64252cd7'), idx=2, color='#e53935'), Destination(name='창고', goal_pose=Pose(x=0.2834625688692579, y=-6.793061814598156, qw=0.5257961572167338, qz=0.850610604834031), bell=Bells(treatment='', suction='64372cd7'), idx=3, color='#e53935'), Destination(name='소독실', goal_pose=Pose(x=-3.4045695907217928, y=-7.611793760201744, qw=0.546869706461766, qz=0.8372177280459497), bell=Bells(treatment='', suction='64492cd7'), idx=4, color='#e53935')]
2026-08-21 10:02:46.938 [session=000416] [INFO] [MainThread] 호출벨 리스트 반환: callbells={'64012cd7': {'name': '호출벨 1', 'usage': 'suction', 'destination': '로비'}, '64132cd7': {'name': '호출벨 2', 'usage': 'suction', 'destination': '수술실'}, '64252cd7': {'name': '호출벨 3', 'usage': 'suction', 'destination': '진료실'}, '64372cd7': {'name': '호출벨 4', 'usage': 'suction', 'destination': '창고'}, '64492cd7': {'name': '호출벨 5', 'usage': 'suction', 'destination': '소독실'}}, robot_usages=['treatment', 'suction']
2026-08-21 10:02:46.938 [session=000416] [INFO] [MainThread] 호출벨 리스트 로드: 5개
2026-08-21 10:02:46.939 [session=000416] [INFO] [MainThread] 호출벨 목록 동일 - UI 재생성 생략
2026-08-21 10:02:46.939 [session=000416] [INFO] [MainThread] 호출벨용 용도 목록 로드 요청
2026-08-21 10:02:46.939 [session=000416] [INFO] [MainThread] 호출벨에 용도 목록 전달: 2개
2026-08-21 10:02:46.939 [session=000416] [INFO] [MainThread] 용도 목록 로드: 2개
2026-08-21 10:02:46.939 [session=000416] [INFO] [MainThread] 목적지 목록 로드: 5개
2026-08-21 10:02:46.940 [session=000416] [INFO] [MainThread] 호출벨 관리에 목적지 목록 전달: 5개
2026-08-21 10:02:46.940 [session=000416] [INFO] [MainThread] My IP : 192.168.104.212
2026-08-21 10:02:47.121 [session=000416] [INFO] [ThreadPoolExecutor-8_0] 순차 이동 설정 저장 완료: /home/dentium/robot_GUIs/app/config/sequential_move.json
2026-08-21 10:02:48.841 [session=000416] [INFO] [SSE-SSE_BATTERY_LOW_SHUTDOWN] [SSE_DIAG] connect attempt tag=SSE_BATTERY_LOW_SHUTDOWN, reconnect=57, url=http://localhost:8080/robot_ec2b/events/battery/low_shutdown
2026-08-21 10:02:48.857 [session=000416] [INFO] [SSE-SSE_BATTERY_LOW_SHUTDOWN] [SSE_DIAG] connected tag=SSE_BATTERY_LOW_SHUTDOWN, status=404, reason=Not Found, elapsed=0.02s, content_type=application/json, url=http://localhost:8080/robot_ec2b/events/battery/low_shutdown
2026-08-21 10:02:48.858 [session=000416] [ERROR] [SSE-SSE_BATTERY_LOW_SHUTDOWN] [SSE_DIAG] non-200 response tag=SSE_BATTERY_LOW_SHUTDOWN, status=404, reason=Not Found, url=http://localhost:8080/robot_ec2b/events/battery/low_shutdown
2026-08-21 10:02:48.859 [session=000416] [INFO] [SSE-SSE_BATTERY_LOW_SHUTDOWN] [SSE_DIAG] reconnect wait tag=SSE_BATTERY_LOW_SHUTDOWN, delay=10s, reconnect=58, reason=HTTP 404, url=http://localhost:8080/robot_ec2b/events/battery/low_shutdown
2026-08-21 10:02:49.394 [session=000416] [INFO] [MainThread] [MAIN_THREAD_HEARTBEAT] GUI main thread alive: thread=MainThread
2026-08-21 10:02:54.394 [session=000416] [INFO] [MainThread] [MAIN_THREAD_HEARTBEAT] GUI main thread alive: thread=MainThread
2026-08-21 10:02:56.899 [session=000416] [DEBUG] [RestApiThread] GetCallBellFromRESTAPI 요청 시작
2026-08-21 10:02:56.904 [session=000416] [DEBUG] [RestApiThread] _get_data: 요청 시작 - tag: REST_API_TAG.GET_CALLBELL, url: http://localhost:8080/robot_ec2b/callbell
2026-08-21 10:02:56.905 [session=000416] [DEBUG] [RestApiThread] _get_data: 요청 전송 완료 - tag: REST_API_TAG.GET_CALLBELL, timeout: 30000ms
2026-08-21 10:02:56.914 [session=000416] [INFO] [MainThread] model_manager set_destinations: unchanged (5 items) - emit skipped
2026-08-21 10:02:56.920 [session=000416] [INFO] [MainThread] 홈 위치 수신: (3.12, 1.10)
2026-08-21 10:02:56.921 [session=000416] [INFO] [MainThread] 홈 위치 표시 업데이트: (894.0, 100.9)
2026-08-21 10:02:56.929 [session=000416] [INFO] [MainThread]   홈 위치 서버 → 픽셀 좌표로 변환 및 UI 업데이트: (894.0, 100.9)
2026-08-21 10:02:56.933 [session=000416] [DEBUG] [RestApiThread] _handle_response 호출됨 - tag: REST_API_TAG.GET_CALLBELL, status_code: 200
2026-08-21 10:02:56.934 [session=000416] [INFO] [ThreadPoolExecutor-5_1] 호출벨 데이터 수신: 5개
2026-08-21 10:02:56.937 [session=000416] [INFO] [MainThread] 호출벨-목적지 동기화 완료: 5개 호출벨
2026-08-21 10:02:56.938 [session=000416] [INFO] [MainThread] 목적지 리스트 반환: destinations=[Destination(name='로비', goal_pose=Pose(x=4.241336459631034, y=-2.361104203714551, qw=0.5097087478206948, qz=0.8603470185890456), bell=Bells(treatment='', suction='64012cd7'), idx=0, color='#e53935'), Destination(name='수술실', goal_pose=Pose(x=4.5199271819089395, y=-3.9219605026851503, qw=0.14533446519134308, qz=-0.9893825818294691), bell=Bells(treatment='', suction='64132cd7'), idx=1, color='#e53935'), Destination(name='진료실', goal_pose=Pose(x=0.11980823444488001, y=-3.735511450600503, qw=0.9963649848510123, qz=0.0851869530083222), bell=Bells(treatment='', suction='64252cd7'), idx=2, color='#e53935'), Destination(name='창고', goal_pose=Pose(x=0.2834625688692579, y=-6.793061814598156, qw=0.5257961572167338, qz=0.850610604834031), bell=Bells(treatment='', suction='64372cd7'), idx=3, color='#e53935'), Destination(name='소독실', goal_pose=Pose(x=-3.4045695907217928, y=-7.611793760201744, qw=0.546869706461766, qz=0.8372177280459497), bell=Bells(treatment='', suction='64492cd7'), idx=4, color='#e53935')]
2026-08-21 10:02:56.938 [session=000416] [INFO] [MainThread] 호출벨 리스트 반환: callbells={'64012cd7': {'name': '호출벨 1', 'usage': 'suction', 'destination': '로비'}, '64132cd7': {'name': '호출벨 2', 'usage': 'suction', 'destination': '수술실'}, '64252cd7': {'name': '호출벨 3', 'usage': 'suction', 'destination': '진료실'}, '64372cd7': {'name': '호출벨 4', 'usage': 'suction', 'destination': '창고'}, '64492cd7': {'name': '호출벨 5', 'usage': 'suction', 'destination': '소독실'}}, robot_usages=['treatment', 'suction']
2026-08-21 10:02:56.939 [session=000416] [INFO] [MainThread] 호출벨 리스트 로드: 5개
2026-08-21 10:02:56.940 [session=000416] [INFO] [MainThread] 호출벨 목록 동일 - UI 재생성 생략
2026-08-21 10:02:56.940 [session=000416] [INFO] [MainThread] 호출벨용 용도 목록 로드 요청
2026-08-21 10:02:56.941 [session=000416] [INFO] [MainThread] 호출벨에 용도 목록 전달: 2개
2026-08-21 10:02:56.941 [session=000416] [INFO] [MainThread] 용도 목록 로드: 2개
2026-08-21 10:02:56.941 [session=000416] [INFO] [MainThread] 목적지 목록 로드: 5개
2026-08-21 10:02:56.941 [session=000416] [INFO] [MainThread] 호출벨 관리에 목적지 목록 전달: 5개
2026-08-21 10:02:56.942 [session=000416] [INFO] [MainThread] My IP : 192.168.104.212
2026-08-21 10:02:57.121 [session=000416] [INFO] [ThreadPoolExecutor-8_0] 순차 이동 설정 저장 완료: /home/dentium/robot_GUIs/app/config/sequential_move.json
2026-08-21 10:02:58.860 [session=000416] [INFO] [SSE-SSE_BATTERY_LOW_SHUTDOWN] [SSE_DIAG] connect attempt tag=SSE_BATTERY_LOW_SHUTDOWN, reconnect=58, url=http://localhost:8080/robot_ec2b/events/battery/low_shutdown
2026-08-21 10:02:58.876 [session=000416] [INFO] [SSE-SSE_BATTERY_LOW_SHUTDOWN] [SSE_DIAG] connected tag=SSE_BATTERY_LOW_SHUTDOWN, status=404, reason=Not Found, elapsed=0.02s, content_type=application/json, url=http://localhost:8080/robot_ec2b/events/battery/low_shutdown
2026-08-21 10:02:58.877 [session=000416] [ERROR] [SSE-SSE_BATTERY_LOW_SHUTDOWN] [SSE_DIAG] non-200 response tag=SSE_BATTERY_LOW_SHUTDOWN, status=404, reason=Not Found, url=http://localhost:8080/robot_ec2b/events/battery/low_shutdown
2026-08-21 10:02:58.879 [session=000416] [INFO] [SSE-SSE_BATTERY_LOW_SHUTDOWN] [SSE_DIAG] reconnect wait tag=SSE_BATTERY_LOW_SHUTDOWN, delay=10s, reconnect=59, reason=HTTP 404, url=http://localhost:8080/robot_ec2b/events/battery/low_shutdown
2026-08-21 10:02:59.394 [session=000416] [INFO] [MainThread] [MAIN_THREAD_HEARTBEAT] GUI main thread alive: thread=MainThread
2026-08-21 10:03:04.393 [session=000416] [INFO] [MainThread] [MAIN_THREAD_HEARTBEAT] GUI main thread alive: thread=MainThread
2026-08-21 10:03:06.902 [session=000416] [DEBUG] [RestApiThread] GetCallBellFromRESTAPI 요청 시작
2026-08-21 10:03:06.905 [session=000416] [DEBUG] [RestApiThread] _get_data: 요청 시작 - tag: REST_API_TAG.GET_CALLBELL, url: http://localhost:8080/robot_ec2b/callbell
2026-08-21 10:03:06.906 [session=000416] [DEBUG] [RestApiThread] _get_data: 요청 전송 완료 - tag: REST_API_TAG.GET_CALLBELL, timeout: 30000ms
2026-08-21 10:03:06.910 [session=000416] [INFO] [MainThread] model_manager set_destinations: unchanged (5 items) - emit skipped
2026-08-21 10:03:06.928 [session=000416] [DEBUG] [RestApiThread] _handle_response 호출됨 - tag: REST_API_TAG.GET_CALLBELL, status_code: 200
2026-08-21 10:03:06.929 [session=000416] [INFO] [ThreadPoolExecutor-5_1] 호출벨 데이터 수신: 5개
2026-08-21 10:03:06.931 [session=000416] [INFO] [MainThread] 호출벨-목적지 동기화 완료: 5개 호출벨
2026-08-21 10:03:06.931 [session=000416] [INFO] [MainThread] 목적지 리스트 반환: destinations=[Destination(name='로비', goal_pose=Pose(x=4.241336459631034, y=-2.361104203714551, qw=0.5097087478206948, qz=0.8603470185890456), bell=Bells(treatment='', suction='64012cd7'), idx=0, color='#e53935'), Destination(name='수술실', goal_pose=Pose(x=4.5199271819089395, y=-3.9219605026851503, qw=0.14533446519134308, qz=-0.9893825818294691), bell=Bells(treatment='', suction='64132cd7'), idx=1, color='#e53935'), Destination(name='진료실', goal_pose=Pose(x=0.11980823444488001, y=-3.735511450600503, qw=0.9963649848510123, qz=0.0851869530083222), bell=Bells(treatment='', suction='64252cd7'), idx=2, color='#e53935'), Destination(name='창고', goal_pose=Pose(x=0.2834625688692579, y=-6.793061814598156, qw=0.5257961572167338, qz=0.850610604834031), bell=Bells(treatment='', suction='64372cd7'), idx=3, color='#e53935'), Destination(name='소독실', goal_pose=Pose(x=-3.4045695907217928, y=-7.611793760201744, qw=0.546869706461766, qz=0.8372177280459497), bell=Bells(treatment='', suction='64492cd7'), idx=4, color='#e53935')]
2026-08-21 10:03:06.931 [session=000416] [INFO] [MainThread] 호출벨 리스트 반환: callbells={'64012cd7': {'name': '호출벨 1', 'usage': 'suction', 'destination': '로비'}, '64132cd7': {'name': '호출벨 2', 'usage': 'suction', 'destination': '수술실'}, '64252cd7': {'name': '호출벨 3', 'usage': 'suction', 'destination': '진료실'}, '64372cd7': {'name': '호출벨 4', 'usage': 'suction', 'destination': '창고'}, '64492cd7': {'name': '호출벨 5', 'usage': 'suction', 'destination': '소독실'}}, robot_usages=['treatment', 'suction']
2026-08-21 10:03:06.932 [session=000416] [INFO] [MainThread] 호출벨 리스트 로드: 5개
2026-08-21 10:03:06.932 [session=000416] [INFO] [MainThread] 호출벨 목록 동일 - UI 재생성 생략
2026-08-21 10:03:06.932 [session=000416] [INFO] [MainThread] 호출벨용 용도 목록 로드 요청
2026-08-21 10:03:06.932 [session=000416] [INFO] [MainThread] 호출벨에 용도 목록 전달: 2개
2026-08-21 10:03:06.932 [session=000416] [INFO] [MainThread] 용도 목록 로드: 2개
2026-08-21 10:03:06.932 [session=000416] [INFO] [MainThread] 목적지 목록 로드: 5개
2026-08-21 10:03:06.932 [session=000416] [INFO] [MainThread] 호출벨 관리에 목적지 목록 전달: 5개
2026-08-21 10:03:06.943 [session=000416] [INFO] [MainThread] 홈 위치 수신: (3.12, 1.10)
2026-08-21 10:03:06.943 [session=000416] [INFO] [MainThread] 홈 위치 표시 업데이트: (894.0, 100.9)
2026-08-21 10:03:06.953 [session=000416] [INFO] [RestApiThread] _handle_response (CYCLIC 정상) - tag: REST_API_TAG.GET_MASTER_IP_ADDRESS, status: 200, pending→0
2026-08-21 10:03:06.955 [session=000416] [INFO] [MainThread]   홈 위치 서버 → 픽셀 좌표로 변환 및 UI 업데이트: (894.0, 100.9)
2026-08-21 10:03:06.958 [session=000416] [INFO] [MainThread] My IP : 192.168.104.212
2026-08-21 10:03:06.960 [session=000416] [INFO] [browser-music-sync_0] [BROWSER_MUSIC_SYNC] event=catalog_fetch_started master_base_url=http://127.0.0.1:5051
2026-08-21 10:03:07.002 [session=000416] [INFO] [browser-music-sync_0] [BROWSER_MUSIC_SYNC] event=catalog_fetch_succeeded master_base_url=http://127.0.0.1:5051 item_count=3
2026-08-21 10:03:07.008 [session=000416] [INFO] [RestApiThread] [REST API] 배경 음악 GET 전송: operation=selection_get, url=http://127.0.0.1:5051/api/voice-event-settings/background-music?robot_id=robot_ec2b
2026-08-21 10:03:07.009 [session=000416] [INFO] [RestApiThread] [REST API] 배경 음악 GET 전송: operation=resolved_get, url=http://127.0.0.1:5051/api/voice-event-settings/resolved?robot_id=robot_ec2b
2026-08-21 10:03:07.033 [session=000416] [DEBUG] [RestApiThread] _handle_response 호출됨 - tag: REST_API_TAG.GET_BACKGROUND_MUSIC_SETTING, status_code: 200
2026-08-21 10:03:07.049 [session=000416] [DEBUG] [RestApiThread] _handle_response 호출됨 - tag: REST_API_TAG.GET_RESOLVED_BACKGROUND_MUSIC, status_code: 200
2026-08-21 10:03:07.146 [session=000416] [INFO] [ThreadPoolExecutor-8_0] 순차 이동 설정 저장 완료: /home/dentium/robot_GUIs/app/config/sequential_move.json
2026-08-21 10:03:08.881 [session=000416] [INFO] [SSE-SSE_BATTERY_LOW_SHUTDOWN] [SSE_DIAG] connect attempt tag=SSE_BATTERY_LOW_SHUTDOWN, reconnect=59, url=http://localhost:8080/robot_ec2b/events/battery/low_shutdown
2026-08-21 10:03:08.899 [session=000416] [INFO] [SSE-SSE_BATTERY_LOW_SHUTDOWN] [SSE_DIAG] connected tag=SSE_BATTERY_LOW_SHUTDOWN, status=404, reason=Not Found, elapsed=0.02s, content_type=application/json, url=http://localhost:8080/robot_ec2b/events/battery/low_shutdown
2026-08-21 10:03:08.903 [session=000416] [ERROR] [SSE-SSE_BATTERY_LOW_SHUTDOWN] [SSE_DIAG] non-200 response tag=SSE_BATTERY_LOW_SHUTDOWN, status=404, reason=Not Found, url=http://localhost:8080/robot_ec2b/events/battery/low_shutdown
2026-08-21 10:03:08.906 [session=000416] [INFO] [SSE-SSE_BATTERY_LOW_SHUTDOWN] [SSE_DIAG] reconnect wait tag=SSE_BATTERY_LOW_SHUTDOWN, delay=10s, reconnect=60, reason=HTTP 404, url=http://localhost:8080/robot_ec2b/events/battery/low_shutdown
2026-08-21 10:03:09.394 [session=000416] [INFO] [MainThread] [MAIN_THREAD_HEARTBEAT] GUI main thread alive: thread=MainThread
2026-08-21 10:03:14.395 [session=000416] [INFO] [MainThread] [MAIN_THREAD_HEARTBEAT] GUI main thread alive: thread=MainThread
2026-08-21 10:03:16.902 [session=000416] [DEBUG] [RestApiThread] GetCallBellFromRESTAPI 요청 시작
2026-08-21 10:03:16.904 [session=000416] [DEBUG] [RestApiThread] _get_data: 요청 시작 - tag: REST_API_TAG.GET_CALLBELL, url: http://localhost:8080/robot_ec2b/callbell
2026-08-21 10:03:16.905 [session=000416] [DEBUG] [RestApiThread] _get_data: 요청 전송 완료 - tag: REST_API_TAG.GET_CALLBELL, timeout: 30000ms
2026-08-21 10:03:16.909 [session=000416] [INFO] [RestApiThread] _handle_response (CYCLIC 정상) - tag: REST_API_TAG.GET_DESTINATIONS, status: 200, pending→3
2026-08-21 10:03:16.911 [session=000416] [INFO] [MainThread] model_manager set_destinations: unchanged (5 items) - emit skipped
2026-08-21 10:03:16.924 [session=000416] [INFO] [MainThread] 홈 위치 수신: (3.12, 1.10)
2026-08-21 10:03:16.925 [session=000416] [INFO] [MainThread] 홈 위치 표시 업데이트: (894.0, 100.9)
2026-08-21 10:03:16.928 [session=000416] [INFO] [MainThread]   홈 위치 서버 → 픽셀 좌표로 변환 및 UI 업데이트: (894.0, 100.9)
2026-08-21 10:03:16.930 [session=000416] [DEBUG] [RestApiThread] _handle_response 호출됨 - tag: REST_API_TAG.GET_CALLBELL, status_code: 200
2026-08-21 10:03:16.931 [session=000416] [INFO] [ThreadPoolExecutor-5_2] 호출벨 데이터 수신: 5개
2026-08-21 10:03:16.934 [session=000416] [INFO] [MainThread] 호출벨-목적지 동기화 완료: 5개 호출벨
2026-08-21 10:03:16.935 [session=000416] [INFO] [MainThread] 목적지 리스트 반환: destinations=[Destination(name='로비', goal_pose=Pose(x=4.241336459631034, y=-2.361104203714551, qw=0.5097087478206948, qz=0.8603470185890456), bell=Bells(treatment='', suction='64012cd7'), idx=0, color='#e53935'), Destination(name='수술실', goal_pose=Pose(x=4.5199271819089395, y=-3.9219605026851503, qw=0.14533446519134308, qz=-0.9893825818294691), bell=Bells(treatment='', suction='64132cd7'), idx=1, color='#e53935'), Destination(name='진료실', goal_pose=Pose(x=0.11980823444488001, y=-3.735511450600503, qw=0.9963649848510123, qz=0.0851869530083222), bell=Bells(treatment='', suction='64252cd7'), idx=2, color='#e53935'), Destination(name='창고', goal_pose=Pose(x=0.2834625688692579, y=-6.793061814598156, qw=0.5257961572167338, qz=0.850610604834031), bell=Bells(treatment='', suction='64372cd7'), idx=3, color='#e53935'), Destination(name='소독실', goal_pose=Pose(x=-3.4045695907217928, y=-7.611793760201744, qw=0.546869706461766, qz=0.8372177280459497), bell=Bells(treatment='', suction='64492cd7'), idx=4, color='#e53935')]
2026-08-21 10:03:16.935 [session=000416] [INFO] [MainThread] 호출벨 리스트 반환: callbells={'64012cd7': {'name': '호출벨 1', 'usage': 'suction', 'destination': '로비'}, '64132cd7': {'name': '호출벨 2', 'usage': 'suction', 'destination': '수술실'}, '64252cd7': {'name': '호출벨 3', 'usage': 'suction', 'destination': '진료실'}, '64372cd7': {'name': '호출벨 4', 'usage': 'suction', 'destination': '창고'}, '64492cd7': {'name': '호출벨 5', 'usage': 'suction', 'destination': '소독실'}}, robot_usages=['treatment', 'suction']
2026-08-21 10:03:16.935 [session=000416] [INFO] [MainThread] 호출벨 리스트 로드: 5개
2026-08-21 10:03:16.935 [session=000416] [INFO] [MainThread] 호출벨 목록 동일 - UI 재생성 생략
2026-08-21 10:03:16.936 [session=000416] [INFO] [MainThread] 호출벨용 용도 목록 로드 요청
2026-08-21 10:03:16.936 [session=000416] [INFO] [MainThread] 호출벨에 용도 목록 전달: 2개
2026-08-21 10:03:16.936 [session=000416] [INFO] [MainThread] 용도 목록 로드: 2개
2026-08-21 10:03:16.937 [session=000416] [INFO] [MainThread] 목적지 목록 로드: 5개
2026-08-21 10:03:16.937 [session=000416] [INFO] [MainThread] 호출벨 관리에 목적지 목록 전달: 5개
2026-08-21 10:03:16.939 [session=000416] [INFO] [MainThread] My IP : 192.168.104.212
2026-08-21 10:03:17.121 [session=000416] [INFO] [ThreadPoolExecutor-8_0] 순차 이동 설정 저장 완료: /home/dentium/robot_GUIs/app/config/sequential_move.json
2026-08-21 10:03:18.907 [session=000416] [INFO] [SSE-SSE_BATTERY_LOW_SHUTDOWN] [SSE_DIAG] connect attempt tag=SSE_BATTERY_LOW_SHUTDOWN, reconnect=60, url=http://localhost:8080/robot_ec2b/events/battery/low_shutdown
2026-08-21 10:03:18.933 [session=000416] [INFO] [SSE-SSE_BATTERY_LOW_SHUTDOWN] [SSE_DIAG] connected tag=SSE_BATTERY_LOW_SHUTDOWN, status=404, reason=Not Found, elapsed=0.03s, content_type=application/json, url=http://localhost:8080/robot_ec2b/events/battery/low_shutdown
2026-08-21 10:03:18.934 [session=000416] [ERROR] [SSE-SSE_BATTERY_LOW_SHUTDOWN] [SSE_DIAG] non-200 response tag=SSE_BATTERY_LOW_SHUTDOWN, status=404, reason=Not Found, url=http://localhost:8080/robot_ec2b/events/battery/low_shutdown
2026-08-21 10:03:18.935 [session=000416] [INFO] [SSE-SSE_BATTERY_LOW_SHUTDOWN] [SSE_DIAG] reconnect wait tag=SSE_BATTERY_LOW_SHUTDOWN, delay=10s, reconnect=61, reason=HTTP 404, url=http://localhost:8080/robot_ec2b/events/battery/low_shutdown
2026-08-21 10:03:19.394 [session=000416] [INFO] [MainThread] [MAIN_THREAD_HEARTBEAT] GUI main thread alive: thread=MainThread
2026-08-21 10:03:24.394 [session=000416] [INFO] [MainThread] [MAIN_THREAD_HEARTBEAT] GUI main thread alive: thread=MainThread
2026-08-21 10:03:26.916 [session=000416] [DEBUG] [RestApiThread] GetCallBellFromRESTAPI 요청 시작
2026-08-21 10:03:26.919 [session=000416] [DEBUG] [RestApiThread] _get_data: 요청 시작 - tag: REST_API_TAG.GET_CALLBELL, url: http://localhost:8080/robot_ec2b/callbell
2026-08-21 10:03:26.920 [session=000416] [DEBUG] [RestApiThread] _get_data: 요청 전송 완료 - tag: REST_API_TAG.GET_CALLBELL, timeout: 30000ms
2026-08-21 10:03:26.926 [session=000416] [INFO] [MainThread] model_manager set_destinations: unchanged (5 items) - emit skipped
2026-08-21 10:03:26.932 [session=000416] [DEBUG] [RestApiThread] _handle_response 호출됨 - tag: REST_API_TAG.GET_CALLBELL, status_code: 200
2026-08-21 10:03:26.934 [session=000416] [INFO] [ThreadPoolExecutor-5_0] 호출벨 데이터 수신: 5개
2026-08-21 10:03:26.936 [session=000416] [INFO] [MainThread] 홈 위치 수신: (3.12, 1.10)
2026-08-21 10:03:26.937 [session=000416] [INFO] [MainThread] 홈 위치 표시 업데이트: (894.0, 100.9)
2026-08-21 10:03:26.940 [session=000416] [INFO] [MainThread]   홈 위치 서버 → 픽셀 좌표로 변환 및 UI 업데이트: (894.0, 100.9)
2026-08-21 10:03:26.942 [session=000416] [INFO] [MainThread] 호출벨-목적지 동기화 완료: 5개 호출벨
2026-08-21 10:03:26.943 [session=000416] [INFO] [MainThread] 목적지 리스트 반환: destinations=[Destination(name='로비', goal_pose=Pose(x=4.241336459631034, y=-2.361104203714551, qw=0.5097087478206948, qz=0.8603470185890456), bell=Bells(treatment='', suction='64012cd7'), idx=0, color='#e53935'), Destination(name='수술실', goal_pose=Pose(x=4.5199271819089395, y=-3.9219605026851503, qw=0.14533446519134308, qz=-0.9893825818294691), bell=Bells(treatment='', suction='64132cd7'), idx=1, color='#e53935'), Destination(name='진료실', goal_pose=Pose(x=0.11980823444488001, y=-3.735511450600503, qw=0.9963649848510123, qz=0.0851869530083222), bell=Bells(treatment='', suction='64252cd7'), idx=2, color='#e53935'), Destination(name='창고', goal_pose=Pose(x=0.2834625688692579, y=-6.793061814598156, qw=0.5257961572167338, qz=0.850610604834031), bell=Bells(treatment='', suction='64372cd7'), idx=3, color='#e53935'), Destination(name='소독실', goal_pose=Pose(x=-3.4045695907217928, y=-7.611793760201744, qw=0.546869706461766, qz=0.8372177280459497), bell=Bells(treatment='', suction='64492cd7'), idx=4, color='#e53935')]
2026-08-21 10:03:26.943 [session=000416] [INFO] [MainThread] 호출벨 리스트 반환: callbells={'64012cd7': {'name': '호출벨 1', 'usage': 'suction', 'destination': '로비'}, '64132cd7': {'name': '호출벨 2', 'usage': 'suction', 'destination': '수술실'}, '64252cd7': {'name': '호출벨 3', 'usage': 'suction', 'destination': '진료실'}, '64372cd7': {'name': '호출벨 4', 'usage': 'suction', 'destination': '창고'}, '64492cd7': {'name': '호출벨 5', 'usage': 'suction', 'destination': '소독실'}}, robot_usages=['treatment', 'suction']
2026-08-21 10:03:26.943 [session=000416] [INFO] [MainThread] 호출벨 리스트 로드: 5개
2026-08-21 10:03:26.944 [session=000416] [INFO] [MainThread] 호출벨 목록 동일 - UI 재생성 생략
2026-08-21 10:03:26.944 [session=000416] [INFO] [MainThread] 호출벨용 용도 목록 로드 요청
2026-08-21 10:03:26.944 [session=000416] [INFO] [MainThread] 호출벨에 용도 목록 전달: 2개
2026-08-21 10:03:26.944 [session=000416] [INFO] [MainThread] 용도 목록 로드: 2개
2026-08-21 10:03:26.944 [session=000416] [INFO] [MainThread] 목적지 목록 로드: 5개
2026-08-21 10:03:26.945 [session=000416] [INFO] [MainThread] 호출벨 관리에 목적지 목록 전달: 5개
2026-08-21 10:03:26.945 [session=000416] [INFO] [MainThread] My IP : 192.168.104.212
2026-08-21 10:03:27.121 [session=000416] [INFO] [ThreadPoolExecutor-8_0] 순차 이동 설정 저장 완료: /home/dentium/robot_GUIs/app/config/sequential_move.json
2026-08-21 10:03:28.937 [session=000416] [INFO] [SSE-SSE_BATTERY_LOW_SHUTDOWN] [SSE_DIAG] connect attempt tag=SSE_BATTERY_LOW_SHUTDOWN, reconnect=61, url=http://localhost:8080/robot_ec2b/events/battery/low_shutdown
2026-08-21 10:03:28.953 [session=000416] [INFO] [SSE-SSE_BATTERY_LOW_SHUTDOWN] [SSE_DIAG] connected tag=SSE_BATTERY_LOW_SHUTDOWN, status=404, reason=Not Found, elapsed=0.02s, content_type=application/json, url=http://localhost:8080/robot_ec2b/events/battery/low_shutdown
2026-08-21 10:03:28.954 [session=000416] [ERROR] [SSE-SSE_BATTERY_LOW_SHUTDOWN] [SSE_DIAG] non-200 response tag=SSE_BATTERY_LOW_SHUTDOWN, status=404, reason=Not Found, url=http://localhost:8080/robot_ec2b/events/battery/low_shutdown
2026-08-21 10:03:28.956 [session=000416] [INFO] [SSE-SSE_BATTERY_LOW_SHUTDOWN] [SSE_DIAG] reconnect wait tag=SSE_BATTERY_LOW_SHUTDOWN, delay=10s, reconnect=62, reason=HTTP 404, url=http://localhost:8080/robot_ec2b/events/battery/low_shutdown
2026-08-21 10:03:29.393 [session=000416] [INFO] [MainThread] [MAIN_THREAD_HEARTBEAT] GUI main thread alive: thread=MainThread
2026-08-21 10:03:34.393 [session=000416] [INFO] [MainThread] [MAIN_THREAD_HEARTBEAT] GUI main thread alive: thread=MainThread
2026-08-21 10:03:36.911 [session=000416] [DEBUG] [RestApiThread] GetCallBellFromRESTAPI 요청 시작
2026-08-21 10:03:36.913 [session=000416] [DEBUG] [RestApiThread] _get_data: 요청 시작 - tag: REST_API_TAG.GET_CALLBELL, url: http://localhost:8080/robot_ec2b/callbell
2026-08-21 10:03:36.914 [session=000416] [DEBUG] [RestApiThread] _get_data: 요청 전송 완료 - tag: REST_API_TAG.GET_CALLBELL, timeout: 30000ms
2026-08-21 10:03:36.927 [session=000416] [INFO] [MainThread] model_manager set_destinations: unchanged (5 items) - emit skipped
2026-08-21 10:03:36.929 [session=000416] [INFO] [MainThread] 홈 위치 수신: (3.12, 1.10)
2026-08-21 10:03:36.932 [session=000416] [DEBUG] [RestApiThread] _handle_response 호출됨 - tag: REST_API_TAG.GET_CALLBELL, status_code: 200
2026-08-21 10:03:36.934 [session=000416] [INFO] [MainThread] 홈 위치 표시 업데이트: (894.0, 100.9)
2026-08-21 10:03:36.935 [session=000416] [INFO] [ThreadPoolExecutor-5_2] 호출벨 데이터 수신: 5개
2026-08-21 10:03:36.944 [session=000416] [INFO] [MainThread]   홈 위치 서버 → 픽셀 좌표로 변환 및 UI 업데이트: (894.0, 100.9)
2026-08-21 10:03:36.947 [session=000416] [INFO] [MainThread] 호출벨-목적지 동기화 완료: 5개 호출벨
2026-08-21 10:03:36.948 [session=000416] [INFO] [MainThread] 목적지 리스트 반환: destinations=[Destination(name='로비', goal_pose=Pose(x=4.241336459631034, y=-2.361104203714551, qw=0.5097087478206948, qz=0.8603470185890456), bell=Bells(treatment='', suction='64012cd7'), idx=0, color='#e53935'), Destination(name='수술실', goal_pose=Pose(x=4.5199271819089395, y=-3.9219605026851503, qw=0.14533446519134308, qz=-0.9893825818294691), bell=Bells(treatment='', suction='64132cd7'), idx=1, color='#e53935'), Destination(name='진료실', goal_pose=Pose(x=0.11980823444488001, y=-3.735511450600503, qw=0.9963649848510123, qz=0.0851869530083222), bell=Bells(treatment='', suction='64252cd7'), idx=2, color='#e53935'), Destination(name='창고', goal_pose=Pose(x=0.2834625688692579, y=-6.793061814598156, qw=0.5257961572167338, qz=0.850610604834031), bell=Bells(treatment='', suction='64372cd7'), idx=3, color='#e53935'), Destination(name='소독실', goal_pose=Pose(x=-3.4045695907217928, y=-7.611793760201744, qw=0.546869706461766, qz=0.8372177280459497), bell=Bells(treatment='', suction='64492cd7'), idx=4, color='#e53935')]
2026-08-21 10:03:36.948 [session=000416] [INFO] [MainThread] 호출벨 리스트 반환: callbells={'64012cd7': {'name': '호출벨 1', 'usage': 'suction', 'destination': '로비'}, '64132cd7': {'name': '호출벨 2', 'usage': 'suction', 'destination': '수술실'}, '64252cd7': {'name': '호출벨 3', 'usage': 'suction', 'destination': '진료실'}, '64372cd7': {'name': '호출벨 4', 'usage': 'suction', 'destination': '창고'}, '64492cd7': {'name': '호출벨 5', 'usage': 'suction', 'destination': '소독실'}}, robot_usages=['treatment', 'suction']
2026-08-21 10:03:36.948 [session=000416] [INFO] [MainThread] 호출벨 리스트 로드: 5개
2026-08-21 10:03:36.949 [session=000416] [INFO] [MainThread] 호출벨 목록 동일 - UI 재생성 생략
2026-08-21 10:03:36.949 [session=000416] [INFO] [MainThread] 호출벨용 용도 목록 로드 요청
2026-08-21 10:03:36.949 [session=000416] [INFO] [MainThread] 호출벨에 용도 목록 전달: 2개
2026-08-21 10:03:36.951 [session=000416] [INFO] [MainThread] 용도 목록 로드: 2개
2026-08-21 10:03:36.951 [session=000416] [INFO] [MainThread] 목적지 목록 로드: 5개
2026-08-21 10:03:36.952 [session=000416] [INFO] [MainThread] 호출벨 관리에 목적지 목록 전달: 5개
2026-08-21 10:03:36.953 [session=000416] [INFO] [MainThread] My IP : 192.168.104.212
2026-08-21 10:03:37.120 [session=000416] [INFO] [ThreadPoolExecutor-8_0] 순차 이동 설정 저장 완료: /home/dentium/robot_GUIs/app/config/sequential_move.json
2026-08-21 10:03:38.958 [session=000416] [INFO] [SSE-SSE_BATTERY_LOW_SHUTDOWN] [SSE_DIAG] connect attempt tag=SSE_BATTERY_LOW_SHUTDOWN, reconnect=62, url=http://localhost:8080/robot_ec2b/events/battery/low_shutdown
2026-08-21 10:03:38.978 [session=000416] [INFO] [SSE-SSE_BATTERY_LOW_SHUTDOWN] [SSE_DIAG] connected tag=SSE_BATTERY_LOW_SHUTDOWN, status=404, reason=Not Found, elapsed=0.02s, content_type=application/json, url=http://localhost:8080/robot_ec2b/events/battery/low_shutdown
2026-08-21 10:03:38.979 [session=000416] [ERROR] [SSE-SSE_BATTERY_LOW_SHUTDOWN] [SSE_DIAG] non-200 response tag=SSE_BATTERY_LOW_SHUTDOWN, status=404, reason=Not Found, url=http://localhost:8080/robot_ec2b/events/battery/low_shutdown
2026-08-21 10:03:38.983 [session=000416] [INFO] [SSE-SSE_BATTERY_LOW_SHUTDOWN] [SSE_DIAG] reconnect wait tag=SSE_BATTERY_LOW_SHUTDOWN, delay=10s, reconnect=63, reason=HTTP 404, url=http://localhost:8080/robot_ec2b/events/battery/low_shutdown
2026-08-21 10:03:39.394 [session=000416] [INFO] [MainThread] [MAIN_THREAD_HEARTBEAT] GUI main thread alive: thread=MainThread
2026-08-21 10:03:44.394 [session=000416] [INFO] [MainThread] [MAIN_THREAD_HEARTBEAT] GUI main thread alive: thread=MainThread
2026-08-21 10:03:46.907 [session=000416] [DEBUG] [RestApiThread] GetCallBellFromRESTAPI 요청 시작
2026-08-21 10:03:46.910 [session=000416] [DEBUG] [RestApiThread] _get_data: 요청 시작 - tag: REST_API_TAG.GET_CALLBELL, url: http://localhost:8080/robot_ec2b/callbell
2026-08-21 10:03:46.911 [session=000416] [DEBUG] [RestApiThread] _get_data: 요청 전송 완료 - tag: REST_API_TAG.GET_CALLBELL, timeout: 30000ms
2026-08-21 10:03:46.922 [session=000416] [INFO] [MainThread] model_manager set_destinations: unchanged (5 items) - emit skipped
2026-08-21 10:03:46.935 [session=000416] [INFO] [MainThread] 홈 위치 수신: (3.12, 1.10)
2026-08-21 10:03:46.935 [session=000416] [INFO] [MainThread] 홈 위치 표시 업데이트: (894.0, 100.9)
2026-08-21 10:03:46.938 [session=000416] [DEBUG] [RestApiThread] _handle_response 호출됨 - tag: REST_API_TAG.GET_CALLBELL, status_code: 200
2026-08-21 10:03:46.939 [session=000416] [INFO] [ThreadPoolExecutor-5_0] 호출벨 데이터 수신: 5개
2026-08-21 10:03:46.941 [session=000416] [INFO] [MainThread]   홈 위치 서버 → 픽셀 좌표로 변환 및 UI 업데이트: (894.0, 100.9)
2026-08-21 10:03:46.944 [session=000416] [INFO] [MainThread] 호출벨-목적지 동기화 완료: 5개 호출벨
2026-08-21 10:03:46.945 [session=000416] [INFO] [MainThread] 목적지 리스트 반환: destinations=[Destination(name='로비', goal_pose=Pose(x=4.241336459631034, y=-2.361104203714551, qw=0.5097087478206948, qz=0.8603470185890456), bell=Bells(treatment='', suction='64012cd7'), idx=0, color='#e53935'), Destination(name='수술실', goal_pose=Pose(x=4.5199271819089395, y=-3.9219605026851503, qw=0.14533446519134308, qz=-0.9893825818294691), bell=Bells(treatment='', suction='64132cd7'), idx=1, color='#e53935'), Destination(name='진료실', goal_pose=Pose(x=0.11980823444488001, y=-3.735511450600503, qw=0.9963649848510123, qz=0.0851869530083222), bell=Bells(treatment='', suction='64252cd7'), idx=2, color='#e53935'), Destination(name='창고', goal_pose=Pose(x=0.2834625688692579, y=-6.793061814598156, qw=0.5257961572167338, qz=0.850610604834031), bell=Bells(treatment='', suction='64372cd7'), idx=3, color='#e53935'), Destination(name='소독실', goal_pose=Pose(x=-3.4045695907217928, y=-7.611793760201744, qw=0.546869706461766, qz=0.8372177280459497), bell=Bells(treatment='', suction='64492cd7'), idx=4, color='#e53935')]
2026-08-21 10:03:46.946 [session=000416] [INFO] [MainThread] 호출벨 리스트 반환: callbells={'64012cd7': {'name': '호출벨 1', 'usage': 'suction', 'destination': '로비'}, '64132cd7': {'name': '호출벨 2', 'usage': 'suction', 'destination': '수술실'}, '64252cd7': {'name': '호출벨 3', 'usage': 'suction', 'destination': '진료실'}, '64372cd7': {'name': '호출벨 4', 'usage': 'suction', 'destination': '창고'}, '64492cd7': {'name': '호출벨 5', 'usage': 'suction', 'destination': '소독실'}}, robot_usages=['treatment', 'suction']
2026-08-21 10:03:46.946 [session=000416] [INFO] [MainThread] 호출벨 리스트 로드: 5개
2026-08-21 10:03:46.946 [session=000416] [INFO] [MainThread] 호출벨 목록 동일 - UI 재생성 생략
2026-08-21 10:03:46.948 [session=000416] [INFO] [MainThread] 호출벨용 용도 목록 로드 요청
2026-08-21 10:03:46.949 [session=000416] [INFO] [MainThread] 호출벨에 용도 목록 전달: 2개
2026-08-21 10:03:46.950 [session=000416] [INFO] [MainThread] 용도 목록 로드: 2개
2026-08-21 10:03:46.951 [session=000416] [INFO] [MainThread] 목적지 목록 로드: 5개
2026-08-21 10:03:46.951 [session=000416] [INFO] [MainThread] 호출벨 관리에 목적지 목록 전달: 5개
2026-08-21 10:03:46.953 [session=000416] [INFO] [MainThread] My IP : 192.168.104.212
2026-08-21 10:03:46.958 [session=000416] [INFO] [browser-music-sync_0] [BROWSER_MUSIC_SYNC] event=catalog_fetch_started master_base_url=http://127.0.0.1:5051
2026-08-21 10:03:47.007 [session=000416] [INFO] [browser-music-sync_0] [BROWSER_MUSIC_SYNC] event=catalog_fetch_succeeded master_base_url=http://127.0.0.1:5051 item_count=3
2026-08-21 10:03:47.015 [session=000416] [INFO] [RestApiThread] [REST API] 배경 음악 GET 전송: operation=selection_get, url=http://127.0.0.1:5051/api/voice-event-settings/background-music?robot_id=robot_ec2b
2026-08-21 10:03:47.016 [session=000416] [INFO] [RestApiThread] [REST API] 배경 음악 GET 전송: operation=resolved_get, url=http://127.0.0.1:5051/api/voice-event-settings/resolved?robot_id=robot_ec2b
2026-08-21 10:03:47.040 [session=000416] [DEBUG] [RestApiThread] _handle_response 호출됨 - tag: REST_API_TAG.GET_RESOLVED_BACKGROUND_MUSIC, status_code: 200
2026-08-21 10:03:47.043 [session=000416] [DEBUG] [RestApiThread] _handle_response 호출됨 - tag: REST_API_TAG.GET_BACKGROUND_MUSIC_SETTING, status_code: 200
2026-08-21 10:03:47.120 [session=000416] [INFO] [ThreadPoolExecutor-8_0] 순차 이동 설정 저장 완료: /home/dentium/robot_GUIs/app/config/sequential_move.json
2026-08-21 10:03:48.986 [session=000416] [INFO] [SSE-SSE_BATTERY_LOW_SHUTDOWN] [SSE_DIAG] connect attempt tag=SSE_BATTERY_LOW_SHUTDOWN, reconnect=63, url=http://localhost:8080/robot_ec2b/events/battery/low_shutdown
2026-08-21 10:03:49.011 [session=000416] [INFO] [SSE-SSE_BATTERY_LOW_SHUTDOWN] [SSE_DIAG] connected tag=SSE_BATTERY_LOW_SHUTDOWN, status=404, reason=Not Found, elapsed=0.03s, content_type=application/json, url=http://localhost:8080/robot_ec2b/events/battery/low_shutdown
2026-08-21 10:03:49.011 [session=000416] [ERROR] [SSE-SSE_BATTERY_LOW_SHUTDOWN] [SSE_DIAG] non-200 response tag=SSE_BATTERY_LOW_SHUTDOWN, status=404, reason=Not Found, url=http://localhost:8080/robot_ec2b/events/battery/low_shutdown
2026-08-21 10:03:49.014 [session=000416] [INFO] [SSE-SSE_BATTERY_LOW_SHUTDOWN] [SSE_DIAG] reconnect wait tag=SSE_BATTERY_LOW_SHUTDOWN, delay=10s, reconnect=64, reason=HTTP 404, url=http://localhost:8080/robot_ec2b/events/battery/low_shutdown
2026-08-21 10:03:49.393 [session=000416] [INFO] [MainThread] [MAIN_THREAD_HEARTBEAT] GUI main thread alive: thread=MainThread
2026-08-21 10:03:54.394 [session=000416] [INFO] [MainThread] [MAIN_THREAD_HEARTBEAT] GUI main thread alive: thread=MainThread
2026-08-21 10:03:56.896 [session=000416] [DEBUG] [RestApiThread] GetCallBellFromRESTAPI 요청 시작
2026-08-21 10:03:56.903 [session=000416] [DEBUG] [RestApiThread] _get_data: 요청 시작 - tag: REST_API_TAG.GET_CALLBELL, url: http://localhost:8080/robot_ec2b/callbell
2026-08-21 10:03:56.909 [session=000416] [DEBUG] [RestApiThread] _get_data: 요청 전송 완료 - tag: REST_API_TAG.GET_CALLBELL, timeout: 30000ms
2026-08-21 10:03:56.915 [session=000416] [INFO] [MainThread] model_manager set_destinations: unchanged (5 items) - emit skipped
2026-08-21 10:03:56.919 [session=000416] [INFO] [RestApiThread] _handle_response (CYCLIC 정상) - tag: REST_API_TAG.GET_HOME_POSE, status: 200, pending→2
2026-08-21 10:03:56.921 [session=000416] [INFO] [MainThread] 홈 위치 수신: (3.12, 1.10)
2026-08-21 10:03:56.921 [session=000416] [INFO] [MainThread] 홈 위치 표시 업데이트: (894.0, 100.9)
2026-08-21 10:03:56.925 [session=000416] [INFO] [MainThread]   홈 위치 서버 → 픽셀 좌표로 변환 및 UI 업데이트: (894.0, 100.9)
2026-08-21 10:03:56.926 [session=000416] [DEBUG] [RestApiThread] _handle_response 호출됨 - tag: REST_API_TAG.GET_CALLBELL, status_code: 200
2026-08-21 10:03:56.927 [session=000416] [INFO] [ThreadPoolExecutor-5_2] 호출벨 데이터 수신: 5개
2026-08-21 10:03:56.929 [session=000416] [INFO] [MainThread] 호출벨-목적지 동기화 완료: 5개 호출벨
2026-08-21 10:03:56.929 [session=000416] [INFO] [MainThread] 목적지 리스트 반환: destinations=[Destination(name='로비', goal_pose=Pose(x=4.241336459631034, y=-2.361104203714551, qw=0.5097087478206948, qz=0.8603470185890456), bell=Bells(treatment='', suction='64012cd7'), idx=0, color='#e53935'), Destination(name='수술실', goal_pose=Pose(x=4.5199271819089395, y=-3.9219605026851503, qw=0.14533446519134308, qz=-0.9893825818294691), bell=Bells(treatment='', suction='64132cd7'), idx=1, color='#e53935'), Destination(name='진료실', goal_pose=Pose(x=0.11980823444488001, y=-3.735511450600503, qw=0.9963649848510123, qz=0.0851869530083222), bell=Bells(treatment='', suction='64252cd7'), idx=2, color='#e53935'), Destination(name='창고', goal_pose=Pose(x=0.2834625688692579, y=-6.793061814598156, qw=0.5257961572167338, qz=0.850610604834031), bell=Bells(treatment='', suction='64372cd7'), idx=3, color='#e53935'), Destination(name='소독실', goal_pose=Pose(x=-3.4045695907217928, y=-7.611793760201744, qw=0.546869706461766, qz=0.8372177280459497), bell=Bells(treatment='', suction='64492cd7'), idx=4, color='#e53935')]
2026-08-21 10:03:56.929 [session=000416] [INFO] [MainThread] 호출벨 리스트 반환: callbells={'64012cd7': {'name': '호출벨 1', 'usage': 'suction', 'destination': '로비'}, '64132cd7': {'name': '호출벨 2', 'usage': 'suction', 'destination': '수술실'}, '64252cd7': {'name': '호출벨 3', 'usage': 'suction', 'destination': '진료실'}, '64372cd7': {'name': '호출벨 4', 'usage': 'suction', 'destination': '창고'}, '64492cd7': {'name': '호출벨 5', 'usage': 'suction', 'destination': '소독실'}}, robot_usages=['treatment', 'suction']
2026-08-21 10:03:56.932 [session=000416] [INFO] [MainThread] 호출벨 리스트 로드: 5개
2026-08-21 10:03:56.932 [session=000416] [INFO] [MainThread] 호출벨 목록 동일 - UI 재생성 생략
2026-08-21 10:03:56.933 [session=000416] [INFO] [MainThread] 호출벨용 용도 목록 로드 요청
2026-08-21 10:03:56.933 [session=000416] [INFO] [MainThread] 호출벨에 용도 목록 전달: 2개
2026-08-21 10:03:56.933 [session=000416] [INFO] [MainThread] 용도 목록 로드: 2개
2026-08-21 10:03:56.933 [session=000416] [INFO] [MainThread] 목적지 목록 로드: 5개
2026-08-21 10:03:56.933 [session=000416] [INFO] [MainThread] 호출벨 관리에 목적지 목록 전달: 5개
2026-08-21 10:03:56.935 [session=000416] [INFO] [MainThread] My IP : 192.168.104.212
2026-08-21 10:03:57.119 [session=000416] [INFO] [ThreadPoolExecutor-8_0] 순차 이동 설정 저장 완료: /home/dentium/robot_GUIs/app/config/sequential_move.json
2026-08-21 10:03:59.019 [session=000416] [INFO] [SSE-SSE_BATTERY_LOW_SHUTDOWN] [SSE_DIAG] connect attempt tag=SSE_BATTERY_LOW_SHUTDOWN, reconnect=64, url=http://localhost:8080/robot_ec2b/events/battery/low_shutdown
2026-08-21 10:03:59.038 [session=000416] [INFO] [SSE-SSE_BATTERY_LOW_SHUTDOWN] [SSE_DIAG] connected tag=SSE_BATTERY_LOW_SHUTDOWN, status=404, reason=Not Found, elapsed=0.02s, content_type=application/json, url=http://localhost:8080/robot_ec2b/events/battery/low_shutdown
2026-08-21 10:03:59.039 [session=000416] [ERROR] [SSE-SSE_BATTERY_LOW_SHUTDOWN] [SSE_DIAG] non-200 response tag=SSE_BATTERY_LOW_SHUTDOWN, status=404, reason=Not Found, url=http://localhost:8080/robot_ec2b/events/battery/low_shutdown
2026-08-21 10:03:59.041 [session=000416] [INFO] [SSE-SSE_BATTERY_LOW_SHUTDOWN] [SSE_DIAG] reconnect wait tag=SSE_BATTERY_LOW_SHUTDOWN, delay=10s, reconnect=65, reason=HTTP 404, url=http://localhost:8080/robot_ec2b/events/battery/low_shutdown
2026-08-21 10:03:59.394 [session=000416] [INFO] [MainThread] [MAIN_THREAD_HEARTBEAT] GUI main thread alive: thread=MainThread
2026-08-21 10:04:04.393 [session=000416] [INFO] [MainThread] [MAIN_THREAD_HEARTBEAT] GUI main thread alive: thread=MainThread
2026-08-21 10:04:06.910 [session=000416] [DEBUG] [RestApiThread] GetCallBellFromRESTAPI 요청 시작
2026-08-21 10:04:06.915 [session=000416] [DEBUG] [RestApiThread] _get_data: 요청 시작 - tag: REST_API_TAG.GET_CALLBELL, url: http://localhost:8080/robot_ec2b/callbell
2026-08-21 10:04:06.916 [session=000416] [DEBUG] [RestApiThread] _get_data: 요청 전송 완료 - tag: REST_API_TAG.GET_CALLBELL, timeout: 30000ms
2026-08-21 10:04:06.919 [session=000416] [INFO] [MainThread] model_manager set_destinations: unchanged (5 items) - emit skipped
2026-08-21 10:04:06.924 [session=000416] [INFO] [MainThread] 홈 위치 수신: (3.12, 1.10)
2026-08-21 10:04:06.924 [session=000416] [INFO] [MainThread] 홈 위치 표시 업데이트: (894.0, 100.9)
2026-08-21 10:04:06.927 [session=000416] [INFO] [MainThread]   홈 위치 서버 → 픽셀 좌표로 변환 및 UI 업데이트: (894.0, 100.9)
2026-08-21 10:04:06.935 [session=000416] [DEBUG] [RestApiThread] _handle_response 호출됨 - tag: REST_API_TAG.GET_CALLBELL, status_code: 200
2026-08-21 10:04:06.938 [session=000416] [INFO] [ThreadPoolExecutor-5_0] 호출벨 데이터 수신: 5개
2026-08-21 10:04:06.942 [session=000416] [INFO] [MainThread] 호출벨-목적지 동기화 완료: 5개 호출벨
2026-08-21 10:04:06.943 [session=000416] [INFO] [MainThread] 목적지 리스트 반환: destinations=[Destination(name='로비', goal_pose=Pose(x=4.241336459631034, y=-2.361104203714551, qw=0.5097087478206948, qz=0.8603470185890456), bell=Bells(treatment='', suction='64012cd7'), idx=0, color='#e53935'), Destination(name='수술실', goal_pose=Pose(x=4.5199271819089395, y=-3.9219605026851503, qw=0.14533446519134308, qz=-0.9893825818294691), bell=Bells(treatment='', suction='64132cd7'), idx=1, color='#e53935'), Destination(name='진료실', goal_pose=Pose(x=0.11980823444488001, y=-3.735511450600503, qw=0.9963649848510123, qz=0.0851869530083222), bell=Bells(treatment='', suction='64252cd7'), idx=2, color='#e53935'), Destination(name='창고', goal_pose=Pose(x=0.2834625688692579, y=-6.793061814598156, qw=0.5257961572167338, qz=0.850610604834031), bell=Bells(treatment='', suction='64372cd7'), idx=3, color='#e53935'), Destination(name='소독실', goal_pose=Pose(x=-3.4045695907217928, y=-7.611793760201744, qw=0.546869706461766, qz=0.8372177280459497), bell=Bells(treatment='', suction='64492cd7'), idx=4, color='#e53935')]
2026-08-21 10:04:06.944 [session=000416] [INFO] [MainThread] 호출벨 리스트 반환: callbells={'64012cd7': {'name': '호출벨 1', 'usage': 'suction', 'destination': '로비'}, '64132cd7': {'name': '호출벨 2', 'usage': 'suction', 'destination': '수술실'}, '64252cd7': {'name': '호출벨 3', 'usage': 'suction', 'destination': '진료실'}, '64372cd7': {'name': '호출벨 4', 'usage': 'suction', 'destination': '창고'}, '64492cd7': {'name': '호출벨 5', 'usage': 'suction', 'destination': '소독실'}}, robot_usages=['treatment', 'suction']
2026-08-21 10:04:06.945 [session=000416] [INFO] [MainThread] 호출벨 리스트 로드: 5개
2026-08-21 10:04:06.945 [session=000416] [INFO] [MainThread] 호출벨 목록 동일 - UI 재생성 생략
2026-08-21 10:04:06.945 [session=000416] [INFO] [MainThread] 호출벨용 용도 목록 로드 요청
2026-08-21 10:04:06.946 [session=000416] [INFO] [MainThread] 호출벨에 용도 목록 전달: 2개
2026-08-21 10:04:06.946 [session=000416] [INFO] [MainThread] 용도 목록 로드: 2개
2026-08-21 10:04:06.946 [session=000416] [INFO] [MainThread] 목적지 목록 로드: 5개
2026-08-21 10:04:06.946 [session=000416] [INFO] [MainThread] 호출벨 관리에 목적지 목록 전달: 5개
2026-08-21 10:04:06.949 [session=000416] [INFO] [MainThread] My IP : 192.168.104.212
2026-08-21 10:04:07.119 [session=000416] [INFO] [ThreadPoolExecutor-8_0] 순차 이동 설정 저장 완료: /home/dentium/robot_GUIs/app/config/sequential_move.json
2026-08-21 10:04:09.043 [session=000416] [INFO] [SSE-SSE_BATTERY_LOW_SHUTDOWN] [SSE_DIAG] connect attempt tag=SSE_BATTERY_LOW_SHUTDOWN, reconnect=65, url=http://localhost:8080/robot_ec2b/events/battery/low_shutdown
2026-08-21 10:04:09.055 [session=000416] [INFO] [SSE-SSE_BATTERY_LOW_SHUTDOWN] [SSE_DIAG] connected tag=SSE_BATTERY_LOW_SHUTDOWN, status=404, reason=Not Found, elapsed=0.01s, content_type=application/json, url=http://localhost:8080/robot_ec2b/events/battery/low_shutdown
2026-08-21 10:04:09.056 [session=000416] [ERROR] [SSE-SSE_BATTERY_LOW_SHUTDOWN] [SSE_DIAG] non-200 response tag=SSE_BATTERY_LOW_SHUTDOWN, status=404, reason=Not Found, url=http://localhost:8080/robot_ec2b/events/battery/low_shutdown
2026-08-21 10:04:09.057 [session=000416] [INFO] [SSE-SSE_BATTERY_LOW_SHUTDOWN] [SSE_DIAG] reconnect wait tag=SSE_BATTERY_LOW_SHUTDOWN, delay=10s, reconnect=66, reason=HTTP 404, url=http://localhost:8080/robot_ec2b/events/battery/low_shutdown
2026-08-21 10:04:09.394 [session=000416] [INFO] [MainThread] [MAIN_THREAD_HEARTBEAT] GUI main thread alive: thread=MainThread
2026-08-21 10:04:14.394 [session=000416] [INFO] [MainThread] [MAIN_THREAD_HEARTBEAT] GUI main thread alive: thread=MainThread
2026-08-21 10:04:16.906 [session=000416] [DEBUG] [RestApiThread] GetCallBellFromRESTAPI 요청 시작
2026-08-21 10:04:16.909 [session=000416] [DEBUG] [RestApiThread] _get_data: 요청 시작 - tag: REST_API_TAG.GET_CALLBELL, url: http://localhost:8080/robot_ec2b/callbell
2026-08-21 10:04:16.910 [session=000416] [DEBUG] [RestApiThread] _get_data: 요청 전송 완료 - tag: REST_API_TAG.GET_CALLBELL, timeout: 30000ms
2026-08-21 10:04:16.912 [session=000416] [INFO] [MainThread] model_manager set_destinations: unchanged (5 items) - emit skipped
2026-08-21 10:04:16.915 [session=000416] [INFO] [MainThread] 홈 위치 수신: (3.12, 1.10)
2026-08-21 10:04:16.915 [session=000416] [INFO] [MainThread] 홈 위치 표시 업데이트: (894.0, 100.9)
2026-08-21 10:04:16.919 [session=000416] [INFO] [MainThread]   홈 위치 서버 → 픽셀 좌표로 변환 및 UI 업데이트: (894.0, 100.9)
2026-08-21 10:04:16.939 [session=000416] [DEBUG] [RestApiThread] _handle_response 호출됨 - tag: REST_API_TAG.GET_CALLBELL, status_code: 200
2026-08-21 10:04:16.940 [session=000416] [INFO] [ThreadPoolExecutor-5_2] 호출벨 데이터 수신: 5개
2026-08-21 10:04:16.943 [session=000416] [INFO] [MainThread] 호출벨-목적지 동기화 완료: 5개 호출벨
2026-08-21 10:04:16.943 [session=000416] [INFO] [MainThread] 목적지 리스트 반환: destinations=[Destination(name='로비', goal_pose=Pose(x=4.241336459631034, y=-2.361104203714551, qw=0.5097087478206948, qz=0.8603470185890456), bell=Bells(treatment='', suction='64012cd7'), idx=0, color='#e53935'), Destination(name='수술실', goal_pose=Pose(x=4.5199271819089395, y=-3.9219605026851503, qw=0.14533446519134308, qz=-0.9893825818294691), bell=Bells(treatment='', suction='64132cd7'), idx=1, color='#e53935'), Destination(name='진료실', goal_pose=Pose(x=0.11980823444488001, y=-3.735511450600503, qw=0.9963649848510123, qz=0.0851869530083222), bell=Bells(treatment='', suction='64252cd7'), idx=2, color='#e53935'), Destination(name='창고', goal_pose=Pose(x=0.2834625688692579, y=-6.793061814598156, qw=0.5257961572167338, qz=0.850610604834031), bell=Bells(treatment='', suction='64372cd7'), idx=3, color='#e53935'), Destination(name='소독실', goal_pose=Pose(x=-3.4045695907217928, y=-7.611793760201744, qw=0.546869706461766, qz=0.8372177280459497), bell=Bells(treatment='', suction='64492cd7'), idx=4, color='#e53935')]
2026-08-21 10:04:16.944 [session=000416] [INFO] [MainThread] 호출벨 리스트 반환: callbells={'64012cd7': {'name': '호출벨 1', 'usage': 'suction', 'destination': '로비'}, '64132cd7': {'name': '호출벨 2', 'usage': 'suction', 'destination': '수술실'}, '64252cd7': {'name': '호출벨 3', 'usage': 'suction', 'destination': '진료실'}, '64372cd7': {'name': '호출벨 4', 'usage': 'suction', 'destination': '창고'}, '64492cd7': {'name': '호출벨 5', 'usage': 'suction', 'destination': '소독실'}}, robot_usages=['treatment', 'suction']
2026-08-21 10:04:16.944 [session=000416] [INFO] [MainThread] 호출벨 리스트 로드: 5개
2026-08-21 10:04:16.944 [session=000416] [INFO] [MainThread] 호출벨 목록 동일 - UI 재생성 생략
2026-08-21 10:04:16.944 [session=000416] [INFO] [MainThread] 호출벨용 용도 목록 로드 요청
2026-08-21 10:04:16.945 [session=000416] [INFO] [MainThread] 호출벨에 용도 목록 전달: 2개
2026-08-21 10:04:16.945 [session=000416] [INFO] [MainThread] 용도 목록 로드: 2개
2026-08-21 10:04:16.948 [session=000416] [INFO] [MainThread] 목적지 목록 로드: 5개
2026-08-21 10:04:16.950 [session=000416] [INFO] [MainThread] 호출벨 관리에 목적지 목록 전달: 5개
2026-08-21 10:04:16.955 [session=000416] [INFO] [MainThread] My IP : 192.168.104.212
2026-08-21 10:04:17.095 [session=000416] [INFO] [ThreadPoolExecutor-8_0] 순차 이동 설정 저장 완료: /home/dentium/robot_GUIs/app/config/sequential_move.json
2026-08-21 10:04:19.059 [session=000416] [INFO] [SSE-SSE_BATTERY_LOW_SHUTDOWN] [SSE_DIAG] connect attempt tag=SSE_BATTERY_LOW_SHUTDOWN, reconnect=66, url=http://localhost:8080/robot_ec2b/events/battery/low_shutdown
2026-08-21 10:04:19.078 [session=000416] [INFO] [SSE-SSE_BATTERY_LOW_SHUTDOWN] [SSE_DIAG] connected tag=SSE_BATTERY_LOW_SHUTDOWN, status=404, reason=Not Found, elapsed=0.02s, content_type=application/json, url=http://localhost:8080/robot_ec2b/events/battery/low_shutdown
2026-08-21 10:04:19.079 [session=000416] [ERROR] [SSE-SSE_BATTERY_LOW_SHUTDOWN] [SSE_DIAG] non-200 response tag=SSE_BATTERY_LOW_SHUTDOWN, status=404, reason=Not Found, url=http://localhost:8080/robot_ec2b/events/battery/low_shutdown
2026-08-21 10:04:19.081 [session=000416] [INFO] [SSE-SSE_BATTERY_LOW_SHUTDOWN] [SSE_DIAG] reconnect wait tag=SSE_BATTERY_LOW_SHUTDOWN, delay=10s, reconnect=67, reason=HTTP 404, url=http://localhost:8080/robot_ec2b/events/battery/low_shutdown
2026-08-21 10:04:19.394 [session=000416] [INFO] [MainThread] [MAIN_THREAD_HEARTBEAT] GUI main thread alive: thread=MainThread
2026-08-21 10:04:24.394 [session=000416] [INFO] [MainThread] [MAIN_THREAD_HEARTBEAT] GUI main thread alive: thread=MainThread
2026-08-21 10:04:26.900 [session=000416] [DEBUG] [RestApiThread] GetCallBellFromRESTAPI 요청 시작
2026-08-21 10:04:26.909 [session=000416] [DEBUG] [RestApiThread] _get_data: 요청 시작 - tag: REST_API_TAG.GET_CALLBELL, url: http://localhost:8080/robot_ec2b/callbell
2026-08-21 10:04:26.910 [session=000416] [DEBUG] [RestApiThread] _get_data: 요청 전송 완료 - tag: REST_API_TAG.GET_CALLBELL, timeout: 30000ms
2026-08-21 10:04:26.917 [session=000416] [INFO] [MainThread] model_manager set_destinations: unchanged (5 items) - emit skipped
2026-08-21 10:04:26.919 [session=000416] [INFO] [MainThread] 홈 위치 수신: (3.12, 1.10)
2026-08-21 10:04:26.920 [session=000416] [INFO] [MainThread] 홈 위치 표시 업데이트: (894.0, 100.9)
2026-08-21 10:04:26.926 [session=000416] [INFO] [MainThread]   홈 위치 서버 → 픽셀 좌표로 변환 및 UI 업데이트: (894.0, 100.9)
2026-08-21 10:04:26.927 [session=000416] [DEBUG] [RestApiThread] _handle_response 호출됨 - tag: REST_API_TAG.GET_CALLBELL, status_code: 200
2026-08-21 10:04:26.932 [session=000416] [INFO] [ThreadPoolExecutor-5_1] 호출벨 데이터 수신: 5개
2026-08-21 10:04:26.935 [session=000416] [INFO] [MainThread] 호출벨-목적지 동기화 완료: 5개 호출벨
2026-08-21 10:04:26.936 [session=000416] [INFO] [MainThread] 목적지 리스트 반환: destinations=[Destination(name='로비', goal_pose=Pose(x=4.241336459631034, y=-2.361104203714551, qw=0.5097087478206948, qz=0.8603470185890456), bell=Bells(treatment='', suction='64012cd7'), idx=0, color='#e53935'), Destination(name='수술실', goal_pose=Pose(x=4.5199271819089395, y=-3.9219605026851503, qw=0.14533446519134308, qz=-0.9893825818294691), bell=Bells(treatment='', suction='64132cd7'), idx=1, color='#e53935'), Destination(name='진료실', goal_pose=Pose(x=0.11980823444488001, y=-3.735511450600503, qw=0.9963649848510123, qz=0.0851869530083222), bell=Bells(treatment='', suction='64252cd7'), idx=2, color='#e53935'), Destination(name='창고', goal_pose=Pose(x=0.2834625688692579, y=-6.793061814598156, qw=0.5257961572167338, qz=0.850610604834031), bell=Bells(treatment='', suction='64372cd7'), idx=3, color='#e53935'), Destination(name='소독실', goal_pose=Pose(x=-3.4045695907217928, y=-7.611793760201744, qw=0.546869706461766, qz=0.8372177280459497), bell=Bells(treatment='', suction='64492cd7'), idx=4, color='#e53935')]
2026-08-21 10:04:26.937 [session=000416] [INFO] [MainThread] 호출벨 리스트 반환: callbells={'64012cd7': {'name': '호출벨 1', 'usage': 'suction', 'destination': '로비'}, '64132cd7': {'name': '호출벨 2', 'usage': 'suction', 'destination': '수술실'}, '64252cd7': {'name': '호출벨 3', 'usage': 'suction', 'destination': '진료실'}, '64372cd7': {'name': '호출벨 4', 'usage': 'suction', 'destination': '창고'}, '64492cd7': {'name': '호출벨 5', 'usage': 'suction', 'destination': '소독실'}}, robot_usages=['treatment', 'suction']
2026-08-21 10:04:26.939 [session=000416] [INFO] [MainThread] 호출벨 리스트 로드: 5개
2026-08-21 10:04:26.939 [session=000416] [INFO] [MainThread] 호출벨 목록 동일 - UI 재생성 생략
2026-08-21 10:04:26.940 [session=000416] [INFO] [MainThread] 호출벨용 용도 목록 로드 요청
2026-08-21 10:04:26.940 [session=000416] [INFO] [MainThread] 호출벨에 용도 목록 전달: 2개
2026-08-21 10:04:26.940 [session=000416] [INFO] [MainThread] 용도 목록 로드: 2개
2026-08-21 10:04:26.940 [session=000416] [INFO] [MainThread] 목적지 목록 로드: 5개
2026-08-21 10:04:26.940 [session=000416] [INFO] [MainThread] 호출벨 관리에 목적지 목록 전달: 5개
2026-08-21 10:04:26.941 [session=000416] [INFO] [MainThread] My IP : 192.168.104.212
2026-08-21 10:04:26.943 [session=000416] [INFO] [browser-music-sync_0] [BROWSER_MUSIC_SYNC] event=catalog_fetch_started master_base_url=http://127.0.0.1:5051
2026-08-21 10:04:26.984 [session=000416] [INFO] [browser-music-sync_0] [BROWSER_MUSIC_SYNC] event=catalog_fetch_succeeded master_base_url=http://127.0.0.1:5051 item_count=3
2026-08-21 10:04:26.993 [session=000416] [INFO] [RestApiThread] [REST API] 배경 음악 GET 전송: operation=selection_get, url=http://127.0.0.1:5051/api/voice-event-settings/background-music?robot_id=robot_ec2b
2026-08-21 10:04:26.994 [session=000416] [INFO] [RestApiThread] [REST API] 배경 음악 GET 전송: operation=resolved_get, url=http://127.0.0.1:5051/api/voice-event-settings/resolved?robot_id=robot_ec2b
2026-08-21 10:04:27.010 [session=000416] [DEBUG] [RestApiThread] _handle_response 호출됨 - tag: REST_API_TAG.GET_BACKGROUND_MUSIC_SETTING, status_code: 200
2026-08-21 10:04:27.023 [session=000416] [DEBUG] [RestApiThread] _handle_response 호출됨 - tag: REST_API_TAG.GET_RESOLVED_BACKGROUND_MUSIC, status_code: 200
2026-08-21 10:04:27.120 [session=000416] [INFO] [ThreadPoolExecutor-8_0] 순차 이동 설정 저장 완료: /home/dentium/robot_GUIs/app/config/sequential_move.json
2026-08-21 10:04:29.086 [session=000416] [INFO] [SSE-SSE_BATTERY_LOW_SHUTDOWN] [SSE_DIAG] connect attempt tag=SSE_BATTERY_LOW_SHUTDOWN, reconnect=67, url=http://localhost:8080/robot_ec2b/events/battery/low_shutdown
2026-08-21 10:04:29.101 [session=000416] [INFO] [SSE-SSE_BATTERY_LOW_SHUTDOWN] [SSE_DIAG] connected tag=SSE_BATTERY_LOW_SHUTDOWN, status=404, reason=Not Found, elapsed=0.02s, content_type=application/json, url=http://localhost:8080/robot_ec2b/events/battery/low_shutdown
2026-08-21 10:04:29.105 [session=000416] [ERROR] [SSE-SSE_BATTERY_LOW_SHUTDOWN] [SSE_DIAG] non-200 response tag=SSE_BATTERY_LOW_SHUTDOWN, status=404, reason=Not Found, url=http://localhost:8080/robot_ec2b/events/battery/low_shutdown
2026-08-21 10:04:29.108 [session=000416] [INFO] [SSE-SSE_BATTERY_LOW_SHUTDOWN] [SSE_DIAG] reconnect wait tag=SSE_BATTERY_LOW_SHUTDOWN, delay=10s, reconnect=68, reason=HTTP 404, url=http://localhost:8080/robot_ec2b/events/battery/low_shutdown
2026-08-21 10:04:29.394 [session=000416] [INFO] [MainThread] [MAIN_THREAD_HEARTBEAT] GUI main thread alive: thread=MainThread
2026-08-21 10:04:34.393 [session=000416] [INFO] [MainThread] [MAIN_THREAD_HEARTBEAT] GUI main thread alive: thread=MainThread
2026-08-21 10:04:36.905 [session=000416] [DEBUG] [RestApiThread] GetCallBellFromRESTAPI 요청 시작
2026-08-21 10:04:36.911 [session=000416] [DEBUG] [RestApiThread] _get_data: 요청 시작 - tag: REST_API_TAG.GET_CALLBELL, url: http://localhost:8080/robot_ec2b/callbell
2026-08-21 10:04:36.912 [session=000416] [DEBUG] [RestApiThread] _get_data: 요청 전송 완료 - tag: REST_API_TAG.GET_CALLBELL, timeout: 30000ms
2026-08-21 10:04:36.922 [session=000416] [INFO] [MainThread] model_manager set_destinations: unchanged (5 items) - emit skipped
2026-08-21 10:04:36.951 [session=000416] [INFO] [MainThread] 홈 위치 수신: (3.12, 1.10)
2026-08-21 10:04:36.952 [session=000416] [INFO] [MainThread] 홈 위치 표시 업데이트: (894.0, 100.9)
2026-08-21 10:04:36.956 [session=000416] [INFO] [MainThread]   홈 위치 서버 → 픽셀 좌표로 변환 및 UI 업데이트: (894.0, 100.9)
2026-08-21 10:04:36.957 [session=000416] [DEBUG] [RestApiThread] _handle_response 호출됨 - tag: REST_API_TAG.GET_CALLBELL, status_code: 200
2026-08-21 10:04:36.961 [session=000416] [INFO] [ThreadPoolExecutor-5_2] 호출벨 데이터 수신: 5개
2026-08-21 10:04:36.968 [session=000416] [INFO] [MainThread] My IP : 192.168.104.212
2026-08-21 10:04:36.971 [session=000416] [INFO] [MainThread] 호출벨-목적지 동기화 완료: 5개 호출벨
2026-08-21 10:04:36.972 [session=000416] [INFO] [MainThread] 목적지 리스트 반환: destinations=[Destination(name='로비', goal_pose=Pose(x=4.241336459631034, y=-2.361104203714551, qw=0.5097087478206948, qz=0.8603470185890456), bell=Bells(treatment='', suction='64012cd7'), idx=0, color='#e53935'), Destination(name='수술실', goal_pose=Pose(x=4.5199271819089395, y=-3.9219605026851503, qw=0.14533446519134308, qz=-0.9893825818294691), bell=Bells(treatment='', suction='64132cd7'), idx=1, color='#e53935'), Destination(name='진료실', goal_pose=Pose(x=0.11980823444488001, y=-3.735511450600503, qw=0.9963649848510123, qz=0.0851869530083222), bell=Bells(treatment='', suction='64252cd7'), idx=2, color='#e53935'), Destination(name='창고', goal_pose=Pose(x=0.2834625688692579, y=-6.793061814598156, qw=0.5257961572167338, qz=0.850610604834031), bell=Bells(treatment='', suction='64372cd7'), idx=3, color='#e53935'), Destination(name='소독실', goal_pose=Pose(x=-3.4045695907217928, y=-7.611793760201744, qw=0.546869706461766, qz=0.8372177280459497), bell=Bells(treatment='', suction='64492cd7'), idx=4, color='#e53935')]
2026-08-21 10:04:36.973 [session=000416] [INFO] [MainThread] 호출벨 리스트 반환: callbells={'64012cd7': {'name': '호출벨 1', 'usage': 'suction', 'destination': '로비'}, '64132cd7': {'name': '호출벨 2', 'usage': 'suction', 'destination': '수술실'}, '64252cd7': {'name': '호출벨 3', 'usage': 'suction', 'destination': '진료실'}, '64372cd7': {'name': '호출벨 4', 'usage': 'suction', 'destination': '창고'}, '64492cd7': {'name': '호출벨 5', 'usage': 'suction', 'destination': '소독실'}}, robot_usages=['treatment', 'suction']
2026-08-21 10:04:36.974 [session=000416] [INFO] [MainThread] 호출벨 리스트 로드: 5개
2026-08-21 10:04:36.974 [session=000416] [INFO] [MainThread] 호출벨 목록 동일 - UI 재생성 생략
2026-08-21 10:04:36.974 [session=000416] [INFO] [MainThread] 호출벨용 용도 목록 로드 요청
2026-08-21 10:04:36.975 [session=000416] [INFO] [MainThread] 호출벨에 용도 목록 전달: 2개
2026-08-21 10:04:36.975 [session=000416] [INFO] [MainThread] 용도 목록 로드: 2개
2026-08-21 10:04:36.975 [session=000416] [INFO] [MainThread] 목적지 목록 로드: 5개
2026-08-21 10:04:36.976 [session=000416] [INFO] [MainThread] 호출벨 관리에 목적지 목록 전달: 5개
2026-08-21 10:04:37.146 [session=000416] [INFO] [ThreadPoolExecutor-8_0] 순차 이동 설정 저장 완료: /home/dentium/robot_GUIs/app/config/sequential_move.json
2026-08-21 10:04:39.109 [session=000416] [INFO] [SSE-SSE_BATTERY_LOW_SHUTDOWN] [SSE_DIAG] connect attempt tag=SSE_BATTERY_LOW_SHUTDOWN, reconnect=68, url=http://localhost:8080/robot_ec2b/events/battery/low_shutdown
2026-08-21 10:04:39.121 [session=000416] [INFO] [SSE-SSE_BATTERY_LOW_SHUTDOWN] [SSE_DIAG] connected tag=SSE_BATTERY_LOW_SHUTDOWN, status=404, reason=Not Found, elapsed=0.01s, content_type=application/json, url=http://localhost:8080/robot_ec2b/events/battery/low_shutdown
2026-08-21 10:04:39.122 [session=000416] [ERROR] [SSE-SSE_BATTERY_LOW_SHUTDOWN] [SSE_DIAG] non-200 response tag=SSE_BATTERY_LOW_SHUTDOWN, status=404, reason=Not Found, url=http://localhost:8080/robot_ec2b/events/battery/low_shutdown
2026-08-21 10:04:39.123 [session=000416] [INFO] [SSE-SSE_BATTERY_LOW_SHUTDOWN] [SSE_DIAG] reconnect wait tag=SSE_BATTERY_LOW_SHUTDOWN, delay=10s, reconnect=69, reason=HTTP 404, url=http://localhost:8080/robot_ec2b/events/battery/low_shutdown
2026-08-21 10:04:39.394 [session=000416] [INFO] [MainThread] [MAIN_THREAD_HEARTBEAT] GUI main thread alive: thread=MainThread
2026-08-21 10:04:44.394 [session=000416] [INFO] [MainThread] [MAIN_THREAD_HEARTBEAT] GUI main thread alive: thread=MainThread
2026-08-21 10:04:46.904 [session=000416] [DEBUG] [RestApiThread] GetCallBellFromRESTAPI 요청 시작
2026-08-21 10:04:46.910 [session=000416] [DEBUG] [RestApiThread] _get_data: 요청 시작 - tag: REST_API_TAG.GET_CALLBELL, url: http://localhost:8080/robot_ec2b/callbell
2026-08-21 10:04:46.911 [session=000416] [DEBUG] [RestApiThread] _get_data: 요청 전송 완료 - tag: REST_API_TAG.GET_CALLBELL, timeout: 30000ms
2026-08-21 10:04:46.915 [session=000416] [INFO] [MainThread] model_manager set_destinations: unchanged (5 items) - emit skipped
2026-08-21 10:04:46.916 [session=000416] [INFO] [RestApiThread] _handle_response (CYCLIC 정상) - tag: REST_API_TAG.GET_MASTER_IP_ADDRESS, status: 200, pending→2
2026-08-21 10:04:46.918 [session=000416] [INFO] [MainThread] My IP : 192.168.104.212
2026-08-21 10:04:46.924 [session=000416] [INFO] [MainThread] 홈 위치 수신: (3.12, 1.10)
2026-08-21 10:04:46.924 [session=000416] [INFO] [MainThread] 홈 위치 표시 업데이트: (894.0, 100.9)
2026-08-21 10:04:46.928 [session=000416] [DEBUG] [RestApiThread] _handle_response 호출됨 - tag: REST_API_TAG.GET_CALLBELL, status_code: 200
2026-08-21 10:04:46.930 [session=000416] [INFO] [ThreadPoolExecutor-5_1] 호출벨 데이터 수신: 5개
2026-08-21 10:04:46.932 [session=000416] [INFO] [MainThread]   홈 위치 서버 → 픽셀 좌표로 변환 및 UI 업데이트: (894.0, 100.9)
2026-08-21 10:04:46.937 [session=000416] [INFO] [MainThread] 호출벨-목적지 동기화 완료: 5개 호출벨
2026-08-21 10:04:46.937 [session=000416] [INFO] [MainThread] 목적지 리스트 반환: destinations=[Destination(name='로비', goal_pose=Pose(x=4.241336459631034, y=-2.361104203714551, qw=0.5097087478206948, qz=0.8603470185890456), bell=Bells(treatment='', suction='64012cd7'), idx=0, color='#e53935'), Destination(name='수술실', goal_pose=Pose(x=4.5199271819089395, y=-3.9219605026851503, qw=0.14533446519134308, qz=-0.9893825818294691), bell=Bells(treatment='', suction='64132cd7'), idx=1, color='#e53935'), Destination(name='진료실', goal_pose=Pose(x=0.11980823444488001, y=-3.735511450600503, qw=0.9963649848510123, qz=0.0851869530083222), bell=Bells(treatment='', suction='64252cd7'), idx=2, color='#e53935'), Destination(name='창고', goal_pose=Pose(x=0.2834625688692579, y=-6.793061814598156, qw=0.5257961572167338, qz=0.850610604834031), bell=Bells(treatment='', suction='64372cd7'), idx=3, color='#e53935'), Destination(name='소독실', goal_pose=Pose(x=-3.4045695907217928, y=-7.611793760201744, qw=0.546869706461766, qz=0.8372177280459497), bell=Bells(treatment='', suction='64492cd7'), idx=4, color='#e53935')]
2026-08-21 10:04:46.938 [session=000416] [INFO] [MainThread] 호출벨 리스트 반환: callbells={'64012cd7': {'name': '호출벨 1', 'usage': 'suction', 'destination': '로비'}, '64132cd7': {'name': '호출벨 2', 'usage': 'suction', 'destination': '수술실'}, '64252cd7': {'name': '호출벨 3', 'usage': 'suction', 'destination': '진료실'}, '64372cd7': {'name': '호출벨 4', 'usage': 'suction', 'destination': '창고'}, '64492cd7': {'name': '호출벨 5', 'usage': 'suction', 'destination': '소독실'}}, robot_usages=['treatment', 'suction']
2026-08-21 10:04:46.938 [session=000416] [INFO] [MainThread] 호출벨 리스트 로드: 5개
2026-08-21 10:04:46.938 [session=000416] [INFO] [MainThread] 호출벨 목록 동일 - UI 재생성 생략
2026-08-21 10:04:46.939 [session=000416] [INFO] [MainThread] 호출벨용 용도 목록 로드 요청
2026-08-21 10:04:46.939 [session=000416] [INFO] [MainThread] 호출벨에 용도 목록 전달: 2개
2026-08-21 10:04:46.940 [session=000416] [INFO] [MainThread] 용도 목록 로드: 2개
2026-08-21 10:04:46.940 [session=000416] [INFO] [MainThread] 목적지 목록 로드: 5개
2026-08-21 10:04:46.940 [session=000416] [INFO] [MainThread] 호출벨 관리에 목적지 목록 전달: 5개
2026-08-21 10:04:47.120 [session=000416] [INFO] [ThreadPoolExecutor-8_0] 순차 이동 설정 저장 완료: /home/dentium/robot_GUIs/app/config/sequential_move.json
2026-08-21 10:04:49.125 [session=000416] [INFO] [SSE-SSE_BATTERY_LOW_SHUTDOWN] [SSE_DIAG] connect attempt tag=SSE_BATTERY_LOW_SHUTDOWN, reconnect=69, url=http://localhost:8080/robot_ec2b/events/battery/low_shutdown
2026-08-21 10:04:49.142 [session=000416] [INFO] [SSE-SSE_BATTERY_LOW_SHUTDOWN] [SSE_DIAG] connected tag=SSE_BATTERY_LOW_SHUTDOWN, status=404, reason=Not Found, elapsed=0.02s, content_type=application/json, url=http://localhost:8080/robot_ec2b/events/battery/low_shutdown
2026-08-21 10:04:49.143 [session=000416] [ERROR] [SSE-SSE_BATTERY_LOW_SHUTDOWN] [SSE_DIAG] non-200 response tag=SSE_BATTERY_LOW_SHUTDOWN, status=404, reason=Not Found, url=http://localhost:8080/robot_ec2b/events/battery/low_shutdown
2026-08-21 10:04:49.144 [session=000416] [INFO] [SSE-SSE_BATTERY_LOW_SHUTDOWN] [SSE_DIAG] reconnect wait tag=SSE_BATTERY_LOW_SHUTDOWN, delay=10s, reconnect=70, reason=HTTP 404, url=http://localhost:8080/robot_ec2b/events/battery/low_shutdown
2026-08-21 10:04:49.395 [session=000416] [INFO] [MainThread] [MAIN_THREAD_HEARTBEAT] GUI main thread alive: thread=MainThread
2026-08-21 10:04:54.393 [session=000416] [INFO] [MainThread] [MAIN_THREAD_HEARTBEAT] GUI main thread alive: thread=MainThread
2026-08-21 10:04:56.903 [session=000416] [DEBUG] [RestApiThread] GetCallBellFromRESTAPI 요청 시작
2026-08-21 10:04:56.906 [session=000416] [DEBUG] [RestApiThread] _get_data: 요청 시작 - tag: REST_API_TAG.GET_CALLBELL, url: http://localhost:8080/robot_ec2b/callbell
2026-08-21 10:04:56.907 [session=000416] [DEBUG] [RestApiThread] _get_data: 요청 전송 완료 - tag: REST_API_TAG.GET_CALLBELL, timeout: 30000ms
2026-08-21 10:04:56.908 [session=000416] [INFO] [RestApiThread] _handle_response (CYCLIC 정상) - tag: REST_API_TAG.GET_DESTINATIONS, status: 200, pending→3
2026-08-21 10:04:56.914 [session=000416] [INFO] [MainThread] model_manager set_destinations: unchanged (5 items) - emit skipped
2026-08-21 10:04:56.915 [session=000416] [DEBUG] [RestApiThread] _handle_response 호출됨 - tag: REST_API_TAG.GET_CALLBELL, status_code: 200
2026-08-21 10:04:56.916 [session=000416] [INFO] [ThreadPoolExecutor-5_1] 호출벨 데이터 수신: 5개
2026-08-21 10:04:56.917 [session=000416] [INFO] [MainThread] 호출벨-목적지 동기화 완료: 5개 호출벨
2026-08-21 10:04:56.918 [session=000416] [INFO] [MainThread] 목적지 리스트 반환: destinations=[Destination(name='로비', goal_pose=Pose(x=4.241336459631034, y=-2.361104203714551, qw=0.5097087478206948, qz=0.8603470185890456), bell=Bells(treatment='', suction='64012cd7'), idx=0, color='#e53935'), Destination(name='수술실', goal_pose=Pose(x=4.5199271819089395, y=-3.9219605026851503, qw=0.14533446519134308, qz=-0.9893825818294691), bell=Bells(treatment='', suction='64132cd7'), idx=1, color='#e53935'), Destination(name='진료실', goal_pose=Pose(x=0.11980823444488001, y=-3.735511450600503, qw=0.9963649848510123, qz=0.0851869530083222), bell=Bells(treatment='', suction='64252cd7'), idx=2, color='#e53935'), Destination(name='창고', goal_pose=Pose(x=0.2834625688692579, y=-6.793061814598156, qw=0.5257961572167338, qz=0.850610604834031), bell=Bells(treatment='', suction='64372cd7'), idx=3, color='#e53935'), Destination(name='소독실', goal_pose=Pose(x=-3.4045695907217928, y=-7.611793760201744, qw=0.546869706461766, qz=0.8372177280459497), bell=Bells(treatment='', suction='64492cd7'), idx=4, color='#e53935')]
2026-08-21 10:04:56.918 [session=000416] [INFO] [MainThread] 호출벨 리스트 반환: callbells={'64012cd7': {'name': '호출벨 1', 'usage': 'suction', 'destination': '로비'}, '64132cd7': {'name': '호출벨 2', 'usage': 'suction', 'destination': '수술실'}, '64252cd7': {'name': '호출벨 3', 'usage': 'suction', 'destination': '진료실'}, '64372cd7': {'name': '호출벨 4', 'usage': 'suction', 'destination': '창고'}, '64492cd7': {'name': '호출벨 5', 'usage': 'suction', 'destination': '소독실'}}, robot_usages=['treatment', 'suction']
2026-08-21 10:04:56.918 [session=000416] [INFO] [MainThread] 호출벨 리스트 로드: 5개
2026-08-21 10:04:56.918 [session=000416] [INFO] [MainThread] 호출벨 목록 동일 - UI 재생성 생략
2026-08-21 10:04:56.919 [session=000416] [INFO] [MainThread] 호출벨용 용도 목록 로드 요청
2026-08-21 10:04:56.920 [session=000416] [INFO] [MainThread] 호출벨에 용도 목록 전달: 2개
2026-08-21 10:04:56.920 [session=000416] [INFO] [MainThread] 용도 목록 로드: 2개
2026-08-21 10:04:56.920 [session=000416] [INFO] [MainThread] 목적지 목록 로드: 5개
2026-08-21 10:04:56.920 [session=000416] [INFO] [MainThread] 호출벨 관리에 목적지 목록 전달: 5개
2026-08-21 10:04:56.921 [session=000416] [INFO] [MainThread] 홈 위치 수신: (3.12, 1.10)
2026-08-21 10:04:56.921 [session=000416] [INFO] [MainThread] 홈 위치 표시 업데이트: (894.0, 100.9)
2026-08-21 10:04:56.932 [session=000416] [INFO] [MainThread]   홈 위치 서버 → 픽셀 좌표로 변환 및 UI 업데이트: (894.0, 100.9)
2026-08-21 10:04:56.940 [session=000416] [INFO] [MainThread] My IP : 192.168.104.212
2026-08-21 10:04:57.121 [session=000416] [INFO] [ThreadPoolExecutor-8_0] 순차 이동 설정 저장 완료: /home/dentium/robot_GUIs/app/config/sequential_move.json
2026-08-21 10:04:59.146 [session=000416] [INFO] [SSE-SSE_BATTERY_LOW_SHUTDOWN] [SSE_DIAG] connect attempt tag=SSE_BATTERY_LOW_SHUTDOWN, reconnect=70, url=http://localhost:8080/robot_ec2b/events/battery/low_shutdown
2026-08-21 10:04:59.163 [session=000416] [INFO] [SSE-SSE_BATTERY_LOW_SHUTDOWN] [SSE_DIAG] connected tag=SSE_BATTERY_LOW_SHUTDOWN, status=404, reason=Not Found, elapsed=0.02s, content_type=application/json, url=http://localhost:8080/robot_ec2b/events/battery/low_shutdown
2026-08-21 10:04:59.166 [session=000416] [ERROR] [SSE-SSE_BATTERY_LOW_SHUTDOWN] [SSE_DIAG] non-200 response tag=SSE_BATTERY_LOW_SHUTDOWN, status=404, reason=Not Found, url=http://localhost:8080/robot_ec2b/events/battery/low_shutdown
2026-08-21 10:04:59.167 [session=000416] [INFO] [SSE-SSE_BATTERY_LOW_SHUTDOWN] [SSE_DIAG] reconnect wait tag=SSE_BATTERY_LOW_SHUTDOWN, delay=10s, reconnect=71, reason=HTTP 404, url=http://localhost:8080/robot_ec2b/events/battery/low_shutdown
2026-08-21 10:04:59.394 [session=000416] [INFO] [MainThread] [MAIN_THREAD_HEARTBEAT] GUI main thread alive: thread=MainThread
2026-08-21 10:05:04.394 [session=000416] [INFO] [MainThread] [MAIN_THREAD_HEARTBEAT] GUI main thread alive: thread=MainThread
2026-08-21 10:05:06.897 [session=000416] [DEBUG] [RestApiThread] GetCallBellFromRESTAPI 요청 시작
2026-08-21 10:05:06.904 [session=000416] [DEBUG] [RestApiThread] _get_data: 요청 시작 - tag: REST_API_TAG.GET_CALLBELL, url: http://localhost:8080/robot_ec2b/callbell
2026-08-21 10:05:06.907 [session=000416] [DEBUG] [RestApiThread] _get_data: 요청 전송 완료 - tag: REST_API_TAG.GET_CALLBELL, timeout: 30000ms
2026-08-21 10:05:06.911 [session=000416] [INFO] [MainThread] model_manager set_destinations: unchanged (5 items) - emit skipped
2026-08-21 10:05:06.912 [session=000416] [INFO] [MainThread] 홈 위치 수신: (3.12, 1.10)
2026-08-21 10:05:06.913 [session=000416] [INFO] [MainThread] 홈 위치 표시 업데이트: (894.0, 100.9)
2026-08-21 10:05:06.918 [session=000416] [INFO] [MainThread]   홈 위치 서버 → 픽셀 좌표로 변환 및 UI 업데이트: (894.0, 100.9)
2026-08-21 10:05:06.923 [session=000416] [DEBUG] [RestApiThread] _handle_response 호출됨 - tag: REST_API_TAG.GET_CALLBELL, status_code: 200
2026-08-21 10:05:06.928 [session=000416] [INFO] [ThreadPoolExecutor-5_2] 호출벨 데이터 수신: 5개
2026-08-21 10:05:06.932 [session=000416] [INFO] [MainThread] 호출벨-목적지 동기화 완료: 5개 호출벨
2026-08-21 10:05:06.933 [session=000416] [INFO] [MainThread] 목적지 리스트 반환: destinations=[Destination(name='로비', goal_pose=Pose(x=4.241336459631034, y=-2.361104203714551, qw=0.5097087478206948, qz=0.8603470185890456), bell=Bells(treatment='', suction='64012cd7'), idx=0, color='#e53935'), Destination(name='수술실', goal_pose=Pose(x=4.5199271819089395, y=-3.9219605026851503, qw=0.14533446519134308, qz=-0.9893825818294691), bell=Bells(treatment='', suction='64132cd7'), idx=1, color='#e53935'), Destination(name='진료실', goal_pose=Pose(x=0.11980823444488001, y=-3.735511450600503, qw=0.9963649848510123, qz=0.0851869530083222), bell=Bells(treatment='', suction='64252cd7'), idx=2, color='#e53935'), Destination(name='창고', goal_pose=Pose(x=0.2834625688692579, y=-6.793061814598156, qw=0.5257961572167338, qz=0.850610604834031), bell=Bells(treatment='', suction='64372cd7'), idx=3, color='#e53935'), Destination(name='소독실', goal_pose=Pose(x=-3.4045695907217928, y=-7.611793760201744, qw=0.546869706461766, qz=0.8372177280459497), bell=Bells(treatment='', suction='64492cd7'), idx=4, color='#e53935')]
2026-08-21 10:05:06.933 [session=000416] [INFO] [MainThread] 호출벨 리스트 반환: callbells={'64012cd7': {'name': '호출벨 1', 'usage': 'suction', 'destination': '로비'}, '64132cd7': {'name': '호출벨 2', 'usage': 'suction', 'destination': '수술실'}, '64252cd7': {'name': '호출벨 3', 'usage': 'suction', 'destination': '진료실'}, '64372cd7': {'name': '호출벨 4', 'usage': 'suction', 'destination': '창고'}, '64492cd7': {'name': '호출벨 5', 'usage': 'suction', 'destination': '소독실'}}, robot_usages=['treatment', 'suction']
2026-08-21 10:05:06.934 [session=000416] [INFO] [MainThread] 호출벨 리스트 로드: 5개
2026-08-21 10:05:06.934 [session=000416] [INFO] [MainThread] 호출벨 목록 동일 - UI 재생성 생략
2026-08-21 10:05:06.934 [session=000416] [INFO] [MainThread] 호출벨용 용도 목록 로드 요청
2026-08-21 10:05:06.935 [session=000416] [INFO] [MainThread] 호출벨에 용도 목록 전달: 2개
2026-08-21 10:05:06.936 [session=000416] [INFO] [MainThread] 용도 목록 로드: 2개
2026-08-21 10:05:06.936 [session=000416] [INFO] [MainThread] 목적지 목록 로드: 5개
2026-08-21 10:05:06.936 [session=000416] [INFO] [MainThread] 호출벨 관리에 목적지 목록 전달: 5개
2026-08-21 10:05:06.939 [session=000416] [INFO] [MainThread] My IP : 192.168.104.212
2026-08-21 10:05:06.940 [session=000416] [INFO] [browser-music-sync_0] [BROWSER_MUSIC_SYNC] event=catalog_fetch_started master_base_url=http://127.0.0.1:5051
2026-08-21 10:05:06.984 [session=000416] [INFO] [browser-music-sync_0] [BROWSER_MUSIC_SYNC] event=catalog_fetch_succeeded master_base_url=http://127.0.0.1:5051 item_count=3
2026-08-21 10:05:06.993 [session=000416] [INFO] [RestApiThread] [REST API] 배경 음악 GET 전송: operation=selection_get, url=http://127.0.0.1:5051/api/voice-event-settings/background-music?robot_id=robot_ec2b
2026-08-21 10:05:06.994 [session=000416] [INFO] [RestApiThread] [REST API] 배경 음악 GET 전송: operation=resolved_get, url=http://127.0.0.1:5051/api/voice-event-settings/resolved?robot_id=robot_ec2b
2026-08-21 10:05:07.009 [session=000416] [DEBUG] [RestApiThread] _handle_response 호출됨 - tag: REST_API_TAG.GET_BACKGROUND_MUSIC_SETTING, status_code: 200
2026-08-21 10:05:07.027 [session=000416] [DEBUG] [RestApiThread] _handle_response 호출됨 - tag: REST_API_TAG.GET_RESOLVED_BACKGROUND_MUSIC, status_code: 200
2026-08-21 10:05:07.095 [session=000416] [INFO] [ThreadPoolExecutor-8_0] 순차 이동 설정 저장 완료: /home/dentium/robot_GUIs/app/config/sequential_move.json
2026-08-21 10:05:09.168 [session=000416] [INFO] [SSE-SSE_BATTERY_LOW_SHUTDOWN] [SSE_DIAG] connect attempt tag=SSE_BATTERY_LOW_SHUTDOWN, reconnect=71, url=http://localhost:8080/robot_ec2b/events/battery/low_shutdown
2026-08-21 10:05:09.180 [session=000416] [INFO] [SSE-SSE_BATTERY_LOW_SHUTDOWN] [SSE_DIAG] connected tag=SSE_BATTERY_LOW_SHUTDOWN, status=404, reason=Not Found, elapsed=0.01s, content_type=application/json, url=http://localhost:8080/robot_ec2b/events/battery/low_shutdown
2026-08-21 10:05:09.181 [session=000416] [ERROR] [SSE-SSE_BATTERY_LOW_SHUTDOWN] [SSE_DIAG] non-200 response tag=SSE_BATTERY_LOW_SHUTDOWN, status=404, reason=Not Found, url=http://localhost:8080/robot_ec2b/events/battery/low_shutdown
2026-08-21 10:05:09.182 [session=000416] [INFO] [SSE-SSE_BATTERY_LOW_SHUTDOWN] [SSE_DIAG] reconnect wait tag=SSE_BATTERY_LOW_SHUTDOWN, delay=10s, reconnect=72, reason=HTTP 404, url=http://localhost:8080/robot_ec2b/events/battery/low_shutdown
2026-08-21 10:05:09.395 [session=000416] [INFO] [MainThread] [MAIN_THREAD_HEARTBEAT] GUI main thread alive: thread=MainThread
2026-08-21 10:05:14.395 [session=000416] [INFO] [MainThread] [MAIN_THREAD_HEARTBEAT] GUI main thread alive: thread=MainThread
2026-08-21 10:05:16.908 [session=000416] [DEBUG] [RestApiThread] GetCallBellFromRESTAPI 요청 시작
2026-08-21 10:05:16.910 [session=000416] [DEBUG] [RestApiThread] _get_data: 요청 시작 - tag: REST_API_TAG.GET_CALLBELL, url: http://localhost:8080/robot_ec2b/callbell
2026-08-21 10:05:16.911 [session=000416] [DEBUG] [RestApiThread] _get_data: 요청 전송 완료 - tag: REST_API_TAG.GET_CALLBELL, timeout: 30000ms
2026-08-21 10:05:16.917 [session=000416] [INFO] [MainThread] model_manager set_destinations: unchanged (5 items) - emit skipped
2026-08-21 10:05:16.929 [session=000416] [INFO] [MainThread] 홈 위치 수신: (3.12, 1.10)
2026-08-21 10:05:16.929 [session=000416] [INFO] [MainThread] 홈 위치 표시 업데이트: (894.0, 100.9)
2026-08-21 10:05:16.933 [session=000416] [INFO] [MainThread]   홈 위치 서버 → 픽셀 좌표로 변환 및 UI 업데이트: (894.0, 100.9)
2026-08-21 10:05:16.937 [session=000416] [DEBUG] [RestApiThread] _handle_response 호출됨 - tag: REST_API_TAG.GET_CALLBELL, status_code: 200
2026-08-21 10:05:16.939 [session=000416] [INFO] [ThreadPoolExecutor-5_0] 호출벨 데이터 수신: 5개
2026-08-21 10:05:16.943 [session=000416] [INFO] [MainThread] 호출벨-목적지 동기화 완료: 5개 호출벨
2026-08-21 10:05:16.944 [session=000416] [INFO] [MainThread] 목적지 리스트 반환: destinations=[Destination(name='로비', goal_pose=Pose(x=4.241336459631034, y=-2.361104203714551, qw=0.5097087478206948, qz=0.8603470185890456), bell=Bells(treatment='', suction='64012cd7'), idx=0, color='#e53935'), Destination(name='수술실', goal_pose=Pose(x=4.5199271819089395, y=-3.9219605026851503, qw=0.14533446519134308, qz=-0.9893825818294691), bell=Bells(treatment='', suction='64132cd7'), idx=1, color='#e53935'), Destination(name='진료실', goal_pose=Pose(x=0.11980823444488001, y=-3.735511450600503, qw=0.9963649848510123, qz=0.0851869530083222), bell=Bells(treatment='', suction='64252cd7'), idx=2, color='#e53935'), Destination(name='창고', goal_pose=Pose(x=0.2834625688692579, y=-6.793061814598156, qw=0.5257961572167338, qz=0.850610604834031), bell=Bells(treatment='', suction='64372cd7'), idx=3, color='#e53935'), Destination(name='소독실', goal_pose=Pose(x=-3.4045695907217928, y=-7.611793760201744, qw=0.546869706461766, qz=0.8372177280459497), bell=Bells(treatment='', suction='64492cd7'), idx=4, color='#e53935')]
2026-08-21 10:05:16.944 [session=000416] [INFO] [MainThread] 호출벨 리스트 반환: callbells={'64012cd7': {'name': '호출벨 1', 'usage': 'suction', 'destination': '로비'}, '64132cd7': {'name': '호출벨 2', 'usage': 'suction', 'destination': '수술실'}, '64252cd7': {'name': '호출벨 3', 'usage': 'suction', 'destination': '진료실'}, '64372cd7': {'name': '호출벨 4', 'usage': 'suction', 'destination': '창고'}, '64492cd7': {'name': '호출벨 5', 'usage': 'suction', 'destination': '소독실'}}, robot_usages=['treatment', 'suction']
2026-08-21 10:05:16.946 [session=000416] [INFO] [MainThread] 호출벨 리스트 로드: 5개
2026-08-21 10:05:16.948 [session=000416] [INFO] [MainThread] 호출벨 목록 동일 - UI 재생성 생략
2026-08-21 10:05:16.950 [session=000416] [INFO] [MainThread] 호출벨용 용도 목록 로드 요청
2026-08-21 10:05:16.951 [session=000416] [INFO] [MainThread] 호출벨에 용도 목록 전달: 2개
2026-08-21 10:05:16.951 [session=000416] [INFO] [MainThread] 용도 목록 로드: 2개
2026-08-21 10:05:16.951 [session=000416] [INFO] [MainThread] 목적지 목록 로드: 5개
2026-08-21 10:05:16.952 [session=000416] [INFO] [MainThread] 호출벨 관리에 목적지 목록 전달: 5개
2026-08-21 10:05:16.954 [session=000416] [INFO] [MainThread] My IP : 192.168.104.212
2026-08-21 10:05:17.120 [session=000416] [INFO] [ThreadPoolExecutor-8_0] 순차 이동 설정 저장 완료: /home/dentium/robot_GUIs/app/config/sequential_move.json
2026-08-21 10:05:19.183 [session=000416] [INFO] [SSE-SSE_BATTERY_LOW_SHUTDOWN] [SSE_DIAG] connect attempt tag=SSE_BATTERY_LOW_SHUTDOWN, reconnect=72, url=http://localhost:8080/robot_ec2b/events/battery/low_shutdown
2026-08-21 10:05:19.194 [session=000416] [INFO] [SSE-SSE_BATTERY_LOW_SHUTDOWN] [SSE_DIAG] connected tag=SSE_BATTERY_LOW_SHUTDOWN, status=404, reason=Not Found, elapsed=0.01s, content_type=application/json, url=http://localhost:8080/robot_ec2b/events/battery/low_shutdown
2026-08-21 10:05:19.194 [session=000416] [ERROR] [SSE-SSE_BATTERY_LOW_SHUTDOWN] [SSE_DIAG] non-200 response tag=SSE_BATTERY_LOW_SHUTDOWN, status=404, reason=Not Found, url=http://localhost:8080/robot_ec2b/events/battery/low_shutdown
2026-08-21 10:05:19.195 [session=000416] [INFO] [SSE-SSE_BATTERY_LOW_SHUTDOWN] [SSE_DIAG] reconnect wait tag=SSE_BATTERY_LOW_SHUTDOWN, delay=10s, reconnect=73, reason=HTTP 404, url=http://localhost:8080/robot_ec2b/events/battery/low_shutdown
2026-08-21 10:05:19.394 [session=000416] [INFO] [MainThread] [MAIN_THREAD_HEARTBEAT] GUI main thread alive: thread=MainThread
2026-08-21 10:05:24.394 [session=000416] [INFO] [MainThread] [MAIN_THREAD_HEARTBEAT] GUI main thread alive: thread=MainThread
2026-08-21 10:05:26.897 [session=000416] [DEBUG] [RestApiThread] GetCallBellFromRESTAPI 요청 시작
2026-08-21 10:05:26.907 [session=000416] [DEBUG] [RestApiThread] _get_data: 요청 시작 - tag: REST_API_TAG.GET_CALLBELL, url: http://localhost:8080/robot_ec2b/callbell
2026-08-21 10:05:26.911 [session=000416] [DEBUG] [RestApiThread] _get_data: 요청 전송 완료 - tag: REST_API_TAG.GET_CALLBELL, timeout: 30000ms
2026-08-21 10:05:26.918 [session=000416] [INFO] [MainThread] model_manager set_destinations: unchanged (5 items) - emit skipped
2026-08-21 10:05:26.923 [session=000416] [INFO] [MainThread] 홈 위치 수신: (3.12, 1.10)
2026-08-21 10:05:26.923 [session=000416] [INFO] [MainThread] 홈 위치 표시 업데이트: (894.0, 100.9)
2026-08-21 10:05:26.929 [session=000416] [INFO] [MainThread]   홈 위치 서버 → 픽셀 좌표로 변환 및 UI 업데이트: (894.0, 100.9)
2026-08-21 10:05:26.930 [session=000416] [DEBUG] [RestApiThread] _handle_response 호출됨 - tag: REST_API_TAG.GET_CALLBELL, status_code: 200
2026-08-21 10:05:26.932 [session=000416] [INFO] [ThreadPoolExecutor-5_2] 호출벨 데이터 수신: 5개
2026-08-21 10:05:26.939 [session=000416] [INFO] [MainThread] 호출벨-목적지 동기화 완료: 5개 호출벨
2026-08-21 10:05:26.940 [session=000416] [INFO] [MainThread] 목적지 리스트 반환: destinations=[Destination(name='로비', goal_pose=Pose(x=4.241336459631034, y=-2.361104203714551, qw=0.5097087478206948, qz=0.8603470185890456), bell=Bells(treatment='', suction='64012cd7'), idx=0, color='#e53935'), Destination(name='수술실', goal_pose=Pose(x=4.5199271819089395, y=-3.9219605026851503, qw=0.14533446519134308, qz=-0.9893825818294691), bell=Bells(treatment='', suction='64132cd7'), idx=1, color='#e53935'), Destination(name='진료실', goal_pose=Pose(x=0.11980823444488001, y=-3.735511450600503, qw=0.9963649848510123, qz=0.0851869530083222), bell=Bells(treatment='', suction='64252cd7'), idx=2, color='#e53935'), Destination(name='창고', goal_pose=Pose(x=0.2834625688692579, y=-6.793061814598156, qw=0.5257961572167338, qz=0.850610604834031), bell=Bells(treatment='', suction='64372cd7'), idx=3, color='#e53935'), Destination(name='소독실', goal_pose=Pose(x=-3.4045695907217928, y=-7.611793760201744, qw=0.546869706461766, qz=0.8372177280459497), bell=Bells(treatment='', suction='64492cd7'), idx=4, color='#e53935')]
2026-08-21 10:05:26.940 [session=000416] [INFO] [MainThread] 호출벨 리스트 반환: callbells={'64012cd7': {'name': '호출벨 1', 'usage': 'suction', 'destination': '로비'}, '64132cd7': {'name': '호출벨 2', 'usage': 'suction', 'destination': '수술실'}, '64252cd7': {'name': '호출벨 3', 'usage': 'suction', 'destination': '진료실'}, '64372cd7': {'name': '호출벨 4', 'usage': 'suction', 'destination': '창고'}, '64492cd7': {'name': '호출벨 5', 'usage': 'suction', 'destination': '소독실'}}, robot_usages=['treatment', 'suction']
2026-08-21 10:05:26.940 [session=000416] [INFO] [MainThread] 호출벨 리스트 로드: 5개
2026-08-21 10:05:26.940 [session=000416] [INFO] [MainThread] 호출벨 목록 동일 - UI 재생성 생략
2026-08-21 10:05:26.941 [session=000416] [INFO] [MainThread] 호출벨용 용도 목록 로드 요청
2026-08-21 10:05:26.941 [session=000416] [INFO] [MainThread] 호출벨에 용도 목록 전달: 2개
2026-08-21 10:05:26.941 [session=000416] [INFO] [MainThread] 용도 목록 로드: 2개
2026-08-21 10:05:26.941 [session=000416] [INFO] [MainThread] 목적지 목록 로드: 5개
2026-08-21 10:05:26.941 [session=000416] [INFO] [MainThread] 호출벨 관리에 목적지 목록 전달: 5개
2026-08-21 10:05:26.942 [session=000416] [INFO] [MainThread] My IP : 192.168.104.212
2026-08-21 10:05:27.120 [session=000416] [INFO] [ThreadPoolExecutor-8_0] 순차 이동 설정 저장 완료: /home/dentium/robot_GUIs/app/config/sequential_move.json
2026-08-21 10:05:29.196 [session=000416] [INFO] [SSE-SSE_BATTERY_LOW_SHUTDOWN] [SSE_DIAG] connect attempt tag=SSE_BATTERY_LOW_SHUTDOWN, reconnect=73, url=http://localhost:8080/robot_ec2b/events/battery/low_shutdown
2026-08-21 10:05:29.225 [session=000416] [INFO] [SSE-SSE_BATTERY_LOW_SHUTDOWN] [SSE_DIAG] connected tag=SSE_BATTERY_LOW_SHUTDOWN, status=404, reason=Not Found, elapsed=0.03s, content_type=application/json, url=http://localhost:8080/robot_ec2b/events/battery/low_shutdown
2026-08-21 10:05:29.226 [session=000416] [ERROR] [SSE-SSE_BATTERY_LOW_SHUTDOWN] [SSE_DIAG] non-200 response tag=SSE_BATTERY_LOW_SHUTDOWN, status=404, reason=Not Found, url=http://localhost:8080/robot_ec2b/events/battery/low_shutdown
2026-08-21 10:05:29.227 [session=000416] [INFO] [SSE-SSE_BATTERY_LOW_SHUTDOWN] [SSE_DIAG] reconnect wait tag=SSE_BATTERY_LOW_SHUTDOWN, delay=10s, reconnect=74, reason=HTTP 404, url=http://localhost:8080/robot_ec2b/events/battery/low_shutdown
2026-08-21 10:05:29.395 [session=000416] [INFO] [MainThread] [MAIN_THREAD_HEARTBEAT] GUI main thread alive: thread=MainThread
2026-08-21 10:05:34.394 [session=000416] [INFO] [MainThread] [MAIN_THREAD_HEARTBEAT] GUI main thread alive: thread=MainThread
2026-08-21 10:05:36.895 [session=000416] [DEBUG] [RestApiThread] GetCallBellFromRESTAPI 요청 시작
2026-08-21 10:05:36.902 [session=000416] [DEBUG] [RestApiThread] _get_data: 요청 시작 - tag: REST_API_TAG.GET_CALLBELL, url: http://localhost:8080/robot_ec2b/callbell
2026-08-21 10:05:36.903 [session=000416] [DEBUG] [RestApiThread] _get_data: 요청 전송 완료 - tag: REST_API_TAG.GET_CALLBELL, timeout: 30000ms
2026-08-21 10:05:36.917 [session=000416] [INFO] [MainThread] model_manager set_destinations: unchanged (5 items) - emit skipped
2026-08-21 10:05:36.919 [session=000416] [INFO] [RestApiThread] _handle_response (CYCLIC 정상) - tag: REST_API_TAG.GET_HOME_POSE, status: 200, pending→2
2026-08-21 10:05:36.920 [session=000416] [INFO] [MainThread] 홈 위치 수신: (3.12, 1.10)
2026-08-21 10:05:36.921 [session=000416] [INFO] [MainThread] 홈 위치 표시 업데이트: (894.0, 100.9)
2026-08-21 10:05:36.924 [session=000416] [DEBUG] [RestApiThread] _handle_response 호출됨 - tag: REST_API_TAG.GET_CALLBELL, status_code: 200
2026-08-21 10:05:36.925 [session=000416] [INFO] [MainThread]   홈 위치 서버 → 픽셀 좌표로 변환 및 UI 업데이트: (894.0, 100.9)
2026-08-21 10:05:36.928 [session=000416] [INFO] [ThreadPoolExecutor-5_0] 호출벨 데이터 수신: 5개
2026-08-21 10:05:36.933 [session=000416] [INFO] [MainThread] 호출벨-목적지 동기화 완료: 5개 호출벨
2026-08-21 10:05:36.934 [session=000416] [INFO] [MainThread] 목적지 리스트 반환: destinations=[Destination(name='로비', goal_pose=Pose(x=4.241336459631034, y=-2.361104203714551, qw=0.5097087478206948, qz=0.8603470185890456), bell=Bells(treatment='', suction='64012cd7'), idx=0, color='#e53935'), Destination(name='수술실', goal_pose=Pose(x=4.5199271819089395, y=-3.9219605026851503, qw=0.14533446519134308, qz=-0.9893825818294691), bell=Bells(treatment='', suction='64132cd7'), idx=1, color='#e53935'), Destination(name='진료실', goal_pose=Pose(x=0.11980823444488001, y=-3.735511450600503, qw=0.9963649848510123, qz=0.0851869530083222), bell=Bells(treatment='', suction='64252cd7'), idx=2, color='#e53935'), Destination(name='창고', goal_pose=Pose(x=0.2834625688692579, y=-6.793061814598156, qw=0.5257961572167338, qz=0.850610604834031), bell=Bells(treatment='', suction='64372cd7'), idx=3, color='#e53935'), Destination(name='소독실', goal_pose=Pose(x=-3.4045695907217928, y=-7.611793760201744, qw=0.546869706461766, qz=0.8372177280459497), bell=Bells(treatment='', suction='64492cd7'), idx=4, color='#e53935')]
2026-08-21 10:05:36.935 [session=000416] [INFO] [MainThread] 호출벨 리스트 반환: callbells={'64012cd7': {'name': '호출벨 1', 'usage': 'suction', 'destination': '로비'}, '64132cd7': {'name': '호출벨 2', 'usage': 'suction', 'destination': '수술실'}, '64252cd7': {'name': '호출벨 3', 'usage': 'suction', 'destination': '진료실'}, '64372cd7': {'name': '호출벨 4', 'usage': 'suction', 'destination': '창고'}, '64492cd7': {'name': '호출벨 5', 'usage': 'suction', 'destination': '소독실'}}, robot_usages=['treatment', 'suction']
2026-08-21 10:05:36.935 [session=000416] [INFO] [MainThread] 호출벨 리스트 로드: 5개
2026-08-21 10:05:36.936 [session=000416] [INFO] [MainThread] 호출벨 목록 동일 - UI 재생성 생략
2026-08-21 10:05:36.936 [session=000416] [INFO] [MainThread] 호출벨용 용도 목록 로드 요청
2026-08-21 10:05:36.936 [session=000416] [INFO] [MainThread] 호출벨에 용도 목록 전달: 2개
2026-08-21 10:05:36.939 [session=000416] [INFO] [MainThread] 용도 목록 로드: 2개
2026-08-21 10:05:36.939 [session=000416] [INFO] [MainThread] 목적지 목록 로드: 5개
2026-08-21 10:05:36.939 [session=000416] [INFO] [MainThread] 호출벨 관리에 목적지 목록 전달: 5개
2026-08-21 10:05:36.940 [session=000416] [INFO] [MainThread] My IP : 192.168.104.212
2026-08-21 10:05:37.119 [session=000416] [INFO] [ThreadPoolExecutor-8_0] 순차 이동 설정 저장 완료: /home/dentium/robot_GUIs/app/config/sequential_move.json
2026-08-21 10:05:39.229 [session=000416] [INFO] [SSE-SSE_BATTERY_LOW_SHUTDOWN] [SSE_DIAG] connect attempt tag=SSE_BATTERY_LOW_SHUTDOWN, reconnect=74, url=http://localhost:8080/robot_ec2b/events/battery/low_shutdown
2026-08-21 10:05:39.241 [session=000416] [INFO] [SSE-SSE_BATTERY_LOW_SHUTDOWN] [SSE_DIAG] connected tag=SSE_BATTERY_LOW_SHUTDOWN, status=404, reason=Not Found, elapsed=0.01s, content_type=application/json, url=http://localhost:8080/robot_ec2b/events/battery/low_shutdown
2026-08-21 10:05:39.242 [session=000416] [ERROR] [SSE-SSE_BATTERY_LOW_SHUTDOWN] [SSE_DIAG] non-200 response tag=SSE_BATTERY_LOW_SHUTDOWN, status=404, reason=Not Found, url=http://localhost:8080/robot_ec2b/events/battery/low_shutdown
2026-08-21 10:05:39.244 [session=000416] [INFO] [SSE-SSE_BATTERY_LOW_SHUTDOWN] [SSE_DIAG] reconnect wait tag=SSE_BATTERY_LOW_SHUTDOWN, delay=10s, reconnect=75, reason=HTTP 404, url=http://localhost:8080/robot_ec2b/events/battery/low_shutdown
2026-08-21 10:05:39.394 [session=000416] [INFO] [MainThread] [MAIN_THREAD_HEARTBEAT] GUI main thread alive: thread=MainThread
2026-08-21 10:05:44.394 [session=000416] [INFO] [MainThread] [MAIN_THREAD_HEARTBEAT] GUI main thread alive: thread=MainThread
2026-08-21 10:05:46.910 [session=000416] [DEBUG] [RestApiThread] GetCallBellFromRESTAPI 요청 시작
2026-08-21 10:05:46.912 [session=000416] [DEBUG] [RestApiThread] _get_data: 요청 시작 - tag: REST_API_TAG.GET_CALLBELL, url: http://localhost:8080/robot_ec2b/callbell
2026-08-21 10:05:46.914 [session=000416] [DEBUG] [RestApiThread] _get_data: 요청 전송 완료 - tag: REST_API_TAG.GET_CALLBELL, timeout: 30000ms
2026-08-21 10:05:46.918 [session=000416] [INFO] [MainThread] model_manager set_destinations: unchanged (5 items) - emit skipped
2026-08-21 10:05:46.919 [session=000416] [INFO] [MainThread] 홈 위치 수신: (3.12, 1.10)
2026-08-21 10:05:46.920 [session=000416] [INFO] [MainThread] 홈 위치 표시 업데이트: (894.0, 100.9)
2026-08-21 10:05:46.925 [session=000416] [INFO] [MainThread]   홈 위치 서버 → 픽셀 좌표로 변환 및 UI 업데이트: (894.0, 100.9)
2026-08-21 10:05:46.925 [session=000416] [DEBUG] [RestApiThread] _handle_response 호출됨 - tag: REST_API_TAG.GET_CALLBELL, status_code: 200
2026-08-21 10:05:46.927 [session=000416] [INFO] [ThreadPoolExecutor-5_1] 호출벨 데이터 수신: 5개
2026-08-21 10:05:46.930 [session=000416] [INFO] [MainThread] My IP : 192.168.104.212
2026-08-21 10:05:46.932 [session=000416] [INFO] [MainThread] 호출벨-목적지 동기화 완료: 5개 호출벨
2026-08-21 10:05:46.933 [session=000416] [INFO] [MainThread] 목적지 리스트 반환: destinations=[Destination(name='로비', goal_pose=Pose(x=4.241336459631034, y=-2.361104203714551, qw=0.5097087478206948, qz=0.8603470185890456), bell=Bells(treatment='', suction='64012cd7'), idx=0, color='#e53935'), Destination(name='수술실', goal_pose=Pose(x=4.5199271819089395, y=-3.9219605026851503, qw=0.14533446519134308, qz=-0.9893825818294691), bell=Bells(treatment='', suction='64132cd7'), idx=1, color='#e53935'), Destination(name='진료실', goal_pose=Pose(x=0.11980823444488001, y=-3.735511450600503, qw=0.9963649848510123, qz=0.0851869530083222), bell=Bells(treatment='', suction='64252cd7'), idx=2, color='#e53935'), Destination(name='창고', goal_pose=Pose(x=0.2834625688692579, y=-6.793061814598156, qw=0.5257961572167338, qz=0.850610604834031), bell=Bells(treatment='', suction='64372cd7'), idx=3, color='#e53935'), Destination(name='소독실', goal_pose=Pose(x=-3.4045695907217928, y=-7.611793760201744, qw=0.546869706461766, qz=0.8372177280459497), bell=Bells(treatment='', suction='64492cd7'), idx=4, color='#e53935')]
2026-08-21 10:05:46.933 [session=000416] [INFO] [browser-music-sync_0] [BROWSER_MUSIC_SYNC] event=catalog_fetch_started master_base_url=http://127.0.0.1:5051
2026-08-21 10:05:46.934 [session=000416] [INFO] [MainThread] 호출벨 리스트 반환: callbells={'64012cd7': {'name': '호출벨 1', 'usage': 'suction', 'destination': '로비'}, '64132cd7': {'name': '호출벨 2', 'usage': 'suction', 'destination': '수술실'}, '64252cd7': {'name': '호출벨 3', 'usage': 'suction', 'destination': '진료실'}, '64372cd7': {'name': '호출벨 4', 'usage': 'suction', 'destination': '창고'}, '64492cd7': {'name': '호출벨 5', 'usage': 'suction', 'destination': '소독실'}}, robot_usages=['treatment', 'suction']
2026-08-21 10:05:46.934 [session=000416] [INFO] [MainThread] 호출벨 리스트 로드: 5개
2026-08-21 10:05:46.944 [session=000416] [INFO] [MainThread] 호출벨 목록 동일 - UI 재생성 생략
2026-08-21 10:05:46.945 [session=000416] [INFO] [MainThread] 호출벨용 용도 목록 로드 요청
2026-08-21 10:05:46.945 [session=000416] [INFO] [MainThread] 호출벨에 용도 목록 전달: 2개
2026-08-21 10:05:46.946 [session=000416] [INFO] [MainThread] 용도 목록 로드: 2개
2026-08-21 10:05:46.946 [session=000416] [INFO] [MainThread] 목적지 목록 로드: 5개
2026-08-21 10:05:46.946 [session=000416] [INFO] [MainThread] 호출벨 관리에 목적지 목록 전달: 5개
2026-08-21 10:05:47.007 [session=000416] [INFO] [browser-music-sync_0] [BROWSER_MUSIC_SYNC] event=catalog_fetch_succeeded master_base_url=http://127.0.0.1:5051 item_count=3
2026-08-21 10:05:47.012 [session=000416] [INFO] [RestApiThread] [REST API] 배경 음악 GET 전송: operation=selection_get, url=http://127.0.0.1:5051/api/voice-event-settings/background-music?robot_id=robot_ec2b
2026-08-21 10:05:47.013 [session=000416] [INFO] [RestApiThread] [REST API] 배경 음악 GET 전송: operation=resolved_get, url=http://127.0.0.1:5051/api/voice-event-settings/resolved?robot_id=robot_ec2b
2026-08-21 10:05:47.039 [session=000416] [DEBUG] [RestApiThread] _handle_response 호출됨 - tag: REST_API_TAG.GET_RESOLVED_BACKGROUND_MUSIC, status_code: 200
2026-08-21 10:05:47.041 [session=000416] [DEBUG] [RestApiThread] _handle_response 호출됨 - tag: REST_API_TAG.GET_BACKGROUND_MUSIC_SETTING, status_code: 200
2026-08-21 10:05:47.117 [session=000416] [INFO] [ThreadPoolExecutor-8_0] 순차 이동 설정 저장 완료: /home/dentium/robot_GUIs/app/config/sequential_move.json
2026-08-21 10:05:49.246 [session=000416] [INFO] [SSE-SSE_BATTERY_LOW_SHUTDOWN] [SSE_DIAG] connect attempt tag=SSE_BATTERY_LOW_SHUTDOWN, reconnect=75, url=http://localhost:8080/robot_ec2b/events/battery/low_shutdown
2026-08-21 10:05:49.260 [session=000416] [INFO] [SSE-SSE_BATTERY_LOW_SHUTDOWN] [SSE_DIAG] connected tag=SSE_BATTERY_LOW_SHUTDOWN, status=404, reason=Not Found, elapsed=0.01s, content_type=application/json, url=http://localhost:8080/robot_ec2b/events/battery/low_shutdown
2026-08-21 10:05:49.261 [session=000416] [ERROR] [SSE-SSE_BATTERY_LOW_SHUTDOWN] [SSE_DIAG] non-200 response tag=SSE_BATTERY_LOW_SHUTDOWN, status=404, reason=Not Found, url=http://localhost:8080/robot_ec2b/events/battery/low_shutdown
2026-08-21 10:05:49.262 [session=000416] [INFO] [SSE-SSE_BATTERY_LOW_SHUTDOWN] [SSE_DIAG] reconnect wait tag=SSE_BATTERY_LOW_SHUTDOWN, delay=10s, reconnect=76, reason=HTTP 404, url=http://localhost:8080/robot_ec2b/events/battery/low_shutdown
2026-08-21 10:05:49.394 [session=000416] [INFO] [MainThread] [MAIN_THREAD_HEARTBEAT] GUI main thread alive: thread=MainThread
2026-08-21 10:05:54.394 [session=000416] [INFO] [MainThread] [MAIN_THREAD_HEARTBEAT] GUI main thread alive: thread=MainThread
2026-08-21 10:05:56.896 [session=000416] [DEBUG] [RestApiThread] GetCallBellFromRESTAPI 요청 시작
2026-08-21 10:05:56.908 [session=000416] [DEBUG] [RestApiThread] _get_data: 요청 시작 - tag: REST_API_TAG.GET_CALLBELL, url: http://localhost:8080/robot_ec2b/callbell
2026-08-21 10:05:56.911 [session=000416] [DEBUG] [RestApiThread] _get_data: 요청 전송 완료 - tag: REST_API_TAG.GET_CALLBELL, timeout: 30000ms
2026-08-21 10:05:56.917 [session=000416] [INFO] [MainThread] model_manager set_destinations: unchanged (5 items) - emit skipped
2026-08-21 10:05:56.918 [session=000416] [INFO] [MainThread] 홈 위치 수신: (3.12, 1.10)
2026-08-21 10:05:56.921 [session=000416] [INFO] [MainThread] 홈 위치 표시 업데이트: (894.0, 100.9)
2026-08-21 10:05:56.926 [session=000416] [INFO] [MainThread]   홈 위치 서버 → 픽셀 좌표로 변환 및 UI 업데이트: (894.0, 100.9)
2026-08-21 10:05:56.932 [session=000416] [DEBUG] [RestApiThread] _handle_response 호출됨 - tag: REST_API_TAG.GET_CALLBELL, status_code: 200
2026-08-21 10:05:56.933 [session=000416] [INFO] [ThreadPoolExecutor-5_0] 호출벨 데이터 수신: 5개
2026-08-21 10:05:56.940 [session=000416] [INFO] [MainThread] 호출벨-목적지 동기화 완료: 5개 호출벨
2026-08-21 10:05:56.943 [session=000416] [INFO] [MainThread] 목적지 리스트 반환: destinations=[Destination(name='로비', goal_pose=Pose(x=4.241336459631034, y=-2.361104203714551, qw=0.5097087478206948, qz=0.8603470185890456), bell=Bells(treatment='', suction='64012cd7'), idx=0, color='#e53935'), Destination(name='수술실', goal_pose=Pose(x=4.5199271819089395, y=-3.9219605026851503, qw=0.14533446519134308, qz=-0.9893825818294691), bell=Bells(treatment='', suction='64132cd7'), idx=1, color='#e53935'), Destination(name='진료실', goal_pose=Pose(x=0.11980823444488001, y=-3.735511450600503, qw=0.9963649848510123, qz=0.0851869530083222), bell=Bells(treatment='', suction='64252cd7'), idx=2, color='#e53935'), Destination(name='창고', goal_pose=Pose(x=0.2834625688692579, y=-6.793061814598156, qw=0.5257961572167338, qz=0.850610604834031), bell=Bells(treatment='', suction='64372cd7'), idx=3, color='#e53935'), Destination(name='소독실', goal_pose=Pose(x=-3.4045695907217928, y=-7.611793760201744, qw=0.546869706461766, qz=0.8372177280459497), bell=Bells(treatment='', suction='64492cd7'), idx=4, color='#e53935')]
2026-08-21 10:05:56.943 [session=000416] [INFO] [MainThread] 호출벨 리스트 반환: callbells={'64012cd7': {'name': '호출벨 1', 'usage': 'suction', 'destination': '로비'}, '64132cd7': {'name': '호출벨 2', 'usage': 'suction', 'destination': '수술실'}, '64252cd7': {'name': '호출벨 3', 'usage': 'suction', 'destination': '진료실'}, '64372cd7': {'name': '호출벨 4', 'usage': 'suction', 'destination': '창고'}, '64492cd7': {'name': '호출벨 5', 'usage': 'suction', 'destination': '소독실'}}, robot_usages=['treatment', 'suction']
2026-08-21 10:05:56.943 [session=000416] [INFO] [MainThread] 호출벨 리스트 로드: 5개
2026-08-21 10:05:56.943 [session=000416] [INFO] [MainThread] 호출벨 목록 동일 - UI 재생성 생략
2026-08-21 10:05:56.944 [session=000416] [INFO] [MainThread] 호출벨용 용도 목록 로드 요청
2026-08-21 10:05:56.944 [session=000416] [INFO] [MainThread] 호출벨에 용도 목록 전달: 2개
2026-08-21 10:05:56.944 [session=000416] [INFO] [MainThread] 용도 목록 로드: 2개
2026-08-21 10:05:56.944 [session=000416] [INFO] [MainThread] 목적지 목록 로드: 5개
2026-08-21 10:05:56.944 [session=000416] [INFO] [MainThread] 호출벨 관리에 목적지 목록 전달: 5개
2026-08-21 10:05:56.952 [session=000416] [INFO] [MainThread] My IP : 192.168.104.212
2026-08-21 10:05:57.118 [session=000416] [INFO] [ThreadPoolExecutor-8_0] 순차 이동 설정 저장 완료: /home/dentium/robot_GUIs/app/config/sequential_move.json
2026-08-21 10:05:59.265 [session=000416] [INFO] [SSE-SSE_BATTERY_LOW_SHUTDOWN] [SSE_DIAG] connect attempt tag=SSE_BATTERY_LOW_SHUTDOWN, reconnect=76, url=http://localhost:8080/robot_ec2b/events/battery/low_shutdown
2026-08-21 10:05:59.279 [session=000416] [INFO] [SSE-SSE_BATTERY_LOW_SHUTDOWN] [SSE_DIAG] connected tag=SSE_BATTERY_LOW_SHUTDOWN, status=404, reason=Not Found, elapsed=0.01s, content_type=application/json, url=http://localhost:8080/robot_ec2b/events/battery/low_shutdown
2026-08-21 10:05:59.280 [session=000416] [ERROR] [SSE-SSE_BATTERY_LOW_SHUTDOWN] [SSE_DIAG] non-200 response tag=SSE_BATTERY_LOW_SHUTDOWN, status=404, reason=Not Found, url=http://localhost:8080/robot_ec2b/events/battery/low_shutdown
2026-08-21 10:05:59.281 [session=000416] [INFO] [SSE-SSE_BATTERY_LOW_SHUTDOWN] [SSE_DIAG] reconnect wait tag=SSE_BATTERY_LOW_SHUTDOWN, delay=10s, reconnect=77, reason=HTTP 404, url=http://localhost:8080/robot_ec2b/events/battery/low_shutdown
2026-08-21 10:05:59.393 [session=000416] [INFO] [MainThread] [MAIN_THREAD_HEARTBEAT] GUI main thread alive: thread=MainThread
2026-08-21 10:06:04.394 [session=000416] [INFO] [MainThread] [MAIN_THREAD_HEARTBEAT] GUI main thread alive: thread=MainThread
2026-08-21 10:06:06.900 [session=000416] [DEBUG] [RestApiThread] GetCallBellFromRESTAPI 요청 시작
2026-08-21 10:06:06.902 [session=000416] [DEBUG] [RestApiThread] _get_data: 요청 시작 - tag: REST_API_TAG.GET_CALLBELL, url: http://localhost:8080/robot_ec2b/callbell
2026-08-21 10:06:06.904 [session=000416] [DEBUG] [RestApiThread] _get_data: 요청 전송 완료 - tag: REST_API_TAG.GET_CALLBELL, timeout: 30000ms
2026-08-21 10:06:06.908 [session=000416] [INFO] [MainThread] model_manager set_destinations: unchanged (5 items) - emit skipped
2026-08-21 10:06:06.911 [session=000416] [INFO] [MainThread] 홈 위치 수신: (3.12, 1.10)
2026-08-21 10:06:06.911 [session=000416] [INFO] [MainThread] 홈 위치 표시 업데이트: (894.0, 100.9)
2026-08-21 10:06:06.918 [session=000416] [INFO] [MainThread]   홈 위치 서버 → 픽셀 좌표로 변환 및 UI 업데이트: (894.0, 100.9)
2026-08-21 10:06:06.923 [session=000416] [DEBUG] [RestApiThread] _handle_response 호출됨 - tag: REST_API_TAG.GET_CALLBELL, status_code: 200
2026-08-21 10:06:06.924 [session=000416] [INFO] [ThreadPoolExecutor-5_2] 호출벨 데이터 수신: 5개
2026-08-21 10:06:06.926 [session=000416] [INFO] [MainThread] 호출벨-목적지 동기화 완료: 5개 호출벨
2026-08-21 10:06:06.927 [session=000416] [INFO] [MainThread] 목적지 리스트 반환: destinations=[Destination(name='로비', goal_pose=Pose(x=4.241336459631034, y=-2.361104203714551, qw=0.5097087478206948, qz=0.8603470185890456), bell=Bells(treatment='', suction='64012cd7'), idx=0, color='#e53935'), Destination(name='수술실', goal_pose=Pose(x=4.5199271819089395, y=-3.9219605026851503, qw=0.14533446519134308, qz=-0.9893825818294691), bell=Bells(treatment='', suction='64132cd7'), idx=1, color='#e53935'), Destination(name='진료실', goal_pose=Pose(x=0.11980823444488001, y=-3.735511450600503, qw=0.9963649848510123, qz=0.0851869530083222), bell=Bells(treatment='', suction='64252cd7'), idx=2, color='#e53935'), Destination(name='창고', goal_pose=Pose(x=0.2834625688692579, y=-6.793061814598156, qw=0.5257961572167338, qz=0.850610604834031), bell=Bells(treatment='', suction='64372cd7'), idx=3, color='#e53935'), Destination(name='소독실', goal_pose=Pose(x=-3.4045695907217928, y=-7.611793760201744, qw=0.546869706461766, qz=0.8372177280459497), bell=Bells(treatment='', suction='64492cd7'), idx=4, color='#e53935')]
2026-08-21 10:06:06.927 [session=000416] [INFO] [MainThread] 호출벨 리스트 반환: callbells={'64012cd7': {'name': '호출벨 1', 'usage': 'suction', 'destination': '로비'}, '64132cd7': {'name': '호출벨 2', 'usage': 'suction', 'destination': '수술실'}, '64252cd7': {'name': '호출벨 3', 'usage': 'suction', 'destination': '진료실'}, '64372cd7': {'name': '호출벨 4', 'usage': 'suction', 'destination': '창고'}, '64492cd7': {'name': '호출벨 5', 'usage': 'suction', 'destination': '소독실'}}, robot_usages=['treatment', 'suction']
2026-08-21 10:06:06.927 [session=000416] [INFO] [MainThread] 호출벨 리스트 로드: 5개
2026-08-21 10:06:06.927 [session=000416] [INFO] [MainThread] 호출벨 목록 동일 - UI 재생성 생략
2026-08-21 10:06:06.928 [session=000416] [INFO] [MainThread] 호출벨용 용도 목록 로드 요청
2026-08-21 10:06:06.928 [session=000416] [INFO] [MainThread] 호출벨에 용도 목록 전달: 2개
2026-08-21 10:06:06.928 [session=000416] [INFO] [MainThread] 용도 목록 로드: 2개
2026-08-21 10:06:06.928 [session=000416] [INFO] [MainThread] 목적지 목록 로드: 5개
2026-08-21 10:06:06.928 [session=000416] [INFO] [MainThread] 호출벨 관리에 목적지 목록 전달: 5개
2026-08-21 10:06:06.931 [session=000416] [INFO] [MainThread] My IP : 192.168.104.212
2026-08-21 10:06:07.095 [session=000416] [INFO] [ThreadPoolExecutor-8_0] 순차 이동 설정 저장 완료: /home/dentium/robot_GUIs/app/config/sequential_move.json
2026-08-21 10:06:09.283 [session=000416] [INFO] [SSE-SSE_BATTERY_LOW_SHUTDOWN] [SSE_DIAG] connect attempt tag=SSE_BATTERY_LOW_SHUTDOWN, reconnect=77, url=http://localhost:8080/robot_ec2b/events/battery/low_shutdown
2026-08-21 10:06:09.297 [session=000416] [INFO] [SSE-SSE_BATTERY_LOW_SHUTDOWN] [SSE_DIAG] connected tag=SSE_BATTERY_LOW_SHUTDOWN, status=404, reason=Not Found, elapsed=0.01s, content_type=application/json, url=http://localhost:8080/robot_ec2b/events/battery/low_shutdown
2026-08-21 10:06:09.298 [session=000416] [ERROR] [SSE-SSE_BATTERY_LOW_SHUTDOWN] [SSE_DIAG] non-200 response tag=SSE_BATTERY_LOW_SHUTDOWN, status=404, reason=Not Found, url=http://localhost:8080/robot_ec2b/events/battery/low_shutdown
2026-08-21 10:06:09.302 [session=000416] [INFO] [SSE-SSE_BATTERY_LOW_SHUTDOWN] [SSE_DIAG] reconnect wait tag=SSE_BATTERY_LOW_SHUTDOWN, delay=10s, reconnect=78, reason=HTTP 404, url=http://localhost:8080/robot_ec2b/events/battery/low_shutdown
2026-08-21 10:06:09.394 [session=000416] [INFO] [MainThread] [MAIN_THREAD_HEARTBEAT] GUI main thread alive: thread=MainThread
2026-08-21 10:06:14.395 [session=000416] [INFO] [MainThread] [MAIN_THREAD_HEARTBEAT] GUI main thread alive: thread=MainThread
2026-08-21 10:06:16.904 [session=000416] [DEBUG] [RestApiThread] GetCallBellFromRESTAPI 요청 시작
2026-08-21 10:06:16.910 [session=000416] [DEBUG] [RestApiThread] _get_data: 요청 시작 - tag: REST_API_TAG.GET_CALLBELL, url: http://localhost:8080/robot_ec2b/callbell
2026-08-21 10:06:16.911 [session=000416] [DEBUG] [RestApiThread] _get_data: 요청 전송 완료 - tag: REST_API_TAG.GET_CALLBELL, timeout: 30000ms
2026-08-21 10:06:16.917 [session=000416] [INFO] [MainThread] model_manager set_destinations: unchanged (5 items) - emit skipped
2026-08-21 10:06:16.931 [session=000416] [DEBUG] [RestApiThread] _handle_response 호출됨 - tag: REST_API_TAG.GET_CALLBELL, status_code: 200
2026-08-21 10:06:16.932 [session=000416] [INFO] [ThreadPoolExecutor-5_0] 호출벨 데이터 수신: 5개
2026-08-21 10:06:16.938 [session=000416] [INFO] [MainThread] 호출벨-목적지 동기화 완료: 5개 호출벨
2026-08-21 10:06:16.938 [session=000416] [INFO] [MainThread] 목적지 리스트 반환: destinations=[Destination(name='로비', goal_pose=Pose(x=4.241336459631034, y=-2.361104203714551, qw=0.5097087478206948, qz=0.8603470185890456), bell=Bells(treatment='', suction='64012cd7'), idx=0, color='#e53935'), Destination(name='수술실', goal_pose=Pose(x=4.5199271819089395, y=-3.9219605026851503, qw=0.14533446519134308, qz=-0.9893825818294691), bell=Bells(treatment='', suction='64132cd7'), idx=1, color='#e53935'), Destination(name='진료실', goal_pose=Pose(x=0.11980823444488001, y=-3.735511450600503, qw=0.9963649848510123, qz=0.0851869530083222), bell=Bells(treatment='', suction='64252cd7'), idx=2, color='#e53935'), Destination(name='창고', goal_pose=Pose(x=0.2834625688692579, y=-6.793061814598156, qw=0.5257961572167338, qz=0.850610604834031), bell=Bells(treatment='', suction='64372cd7'), idx=3, color='#e53935'), Destination(name='소독실', goal_pose=Pose(x=-3.4045695907217928, y=-7.611793760201744, qw=0.546869706461766, qz=0.8372177280459497), bell=Bells(treatment='', suction='64492cd7'), idx=4, color='#e53935')]
2026-08-21 10:06:16.939 [session=000416] [INFO] [MainThread] 호출벨 리스트 반환: callbells={'64012cd7': {'name': '호출벨 1', 'usage': 'suction', 'destination': '로비'}, '64132cd7': {'name': '호출벨 2', 'usage': 'suction', 'destination': '수술실'}, '64252cd7': {'name': '호출벨 3', 'usage': 'suction', 'destination': '진료실'}, '64372cd7': {'name': '호출벨 4', 'usage': 'suction', 'destination': '창고'}, '64492cd7': {'name': '호출벨 5', 'usage': 'suction', 'destination': '소독실'}}, robot_usages=['treatment', 'suction']
2026-08-21 10:06:16.941 [session=000416] [INFO] [MainThread] 호출벨 리스트 로드: 5개
2026-08-21 10:06:16.941 [session=000416] [INFO] [MainThread] 호출벨 목록 동일 - UI 재생성 생략
2026-08-21 10:06:16.943 [session=000416] [INFO] [MainThread] 호출벨용 용도 목록 로드 요청
2026-08-21 10:06:16.944 [session=000416] [INFO] [MainThread] 호출벨에 용도 목록 전달: 2개
2026-08-21 10:06:16.945 [session=000416] [INFO] [MainThread] 용도 목록 로드: 2개
2026-08-21 10:06:16.945 [session=000416] [INFO] [MainThread] 목적지 목록 로드: 5개
2026-08-21 10:06:16.946 [session=000416] [INFO] [MainThread] 호출벨 관리에 목적지 목록 전달: 5개
2026-08-21 10:06:16.950 [session=000416] [INFO] [MainThread] 홈 위치 수신: (3.12, 1.10)
2026-08-21 10:06:16.951 [session=000416] [INFO] [MainThread] 홈 위치 표시 업데이트: (894.0, 100.9)
2026-08-21 10:06:16.954 [session=000416] [INFO] [MainThread]   홈 위치 서버 → 픽셀 좌표로 변환 및 UI 업데이트: (894.0, 100.9)
2026-08-21 10:06:16.957 [session=000416] [INFO] [MainThread] My IP : 192.168.104.212
2026-08-21 10:06:17.145 [session=000416] [INFO] [ThreadPoolExecutor-8_0] 순차 이동 설정 저장 완료: /home/dentium/robot_GUIs/app/config/sequential_move.json
2026-08-21 10:06:19.305 [session=000416] [INFO] [SSE-SSE_BATTERY_LOW_SHUTDOWN] [SSE_DIAG] connect attempt tag=SSE_BATTERY_LOW_SHUTDOWN, reconnect=78, url=http://localhost:8080/robot_ec2b/events/battery/low_shutdown
2026-08-21 10:06:19.323 [session=000416] [INFO] [SSE-SSE_BATTERY_LOW_SHUTDOWN] [SSE_DIAG] connected tag=SSE_BATTERY_LOW_SHUTDOWN, status=404, reason=Not Found, elapsed=0.02s, content_type=application/json, url=http://localhost:8080/robot_ec2b/events/battery/low_shutdown
2026-08-21 10:06:19.325 [session=000416] [ERROR] [SSE-SSE_BATTERY_LOW_SHUTDOWN] [SSE_DIAG] non-200 response tag=SSE_BATTERY_LOW_SHUTDOWN, status=404, reason=Not Found, url=http://localhost:8080/robot_ec2b/events/battery/low_shutdown
2026-08-21 10:06:19.327 [session=000416] [INFO] [SSE-SSE_BATTERY_LOW_SHUTDOWN] [SSE_DIAG] reconnect wait tag=SSE_BATTERY_LOW_SHUTDOWN, delay=10s, reconnect=79, reason=HTTP 404, url=http://localhost:8080/robot_ec2b/events/battery/low_shutdown
2026-08-21 10:06:19.394 [session=000416] [INFO] [MainThread] [MAIN_THREAD_HEARTBEAT] GUI main thread alive: thread=MainThread
2026-08-21 10:06:24.393 [session=000416] [INFO] [MainThread] [MAIN_THREAD_HEARTBEAT] GUI main thread alive: thread=MainThread
2026-08-21 10:06:26.900 [session=000416] [DEBUG] [RestApiThread] GetCallBellFromRESTAPI 요청 시작
2026-08-21 10:06:26.909 [session=000416] [DEBUG] [RestApiThread] _get_data: 요청 시작 - tag: REST_API_TAG.GET_CALLBELL, url: http://localhost:8080/robot_ec2b/callbell
2026-08-21 10:06:26.910 [session=000416] [DEBUG] [RestApiThread] _get_data: 요청 전송 완료 - tag: REST_API_TAG.GET_CALLBELL, timeout: 30000ms
2026-08-21 10:06:26.913 [session=000416] [INFO] [MainThread] model_manager set_destinations: unchanged (5 items) - emit skipped
2026-08-21 10:06:26.931 [session=000416] [INFO] [MainThread] 홈 위치 수신: (3.12, 1.10)
2026-08-21 10:06:26.932 [session=000416] [INFO] [MainThread] 홈 위치 표시 업데이트: (894.0, 100.9)
2026-08-21 10:06:26.935 [session=000416] [INFO] [MainThread]   홈 위치 서버 → 픽셀 좌표로 변환 및 UI 업데이트: (894.0, 100.9)
2026-08-21 10:06:26.941 [session=000416] [DEBUG] [RestApiThread] _handle_response 호출됨 - tag: REST_API_TAG.GET_CALLBELL, status_code: 200
2026-08-21 10:06:26.944 [session=000416] [INFO] [RestApiThread] _handle_response (CYCLIC 정상) - tag: REST_API_TAG.GET_MASTER_IP_ADDRESS, status: 200, pending→0
2026-08-21 10:06:26.945 [session=000416] [INFO] [ThreadPoolExecutor-5_0] 호출벨 데이터 수신: 5개
2026-08-21 10:06:26.948 [session=000416] [INFO] [MainThread] 호출벨-목적지 동기화 완료: 5개 호출벨
2026-08-21 10:06:26.950 [session=000416] [INFO] [MainThread] 목적지 리스트 반환: destinations=[Destination(name='로비', goal_pose=Pose(x=4.241336459631034, y=-2.361104203714551, qw=0.5097087478206948, qz=0.8603470185890456), bell=Bells(treatment='', suction='64012cd7'), idx=0, color='#e53935'), Destination(name='수술실', goal_pose=Pose(x=4.5199271819089395, y=-3.9219605026851503, qw=0.14533446519134308, qz=-0.9893825818294691), bell=Bells(treatment='', suction='64132cd7'), idx=1, color='#e53935'), Destination(name='진료실', goal_pose=Pose(x=0.11980823444488001, y=-3.735511450600503, qw=0.9963649848510123, qz=0.0851869530083222), bell=Bells(treatment='', suction='64252cd7'), idx=2, color='#e53935'), Destination(name='창고', goal_pose=Pose(x=0.2834625688692579, y=-6.793061814598156, qw=0.5257961572167338, qz=0.850610604834031), bell=Bells(treatment='', suction='64372cd7'), idx=3, color='#e53935'), Destination(name='소독실', goal_pose=Pose(x=-3.4045695907217928, y=-7.611793760201744, qw=0.546869706461766, qz=0.8372177280459497), bell=Bells(treatment='', suction='64492cd7'), idx=4, color='#e53935')]
2026-08-21 10:06:26.951 [session=000416] [INFO] [MainThread] 호출벨 리스트 반환: callbells={'64012cd7': {'name': '호출벨 1', 'usage': 'suction', 'destination': '로비'}, '64132cd7': {'name': '호출벨 2', 'usage': 'suction', 'destination': '수술실'}, '64252cd7': {'name': '호출벨 3', 'usage': 'suction', 'destination': '진료실'}, '64372cd7': {'name': '호출벨 4', 'usage': 'suction', 'destination': '창고'}, '64492cd7': {'name': '호출벨 5', 'usage': 'suction', 'destination': '소독실'}}, robot_usages=['treatment', 'suction']
2026-08-21 10:06:26.951 [session=000416] [INFO] [MainThread] 호출벨 리스트 로드: 5개
2026-08-21 10:06:26.951 [session=000416] [INFO] [MainThread] 호출벨 목록 동일 - UI 재생성 생략
2026-08-21 10:06:26.951 [session=000416] [INFO] [MainThread] 호출벨용 용도 목록 로드 요청
2026-08-21 10:06:26.951 [session=000416] [INFO] [MainThread] 호출벨에 용도 목록 전달: 2개
2026-08-21 10:06:26.952 [session=000416] [INFO] [MainThread] 용도 목록 로드: 2개
2026-08-21 10:06:26.952 [session=000416] [INFO] [MainThread] 목적지 목록 로드: 5개
2026-08-21 10:06:26.952 [session=000416] [INFO] [MainThread] 호출벨 관리에 목적지 목록 전달: 5개
2026-08-21 10:06:26.957 [session=000416] [INFO] [MainThread] My IP : 192.168.104.212
2026-08-21 10:06:26.959 [session=000416] [INFO] [browser-music-sync_0] [BROWSER_MUSIC_SYNC] event=catalog_fetch_started master_base_url=http://127.0.0.1:5051
2026-08-21 10:06:26.997 [session=000416] [INFO] [browser-music-sync_0] [BROWSER_MUSIC_SYNC] event=catalog_fetch_succeeded master_base_url=http://127.0.0.1:5051 item_count=3
2026-08-21 10:06:27.010 [session=000416] [INFO] [RestApiThread] [REST API] 배경 음악 GET 전송: operation=selection_get, url=http://127.0.0.1:5051/api/voice-event-settings/background-music?robot_id=robot_ec2b
2026-08-21 10:06:27.011 [session=000416] [INFO] [RestApiThread] [REST API] 배경 음악 GET 전송: operation=resolved_get, url=http://127.0.0.1:5051/api/voice-event-settings/resolved?robot_id=robot_ec2b
2026-08-21 10:06:27.120 [session=000416] [INFO] [ThreadPoolExecutor-8_0] 순차 이동 설정 저장 완료: /home/dentium/robot_GUIs/app/config/sequential_move.json
2026-08-21 10:06:27.136 [session=000416] [DEBUG] [RestApiThread] _handle_response 호출됨 - tag: REST_API_TAG.GET_BACKGROUND_MUSIC_SETTING, status_code: 200
2026-08-21 10:06:27.138 [session=000416] [DEBUG] [RestApiThread] _handle_response 호출됨 - tag: REST_API_TAG.GET_RESOLVED_BACKGROUND_MUSIC, status_code: 200
2026-08-21 10:06:29.333 [session=000416] [INFO] [SSE-SSE_BATTERY_LOW_SHUTDOWN] [SSE_DIAG] connect attempt tag=SSE_BATTERY_LOW_SHUTDOWN, reconnect=79, url=http://localhost:8080/robot_ec2b/events/battery/low_shutdown
2026-08-21 10:06:29.353 [session=000416] [INFO] [SSE-SSE_BATTERY_LOW_SHUTDOWN] [SSE_DIAG] connected tag=SSE_BATTERY_LOW_SHUTDOWN, status=404, reason=Not Found, elapsed=0.02s, content_type=application/json, url=http://localhost:8080/robot_ec2b/events/battery/low_shutdown
2026-08-21 10:06:29.356 [session=000416] [ERROR] [SSE-SSE_BATTERY_LOW_SHUTDOWN] [SSE_DIAG] non-200 response tag=SSE_BATTERY_LOW_SHUTDOWN, status=404, reason=Not Found, url=http://localhost:8080/robot_ec2b/events/battery/low_shutdown
2026-08-21 10:06:29.359 [session=000416] [INFO] [SSE-SSE_BATTERY_LOW_SHUTDOWN] [SSE_DIAG] reconnect wait tag=SSE_BATTERY_LOW_SHUTDOWN, delay=10s, reconnect=80, reason=HTTP 404, url=http://localhost:8080/robot_ec2b/events/battery/low_shutdown
2026-08-21 10:06:29.396 [session=000416] [INFO] [MainThread] [MAIN_THREAD_HEARTBEAT] GUI main thread alive: thread=MainThread
2026-08-21 10:06:34.394 [session=000416] [INFO] [MainThread] [MAIN_THREAD_HEARTBEAT] GUI main thread alive: thread=MainThread
2026-08-21 10:06:36.901 [session=000416] [DEBUG] [RestApiThread] GetCallBellFromRESTAPI 요청 시작
2026-08-21 10:06:36.909 [session=000416] [DEBUG] [RestApiThread] _get_data: 요청 시작 - tag: REST_API_TAG.GET_CALLBELL, url: http://localhost:8080/robot_ec2b/callbell
2026-08-21 10:06:36.910 [session=000416] [DEBUG] [RestApiThread] _get_data: 요청 전송 완료 - tag: REST_API_TAG.GET_CALLBELL, timeout: 30000ms
2026-08-21 10:06:36.911 [session=000416] [INFO] [RestApiThread] _handle_response (CYCLIC 정상) - tag: REST_API_TAG.GET_DESTINATIONS, status: 200, pending→3
2026-08-21 10:06:36.914 [session=000416] [INFO] [MainThread] model_manager set_destinations: unchanged (5 items) - emit skipped
2026-08-21 10:06:36.924 [session=000416] [INFO] [MainThread] 홈 위치 수신: (3.12, 1.10)
2026-08-21 10:06:36.924 [session=000416] [INFO] [MainThread] 홈 위치 표시 업데이트: (894.0, 100.9)
2026-08-21 10:06:36.927 [session=000416] [INFO] [MainThread]   홈 위치 서버 → 픽셀 좌표로 변환 및 UI 업데이트: (894.0, 100.9)
2026-08-21 10:06:36.939 [session=000416] [DEBUG] [RestApiThread] _handle_response 호출됨 - tag: REST_API_TAG.GET_CALLBELL, status_code: 200
2026-08-21 10:06:36.941 [session=000416] [INFO] [ThreadPoolExecutor-5_1] 호출벨 데이터 수신: 5개
2026-08-21 10:06:36.942 [session=000416] [INFO] [MainThread] 호출벨-목적지 동기화 완료: 5개 호출벨
2026-08-21 10:06:36.943 [session=000416] [INFO] [MainThread] 목적지 리스트 반환: destinations=[Destination(name='로비', goal_pose=Pose(x=4.241336459631034, y=-2.361104203714551, qw=0.5097087478206948, qz=0.8603470185890456), bell=Bells(treatment='', suction='64012cd7'), idx=0, color='#e53935'), Destination(name='수술실', goal_pose=Pose(x=4.5199271819089395, y=-3.9219605026851503, qw=0.14533446519134308, qz=-0.9893825818294691), bell=Bells(treatment='', suction='64132cd7'), idx=1, color='#e53935'), Destination(name='진료실', goal_pose=Pose(x=0.11980823444488001, y=-3.735511450600503, qw=0.9963649848510123, qz=0.0851869530083222), bell=Bells(treatment='', suction='64252cd7'), idx=2, color='#e53935'), Destination(name='창고', goal_pose=Pose(x=0.2834625688692579, y=-6.793061814598156, qw=0.5257961572167338, qz=0.850610604834031), bell=Bells(treatment='', suction='64372cd7'), idx=3, color='#e53935'), Destination(name='소독실', goal_pose=Pose(x=-3.4045695907217928, y=-7.611793760201744, qw=0.546869706461766, qz=0.8372177280459497), bell=Bells(treatment='', suction='64492cd7'), idx=4, color='#e53935')]
2026-08-21 10:06:36.945 [session=000416] [INFO] [MainThread] 호출벨 리스트 반환: callbells={'64012cd7': {'name': '호출벨 1', 'usage': 'suction', 'destination': '로비'}, '64132cd7': {'name': '호출벨 2', 'usage': 'suction', 'destination': '수술실'}, '64252cd7': {'name': '호출벨 3', 'usage': 'suction', 'destination': '진료실'}, '64372cd7': {'name': '호출벨 4', 'usage': 'suction', 'destination': '창고'}, '64492cd7': {'name': '호출벨 5', 'usage': 'suction', 'destination': '소독실'}}, robot_usages=['treatment', 'suction']
2026-08-21 10:06:36.945 [session=000416] [INFO] [MainThread] 호출벨 리스트 로드: 5개
2026-08-21 10:06:36.945 [session=000416] [INFO] [MainThread] 호출벨 목록 동일 - UI 재생성 생략
2026-08-21 10:06:36.948 [session=000416] [INFO] [MainThread] 호출벨용 용도 목록 로드 요청
2026-08-21 10:06:36.948 [session=000416] [INFO] [MainThread] 호출벨에 용도 목록 전달: 2개
2026-08-21 10:06:36.949 [session=000416] [INFO] [MainThread] 용도 목록 로드: 2개
2026-08-21 10:06:36.949 [session=000416] [INFO] [MainThread] 목적지 목록 로드: 5개
2026-08-21 10:06:36.950 [session=000416] [INFO] [MainThread] 호출벨 관리에 목적지 목록 전달: 5개
2026-08-21 10:06:36.952 [session=000416] [INFO] [MainThread] My IP : 192.168.104.212
2026-08-21 10:06:37.120 [session=000416] [INFO] [ThreadPoolExecutor-8_0] 순차 이동 설정 저장 완료: /home/dentium/robot_GUIs/app/config/sequential_move.json
2026-08-21 10:06:39.360 [session=000416] [INFO] [SSE-SSE_BATTERY_LOW_SHUTDOWN] [SSE_DIAG] connect attempt tag=SSE_BATTERY_LOW_SHUTDOWN, reconnect=80, url=http://localhost:8080/robot_ec2b/events/battery/low_shutdown
2026-08-21 10:06:39.388 [session=000416] [INFO] [SSE-SSE_BATTERY_LOW_SHUTDOWN] [SSE_DIAG] connected tag=SSE_BATTERY_LOW_SHUTDOWN, status=404, reason=Not Found, elapsed=0.03s, content_type=application/json, url=http://localhost:8080/robot_ec2b/events/battery/low_shutdown
2026-08-21 10:06:39.388 [session=000416] [ERROR] [SSE-SSE_BATTERY_LOW_SHUTDOWN] [SSE_DIAG] non-200 response tag=SSE_BATTERY_LOW_SHUTDOWN, status=404, reason=Not Found, url=http://localhost:8080/robot_ec2b/events/battery/low_shutdown
2026-08-21 10:06:39.390 [session=000416] [INFO] [SSE-SSE_BATTERY_LOW_SHUTDOWN] [SSE_DIAG] reconnect wait tag=SSE_BATTERY_LOW_SHUTDOWN, delay=10s, reconnect=81, reason=HTTP 404, url=http://localhost:8080/robot_ec2b/events/battery/low_shutdown
2026-08-21 10:06:39.394 [session=000416] [INFO] [MainThread] [MAIN_THREAD_HEARTBEAT] GUI main thread alive: thread=MainThread
2026-08-21 10:06:44.394 [session=000416] [INFO] [MainThread] [MAIN_THREAD_HEARTBEAT] GUI main thread alive: thread=MainThread
2026-08-21 10:06:46.895 [session=000416] [DEBUG] [RestApiThread] GetCallBellFromRESTAPI 요청 시작
2026-08-21 10:06:46.903 [session=000416] [DEBUG] [RestApiThread] _get_data: 요청 시작 - tag: REST_API_TAG.GET_CALLBELL, url: http://localhost:8080/robot_ec2b/callbell
2026-08-21 10:06:46.910 [session=000416] [DEBUG] [RestApiThread] _get_data: 요청 전송 완료 - tag: REST_API_TAG.GET_CALLBELL, timeout: 30000ms
2026-08-21 10:06:46.920 [session=000416] [INFO] [MainThread] model_manager set_destinations: unchanged (5 items) - emit skipped
2026-08-21 10:06:46.926 [session=000416] [INFO] [MainThread] 홈 위치 수신: (3.12, 1.10)
2026-08-21 10:06:46.927 [session=000416] [INFO] [MainThread] 홈 위치 표시 업데이트: (894.0, 100.9)
2026-08-21 10:06:46.931 [session=000416] [INFO] [MainThread]   홈 위치 서버 → 픽셀 좌표로 변환 및 UI 업데이트: (894.0, 100.9)
2026-08-21 10:06:46.933 [session=000416] [DEBUG] [RestApiThread] _handle_response 호출됨 - tag: REST_API_TAG.GET_CALLBELL, status_code: 200
2026-08-21 10:06:46.935 [session=000416] [INFO] [ThreadPoolExecutor-5_0] 호출벨 데이터 수신: 5개
2026-08-21 10:06:46.937 [session=000416] [INFO] [MainThread] 호출벨-목적지 동기화 완료: 5개 호출벨
2026-08-21 10:06:46.940 [session=000416] [INFO] [MainThread] 목적지 리스트 반환: destinations=[Destination(name='로비', goal_pose=Pose(x=4.241336459631034, y=-2.361104203714551, qw=0.5097087478206948, qz=0.8603470185890456), bell=Bells(treatment='', suction='64012cd7'), idx=0, color='#e53935'), Destination(name='수술실', goal_pose=Pose(x=4.5199271819089395, y=-3.9219605026851503, qw=0.14533446519134308, qz=-0.9893825818294691), bell=Bells(treatment='', suction='64132cd7'), idx=1, color='#e53935'), Destination(name='진료실', goal_pose=Pose(x=0.11980823444488001, y=-3.735511450600503, qw=0.9963649848510123, qz=0.0851869530083222), bell=Bells(treatment='', suction='64252cd7'), idx=2, color='#e53935'), Destination(name='창고', goal_pose=Pose(x=0.2834625688692579, y=-6.793061814598156, qw=0.5257961572167338, qz=0.850610604834031), bell=Bells(treatment='', suction='64372cd7'), idx=3, color='#e53935'), Destination(name='소독실', goal_pose=Pose(x=-3.4045695907217928, y=-7.611793760201744, qw=0.546869706461766, qz=0.8372177280459497), bell=Bells(treatment='', suction='64492cd7'), idx=4, color='#e53935')]
2026-08-21 10:06:46.940 [session=000416] [INFO] [MainThread] 호출벨 리스트 반환: callbells={'64012cd7': {'name': '호출벨 1', 'usage': 'suction', 'destination': '로비'}, '64132cd7': {'name': '호출벨 2', 'usage': 'suction', 'destination': '수술실'}, '64252cd7': {'name': '호출벨 3', 'usage': 'suction', 'destination': '진료실'}, '64372cd7': {'name': '호출벨 4', 'usage': 'suction', 'destination': '창고'}, '64492cd7': {'name': '호출벨 5', 'usage': 'suction', 'destination': '소독실'}}, robot_usages=['treatment', 'suction']
2026-08-21 10:06:46.940 [session=000416] [INFO] [MainThread] 호출벨 리스트 로드: 5개
2026-08-21 10:06:46.941 [session=000416] [INFO] [MainThread] 호출벨 목록 동일 - UI 재생성 생략
2026-08-21 10:06:46.941 [session=000416] [INFO] [MainThread] 호출벨용 용도 목록 로드 요청
2026-08-21 10:06:46.942 [session=000416] [INFO] [MainThread] 호출벨에 용도 목록 전달: 2개
2026-08-21 10:06:46.942 [session=000416] [INFO] [MainThread] 용도 목록 로드: 2개
2026-08-21 10:06:46.942 [session=000416] [INFO] [MainThread] 목적지 목록 로드: 5개
2026-08-21 10:06:46.944 [session=000416] [INFO] [MainThread] 호출벨 관리에 목적지 목록 전달: 5개
2026-08-21 10:06:46.946 [session=000416] [INFO] [MainThread] My IP : 192.168.104.212
2026-08-21 10:06:47.120 [session=000416] [INFO] [ThreadPoolExecutor-8_0] 순차 이동 설정 저장 완료: /home/dentium/robot_GUIs/app/config/sequential_move.json
2026-08-21 10:06:49.391 [session=000416] [INFO] [SSE-SSE_BATTERY_LOW_SHUTDOWN] [SSE_DIAG] connect attempt tag=SSE_BATTERY_LOW_SHUTDOWN, reconnect=81, url=http://localhost:8080/robot_ec2b/events/battery/low_shutdown
2026-08-21 10:06:49.397 [session=000416] [INFO] [MainThread] [MAIN_THREAD_HEARTBEAT] GUI main thread alive: thread=MainThread
2026-08-21 10:06:49.416 [session=000416] [INFO] [SSE-SSE_BATTERY_LOW_SHUTDOWN] [SSE_DIAG] connected tag=SSE_BATTERY_LOW_SHUTDOWN, status=404, reason=Not Found, elapsed=0.03s, content_type=application/json, url=http://localhost:8080/robot_ec2b/events/battery/low_shutdown
2026-08-21 10:06:49.417 [session=000416] [ERROR] [SSE-SSE_BATTERY_LOW_SHUTDOWN] [SSE_DIAG] non-200 response tag=SSE_BATTERY_LOW_SHUTDOWN, status=404, reason=Not Found, url=http://localhost:8080/robot_ec2b/events/battery/low_shutdown
2026-08-21 10:06:49.418 [session=000416] [INFO] [SSE-SSE_BATTERY_LOW_SHUTDOWN] [SSE_DIAG] reconnect wait tag=SSE_BATTERY_LOW_SHUTDOWN, delay=10s, reconnect=82, reason=HTTP 404, url=http://localhost:8080/robot_ec2b/events/battery/low_shutdown
2026-08-21 10:06:54.393 [session=000416] [INFO] [MainThread] [MAIN_THREAD_HEARTBEAT] GUI main thread alive: thread=MainThread
2026-08-21 10:06:56.897 [session=000416] [DEBUG] [RestApiThread] GetCallBellFromRESTAPI 요청 시작
2026-08-21 10:06:56.904 [session=000416] [DEBUG] [RestApiThread] _get_data: 요청 시작 - tag: REST_API_TAG.GET_CALLBELL, url: http://localhost:8080/robot_ec2b/callbell
2026-08-21 10:06:56.908 [session=000416] [DEBUG] [RestApiThread] _get_data: 요청 전송 완료 - tag: REST_API_TAG.GET_CALLBELL, timeout: 30000ms
2026-08-21 10:06:56.919 [session=000416] [INFO] [MainThread] model_manager set_destinations: unchanged (5 items) - emit skipped
2026-08-21 10:06:56.921 [session=000416] [DEBUG] [RestApiThread] _handle_response 호출됨 - tag: REST_API_TAG.GET_CALLBELL, status_code: 200
2026-08-21 10:06:56.923 [session=000416] [INFO] [MainThread] 홈 위치 수신: (3.12, 1.10)
2026-08-21 10:06:56.924 [session=000416] [INFO] [ThreadPoolExecutor-5_1] 호출벨 데이터 수신: 5개
2026-08-21 10:06:56.926 [session=000416] [INFO] [MainThread] 홈 위치 표시 업데이트: (894.0, 100.9)
2026-08-21 10:06:56.933 [session=000416] [INFO] [MainThread]   홈 위치 서버 → 픽셀 좌표로 변환 및 UI 업데이트: (894.0, 100.9)
2026-08-21 10:06:56.935 [session=000416] [INFO] [MainThread] My IP : 192.168.104.212
2026-08-21 10:06:56.940 [session=000416] [INFO] [MainThread] 호출벨-목적지 동기화 완료: 5개 호출벨
2026-08-21 10:06:56.940 [session=000416] [INFO] [MainThread] 목적지 리스트 반환: destinations=[Destination(name='로비', goal_pose=Pose(x=4.241336459631034, y=-2.361104203714551, qw=0.5097087478206948, qz=0.8603470185890456), bell=Bells(treatment='', suction='64012cd7'), idx=0, color='#e53935'), Destination(name='수술실', goal_pose=Pose(x=4.5199271819089395, y=-3.9219605026851503, qw=0.14533446519134308, qz=-0.9893825818294691), bell=Bells(treatment='', suction='64132cd7'), idx=1, color='#e53935'), Destination(name='진료실', goal_pose=Pose(x=0.11980823444488001, y=-3.735511450600503, qw=0.9963649848510123, qz=0.0851869530083222), bell=Bells(treatment='', suction='64252cd7'), idx=2, color='#e53935'), Destination(name='창고', goal_pose=Pose(x=0.2834625688692579, y=-6.793061814598156, qw=0.5257961572167338, qz=0.850610604834031), bell=Bells(treatment='', suction='64372cd7'), idx=3, color='#e53935'), Destination(name='소독실', goal_pose=Pose(x=-3.4045695907217928, y=-7.611793760201744, qw=0.546869706461766, qz=0.8372177280459497), bell=Bells(treatment='', suction='64492cd7'), idx=4, color='#e53935')]
2026-08-21 10:06:56.941 [session=000416] [INFO] [MainThread] 호출벨 리스트 반환: callbells={'64012cd7': {'name': '호출벨 1', 'usage': 'suction', 'destination': '로비'}, '64132cd7': {'name': '호출벨 2', 'usage': 'suction', 'destination': '수술실'}, '64252cd7': {'name': '호출벨 3', 'usage': 'suction', 'destination': '진료실'}, '64372cd7': {'name': '호출벨 4', 'usage': 'suction', 'destination': '창고'}, '64492cd7': {'name': '호출벨 5', 'usage': 'suction', 'destination': '소독실'}}, robot_usages=['treatment', 'suction']
2026-08-21 10:06:56.941 [session=000416] [INFO] [MainThread] 호출벨 리스트 로드: 5개
2026-08-21 10:06:56.941 [session=000416] [INFO] [MainThread] 호출벨 목록 동일 - UI 재생성 생략
2026-08-21 10:06:56.941 [session=000416] [INFO] [MainThread] 호출벨용 용도 목록 로드 요청
2026-08-21 10:06:56.942 [session=000416] [INFO] [MainThread] 호출벨에 용도 목록 전달: 2개
2026-08-21 10:06:56.942 [session=000416] [INFO] [MainThread] 용도 목록 로드: 2개
2026-08-21 10:06:56.943 [session=000416] [INFO] [MainThread] 목적지 목록 로드: 5개
2026-08-21 10:06:56.943 [session=000416] [INFO] [MainThread] 호출벨 관리에 목적지 목록 전달: 5개
2026-08-21 10:06:57.121 [session=000416] [INFO] [ThreadPoolExecutor-8_0] 순차 이동 설정 저장 완료: /home/dentium/robot_GUIs/app/config/sequential_move.json
2026-08-21 10:06:59.394 [session=000416] [INFO] [MainThread] [MAIN_THREAD_HEARTBEAT] GUI main thread alive: thread=MainThread
2026-08-21 10:06:59.419 [session=000416] [INFO] [SSE-SSE_BATTERY_LOW_SHUTDOWN] [SSE_DIAG] connect attempt tag=SSE_BATTERY_LOW_SHUTDOWN, reconnect=82, url=http://localhost:8080/robot_ec2b/events/battery/low_shutdown
2026-08-21 10:06:59.438 [session=000416] [INFO] [SSE-SSE_BATTERY_LOW_SHUTDOWN] [SSE_DIAG] connected tag=SSE_BATTERY_LOW_SHUTDOWN, status=404, reason=Not Found, elapsed=0.02s, content_type=application/json, url=http://localhost:8080/robot_ec2b/events/battery/low_shutdown
2026-08-21 10:06:59.438 [session=000416] [ERROR] [SSE-SSE_BATTERY_LOW_SHUTDOWN] [SSE_DIAG] non-200 response tag=SSE_BATTERY_LOW_SHUTDOWN, status=404, reason=Not Found, url=http://localhost:8080/robot_ec2b/events/battery/low_shutdown
2026-08-21 10:06:59.443 [session=000416] [INFO] [SSE-SSE_BATTERY_LOW_SHUTDOWN] [SSE_DIAG] reconnect wait tag=SSE_BATTERY_LOW_SHUTDOWN, delay=10s, reconnect=83, reason=HTTP 404, url=http://localhost:8080/robot_ec2b/events/battery/low_shutdown
2026-08-21 10:07:04.393 [session=000416] [INFO] [MainThread] [MAIN_THREAD_HEARTBEAT] GUI main thread alive: thread=MainThread
2026-08-21 10:07:06.896 [session=000416] [DEBUG] [RestApiThread] GetCallBellFromRESTAPI 요청 시작
2026-08-21 10:07:06.902 [session=000416] [DEBUG] [RestApiThread] _get_data: 요청 시작 - tag: REST_API_TAG.GET_CALLBELL, url: http://localhost:8080/robot_ec2b/callbell
2026-08-21 10:07:06.906 [session=000416] [DEBUG] [RestApiThread] _get_data: 요청 전송 완료 - tag: REST_API_TAG.GET_CALLBELL, timeout: 30000ms
2026-08-21 10:07:06.910 [session=000416] [INFO] [MainThread] model_manager set_destinations: unchanged (5 items) - emit skipped
2026-08-21 10:07:06.918 [session=000416] [INFO] [MainThread] 홈 위치 수신: (3.12, 1.10)
2026-08-21 10:07:06.919 [session=000416] [INFO] [MainThread] 홈 위치 표시 업데이트: (894.0, 100.9)
2026-08-21 10:07:06.923 [session=000416] [INFO] [MainThread]   홈 위치 서버 → 픽셀 좌표로 변환 및 UI 업데이트: (894.0, 100.9)
2026-08-21 10:07:06.934 [session=000416] [DEBUG] [RestApiThread] _handle_response 호출됨 - tag: REST_API_TAG.GET_CALLBELL, status_code: 200
2026-08-21 10:07:06.936 [session=000416] [INFO] [ThreadPoolExecutor-5_2] 호출벨 데이터 수신: 5개
2026-08-21 10:07:06.937 [session=000416] [INFO] [MainThread] 호출벨-목적지 동기화 완료: 5개 호출벨
2026-08-21 10:07:06.938 [session=000416] [INFO] [MainThread] 목적지 리스트 반환: destinations=[Destination(name='로비', goal_pose=Pose(x=4.241336459631034, y=-2.361104203714551, qw=0.5097087478206948, qz=0.8603470185890456), bell=Bells(treatment='', suction='64012cd7'), idx=0, color='#e53935'), Destination(name='수술실', goal_pose=Pose(x=4.5199271819089395, y=-3.9219605026851503, qw=0.14533446519134308, qz=-0.9893825818294691), bell=Bells(treatment='', suction='64132cd7'), idx=1, color='#e53935'), Destination(name='진료실', goal_pose=Pose(x=0.11980823444488001, y=-3.735511450600503, qw=0.9963649848510123, qz=0.0851869530083222), bell=Bells(treatment='', suction='64252cd7'), idx=2, color='#e53935'), Destination(name='창고', goal_pose=Pose(x=0.2834625688692579, y=-6.793061814598156, qw=0.5257961572167338, qz=0.850610604834031), bell=Bells(treatment='', suction='64372cd7'), idx=3, color='#e53935'), Destination(name='소독실', goal_pose=Pose(x=-3.4045695907217928, y=-7.611793760201744, qw=0.546869706461766, qz=0.8372177280459497), bell=Bells(treatment='', suction='64492cd7'), idx=4, color='#e53935')]
2026-08-21 10:07:06.941 [session=000416] [INFO] [MainThread] 호출벨 리스트 반환: callbells={'64012cd7': {'name': '호출벨 1', 'usage': 'suction', 'destination': '로비'}, '64132cd7': {'name': '호출벨 2', 'usage': 'suction', 'destination': '수술실'}, '64252cd7': {'name': '호출벨 3', 'usage': 'suction', 'destination': '진료실'}, '64372cd7': {'name': '호출벨 4', 'usage': 'suction', 'destination': '창고'}, '64492cd7': {'name': '호출벨 5', 'usage': 'suction', 'destination': '소독실'}}, robot_usages=['treatment', 'suction']
2026-08-21 10:07:06.941 [session=000416] [INFO] [MainThread] 호출벨 리스트 로드: 5개
2026-08-21 10:07:06.942 [session=000416] [INFO] [MainThread] 호출벨 목록 동일 - UI 재생성 생략
2026-08-21 10:07:06.942 [session=000416] [INFO] [MainThread] 호출벨용 용도 목록 로드 요청
2026-08-21 10:07:06.943 [session=000416] [INFO] [MainThread] 호출벨에 용도 목록 전달: 2개
2026-08-21 10:07:06.944 [session=000416] [INFO] [MainThread] 용도 목록 로드: 2개
2026-08-21 10:07:06.944 [session=000416] [INFO] [MainThread] 목적지 목록 로드: 5개
2026-08-21 10:07:06.944 [session=000416] [INFO] [MainThread] 호출벨 관리에 목적지 목록 전달: 5개
2026-08-21 10:07:06.945 [session=000416] [INFO] [MainThread] My IP : 192.168.104.212
2026-08-21 10:07:06.951 [session=000416] [INFO] [browser-music-sync_0] [BROWSER_MUSIC_SYNC] event=catalog_fetch_started master_base_url=http://127.0.0.1:5051
2026-08-21 10:07:07.118 [session=000416] [INFO] [ThreadPoolExecutor-8_0] 순차 이동 설정 저장 완료: /home/dentium/robot_GUIs/app/config/sequential_move.json
2026-08-21 10:07:07.134 [session=000416] [INFO] [browser-music-sync_0] [BROWSER_MUSIC_SYNC] event=catalog_fetch_succeeded master_base_url=http://127.0.0.1:5051 item_count=3
2026-08-21 10:07:07.141 [session=000416] [INFO] [RestApiThread] [REST API] 배경 음악 GET 전송: operation=selection_get, url=http://127.0.0.1:5051/api/voice-event-settings/background-music?robot_id=robot_ec2b
2026-08-21 10:07:07.142 [session=000416] [INFO] [RestApiThread] [REST API] 배경 음악 GET 전송: operation=resolved_get, url=http://127.0.0.1:5051/api/voice-event-settings/resolved?robot_id=robot_ec2b
2026-08-21 10:07:07.161 [session=000416] [DEBUG] [RestApiThread] _handle_response 호출됨 - tag: REST_API_TAG.GET_BACKGROUND_MUSIC_SETTING, status_code: 200
2026-08-21 10:07:07.179 [session=000416] [DEBUG] [RestApiThread] _handle_response 호출됨 - tag: REST_API_TAG.GET_RESOLVED_BACKGROUND_MUSIC, status_code: 200
2026-08-21 10:07:09.394 [session=000416] [INFO] [MainThread] [MAIN_THREAD_HEARTBEAT] GUI main thread alive: thread=MainThread
2026-08-21 10:07:09.444 [session=000416] [INFO] [SSE-SSE_BATTERY_LOW_SHUTDOWN] [SSE_DIAG] connect attempt tag=SSE_BATTERY_LOW_SHUTDOWN, reconnect=83, url=http://localhost:8080/robot_ec2b/events/battery/low_shutdown
2026-08-21 10:07:09.456 [session=000416] [INFO] [SSE-SSE_BATTERY_LOW_SHUTDOWN] [SSE_DIAG] connected tag=SSE_BATTERY_LOW_SHUTDOWN, status=404, reason=Not Found, elapsed=0.01s, content_type=application/json, url=http://localhost:8080/robot_ec2b/events/battery/low_shutdown
2026-08-21 10:07:09.458 [session=000416] [ERROR] [SSE-SSE_BATTERY_LOW_SHUTDOWN] [SSE_DIAG] non-200 response tag=SSE_BATTERY_LOW_SHUTDOWN, status=404, reason=Not Found, url=http://localhost:8080/robot_ec2b/events/battery/low_shutdown
2026-08-21 10:07:09.459 [session=000416] [INFO] [SSE-SSE_BATTERY_LOW_SHUTDOWN] [SSE_DIAG] reconnect wait tag=SSE_BATTERY_LOW_SHUTDOWN, delay=10s, reconnect=84, reason=HTTP 404, url=http://localhost:8080/robot_ec2b/events/battery/low_shutdown
2026-08-21 10:07:14.394 [session=000416] [INFO] [MainThread] [MAIN_THREAD_HEARTBEAT] GUI main thread alive: thread=MainThread
2026-08-21 10:07:16.902 [session=000416] [DEBUG] [RestApiThread] GetCallBellFromRESTAPI 요청 시작
2026-08-21 10:07:16.905 [session=000416] [DEBUG] [RestApiThread] _get_data: 요청 시작 - tag: REST_API_TAG.GET_CALLBELL, url: http://localhost:8080/robot_ec2b/callbell
2026-08-21 10:07:16.906 [session=000416] [DEBUG] [RestApiThread] _get_data: 요청 전송 완료 - tag: REST_API_TAG.GET_CALLBELL, timeout: 30000ms
2026-08-21 10:07:16.919 [session=000416] [INFO] [MainThread] model_manager set_destinations: unchanged (5 items) - emit skipped
2026-08-21 10:07:16.920 [session=000416] [DEBUG] [RestApiThread] _handle_response 호출됨 - tag: REST_API_TAG.GET_CALLBELL, status_code: 200
2026-08-21 10:07:16.922 [session=000416] [INFO] [ThreadPoolExecutor-5_0] 호출벨 데이터 수신: 5개
2026-08-21 10:07:16.924 [session=000416] [INFO] [MainThread] 호출벨-목적지 동기화 완료: 5개 호출벨
2026-08-21 10:07:16.924 [session=000416] [INFO] [MainThread] 목적지 리스트 반환: destinations=[Destination(name='로비', goal_pose=Pose(x=4.241336459631034, y=-2.361104203714551, qw=0.5097087478206948, qz=0.8603470185890456), bell=Bells(treatment='', suction='64012cd7'), idx=0, color='#e53935'), Destination(name='수술실', goal_pose=Pose(x=4.5199271819089395, y=-3.9219605026851503, qw=0.14533446519134308, qz=-0.9893825818294691), bell=Bells(treatment='', suction='64132cd7'), idx=1, color='#e53935'), Destination(name='진료실', goal_pose=Pose(x=0.11980823444488001, y=-3.735511450600503, qw=0.9963649848510123, qz=0.0851869530083222), bell=Bells(treatment='', suction='64252cd7'), idx=2, color='#e53935'), Destination(name='창고', goal_pose=Pose(x=0.2834625688692579, y=-6.793061814598156, qw=0.5257961572167338, qz=0.850610604834031), bell=Bells(treatment='', suction='64372cd7'), idx=3, color='#e53935'), Destination(name='소독실', goal_pose=Pose(x=-3.4045695907217928, y=-7.611793760201744, qw=0.546869706461766, qz=0.8372177280459497), bell=Bells(treatment='', suction='64492cd7'), idx=4, color='#e53935')]
2026-08-21 10:07:16.925 [session=000416] [INFO] [MainThread] 호출벨 리스트 반환: callbells={'64012cd7': {'name': '호출벨 1', 'usage': 'suction', 'destination': '로비'}, '64132cd7': {'name': '호출벨 2', 'usage': 'suction', 'destination': '수술실'}, '64252cd7': {'name': '호출벨 3', 'usage': 'suction', 'destination': '진료실'}, '64372cd7': {'name': '호출벨 4', 'usage': 'suction', 'destination': '창고'}, '64492cd7': {'name': '호출벨 5', 'usage': 'suction', 'destination': '소독실'}}, robot_usages=['treatment', 'suction']
2026-08-21 10:07:16.926 [session=000416] [INFO] [MainThread] 호출벨 리스트 로드: 5개
2026-08-21 10:07:16.926 [session=000416] [INFO] [RestApiThread] _handle_response (CYCLIC 정상) - tag: REST_API_TAG.GET_HOME_POSE, status: 200, pending→1
2026-08-21 10:07:16.927 [session=000416] [INFO] [MainThread] 호출벨 목록 동일 - UI 재생성 생략
2026-08-21 10:07:16.928 [session=000416] [INFO] [MainThread] 호출벨용 용도 목록 로드 요청
2026-08-21 10:07:16.928 [session=000416] [INFO] [MainThread] 호출벨에 용도 목록 전달: 2개
2026-08-21 10:07:16.928 [session=000416] [INFO] [MainThread] 용도 목록 로드: 2개
2026-08-21 10:07:16.929 [session=000416] [INFO] [MainThread] 목적지 목록 로드: 5개
2026-08-21 10:07:16.929 [session=000416] [INFO] [MainThread] 호출벨 관리에 목적지 목록 전달: 5개
2026-08-21 10:07:16.930 [session=000416] [INFO] [MainThread] 홈 위치 수신: (3.12, 1.10)
2026-08-21 10:07:16.930 [session=000416] [INFO] [MainThread] 홈 위치 표시 업데이트: (894.0, 100.9)
2026-08-21 10:07:16.932 [session=000416] [INFO] [MainThread]   홈 위치 서버 → 픽셀 좌표로 변환 및 UI 업데이트: (894.0, 100.9)
2026-08-21 10:07:16.941 [session=000416] [INFO] [MainThread] My IP : 192.168.104.212
2026-08-21 10:07:17.121 [session=000416] [INFO] [ThreadPoolExecutor-8_0] 순차 이동 설정 저장 완료: /home/dentium/robot_GUIs/app/config/sequential_move.json
2026-08-21 10:07:19.394 [session=000416] [INFO] [MainThread] [MAIN_THREAD_HEARTBEAT] GUI main thread alive: thread=MainThread
2026-08-21 10:07:19.461 [session=000416] [INFO] [SSE-SSE_BATTERY_LOW_SHUTDOWN] [SSE_DIAG] connect attempt tag=SSE_BATTERY_LOW_SHUTDOWN, reconnect=84, url=http://localhost:8080/robot_ec2b/events/battery/low_shutdown
2026-08-21 10:07:19.473 [session=000416] [INFO] [SSE-SSE_BATTERY_LOW_SHUTDOWN] [SSE_DIAG] connected tag=SSE_BATTERY_LOW_SHUTDOWN, status=404, reason=Not Found, elapsed=0.01s, content_type=application/json, url=http://localhost:8080/robot_ec2b/events/battery/low_shutdown
2026-08-21 10:07:19.474 [session=000416] [ERROR] [SSE-SSE_BATTERY_LOW_SHUTDOWN] [SSE_DIAG] non-200 response tag=SSE_BATTERY_LOW_SHUTDOWN, status=404, reason=Not Found, url=http://localhost:8080/robot_ec2b/events/battery/low_shutdown
2026-08-21 10:07:19.476 [session=000416] [INFO] [SSE-SSE_BATTERY_LOW_SHUTDOWN] [SSE_DIAG] reconnect wait tag=SSE_BATTERY_LOW_SHUTDOWN, delay=10s, reconnect=85, reason=HTTP 404, url=http://localhost:8080/robot_ec2b/events/battery/low_shutdown
2026-08-21 10:07:24.394 [session=000416] [INFO] [MainThread] [MAIN_THREAD_HEARTBEAT] GUI main thread alive: thread=MainThread
2026-08-21 10:07:26.904 [session=000416] [DEBUG] [RestApiThread] GetCallBellFromRESTAPI 요청 시작
2026-08-21 10:07:26.906 [session=000416] [DEBUG] [RestApiThread] _get_data: 요청 시작 - tag: REST_API_TAG.GET_CALLBELL, url: http://localhost:8080/robot_ec2b/callbell
2026-08-21 10:07:26.909 [session=000416] [DEBUG] [RestApiThread] _get_data: 요청 전송 완료 - tag: REST_API_TAG.GET_CALLBELL, timeout: 30000ms
2026-08-21 10:07:26.912 [session=000416] [INFO] [MainThread] model_manager set_destinations: unchanged (5 items) - emit skipped
2026-08-21 10:07:26.928 [session=000416] [INFO] [MainThread] 홈 위치 수신: (3.12, 1.10)
2026-08-21 10:07:26.929 [session=000416] [INFO] [MainThread] 홈 위치 표시 업데이트: (894.0, 100.9)
2026-08-21 10:07:26.932 [session=000416] [INFO] [MainThread]   홈 위치 서버 → 픽셀 좌표로 변환 및 UI 업데이트: (894.0, 100.9)
2026-08-21 10:07:26.935 [session=000416] [DEBUG] [RestApiThread] _handle_response 호출됨 - tag: REST_API_TAG.GET_CALLBELL, status_code: 200
2026-08-21 10:07:26.936 [session=000416] [INFO] [ThreadPoolExecutor-5_0] 호출벨 데이터 수신: 5개
2026-08-21 10:07:26.940 [session=000416] [INFO] [MainThread] 호출벨-목적지 동기화 완료: 5개 호출벨
2026-08-21 10:07:26.940 [session=000416] [INFO] [MainThread] 목적지 리스트 반환: destinations=[Destination(name='로비', goal_pose=Pose(x=4.241336459631034, y=-2.361104203714551, qw=0.5097087478206948, qz=0.8603470185890456), bell=Bells(treatment='', suction='64012cd7'), idx=0, color='#e53935'), Destination(name='수술실', goal_pose=Pose(x=4.5199271819089395, y=-3.9219605026851503, qw=0.14533446519134308, qz=-0.9893825818294691), bell=Bells(treatment='', suction='64132cd7'), idx=1, color='#e53935'), Destination(name='진료실', goal_pose=Pose(x=0.11980823444488001, y=-3.735511450600503, qw=0.9963649848510123, qz=0.0851869530083222), bell=Bells(treatment='', suction='64252cd7'), idx=2, color='#e53935'), Destination(name='창고', goal_pose=Pose(x=0.2834625688692579, y=-6.793061814598156, qw=0.5257961572167338, qz=0.850610604834031), bell=Bells(treatment='', suction='64372cd7'), idx=3, color='#e53935'), Destination(name='소독실', goal_pose=Pose(x=-3.4045695907217928, y=-7.611793760201744, qw=0.546869706461766, qz=0.8372177280459497), bell=Bells(treatment='', suction='64492cd7'), idx=4, color='#e53935')]
2026-08-21 10:07:26.941 [session=000416] [INFO] [MainThread] 호출벨 리스트 반환: callbells={'64012cd7': {'name': '호출벨 1', 'usage': 'suction', 'destination': '로비'}, '64132cd7': {'name': '호출벨 2', 'usage': 'suction', 'destination': '수술실'}, '64252cd7': {'name': '호출벨 3', 'usage': 'suction', 'destination': '진료실'}, '64372cd7': {'name': '호출벨 4', 'usage': 'suction', 'destination': '창고'}, '64492cd7': {'name': '호출벨 5', 'usage': 'suction', 'destination': '소독실'}}, robot_usages=['treatment', 'suction']
2026-08-21 10:07:26.941 [session=000416] [INFO] [MainThread] 호출벨 리스트 로드: 5개
2026-08-21 10:07:26.942 [session=000416] [INFO] [MainThread] 호출벨 목록 동일 - UI 재생성 생략
2026-08-21 10:07:26.942 [session=000416] [INFO] [MainThread] 호출벨용 용도 목록 로드 요청
2026-08-21 10:07:26.942 [session=000416] [INFO] [MainThread] 호출벨에 용도 목록 전달: 2개
2026-08-21 10:07:26.942 [session=000416] [INFO] [MainThread] 용도 목록 로드: 2개
2026-08-21 10:07:26.943 [session=000416] [INFO] [MainThread] 목적지 목록 로드: 5개
2026-08-21 10:07:26.943 [session=000416] [INFO] [MainThread] 호출벨 관리에 목적지 목록 전달: 5개
2026-08-21 10:07:26.944 [session=000416] [INFO] [MainThread] My IP : 192.168.104.212
2026-08-21 10:07:27.120 [session=000416] [INFO] [ThreadPoolExecutor-8_0] 순차 이동 설정 저장 완료: /home/dentium/robot_GUIs/app/config/sequential_move.json
2026-08-21 10:07:29.394 [session=000416] [INFO] [MainThread] [MAIN_THREAD_HEARTBEAT] GUI main thread alive: thread=MainThread
2026-08-21 10:07:29.477 [session=000416] [INFO] [SSE-SSE_BATTERY_LOW_SHUTDOWN] [SSE_DIAG] connect attempt tag=SSE_BATTERY_LOW_SHUTDOWN, reconnect=85, url=http://localhost:8080/robot_ec2b/events/battery/low_shutdown
2026-08-21 10:07:29.485 [session=000416] [INFO] [SSE-SSE_BATTERY_LOW_SHUTDOWN] [SSE_DIAG] connected tag=SSE_BATTERY_LOW_SHUTDOWN, status=404, reason=Not Found, elapsed=0.01s, content_type=application/json, url=http://localhost:8080/robot_ec2b/events/battery/low_shutdown
2026-08-21 10:07:29.486 [session=000416] [ERROR] [SSE-SSE_BATTERY_LOW_SHUTDOWN] [SSE_DIAG] non-200 response tag=SSE_BATTERY_LOW_SHUTDOWN, status=404, reason=Not Found, url=http://localhost:8080/robot_ec2b/events/battery/low_shutdown
2026-08-21 10:07:29.489 [session=000416] [INFO] [SSE-SSE_BATTERY_LOW_SHUTDOWN] [SSE_DIAG] reconnect wait tag=SSE_BATTERY_LOW_SHUTDOWN, delay=10s, reconnect=86, reason=HTTP 404, url=http://localhost:8080/robot_ec2b/events/battery/low_shutdown
2026-08-21 10:07:34.394 [session=000416] [INFO] [MainThread] [MAIN_THREAD_HEARTBEAT] GUI main thread alive: thread=MainThread
2026-08-21 10:07:36.908 [session=000416] [DEBUG] [RestApiThread] GetCallBellFromRESTAPI 요청 시작
2026-08-21 10:07:36.911 [session=000416] [DEBUG] [RestApiThread] _get_data: 요청 시작 - tag: REST_API_TAG.GET_CALLBELL, url: http://localhost:8080/robot_ec2b/callbell
2026-08-21 10:07:36.912 [session=000416] [DEBUG] [RestApiThread] _get_data: 요청 전송 완료 - tag: REST_API_TAG.GET_CALLBELL, timeout: 30000ms
2026-08-21 10:07:36.915 [session=000416] [INFO] [MainThread] model_manager set_destinations: unchanged (5 items) - emit skipped
2026-08-21 10:07:36.916 [session=000416] [INFO] [MainThread] 홈 위치 수신: (3.12, 1.10)
2026-08-21 10:07:36.917 [session=000416] [INFO] [MainThread] 홈 위치 표시 업데이트: (894.0, 100.9)
2026-08-21 10:07:36.921 [session=000416] [DEBUG] [RestApiThread] _handle_response 호출됨 - tag: REST_API_TAG.GET_CALLBELL, status_code: 200
2026-08-21 10:07:36.923 [session=000416] [INFO] [ThreadPoolExecutor-5_0] 호출벨 데이터 수신: 5개
2026-08-21 10:07:36.927 [session=000416] [INFO] [MainThread]   홈 위치 서버 → 픽셀 좌표로 변환 및 UI 업데이트: (894.0, 100.9)
2026-08-21 10:07:36.930 [session=000416] [INFO] [MainThread] 호출벨-목적지 동기화 완료: 5개 호출벨
2026-08-21 10:07:36.931 [session=000416] [INFO] [MainThread] 목적지 리스트 반환: destinations=[Destination(name='로비', goal_pose=Pose(x=4.241336459631034, y=-2.361104203714551, qw=0.5097087478206948, qz=0.8603470185890456), bell=Bells(treatment='', suction='64012cd7'), idx=0, color='#e53935'), Destination(name='수술실', goal_pose=Pose(x=4.5199271819089395, y=-3.9219605026851503, qw=0.14533446519134308, qz=-0.9893825818294691), bell=Bells(treatment='', suction='64132cd7'), idx=1, color='#e53935'), Destination(name='진료실', goal_pose=Pose(x=0.11980823444488001, y=-3.735511450600503, qw=0.9963649848510123, qz=0.0851869530083222), bell=Bells(treatment='', suction='64252cd7'), idx=2, color='#e53935'), Destination(name='창고', goal_pose=Pose(x=0.2834625688692579, y=-6.793061814598156, qw=0.5257961572167338, qz=0.850610604834031), bell=Bells(treatment='', suction='64372cd7'), idx=3, color='#e53935'), Destination(name='소독실', goal_pose=Pose(x=-3.4045695907217928, y=-7.611793760201744, qw=0.546869706461766, qz=0.8372177280459497), bell=Bells(treatment='', suction='64492cd7'), idx=4, color='#e53935')]
2026-08-21 10:07:36.931 [session=000416] [INFO] [MainThread] 호출벨 리스트 반환: callbells={'64012cd7': {'name': '호출벨 1', 'usage': 'suction', 'destination': '로비'}, '64132cd7': {'name': '호출벨 2', 'usage': 'suction', 'destination': '수술실'}, '64252cd7': {'name': '호출벨 3', 'usage': 'suction', 'destination': '진료실'}, '64372cd7': {'name': '호출벨 4', 'usage': 'suction', 'destination': '창고'}, '64492cd7': {'name': '호출벨 5', 'usage': 'suction', 'destination': '소독실'}}, robot_usages=['treatment', 'suction']
2026-08-21 10:07:36.931 [session=000416] [INFO] [MainThread] 호출벨 리스트 로드: 5개
2026-08-21 10:07:36.931 [session=000416] [INFO] [MainThread] 호출벨 목록 동일 - UI 재생성 생략
2026-08-21 10:07:36.932 [session=000416] [INFO] [MainThread] 호출벨용 용도 목록 로드 요청
2026-08-21 10:07:36.932 [session=000416] [INFO] [MainThread] 호출벨에 용도 목록 전달: 2개
2026-08-21 10:07:36.932 [session=000416] [INFO] [MainThread] 용도 목록 로드: 2개
2026-08-21 10:07:36.932 [session=000416] [INFO] [MainThread] 목적지 목록 로드: 5개
2026-08-21 10:07:36.932 [session=000416] [INFO] [MainThread] 호출벨 관리에 목적지 목록 전달: 5개
2026-08-21 10:07:36.933 [session=000416] [INFO] [MainThread] My IP : 192.168.104.212
2026-08-21 10:07:37.120 [session=000416] [INFO] [ThreadPoolExecutor-8_0] 순차 이동 설정 저장 완료: /home/dentium/robot_GUIs/app/config/sequential_move.json
2026-08-21 10:07:39.393 [session=000416] [INFO] [MainThread] [MAIN_THREAD_HEARTBEAT] GUI main thread alive: thread=MainThread
2026-08-21 10:07:39.495 [session=000416] [INFO] [SSE-SSE_BATTERY_LOW_SHUTDOWN] [SSE_DIAG] connect attempt tag=SSE_BATTERY_LOW_SHUTDOWN, reconnect=86, url=http://localhost:8080/robot_ec2b/events/battery/low_shutdown
2026-08-21 10:07:39.509 [session=000416] [INFO] [SSE-SSE_BATTERY_LOW_SHUTDOWN] [SSE_DIAG] connected tag=SSE_BATTERY_LOW_SHUTDOWN, status=404, reason=Not Found, elapsed=0.01s, content_type=application/json, url=http://localhost:8080/robot_ec2b/events/battery/low_shutdown
2026-08-21 10:07:39.510 [session=000416] [ERROR] [SSE-SSE_BATTERY_LOW_SHUTDOWN] [SSE_DIAG] non-200 response tag=SSE_BATTERY_LOW_SHUTDOWN, status=404, reason=Not Found, url=http://localhost:8080/robot_ec2b/events/battery/low_shutdown
2026-08-21 10:07:39.512 [session=000416] [INFO] [SSE-SSE_BATTERY_LOW_SHUTDOWN] [SSE_DIAG] reconnect wait tag=SSE_BATTERY_LOW_SHUTDOWN, delay=10s, reconnect=87, reason=HTTP 404, url=http://localhost:8080/robot_ec2b/events/battery/low_shutdown
2026-08-21 10:07:44.394 [session=000416] [INFO] [MainThread] [MAIN_THREAD_HEARTBEAT] GUI main thread alive: thread=MainThread
2026-08-21 10:07:46.899 [session=000416] [DEBUG] [RestApiThread] GetCallBellFromRESTAPI 요청 시작
2026-08-21 10:07:46.907 [session=000416] [DEBUG] [RestApiThread] _get_data: 요청 시작 - tag: REST_API_TAG.GET_CALLBELL, url: http://localhost:8080/robot_ec2b/callbell
2026-08-21 10:07:46.910 [session=000416] [DEBUG] [RestApiThread] _get_data: 요청 전송 완료 - tag: REST_API_TAG.GET_CALLBELL, timeout: 30000ms
2026-08-21 10:07:46.928 [session=000416] [INFO] [MainThread] model_manager set_destinations: unchanged (5 items) - emit skipped
2026-08-21 10:07:46.932 [session=000416] [INFO] [MainThread] 홈 위치 수신: (3.12, 1.10)
2026-08-21 10:07:46.933 [session=000416] [INFO] [MainThread] 홈 위치 표시 업데이트: (894.0, 100.9)
2026-08-21 10:07:46.936 [session=000416] [DEBUG] [RestApiThread] _handle_response 호출됨 - tag: REST_API_TAG.GET_CALLBELL, status_code: 200
2026-08-21 10:07:46.937 [session=000416] [INFO] [ThreadPoolExecutor-5_1] 호출벨 데이터 수신: 5개
2026-08-21 10:07:46.938 [session=000416] [INFO] [MainThread]   홈 위치 서버 → 픽셀 좌표로 변환 및 UI 업데이트: (894.0, 100.9)
2026-08-21 10:07:46.945 [session=000416] [INFO] [MainThread] 호출벨-목적지 동기화 완료: 5개 호출벨
2026-08-21 10:07:46.949 [session=000416] [INFO] [MainThread] 목적지 리스트 반환: destinations=[Destination(name='로비', goal_pose=Pose(x=4.241336459631034, y=-2.361104203714551, qw=0.5097087478206948, qz=0.8603470185890456), bell=Bells(treatment='', suction='64012cd7'), idx=0, color='#e53935'), Destination(name='수술실', goal_pose=Pose(x=4.5199271819089395, y=-3.9219605026851503, qw=0.14533446519134308, qz=-0.9893825818294691), bell=Bells(treatment='', suction='64132cd7'), idx=1, color='#e53935'), Destination(name='진료실', goal_pose=Pose(x=0.11980823444488001, y=-3.735511450600503, qw=0.9963649848510123, qz=0.0851869530083222), bell=Bells(treatment='', suction='64252cd7'), idx=2, color='#e53935'), Destination(name='창고', goal_pose=Pose(x=0.2834625688692579, y=-6.793061814598156, qw=0.5257961572167338, qz=0.850610604834031), bell=Bells(treatment='', suction='64372cd7'), idx=3, color='#e53935'), Destination(name='소독실', goal_pose=Pose(x=-3.4045695907217928, y=-7.611793760201744, qw=0.546869706461766, qz=0.8372177280459497), bell=Bells(treatment='', suction='64492cd7'), idx=4, color='#e53935')]
2026-08-21 10:07:46.951 [session=000416] [INFO] [MainThread] 호출벨 리스트 반환: callbells={'64012cd7': {'name': '호출벨 1', 'usage': 'suction', 'destination': '로비'}, '64132cd7': {'name': '호출벨 2', 'usage': 'suction', 'destination': '수술실'}, '64252cd7': {'name': '호출벨 3', 'usage': 'suction', 'destination': '진료실'}, '64372cd7': {'name': '호출벨 4', 'usage': 'suction', 'destination': '창고'}, '64492cd7': {'name': '호출벨 5', 'usage': 'suction', 'destination': '소독실'}}, robot_usages=['treatment', 'suction']
2026-08-21 10:07:46.952 [session=000416] [INFO] [MainThread] 호출벨 리스트 로드: 5개
2026-08-21 10:07:46.952 [session=000416] [INFO] [MainThread] 호출벨 목록 동일 - UI 재생성 생략
2026-08-21 10:07:46.952 [session=000416] [INFO] [MainThread] 호출벨용 용도 목록 로드 요청
2026-08-21 10:07:46.952 [session=000416] [INFO] [MainThread] 호출벨에 용도 목록 전달: 2개
2026-08-21 10:07:46.952 [session=000416] [INFO] [MainThread] 용도 목록 로드: 2개
2026-08-21 10:07:46.952 [session=000416] [INFO] [MainThread] 목적지 목록 로드: 5개
2026-08-21 10:07:46.953 [session=000416] [INFO] [MainThread] 호출벨 관리에 목적지 목록 전달: 5개
2026-08-21 10:07:46.954 [session=000416] [INFO] [MainThread] My IP : 192.168.104.212
2026-08-21 10:07:46.957 [session=000416] [INFO] [browser-music-sync_0] [BROWSER_MUSIC_SYNC] event=catalog_fetch_started master_base_url=http://127.0.0.1:5051
2026-08-21 10:07:46.997 [session=000416] [INFO] [browser-music-sync_0] [BROWSER_MUSIC_SYNC] event=catalog_fetch_succeeded master_base_url=http://127.0.0.1:5051 item_count=3
2026-08-21 10:07:47.008 [session=000416] [INFO] [RestApiThread] [REST API] 배경 음악 GET 전송: operation=selection_get, url=http://127.0.0.1:5051/api/voice-event-settings/background-music?robot_id=robot_ec2b
2026-08-21 10:07:47.008 [session=000416] [INFO] [RestApiThread] [REST API] 배경 음악 GET 전송: operation=resolved_get, url=http://127.0.0.1:5051/api/voice-event-settings/resolved?robot_id=robot_ec2b
2026-08-21 10:07:47.028 [session=000416] [DEBUG] [RestApiThread] _handle_response 호출됨 - tag: REST_API_TAG.GET_BACKGROUND_MUSIC_SETTING, status_code: 200
2026-08-21 10:07:47.035 [session=000416] [DEBUG] [RestApiThread] _handle_response 호출됨 - tag: REST_API_TAG.GET_RESOLVED_BACKGROUND_MUSIC, status_code: 200
2026-08-21 10:07:47.120 [session=000416] [INFO] [ThreadPoolExecutor-8_0] 순차 이동 설정 저장 완료: /home/dentium/robot_GUIs/app/config/sequential_move.json
2026-08-21 10:07:49.393 [session=000416] [INFO] [MainThread] [MAIN_THREAD_HEARTBEAT] GUI main thread alive: thread=MainThread
2026-08-21 10:07:49.516 [session=000416] [INFO] [SSE-SSE_BATTERY_LOW_SHUTDOWN] [SSE_DIAG] connect attempt tag=SSE_BATTERY_LOW_SHUTDOWN, reconnect=87, url=http://localhost:8080/robot_ec2b/events/battery/low_shutdown
2026-08-21 10:07:49.536 [session=000416] [INFO] [SSE-SSE_BATTERY_LOW_SHUTDOWN] [SSE_DIAG] connected tag=SSE_BATTERY_LOW_SHUTDOWN, status=404, reason=Not Found, elapsed=0.02s, content_type=application/json, url=http://localhost:8080/robot_ec2b/events/battery/low_shutdown
2026-08-21 10:07:49.536 [session=000416] [ERROR] [SSE-SSE_BATTERY_LOW_SHUTDOWN] [SSE_DIAG] non-200 response tag=SSE_BATTERY_LOW_SHUTDOWN, status=404, reason=Not Found, url=http://localhost:8080/robot_ec2b/events/battery/low_shutdown
2026-08-21 10:07:49.538 [session=000416] [INFO] [SSE-SSE_BATTERY_LOW_SHUTDOWN] [SSE_DIAG] reconnect wait tag=SSE_BATTERY_LOW_SHUTDOWN, delay=10s, reconnect=88, reason=HTTP 404, url=http://localhost:8080/robot_ec2b/events/battery/low_shutdown
2026-08-21 10:07:54.394 [session=000416] [INFO] [MainThread] [MAIN_THREAD_HEARTBEAT] GUI main thread alive: thread=MainThread
2026-08-21 10:07:56.903 [session=000416] [DEBUG] [RestApiThread] GetCallBellFromRESTAPI 요청 시작
2026-08-21 10:07:56.907 [session=000416] [DEBUG] [RestApiThread] _get_data: 요청 시작 - tag: REST_API_TAG.GET_CALLBELL, url: http://localhost:8080/robot_ec2b/callbell
2026-08-21 10:07:56.908 [session=000416] [DEBUG] [RestApiThread] _get_data: 요청 전송 완료 - tag: REST_API_TAG.GET_CALLBELL, timeout: 30000ms
2026-08-21 10:07:56.912 [session=000416] [INFO] [MainThread] model_manager set_destinations: unchanged (5 items) - emit skipped
2026-08-21 10:07:56.919 [session=000416] [DEBUG] [RestApiThread] _handle_response 호출됨 - tag: REST_API_TAG.GET_CALLBELL, status_code: 200
2026-08-21 10:07:56.921 [session=000416] [INFO] [ThreadPoolExecutor-5_1] 호출벨 데이터 수신: 5개
2026-08-21 10:07:56.922 [session=000416] [INFO] [MainThread] 호출벨-목적지 동기화 완료: 5개 호출벨
2026-08-21 10:07:56.923 [session=000416] [INFO] [MainThread] 목적지 리스트 반환: destinations=[Destination(name='로비', goal_pose=Pose(x=4.241336459631034, y=-2.361104203714551, qw=0.5097087478206948, qz=0.8603470185890456), bell=Bells(treatment='', suction='64012cd7'), idx=0, color='#e53935'), Destination(name='수술실', goal_pose=Pose(x=4.5199271819089395, y=-3.9219605026851503, qw=0.14533446519134308, qz=-0.9893825818294691), bell=Bells(treatment='', suction='64132cd7'), idx=1, color='#e53935'), Destination(name='진료실', goal_pose=Pose(x=0.11980823444488001, y=-3.735511450600503, qw=0.9963649848510123, qz=0.0851869530083222), bell=Bells(treatment='', suction='64252cd7'), idx=2, color='#e53935'), Destination(name='창고', goal_pose=Pose(x=0.2834625688692579, y=-6.793061814598156, qw=0.5257961572167338, qz=0.850610604834031), bell=Bells(treatment='', suction='64372cd7'), idx=3, color='#e53935'), Destination(name='소독실', goal_pose=Pose(x=-3.4045695907217928, y=-7.611793760201744, qw=0.546869706461766, qz=0.8372177280459497), bell=Bells(treatment='', suction='64492cd7'), idx=4, color='#e53935')]
2026-08-21 10:07:56.923 [session=000416] [INFO] [MainThread] 호출벨 리스트 반환: callbells={'64012cd7': {'name': '호출벨 1', 'usage': 'suction', 'destination': '로비'}, '64132cd7': {'name': '호출벨 2', 'usage': 'suction', 'destination': '수술실'}, '64252cd7': {'name': '호출벨 3', 'usage': 'suction', 'destination': '진료실'}, '64372cd7': {'name': '호출벨 4', 'usage': 'suction', 'destination': '창고'}, '64492cd7': {'name': '호출벨 5', 'usage': 'suction', 'destination': '소독실'}}, robot_usages=['treatment', 'suction']
2026-08-21 10:07:56.924 [session=000416] [INFO] [MainThread] 호출벨 리스트 로드: 5개
2026-08-21 10:07:56.924 [session=000416] [INFO] [MainThread] 호출벨 목록 동일 - UI 재생성 생략
2026-08-21 10:07:56.924 [session=000416] [INFO] [MainThread] 호출벨용 용도 목록 로드 요청
2026-08-21 10:07:56.924 [session=000416] [INFO] [MainThread] 호출벨에 용도 목록 전달: 2개
2026-08-21 10:07:56.925 [session=000416] [INFO] [MainThread] 용도 목록 로드: 2개
2026-08-21 10:07:56.925 [session=000416] [INFO] [MainThread] 목적지 목록 로드: 5개
2026-08-21 10:07:56.925 [session=000416] [INFO] [MainThread] 호출벨 관리에 목적지 목록 전달: 5개
2026-08-21 10:07:56.933 [session=000416] [INFO] [MainThread] 홈 위치 수신: (3.12, 1.10)
2026-08-21 10:07:56.934 [session=000416] [INFO] [MainThread] 홈 위치 표시 업데이트: (894.0, 100.9)
2026-08-21 10:07:56.939 [session=000416] [INFO] [MainThread]   홈 위치 서버 → 픽셀 좌표로 변환 및 UI 업데이트: (894.0, 100.9)
2026-08-21 10:07:56.943 [session=000416] [INFO] [MainThread] My IP : 192.168.104.212
2026-08-21 10:07:57.120 [session=000416] [INFO] [ThreadPoolExecutor-8_0] 순차 이동 설정 저장 완료: /home/dentium/robot_GUIs/app/config/sequential_move.json
2026-08-21 10:07:59.394 [session=000416] [INFO] [MainThread] [MAIN_THREAD_HEARTBEAT] GUI main thread alive: thread=MainThread
2026-08-21 10:07:59.539 [session=000416] [INFO] [SSE-SSE_BATTERY_LOW_SHUTDOWN] [SSE_DIAG] connect attempt tag=SSE_BATTERY_LOW_SHUTDOWN, reconnect=88, url=http://localhost:8080/robot_ec2b/events/battery/low_shutdown
2026-08-21 10:07:59.552 [session=000416] [INFO] [SSE-SSE_BATTERY_LOW_SHUTDOWN] [SSE_DIAG] connected tag=SSE_BATTERY_LOW_SHUTDOWN, status=404, reason=Not Found, elapsed=0.01s, content_type=application/json, url=http://localhost:8080/robot_ec2b/events/battery/low_shutdown
2026-08-21 10:07:59.554 [session=000416] [ERROR] [SSE-SSE_BATTERY_LOW_SHUTDOWN] [SSE_DIAG] non-200 response tag=SSE_BATTERY_LOW_SHUTDOWN, status=404, reason=Not Found, url=http://localhost:8080/robot_ec2b/events/battery/low_shutdown
2026-08-21 10:07:59.559 [session=000416] [INFO] [SSE-SSE_BATTERY_LOW_SHUTDOWN] [SSE_DIAG] reconnect wait tag=SSE_BATTERY_LOW_SHUTDOWN, delay=10s, reconnect=89, reason=HTTP 404, url=http://localhost:8080/robot_ec2b/events/battery/low_shutdown
2026-08-21 10:08:03.772 [session=000416] [INFO] [MainThread] User Input Detected: Event Type 194
2026-08-21 10:08:03.776 [session=000416] [DEBUG] [MainThread] [LockByTouch] [TOUCH LOCK] 터치 입력 감지 — req_lock(True)
2026-08-21 10:08:03.780 [session=000416] [DEBUG] [RestApiThread] [LockByTouch] [REST API] SendRobotLock(True)
2026-08-21 10:08:03.785 [session=000416] [INFO] [MainThread] User Input Detected: Event Type 194
2026-08-21 10:08:03.786 [session=000416] [DEBUG] [MainThread] 🔊 버튼 클릭 소리 재생: button0.wav
2026-08-21 10:08:03.787 [session=000416] [DEBUG] [Dummy-6] [AUDIO_DIAG] cached effect request status=Ready, pool_size=1, device=Built-in Audio Digital Stereo (HDMI), path=/home/dentium/robot_GUIs/app/resources/sounds/sounds/button0.wav
2026-08-21 10:08:03.787 [session=000416] [DEBUG] [Dummy-6] [AUDIO_DIAG] cached effect play status=Ready, device=Built-in Audio Digital Stereo (HDMI), path=/home/dentium/robot_GUIs/app/resources/sounds/sounds/button0.wav
2026-08-21 10:08:03.790 [session=000416] [DEBUG] [Dummy-6] [AUDIO_DIAG] cached effect playing is_playing=True, status=Ready, path=/home/dentium/robot_GUIs/app/resources/sounds/sounds/button0.wav
2026-08-21 10:08:03.813 [session=000416] [DEBUG] [RestApiThread] _handle_response 호출됨 - tag: REST_API_TAG.POST_ROBOT_LOCK, status_code: 200
2026-08-21 10:08:03.814 [session=000416] [DEBUG] [ThreadPoolExecutor-5_2] 백그라운드 파싱 대상이 아닌 REST 태그: REST_API_TAG.POST_ROBOT_LOCK
2026-08-21 10:08:03.844 [session=000416] [DEBUG] [Dummy-6] [AUDIO_DIAG] cached effect playing is_playing=False, status=Ready, path=/home/dentium/robot_GUIs/app/resources/sounds/sounds/button0.wav
2026-08-21 10:08:03.997 [session=000416] [DEBUG] [SSE-SSE_ROBOT_STATUS] SSE robot status: ROBOT_LOCKED
2026-08-21 10:08:04.393 [session=000416] [INFO] [MainThread] [MAIN_THREAD_HEARTBEAT] GUI main thread alive: thread=MainThread
2026-08-21 10:08:06.900 [session=000416] [DEBUG] [RestApiThread] GetCallBellFromRESTAPI 요청 시작
2026-08-21 10:08:06.916 [session=000416] [DEBUG] [RestApiThread] _get_data: 요청 시작 - tag: REST_API_TAG.GET_CALLBELL, url: http://localhost:8080/robot_ec2b/callbell
2026-08-21 10:08:06.917 [session=000416] [DEBUG] [RestApiThread] _get_data: 요청 전송 완료 - tag: REST_API_TAG.GET_CALLBELL, timeout: 30000ms
2026-08-21 10:08:06.919 [session=000416] [INFO] [MainThread] model_manager set_destinations: unchanged (5 items) - emit skipped
2026-08-21 10:08:06.924 [session=000416] [INFO] [MainThread] 홈 위치 수신: (3.12, 1.10)
2026-08-21 10:08:06.924 [session=000416] [INFO] [MainThread] 홈 위치 표시 업데이트: (894.0, 100.9)
2026-08-21 10:08:06.927 [session=000416] [DEBUG] [RestApiThread] _handle_response 호출됨 - tag: REST_API_TAG.GET_CALLBELL, status_code: 200
2026-08-21 10:08:06.927 [session=000416] [INFO] [MainThread]   홈 위치 서버 → 픽셀 좌표로 변환 및 UI 업데이트: (894.0, 100.9)
2026-08-21 10:08:06.929 [session=000416] [INFO] [ThreadPoolExecutor-5_0] 호출벨 데이터 수신: 5개
2026-08-21 10:08:06.929 [session=000416] [INFO] [RestApiThread] _handle_response (CYCLIC 정상) - tag: REST_API_TAG.GET_MASTER_IP_ADDRESS, status: 200, pending→0
2026-08-21 10:08:06.934 [session=000416] [INFO] [MainThread] 호출벨-목적지 동기화 완료: 5개 호출벨
2026-08-21 10:08:06.934 [session=000416] [INFO] [MainThread] 목적지 리스트 반환: destinations=[Destination(name='로비', goal_pose=Pose(x=4.241336459631034, y=-2.361104203714551, qw=0.5097087478206948, qz=0.8603470185890456), bell=Bells(treatment='', suction='64012cd7'), idx=0, color='#e53935'), Destination(name='수술실', goal_pose=Pose(x=4.5199271819089395, y=-3.9219605026851503, qw=0.14533446519134308, qz=-0.9893825818294691), bell=Bells(treatment='', suction='64132cd7'), idx=1, color='#e53935'), Destination(name='진료실', goal_pose=Pose(x=0.11980823444488001, y=-3.735511450600503, qw=0.9963649848510123, qz=0.0851869530083222), bell=Bells(treatment='', suction='64252cd7'), idx=2, color='#e53935'), Destination(name='창고', goal_pose=Pose(x=0.2834625688692579, y=-6.793061814598156, qw=0.5257961572167338, qz=0.850610604834031), bell=Bells(treatment='', suction='64372cd7'), idx=3, color='#e53935'), Destination(name='소독실', goal_pose=Pose(x=-3.4045695907217928, y=-7.611793760201744, qw=0.546869706461766, qz=0.8372177280459497), bell=Bells(treatment='', suction='64492cd7'), idx=4, color='#e53935')]
2026-08-21 10:08:06.935 [session=000416] [INFO] [MainThread] 호출벨 리스트 반환: callbells={'64012cd7': {'name': '호출벨 1', 'usage': 'suction', 'destination': '로비'}, '64132cd7': {'name': '호출벨 2', 'usage': 'suction', 'destination': '수술실'}, '64252cd7': {'name': '호출벨 3', 'usage': 'suction', 'destination': '진료실'}, '64372cd7': {'name': '호출벨 4', 'usage': 'suction', 'destination': '창고'}, '64492cd7': {'name': '호출벨 5', 'usage': 'suction', 'destination': '소독실'}}, robot_usages=['treatment', 'suction']
2026-08-21 10:08:06.935 [session=000416] [INFO] [MainThread] 호출벨 리스트 로드: 5개
2026-08-21 10:08:06.935 [session=000416] [INFO] [MainThread] 호출벨 목록 동일 - UI 재생성 생략
2026-08-21 10:08:06.935 [session=000416] [INFO] [MainThread] 호출벨용 용도 목록 로드 요청
2026-08-21 10:08:06.936 [session=000416] [INFO] [MainThread] 호출벨에 용도 목록 전달: 2개
2026-08-21 10:08:06.936 [session=000416] [INFO] [MainThread] 용도 목록 로드: 2개
2026-08-21 10:08:06.936 [session=000416] [INFO] [MainThread] 목적지 목록 로드: 5개
2026-08-21 10:08:06.936 [session=000416] [INFO] [MainThread] 호출벨 관리에 목적지 목록 전달: 5개
2026-08-21 10:08:06.937 [session=000416] [INFO] [MainThread] My IP : 192.168.104.212
2026-08-21 10:08:07.119 [session=000416] [INFO] [ThreadPoolExecutor-8_0] 순차 이동 설정 저장 완료: /home/dentium/robot_GUIs/app/config/sequential_move.json
2026-08-21 10:08:09.364 [session=000416] [DEBUG] [MainThread] [LockByTouch] [TIMER] 터치 락 타이머 만료 — touch_lock=False
2026-08-21 10:08:09.366 [session=000416] [DEBUG] [MainThread] [LockByTouch] [UNLOCK] req_lock(False) — manual=False, cond=False, touch=False, view=False, slam=False, bypass=False
2026-08-21 10:08:09.368 [session=000416] [DEBUG] [RestApiThread] [LockByTouch] [REST API] SendRobotLock(False)
2026-08-21 10:08:09.380 [session=000416] [DEBUG] [RestApiThread] _handle_response 호출됨 - tag: REST_API_TAG.POST_ROBOT_LOCK, status_code: 200
2026-08-21 10:08:09.382 [session=000416] [DEBUG] [ThreadPoolExecutor-5_0] 백그라운드 파싱 대상이 아닌 REST 태그: REST_API_TAG.POST_ROBOT_LOCK
2026-08-21 10:08:09.394 [session=000416] [INFO] [MainThread] [MAIN_THREAD_HEARTBEAT] GUI main thread alive: thread=MainThread
2026-08-21 10:08:09.560 [session=000416] [INFO] [SSE-SSE_BATTERY_LOW_SHUTDOWN] [SSE_DIAG] connect attempt tag=SSE_BATTERY_LOW_SHUTDOWN, reconnect=89, url=http://localhost:8080/robot_ec2b/events/battery/low_shutdown
2026-08-21 10:08:09.574 [session=000416] [INFO] [SSE-SSE_BATTERY_LOW_SHUTDOWN] [SSE_DIAG] connected tag=SSE_BATTERY_LOW_SHUTDOWN, status=404, reason=Not Found, elapsed=0.01s, content_type=application/json, url=http://localhost:8080/robot_ec2b/events/battery/low_shutdown
2026-08-21 10:08:09.575 [session=000416] [ERROR] [SSE-SSE_BATTERY_LOW_SHUTDOWN] [SSE_DIAG] non-200 response tag=SSE_BATTERY_LOW_SHUTDOWN, status=404, reason=Not Found, url=http://localhost:8080/robot_ec2b/events/battery/low_shutdown
2026-08-21 10:08:09.578 [session=000416] [INFO] [SSE-SSE_BATTERY_LOW_SHUTDOWN] [SSE_DIAG] reconnect wait tag=SSE_BATTERY_LOW_SHUTDOWN, delay=10s, reconnect=90, reason=HTTP 404, url=http://localhost:8080/robot_ec2b/events/battery/low_shutdown
2026-08-21 10:08:09.674 [session=000416] [DEBUG] [SSE-SSE_ROBOT_STATUS] SSE robot status: ROBOT_STANDBY
2026-08-21 10:08:14.396 [session=000416] [INFO] [MainThread] [MAIN_THREAD_HEARTBEAT] GUI main thread alive: thread=MainThread
2026-08-21 10:08:16.902 [session=000416] [DEBUG] [RestApiThread] GetCallBellFromRESTAPI 요청 시작
2026-08-21 10:08:16.904 [session=000416] [DEBUG] [RestApiThread] _get_data: 요청 시작 - tag: REST_API_TAG.GET_CALLBELL, url: http://localhost:8080/robot_ec2b/callbell
2026-08-21 10:08:16.905 [session=000416] [DEBUG] [RestApiThread] _get_data: 요청 전송 완료 - tag: REST_API_TAG.GET_CALLBELL, timeout: 30000ms
2026-08-21 10:08:16.913 [session=000416] [INFO] [RestApiThread] _handle_response (CYCLIC 정상) - tag: REST_API_TAG.GET_DESTINATIONS, status: 200, pending→3
2026-08-21 10:08:16.918 [session=000416] [INFO] [MainThread] model_manager set_destinations: unchanged (5 items) - emit skipped
2026-08-21 10:08:16.922 [session=000416] [INFO] [MainThread] 홈 위치 수신: (3.12, 1.10)
2026-08-21 10:08:16.923 [session=000416] [INFO] [MainThread] 홈 위치 표시 업데이트: (894.0, 100.9)
2026-08-21 10:08:16.926 [session=000416] [INFO] [MainThread]   홈 위치 서버 → 픽셀 좌표로 변환 및 UI 업데이트: (894.0, 100.9)
2026-08-21 10:08:16.928 [session=000416] [DEBUG] [RestApiThread] _handle_response 호출됨 - tag: REST_API_TAG.GET_CALLBELL, status_code: 200
2026-08-21 10:08:16.930 [session=000416] [INFO] [ThreadPoolExecutor-5_0] 호출벨 데이터 수신: 5개
2026-08-21 10:08:16.933 [session=000416] [INFO] [MainThread] 호출벨-목적지 동기화 완료: 5개 호출벨
2026-08-21 10:08:16.934 [session=000416] [INFO] [MainThread] 목적지 리스트 반환: destinations=[Destination(name='로비', goal_pose=Pose(x=4.241336459631034, y=-2.361104203714551, qw=0.5097087478206948, qz=0.8603470185890456), bell=Bells(treatment='', suction='64012cd7'), idx=0, color='#e53935'), Destination(name='수술실', goal_pose=Pose(x=4.5199271819089395, y=-3.9219605026851503, qw=0.14533446519134308, qz=-0.9893825818294691), bell=Bells(treatment='', suction='64132cd7'), idx=1, color='#e53935'), Destination(name='진료실', goal_pose=Pose(x=0.11980823444488001, y=-3.735511450600503, qw=0.9963649848510123, qz=0.0851869530083222), bell=Bells(treatment='', suction='64252cd7'), idx=2, color='#e53935'), Destination(name='창고', goal_pose=Pose(x=0.2834625688692579, y=-6.793061814598156, qw=0.5257961572167338, qz=0.850610604834031), bell=Bells(treatment='', suction='64372cd7'), idx=3, color='#e53935'), Destination(name='소독실', goal_pose=Pose(x=-3.4045695907217928, y=-7.611793760201744, qw=0.546869706461766, qz=0.8372177280459497), bell=Bells(treatment='', suction='64492cd7'), idx=4, color='#e53935')]
2026-08-21 10:08:16.934 [session=000416] [INFO] [MainThread] 호출벨 리스트 반환: callbells={'64012cd7': {'name': '호출벨 1', 'usage': 'suction', 'destination': '로비'}, '64132cd7': {'name': '호출벨 2', 'usage': 'suction', 'destination': '수술실'}, '64252cd7': {'name': '호출벨 3', 'usage': 'suction', 'destination': '진료실'}, '64372cd7': {'name': '호출벨 4', 'usage': 'suction', 'destination': '창고'}, '64492cd7': {'name': '호출벨 5', 'usage': 'suction', 'destination': '소독실'}}, robot_usages=['treatment', 'suction']
2026-08-21 10:08:16.934 [session=000416] [INFO] [MainThread] 호출벨 리스트 로드: 5개
2026-08-21 10:08:16.935 [session=000416] [INFO] [MainThread] 호출벨 목록 동일 - UI 재생성 생략
2026-08-21 10:08:16.935 [session=000416] [INFO] [MainThread] 호출벨용 용도 목록 로드 요청
2026-08-21 10:08:16.935 [session=000416] [INFO] [MainThread] 호출벨에 용도 목록 전달: 2개
2026-08-21 10:08:16.935 [session=000416] [INFO] [MainThread] 용도 목록 로드: 2개
2026-08-21 10:08:16.935 [session=000416] [INFO] [MainThread] 목적지 목록 로드: 5개
2026-08-21 10:08:16.936 [session=000416] [INFO] [MainThread] 호출벨 관리에 목적지 목록 전달: 5개
2026-08-21 10:08:16.936 [session=000416] [INFO] [MainThread] My IP : 192.168.104.212
2026-08-21 10:08:17.120 [session=000416] [INFO] [ThreadPoolExecutor-8_0] 순차 이동 설정 저장 완료: /home/dentium/robot_GUIs/app/config/sequential_move.json
2026-08-21 10:08:19.394 [session=000416] [INFO] [MainThread] [MAIN_THREAD_HEARTBEAT] GUI main thread alive: thread=MainThread
2026-08-21 10:08:19.579 [session=000416] [INFO] [SSE-SSE_BATTERY_LOW_SHUTDOWN] [SSE_DIAG] connect attempt tag=SSE_BATTERY_LOW_SHUTDOWN, reconnect=90, url=http://localhost:8080/robot_ec2b/events/battery/low_shutdown
2026-08-21 10:08:19.594 [session=000416] [INFO] [SSE-SSE_BATTERY_LOW_SHUTDOWN] [SSE_DIAG] connected tag=SSE_BATTERY_LOW_SHUTDOWN, status=404, reason=Not Found, elapsed=0.01s, content_type=application/json, url=http://localhost:8080/robot_ec2b/events/battery/low_shutdown
2026-08-21 10:08:19.594 [session=000416] [ERROR] [SSE-SSE_BATTERY_LOW_SHUTDOWN] [SSE_DIAG] non-200 response tag=SSE_BATTERY_LOW_SHUTDOWN, status=404, reason=Not Found, url=http://localhost:8080/robot_ec2b/events/battery/low_shutdown
2026-08-21 10:08:19.596 [session=000416] [INFO] [SSE-SSE_BATTERY_LOW_SHUTDOWN] [SSE_DIAG] reconnect wait tag=SSE_BATTERY_LOW_SHUTDOWN, delay=10s, reconnect=91, reason=HTTP 404, url=http://localhost:8080/robot_ec2b/events/battery/low_shutdown
2026-08-21 10:08:24.393 [session=000416] [INFO] [MainThread] [MAIN_THREAD_HEARTBEAT] GUI main thread alive: thread=MainThread
2026-08-21 10:08:26.897 [session=000416] [DEBUG] [RestApiThread] GetCallBellFromRESTAPI 요청 시작
2026-08-21 10:08:26.902 [session=000416] [DEBUG] [RestApiThread] _get_data: 요청 시작 - tag: REST_API_TAG.GET_CALLBELL, url: http://localhost:8080/robot_ec2b/callbell
2026-08-21 10:08:26.907 [session=000416] [DEBUG] [RestApiThread] _get_data: 요청 전송 완료 - tag: REST_API_TAG.GET_CALLBELL, timeout: 30000ms
2026-08-21 10:08:26.916 [session=000416] [INFO] [MainThread] model_manager set_destinations: unchanged (5 items) - emit skipped
2026-08-21 10:08:26.931 [session=000416] [DEBUG] [RestApiThread] _handle_response 호출됨 - tag: REST_API_TAG.GET_CALLBELL, status_code: 200
2026-08-21 10:08:26.932 [session=000416] [INFO] [ThreadPoolExecutor-5_2] 호출벨 데이터 수신: 5개
2026-08-21 10:08:26.933 [session=000416] [INFO] [MainThread] 홈 위치 수신: (3.12, 1.10)
2026-08-21 10:08:26.934 [session=000416] [INFO] [MainThread] 홈 위치 표시 업데이트: (894.0, 100.9)
2026-08-21 10:08:26.938 [session=000416] [INFO] [MainThread]   홈 위치 서버 → 픽셀 좌표로 변환 및 UI 업데이트: (894.0, 100.9)
2026-08-21 10:08:26.940 [session=000416] [INFO] [MainThread] 호출벨-목적지 동기화 완료: 5개 호출벨
2026-08-21 10:08:26.940 [session=000416] [INFO] [MainThread] 목적지 리스트 반환: destinations=[Destination(name='로비', goal_pose=Pose(x=4.241336459631034, y=-2.361104203714551, qw=0.5097087478206948, qz=0.8603470185890456), bell=Bells(treatment='', suction='64012cd7'), idx=0, color='#e53935'), Destination(name='수술실', goal_pose=Pose(x=4.5199271819089395, y=-3.9219605026851503, qw=0.14533446519134308, qz=-0.9893825818294691), bell=Bells(treatment='', suction='64132cd7'), idx=1, color='#e53935'), Destination(name='진료실', goal_pose=Pose(x=0.11980823444488001, y=-3.735511450600503, qw=0.9963649848510123, qz=0.0851869530083222), bell=Bells(treatment='', suction='64252cd7'), idx=2, color='#e53935'), Destination(name='창고', goal_pose=Pose(x=0.2834625688692579, y=-6.793061814598156, qw=0.5257961572167338, qz=0.850610604834031), bell=Bells(treatment='', suction='64372cd7'), idx=3, color='#e53935'), Destination(name='소독실', goal_pose=Pose(x=-3.4045695907217928, y=-7.611793760201744, qw=0.546869706461766, qz=0.8372177280459497), bell=Bells(treatment='', suction='64492cd7'), idx=4, color='#e53935')]
2026-08-21 10:08:26.941 [session=000416] [INFO] [MainThread] 호출벨 리스트 반환: callbells={'64012cd7': {'name': '호출벨 1', 'usage': 'suction', 'destination': '로비'}, '64132cd7': {'name': '호출벨 2', 'usage': 'suction', 'destination': '수술실'}, '64252cd7': {'name': '호출벨 3', 'usage': 'suction', 'destination': '진료실'}, '64372cd7': {'name': '호출벨 4', 'usage': 'suction', 'destination': '창고'}, '64492cd7': {'name': '호출벨 5', 'usage': 'suction', 'destination': '소독실'}}, robot_usages=['treatment', 'suction']
2026-08-21 10:08:26.942 [session=000416] [INFO] [MainThread] 호출벨 리스트 로드: 5개
2026-08-21 10:08:26.942 [session=000416] [INFO] [MainThread] 호출벨 목록 동일 - UI 재생성 생략
2026-08-21 10:08:26.942 [session=000416] [INFO] [MainThread] 호출벨용 용도 목록 로드 요청
2026-08-21 10:08:26.943 [session=000416] [INFO] [MainThread] 호출벨에 용도 목록 전달: 2개
2026-08-21 10:08:26.943 [session=000416] [INFO] [MainThread] 용도 목록 로드: 2개
2026-08-21 10:08:26.944 [session=000416] [INFO] [MainThread] 목적지 목록 로드: 5개
2026-08-21 10:08:26.944 [session=000416] [INFO] [MainThread] 호출벨 관리에 목적지 목록 전달: 5개
2026-08-21 10:08:26.946 [session=000416] [INFO] [MainThread] My IP : 192.168.104.212
2026-08-21 10:08:26.954 [session=000416] [INFO] [browser-music-sync_0] [BROWSER_MUSIC_SYNC] event=catalog_fetch_started master_base_url=http://127.0.0.1:5051
2026-08-21 10:08:26.984 [session=000416] [INFO] [browser-music-sync_0] [BROWSER_MUSIC_SYNC] event=catalog_fetch_succeeded master_base_url=http://127.0.0.1:5051 item_count=3
2026-08-21 10:08:26.996 [session=000416] [INFO] [RestApiThread] [REST API] 배경 음악 GET 전송: operation=selection_get, url=http://127.0.0.1:5051/api/voice-event-settings/background-music?robot_id=robot_ec2b
2026-08-21 10:08:26.996 [session=000416] [INFO] [RestApiThread] [REST API] 배경 음악 GET 전송: operation=resolved_get, url=http://127.0.0.1:5051/api/voice-event-settings/resolved?robot_id=robot_ec2b
2026-08-21 10:08:27.014 [session=000416] [DEBUG] [RestApiThread] _handle_response 호출됨 - tag: REST_API_TAG.GET_BACKGROUND_MUSIC_SETTING, status_code: 200
2026-08-21 10:08:27.037 [session=000416] [DEBUG] [RestApiThread] _handle_response 호출됨 - tag: REST_API_TAG.GET_RESOLVED_BACKGROUND_MUSIC, status_code: 200
2026-08-21 10:08:27.122 [session=000416] [INFO] [ThreadPoolExecutor-8_0] 순차 이동 설정 저장 완료: /home/dentium/robot_GUIs/app/config/sequential_move.json
2026-08-21 10:08:29.394 [session=000416] [INFO] [MainThread] [MAIN_THREAD_HEARTBEAT] GUI main thread alive: thread=MainThread
2026-08-21 10:08:29.598 [session=000416] [INFO] [SSE-SSE_BATTERY_LOW_SHUTDOWN] [SSE_DIAG] connect attempt tag=SSE_BATTERY_LOW_SHUTDOWN, reconnect=91, url=http://localhost:8080/robot_ec2b/events/battery/low_shutdown
2026-08-21 10:08:29.627 [session=000416] [INFO] [SSE-SSE_BATTERY_LOW_SHUTDOWN] [SSE_DIAG] connected tag=SSE_BATTERY_LOW_SHUTDOWN, status=404, reason=Not Found, elapsed=0.03s, content_type=application/json, url=http://localhost:8080/robot_ec2b/events/battery/low_shutdown
2026-08-21 10:08:29.628 [session=000416] [ERROR] [SSE-SSE_BATTERY_LOW_SHUTDOWN] [SSE_DIAG] non-200 response tag=SSE_BATTERY_LOW_SHUTDOWN, status=404, reason=Not Found, url=http://localhost:8080/robot_ec2b/events/battery/low_shutdown
2026-08-21 10:08:29.631 [session=000416] [INFO] [SSE-SSE_BATTERY_LOW_SHUTDOWN] [SSE_DIAG] reconnect wait tag=SSE_BATTERY_LOW_SHUTDOWN, delay=10s, reconnect=92, reason=HTTP 404, url=http://localhost:8080/robot_ec2b/events/battery/low_shutdown
2026-08-21 10:08:34.394 [session=000416] [INFO] [MainThread] [MAIN_THREAD_HEARTBEAT] GUI main thread alive: thread=MainThread
2026-08-21 10:08:36.903 [session=000416] [DEBUG] [RestApiThread] GetCallBellFromRESTAPI 요청 시작
2026-08-21 10:08:36.905 [session=000416] [INFO] [MainThread] model_manager set_destinations: unchanged (5 items) - emit skipped
2026-08-21 10:08:36.906 [session=000416] [DEBUG] [RestApiThread] _get_data: 요청 시작 - tag: REST_API_TAG.GET_CALLBELL, url: http://localhost:8080/robot_ec2b/callbell
2026-08-21 10:08:36.907 [session=000416] [DEBUG] [RestApiThread] _get_data: 요청 전송 완료 - tag: REST_API_TAG.GET_CALLBELL, timeout: 30000ms
2026-08-21 10:08:36.911 [session=000416] [INFO] [MainThread] 홈 위치 수신: (3.12, 1.10)
2026-08-21 10:08:36.912 [session=000416] [INFO] [MainThread] 홈 위치 표시 업데이트: (894.0, 100.9)
2026-08-21 10:08:36.916 [session=000416] [INFO] [MainThread]   홈 위치 서버 → 픽셀 좌표로 변환 및 UI 업데이트: (894.0, 100.9)
2026-08-21 10:08:36.930 [session=000416] [DEBUG] [RestApiThread] _handle_response 호출됨 - tag: REST_API_TAG.GET_CALLBELL, status_code: 200
2026-08-21 10:08:36.933 [session=000416] [INFO] [ThreadPoolExecutor-5_2] 호출벨 데이터 수신: 5개
2026-08-21 10:08:36.939 [session=000416] [INFO] [MainThread] 호출벨-목적지 동기화 완료: 5개 호출벨
2026-08-21 10:08:36.940 [session=000416] [INFO] [MainThread] 목적지 리스트 반환: destinations=[Destination(name='로비', goal_pose=Pose(x=4.241336459631034, y=-2.361104203714551, qw=0.5097087478206948, qz=0.8603470185890456), bell=Bells(treatment='', suction='64012cd7'), idx=0, color='#e53935'), Destination(name='수술실', goal_pose=Pose(x=4.5199271819089395, y=-3.9219605026851503, qw=0.14533446519134308, qz=-0.9893825818294691), bell=Bells(treatment='', suction='64132cd7'), idx=1, color='#e53935'), Destination(name='진료실', goal_pose=Pose(x=0.11980823444488001, y=-3.735511450600503, qw=0.9963649848510123, qz=0.0851869530083222), bell=Bells(treatment='', suction='64252cd7'), idx=2, color='#e53935'), Destination(name='창고', goal_pose=Pose(x=0.2834625688692579, y=-6.793061814598156, qw=0.5257961572167338, qz=0.850610604834031), bell=Bells(treatment='', suction='64372cd7'), idx=3, color='#e53935'), Destination(name='소독실', goal_pose=Pose(x=-3.4045695907217928, y=-7.611793760201744, qw=0.546869706461766, qz=0.8372177280459497), bell=Bells(treatment='', suction='64492cd7'), idx=4, color='#e53935')]
2026-08-21 10:08:36.940 [session=000416] [INFO] [MainThread] 호출벨 리스트 반환: callbells={'64012cd7': {'name': '호출벨 1', 'usage': 'suction', 'destination': '로비'}, '64132cd7': {'name': '호출벨 2', 'usage': 'suction', 'destination': '수술실'}, '64252cd7': {'name': '호출벨 3', 'usage': 'suction', 'destination': '진료실'}, '64372cd7': {'name': '호출벨 4', 'usage': 'suction', 'destination': '창고'}, '64492cd7': {'name': '호출벨 5', 'usage': 'suction', 'destination': '소독실'}}, robot_usages=['treatment', 'suction']
2026-08-21 10:08:36.940 [session=000416] [INFO] [MainThread] 호출벨 리스트 로드: 5개
2026-08-21 10:08:36.940 [session=000416] [INFO] [MainThread] 호출벨 목록 동일 - UI 재생성 생략
2026-08-21 10:08:36.941 [session=000416] [INFO] [MainThread] 호출벨용 용도 목록 로드 요청
2026-08-21 10:08:36.941 [session=000416] [INFO] [MainThread] 호출벨에 용도 목록 전달: 2개
2026-08-21 10:08:36.941 [session=000416] [INFO] [MainThread] 용도 목록 로드: 2개
2026-08-21 10:08:36.941 [session=000416] [INFO] [MainThread] 목적지 목록 로드: 5개
2026-08-21 10:08:36.942 [session=000416] [INFO] [MainThread] 호출벨 관리에 목적지 목록 전달: 5개
2026-08-21 10:08:36.944 [session=000416] [INFO] [MainThread] My IP : 192.168.104.212
2026-08-21 10:08:37.098 [session=000416] [INFO] [ThreadPoolExecutor-8_0] 순차 이동 설정 저장 완료: /home/dentium/robot_GUIs/app/config/sequential_move.json
2026-08-21 10:08:39.393 [session=000416] [INFO] [MainThread] [MAIN_THREAD_HEARTBEAT] GUI main thread alive: thread=MainThread
2026-08-21 10:08:39.633 [session=000416] [INFO] [SSE-SSE_BATTERY_LOW_SHUTDOWN] [SSE_DIAG] connect attempt tag=SSE_BATTERY_LOW_SHUTDOWN, reconnect=92, url=http://localhost:8080/robot_ec2b/events/battery/low_shutdown
2026-08-21 10:08:39.650 [session=000416] [INFO] [SSE-SSE_BATTERY_LOW_SHUTDOWN] [SSE_DIAG] connected tag=SSE_BATTERY_LOW_SHUTDOWN, status=404, reason=Not Found, elapsed=0.02s, content_type=application/json, url=http://localhost:8080/robot_ec2b/events/battery/low_shutdown
2026-08-21 10:08:39.657 [session=000416] [ERROR] [SSE-SSE_BATTERY_LOW_SHUTDOWN] [SSE_DIAG] non-200 response tag=SSE_BATTERY_LOW_SHUTDOWN, status=404, reason=Not Found, url=http://localhost:8080/robot_ec2b/events/battery/low_shutdown
2026-08-21 10:08:39.663 [session=000416] [INFO] [SSE-SSE_BATTERY_LOW_SHUTDOWN] [SSE_DIAG] reconnect wait tag=SSE_BATTERY_LOW_SHUTDOWN, delay=10s, reconnect=93, reason=HTTP 404, url=http://localhost:8080/robot_ec2b/events/battery/low_shutdown
2026-08-21 10:08:44.394 [session=000416] [INFO] [MainThread] [MAIN_THREAD_HEARTBEAT] GUI main thread alive: thread=MainThread
2026-08-21 10:08:46.896 [session=000416] [DEBUG] [RestApiThread] GetCallBellFromRESTAPI 요청 시작
2026-08-21 10:08:46.903 [session=000416] [DEBUG] [RestApiThread] _get_data: 요청 시작 - tag: REST_API_TAG.GET_CALLBELL, url: http://localhost:8080/robot_ec2b/callbell
2026-08-21 10:08:46.906 [session=000416] [DEBUG] [RestApiThread] _get_data: 요청 전송 완료 - tag: REST_API_TAG.GET_CALLBELL, timeout: 30000ms
2026-08-21 10:08:46.910 [session=000416] [INFO] [MainThread] model_manager set_destinations: unchanged (5 items) - emit skipped
2026-08-21 10:08:46.916 [session=000416] [INFO] [MainThread] 홈 위치 수신: (3.12, 1.10)
2026-08-21 10:08:46.917 [session=000416] [INFO] [MainThread] 홈 위치 표시 업데이트: (894.0, 100.9)
2026-08-21 10:08:46.923 [session=000416] [INFO] [MainThread]   홈 위치 서버 → 픽셀 좌표로 변환 및 UI 업데이트: (894.0, 100.9)
2026-08-21 10:08:46.940 [session=000416] [DEBUG] [RestApiThread] _handle_response 호출됨 - tag: REST_API_TAG.GET_CALLBELL, status_code: 200
2026-08-21 10:08:46.942 [session=000416] [INFO] [ThreadPoolExecutor-5_0] 호출벨 데이터 수신: 5개
2026-08-21 10:08:46.956 [session=000416] [INFO] [MainThread] 호출벨-목적지 동기화 완료: 5개 호출벨
2026-08-21 10:08:46.958 [session=000416] [INFO] [MainThread] 목적지 리스트 반환: destinations=[Destination(name='로비', goal_pose=Pose(x=4.241336459631034, y=-2.361104203714551, qw=0.5097087478206948, qz=0.8603470185890456), bell=Bells(treatment='', suction='64012cd7'), idx=0, color='#e53935'), Destination(name='수술실', goal_pose=Pose(x=4.5199271819089395, y=-3.9219605026851503, qw=0.14533446519134308, qz=-0.9893825818294691), bell=Bells(treatment='', suction='64132cd7'), idx=1, color='#e53935'), Destination(name='진료실', goal_pose=Pose(x=0.11980823444488001, y=-3.735511450600503, qw=0.9963649848510123, qz=0.0851869530083222), bell=Bells(treatment='', suction='64252cd7'), idx=2, color='#e53935'), Destination(name='창고', goal_pose=Pose(x=0.2834625688692579, y=-6.793061814598156, qw=0.5257961572167338, qz=0.850610604834031), bell=Bells(treatment='', suction='64372cd7'), idx=3, color='#e53935'), Destination(name='소독실', goal_pose=Pose(x=-3.4045695907217928, y=-7.611793760201744, qw=0.546869706461766, qz=0.8372177280459497), bell=Bells(treatment='', suction='64492cd7'), idx=4, color='#e53935')]
2026-08-21 10:08:46.961 [session=000416] [INFO] [MainThread] 호출벨 리스트 반환: callbells={'64012cd7': {'name': '호출벨 1', 'usage': 'suction', 'destination': '로비'}, '64132cd7': {'name': '호출벨 2', 'usage': 'suction', 'destination': '수술실'}, '64252cd7': {'name': '호출벨 3', 'usage': 'suction', 'destination': '진료실'}, '64372cd7': {'name': '호출벨 4', 'usage': 'suction', 'destination': '창고'}, '64492cd7': {'name': '호출벨 5', 'usage': 'suction', 'destination': '소독실'}}, robot_usages=['treatment', 'suction']
2026-08-21 10:08:46.963 [session=000416] [INFO] [MainThread] 호출벨 리스트 로드: 5개
2026-08-21 10:08:46.963 [session=000416] [INFO] [MainThread] 호출벨 목록 동일 - UI 재생성 생략
2026-08-21 10:08:46.964 [session=000416] [INFO] [MainThread] 호출벨용 용도 목록 로드 요청
2026-08-21 10:08:46.964 [session=000416] [INFO] [MainThread] 호출벨에 용도 목록 전달: 2개
2026-08-21 10:08:46.964 [session=000416] [INFO] [MainThread] 용도 목록 로드: 2개
2026-08-21 10:08:46.965 [session=000416] [INFO] [MainThread] 목적지 목록 로드: 5개
2026-08-21 10:08:46.965 [session=000416] [INFO] [MainThread] 호출벨 관리에 목적지 목록 전달: 5개
2026-08-21 10:08:46.968 [session=000416] [INFO] [MainThread] My IP : 192.168.104.212
2026-08-21 10:08:47.102 [session=000416] [INFO] [ThreadPoolExecutor-8_0] 순차 이동 설정 저장 완료: /home/dentium/robot_GUIs/app/config/sequential_move.json
2026-08-21 10:08:49.394 [session=000416] [INFO] [MainThread] [MAIN_THREAD_HEARTBEAT] GUI main thread alive: thread=MainThread
2026-08-21 10:08:49.664 [session=000416] [INFO] [SSE-SSE_BATTERY_LOW_SHUTDOWN] [SSE_DIAG] connect attempt tag=SSE_BATTERY_LOW_SHUTDOWN, reconnect=93, url=http://localhost:8080/robot_ec2b/events/battery/low_shutdown
2026-08-21 10:08:49.677 [session=000416] [INFO] [SSE-SSE_BATTERY_LOW_SHUTDOWN] [SSE_DIAG] connected tag=SSE_BATTERY_LOW_SHUTDOWN, status=404, reason=Not Found, elapsed=0.01s, content_type=application/json, url=http://localhost:8080/robot_ec2b/events/battery/low_shutdown
2026-08-21 10:08:49.678 [session=000416] [ERROR] [SSE-SSE_BATTERY_LOW_SHUTDOWN] [SSE_DIAG] non-200 response tag=SSE_BATTERY_LOW_SHUTDOWN, status=404, reason=Not Found, url=http://localhost:8080/robot_ec2b/events/battery/low_shutdown
2026-08-21 10:08:49.679 [session=000416] [INFO] [SSE-SSE_BATTERY_LOW_SHUTDOWN] [SSE_DIAG] reconnect wait tag=SSE_BATTERY_LOW_SHUTDOWN, delay=10s, reconnect=94, reason=HTTP 404, url=http://localhost:8080/robot_ec2b/events/battery/low_shutdown
2026-08-21 10:08:54.393 [session=000416] [INFO] [MainThread] [MAIN_THREAD_HEARTBEAT] GUI main thread alive: thread=MainThread
2026-08-21 10:08:56.910 [session=000416] [DEBUG] [RestApiThread] GetCallBellFromRESTAPI 요청 시작
2026-08-21 10:08:56.914 [session=000416] [DEBUG] [RestApiThread] _get_data: 요청 시작 - tag: REST_API_TAG.GET_CALLBELL, url: http://localhost:8080/robot_ec2b/callbell
2026-08-21 10:08:56.915 [session=000416] [DEBUG] [RestApiThread] _get_data: 요청 전송 완료 - tag: REST_API_TAG.GET_CALLBELL, timeout: 30000ms
2026-08-21 10:08:56.917 [session=000416] [INFO] [RestApiThread] _handle_response (CYCLIC 정상) - tag: REST_API_TAG.GET_HOME_POSE, status: 200, pending→2
2026-08-21 10:08:56.917 [session=000416] [INFO] [MainThread] model_manager set_destinations: unchanged (5 items) - emit skipped
2026-08-21 10:08:56.920 [session=000416] [INFO] [MainThread] 홈 위치 수신: (3.12, 1.10)
2026-08-21 10:08:56.920 [session=000416] [INFO] [MainThread] 홈 위치 표시 업데이트: (894.0, 100.9)
2026-08-21 10:08:56.924 [session=000416] [INFO] [MainThread]   홈 위치 서버 → 픽셀 좌표로 변환 및 UI 업데이트: (894.0, 100.9)
2026-08-21 10:08:56.939 [session=000416] [DEBUG] [RestApiThread] _handle_response 호출됨 - tag: REST_API_TAG.GET_CALLBELL, status_code: 200
2026-08-21 10:08:56.940 [session=000416] [INFO] [ThreadPoolExecutor-5_1] 호출벨 데이터 수신: 5개
2026-08-21 10:08:56.941 [session=000416] [INFO] [MainThread] 호출벨-목적지 동기화 완료: 5개 호출벨
2026-08-21 10:08:56.942 [session=000416] [INFO] [MainThread] 목적지 리스트 반환: destinations=[Destination(name='로비', goal_pose=Pose(x=4.241336459631034, y=-2.361104203714551, qw=0.5097087478206948, qz=0.8603470185890456), bell=Bells(treatment='', suction='64012cd7'), idx=0, color='#e53935'), Destination(name='수술실', goal_pose=Pose(x=4.5199271819089395, y=-3.9219605026851503, qw=0.14533446519134308, qz=-0.9893825818294691), bell=Bells(treatment='', suction='64132cd7'), idx=1, color='#e53935'), Destination(name='진료실', goal_pose=Pose(x=0.11980823444488001, y=-3.735511450600503, qw=0.9963649848510123, qz=0.0851869530083222), bell=Bells(treatment='', suction='64252cd7'), idx=2, color='#e53935'), Destination(name='창고', goal_pose=Pose(x=0.2834625688692579, y=-6.793061814598156, qw=0.5257961572167338, qz=0.850610604834031), bell=Bells(treatment='', suction='64372cd7'), idx=3, color='#e53935'), Destination(name='소독실', goal_pose=Pose(x=-3.4045695907217928, y=-7.611793760201744, qw=0.546869706461766, qz=0.8372177280459497), bell=Bells(treatment='', suction='64492cd7'), idx=4, color='#e53935')]
2026-08-21 10:08:56.943 [session=000416] [INFO] [MainThread] 호출벨 리스트 반환: callbells={'64012cd7': {'name': '호출벨 1', 'usage': 'suction', 'destination': '로비'}, '64132cd7': {'name': '호출벨 2', 'usage': 'suction', 'destination': '수술실'}, '64252cd7': {'name': '호출벨 3', 'usage': 'suction', 'destination': '진료실'}, '64372cd7': {'name': '호출벨 4', 'usage': 'suction', 'destination': '창고'}, '64492cd7': {'name': '호출벨 5', 'usage': 'suction', 'destination': '소독실'}}, robot_usages=['treatment', 'suction']
2026-08-21 10:08:56.943 [session=000416] [INFO] [MainThread] 호출벨 리스트 로드: 5개
2026-08-21 10:08:56.943 [session=000416] [INFO] [MainThread] 호출벨 목록 동일 - UI 재생성 생략
2026-08-21 10:08:56.943 [session=000416] [INFO] [MainThread] 호출벨용 용도 목록 로드 요청
2026-08-21 10:08:56.943 [session=000416] [INFO] [MainThread] 호출벨에 용도 목록 전달: 2개
2026-08-21 10:08:56.943 [session=000416] [INFO] [MainThread] 용도 목록 로드: 2개
2026-08-21 10:08:56.944 [session=000416] [INFO] [MainThread] 목적지 목록 로드: 5개
2026-08-21 10:08:56.944 [session=000416] [INFO] [MainThread] 호출벨 관리에 목적지 목록 전달: 5개
2026-08-21 10:08:56.950 [session=000416] [INFO] [MainThread] My IP : 192.168.104.212
2026-08-21 10:08:57.116 [session=000416] [INFO] [ThreadPoolExecutor-8_0] 순차 이동 설정 저장 완료: /home/dentium/robot_GUIs/app/config/sequential_move.json
2026-08-21 10:08:59.394 [session=000416] [INFO] [MainThread] [MAIN_THREAD_HEARTBEAT] GUI main thread alive: thread=MainThread
2026-08-21 10:08:59.681 [session=000416] [INFO] [SSE-SSE_BATTERY_LOW_SHUTDOWN] [SSE_DIAG] connect attempt tag=SSE_BATTERY_LOW_SHUTDOWN, reconnect=94, url=http://localhost:8080/robot_ec2b/events/battery/low_shutdown
2026-08-21 10:08:59.696 [session=000416] [INFO] [SSE-SSE_BATTERY_LOW_SHUTDOWN] [SSE_DIAG] connected tag=SSE_BATTERY_LOW_SHUTDOWN, status=404, reason=Not Found, elapsed=0.01s, content_type=application/json, url=http://localhost:8080/robot_ec2b/events/battery/low_shutdown
2026-08-21 10:08:59.696 [session=000416] [ERROR] [SSE-SSE_BATTERY_LOW_SHUTDOWN] [SSE_DIAG] non-200 response tag=SSE_BATTERY_LOW_SHUTDOWN, status=404, reason=Not Found, url=http://localhost:8080/robot_ec2b/events/battery/low_shutdown
2026-08-21 10:08:59.701 [session=000416] [INFO] [SSE-SSE_BATTERY_LOW_SHUTDOWN] [SSE_DIAG] reconnect wait tag=SSE_BATTERY_LOW_SHUTDOWN, delay=10s, reconnect=95, reason=HTTP 404, url=http://localhost:8080/robot_ec2b/events/battery/low_shutdown
2026-08-21 10:09:04.394 [session=000416] [INFO] [MainThread] [MAIN_THREAD_HEARTBEAT] GUI main thread alive: thread=MainThread
2026-08-21 10:09:06.908 [session=000416] [DEBUG] [RestApiThread] GetCallBellFromRESTAPI 요청 시작
2026-08-21 10:09:06.910 [session=000416] [DEBUG] [RestApiThread] _get_data: 요청 시작 - tag: REST_API_TAG.GET_CALLBELL, url: http://localhost:8080/robot_ec2b/callbell
2026-08-21 10:09:06.911 [session=000416] [DEBUG] [RestApiThread] _get_data: 요청 전송 완료 - tag: REST_API_TAG.GET_CALLBELL, timeout: 30000ms
2026-08-21 10:09:06.915 [session=000416] [INFO] [MainThread] model_manager set_destinations: unchanged (5 items) - emit skipped
2026-08-21 10:09:06.919 [session=000416] [INFO] [MainThread] 홈 위치 수신: (3.12, 1.10)
2026-08-21 10:09:06.921 [session=000416] [INFO] [MainThread] 홈 위치 표시 업데이트: (894.0, 100.9)
2026-08-21 10:09:06.926 [session=000416] [INFO] [MainThread]   홈 위치 서버 → 픽셀 좌표로 변환 및 UI 업데이트: (894.0, 100.9)
2026-08-21 10:09:06.933 [session=000416] [DEBUG] [RestApiThread] _handle_response 호출됨 - tag: REST_API_TAG.GET_CALLBELL, status_code: 200
2026-08-21 10:09:06.934 [session=000416] [INFO] [ThreadPoolExecutor-5_0] 호출벨 데이터 수신: 5개
2026-08-21 10:09:06.935 [session=000416] [INFO] [MainThread] 호출벨-목적지 동기화 완료: 5개 호출벨
2026-08-21 10:09:06.936 [session=000416] [INFO] [MainThread] 목적지 리스트 반환: destinations=[Destination(name='로비', goal_pose=Pose(x=4.241336459631034, y=-2.361104203714551, qw=0.5097087478206948, qz=0.8603470185890456), bell=Bells(treatment='', suction='64012cd7'), idx=0, color='#e53935'), Destination(name='수술실', goal_pose=Pose(x=4.5199271819089395, y=-3.9219605026851503, qw=0.14533446519134308, qz=-0.9893825818294691), bell=Bells(treatment='', suction='64132cd7'), idx=1, color='#e53935'), Destination(name='진료실', goal_pose=Pose(x=0.11980823444488001, y=-3.735511450600503, qw=0.9963649848510123, qz=0.0851869530083222), bell=Bells(treatment='', suction='64252cd7'), idx=2, color='#e53935'), Destination(name='창고', goal_pose=Pose(x=0.2834625688692579, y=-6.793061814598156, qw=0.5257961572167338, qz=0.850610604834031), bell=Bells(treatment='', suction='64372cd7'), idx=3, color='#e53935'), Destination(name='소독실', goal_pose=Pose(x=-3.4045695907217928, y=-7.611793760201744, qw=0.546869706461766, qz=0.8372177280459497), bell=Bells(treatment='', suction='64492cd7'), idx=4, color='#e53935')]
2026-08-21 10:09:06.936 [session=000416] [INFO] [MainThread] 호출벨 리스트 반환: callbells={'64012cd7': {'name': '호출벨 1', 'usage': 'suction', 'destination': '로비'}, '64132cd7': {'name': '호출벨 2', 'usage': 'suction', 'destination': '수술실'}, '64252cd7': {'name': '호출벨 3', 'usage': 'suction', 'destination': '진료실'}, '64372cd7': {'name': '호출벨 4', 'usage': 'suction', 'destination': '창고'}, '64492cd7': {'name': '호출벨 5', 'usage': 'suction', 'destination': '소독실'}}, robot_usages=['treatment', 'suction']
2026-08-21 10:09:06.936 [session=000416] [INFO] [MainThread] 호출벨 리스트 로드: 5개
2026-08-21 10:09:06.937 [session=000416] [INFO] [MainThread] 호출벨 목록 동일 - UI 재생성 생략
2026-08-21 10:09:06.937 [session=000416] [INFO] [MainThread] 호출벨용 용도 목록 로드 요청
2026-08-21 10:09:06.938 [session=000416] [INFO] [MainThread] 호출벨에 용도 목록 전달: 2개
2026-08-21 10:09:06.938 [session=000416] [INFO] [MainThread] 용도 목록 로드: 2개
2026-08-21 10:09:06.938 [session=000416] [INFO] [MainThread] 목적지 목록 로드: 5개
2026-08-21 10:09:06.938 [session=000416] [INFO] [MainThread] 호출벨 관리에 목적지 목록 전달: 5개
2026-08-21 10:09:06.940 [session=000416] [INFO] [MainThread] My IP : 192.168.104.212
2026-08-21 10:09:06.941 [session=000416] [INFO] [browser-music-sync_0] [BROWSER_MUSIC_SYNC] event=catalog_fetch_started master_base_url=http://127.0.0.1:5051
2026-08-21 10:09:06.995 [session=000416] [INFO] [browser-music-sync_0] [BROWSER_MUSIC_SYNC] event=catalog_fetch_succeeded master_base_url=http://127.0.0.1:5051 item_count=3
2026-08-21 10:09:07.004 [session=000416] [INFO] [RestApiThread] [REST API] 배경 음악 GET 전송: operation=selection_get, url=http://127.0.0.1:5051/api/voice-event-settings/background-music?robot_id=robot_ec2b
2026-08-21 10:09:07.005 [session=000416] [INFO] [RestApiThread] [REST API] 배경 음악 GET 전송: operation=resolved_get, url=http://127.0.0.1:5051/api/voice-event-settings/resolved?robot_id=robot_ec2b
2026-08-21 10:09:07.032 [session=000416] [DEBUG] [RestApiThread] _handle_response 호출됨 - tag: REST_API_TAG.GET_RESOLVED_BACKGROUND_MUSIC, status_code: 200
2026-08-21 10:09:07.035 [session=000416] [DEBUG] [RestApiThread] _handle_response 호출됨 - tag: REST_API_TAG.GET_BACKGROUND_MUSIC_SETTING, status_code: 200
2026-08-21 10:09:07.118 [session=000416] [INFO] [ThreadPoolExecutor-8_0] 순차 이동 설정 저장 완료: /home/dentium/robot_GUIs/app/config/sequential_move.json
2026-08-21 10:09:09.394 [session=000416] [INFO] [MainThread] [MAIN_THREAD_HEARTBEAT] GUI main thread alive: thread=MainThread
2026-08-21 10:09:09.705 [session=000416] [INFO] [SSE-SSE_BATTERY_LOW_SHUTDOWN] [SSE_DIAG] connect attempt tag=SSE_BATTERY_LOW_SHUTDOWN, reconnect=95, url=http://localhost:8080/robot_ec2b/events/battery/low_shutdown
2026-08-21 10:09:09.716 [session=000416] [INFO] [SSE-SSE_BATTERY_LOW_SHUTDOWN] [SSE_DIAG] connected tag=SSE_BATTERY_LOW_SHUTDOWN, status=404, reason=Not Found, elapsed=0.01s, content_type=application/json, url=http://localhost:8080/robot_ec2b/events/battery/low_shutdown
2026-08-21 10:09:09.717 [session=000416] [ERROR] [SSE-SSE_BATTERY_LOW_SHUTDOWN] [SSE_DIAG] non-200 response tag=SSE_BATTERY_LOW_SHUTDOWN, status=404, reason=Not Found, url=http://localhost:8080/robot_ec2b/events/battery/low_shutdown
2026-08-21 10:09:09.719 [session=000416] [INFO] [SSE-SSE_BATTERY_LOW_SHUTDOWN] [SSE_DIAG] reconnect wait tag=SSE_BATTERY_LOW_SHUTDOWN, delay=10s, reconnect=96, reason=HTTP 404, url=http://localhost:8080/robot_ec2b/events/battery/low_shutdown
2026-08-21 10:09:14.395 [session=000416] [INFO] [MainThread] [MAIN_THREAD_HEARTBEAT] GUI main thread alive: thread=MainThread
2026-08-21 10:09:16.907 [session=000416] [DEBUG] [RestApiThread] GetCallBellFromRESTAPI 요청 시작
2026-08-21 10:09:16.909 [session=000416] [DEBUG] [RestApiThread] _get_data: 요청 시작 - tag: REST_API_TAG.GET_CALLBELL, url: http://localhost:8080/robot_ec2b/callbell
2026-08-21 10:09:16.910 [session=000416] [DEBUG] [RestApiThread] _get_data: 요청 전송 완료 - tag: REST_API_TAG.GET_CALLBELL, timeout: 30000ms
2026-08-21 10:09:16.916 [session=000416] [INFO] [MainThread] model_manager set_destinations: unchanged (5 items) - emit skipped
2026-08-21 10:09:16.922 [session=000416] [INFO] [MainThread] 홈 위치 수신: (3.12, 1.10)
2026-08-21 10:09:16.923 [session=000416] [INFO] [MainThread] 홈 위치 표시 업데이트: (894.0, 100.9)
2026-08-21 10:09:16.926 [session=000416] [INFO] [MainThread]   홈 위치 서버 → 픽셀 좌표로 변환 및 UI 업데이트: (894.0, 100.9)
2026-08-21 10:09:16.932 [session=000416] [DEBUG] [RestApiThread] _handle_response 호출됨 - tag: REST_API_TAG.GET_CALLBELL, status_code: 200
2026-08-21 10:09:16.934 [session=000416] [INFO] [ThreadPoolExecutor-5_2] 호출벨 데이터 수신: 5개
2026-08-21 10:09:16.935 [session=000416] [INFO] [MainThread] 호출벨-목적지 동기화 완료: 5개 호출벨
2026-08-21 10:09:16.936 [session=000416] [INFO] [MainThread] 목적지 리스트 반환: destinations=[Destination(name='로비', goal_pose=Pose(x=4.241336459631034, y=-2.361104203714551, qw=0.5097087478206948, qz=0.8603470185890456), bell=Bells(treatment='', suction='64012cd7'), idx=0, color='#e53935'), Destination(name='수술실', goal_pose=Pose(x=4.5199271819089395, y=-3.9219605026851503, qw=0.14533446519134308, qz=-0.9893825818294691), bell=Bells(treatment='', suction='64132cd7'), idx=1, color='#e53935'), Destination(name='진료실', goal_pose=Pose(x=0.11980823444488001, y=-3.735511450600503, qw=0.9963649848510123, qz=0.0851869530083222), bell=Bells(treatment='', suction='64252cd7'), idx=2, color='#e53935'), Destination(name='창고', goal_pose=Pose(x=0.2834625688692579, y=-6.793061814598156, qw=0.5257961572167338, qz=0.850610604834031), bell=Bells(treatment='', suction='64372cd7'), idx=3, color='#e53935'), Destination(name='소독실', goal_pose=Pose(x=-3.4045695907217928, y=-7.611793760201744, qw=0.546869706461766, qz=0.8372177280459497), bell=Bells(treatment='', suction='64492cd7'), idx=4, color='#e53935')]
2026-08-21 10:09:16.937 [session=000416] [INFO] [MainThread] 호출벨 리스트 반환: callbells={'64012cd7': {'name': '호출벨 1', 'usage': 'suction', 'destination': '로비'}, '64132cd7': {'name': '호출벨 2', 'usage': 'suction', 'destination': '수술실'}, '64252cd7': {'name': '호출벨 3', 'usage': 'suction', 'destination': '진료실'}, '64372cd7': {'name': '호출벨 4', 'usage': 'suction', 'destination': '창고'}, '64492cd7': {'name': '호출벨 5', 'usage': 'suction', 'destination': '소독실'}}, robot_usages=['treatment', 'suction']
2026-08-21 10:09:16.938 [session=000416] [INFO] [MainThread] 호출벨 리스트 로드: 5개
2026-08-21 10:09:16.938 [session=000416] [INFO] [MainThread] 호출벨 목록 동일 - UI 재생성 생략
2026-08-21 10:09:16.938 [session=000416] [INFO] [MainThread] 호출벨용 용도 목록 로드 요청
2026-08-21 10:09:16.939 [session=000416] [INFO] [MainThread] 호출벨에 용도 목록 전달: 2개
2026-08-21 10:09:16.939 [session=000416] [INFO] [MainThread] 용도 목록 로드: 2개
2026-08-21 10:09:16.939 [session=000416] [INFO] [MainThread] 목적지 목록 로드: 5개
2026-08-21 10:09:16.939 [session=000416] [INFO] [MainThread] 호출벨 관리에 목적지 목록 전달: 5개
2026-08-21 10:09:16.941 [session=000416] [INFO] [MainThread] My IP : 192.168.104.212
2026-08-21 10:09:17.118 [session=000416] [INFO] [ThreadPoolExecutor-8_0] 순차 이동 설정 저장 완료: /home/dentium/robot_GUIs/app/config/sequential_move.json
2026-08-21 10:09:19.394 [session=000416] [INFO] [MainThread] [MAIN_THREAD_HEARTBEAT] GUI main thread alive: thread=MainThread
2026-08-21 10:09:19.721 [session=000416] [INFO] [SSE-SSE_BATTERY_LOW_SHUTDOWN] [SSE_DIAG] connect attempt tag=SSE_BATTERY_LOW_SHUTDOWN, reconnect=96, url=http://localhost:8080/robot_ec2b/events/battery/low_shutdown
2026-08-21 10:09:19.731 [session=000416] [INFO] [SSE-SSE_BATTERY_LOW_SHUTDOWN] [SSE_DIAG] connected tag=SSE_BATTERY_LOW_SHUTDOWN, status=404, reason=Not Found, elapsed=0.01s, content_type=application/json, url=http://localhost:8080/robot_ec2b/events/battery/low_shutdown
2026-08-21 10:09:19.731 [session=000416] [ERROR] [SSE-SSE_BATTERY_LOW_SHUTDOWN] [SSE_DIAG] non-200 response tag=SSE_BATTERY_LOW_SHUTDOWN, status=404, reason=Not Found, url=http://localhost:8080/robot_ec2b/events/battery/low_shutdown
2026-08-21 10:09:19.734 [session=000416] [INFO] [SSE-SSE_BATTERY_LOW_SHUTDOWN] [SSE_DIAG] reconnect wait tag=SSE_BATTERY_LOW_SHUTDOWN, delay=10s, reconnect=97, reason=HTTP 404, url=http://localhost:8080/robot_ec2b/events/battery/low_shutdown
2026-08-21 10:09:24.395 [session=000416] [INFO] [MainThread] [MAIN_THREAD_HEARTBEAT] GUI main thread alive: thread=MainThread
2026-08-21 10:09:26.895 [session=000416] [DEBUG] [RestApiThread] GetCallBellFromRESTAPI 요청 시작
2026-08-21 10:09:26.905 [session=000416] [DEBUG] [RestApiThread] _get_data: 요청 시작 - tag: REST_API_TAG.GET_CALLBELL, url: http://localhost:8080/robot_ec2b/callbell
2026-08-21 10:09:26.909 [session=000416] [DEBUG] [RestApiThread] _get_data: 요청 전송 완료 - tag: REST_API_TAG.GET_CALLBELL, timeout: 30000ms
2026-08-21 10:09:26.921 [session=000416] [INFO] [MainThread] model_manager set_destinations: unchanged (5 items) - emit skipped
2026-08-21 10:09:26.929 [session=000416] [INFO] [MainThread] 홈 위치 수신: (3.12, 1.10)
2026-08-21 10:09:26.929 [session=000416] [INFO] [MainThread] 홈 위치 표시 업데이트: (894.0, 100.9)
2026-08-21 10:09:26.931 [session=000416] [INFO] [MainThread]   홈 위치 서버 → 픽셀 좌표로 변환 및 UI 업데이트: (894.0, 100.9)
2026-08-21 10:09:26.933 [session=000416] [DEBUG] [RestApiThread] _handle_response 호출됨 - tag: REST_API_TAG.GET_CALLBELL, status_code: 200
2026-08-21 10:09:26.934 [session=000416] [INFO] [ThreadPoolExecutor-5_2] 호출벨 데이터 수신: 5개
2026-08-21 10:09:26.937 [session=000416] [INFO] [MainThread] 호출벨-목적지 동기화 완료: 5개 호출벨
2026-08-21 10:09:26.937 [session=000416] [INFO] [MainThread] 목적지 리스트 반환: destinations=[Destination(name='로비', goal_pose=Pose(x=4.241336459631034, y=-2.361104203714551, qw=0.5097087478206948, qz=0.8603470185890456), bell=Bells(treatment='', suction='64012cd7'), idx=0, color='#e53935'), Destination(name='수술실', goal_pose=Pose(x=4.5199271819089395, y=-3.9219605026851503, qw=0.14533446519134308, qz=-0.9893825818294691), bell=Bells(treatment='', suction='64132cd7'), idx=1, color='#e53935'), Destination(name='진료실', goal_pose=Pose(x=0.11980823444488001, y=-3.735511450600503, qw=0.9963649848510123, qz=0.0851869530083222), bell=Bells(treatment='', suction='64252cd7'), idx=2, color='#e53935'), Destination(name='창고', goal_pose=Pose(x=0.2834625688692579, y=-6.793061814598156, qw=0.5257961572167338, qz=0.850610604834031), bell=Bells(treatment='', suction='64372cd7'), idx=3, color='#e53935'), Destination(name='소독실', goal_pose=Pose(x=-3.4045695907217928, y=-7.611793760201744, qw=0.546869706461766, qz=0.8372177280459497), bell=Bells(treatment='', suction='64492cd7'), idx=4, color='#e53935')]
2026-08-21 10:09:26.938 [session=000416] [INFO] [MainThread] 호출벨 리스트 반환: callbells={'64012cd7': {'name': '호출벨 1', 'usage': 'suction', 'destination': '로비'}, '64132cd7': {'name': '호출벨 2', 'usage': 'suction', 'destination': '수술실'}, '64252cd7': {'name': '호출벨 3', 'usage': 'suction', 'destination': '진료실'}, '64372cd7': {'name': '호출벨 4', 'usage': 'suction', 'destination': '창고'}, '64492cd7': {'name': '호출벨 5', 'usage': 'suction', 'destination': '소독실'}}, robot_usages=['treatment', 'suction']
2026-08-21 10:09:26.939 [session=000416] [INFO] [MainThread] 호출벨 리스트 로드: 5개
2026-08-21 10:09:26.940 [session=000416] [INFO] [MainThread] 호출벨 목록 동일 - UI 재생성 생략
2026-08-21 10:09:26.942 [session=000416] [INFO] [MainThread] 호출벨용 용도 목록 로드 요청
2026-08-21 10:09:26.943 [session=000416] [INFO] [MainThread] 호출벨에 용도 목록 전달: 2개
2026-08-21 10:09:26.943 [session=000416] [INFO] [MainThread] 용도 목록 로드: 2개
2026-08-21 10:09:26.943 [session=000416] [INFO] [MainThread] 목적지 목록 로드: 5개
2026-08-21 10:09:26.943 [session=000416] [INFO] [MainThread] 호출벨 관리에 목적지 목록 전달: 5개
2026-08-21 10:09:26.944 [session=000416] [INFO] [MainThread] My IP : 192.168.104.212
2026-08-21 10:09:27.120 [session=000416] [INFO] [ThreadPoolExecutor-8_0] 순차 이동 설정 저장 완료: /home/dentium/robot_GUIs/app/config/sequential_move.json
2026-08-21 10:09:29.394 [session=000416] [INFO] [MainThread] [MAIN_THREAD_HEARTBEAT] GUI main thread alive: thread=MainThread
2026-08-21 10:09:29.735 [session=000416] [INFO] [SSE-SSE_BATTERY_LOW_SHUTDOWN] [SSE_DIAG] connect attempt tag=SSE_BATTERY_LOW_SHUTDOWN, reconnect=97, url=http://localhost:8080/robot_ec2b/events/battery/low_shutdown
2026-08-21 10:09:29.744 [session=000416] [INFO] [SSE-SSE_BATTERY_LOW_SHUTDOWN] [SSE_DIAG] connected tag=SSE_BATTERY_LOW_SHUTDOWN, status=404, reason=Not Found, elapsed=0.01s, content_type=application/json, url=http://localhost:8080/robot_ec2b/events/battery/low_shutdown
2026-08-21 10:09:29.744 [session=000416] [ERROR] [SSE-SSE_BATTERY_LOW_SHUTDOWN] [SSE_DIAG] non-200 response tag=SSE_BATTERY_LOW_SHUTDOWN, status=404, reason=Not Found, url=http://localhost:8080/robot_ec2b/events/battery/low_shutdown
2026-08-21 10:09:29.747 [session=000416] [INFO] [SSE-SSE_BATTERY_LOW_SHUTDOWN] [SSE_DIAG] reconnect wait tag=SSE_BATTERY_LOW_SHUTDOWN, delay=10s, reconnect=98, reason=HTTP 404, url=http://localhost:8080/robot_ec2b/events/battery/low_shutdown
2026-08-21 10:09:34.393 [session=000416] [INFO] [MainThread] [MAIN_THREAD_HEARTBEAT] GUI main thread alive: thread=MainThread
2026-08-21 10:09:36.901 [session=000416] [DEBUG] [RestApiThread] GetCallBellFromRESTAPI 요청 시작
2026-08-21 10:09:36.904 [session=000416] [DEBUG] [RestApiThread] _get_data: 요청 시작 - tag: REST_API_TAG.GET_CALLBELL, url: http://localhost:8080/robot_ec2b/callbell
2026-08-21 10:09:36.905 [session=000416] [DEBUG] [RestApiThread] _get_data: 요청 전송 완료 - tag: REST_API_TAG.GET_CALLBELL, timeout: 30000ms
2026-08-21 10:09:36.907 [session=000416] [INFO] [MainThread] model_manager set_destinations: unchanged (5 items) - emit skipped
2026-08-21 10:09:36.910 [session=000416] [INFO] [MainThread] 홈 위치 수신: (3.12, 1.10)
2026-08-21 10:09:36.910 [session=000416] [INFO] [MainThread] 홈 위치 표시 업데이트: (894.0, 100.9)
2026-08-21 10:09:36.917 [session=000416] [DEBUG] [RestApiThread] _handle_response 호출됨 - tag: REST_API_TAG.GET_CALLBELL, status_code: 200
2026-08-21 10:09:36.919 [session=000416] [INFO] [ThreadPoolExecutor-5_0] 호출벨 데이터 수신: 5개
2026-08-21 10:09:36.922 [session=000416] [INFO] [MainThread]   홈 위치 서버 → 픽셀 좌표로 변환 및 UI 업데이트: (894.0, 100.9)
2026-08-21 10:09:36.925 [session=000416] [INFO] [MainThread] 호출벨-목적지 동기화 완료: 5개 호출벨
2026-08-21 10:09:36.925 [session=000416] [INFO] [MainThread] 목적지 리스트 반환: destinations=[Destination(name='로비', goal_pose=Pose(x=4.241336459631034, y=-2.361104203714551, qw=0.5097087478206948, qz=0.8603470185890456), bell=Bells(treatment='', suction='64012cd7'), idx=0, color='#e53935'), Destination(name='수술실', goal_pose=Pose(x=4.5199271819089395, y=-3.9219605026851503, qw=0.14533446519134308, qz=-0.9893825818294691), bell=Bells(treatment='', suction='64132cd7'), idx=1, color='#e53935'), Destination(name='진료실', goal_pose=Pose(x=0.11980823444488001, y=-3.735511450600503, qw=0.9963649848510123, qz=0.0851869530083222), bell=Bells(treatment='', suction='64252cd7'), idx=2, color='#e53935'), Destination(name='창고', goal_pose=Pose(x=0.2834625688692579, y=-6.793061814598156, qw=0.5257961572167338, qz=0.850610604834031), bell=Bells(treatment='', suction='64372cd7'), idx=3, color='#e53935'), Destination(name='소독실', goal_pose=Pose(x=-3.4045695907217928, y=-7.611793760201744, qw=0.546869706461766, qz=0.8372177280459497), bell=Bells(treatment='', suction='64492cd7'), idx=4, color='#e53935')]
2026-08-21 10:09:36.926 [session=000416] [INFO] [MainThread] 호출벨 리스트 반환: callbells={'64012cd7': {'name': '호출벨 1', 'usage': 'suction', 'destination': '로비'}, '64132cd7': {'name': '호출벨 2', 'usage': 'suction', 'destination': '수술실'}, '64252cd7': {'name': '호출벨 3', 'usage': 'suction', 'destination': '진료실'}, '64372cd7': {'name': '호출벨 4', 'usage': 'suction', 'destination': '창고'}, '64492cd7': {'name': '호출벨 5', 'usage': 'suction', 'destination': '소독실'}}, robot_usages=['treatment', 'suction']
2026-08-21 10:09:36.927 [session=000416] [INFO] [MainThread] 호출벨 리스트 로드: 5개
2026-08-21 10:09:36.927 [session=000416] [INFO] [MainThread] 호출벨 목록 동일 - UI 재생성 생략
2026-08-21 10:09:36.927 [session=000416] [INFO] [MainThread] 호출벨용 용도 목록 로드 요청
2026-08-21 10:09:36.927 [session=000416] [INFO] [MainThread] 호출벨에 용도 목록 전달: 2개
2026-08-21 10:09:36.928 [session=000416] [INFO] [MainThread] 용도 목록 로드: 2개
2026-08-21 10:09:36.928 [session=000416] [INFO] [MainThread] 목적지 목록 로드: 5개
2026-08-21 10:09:36.930 [session=000416] [INFO] [MainThread] 호출벨 관리에 목적지 목록 전달: 5개
2026-08-21 10:09:36.931 [session=000416] [INFO] [MainThread] My IP : 192.168.104.212
2026-08-21 10:09:37.097 [session=000416] [INFO] [ThreadPoolExecutor-8_0] 순차 이동 설정 저장 완료: /home/dentium/robot_GUIs/app/config/sequential_move.json
2026-08-21 10:09:39.394 [session=000416] [INFO] [MainThread] [MAIN_THREAD_HEARTBEAT] GUI main thread alive: thread=MainThread
2026-08-21 10:09:39.748 [session=000416] [INFO] [SSE-SSE_BATTERY_LOW_SHUTDOWN] [SSE_DIAG] connect attempt tag=SSE_BATTERY_LOW_SHUTDOWN, reconnect=98, url=http://localhost:8080/robot_ec2b/events/battery/low_shutdown
2026-08-21 10:09:39.762 [session=000416] [INFO] [SSE-SSE_BATTERY_LOW_SHUTDOWN] [SSE_DIAG] connected tag=SSE_BATTERY_LOW_SHUTDOWN, status=404, reason=Not Found, elapsed=0.01s, content_type=application/json, url=http://localhost:8080/robot_ec2b/events/battery/low_shutdown
2026-08-21 10:09:39.763 [session=000416] [ERROR] [SSE-SSE_BATTERY_LOW_SHUTDOWN] [SSE_DIAG] non-200 response tag=SSE_BATTERY_LOW_SHUTDOWN, status=404, reason=Not Found, url=http://localhost:8080/robot_ec2b/events/battery/low_shutdown
2026-08-21 10:09:39.765 [session=000416] [INFO] [SSE-SSE_BATTERY_LOW_SHUTDOWN] [SSE_DIAG] reconnect wait tag=SSE_BATTERY_LOW_SHUTDOWN, delay=10s, reconnect=99, reason=HTTP 404, url=http://localhost:8080/robot_ec2b/events/battery/low_shutdown
2026-08-21 10:09:44.394 [session=000416] [INFO] [MainThread] [MAIN_THREAD_HEARTBEAT] GUI main thread alive: thread=MainThread
2026-08-21 10:09:46.907 [session=000416] [DEBUG] [RestApiThread] GetCallBellFromRESTAPI 요청 시작
2026-08-21 10:09:46.912 [session=000416] [DEBUG] [RestApiThread] _get_data: 요청 시작 - tag: REST_API_TAG.GET_CALLBELL, url: http://localhost:8080/robot_ec2b/callbell
2026-08-21 10:09:46.913 [session=000416] [DEBUG] [RestApiThread] _get_data: 요청 전송 완료 - tag: REST_API_TAG.GET_CALLBELL, timeout: 30000ms
2026-08-21 10:09:46.916 [session=000416] [INFO] [MainThread] model_manager set_destinations: unchanged (5 items) - emit skipped
2026-08-21 10:09:46.929 [session=000416] [DEBUG] [RestApiThread] _handle_response 호출됨 - tag: REST_API_TAG.GET_CALLBELL, status_code: 200
2026-08-21 10:09:46.931 [session=000416] [INFO] [ThreadPoolExecutor-5_1] 호출벨 데이터 수신: 5개
2026-08-21 10:09:46.936 [session=000416] [INFO] [MainThread] 호출벨-목적지 동기화 완료: 5개 호출벨
2026-08-21 10:09:46.936 [session=000416] [INFO] [MainThread] 목적지 리스트 반환: destinations=[Destination(name='로비', goal_pose=Pose(x=4.241336459631034, y=-2.361104203714551, qw=0.5097087478206948, qz=0.8603470185890456), bell=Bells(treatment='', suction='64012cd7'), idx=0, color='#e53935'), Destination(name='수술실', goal_pose=Pose(x=4.5199271819089395, y=-3.9219605026851503, qw=0.14533446519134308, qz=-0.9893825818294691), bell=Bells(treatment='', suction='64132cd7'), idx=1, color='#e53935'), Destination(name='진료실', goal_pose=Pose(x=0.11980823444488001, y=-3.735511450600503, qw=0.9963649848510123, qz=0.0851869530083222), bell=Bells(treatment='', suction='64252cd7'), idx=2, color='#e53935'), Destination(name='창고', goal_pose=Pose(x=0.2834625688692579, y=-6.793061814598156, qw=0.5257961572167338, qz=0.850610604834031), bell=Bells(treatment='', suction='64372cd7'), idx=3, color='#e53935'), Destination(name='소독실', goal_pose=Pose(x=-3.4045695907217928, y=-7.611793760201744, qw=0.546869706461766, qz=0.8372177280459497), bell=Bells(treatment='', suction='64492cd7'), idx=4, color='#e53935')]
2026-08-21 10:09:46.937 [session=000416] [INFO] [MainThread] 호출벨 리스트 반환: callbells={'64012cd7': {'name': '호출벨 1', 'usage': 'suction', 'destination': '로비'}, '64132cd7': {'name': '호출벨 2', 'usage': 'suction', 'destination': '수술실'}, '64252cd7': {'name': '호출벨 3', 'usage': 'suction', 'destination': '진료실'}, '64372cd7': {'name': '호출벨 4', 'usage': 'suction', 'destination': '창고'}, '64492cd7': {'name': '호출벨 5', 'usage': 'suction', 'destination': '소독실'}}, robot_usages=['treatment', 'suction']
2026-08-21 10:09:46.937 [session=000416] [INFO] [RestApiThread] _handle_response (CYCLIC 정상) - tag: REST_API_TAG.GET_MASTER_IP_ADDRESS, status: 200, pending→0
2026-08-21 10:09:46.937 [session=000416] [INFO] [MainThread] 호출벨 리스트 로드: 5개
2026-08-21 10:09:46.938 [session=000416] [INFO] [MainThread] 호출벨 목록 동일 - UI 재생성 생략
2026-08-21 10:09:46.938 [session=000416] [INFO] [MainThread] 호출벨용 용도 목록 로드 요청
2026-08-21 10:09:46.939 [session=000416] [INFO] [MainThread] 호출벨에 용도 목록 전달: 2개
2026-08-21 10:09:46.939 [session=000416] [INFO] [MainThread] 용도 목록 로드: 2개
2026-08-21 10:09:46.939 [session=000416] [INFO] [MainThread] 목적지 목록 로드: 5개
2026-08-21 10:09:46.939 [session=000416] [INFO] [MainThread] 호출벨 관리에 목적지 목록 전달: 5개
2026-08-21 10:09:46.941 [session=000416] [INFO] [MainThread] 홈 위치 수신: (3.12, 1.10)
2026-08-21 10:09:46.942 [session=000416] [INFO] [MainThread] 홈 위치 표시 업데이트: (894.0, 100.9)
2026-08-21 10:09:46.944 [session=000416] [INFO] [MainThread]   홈 위치 서버 → 픽셀 좌표로 변환 및 UI 업데이트: (894.0, 100.9)
2026-08-21 10:09:46.946 [session=000416] [INFO] [MainThread] My IP : 192.168.104.212
2026-08-21 10:09:46.962 [session=000416] [INFO] [browser-music-sync_0] [BROWSER_MUSIC_SYNC] event=catalog_fetch_started master_base_url=http://127.0.0.1:5051
2026-08-21 10:09:46.999 [session=000416] [INFO] [browser-music-sync_0] [BROWSER_MUSIC_SYNC] event=catalog_fetch_succeeded master_base_url=http://127.0.0.1:5051 item_count=3
2026-08-21 10:09:47.007 [session=000416] [INFO] [RestApiThread] [REST API] 배경 음악 GET 전송: operation=selection_get, url=http://127.0.0.1:5051/api/voice-event-settings/background-music?robot_id=robot_ec2b
2026-08-21 10:09:47.008 [session=000416] [INFO] [RestApiThread] [REST API] 배경 음악 GET 전송: operation=resolved_get, url=http://127.0.0.1:5051/api/voice-event-settings/resolved?robot_id=robot_ec2b
2026-08-21 10:09:47.036 [session=000416] [DEBUG] [RestApiThread] _handle_response 호출됨 - tag: REST_API_TAG.GET_RESOLVED_BACKGROUND_MUSIC, status_code: 200
2026-08-21 10:09:47.038 [session=000416] [DEBUG] [RestApiThread] _handle_response 호출됨 - tag: REST_API_TAG.GET_BACKGROUND_MUSIC_SETTING, status_code: 200
2026-08-21 10:09:47.120 [session=000416] [INFO] [ThreadPoolExecutor-8_0] 순차 이동 설정 저장 완료: /home/dentium/robot_GUIs/app/config/sequential_move.json
2026-08-21 10:09:49.394 [session=000416] [INFO] [MainThread] [MAIN_THREAD_HEARTBEAT] GUI main thread alive: thread=MainThread
2026-08-21 10:09:49.766 [session=000416] [INFO] [SSE-SSE_BATTERY_LOW_SHUTDOWN] [SSE_DIAG] connect attempt tag=SSE_BATTERY_LOW_SHUTDOWN, reconnect=99, url=http://localhost:8080/robot_ec2b/events/battery/low_shutdown
2026-08-21 10:09:49.784 [session=000416] [INFO] [SSE-SSE_BATTERY_LOW_SHUTDOWN] [SSE_DIAG] connected tag=SSE_BATTERY_LOW_SHUTDOWN, status=404, reason=Not Found, elapsed=0.02s, content_type=application/json, url=http://localhost:8080/robot_ec2b/events/battery/low_shutdown
2026-08-21 10:09:49.786 [session=000416] [ERROR] [SSE-SSE_BATTERY_LOW_SHUTDOWN] [SSE_DIAG] non-200 response tag=SSE_BATTERY_LOW_SHUTDOWN, status=404, reason=Not Found, url=http://localhost:8080/robot_ec2b/events/battery/low_shutdown
2026-08-21 10:09:49.790 [session=000416] [INFO] [SSE-SSE_BATTERY_LOW_SHUTDOWN] [SSE_DIAG] reconnect wait tag=SSE_BATTERY_LOW_SHUTDOWN, delay=10s, reconnect=100, reason=HTTP 404, url=http://localhost:8080/robot_ec2b/events/battery/low_shutdown
2026-08-21 10:09:54.394 [session=000416] [INFO] [MainThread] [MAIN_THREAD_HEARTBEAT] GUI main thread alive: thread=MainThread
2026-08-21 10:09:56.896 [session=000416] [DEBUG] [RestApiThread] GetCallBellFromRESTAPI 요청 시작
2026-08-21 10:09:56.901 [session=000416] [DEBUG] [RestApiThread] _get_data: 요청 시작 - tag: REST_API_TAG.GET_CALLBELL, url: http://localhost:8080/robot_ec2b/callbell
2026-08-21 10:09:56.902 [session=000416] [DEBUG] [RestApiThread] _get_data: 요청 전송 완료 - tag: REST_API_TAG.GET_CALLBELL, timeout: 30000ms
2026-08-21 10:09:56.904 [session=000416] [INFO] [RestApiThread] _handle_response (CYCLIC 정상) - tag: REST_API_TAG.GET_DESTINATIONS, status: 200, pending→3
2026-08-21 10:09:56.911 [session=000416] [INFO] [MainThread] model_manager set_destinations: unchanged (5 items) - emit skipped
2026-08-21 10:09:56.912 [session=000416] [INFO] [MainThread] 홈 위치 수신: (3.12, 1.10)
2026-08-21 10:09:56.913 [session=000416] [INFO] [MainThread] 홈 위치 표시 업데이트: (894.0, 100.9)
2026-08-21 10:09:56.922 [session=000416] [DEBUG] [RestApiThread] _handle_response 호출됨 - tag: REST_API_TAG.GET_CALLBELL, status_code: 200
2026-08-21 10:09:56.925 [session=000416] [INFO] [MainThread]   홈 위치 서버 → 픽셀 좌표로 변환 및 UI 업데이트: (894.0, 100.9)
2026-08-21 10:09:56.925 [session=000416] [INFO] [ThreadPoolExecutor-5_0] 호출벨 데이터 수신: 5개
2026-08-21 10:09:56.930 [session=000416] [INFO] [MainThread] My IP : 192.168.104.212
2026-08-21 10:09:56.932 [session=000416] [INFO] [MainThread] 호출벨-목적지 동기화 완료: 5개 호출벨
2026-08-21 10:09:56.932 [session=000416] [INFO] [MainThread] 목적지 리스트 반환: destinations=[Destination(name='로비', goal_pose=Pose(x=4.241336459631034, y=-2.361104203714551, qw=0.5097087478206948, qz=0.8603470185890456), bell=Bells(treatment='', suction='64012cd7'), idx=0, color='#e53935'), Destination(name='수술실', goal_pose=Pose(x=4.5199271819089395, y=-3.9219605026851503, qw=0.14533446519134308, qz=-0.9893825818294691), bell=Bells(treatment='', suction='64132cd7'), idx=1, color='#e53935'), Destination(name='진료실', goal_pose=Pose(x=0.11980823444488001, y=-3.735511450600503, qw=0.9963649848510123, qz=0.0851869530083222), bell=Bells(treatment='', suction='64252cd7'), idx=2, color='#e53935'), Destination(name='창고', goal_pose=Pose(x=0.2834625688692579, y=-6.793061814598156, qw=0.5257961572167338, qz=0.850610604834031), bell=Bells(treatment='', suction='64372cd7'), idx=3, color='#e53935'), Destination(name='소독실', goal_pose=Pose(x=-3.4045695907217928, y=-7.611793760201744, qw=0.546869706461766, qz=0.8372177280459497), bell=Bells(treatment='', suction='64492cd7'), idx=4, color='#e53935')]
2026-08-21 10:09:56.932 [session=000416] [INFO] [MainThread] 호출벨 리스트 반환: callbells={'64012cd7': {'name': '호출벨 1', 'usage': 'suction', 'destination': '로비'}, '64132cd7': {'name': '호출벨 2', 'usage': 'suction', 'destination': '수술실'}, '64252cd7': {'name': '호출벨 3', 'usage': 'suction', 'destination': '진료실'}, '64372cd7': {'name': '호출벨 4', 'usage': 'suction', 'destination': '창고'}, '64492cd7': {'name': '호출벨 5', 'usage': 'suction', 'destination': '소독실'}}, robot_usages=['treatment', 'suction']
2026-08-21 10:09:56.933 [session=000416] [INFO] [MainThread] 호출벨 리스트 로드: 5개
2026-08-21 10:09:56.933 [session=000416] [INFO] [MainThread] 호출벨 목록 동일 - UI 재생성 생략
2026-08-21 10:09:56.933 [session=000416] [INFO] [MainThread] 호출벨용 용도 목록 로드 요청
2026-08-21 10:09:56.934 [session=000416] [INFO] [MainThread] 호출벨에 용도 목록 전달: 2개
2026-08-21 10:09:56.934 [session=000416] [INFO] [MainThread] 용도 목록 로드: 2개
2026-08-21 10:09:56.934 [session=000416] [INFO] [MainThread] 목적지 목록 로드: 5개
2026-08-21 10:09:56.934 [session=000416] [INFO] [MainThread] 호출벨 관리에 목적지 목록 전달: 5개
2026-08-21 10:09:57.119 [session=000416] [INFO] [ThreadPoolExecutor-8_0] 순차 이동 설정 저장 완료: /home/dentium/robot_GUIs/app/config/sequential_move.json
2026-08-21 10:09:59.393 [session=000416] [INFO] [MainThread] [MAIN_THREAD_HEARTBEAT] GUI main thread alive: thread=MainThread
2026-08-21 10:09:59.791 [session=000416] [INFO] [SSE-SSE_BATTERY_LOW_SHUTDOWN] [SSE_DIAG] connect attempt tag=SSE_BATTERY_LOW_SHUTDOWN, reconnect=100, url=http://localhost:8080/robot_ec2b/events/battery/low_shutdown
2026-08-21 10:09:59.810 [session=000416] [INFO] [SSE-SSE_BATTERY_LOW_SHUTDOWN] [SSE_DIAG] connected tag=SSE_BATTERY_LOW_SHUTDOWN, status=404, reason=Not Found, elapsed=0.02s, content_type=application/json, url=http://localhost:8080/robot_ec2b/events/battery/low_shutdown
2026-08-21 10:09:59.810 [session=000416] [ERROR] [SSE-SSE_BATTERY_LOW_SHUTDOWN] [SSE_DIAG] non-200 response tag=SSE_BATTERY_LOW_SHUTDOWN, status=404, reason=Not Found, url=http://localhost:8080/robot_ec2b/events/battery/low_shutdown
2026-08-21 10:09:59.813 [session=000416] [INFO] [SSE-SSE_BATTERY_LOW_SHUTDOWN] [SSE_DIAG] reconnect wait tag=SSE_BATTERY_LOW_SHUTDOWN, delay=10s, reconnect=101, reason=HTTP 404, url=http://localhost:8080/robot_ec2b/events/battery/low_shutdown
2026-08-21 10:10:04.394 [session=000416] [INFO] [MainThread] [MAIN_THREAD_HEARTBEAT] GUI main thread alive: thread=MainThread
2026-08-21 10:10:06.896 [session=000416] [DEBUG] [RestApiThread] GetCallBellFromRESTAPI 요청 시작
2026-08-21 10:10:06.899 [session=000416] [DEBUG] [RestApiThread] _get_data: 요청 시작 - tag: REST_API_TAG.GET_CALLBELL, url: http://localhost:8080/robot_ec2b/callbell
2026-08-21 10:10:06.904 [session=000416] [DEBUG] [RestApiThread] _get_data: 요청 전송 완료 - tag: REST_API_TAG.GET_CALLBELL, timeout: 30000ms
2026-08-21 10:10:06.909 [session=000416] [INFO] [MainThread] model_manager set_destinations: unchanged (5 items) - emit skipped
2026-08-21 10:10:06.914 [session=000416] [INFO] [MainThread] 홈 위치 수신: (3.12, 1.10)
2026-08-21 10:10:06.914 [session=000416] [INFO] [MainThread] 홈 위치 표시 업데이트: (894.0, 100.9)
2026-08-21 10:10:06.919 [session=000416] [INFO] [MainThread]   홈 위치 서버 → 픽셀 좌표로 변환 및 UI 업데이트: (894.0, 100.9)
2026-08-21 10:10:06.927 [session=000416] [DEBUG] [RestApiThread] _handle_response 호출됨 - tag: REST_API_TAG.GET_CALLBELL, status_code: 200
2026-08-21 10:10:06.928 [session=000416] [INFO] [ThreadPoolExecutor-5_0] 호출벨 데이터 수신: 5개
2026-08-21 10:10:06.930 [session=000416] [INFO] [MainThread] 호출벨-목적지 동기화 완료: 5개 호출벨
2026-08-21 10:10:06.930 [session=000416] [INFO] [MainThread] 목적지 리스트 반환: destinations=[Destination(name='로비', goal_pose=Pose(x=4.241336459631034, y=-2.361104203714551, qw=0.5097087478206948, qz=0.8603470185890456), bell=Bells(treatment='', suction='64012cd7'), idx=0, color='#e53935'), Destination(name='수술실', goal_pose=Pose(x=4.5199271819089395, y=-3.9219605026851503, qw=0.14533446519134308, qz=-0.9893825818294691), bell=Bells(treatment='', suction='64132cd7'), idx=1, color='#e53935'), Destination(name='진료실', goal_pose=Pose(x=0.11980823444488001, y=-3.735511450600503, qw=0.9963649848510123, qz=0.0851869530083222), bell=Bells(treatment='', suction='64252cd7'), idx=2, color='#e53935'), Destination(name='창고', goal_pose=Pose(x=0.2834625688692579, y=-6.793061814598156, qw=0.5257961572167338, qz=0.850610604834031), bell=Bells(treatment='', suction='64372cd7'), idx=3, color='#e53935'), Destination(name='소독실', goal_pose=Pose(x=-3.4045695907217928, y=-7.611793760201744, qw=0.546869706461766, qz=0.8372177280459497), bell=Bells(treatment='', suction='64492cd7'), idx=4, color='#e53935')]
2026-08-21 10:10:06.930 [session=000416] [INFO] [MainThread] 호출벨 리스트 반환: callbells={'64012cd7': {'name': '호출벨 1', 'usage': 'suction', 'destination': '로비'}, '64132cd7': {'name': '호출벨 2', 'usage': 'suction', 'destination': '수술실'}, '64252cd7': {'name': '호출벨 3', 'usage': 'suction', 'destination': '진료실'}, '64372cd7': {'name': '호출벨 4', 'usage': 'suction', 'destination': '창고'}, '64492cd7': {'name': '호출벨 5', 'usage': 'suction', 'destination': '소독실'}}, robot_usages=['treatment', 'suction']
2026-08-21 10:10:06.931 [session=000416] [INFO] [MainThread] 호출벨 리스트 로드: 5개
2026-08-21 10:10:06.931 [session=000416] [INFO] [MainThread] 호출벨 목록 동일 - UI 재생성 생략
2026-08-21 10:10:06.931 [session=000416] [INFO] [MainThread] 호출벨용 용도 목록 로드 요청
2026-08-21 10:10:06.931 [session=000416] [INFO] [MainThread] 호출벨에 용도 목록 전달: 2개
2026-08-21 10:10:06.932 [session=000416] [INFO] [MainThread] 용도 목록 로드: 2개
2026-08-21 10:10:06.932 [session=000416] [INFO] [MainThread] 목적지 목록 로드: 5개
2026-08-21 10:10:06.932 [session=000416] [INFO] [MainThread] 호출벨 관리에 목적지 목록 전달: 5개
2026-08-21 10:10:06.935 [session=000416] [INFO] [MainThread] My IP : 192.168.104.212
2026-08-21 10:10:07.097 [session=000416] [INFO] [ThreadPoolExecutor-8_0] 순차 이동 설정 저장 완료: /home/dentium/robot_GUIs/app/config/sequential_move.json
2026-08-21 10:10:09.394 [session=000416] [INFO] [MainThread] [MAIN_THREAD_HEARTBEAT] GUI main thread alive: thread=MainThread
2026-08-21 10:10:09.815 [session=000416] [INFO] [SSE-SSE_BATTERY_LOW_SHUTDOWN] [SSE_DIAG] connect attempt tag=SSE_BATTERY_LOW_SHUTDOWN, reconnect=101, url=http://localhost:8080/robot_ec2b/events/battery/low_shutdown
2026-08-21 10:10:09.826 [session=000416] [INFO] [SSE-SSE_BATTERY_LOW_SHUTDOWN] [SSE_DIAG] connected tag=SSE_BATTERY_LOW_SHUTDOWN, status=404, reason=Not Found, elapsed=0.01s, content_type=application/json, url=http://localhost:8080/robot_ec2b/events/battery/low_shutdown
2026-08-21 10:10:09.827 [session=000416] [ERROR] [SSE-SSE_BATTERY_LOW_SHUTDOWN] [SSE_DIAG] non-200 response tag=SSE_BATTERY_LOW_SHUTDOWN, status=404, reason=Not Found, url=http://localhost:8080/robot_ec2b/events/battery/low_shutdown
2026-08-21 10:10:09.831 [session=000416] [INFO] [SSE-SSE_BATTERY_LOW_SHUTDOWN] [SSE_DIAG] reconnect wait tag=SSE_BATTERY_LOW_SHUTDOWN, delay=10s, reconnect=102, reason=HTTP 404, url=http://localhost:8080/robot_ec2b/events/battery/low_shutdown
2026-08-21 10:10:14.396 [session=000416] [INFO] [MainThread] [MAIN_THREAD_HEARTBEAT] GUI main thread alive: thread=MainThread
2026-08-21 10:10:16.896 [session=000416] [DEBUG] [RestApiThread] GetCallBellFromRESTAPI 요청 시작
2026-08-21 10:10:16.899 [session=000416] [DEBUG] [RestApiThread] _get_data: 요청 시작 - tag: REST_API_TAG.GET_CALLBELL, url: http://localhost:8080/robot_ec2b/callbell
2026-08-21 10:10:16.905 [session=000416] [DEBUG] [RestApiThread] _get_data: 요청 전송 완료 - tag: REST_API_TAG.GET_CALLBELL, timeout: 30000ms
2026-08-21 10:10:16.909 [session=000416] [INFO] [MainThread] model_manager set_destinations: unchanged (5 items) - emit skipped
2026-08-21 10:10:16.911 [session=000416] [INFO] [MainThread] 홈 위치 수신: (3.12, 1.10)
2026-08-21 10:10:16.912 [session=000416] [INFO] [MainThread] 홈 위치 표시 업데이트: (894.0, 100.9)
2026-08-21 10:10:16.915 [session=000416] [INFO] [MainThread]   홈 위치 서버 → 픽셀 좌표로 변환 및 UI 업데이트: (894.0, 100.9)
2026-08-21 10:10:16.918 [session=000416] [DEBUG] [RestApiThread] _handle_response 호출됨 - tag: REST_API_TAG.GET_CALLBELL, status_code: 200
2026-08-21 10:10:16.920 [session=000416] [INFO] [ThreadPoolExecutor-5_1] 호출벨 데이터 수신: 5개
2026-08-21 10:10:16.922 [session=000416] [INFO] [MainThread] 호출벨-목적지 동기화 완료: 5개 호출벨
2026-08-21 10:10:16.922 [session=000416] [INFO] [MainThread] 목적지 리스트 반환: destinations=[Destination(name='로비', goal_pose=Pose(x=4.241336459631034, y=-2.361104203714551, qw=0.5097087478206948, qz=0.8603470185890456), bell=Bells(treatment='', suction='64012cd7'), idx=0, color='#e53935'), Destination(name='수술실', goal_pose=Pose(x=4.5199271819089395, y=-3.9219605026851503, qw=0.14533446519134308, qz=-0.9893825818294691), bell=Bells(treatment='', suction='64132cd7'), idx=1, color='#e53935'), Destination(name='진료실', goal_pose=Pose(x=0.11980823444488001, y=-3.735511450600503, qw=0.9963649848510123, qz=0.0851869530083222), bell=Bells(treatment='', suction='64252cd7'), idx=2, color='#e53935'), Destination(name='창고', goal_pose=Pose(x=0.2834625688692579, y=-6.793061814598156, qw=0.5257961572167338, qz=0.850610604834031), bell=Bells(treatment='', suction='64372cd7'), idx=3, color='#e53935'), Destination(name='소독실', goal_pose=Pose(x=-3.4045695907217928, y=-7.611793760201744, qw=0.546869706461766, qz=0.8372177280459497), bell=Bells(treatment='', suction='64492cd7'), idx=4, color='#e53935')]
2026-08-21 10:10:16.923 [session=000416] [INFO] [MainThread] 호출벨 리스트 반환: callbells={'64012cd7': {'name': '호출벨 1', 'usage': 'suction', 'destination': '로비'}, '64132cd7': {'name': '호출벨 2', 'usage': 'suction', 'destination': '수술실'}, '64252cd7': {'name': '호출벨 3', 'usage': 'suction', 'destination': '진료실'}, '64372cd7': {'name': '호출벨 4', 'usage': 'suction', 'destination': '창고'}, '64492cd7': {'name': '호출벨 5', 'usage': 'suction', 'destination': '소독실'}}, robot_usages=['treatment', 'suction']
2026-08-21 10:10:16.924 [session=000416] [INFO] [MainThread] 호출벨 리스트 로드: 5개
2026-08-21 10:10:16.924 [session=000416] [INFO] [MainThread] 호출벨 목록 동일 - UI 재생성 생략
2026-08-21 10:10:16.925 [session=000416] [INFO] [MainThread] 호출벨용 용도 목록 로드 요청
2026-08-21 10:10:16.925 [session=000416] [INFO] [MainThread] 호출벨에 용도 목록 전달: 2개
2026-08-21 10:10:16.927 [session=000416] [INFO] [MainThread] 용도 목록 로드: 2개
2026-08-21 10:10:16.929 [session=000416] [INFO] [MainThread] 목적지 목록 로드: 5개
2026-08-21 10:10:16.930 [session=000416] [INFO] [MainThread] 호출벨 관리에 목적지 목록 전달: 5개
2026-08-21 10:10:16.936 [session=000416] [INFO] [MainThread] My IP : 192.168.104.212
2026-08-21 10:10:17.099 [session=000416] [INFO] [ThreadPoolExecutor-8_0] 순차 이동 설정 저장 완료: /home/dentium/robot_GUIs/app/config/sequential_move.json
2026-08-21 10:10:19.394 [session=000416] [INFO] [MainThread] [MAIN_THREAD_HEARTBEAT] GUI main thread alive: thread=MainThread
2026-08-21 10:10:19.834 [session=000416] [INFO] [SSE-SSE_BATTERY_LOW_SHUTDOWN] [SSE_DIAG] connect attempt tag=SSE_BATTERY_LOW_SHUTDOWN, reconnect=102, url=http://localhost:8080/robot_ec2b/events/battery/low_shutdown
2026-08-21 10:10:19.842 [session=000416] [INFO] [SSE-SSE_BATTERY_LOW_SHUTDOWN] [SSE_DIAG] connected tag=SSE_BATTERY_LOW_SHUTDOWN, status=404, reason=Not Found, elapsed=0.01s, content_type=application/json, url=http://localhost:8080/robot_ec2b/events/battery/low_shutdown
2026-08-21 10:10:19.842 [session=000416] [ERROR] [SSE-SSE_BATTERY_LOW_SHUTDOWN] [SSE_DIAG] non-200 response tag=SSE_BATTERY_LOW_SHUTDOWN, status=404, reason=Not Found, url=http://localhost:8080/robot_ec2b/events/battery/low_shutdown
2026-08-21 10:10:19.846 [session=000416] [INFO] [SSE-SSE_BATTERY_LOW_SHUTDOWN] [SSE_DIAG] reconnect wait tag=SSE_BATTERY_LOW_SHUTDOWN, delay=10s, reconnect=103, reason=HTTP 404, url=http://localhost:8080/robot_ec2b/events/battery/low_shutdown
2026-08-21 10:10:23.210 [session=000416] [INFO] [MainThread] User Input Detected: Event Type 194
2026-08-21 10:10:23.214 [session=000416] [DEBUG] [MainThread] [LockByTouch] [TOUCH LOCK] 터치 입력 감지 — req_lock(True)
2026-08-21 10:10:23.216 [session=000416] [DEBUG] [RestApiThread] [LockByTouch] [REST API] SendRobotLock(True)
2026-08-21 10:10:23.218 [session=000416] [INFO] [MainThread] User Input Detected: Event Type 194
2026-08-21 10:10:23.224 [session=000416] [INFO] [MainThread] User Input Detected: Event Type 2
2026-08-21 10:10:23.225 [session=000416] [INFO] [MainThread] User Input Detected: Event Type 2
2026-08-21 10:10:23.235 [session=000416] [DEBUG] [MainThread] [LockByTouch] set_view_lock(True), reason=screen context changed — 현재 상태: manual=False, cond=False, touch=True, slam=False
2026-08-21 10:10:23.237 [session=000416] [DEBUG] [RestApiThread] [LockByTouch] [REST API] SendRobotLock(True)
2026-08-21 10:10:23.237 [session=000416] [WARNING] [RestApiThread] _set_data: 중복 요청 생략 - tag: REST_API_TAG.POST_ROBOT_LOCK
2026-08-21 10:10:23.238 [session=000416] [INFO] [MainThread] [LockByTouch] Idle timeout updated: 60 seconds
2026-08-21 10:10:23.239 [session=000416] [DEBUG] [RestApiThread] _handle_response 호출됨 - tag: REST_API_TAG.POST_ROBOT_LOCK, status_code: 200
2026-08-21 10:10:23.240 [session=000416] [DEBUG] [ThreadPoolExecutor-5_2] 백그라운드 파싱 대상이 아닌 REST 태그: REST_API_TAG.POST_ROBOT_LOCK
2026-08-21 10:10:23.303 [session=000416] [DEBUG] [MainThread] 🔊 버튼 클릭 소리 재생: button0.wav
2026-08-21 10:10:23.304 [session=000416] [DEBUG] [Dummy-6] [AUDIO_DIAG] cached effect request status=Ready, pool_size=1, device=Built-in Audio Digital Stereo (HDMI), path=/home/dentium/robot_GUIs/app/resources/sounds/sounds/button0.wav
2026-08-21 10:10:23.305 [session=000416] [DEBUG] [Dummy-6] [AUDIO_DIAG] cached effect play status=Ready, device=Built-in Audio Digital Stereo (HDMI), path=/home/dentium/robot_GUIs/app/resources/sounds/sounds/button0.wav
2026-08-21 10:10:23.310 [session=000416] [DEBUG] [Dummy-6] [AUDIO_DIAG] cached effect playing is_playing=True, status=Ready, path=/home/dentium/robot_GUIs/app/resources/sounds/sounds/button0.wav
2026-08-21 10:10:23.363 [session=000416] [DEBUG] [Dummy-6] [AUDIO_DIAG] cached effect playing is_playing=False, status=Ready, path=/home/dentium/robot_GUIs/app/resources/sounds/sounds/button0.wav
2026-08-21 10:10:23.651 [session=000416] [DEBUG] [SSE-SSE_ROBOT_STATUS] SSE robot status: ROBOT_LOCKED
2026-08-21 10:10:23.927 [session=000416] [INFO] [MainThread] User Input Detected: Event Type 194
2026-08-21 10:10:23.928 [session=000416] [INFO] [MainThread] User Input Detected: Event Type 194
2026-08-21 10:10:23.936 [session=000416] [INFO] [MainThread] User Input Detected: Event Type 2
2026-08-21 10:10:23.937 [session=000416] [INFO] [MainThread] User Input Detected: Event Type 2
2026-08-21 10:10:24.004 [session=000416] [INFO] [MainThread] 지도 콘텐츠에서 다른 메뉴로 전환 - 지도 페이지 이탈 처리
2026-08-21 10:10:24.004 [session=000416] [INFO] [MainThread] === 지도 보기 페이지 이탈 ===
2026-08-21 10:10:24.034 [session=000416] [INFO] [MainThread] 위치 지정 위젯 모드 변경: view
2026-08-21 10:10:24.076 [session=000416] [INFO] [MainThread] 네트워크 설정 콘텐츠 표시
2026-08-21 10:10:24.099 [session=000416] [INFO] [MainThread] WiFi Scan Results Summary: 동일 네트워크 목록 - UI 재생성 생략
2026-08-21 10:10:24.100 [session=000416] [INFO] [MainThread] WiFi Scan Results Summary: 동일 네트워크 목록 - UI 재생성 생략
2026-08-21 10:10:24.109 [session=000416] [WARNING] [MainThread] [PERF] 화면형 콘텐츠 표시 지연: menu_id=system_network, 106.3ms
2026-08-21 10:10:24.111 [session=000416] [INFO] [MainThread] 화면형 메뉴 콘텐츠 전체 화면 표시: system_network
2026-08-21 10:10:24.113 [session=000416] [WARNING] [MainThread] [PERF] 화면형 메뉴 콘텐츠 진입 지연: menu_id=system_network, 109.8ms
2026-08-21 10:10:24.117 [session=000416] [DEBUG] [MainThread] 🔊 버튼 클릭 소리 재생: button0.wav
2026-08-21 10:10:24.117 [session=000416] [DEBUG] [Dummy-6] [AUDIO_DIAG] cached effect request status=Ready, pool_size=1, device=Built-in Audio Digital Stereo (HDMI), path=/home/dentium/robot_GUIs/app/resources/sounds/sounds/button0.wav
2026-08-21 10:10:24.118 [session=000416] [DEBUG] [Dummy-6] [AUDIO_DIAG] cached effect play status=Ready, device=Built-in Audio Digital Stereo (HDMI), path=/home/dentium/robot_GUIs/app/resources/sounds/sounds/button0.wav
2026-08-21 10:10:24.120 [session=000416] [DEBUG] [Dummy-6] [AUDIO_DIAG] cached effect playing is_playing=True, status=Ready, path=/home/dentium/robot_GUIs/app/resources/sounds/sounds/button0.wav
2026-08-21 10:10:24.171 [session=000416] [INFO] [MainThread] My IP : 192.168.104.212
2026-08-21 10:10:24.174 [session=000416] [INFO] [browser-music-sync_0] [BROWSER_MUSIC_SYNC] event=catalog_fetch_started master_base_url=http://127.0.0.1:5051
2026-08-21 10:10:24.175 [session=000416] [DEBUG] [Dummy-6] [AUDIO_DIAG] cached effect playing is_playing=False, status=Ready, path=/home/dentium/robot_GUIs/app/resources/sounds/sounds/button0.wav
2026-08-21 10:10:24.218 [session=000416] [INFO] [browser-music-sync_0] [BROWSER_MUSIC_SYNC] event=catalog_fetch_succeeded master_base_url=http://127.0.0.1:5051 item_count=3
2026-08-21 10:10:24.233 [session=000416] [INFO] [RestApiThread] [REST API] 배경 음악 GET 전송: operation=selection_get, url=http://127.0.0.1:5051/api/voice-event-settings/background-music?robot_id=robot_ec2b
2026-08-21 10:10:24.235 [session=000416] [INFO] [RestApiThread] [REST API] 배경 음악 GET 전송: operation=resolved_get, url=http://127.0.0.1:5051/api/voice-event-settings/resolved?robot_id=robot_ec2b
2026-08-21 10:10:24.260 [session=000416] [DEBUG] [RestApiThread] _handle_response 호출됨 - tag: REST_API_TAG.GET_BACKGROUND_MUSIC_SETTING, status_code: 200
2026-08-21 10:10:24.268 [session=000416] [DEBUG] [RestApiThread] _handle_response 호출됨 - tag: REST_API_TAG.GET_RESOLVED_BACKGROUND_MUSIC, status_code: 200
2026-08-21 10:10:24.397 [session=000416] [INFO] [MainThread] [MAIN_THREAD_HEARTBEAT] GUI main thread alive: thread=MainThread
2026-08-21 10:10:24.906 [session=000416] [INFO] [MainThread] WiFi Scan Results Summary: 동일 네트워크 목록 - UI 재생성 생략
2026-08-21 10:10:25.004 [session=000416] [INFO] [MainThread] WiFi Scan Results Summary: 동일 네트워크 목록 - UI 재생성 생략
2026-08-21 10:10:25.009 [session=000416] [INFO] [MainThread] WiFi Scan Results Summary:
2026-08-21 10:10:25.009 [session=000416] [INFO] [MainThread]  - Raw networks from scan: 0
2026-08-21 10:10:25.009 [session=000416] [INFO] [MainThread]  - Unique SSIDs to display: 0
2026-08-21 10:10:25.009 [session=000416] [INFO] [MainThread]  - Connected networks (top): 0
2026-08-21 10:10:25.009 [session=000416] [INFO] [MainThread]  - Disconnected networks: 0
2026-08-21 10:10:26.900 [session=000416] [DEBUG] [RestApiThread] GetCallBellFromRESTAPI 요청 시작
2026-08-21 10:10:26.906 [session=000416] [DEBUG] [RestApiThread] _get_data: 요청 시작 - tag: REST_API_TAG.GET_CALLBELL, url: http://localhost:8080/robot_ec2b/callbell
2026-08-21 10:10:26.913 [session=000416] [DEBUG] [RestApiThread] _get_data: 요청 전송 완료 - tag: REST_API_TAG.GET_CALLBELL, timeout: 30000ms
2026-08-21 10:10:26.935 [session=000416] [INFO] [MainThread] model_manager set_destinations: unchanged (5 items) - emit skipped
2026-08-21 10:10:26.936 [session=000416] [INFO] [MainThread] 홈 위치 수신: (3.12, 1.10)
2026-08-21 10:10:26.937 [session=000416] [INFO] [MainThread] 홈 위치 표시 업데이트: (894.0, 100.9)
2026-08-21 10:10:26.941 [session=000416] [INFO] [MainThread]   홈 위치 서버 → 픽셀 좌표로 변환 및 UI 업데이트: (894.0, 100.9)
2026-08-21 10:10:26.942 [session=000416] [DEBUG] [RestApiThread] _handle_response 호출됨 - tag: REST_API_TAG.GET_CALLBELL, status_code: 200
2026-08-21 10:10:26.943 [session=000416] [INFO] [ThreadPoolExecutor-5_0] 호출벨 데이터 수신: 5개
2026-08-21 10:10:26.946 [session=000416] [INFO] [MainThread] 호출벨-목적지 동기화 완료: 5개 호출벨
2026-08-21 10:10:26.946 [session=000416] [INFO] [MainThread] 목적지 리스트 반환: destinations=[Destination(name='로비', goal_pose=Pose(x=4.241336459631034, y=-2.361104203714551, qw=0.5097087478206948, qz=0.8603470185890456), bell=Bells(treatment='', suction='64012cd7'), idx=0, color='#e53935'), Destination(name='수술실', goal_pose=Pose(x=4.5199271819089395, y=-3.9219605026851503, qw=0.14533446519134308, qz=-0.9893825818294691), bell=Bells(treatment='', suction='64132cd7'), idx=1, color='#e53935'), Destination(name='진료실', goal_pose=Pose(x=0.11980823444488001, y=-3.735511450600503, qw=0.9963649848510123, qz=0.0851869530083222), bell=Bells(treatment='', suction='64252cd7'), idx=2, color='#e53935'), Destination(name='창고', goal_pose=Pose(x=0.2834625688692579, y=-6.793061814598156, qw=0.5257961572167338, qz=0.850610604834031), bell=Bells(treatment='', suction='64372cd7'), idx=3, color='#e53935'), Destination(name='소독실', goal_pose=Pose(x=-3.4045695907217928, y=-7.611793760201744, qw=0.546869706461766, qz=0.8372177280459497), bell=Bells(treatment='', suction='64492cd7'), idx=4, color='#e53935')]
2026-08-21 10:10:26.946 [session=000416] [INFO] [MainThread] 호출벨 리스트 반환: callbells={'64012cd7': {'name': '호출벨 1', 'usage': 'suction', 'destination': '로비'}, '64132cd7': {'name': '호출벨 2', 'usage': 'suction', 'destination': '수술실'}, '64252cd7': {'name': '호출벨 3', 'usage': 'suction', 'destination': '진료실'}, '64372cd7': {'name': '호출벨 4', 'usage': 'suction', 'destination': '창고'}, '64492cd7': {'name': '호출벨 5', 'usage': 'suction', 'destination': '소독실'}}, robot_usages=['treatment', 'suction']
2026-08-21 10:10:26.947 [session=000416] [INFO] [MainThread] 호출벨 리스트 로드: 5개
2026-08-21 10:10:26.947 [session=000416] [INFO] [MainThread] 호출벨 목록 동일 - UI 재생성 생략
2026-08-21 10:10:26.947 [session=000416] [INFO] [MainThread] 호출벨용 용도 목록 로드 요청
2026-08-21 10:10:26.947 [session=000416] [INFO] [MainThread] 호출벨에 용도 목록 전달: 2개
2026-08-21 10:10:26.947 [session=000416] [INFO] [MainThread] 용도 목록 로드: 2개
2026-08-21 10:10:26.947 [session=000416] [INFO] [MainThread] 목적지 목록 로드: 5개
2026-08-21 10:10:26.948 [session=000416] [INFO] [MainThread] 호출벨 관리에 목적지 목록 전달: 5개
2026-08-21 10:10:26.959 [session=000416] [DEBUG] [MainThread] SSID: Dentium_wifi, SIGNAL: 79
2026-08-21 10:10:26.983 [session=000416] [INFO] [MainThread] My IP : 192.168.104.212
2026-08-21 10:10:27.121 [session=000416] [INFO] [ThreadPoolExecutor-8_0] 순차 이동 설정 저장 완료: /home/dentium/robot_GUIs/app/config/sequential_move.json
2026-08-21 10:10:27.152 [session=000416] [INFO] [MainThread] WiFi Scan Results Summary: 동일 네트워크 목록 - UI 재생성 생략
2026-08-21 10:10:27.154 [session=000416] [INFO] [MainThread] WiFi Scan Results Summary:
2026-08-21 10:10:27.154 [session=000416] [INFO] [MainThread]  - Raw networks from scan: 10
2026-08-21 10:10:27.155 [session=000416] [INFO] [MainThread]  - Unique SSIDs to display: 10
2026-08-21 10:10:27.157 [session=000416] [INFO] [MainThread]  - Connected networks (top): 0
2026-08-21 10:10:27.157 [session=000416] [INFO] [MainThread]  - Disconnected networks: 10
2026-08-21 10:10:27.212 [session=000416] [DEBUG] [MainThread] SSID: robot_cam, SIGNAL: 100
2026-08-21 10:10:27.252 [session=000416] [DEBUG] [MainThread] SSID: robot_cam5G, SIGNAL: 100
2026-08-21 10:10:27.280 [session=000416] [DEBUG] [MainThread] SSID: DooHyun_Dev, SIGNAL: 99
2026-08-21 10:10:27.302 [session=000416] [DEBUG] [MainThread] SSID: [LG_AirPurifier]a63c, SIGNAL: 87
2026-08-21 10:10:27.322 [session=000416] [DEBUG] [MainThread] SSID: iptime, SIGNAL: 74
2026-08-21 10:10:27.335 [session=000416] [DEBUG] [MainThread] SSID: iptime5G, SIGNAL: 64
2026-08-21 10:10:27.358 [session=000416] [DEBUG] [MainThread] SSID: Dentium_wifi_5F, SIGNAL: 60
2026-08-21 10:10:27.379 [session=000416] [DEBUG] [MainThread] SSID: [LG_AirPurifier]47de, SIGNAL: 57
2026-08-21 10:10:27.404 [session=000416] [DEBUG] [MainThread] SSID: Dentium_wifi_6F, SIGNAL: 50
2026-08-21 10:10:27.424 [session=000416] [DEBUG] [MainThread] SSID: DIRECT-23-HP OfficeJet Pro 9010, SIGNAL: 39
2026-08-21 10:10:29.238 [session=000416] [DEBUG] [MainThread] [LockByTouch] [TIMER] 터치 락 타이머 만료 — touch_lock=False
2026-08-21 10:10:29.241 [session=000416] [DEBUG] [MainThread] [LockByTouch] [STILL LOCKED] 해제 불가 — manual=False, cond=False, touch=False, view=True, slam=False, bypass=False
2026-08-21 10:10:29.369 [session=000416] [INFO] [MainThread] My IP : 192.168.104.212
2026-08-21 10:10:29.403 [session=000416] [INFO] [MainThread] [MAIN_THREAD_HEARTBEAT] GUI main thread alive: thread=MainThread
2026-08-21 10:10:29.847 [session=000416] [INFO] [SSE-SSE_BATTERY_LOW_SHUTDOWN] [SSE_DIAG] connect attempt tag=SSE_BATTERY_LOW_SHUTDOWN, reconnect=103, url=http://localhost:8080/robot_ec2b/events/battery/low_shutdown
2026-08-21 10:10:29.864 [session=000416] [INFO] [SSE-SSE_BATTERY_LOW_SHUTDOWN] [SSE_DIAG] connected tag=SSE_BATTERY_LOW_SHUTDOWN, status=404, reason=Not Found, elapsed=0.02s, content_type=application/json, url=http://localhost:8080/robot_ec2b/events/battery/low_shutdown
2026-08-21 10:10:29.864 [session=000416] [ERROR] [SSE-SSE_BATTERY_LOW_SHUTDOWN] [SSE_DIAG] non-200 response tag=SSE_BATTERY_LOW_SHUTDOWN, status=404, reason=Not Found, url=http://localhost:8080/robot_ec2b/events/battery/low_shutdown
2026-08-21 10:10:29.866 [session=000416] [INFO] [SSE-SSE_BATTERY_LOW_SHUTDOWN] [SSE_DIAG] reconnect wait tag=SSE_BATTERY_LOW_SHUTDOWN, delay=10s, reconnect=104, reason=HTTP 404, url=http://localhost:8080/robot_ec2b/events/battery/low_shutdown
2026-08-21 10:10:34.412 [session=000416] [INFO] [MainThread] [MAIN_THREAD_HEARTBEAT] GUI main thread alive: thread=MainThread
2026-08-21 10:10:34.458 [session=000416] [INFO] [MainThread] My IP : 192.168.104.212
2026-08-21 10:10:34.980 [session=000416] [DEBUG] [MainThread] SSID: Dentium_wifi, SIGNAL: 79
2026-08-21 10:10:34.980 [session=000416] [INFO] [MainThread] WiFi Scan Results Summary: 메타(신호/인증 표기)만 변경 - UI 재생성 생략
2026-08-21 10:10:35.092 [session=000416] [DEBUG] [MainThread] SSID: Dentium_wifi, SIGNAL: 79
2026-08-21 10:10:35.092 [session=000416] [INFO] [MainThread] WiFi Scan Results Summary: 메타(신호/인증 표기)만 변경 - UI 재생성 생략
2026-08-21 10:10:35.093 [session=000416] [INFO] [MainThread] WiFi Scan Results Summary: 동일 네트워크 목록 - UI 재생성 생략
2026-08-21 10:10:36.894 [session=000416] [DEBUG] [RestApiThread] GetCallBellFromRESTAPI 요청 시작
2026-08-21 10:10:36.896 [session=000416] [DEBUG] [RestApiThread] _get_data: 요청 시작 - tag: REST_API_TAG.GET_CALLBELL, url: http://localhost:8080/robot_ec2b/callbell
2026-08-21 10:10:36.897 [session=000416] [DEBUG] [RestApiThread] _get_data: 요청 전송 완료 - tag: REST_API_TAG.GET_CALLBELL, timeout: 30000ms
2026-08-21 10:10:36.903 [session=000416] [DEBUG] [RestApiThread] _handle_response 호출됨 - tag: REST_API_TAG.GET_CALLBELL, status_code: 200
2026-08-21 10:10:36.905 [session=000416] [INFO] [ThreadPoolExecutor-5_2] 호출벨 데이터 수신: 5개
2026-08-21 10:10:36.908 [session=000416] [INFO] [RestApiThread] _handle_response (CYCLIC 정상) - tag: REST_API_TAG.GET_HOME_POSE, status: 200, pending→0
2026-08-21 10:10:36.914 [session=000416] [INFO] [MainThread] model_manager set_destinations: unchanged (5 items) - emit skipped
2026-08-21 10:10:36.916 [session=000416] [INFO] [MainThread] 호출벨-목적지 동기화 완료: 5개 호출벨
2026-08-21 10:10:36.916 [session=000416] [INFO] [MainThread] 목적지 리스트 반환: destinations=[Destination(name='로비', goal_pose=Pose(x=4.241336459631034, y=-2.361104203714551, qw=0.5097087478206948, qz=0.8603470185890456), bell=Bells(treatment='', suction='64012cd7'), idx=0, color='#e53935'), Destination(name='수술실', goal_pose=Pose(x=4.5199271819089395, y=-3.9219605026851503, qw=0.14533446519134308, qz=-0.9893825818294691), bell=Bells(treatment='', suction='64132cd7'), idx=1, color='#e53935'), Destination(name='진료실', goal_pose=Pose(x=0.11980823444488001, y=-3.735511450600503, qw=0.9963649848510123, qz=0.0851869530083222), bell=Bells(treatment='', suction='64252cd7'), idx=2, color='#e53935'), Destination(name='창고', goal_pose=Pose(x=0.2834625688692579, y=-6.793061814598156, qw=0.5257961572167338, qz=0.850610604834031), bell=Bells(treatment='', suction='64372cd7'), idx=3, color='#e53935'), Destination(name='소독실', goal_pose=Pose(x=-3.4045695907217928, y=-7.611793760201744, qw=0.546869706461766, qz=0.8372177280459497), bell=Bells(treatment='', suction='64492cd7'), idx=4, color='#e53935')]
2026-08-21 10:10:36.917 [session=000416] [INFO] [MainThread] 호출벨 리스트 반환: callbells={'64012cd7': {'name': '호출벨 1', 'usage': 'suction', 'destination': '로비'}, '64132cd7': {'name': '호출벨 2', 'usage': 'suction', 'destination': '수술실'}, '64252cd7': {'name': '호출벨 3', 'usage': 'suction', 'destination': '진료실'}, '64372cd7': {'name': '호출벨 4', 'usage': 'suction', 'destination': '창고'}, '64492cd7': {'name': '호출벨 5', 'usage': 'suction', 'destination': '소독실'}}, robot_usages=['treatment', 'suction']
2026-08-21 10:10:36.917 [session=000416] [INFO] [MainThread] 호출벨 리스트 로드: 5개
2026-08-21 10:10:36.917 [session=000416] [INFO] [MainThread] 호출벨 목록 동일 - UI 재생성 생략
2026-08-21 10:10:36.917 [session=000416] [INFO] [MainThread] 호출벨용 용도 목록 로드 요청
2026-08-21 10:10:36.917 [session=000416] [INFO] [MainThread] 호출벨에 용도 목록 전달: 2개
2026-08-21 10:10:36.918 [session=000416] [INFO] [MainThread] 용도 목록 로드: 2개
2026-08-21 10:10:36.918 [session=000416] [INFO] [MainThread] 목적지 목록 로드: 5개
2026-08-21 10:10:36.918 [session=000416] [INFO] [MainThread] 호출벨 관리에 목적지 목록 전달: 5개
2026-08-21 10:10:36.918 [session=000416] [INFO] [MainThread] 홈 위치 수신: (3.12, 1.10)
2026-08-21 10:10:36.919 [session=000416] [INFO] [MainThread] 홈 위치 표시 업데이트: (894.0, 100.9)
2026-08-21 10:10:36.921 [session=000416] [INFO] [MainThread]   홈 위치 서버 → 픽셀 좌표로 변환 및 UI 업데이트: (894.0, 100.9)
2026-08-21 10:10:36.947 [session=000416] [INFO] [MainThread] My IP : 192.168.104.212
2026-08-21 10:10:37.096 [session=000416] [INFO] [ThreadPoolExecutor-8_0] 순차 이동 설정 저장 완료: /home/dentium/robot_GUIs/app/config/sequential_move.json
2026-08-21 10:10:37.238 [session=000416] [INFO] [MainThread] WiFi Scan Results Summary: 동일 네트워크 목록 - UI 재생성 생략
2026-08-21 10:10:37.239 [session=000416] [INFO] [MainThread] WiFi Scan Results Summary: 동일 네트워크 목록 - UI 재생성 생략
2026-08-21 10:10:39.398 [session=000416] [INFO] [MainThread] [MAIN_THREAD_HEARTBEAT] GUI main thread alive: thread=MainThread
2026-08-21 10:10:39.423 [session=000416] [INFO] [MainThread] My IP : 192.168.104.212
2026-08-21 10:10:39.868 [session=000416] [INFO] [SSE-SSE_BATTERY_LOW_SHUTDOWN] [SSE_DIAG] connect attempt tag=SSE_BATTERY_LOW_SHUTDOWN, reconnect=104, url=http://localhost:8080/robot_ec2b/events/battery/low_shutdown
2026-08-21 10:10:39.883 [session=000416] [INFO] [SSE-SSE_BATTERY_LOW_SHUTDOWN] [SSE_DIAG] connected tag=SSE_BATTERY_LOW_SHUTDOWN, status=404, reason=Not Found, elapsed=0.02s, content_type=application/json, url=http://localhost:8080/robot_ec2b/events/battery/low_shutdown
2026-08-21 10:10:39.884 [session=000416] [ERROR] [SSE-SSE_BATTERY_LOW_SHUTDOWN] [SSE_DIAG] non-200 response tag=SSE_BATTERY_LOW_SHUTDOWN, status=404, reason=Not Found, url=http://localhost:8080/robot_ec2b/events/battery/low_shutdown
2026-08-21 10:10:39.887 [session=000416] [INFO] [SSE-SSE_BATTERY_LOW_SHUTDOWN] [SSE_DIAG] reconnect wait tag=SSE_BATTERY_LOW_SHUTDOWN, delay=10s, reconnect=105, reason=HTTP 404, url=http://localhost:8080/robot_ec2b/events/battery/low_shutdown
2026-08-21 10:10:44.420 [session=000416] [INFO] [MainThread] [MAIN_THREAD_HEARTBEAT] GUI main thread alive: thread=MainThread
2026-08-21 10:10:44.426 [session=000416] [INFO] [RestApiThread] _handle_response (CYCLIC 정상) - tag: REST_API_TAG.GET_MASTER_IP_ADDRESS, status: 200, pending→0
2026-08-21 10:10:44.486 [session=000416] [INFO] [MainThread] My IP : 192.168.104.212
2026-08-21 10:10:44.986 [session=000416] [DEBUG] [MainThread] SSID: Dentium_wifi, SIGNAL: 79
2026-08-21 10:10:44.987 [session=000416] [INFO] [MainThread] WiFi Scan Results Summary: 메타(신호/인증 표기)만 변경 - UI 재생성 생략
2026-08-21 10:10:45.090 [session=000416] [DEBUG] [MainThread] SSID: Dentium_wifi, SIGNAL: 79
2026-08-21 10:10:45.090 [session=000416] [INFO] [MainThread] WiFi Scan Results Summary: 메타(신호/인증 표기)만 변경 - UI 재생성 생략
2026-08-21 10:10:45.091 [session=000416] [INFO] [MainThread] WiFi Scan Results Summary:
2026-08-21 10:10:45.091 [session=000416] [INFO] [MainThread]  - Raw networks from scan: 11
2026-08-21 10:10:45.091 [session=000416] [INFO] [MainThread]  - Unique SSIDs to display: 11
2026-08-21 10:10:45.091 [session=000416] [INFO] [MainThread]  - Connected networks (top): 0
2026-08-21 10:10:45.092 [session=000416] [INFO] [MainThread]  - Disconnected networks: 11
2026-08-21 10:10:45.152 [session=000416] [DEBUG] [MainThread] SSID: robot_cam, SIGNAL: 100
2026-08-21 10:10:45.171 [session=000416] [DEBUG] [MainThread] SSID: robot_cam5G, SIGNAL: 100
2026-08-21 10:10:45.224 [session=000416] [DEBUG] [MainThread] SSID: DooHyun_Dev, SIGNAL: 92
2026-08-21 10:10:45.277 [session=000416] [DEBUG] [MainThread] SSID: [LG_AirPurifier]a63c, SIGNAL: 89
2026-08-21 10:10:45.305 [session=000416] [DEBUG] [MainThread] SSID: iptime, SIGNAL: 75
2026-08-21 10:10:45.349 [session=000416] [DEBUG] [MainThread] SSID: iptime5G, SIGNAL: 64
2026-08-21 10:10:45.375 [session=000416] [DEBUG] [MainThread] SSID: Dentium_wifi_5F, SIGNAL: 60
2026-08-21 10:10:45.392 [session=000416] [DEBUG] [MainThread] SSID: Dentium_wifi_6F, SIGNAL: 60
2026-08-21 10:10:45.443 [session=000416] [DEBUG] [MainThread] SSID: [LG_AirPurifier]47de, SIGNAL: 59
2026-08-21 10:10:45.478 [session=000416] [DEBUG] [MainThread] SSID: DIRECT-23-HP OfficeJet Pro 9010, SIGNAL: 39
2026-08-21 10:10:45.523 [session=000416] [DEBUG] [MainThread] SSID: [LG_AirPurifier]dca4, SIGNAL: 37
2026-08-21 10:10:46.897 [session=000416] [DEBUG] [RestApiThread] GetCallBellFromRESTAPI 요청 시작
2026-08-21 10:10:46.899 [session=000416] [DEBUG] [RestApiThread] _get_data: 요청 시작 - tag: REST_API_TAG.GET_CALLBELL, url: http://localhost:8080/robot_ec2b/callbell
2026-08-21 10:10:46.900 [session=000416] [DEBUG] [RestApiThread] _get_data: 요청 전송 완료 - tag: REST_API_TAG.GET_CALLBELL, timeout: 30000ms
2026-08-21 10:10:46.916 [session=000416] [DEBUG] [RestApiThread] _handle_response 호출됨 - tag: REST_API_TAG.GET_CALLBELL, status_code: 200
2026-08-21 10:10:46.917 [session=000416] [INFO] [ThreadPoolExecutor-5_0] 호출벨 데이터 수신: 5개
2026-08-21 10:10:46.924 [session=000416] [INFO] [MainThread] model_manager set_destinations: unchanged (5 items) - emit skipped
2026-08-21 10:10:46.932 [session=000416] [INFO] [MainThread] 홈 위치 수신: (3.12, 1.10)
2026-08-21 10:10:46.935 [session=000416] [INFO] [MainThread] 홈 위치 표시 업데이트: (894.0, 100.9)
2026-08-21 10:10:46.938 [session=000416] [INFO] [MainThread]   홈 위치 서버 → 픽셀 좌표로 변환 및 UI 업데이트: (894.0, 100.9)
2026-08-21 10:10:46.939 [session=000416] [INFO] [MainThread] 호출벨-목적지 동기화 완료: 5개 호출벨
2026-08-21 10:10:46.939 [session=000416] [INFO] [MainThread] 목적지 리스트 반환: destinations=[Destination(name='로비', goal_pose=Pose(x=4.241336459631034, y=-2.361104203714551, qw=0.5097087478206948, qz=0.8603470185890456), bell=Bells(treatment='', suction='64012cd7'), idx=0, color='#e53935'), Destination(name='수술실', goal_pose=Pose(x=4.5199271819089395, y=-3.9219605026851503, qw=0.14533446519134308, qz=-0.9893825818294691), bell=Bells(treatment='', suction='64132cd7'), idx=1, color='#e53935'), Destination(name='진료실', goal_pose=Pose(x=0.11980823444488001, y=-3.735511450600503, qw=0.9963649848510123, qz=0.0851869530083222), bell=Bells(treatment='', suction='64252cd7'), idx=2, color='#e53935'), Destination(name='창고', goal_pose=Pose(x=0.2834625688692579, y=-6.793061814598156, qw=0.5257961572167338, qz=0.850610604834031), bell=Bells(treatment='', suction='64372cd7'), idx=3, color='#e53935'), Destination(name='소독실', goal_pose=Pose(x=-3.4045695907217928, y=-7.611793760201744, qw=0.546869706461766, qz=0.8372177280459497), bell=Bells(treatment='', suction='64492cd7'), idx=4, color='#e53935')]
2026-08-21 10:10:46.940 [session=000416] [INFO] [MainThread] 호출벨 리스트 반환: callbells={'64012cd7': {'name': '호출벨 1', 'usage': 'suction', 'destination': '로비'}, '64132cd7': {'name': '호출벨 2', 'usage': 'suction', 'destination': '수술실'}, '64252cd7': {'name': '호출벨 3', 'usage': 'suction', 'destination': '진료실'}, '64372cd7': {'name': '호출벨 4', 'usage': 'suction', 'destination': '창고'}, '64492cd7': {'name': '호출벨 5', 'usage': 'suction', 'destination': '소독실'}}, robot_usages=['treatment', 'suction']
2026-08-21 10:10:46.940 [session=000416] [INFO] [MainThread] 호출벨 리스트 로드: 5개
2026-08-21 10:10:46.940 [session=000416] [INFO] [MainThread] 호출벨 목록 동일 - UI 재생성 생략
2026-08-21 10:10:46.940 [session=000416] [INFO] [MainThread] 호출벨용 용도 목록 로드 요청
2026-08-21 10:10:46.940 [session=000416] [INFO] [MainThread] 호출벨에 용도 목록 전달: 2개
2026-08-21 10:10:46.941 [session=000416] [INFO] [MainThread] 용도 목록 로드: 2개
2026-08-21 10:10:46.941 [session=000416] [INFO] [MainThread] 목적지 목록 로드: 5개
2026-08-21 10:10:46.941 [session=000416] [INFO] [MainThread] 호출벨 관리에 목적지 목록 전달: 5개
2026-08-21 10:10:46.943 [session=000416] [INFO] [MainThread] My IP : 192.168.104.212
2026-08-21 10:10:46.999 [session=000416] [DEBUG] [MainThread] SSID: Dentium_wifi, SIGNAL: 85
2026-08-21 10:10:47.121 [session=000416] [INFO] [ThreadPoolExecutor-8_0] 순차 이동 설정 저장 완료: /home/dentium/robot_GUIs/app/config/sequential_move.json
2026-08-21 10:10:47.267 [session=000416] [INFO] [MainThread] WiFi Scan Results Summary: 동일 네트워크 목록 - UI 재생성 생략
2026-08-21 10:10:47.268 [session=000416] [INFO] [MainThread] WiFi Scan Results Summary: 동일 네트워크 목록 - UI 재생성 생략
2026-08-21 10:10:49.410 [session=000416] [INFO] [MainThread] [MAIN_THREAD_HEARTBEAT] GUI main thread alive: thread=MainThread
2026-08-21 10:10:49.432 [session=000416] [INFO] [MainThread] My IP : 192.168.104.212
2026-08-21 10:10:49.888 [session=000416] [INFO] [SSE-SSE_BATTERY_LOW_SHUTDOWN] [SSE_DIAG] connect attempt tag=SSE_BATTERY_LOW_SHUTDOWN, reconnect=105, url=http://localhost:8080/robot_ec2b/events/battery/low_shutdown
2026-08-21 10:10:49.902 [session=000416] [INFO] [SSE-SSE_BATTERY_LOW_SHUTDOWN] [SSE_DIAG] connected tag=SSE_BATTERY_LOW_SHUTDOWN, status=404, reason=Not Found, elapsed=0.01s, content_type=application/json, url=http://localhost:8080/robot_ec2b/events/battery/low_shutdown
2026-08-21 10:10:49.903 [session=000416] [ERROR] [SSE-SSE_BATTERY_LOW_SHUTDOWN] [SSE_DIAG] non-200 response tag=SSE_BATTERY_LOW_SHUTDOWN, status=404, reason=Not Found, url=http://localhost:8080/robot_ec2b/events/battery/low_shutdown
2026-08-21 10:10:49.907 [session=000416] [INFO] [SSE-SSE_BATTERY_LOW_SHUTDOWN] [SSE_DIAG] reconnect wait tag=SSE_BATTERY_LOW_SHUTDOWN, delay=10s, reconnect=106, reason=HTTP 404, url=http://localhost:8080/robot_ec2b/events/battery/low_shutdown
2026-08-21 10:10:54.410 [session=000416] [INFO] [MainThread] [MAIN_THREAD_HEARTBEAT] GUI main thread alive: thread=MainThread
2026-08-21 10:10:54.426 [session=000416] [INFO] [MainThread] My IP : 192.168.104.212
2026-08-21 10:10:54.429 [session=000416] [INFO] [browser-music-sync_0] [BROWSER_MUSIC_SYNC] event=catalog_fetch_started master_base_url=http://127.0.0.1:5051
2026-08-21 10:10:54.478 [session=000416] [INFO] [browser-music-sync_0] [BROWSER_MUSIC_SYNC] event=catalog_fetch_succeeded master_base_url=http://127.0.0.1:5051 item_count=3
2026-08-21 10:10:54.520 [session=000416] [INFO] [RestApiThread] [REST API] 배경 음악 GET 전송: operation=selection_get, url=http://127.0.0.1:5051/api/voice-event-settings/background-music?robot_id=robot_ec2b
2026-08-21 10:10:54.521 [session=000416] [INFO] [RestApiThread] [REST API] 배경 음악 GET 전송: operation=resolved_get, url=http://127.0.0.1:5051/api/voice-event-settings/resolved?robot_id=robot_ec2b
2026-08-21 10:10:54.544 [session=000416] [DEBUG] [RestApiThread] _handle_response 호출됨 - tag: REST_API_TAG.GET_BACKGROUND_MUSIC_SETTING, status_code: 200
2026-08-21 10:10:54.549 [session=000416] [DEBUG] [RestApiThread] _handle_response 호출됨 - tag: REST_API_TAG.GET_RESOLVED_BACKGROUND_MUSIC, status_code: 200
2026-08-21 10:10:55.027 [session=000416] [DEBUG] [MainThread] SSID: Dentium_wifi, SIGNAL: 85
2026-08-21 10:10:55.028 [session=000416] [INFO] [MainThread] WiFi Scan Results Summary: 메타(신호/인증 표기)만 변경 - UI 재생성 생략
2026-08-21 10:10:55.167 [session=000416] [DEBUG] [MainThread] SSID: Dentium_wifi, SIGNAL: 85
2026-08-21 10:10:55.167 [session=000416] [INFO] [MainThread] WiFi Scan Results Summary: 메타(신호/인증 표기)만 변경 - UI 재생성 생략
2026-08-21 10:10:55.168 [session=000416] [INFO] [MainThread] WiFi Scan Results Summary:
2026-08-21 10:10:55.168 [session=000416] [INFO] [MainThread]  - Raw networks from scan: 13
2026-08-21 10:10:55.168 [session=000416] [INFO] [MainThread]  - Unique SSIDs to display: 13
2026-08-21 10:10:55.168 [session=000416] [INFO] [MainThread]  - Connected networks (top): 0
2026-08-21 10:10:55.168 [session=000416] [INFO] [MainThread]  - Disconnected networks: 13
2026-08-21 10:10:55.234 [session=000416] [DEBUG] [MainThread] SSID: robot_cam, SIGNAL: 100
2026-08-21 10:10:55.247 [session=000416] [DEBUG] [MainThread] SSID: robot_cam5G, SIGNAL: 100
2026-08-21 10:10:55.300 [session=000416] [DEBUG] [MainThread] SSID: DooHyun_Dev, SIGNAL: 89
2026-08-21 10:10:55.327 [session=000416] [DEBUG] [MainThread] SSID: [LG_AirPurifier]a63c, SIGNAL: 84
2026-08-21 10:10:55.346 [session=000416] [DEBUG] [MainThread] SSID: iptime, SIGNAL: 74
2026-08-21 10:10:55.420 [session=000416] [DEBUG] [MainThread] SSID: iptime5G, SIGNAL: 64
2026-08-21 10:10:55.447 [session=000416] [DEBUG] [MainThread] SSID: Dentium_wifi_6F, SIGNAL: 60
2026-08-21 10:10:55.466 [session=000416] [DEBUG] [MainThread] SSID: Dentium_wifi_5F, SIGNAL: 59
2026-08-21 10:10:55.512 [session=000416] [DEBUG] [MainThread] SSID: [LG_AirPurifier]47de, SIGNAL: 59
2026-08-21 10:10:55.536 [session=000416] [DEBUG] [MainThread] SSID: DIRECT-23-HP OfficeJet Pro 9010, SIGNAL: 39
2026-08-21 10:10:55.558 [session=000416] [DEBUG] [MainThread] SSID: Hanwhahipcs2G, SIGNAL: 34
2026-08-21 10:10:55.575 [session=000416] [DEBUG] [MainThread] SSID: [LG_AirPurifier]dca4, SIGNAL: 34
2026-08-21 10:10:55.649 [session=000416] [DEBUG] [MainThread] SSID: [LG_AirPurifier]dc2c, SIGNAL: 24
2026-08-21 10:10:56.896 [session=000416] [DEBUG] [RestApiThread] GetCallBellFromRESTAPI 요청 시작
2026-08-21 10:10:56.898 [session=000416] [DEBUG] [RestApiThread] _get_data: 요청 시작 - tag: REST_API_TAG.GET_CALLBELL, url: http://localhost:8080/robot_ec2b/callbell
2026-08-21 10:10:56.903 [session=000416] [DEBUG] [RestApiThread] _get_data: 요청 전송 완료 - tag: REST_API_TAG.GET_CALLBELL, timeout: 30000ms
2026-08-21 10:10:56.918 [session=000416] [DEBUG] [RestApiThread] _handle_response 호출됨 - tag: REST_API_TAG.GET_CALLBELL, status_code: 200
2026-08-21 10:10:56.919 [session=000416] [INFO] [ThreadPoolExecutor-5_2] 호출벨 데이터 수신: 5개
2026-08-21 10:10:56.943 [session=000416] [INFO] [MainThread] model_manager set_destinations: unchanged (5 items) - emit skipped
2026-08-21 10:10:56.945 [session=000416] [INFO] [MainThread] 홈 위치 수신: (3.12, 1.10)
2026-08-21 10:10:56.945 [session=000416] [INFO] [MainThread] 홈 위치 표시 업데이트: (894.0, 100.9)
2026-08-21 10:10:56.949 [session=000416] [INFO] [MainThread]   홈 위치 서버 → 픽셀 좌표로 변환 및 UI 업데이트: (894.0, 100.9)
2026-08-21 10:10:56.953 [session=000416] [INFO] [MainThread] 호출벨-목적지 동기화 완료: 5개 호출벨
2026-08-21 10:10:56.954 [session=000416] [INFO] [MainThread] 목적지 리스트 반환: destinations=[Destination(name='로비', goal_pose=Pose(x=4.241336459631034, y=-2.361104203714551, qw=0.5097087478206948, qz=0.8603470185890456), bell=Bells(treatment='', suction='64012cd7'), idx=0, color='#e53935'), Destination(name='수술실', goal_pose=Pose(x=4.5199271819089395, y=-3.9219605026851503, qw=0.14533446519134308, qz=-0.9893825818294691), bell=Bells(treatment='', suction='64132cd7'), idx=1, color='#e53935'), Destination(name='진료실', goal_pose=Pose(x=0.11980823444488001, y=-3.735511450600503, qw=0.9963649848510123, qz=0.0851869530083222), bell=Bells(treatment='', suction='64252cd7'), idx=2, color='#e53935'), Destination(name='창고', goal_pose=Pose(x=0.2834625688692579, y=-6.793061814598156, qw=0.5257961572167338, qz=0.850610604834031), bell=Bells(treatment='', suction='64372cd7'), idx=3, color='#e53935'), Destination(name='소독실', goal_pose=Pose(x=-3.4045695907217928, y=-7.611793760201744, qw=0.546869706461766, qz=0.8372177280459497), bell=Bells(treatment='', suction='64492cd7'), idx=4, color='#e53935')]
2026-08-21 10:10:56.955 [session=000416] [INFO] [MainThread] 호출벨 리스트 반환: callbells={'64012cd7': {'name': '호출벨 1', 'usage': 'suction', 'destination': '로비'}, '64132cd7': {'name': '호출벨 2', 'usage': 'suction', 'destination': '수술실'}, '64252cd7': {'name': '호출벨 3', 'usage': 'suction', 'destination': '진료실'}, '64372cd7': {'name': '호출벨 4', 'usage': 'suction', 'destination': '창고'}, '64492cd7': {'name': '호출벨 5', 'usage': 'suction', 'destination': '소독실'}}, robot_usages=['treatment', 'suction']
2026-08-21 10:10:56.955 [session=000416] [INFO] [MainThread] 호출벨 리스트 로드: 5개
2026-08-21 10:10:56.956 [session=000416] [INFO] [MainThread] 호출벨 목록 동일 - UI 재생성 생략
2026-08-21 10:10:56.956 [session=000416] [INFO] [MainThread] 호출벨용 용도 목록 로드 요청
2026-08-21 10:10:56.956 [session=000416] [INFO] [MainThread] 호출벨에 용도 목록 전달: 2개
2026-08-21 10:10:56.956 [session=000416] [INFO] [MainThread] 용도 목록 로드: 2개
2026-08-21 10:10:56.956 [session=000416] [INFO] [MainThread] 목적지 목록 로드: 5개
2026-08-21 10:10:56.957 [session=000416] [INFO] [MainThread] 호출벨 관리에 목적지 목록 전달: 5개
2026-08-21 10:10:56.959 [session=000416] [INFO] [MainThread] My IP : 192.168.104.212
2026-08-21 10:10:56.983 [session=000416] [DEBUG] [MainThread] SSID: Dentium_wifi, SIGNAL: 84
2026-08-21 10:10:57.149 [session=000416] [INFO] [ThreadPoolExecutor-8_0] 순차 이동 설정 저장 완료: /home/dentium/robot_GUIs/app/config/sequential_move.json
2026-08-21 10:10:57.315 [session=000416] [INFO] [MainThread] WiFi Scan Results Summary: 동일 네트워크 목록 - UI 재생성 생략
2026-08-21 10:10:57.317 [session=000416] [INFO] [MainThread] WiFi Scan Results Summary: 동일 네트워크 목록 - UI 재생성 생략
2026-08-21 10:10:59.398 [session=000416] [INFO] [MainThread] [MAIN_THREAD_HEARTBEAT] GUI main thread alive: thread=MainThread
2026-08-21 10:10:59.415 [session=000416] [INFO] [MainThread] My IP : 192.168.104.212
2026-08-21 10:10:59.918 [session=000416] [INFO] [SSE-SSE_BATTERY_LOW_SHUTDOWN] [SSE_DIAG] connect attempt tag=SSE_BATTERY_LOW_SHUTDOWN, reconnect=106, url=http://localhost:8080/robot_ec2b/events/battery/low_shutdown
2026-08-21 10:10:59.927 [session=000416] [INFO] [SSE-SSE_BATTERY_LOW_SHUTDOWN] [SSE_DIAG] connected tag=SSE_BATTERY_LOW_SHUTDOWN, status=404, reason=Not Found, elapsed=0.01s, content_type=application/json, url=http://localhost:8080/robot_ec2b/events/battery/low_shutdown
2026-08-21 10:10:59.927 [session=000416] [ERROR] [SSE-SSE_BATTERY_LOW_SHUTDOWN] [SSE_DIAG] non-200 response tag=SSE_BATTERY_LOW_SHUTDOWN, status=404, reason=Not Found, url=http://localhost:8080/robot_ec2b/events/battery/low_shutdown
2026-08-21 10:10:59.930 [session=000416] [INFO] [SSE-SSE_BATTERY_LOW_SHUTDOWN] [SSE_DIAG] reconnect wait tag=SSE_BATTERY_LOW_SHUTDOWN, delay=10s, reconnect=107, reason=HTTP 404, url=http://localhost:8080/robot_ec2b/events/battery/low_shutdown
2026-08-21 10:11:04.425 [session=000416] [INFO] [MainThread] [MAIN_THREAD_HEARTBEAT] GUI main thread alive: thread=MainThread
2026-08-21 10:11:04.439 [session=000416] [INFO] [MainThread] My IP : 192.168.104.212
2026-08-21 10:11:05.009 [session=000416] [DEBUG] [MainThread] SSID: Dentium_wifi, SIGNAL: 84
2026-08-21 10:11:05.009 [session=000416] [INFO] [MainThread] WiFi Scan Results Summary: 메타(신호/인증 표기)만 변경 - UI 재생성 생략
2026-08-21 10:11:05.111 [session=000416] [DEBUG] [MainThread] SSID: Dentium_wifi, SIGNAL: 84
2026-08-21 10:11:05.112 [session=000416] [INFO] [MainThread] WiFi Scan Results Summary: 메타(신호/인증 표기)만 변경 - UI 재생성 생략
2026-08-21 10:11:05.113 [session=000416] [INFO] [MainThread] WiFi Scan Results Summary:
2026-08-21 10:11:05.114 [session=000416] [INFO] [MainThread]  - Raw networks from scan: 13
2026-08-21 10:11:05.114 [session=000416] [INFO] [MainThread]  - Unique SSIDs to display: 13
2026-08-21 10:11:05.115 [session=000416] [INFO] [MainThread]  - Connected networks (top): 0
2026-08-21 10:11:05.115 [session=000416] [INFO] [MainThread]  - Disconnected networks: 13
2026-08-21 10:11:05.169 [session=000416] [DEBUG] [MainThread] SSID: robot_cam, SIGNAL: 100
2026-08-21 10:11:05.220 [session=000416] [DEBUG] [MainThread] SSID: robot_cam5G, SIGNAL: 100
2026-08-21 10:11:05.244 [session=000416] [DEBUG] [MainThread] SSID: DooHyun_Dev, SIGNAL: 89
2026-08-21 10:11:05.286 [session=000416] [DEBUG] [MainThread] SSID: [LG_AirPurifier]a63c, SIGNAL: 84
2026-08-21 10:11:05.300 [session=000416] [DEBUG] [MainThread] SSID: iptime, SIGNAL: 74
2026-08-21 10:11:05.330 [session=000416] [DEBUG] [MainThread] SSID: iptime5G, SIGNAL: 64
2026-08-21 10:11:05.370 [session=000416] [DEBUG] [MainThread] SSID: Dentium_wifi_5F, SIGNAL: 59
2026-08-21 10:11:05.393 [session=000416] [DEBUG] [MainThread] SSID: [LG_AirPurifier]47de, SIGNAL: 59
2026-08-21 10:11:05.427 [session=000416] [DEBUG] [MainThread] SSID: Dentium_wifi_6F, SIGNAL: 59
2026-08-21 10:11:05.473 [session=000416] [DEBUG] [MainThread] SSID: DIRECT-23-HP OfficeJet Pro 9010, SIGNAL: 39
2026-08-21 10:11:05.522 [session=000416] [DEBUG] [MainThread] SSID: Hanwhahipcs2G, SIGNAL: 34
2026-08-21 10:11:05.556 [session=000416] [DEBUG] [MainThread] SSID: [LG_AirPurifier]dca4, SIGNAL: 29
2026-08-21 10:11:05.601 [session=000416] [DEBUG] [MainThread] SSID: [LG_AirPurifier]dc2c, SIGNAL: 24
2026-08-21 10:11:06.895 [session=000416] [DEBUG] [RestApiThread] GetCallBellFromRESTAPI 요청 시작
2026-08-21 10:11:06.899 [session=000416] [DEBUG] [RestApiThread] _get_data: 요청 시작 - tag: REST_API_TAG.GET_CALLBELL, url: http://localhost:8080/robot_ec2b/callbell
2026-08-21 10:11:06.901 [session=000416] [DEBUG] [RestApiThread] _get_data: 요청 전송 완료 - tag: REST_API_TAG.GET_CALLBELL, timeout: 30000ms
2026-08-21 10:11:06.916 [session=000416] [INFO] [MainThread] model_manager set_destinations: unchanged (5 items) - emit skipped
2026-08-21 10:11:06.920 [session=000416] [DEBUG] [RestApiThread] _handle_response 호출됨 - tag: REST_API_TAG.GET_CALLBELL, status_code: 200
2026-08-21 10:11:06.921 [session=000416] [INFO] [ThreadPoolExecutor-5_0] 호출벨 데이터 수신: 5개
2026-08-21 10:11:06.931 [session=000416] [INFO] [MainThread] 홈 위치 수신: (3.12, 1.10)
2026-08-21 10:11:06.933 [session=000416] [INFO] [MainThread] 홈 위치 표시 업데이트: (894.0, 100.9)
2026-08-21 10:11:06.936 [session=000416] [INFO] [MainThread]   홈 위치 서버 → 픽셀 좌표로 변환 및 UI 업데이트: (894.0, 100.9)
2026-08-21 10:11:06.938 [session=000416] [INFO] [MainThread] 호출벨-목적지 동기화 완료: 5개 호출벨
2026-08-21 10:11:06.939 [session=000416] [INFO] [MainThread] 목적지 리스트 반환: destinations=[Destination(name='로비', goal_pose=Pose(x=4.241336459631034, y=-2.361104203714551, qw=0.5097087478206948, qz=0.8603470185890456), bell=Bells(treatment='', suction='64012cd7'), idx=0, color='#e53935'), Destination(name='수술실', goal_pose=Pose(x=4.5199271819089395, y=-3.9219605026851503, qw=0.14533446519134308, qz=-0.9893825818294691), bell=Bells(treatment='', suction='64132cd7'), idx=1, color='#e53935'), Destination(name='진료실', goal_pose=Pose(x=0.11980823444488001, y=-3.735511450600503, qw=0.9963649848510123, qz=0.0851869530083222), bell=Bells(treatment='', suction='64252cd7'), idx=2, color='#e53935'), Destination(name='창고', goal_pose=Pose(x=0.2834625688692579, y=-6.793061814598156, qw=0.5257961572167338, qz=0.850610604834031), bell=Bells(treatment='', suction='64372cd7'), idx=3, color='#e53935'), Destination(name='소독실', goal_pose=Pose(x=-3.4045695907217928, y=-7.611793760201744, qw=0.546869706461766, qz=0.8372177280459497), bell=Bells(treatment='', suction='64492cd7'), idx=4, color='#e53935')]
2026-08-21 10:11:06.939 [session=000416] [INFO] [MainThread] 호출벨 리스트 반환: callbells={'64012cd7': {'name': '호출벨 1', 'usage': 'suction', 'destination': '로비'}, '64132cd7': {'name': '호출벨 2', 'usage': 'suction', 'destination': '수술실'}, '64252cd7': {'name': '호출벨 3', 'usage': 'suction', 'destination': '진료실'}, '64372cd7': {'name': '호출벨 4', 'usage': 'suction', 'destination': '창고'}, '64492cd7': {'name': '호출벨 5', 'usage': 'suction', 'destination': '소독실'}}, robot_usages=['treatment', 'suction']
2026-08-21 10:11:06.939 [session=000416] [INFO] [MainThread] 호출벨 리스트 로드: 5개
2026-08-21 10:11:06.939 [session=000416] [INFO] [MainThread] 호출벨 목록 동일 - UI 재생성 생략
2026-08-21 10:11:06.940 [session=000416] [INFO] [MainThread] 호출벨용 용도 목록 로드 요청
2026-08-21 10:11:06.940 [session=000416] [INFO] [MainThread] 호출벨에 용도 목록 전달: 2개
2026-08-21 10:11:06.940 [session=000416] [INFO] [MainThread] 용도 목록 로드: 2개
2026-08-21 10:11:06.940 [session=000416] [INFO] [MainThread] 목적지 목록 로드: 5개
2026-08-21 10:11:06.940 [session=000416] [INFO] [MainThread] 호출벨 관리에 목적지 목록 전달: 5개
2026-08-21 10:11:06.941 [session=000416] [INFO] [MainThread] My IP : 192.168.104.212
2026-08-21 10:11:06.985 [session=000416] [DEBUG] [MainThread] SSID: Dentium_wifi, SIGNAL: 82
2026-08-21 10:11:07.126 [session=000416] [INFO] [ThreadPoolExecutor-8_0] 순차 이동 설정 저장 완료: /home/dentium/robot_GUIs/app/config/sequential_move.json
2026-08-21 10:11:07.303 [session=000416] [INFO] [MainThread] WiFi Scan Results Summary: 동일 네트워크 목록 - UI 재생성 생략
2026-08-21 10:11:07.304 [session=000416] [INFO] [MainThread] WiFi Scan Results Summary: 동일 네트워크 목록 - UI 재생성 생략
2026-08-21 10:11:09.394 [session=000416] [INFO] [MainThread] [MAIN_THREAD_HEARTBEAT] GUI main thread alive: thread=MainThread
2026-08-21 10:11:09.415 [session=000416] [INFO] [MainThread] My IP : 192.168.104.212
2026-08-21 10:11:09.931 [session=000416] [INFO] [SSE-SSE_BATTERY_LOW_SHUTDOWN] [SSE_DIAG] connect attempt tag=SSE_BATTERY_LOW_SHUTDOWN, reconnect=107, url=http://localhost:8080/robot_ec2b/events/battery/low_shutdown
2026-08-21 10:11:09.945 [session=000416] [INFO] [SSE-SSE_BATTERY_LOW_SHUTDOWN] [SSE_DIAG] connected tag=SSE_BATTERY_LOW_SHUTDOWN, status=404, reason=Not Found, elapsed=0.01s, content_type=application/json, url=http://localhost:8080/robot_ec2b/events/battery/low_shutdown
2026-08-21 10:11:09.945 [session=000416] [ERROR] [SSE-SSE_BATTERY_LOW_SHUTDOWN] [SSE_DIAG] non-200 response tag=SSE_BATTERY_LOW_SHUTDOWN, status=404, reason=Not Found, url=http://localhost:8080/robot_ec2b/events/battery/low_shutdown
2026-08-21 10:11:09.947 [session=000416] [INFO] [SSE-SSE_BATTERY_LOW_SHUTDOWN] [SSE_DIAG] reconnect wait tag=SSE_BATTERY_LOW_SHUTDOWN, delay=10s, reconnect=108, reason=HTTP 404, url=http://localhost:8080/robot_ec2b/events/battery/low_shutdown
2026-08-21 10:11:14.431 [session=000416] [INFO] [MainThread] [MAIN_THREAD_HEARTBEAT] GUI main thread alive: thread=MainThread
2026-08-21 10:11:14.436 [session=000416] [INFO] [MainThread] My IP : 192.168.104.212
2026-08-21 10:11:14.984 [session=000416] [DEBUG] [MainThread] SSID: Dentium_wifi, SIGNAL: 82
2026-08-21 10:11:14.984 [session=000416] [INFO] [MainThread] WiFi Scan Results Summary: 메타(신호/인증 표기)만 변경 - UI 재생성 생략
2026-08-21 10:11:15.086 [session=000416] [DEBUG] [MainThread] SSID: Dentium_wifi, SIGNAL: 82
2026-08-21 10:11:15.087 [session=000416] [INFO] [MainThread] WiFi Scan Results Summary: 메타(신호/인증 표기)만 변경 - UI 재생성 생략
2026-08-21 10:11:15.087 [session=000416] [INFO] [MainThread] WiFi Scan Results Summary:
2026-08-21 10:11:15.087 [session=000416] [INFO] [MainThread]  - Raw networks from scan: 12
2026-08-21 10:11:15.088 [session=000416] [INFO] [MainThread]  - Unique SSIDs to display: 12
2026-08-21 10:11:15.088 [session=000416] [INFO] [MainThread]  - Connected networks (top): 0
2026-08-21 10:11:15.088 [session=000416] [INFO] [MainThread]  - Disconnected networks: 12
2026-08-21 10:11:15.146 [session=000416] [DEBUG] [MainThread] SSID: robot_cam, SIGNAL: 100
2026-08-21 10:11:15.184 [session=000416] [DEBUG] [MainThread] SSID: robot_cam5G, SIGNAL: 100
2026-08-21 10:11:15.220 [session=000416] [DEBUG] [MainThread] SSID: DooHyun_Dev, SIGNAL: 89
2026-08-21 10:11:15.248 [session=000416] [DEBUG] [MainThread] SSID: [LG_AirPurifier]a63c, SIGNAL: 84
2026-08-21 10:11:15.263 [session=000416] [DEBUG] [MainThread] SSID: iptime, SIGNAL: 74
2026-08-21 10:11:15.305 [session=000416] [DEBUG] [MainThread] SSID: iptime5G, SIGNAL: 64
2026-08-21 10:11:15.350 [session=000416] [DEBUG] [MainThread] SSID: Dentium_wifi_5F, SIGNAL: 59
2026-08-21 10:11:15.377 [session=000416] [DEBUG] [MainThread] SSID: [LG_AirPurifier]47de, SIGNAL: 59
2026-08-21 10:11:15.377 [session=000416] [WARNING] [MainThread] [PERF] 네트워크 리스트 위젯 생성 배치 지연: 42.3ms
2026-08-21 10:11:15.418 [session=000416] [DEBUG] [MainThread] SSID: Dentium_wifi_6F, SIGNAL: 59
2026-08-21 10:11:15.468 [session=000416] [DEBUG] [MainThread] SSID: Hanwhahipcs2G, SIGNAL: 34
2026-08-21 10:11:15.495 [session=000416] [DEBUG] [MainThread] SSID: [LG_AirPurifier]dca4, SIGNAL: 29
2026-08-21 10:11:15.555 [session=000416] [DEBUG] [MainThread] SSID: [LG_AirPurifier]dc2c, SIGNAL: 24
2026-08-21 10:11:16.896 [session=000416] [DEBUG] [RestApiThread] GetCallBellFromRESTAPI 요청 시작
2026-08-21 10:11:16.900 [session=000416] [DEBUG] [RestApiThread] _get_data: 요청 시작 - tag: REST_API_TAG.GET_CALLBELL, url: http://localhost:8080/robot_ec2b/callbell
2026-08-21 10:11:16.901 [session=000416] [DEBUG] [RestApiThread] _get_data: 요청 전송 완료 - tag: REST_API_TAG.GET_CALLBELL, timeout: 30000ms
2026-08-21 10:11:16.913 [session=000416] [INFO] [MainThread] model_manager set_destinations: unchanged (5 items) - emit skipped
2026-08-21 10:11:16.944 [session=000416] [DEBUG] [RestApiThread] _handle_response 호출됨 - tag: REST_API_TAG.GET_CALLBELL, status_code: 200
2026-08-21 10:11:16.945 [session=000416] [INFO] [ThreadPoolExecutor-5_0] 호출벨 데이터 수신: 5개
2026-08-21 10:11:16.946 [session=000416] [INFO] [RestApiThread] _handle_response (CYCLIC 정상) - tag: REST_API_TAG.GET_MASTER_IP_ADDRESS, status: 200, pending→0
2026-08-21 10:11:16.947 [session=000416] [INFO] [MainThread] 홈 위치 수신: (3.12, 1.10)
2026-08-21 10:11:16.948 [session=000416] [INFO] [MainThread] 홈 위치 표시 업데이트: (894.0, 100.9)
2026-08-21 10:11:16.951 [session=000416] [INFO] [MainThread]   홈 위치 서버 → 픽셀 좌표로 변환 및 UI 업데이트: (894.0, 100.9)
2026-08-21 10:11:16.966 [session=000416] [INFO] [MainThread] 호출벨-목적지 동기화 완료: 5개 호출벨
2026-08-21 10:11:16.967 [session=000416] [INFO] [MainThread] 목적지 리스트 반환: destinations=[Destination(name='로비', goal_pose=Pose(x=4.241336459631034, y=-2.361104203714551, qw=0.5097087478206948, qz=0.8603470185890456), bell=Bells(treatment='', suction='64012cd7'), idx=0, color='#e53935'), Destination(name='수술실', goal_pose=Pose(x=4.5199271819089395, y=-3.9219605026851503, qw=0.14533446519134308, qz=-0.9893825818294691), bell=Bells(treatment='', suction='64132cd7'), idx=1, color='#e53935'), Destination(name='진료실', goal_pose=Pose(x=0.11980823444488001, y=-3.735511450600503, qw=0.9963649848510123, qz=0.0851869530083222), bell=Bells(treatment='', suction='64252cd7'), idx=2, color='#e53935'), Destination(name='창고', goal_pose=Pose(x=0.2834625688692579, y=-6.793061814598156, qw=0.5257961572167338, qz=0.850610604834031), bell=Bells(treatment='', suction='64372cd7'), idx=3, color='#e53935'), Destination(name='소독실', goal_pose=Pose(x=-3.4045695907217928, y=-7.611793760201744, qw=0.546869706461766, qz=0.8372177280459497), bell=Bells(treatment='', suction='64492cd7'), idx=4, color='#e53935')]
2026-08-21 10:11:16.967 [session=000416] [INFO] [MainThread] 호출벨 리스트 반환: callbells={'64012cd7': {'name': '호출벨 1', 'usage': 'suction', 'destination': '로비'}, '64132cd7': {'name': '호출벨 2', 'usage': 'suction', 'destination': '수술실'}, '64252cd7': {'name': '호출벨 3', 'usage': 'suction', 'destination': '진료실'}, '64372cd7': {'name': '호출벨 4', 'usage': 'suction', 'destination': '창고'}, '64492cd7': {'name': '호출벨 5', 'usage': 'suction', 'destination': '소독실'}}, robot_usages=['treatment', 'suction']
2026-08-21 10:11:16.967 [session=000416] [INFO] [MainThread] 호출벨 리스트 로드: 5개
2026-08-21 10:11:16.967 [session=000416] [INFO] [MainThread] 호출벨 목록 동일 - UI 재생성 생략
2026-08-21 10:11:16.968 [session=000416] [INFO] [MainThread] 호출벨용 용도 목록 로드 요청
2026-08-21 10:11:16.968 [session=000416] [INFO] [MainThread] 호출벨에 용도 목록 전달: 2개
2026-08-21 10:11:16.968 [session=000416] [INFO] [MainThread] 용도 목록 로드: 2개
2026-08-21 10:11:16.968 [session=000416] [INFO] [MainThread] 목적지 목록 로드: 5개
2026-08-21 10:11:16.968 [session=000416] [INFO] [MainThread] 호출벨 관리에 목적지 목록 전달: 5개
2026-08-21 10:11:16.969 [session=000416] [INFO] [MainThread] My IP : 192.168.104.212
2026-08-21 10:11:17.149 [session=000416] [INFO] [ThreadPoolExecutor-8_0] 순차 이동 설정 저장 완료: /home/dentium/robot_GUIs/app/config/sequential_move.json
2026-08-21 10:11:17.272 [session=000416] [INFO] [MainThread] WiFi Scan Results Summary: 동일 네트워크 목록 - UI 재생성 생략
2026-08-21 10:11:17.272 [session=000416] [INFO] [MainThread] WiFi Scan Results Summary: 동일 네트워크 목록 - UI 재생성 생략
2026-08-21 10:11:19.398 [session=000416] [INFO] [MainThread] [MAIN_THREAD_HEARTBEAT] GUI main thread alive: thread=MainThread
2026-08-21 10:11:19.418 [session=000416] [INFO] [MainThread] My IP : 192.168.104.212
2026-08-21 10:11:19.951 [session=000416] [INFO] [SSE-SSE_BATTERY_LOW_SHUTDOWN] [SSE_DIAG] connect attempt tag=SSE_BATTERY_LOW_SHUTDOWN, reconnect=108, url=http://localhost:8080/robot_ec2b/events/battery/low_shutdown
2026-08-21 10:11:19.964 [session=000416] [INFO] [SSE-SSE_BATTERY_LOW_SHUTDOWN] [SSE_DIAG] connected tag=SSE_BATTERY_LOW_SHUTDOWN, status=404, reason=Not Found, elapsed=0.01s, content_type=application/json, url=http://localhost:8080/robot_ec2b/events/battery/low_shutdown
2026-08-21 10:11:19.965 [session=000416] [ERROR] [SSE-SSE_BATTERY_LOW_SHUTDOWN] [SSE_DIAG] non-200 response tag=SSE_BATTERY_LOW_SHUTDOWN, status=404, reason=Not Found, url=http://localhost:8080/robot_ec2b/events/battery/low_shutdown
2026-08-21 10:11:19.967 [session=000416] [INFO] [SSE-SSE_BATTERY_LOW_SHUTDOWN] [SSE_DIAG] reconnect wait tag=SSE_BATTERY_LOW_SHUTDOWN, delay=10s, reconnect=109, reason=HTTP 404, url=http://localhost:8080/robot_ec2b/events/battery/low_shutdown
2026-08-21 10:11:21.969 [session=000416] [DEBUG] [MainThread] SSID: Dentium_wifi, SIGNAL: 84
2026-08-21 10:11:24.399 [session=000416] [INFO] [MainThread] Idle timeout detected in menu surface. Returning to view 1.
2026-08-21 10:11:24.410 [session=000416] [DEBUG] [MainThread] [LockByTouch] set_view_lock(False), reason=screen context changed — 현재 상태: manual=False, cond=False, touch=False, slam=False
2026-08-21 10:11:24.412 [session=000416] [DEBUG] [MainThread] [LockByTouch] [UNLOCK] req_lock(False) — manual=False, cond=False, touch=False, view=False, slam=False, bypass=False
2026-08-21 10:11:24.416 [session=000416] [INFO] [MainThread] [LockByTouch] Idle timeout disabled
2026-08-21 10:11:24.421 [session=000416] [DEBUG] [RestApiThread] [LockByTouch] [REST API] SendRobotLock(False)
2026-08-21 10:11:24.423 [session=000416] [INFO] [RestApiThread] [SSE_DIAG] start requested tag=SSE_CALLBELL_SYNC, url=http://localhost:8080/robot_ec2b/events/callbell, timeout=None
2026-08-21 10:11:24.424 [session=000416] [INFO] [MainThread] 화면형 메뉴 콘텐츠 닫기 완료
2026-08-21 10:11:24.424 [session=000416] [INFO] [SSE-SSE_CALLBELL_SYNC] [SSE_DIAG] connect attempt tag=SSE_CALLBELL_SYNC, reconnect=0, url=http://localhost:8080/robot_ec2b/events/callbell
2026-08-21 10:11:24.425 [session=000416] [INFO] [MainThread] 화면형 콘텐츠 즉시 닫기 완료
2026-08-21 10:11:24.428 [session=000416] [DEBUG] [RestApiThread] GetCallBellFromRESTAPI 요청 시작
2026-08-21 10:11:24.431 [session=000416] [DEBUG] [RestApiThread] _get_data: 요청 시작 - tag: REST_API_TAG.GET_CALLBELL, url: http://localhost:8080/robot_ec2b/callbell
2026-08-21 10:11:24.434 [session=000416] [DEBUG] [RestApiThread] _get_data: 요청 전송 완료 - tag: REST_API_TAG.GET_CALLBELL, timeout: 30000ms
2026-08-21 10:11:24.437 [session=000416] [INFO] [SSE-SSE_CALLBELL_SYNC] [SSE_DIAG] connected tag=SSE_CALLBELL_SYNC, status=200, reason=OK, elapsed=0.01s, content_type=text/event-stream; charset=utf-8, url=http://localhost:8080/robot_ec2b/events/callbell
2026-08-21 10:11:24.441 [session=000416] [INFO] [RestApiThread] [SSE_DIAG] start requested tag=SSE_MD_SET_BREAK, url=http://localhost:8080/robot_ec2b/events/md/set_brake, timeout=None
2026-08-21 10:11:24.443 [session=000416] [INFO] [SSE-SSE_CALLBELL_SYNC] [SSE_DIAG] event received tag=SSE_CALLBELL_SYNC, count=1, event=message, id=None, url=http://localhost:8080/robot_ec2b/events/callbell, data={"data": "{\"callbells\": {\"64012cd7\": {\"name\": \"\ud638\ucd9c\ubca8 1\", \"usage\": \"suction\", \"destination\": \"\ub85c\ube44\"}, \"64132cd7\": {\"name\": \"\ud638\ucd9c\ubca8 2\", \"usage\": \"suction\", \"destination\": \"\uc218\uc220\uc2e4\"}, \"64252cd7\": {\"name\": \"\ud638\ucd9c\ubca8 3\", \"usage\": \"suction\", \"destination\": \"\uc9c4\ub8cc\uc2e4\"}, \"64372cd7\": {\"name\": \"\ud638\ucd9c\ubca8 4\", \"usage\": \"suction\", \"destination\": \"\ucc3d\uace0\"}, \"64492cd7\": {\"...(len=684)
2026-08-21 10:11:24.443 [session=000416] [INFO] [MainThread] [MAIN_THREAD_HEARTBEAT] GUI main thread alive: thread=MainThread
2026-08-21 10:11:24.443 [session=000416] [INFO] [SSE-SSE_MD_SET_BREAK] [SSE_DIAG] connect attempt tag=SSE_MD_SET_BREAK, reconnect=0, url=http://localhost:8080/robot_ec2b/events/md/set_brake
2026-08-21 10:11:24.444 [session=000416] [INFO] [SSE-SSE_CALLBELL_SYNC] [CALLBELL SSE] 목록 변경 신호 감지: url=http://localhost:8080/robot_ec2b/events/callbell, raw={"data": "{\"callbells\": {\"64012cd7\": {\"name\": \"\ud638\ucd9c\ubca8 1\", \"usage\": \"suction\", \"destination\": \"\ub85c\ube44\"}, \"64132cd7\": {\"name\": \"\ud638\ucd9c\ubca8 2\", \"usage\": \"suction\", \"destination\": \"\uc218\uc220\uc2e4\"}, \"64252cd7\": {\"name\": \"\ud638\ucd9c\ubca8 3\", \"usage\": \"suction\", \"destination\": \"\uc9c4\ub8cc\uc2e4\"}, \"64372cd7\": {\"name\": \"\ud638\ucd9c\ubca8 4\", \"usage\": \"suction\", \"destination\": \"\ucc3d\uace0\"}, \"64492cd7\": {\"...(len=684)
2026-08-21 10:11:24.444 [session=000416] [DEBUG] [RestApiThread] _handle_response 호출됨 - tag: REST_API_TAG.GET_CALLBELL, status_code: 200
2026-08-21 10:11:24.452 [session=000416] [INFO] [ThreadPoolExecutor-5_0] 호출벨 데이터 수신: 5개
2026-08-21 10:11:24.453 [session=000416] [DEBUG] [RestApiThread] _handle_response 호출됨 - tag: REST_API_TAG.POST_ROBOT_LOCK, status_code: 200
2026-08-21 10:11:24.457 [session=000416] [INFO] [SSE-SSE_MD_SET_BREAK] [SSE_DIAG] connected tag=SSE_MD_SET_BREAK, status=200, reason=OK, elapsed=0.01s, content_type=text/event-stream; charset=utf-8, url=http://localhost:8080/robot_ec2b/events/md/set_brake
2026-08-21 10:11:24.458 [session=000416] [INFO] [MainThread] 호출벨 목록 변경 SSE 수신 - REST API 재조회: payload={"data": "{\"callbells\": {\"64012cd7\": {\"name\": \"\ud638\ucd9c\ubca8 1\", \"usage\": \"suction\", \"destination\": \"\ub85c\ube44\"}, \"64132cd7\": {\"name\": \"\ud638\ucd9c\ubca8 2\", \"usage\": 
2026-08-21 10:11:24.458 [session=000416] [DEBUG] [ThreadPoolExecutor-5_1] 백그라운드 파싱 대상이 아닌 REST 태그: REST_API_TAG.POST_ROBOT_LOCK
2026-08-21 10:11:24.460 [session=000416] [INFO] [SSE-SSE_MD_SET_BREAK] [SSE_DIAG] event received tag=SSE_MD_SET_BREAK, count=1, event=message, id=None, url=http://localhost:8080/robot_ec2b/events/md/set_brake, data={"data": false}
2026-08-21 10:11:24.463 [session=000416] [DEBUG] [RestApiThread] GetCallBellFromRESTAPI 요청 시작
2026-08-21 10:11:24.463 [session=000416] [DEBUG] [RestApiThread] _get_data: 요청 시작 - tag: REST_API_TAG.GET_CALLBELL, url: http://localhost:8080/robot_ec2b/callbell
2026-08-21 10:11:24.464 [session=000416] [DEBUG] [RestApiThread] _get_data: 요청 전송 완료 - tag: REST_API_TAG.GET_CALLBELL, timeout: 30000ms
2026-08-21 10:11:24.468 [session=000416] [DEBUG] [RestApiThread] _handle_response 호출됨 - tag: REST_API_TAG.GET_CALLBELL, status_code: 200
2026-08-21 10:11:24.473 [session=000416] [INFO] [ThreadPoolExecutor-5_0] 호출벨 데이터 수신: 5개
2026-08-21 10:11:24.493 [session=000416] [INFO] [MainThread] 호출벨-목적지 동기화 완료: 5개 호출벨
2026-08-21 10:11:24.494 [session=000416] [INFO] [MainThread] 목적지 리스트 반환: destinations=[Destination(name='로비', goal_pose=Pose(x=4.241336459631034, y=-2.361104203714551, qw=0.5097087478206948, qz=0.8603470185890456), bell=Bells(treatment='', suction='64012cd7'), idx=0, color='#e53935'), Destination(name='수술실', goal_pose=Pose(x=4.5199271819089395, y=-3.9219605026851503, qw=0.14533446519134308, qz=-0.9893825818294691), bell=Bells(treatment='', suction='64132cd7'), idx=1, color='#e53935'), Destination(name='진료실', goal_pose=Pose(x=0.11980823444488001, y=-3.735511450600503, qw=0.9963649848510123, qz=0.0851869530083222), bell=Bells(treatment='', suction='64252cd7'), idx=2, color='#e53935'), Destination(name='창고', goal_pose=Pose(x=0.2834625688692579, y=-6.793061814598156, qw=0.5257961572167338, qz=0.850610604834031), bell=Bells(treatment='', suction='64372cd7'), idx=3, color='#e53935'), Destination(name='소독실', goal_pose=Pose(x=-3.4045695907217928, y=-7.611793760201744, qw=0.546869706461766, qz=0.8372177280459497), bell=Bells(treatment='', suction='64492cd7'), idx=4, color='#e53935')]
2026-08-21 10:11:24.494 [session=000416] [INFO] [MainThread] 호출벨 리스트 반환: callbells={'64012cd7': {'name': '호출벨 1', 'usage': 'suction', 'destination': '로비'}, '64132cd7': {'name': '호출벨 2', 'usage': 'suction', 'destination': '수술실'}, '64252cd7': {'name': '호출벨 3', 'usage': 'suction', 'destination': '진료실'}, '64372cd7': {'name': '호출벨 4', 'usage': 'suction', 'destination': '창고'}, '64492cd7': {'name': '호출벨 5', 'usage': 'suction', 'destination': '소독실'}}, robot_usages=['treatment', 'suction']
2026-08-21 10:11:24.494 [session=000416] [INFO] [MainThread] 호출벨 리스트 로드: 5개
2026-08-21 10:11:24.495 [session=000416] [INFO] [MainThread] 호출벨 목록 동일 - UI 재생성 생략
2026-08-21 10:11:24.495 [session=000416] [INFO] [MainThread] 호출벨용 용도 목록 로드 요청
2026-08-21 10:11:24.495 [session=000416] [INFO] [MainThread] 호출벨에 용도 목록 전달: 2개
2026-08-21 10:11:24.495 [session=000416] [INFO] [MainThread] 용도 목록 로드: 2개
2026-08-21 10:11:24.495 [session=000416] [INFO] [MainThread] 목적지 목록 로드: 5개
2026-08-21 10:11:24.495 [session=000416] [INFO] [MainThread] 호출벨 관리에 목적지 목록 전달: 5개
2026-08-21 10:11:24.496 [session=000416] [INFO] [MainThread] 호출벨-목적지 동기화 완료: 5개 호출벨
2026-08-21 10:11:24.496 [session=000416] [INFO] [MainThread] 목적지 리스트 반환: destinations=[Destination(name='로비', goal_pose=Pose(x=4.241336459631034, y=-2.361104203714551, qw=0.5097087478206948, qz=0.8603470185890456), bell=Bells(treatment='', suction='64012cd7'), idx=0, color='#e53935'), Destination(name='수술실', goal_pose=Pose(x=4.5199271819089395, y=-3.9219605026851503, qw=0.14533446519134308, qz=-0.9893825818294691), bell=Bells(treatment='', suction='64132cd7'), idx=1, color='#e53935'), Destination(name='진료실', goal_pose=Pose(x=0.11980823444488001, y=-3.735511450600503, qw=0.9963649848510123, qz=0.0851869530083222), bell=Bells(treatment='', suction='64252cd7'), idx=2, color='#e53935'), Destination(name='창고', goal_pose=Pose(x=0.2834625688692579, y=-6.793061814598156, qw=0.5257961572167338, qz=0.850610604834031), bell=Bells(treatment='', suction='64372cd7'), idx=3, color='#e53935'), Destination(name='소독실', goal_pose=Pose(x=-3.4045695907217928, y=-7.611793760201744, qw=0.546869706461766, qz=0.8372177280459497), bell=Bells(treatment='', suction='64492cd7'), idx=4, color='#e53935')]
2026-08-21 10:11:24.497 [session=000416] [INFO] [MainThread] 호출벨 리스트 반환: callbells={'64012cd7': {'name': '호출벨 1', 'usage': 'suction', 'destination': '로비'}, '64132cd7': {'name': '호출벨 2', 'usage': 'suction', 'destination': '수술실'}, '64252cd7': {'name': '호출벨 3', 'usage': 'suction', 'destination': '진료실'}, '64372cd7': {'name': '호출벨 4', 'usage': 'suction', 'destination': '창고'}, '64492cd7': {'name': '호출벨 5', 'usage': 'suction', 'destination': '소독실'}}, robot_usages=['treatment', 'suction']
2026-08-21 10:11:24.497 [session=000416] [INFO] [MainThread] 호출벨 리스트 로드: 5개
2026-08-21 10:11:24.497 [session=000416] [INFO] [MainThread] 호출벨 목록 동일 - UI 재생성 생략
2026-08-21 10:11:24.497 [session=000416] [INFO] [MainThread] 호출벨용 용도 목록 로드 요청
2026-08-21 10:11:24.497 [session=000416] [INFO] [MainThread] 호출벨에 용도 목록 전달: 2개
2026-08-21 10:11:24.497 [session=000416] [INFO] [MainThread] 용도 목록 로드: 2개
2026-08-21 10:11:24.497 [session=000416] [INFO] [MainThread] 목적지 목록 로드: 5개
2026-08-21 10:11:24.498 [session=000416] [INFO] [MainThread] 호출벨 관리에 목적지 목록 전달: 5개
2026-08-21 10:11:24.508 [session=000416] [DEBUG] [SSE-SSE_ROBOT_STATUS] SSE robot status: ROBOT_STANDBY
2026-08-21 10:11:26.901 [session=000416] [DEBUG] [RestApiThread] GetCallBellFromRESTAPI 요청 시작
2026-08-21 10:11:26.907 [session=000416] [DEBUG] [RestApiThread] _get_data: 요청 시작 - tag: REST_API_TAG.GET_CALLBELL, url: http://localhost:8080/robot_ec2b/callbell
2026-08-21 10:11:26.908 [session=000416] [DEBUG] [RestApiThread] _get_data: 요청 전송 완료 - tag: REST_API_TAG.GET_CALLBELL, timeout: 30000ms
2026-08-21 10:11:26.916 [session=000416] [INFO] [MainThread] model_manager set_destinations: unchanged (5 items) - emit skipped
2026-08-21 10:11:26.924 [session=000416] [DEBUG] [RestApiThread] _handle_response 호출됨 - tag: REST_API_TAG.GET_CALLBELL, status_code: 200
2026-08-21 10:11:26.926 [session=000416] [INFO] [ThreadPoolExecutor-5_0] 호출벨 데이터 수신: 5개
2026-08-21 10:11:26.929 [session=000416] [INFO] [MainThread] 호출벨-목적지 동기화 완료: 5개 호출벨
2026-08-21 10:11:26.930 [session=000416] [INFO] [MainThread] 목적지 리스트 반환: destinations=[Destination(name='로비', goal_pose=Pose(x=4.241336459631034, y=-2.361104203714551, qw=0.5097087478206948, qz=0.8603470185890456), bell=Bells(treatment='', suction='64012cd7'), idx=0, color='#e53935'), Destination(name='수술실', goal_pose=Pose(x=4.5199271819089395, y=-3.9219605026851503, qw=0.14533446519134308, qz=-0.9893825818294691), bell=Bells(treatment='', suction='64132cd7'), idx=1, color='#e53935'), Destination(name='진료실', goal_pose=Pose(x=0.11980823444488001, y=-3.735511450600503, qw=0.9963649848510123, qz=0.0851869530083222), bell=Bells(treatment='', suction='64252cd7'), idx=2, color='#e53935'), Destination(name='창고', goal_pose=Pose(x=0.2834625688692579, y=-6.793061814598156, qw=0.5257961572167338, qz=0.850610604834031), bell=Bells(treatment='', suction='64372cd7'), idx=3, color='#e53935'), Destination(name='소독실', goal_pose=Pose(x=-3.4045695907217928, y=-7.611793760201744, qw=0.546869706461766, qz=0.8372177280459497), bell=Bells(treatment='', suction='64492cd7'), idx=4, color='#e53935')]
2026-08-21 10:11:26.930 [session=000416] [INFO] [MainThread] 호출벨 리스트 반환: callbells={'64012cd7': {'name': '호출벨 1', 'usage': 'suction', 'destination': '로비'}, '64132cd7': {'name': '호출벨 2', 'usage': 'suction', 'destination': '수술실'}, '64252cd7': {'name': '호출벨 3', 'usage': 'suction', 'destination': '진료실'}, '64372cd7': {'name': '호출벨 4', 'usage': 'suction', 'destination': '창고'}, '64492cd7': {'name': '호출벨 5', 'usage': 'suction', 'destination': '소독실'}}, robot_usages=['treatment', 'suction']
2026-08-21 10:11:26.931 [session=000416] [INFO] [MainThread] 호출벨 리스트 로드: 5개
2026-08-21 10:11:26.932 [session=000416] [INFO] [MainThread] 호출벨 목록 동일 - UI 재생성 생략
2026-08-21 10:11:26.932 [session=000416] [INFO] [MainThread] 호출벨용 용도 목록 로드 요청
2026-08-21 10:11:26.933 [session=000416] [INFO] [MainThread] 호출벨에 용도 목록 전달: 2개
2026-08-21 10:11:26.933 [session=000416] [INFO] [MainThread] 용도 목록 로드: 2개
2026-08-21 10:11:26.933 [session=000416] [INFO] [MainThread] 목적지 목록 로드: 5개
2026-08-21 10:11:26.939 [session=000416] [INFO] [MainThread] 호출벨 관리에 목적지 목록 전달: 5개
2026-08-21 10:11:26.941 [session=000416] [INFO] [MainThread] 홈 위치 수신: (3.12, 1.10)
2026-08-21 10:11:26.941 [session=000416] [INFO] [MainThread] 홈 위치 표시 업데이트: (894.0, 100.9)
2026-08-21 10:11:26.944 [session=000416] [INFO] [MainThread]   홈 위치 서버 → 픽셀 좌표로 변환 및 UI 업데이트: (894.0, 100.9)
2026-08-21 10:11:26.947 [session=000416] [INFO] [MainThread] My IP : 192.168.104.212
2026-08-21 10:11:26.951 [session=000416] [INFO] [browser-music-sync_0] [BROWSER_MUSIC_SYNC] event=catalog_fetch_started master_base_url=http://127.0.0.1:5051
2026-08-21 10:11:26.990 [session=000416] [INFO] [browser-music-sync_0] [BROWSER_MUSIC_SYNC] event=catalog_fetch_succeeded master_base_url=http://127.0.0.1:5051 item_count=3
2026-08-21 10:11:26.998 [session=000416] [INFO] [RestApiThread] [REST API] 배경 음악 GET 전송: operation=selection_get, url=http://127.0.0.1:5051/api/voice-event-settings/background-music?robot_id=robot_ec2b
2026-08-21 10:11:26.998 [session=000416] [INFO] [RestApiThread] [REST API] 배경 음악 GET 전송: operation=resolved_get, url=http://127.0.0.1:5051/api/voice-event-settings/resolved?robot_id=robot_ec2b
2026-08-21 10:11:27.021 [session=000416] [DEBUG] [RestApiThread] _handle_response 호출됨 - tag: REST_API_TAG.GET_BACKGROUND_MUSIC_SETTING, status_code: 200
2026-08-21 10:11:27.027 [session=000416] [DEBUG] [RestApiThread] _handle_response 호출됨 - tag: REST_API_TAG.GET_RESOLVED_BACKGROUND_MUSIC, status_code: 200
2026-08-21 10:11:27.121 [session=000416] [INFO] [ThreadPoolExecutor-8_0] 순차 이동 설정 저장 완료: /home/dentium/robot_GUIs/app/config/sequential_move.json
2026-08-21 10:11:29.394 [session=000416] [INFO] [MainThread] [MAIN_THREAD_HEARTBEAT] GUI main thread alive: thread=MainThread
2026-08-21 10:11:29.968 [session=000416] [INFO] [SSE-SSE_BATTERY_LOW_SHUTDOWN] [SSE_DIAG] connect attempt tag=SSE_BATTERY_LOW_SHUTDOWN, reconnect=109, url=http://localhost:8080/robot_ec2b/events/battery/low_shutdown
2026-08-21 10:11:29.989 [session=000416] [INFO] [SSE-SSE_BATTERY_LOW_SHUTDOWN] [SSE_DIAG] connected tag=SSE_BATTERY_LOW_SHUTDOWN, status=404, reason=Not Found, elapsed=0.02s, content_type=application/json, url=http://localhost:8080/robot_ec2b/events/battery/low_shutdown
2026-08-21 10:11:29.990 [session=000416] [ERROR] [SSE-SSE_BATTERY_LOW_SHUTDOWN] [SSE_DIAG] non-200 response tag=SSE_BATTERY_LOW_SHUTDOWN, status=404, reason=Not Found, url=http://localhost:8080/robot_ec2b/events/battery/low_shutdown
2026-08-21 10:11:29.992 [session=000416] [INFO] [SSE-SSE_BATTERY_LOW_SHUTDOWN] [SSE_DIAG] reconnect wait tag=SSE_BATTERY_LOW_SHUTDOWN, delay=10s, reconnect=110, reason=HTTP 404, url=http://localhost:8080/robot_ec2b/events/battery/low_shutdown
2026-08-21 10:11:34.394 [session=000416] [INFO] [MainThread] [MAIN_THREAD_HEARTBEAT] GUI main thread alive: thread=MainThread
2026-08-21 10:11:36.901 [session=000416] [DEBUG] [RestApiThread] GetCallBellFromRESTAPI 요청 시작
2026-08-21 10:11:36.904 [session=000416] [DEBUG] [RestApiThread] _get_data: 요청 시작 - tag: REST_API_TAG.GET_CALLBELL, url: http://localhost:8080/robot_ec2b/callbell
2026-08-21 10:11:36.905 [session=000416] [DEBUG] [RestApiThread] _get_data: 요청 전송 완료 - tag: REST_API_TAG.GET_CALLBELL, timeout: 30000ms
2026-08-21 10:11:36.907 [session=000416] [INFO] [RestApiThread] _handle_response (CYCLIC 정상) - tag: REST_API_TAG.GET_DESTINATIONS, status: 200, pending→3
2026-08-21 10:11:36.909 [session=000416] [INFO] [MainThread] model_manager set_destinations: unchanged (5 items) - emit skipped
2026-08-21 10:11:36.920 [session=000416] [DEBUG] [RestApiThread] _handle_response 호출됨 - tag: REST_API_TAG.GET_CALLBELL, status_code: 200
2026-08-21 10:11:36.922 [session=000416] [INFO] [ThreadPoolExecutor-5_1] 호출벨 데이터 수신: 5개
2026-08-21 10:11:36.924 [session=000416] [INFO] [MainThread] 홈 위치 수신: (3.12, 1.10)
2026-08-21 10:11:36.925 [session=000416] [INFO] [MainThread] 홈 위치 표시 업데이트: (894.0, 100.9)
2026-08-21 10:11:36.930 [session=000416] [INFO] [MainThread]   홈 위치 서버 → 픽셀 좌표로 변환 및 UI 업데이트: (894.0, 100.9)
2026-08-21 10:11:36.936 [session=000416] [INFO] [MainThread] 호출벨-목적지 동기화 완료: 5개 호출벨
2026-08-21 10:11:36.936 [session=000416] [INFO] [MainThread] 목적지 리스트 반환: destinations=[Destination(name='로비', goal_pose=Pose(x=4.241336459631034, y=-2.361104203714551, qw=0.5097087478206948, qz=0.8603470185890456), bell=Bells(treatment='', suction='64012cd7'), idx=0, color='#e53935'), Destination(name='수술실', goal_pose=Pose(x=4.5199271819089395, y=-3.9219605026851503, qw=0.14533446519134308, qz=-0.9893825818294691), bell=Bells(treatment='', suction='64132cd7'), idx=1, color='#e53935'), Destination(name='진료실', goal_pose=Pose(x=0.11980823444488001, y=-3.735511450600503, qw=0.9963649848510123, qz=0.0851869530083222), bell=Bells(treatment='', suction='64252cd7'), idx=2, color='#e53935'), Destination(name='창고', goal_pose=Pose(x=0.2834625688692579, y=-6.793061814598156, qw=0.5257961572167338, qz=0.850610604834031), bell=Bells(treatment='', suction='64372cd7'), idx=3, color='#e53935'), Destination(name='소독실', goal_pose=Pose(x=-3.4045695907217928, y=-7.611793760201744, qw=0.546869706461766, qz=0.8372177280459497), bell=Bells(treatment='', suction='64492cd7'), idx=4, color='#e53935')]
2026-08-21 10:11:36.937 [session=000416] [INFO] [MainThread] 호출벨 리스트 반환: callbells={'64012cd7': {'name': '호출벨 1', 'usage': 'suction', 'destination': '로비'}, '64132cd7': {'name': '호출벨 2', 'usage': 'suction', 'destination': '수술실'}, '64252cd7': {'name': '호출벨 3', 'usage': 'suction', 'destination': '진료실'}, '64372cd7': {'name': '호출벨 4', 'usage': 'suction', 'destination': '창고'}, '64492cd7': {'name': '호출벨 5', 'usage': 'suction', 'destination': '소독실'}}, robot_usages=['treatment', 'suction']
2026-08-21 10:11:36.937 [session=000416] [INFO] [MainThread] 호출벨 리스트 로드: 5개
2026-08-21 10:11:36.938 [session=000416] [INFO] [MainThread] 호출벨 목록 동일 - UI 재생성 생략
2026-08-21 10:11:36.938 [session=000416] [INFO] [MainThread] 호출벨용 용도 목록 로드 요청
2026-08-21 10:11:36.938 [session=000416] [INFO] [MainThread] 호출벨에 용도 목록 전달: 2개
2026-08-21 10:11:36.938 [session=000416] [INFO] [MainThread] 용도 목록 로드: 2개
2026-08-21 10:11:36.939 [session=000416] [INFO] [MainThread] 목적지 목록 로드: 5개
2026-08-21 10:11:36.939 [session=000416] [INFO] [MainThread] 호출벨 관리에 목적지 목록 전달: 5개
2026-08-21 10:11:36.940 [session=000416] [INFO] [MainThread] My IP : 192.168.104.212
2026-08-21 10:11:37.121 [session=000416] [INFO] [ThreadPoolExecutor-8_0] 순차 이동 설정 저장 완료: /home/dentium/robot_GUIs/app/config/sequential_move.json
2026-08-21 10:11:39.393 [session=000416] [INFO] [MainThread] [MAIN_THREAD_HEARTBEAT] GUI main thread alive: thread=MainThread
2026-08-21 10:11:39.994 [session=000416] [INFO] [SSE-SSE_BATTERY_LOW_SHUTDOWN] [SSE_DIAG] connect attempt tag=SSE_BATTERY_LOW_SHUTDOWN, reconnect=110, url=http://localhost:8080/robot_ec2b/events/battery/low_shutdown
2026-08-21 10:11:40.015 [session=000416] [INFO] [SSE-SSE_BATTERY_LOW_SHUTDOWN] [SSE_DIAG] connected tag=SSE_BATTERY_LOW_SHUTDOWN, status=404, reason=Not Found, elapsed=0.02s, content_type=application/json, url=http://localhost:8080/robot_ec2b/events/battery/low_shutdown
2026-08-21 10:11:40.016 [session=000416] [ERROR] [SSE-SSE_BATTERY_LOW_SHUTDOWN] [SSE_DIAG] non-200 response tag=SSE_BATTERY_LOW_SHUTDOWN, status=404, reason=Not Found, url=http://localhost:8080/robot_ec2b/events/battery/low_shutdown
2026-08-21 10:11:40.018 [session=000416] [INFO] [SSE-SSE_BATTERY_LOW_SHUTDOWN] [SSE_DIAG] reconnect wait tag=SSE_BATTERY_LOW_SHUTDOWN, delay=10s, reconnect=111, reason=HTTP 404, url=http://localhost:8080/robot_ec2b/events/battery/low_shutdown
2026-08-21 10:11:44.394 [session=000416] [INFO] [MainThread] [MAIN_THREAD_HEARTBEAT] GUI main thread alive: thread=MainThread
2026-08-21 10:11:46.897 [session=000416] [DEBUG] [RestApiThread] GetCallBellFromRESTAPI 요청 시작
2026-08-21 10:11:46.903 [session=000416] [DEBUG] [RestApiThread] _get_data: 요청 시작 - tag: REST_API_TAG.GET_CALLBELL, url: http://localhost:8080/robot_ec2b/callbell
2026-08-21 10:11:46.904 [session=000416] [DEBUG] [RestApiThread] _get_data: 요청 전송 완료 - tag: REST_API_TAG.GET_CALLBELL, timeout: 30000ms
2026-08-21 10:11:46.908 [session=000416] [DEBUG] [RestApiThread] _handle_response 호출됨 - tag: REST_API_TAG.GET_CALLBELL, status_code: 200
2026-08-21 10:11:46.909 [session=000416] [INFO] [ThreadPoolExecutor-5_0] 호출벨 데이터 수신: 5개
2026-08-21 10:11:46.915 [session=000416] [INFO] [MainThread] model_manager set_destinations: unchanged (5 items) - emit skipped
2026-08-21 10:11:46.916 [session=000416] [INFO] [MainThread] 홈 위치 수신: (3.12, 1.10)
2026-08-21 10:11:46.917 [session=000416] [INFO] [MainThread] 홈 위치 표시 업데이트: (894.0, 100.9)
2026-08-21 10:11:46.924 [session=000416] [INFO] [MainThread]   홈 위치 서버 → 픽셀 좌표로 변환 및 UI 업데이트: (894.0, 100.9)
2026-08-21 10:11:46.928 [session=000416] [INFO] [MainThread] 호출벨-목적지 동기화 완료: 5개 호출벨
2026-08-21 10:11:46.929 [session=000416] [INFO] [MainThread] 목적지 리스트 반환: destinations=[Destination(name='로비', goal_pose=Pose(x=4.241336459631034, y=-2.361104203714551, qw=0.5097087478206948, qz=0.8603470185890456), bell=Bells(treatment='', suction='64012cd7'), idx=0, color='#e53935'), Destination(name='수술실', goal_pose=Pose(x=4.5199271819089395, y=-3.9219605026851503, qw=0.14533446519134308, qz=-0.9893825818294691), bell=Bells(treatment='', suction='64132cd7'), idx=1, color='#e53935'), Destination(name='진료실', goal_pose=Pose(x=0.11980823444488001, y=-3.735511450600503, qw=0.9963649848510123, qz=0.0851869530083222), bell=Bells(treatment='', suction='64252cd7'), idx=2, color='#e53935'), Destination(name='창고', goal_pose=Pose(x=0.2834625688692579, y=-6.793061814598156, qw=0.5257961572167338, qz=0.850610604834031), bell=Bells(treatment='', suction='64372cd7'), idx=3, color='#e53935'), Destination(name='소독실', goal_pose=Pose(x=-3.4045695907217928, y=-7.611793760201744, qw=0.546869706461766, qz=0.8372177280459497), bell=Bells(treatment='', suction='64492cd7'), idx=4, color='#e53935')]
2026-08-21 10:11:46.929 [session=000416] [INFO] [MainThread] 호출벨 리스트 반환: callbells={'64012cd7': {'name': '호출벨 1', 'usage': 'suction', 'destination': '로비'}, '64132cd7': {'name': '호출벨 2', 'usage': 'suction', 'destination': '수술실'}, '64252cd7': {'name': '호출벨 3', 'usage': 'suction', 'destination': '진료실'}, '64372cd7': {'name': '호출벨 4', 'usage': 'suction', 'destination': '창고'}, '64492cd7': {'name': '호출벨 5', 'usage': 'suction', 'destination': '소독실'}}, robot_usages=['treatment', 'suction']
2026-08-21 10:11:46.930 [session=000416] [INFO] [MainThread] 호출벨 리스트 로드: 5개
2026-08-21 10:11:46.930 [session=000416] [INFO] [MainThread] 호출벨 목록 동일 - UI 재생성 생략
2026-08-21 10:11:46.931 [session=000416] [INFO] [MainThread] 호출벨용 용도 목록 로드 요청
2026-08-21 10:11:46.931 [session=000416] [INFO] [MainThread] 호출벨에 용도 목록 전달: 2개
2026-08-21 10:11:46.931 [session=000416] [INFO] [MainThread] 용도 목록 로드: 2개
2026-08-21 10:11:46.931 [session=000416] [INFO] [MainThread] 목적지 목록 로드: 5개
2026-08-21 10:11:46.931 [session=000416] [INFO] [MainThread] 호출벨 관리에 목적지 목록 전달: 5개
2026-08-21 10:11:46.935 [session=000416] [INFO] [MainThread] My IP : 192.168.104.212
2026-08-21 10:11:47.117 [session=000416] [INFO] [ThreadPoolExecutor-8_0] 순차 이동 설정 저장 완료: /home/dentium/robot_GUIs/app/config/sequential_move.json
2026-08-21 10:11:49.393 [session=000416] [INFO] [MainThread] [MAIN_THREAD_HEARTBEAT] GUI main thread alive: thread=MainThread
2026-08-21 10:11:50.019 [session=000416] [INFO] [SSE-SSE_BATTERY_LOW_SHUTDOWN] [SSE_DIAG] connect attempt tag=SSE_BATTERY_LOW_SHUTDOWN, reconnect=111, url=http://localhost:8080/robot_ec2b/events/battery/low_shutdown
2026-08-21 10:11:50.031 [session=000416] [INFO] [SSE-SSE_BATTERY_LOW_SHUTDOWN] [SSE_DIAG] connected tag=SSE_BATTERY_LOW_SHUTDOWN, status=404, reason=Not Found, elapsed=0.01s, content_type=application/json, url=http://localhost:8080/robot_ec2b/events/battery/low_shutdown
2026-08-21 10:11:50.031 [session=000416] [ERROR] [SSE-SSE_BATTERY_LOW_SHUTDOWN] [SSE_DIAG] non-200 response tag=SSE_BATTERY_LOW_SHUTDOWN, status=404, reason=Not Found, url=http://localhost:8080/robot_ec2b/events/battery/low_shutdown
2026-08-21 10:11:50.033 [session=000416] [INFO] [SSE-SSE_BATTERY_LOW_SHUTDOWN] [SSE_DIAG] reconnect wait tag=SSE_BATTERY_LOW_SHUTDOWN, delay=10s, reconnect=112, reason=HTTP 404, url=http://localhost:8080/robot_ec2b/events/battery/low_shutdown
2026-08-21 10:11:54.393 [session=000416] [INFO] [MainThread] [MAIN_THREAD_HEARTBEAT] GUI main thread alive: thread=MainThread
2026-08-21 10:11:56.906 [session=000416] [DEBUG] [RestApiThread] GetCallBellFromRESTAPI 요청 시작
2026-08-21 10:11:56.910 [session=000416] [DEBUG] [RestApiThread] _get_data: 요청 시작 - tag: REST_API_TAG.GET_CALLBELL, url: http://localhost:8080/robot_ec2b/callbell
2026-08-21 10:11:56.911 [session=000416] [DEBUG] [RestApiThread] _get_data: 요청 전송 완료 - tag: REST_API_TAG.GET_CALLBELL, timeout: 30000ms
2026-08-21 10:11:56.915 [session=000416] [INFO] [MainThread] model_manager set_destinations: unchanged (5 items) - emit skipped
2026-08-21 10:11:56.916 [session=000416] [INFO] [MainThread] 홈 위치 수신: (3.12, 1.10)
2026-08-21 10:11:56.916 [session=000416] [INFO] [MainThread] 홈 위치 표시 업데이트: (894.0, 100.9)
2026-08-21 10:11:56.921 [session=000416] [INFO] [MainThread]   홈 위치 서버 → 픽셀 좌표로 변환 및 UI 업데이트: (894.0, 100.9)
2026-08-21 10:11:56.925 [session=000416] [DEBUG] [RestApiThread] _handle_response 호출됨 - tag: REST_API_TAG.GET_CALLBELL, status_code: 200
2026-08-21 10:11:56.926 [session=000416] [INFO] [ThreadPoolExecutor-5_2] 호출벨 데이터 수신: 5개
2026-08-21 10:11:56.931 [session=000416] [INFO] [MainThread] 호출벨-목적지 동기화 완료: 5개 호출벨
2026-08-21 10:11:56.932 [session=000416] [INFO] [MainThread] 목적지 리스트 반환: destinations=[Destination(name='로비', goal_pose=Pose(x=4.241336459631034, y=-2.361104203714551, qw=0.5097087478206948, qz=0.8603470185890456), bell=Bells(treatment='', suction='64012cd7'), idx=0, color='#e53935'), Destination(name='수술실', goal_pose=Pose(x=4.5199271819089395, y=-3.9219605026851503, qw=0.14533446519134308, qz=-0.9893825818294691), bell=Bells(treatment='', suction='64132cd7'), idx=1, color='#e53935'), Destination(name='진료실', goal_pose=Pose(x=0.11980823444488001, y=-3.735511450600503, qw=0.9963649848510123, qz=0.0851869530083222), bell=Bells(treatment='', suction='64252cd7'), idx=2, color='#e53935'), Destination(name='창고', goal_pose=Pose(x=0.2834625688692579, y=-6.793061814598156, qw=0.5257961572167338, qz=0.850610604834031), bell=Bells(treatment='', suction='64372cd7'), idx=3, color='#e53935'), Destination(name='소독실', goal_pose=Pose(x=-3.4045695907217928, y=-7.611793760201744, qw=0.546869706461766, qz=0.8372177280459497), bell=Bells(treatment='', suction='64492cd7'), idx=4, color='#e53935')]
2026-08-21 10:11:56.933 [session=000416] [INFO] [MainThread] 호출벨 리스트 반환: callbells={'64012cd7': {'name': '호출벨 1', 'usage': 'suction', 'destination': '로비'}, '64132cd7': {'name': '호출벨 2', 'usage': 'suction', 'destination': '수술실'}, '64252cd7': {'name': '호출벨 3', 'usage': 'suction', 'destination': '진료실'}, '64372cd7': {'name': '호출벨 4', 'usage': 'suction', 'destination': '창고'}, '64492cd7': {'name': '호출벨 5', 'usage': 'suction', 'destination': '소독실'}}, robot_usages=['treatment', 'suction']
2026-08-21 10:11:56.933 [session=000416] [INFO] [MainThread] 호출벨 리스트 로드: 5개
2026-08-21 10:11:56.934 [session=000416] [INFO] [MainThread] 호출벨 목록 동일 - UI 재생성 생략
2026-08-21 10:11:56.935 [session=000416] [INFO] [MainThread] 호출벨용 용도 목록 로드 요청
2026-08-21 10:11:56.936 [session=000416] [INFO] [MainThread] 호출벨에 용도 목록 전달: 2개
2026-08-21 10:11:56.936 [session=000416] [INFO] [MainThread] 용도 목록 로드: 2개
2026-08-21 10:11:56.936 [session=000416] [INFO] [MainThread] 목적지 목록 로드: 5개
2026-08-21 10:11:56.936 [session=000416] [INFO] [MainThread] 호출벨 관리에 목적지 목록 전달: 5개
2026-08-21 10:11:56.941 [session=000416] [INFO] [MainThread] My IP : 192.168.104.212
2026-08-21 10:11:57.095 [session=000416] [INFO] [ThreadPoolExecutor-8_0] 순차 이동 설정 저장 완료: /home/dentium/robot_GUIs/app/config/sequential_move.json
2026-08-21 10:11:59.394 [session=000416] [INFO] [MainThread] [MAIN_THREAD_HEARTBEAT] GUI main thread alive: thread=MainThread
2026-08-21 10:12:00.040 [session=000416] [INFO] [SSE-SSE_BATTERY_LOW_SHUTDOWN] [SSE_DIAG] connect attempt tag=SSE_BATTERY_LOW_SHUTDOWN, reconnect=112, url=http://localhost:8080/robot_ec2b/events/battery/low_shutdown
2026-08-21 10:12:00.053 [session=000416] [INFO] [SSE-SSE_BATTERY_LOW_SHUTDOWN] [SSE_DIAG] connected tag=SSE_BATTERY_LOW_SHUTDOWN, status=404, reason=Not Found, elapsed=0.01s, content_type=application/json, url=http://localhost:8080/robot_ec2b/events/battery/low_shutdown
2026-08-21 10:12:00.054 [session=000416] [ERROR] [SSE-SSE_BATTERY_LOW_SHUTDOWN] [SSE_DIAG] non-200 response tag=SSE_BATTERY_LOW_SHUTDOWN, status=404, reason=Not Found, url=http://localhost:8080/robot_ec2b/events/battery/low_shutdown
2026-08-21 10:12:00.056 [session=000416] [INFO] [SSE-SSE_BATTERY_LOW_SHUTDOWN] [SSE_DIAG] reconnect wait tag=SSE_BATTERY_LOW_SHUTDOWN, delay=10s, reconnect=113, reason=HTTP 404, url=http://localhost:8080/robot_ec2b/events/battery/low_shutdown
2026-08-21 10:12:04.394 [session=000416] [INFO] [MainThread] [MAIN_THREAD_HEARTBEAT] GUI main thread alive: thread=MainThread
2026-08-21 10:12:06.895 [session=000416] [DEBUG] [RestApiThread] GetCallBellFromRESTAPI 요청 시작
2026-08-21 10:12:06.909 [session=000416] [DEBUG] [RestApiThread] _get_data: 요청 시작 - tag: REST_API_TAG.GET_CALLBELL, url: http://localhost:8080/robot_ec2b/callbell
2026-08-21 10:12:06.910 [session=000416] [DEBUG] [RestApiThread] _get_data: 요청 전송 완료 - tag: REST_API_TAG.GET_CALLBELL, timeout: 30000ms
2026-08-21 10:12:06.915 [session=000416] [INFO] [MainThread] model_manager set_destinations: unchanged (5 items) - emit skipped
2026-08-21 10:12:06.916 [session=000416] [INFO] [MainThread] 홈 위치 수신: (3.12, 1.10)
2026-08-21 10:12:06.916 [session=000416] [INFO] [MainThread] 홈 위치 표시 업데이트: (894.0, 100.9)
2026-08-21 10:12:06.921 [session=000416] [INFO] [MainThread]   홈 위치 서버 → 픽셀 좌표로 변환 및 UI 업데이트: (894.0, 100.9)
2026-08-21 10:12:06.934 [session=000416] [DEBUG] [RestApiThread] _handle_response 호출됨 - tag: REST_API_TAG.GET_CALLBELL, status_code: 200
2026-08-21 10:12:06.935 [session=000416] [INFO] [ThreadPoolExecutor-5_2] 호출벨 데이터 수신: 5개
2026-08-21 10:12:06.941 [session=000416] [INFO] [MainThread] 호출벨-목적지 동기화 완료: 5개 호출벨
2026-08-21 10:12:06.942 [session=000416] [INFO] [MainThread] 목적지 리스트 반환: destinations=[Destination(name='로비', goal_pose=Pose(x=4.241336459631034, y=-2.361104203714551, qw=0.5097087478206948, qz=0.8603470185890456), bell=Bells(treatment='', suction='64012cd7'), idx=0, color='#e53935'), Destination(name='수술실', goal_pose=Pose(x=4.5199271819089395, y=-3.9219605026851503, qw=0.14533446519134308, qz=-0.9893825818294691), bell=Bells(treatment='', suction='64132cd7'), idx=1, color='#e53935'), Destination(name='진료실', goal_pose=Pose(x=0.11980823444488001, y=-3.735511450600503, qw=0.9963649848510123, qz=0.0851869530083222), bell=Bells(treatment='', suction='64252cd7'), idx=2, color='#e53935'), Destination(name='창고', goal_pose=Pose(x=0.2834625688692579, y=-6.793061814598156, qw=0.5257961572167338, qz=0.850610604834031), bell=Bells(treatment='', suction='64372cd7'), idx=3, color='#e53935'), Destination(name='소독실', goal_pose=Pose(x=-3.4045695907217928, y=-7.611793760201744, qw=0.546869706461766, qz=0.8372177280459497), bell=Bells(treatment='', suction='64492cd7'), idx=4, color='#e53935')]
2026-08-21 10:12:06.943 [session=000416] [INFO] [MainThread] 호출벨 리스트 반환: callbells={'64012cd7': {'name': '호출벨 1', 'usage': 'suction', 'destination': '로비'}, '64132cd7': {'name': '호출벨 2', 'usage': 'suction', 'destination': '수술실'}, '64252cd7': {'name': '호출벨 3', 'usage': 'suction', 'destination': '진료실'}, '64372cd7': {'name': '호출벨 4', 'usage': 'suction', 'destination': '창고'}, '64492cd7': {'name': '호출벨 5', 'usage': 'suction', 'destination': '소독실'}}, robot_usages=['treatment', 'suction']
2026-08-21 10:12:06.943 [session=000416] [INFO] [MainThread] 호출벨 리스트 로드: 5개
2026-08-21 10:12:06.943 [session=000416] [INFO] [MainThread] 호출벨 목록 동일 - UI 재생성 생략
2026-08-21 10:12:06.944 [session=000416] [INFO] [MainThread] 호출벨용 용도 목록 로드 요청
2026-08-21 10:12:06.944 [session=000416] [INFO] [MainThread] 호출벨에 용도 목록 전달: 2개
2026-08-21 10:12:06.945 [session=000416] [INFO] [MainThread] 용도 목록 로드: 2개
2026-08-21 10:12:06.945 [session=000416] [INFO] [MainThread] 목적지 목록 로드: 5개
2026-08-21 10:12:06.945 [session=000416] [INFO] [MainThread] 호출벨 관리에 목적지 목록 전달: 5개
2026-08-21 10:12:06.946 [session=000416] [INFO] [MainThread] My IP : 192.168.104.212
2026-08-21 10:12:06.947 [session=000416] [INFO] [browser-music-sync_0] [BROWSER_MUSIC_SYNC] event=catalog_fetch_started master_base_url=http://127.0.0.1:5051
2026-08-21 10:12:06.994 [session=000416] [INFO] [browser-music-sync_0] [BROWSER_MUSIC_SYNC] event=catalog_fetch_succeeded master_base_url=http://127.0.0.1:5051 item_count=3
2026-08-21 10:12:07.001 [session=000416] [INFO] [RestApiThread] [REST API] 배경 음악 GET 전송: operation=selection_get, url=http://127.0.0.1:5051/api/voice-event-settings/background-music?robot_id=robot_ec2b
2026-08-21 10:12:07.002 [session=000416] [INFO] [RestApiThread] [REST API] 배경 음악 GET 전송: operation=resolved_get, url=http://127.0.0.1:5051/api/voice-event-settings/resolved?robot_id=robot_ec2b
2026-08-21 10:12:07.059 [session=000416] [DEBUG] [RestApiThread] _handle_response 호출됨 - tag: REST_API_TAG.GET_RESOLVED_BACKGROUND_MUSIC, status_code: 200
2026-08-21 10:12:07.060 [session=000416] [DEBUG] [RestApiThread] _handle_response 호출됨 - tag: REST_API_TAG.GET_BACKGROUND_MUSIC_SETTING, status_code: 200
2026-08-21 10:12:07.096 [session=000416] [INFO] [ThreadPoolExecutor-8_0] 순차 이동 설정 저장 완료: /home/dentium/robot_GUIs/app/config/sequential_move.json
2026-08-21 10:12:09.394 [session=000416] [INFO] [MainThread] [MAIN_THREAD_HEARTBEAT] GUI main thread alive: thread=MainThread
2026-08-21 10:12:10.057 [session=000416] [INFO] [SSE-SSE_BATTERY_LOW_SHUTDOWN] [SSE_DIAG] connect attempt tag=SSE_BATTERY_LOW_SHUTDOWN, reconnect=113, url=http://localhost:8080/robot_ec2b/events/battery/low_shutdown
2026-08-21 10:12:10.065 [session=000416] [INFO] [SSE-SSE_BATTERY_LOW_SHUTDOWN] [SSE_DIAG] connected tag=SSE_BATTERY_LOW_SHUTDOWN, status=404, reason=Not Found, elapsed=0.01s, content_type=application/json, url=http://localhost:8080/robot_ec2b/events/battery/low_shutdown
2026-08-21 10:12:10.067 [session=000416] [ERROR] [SSE-SSE_BATTERY_LOW_SHUTDOWN] [SSE_DIAG] non-200 response tag=SSE_BATTERY_LOW_SHUTDOWN, status=404, reason=Not Found, url=http://localhost:8080/robot_ec2b/events/battery/low_shutdown
2026-08-21 10:12:10.070 [session=000416] [INFO] [SSE-SSE_BATTERY_LOW_SHUTDOWN] [SSE_DIAG] reconnect wait tag=SSE_BATTERY_LOW_SHUTDOWN, delay=10s, reconnect=114, reason=HTTP 404, url=http://localhost:8080/robot_ec2b/events/battery/low_shutdown
2026-08-21 10:12:14.394 [session=000416] [INFO] [MainThread] [MAIN_THREAD_HEARTBEAT] GUI main thread alive: thread=MainThread
2026-08-21 10:12:16.895 [session=000416] [DEBUG] [RestApiThread] GetCallBellFromRESTAPI 요청 시작
2026-08-21 10:12:16.907 [session=000416] [DEBUG] [RestApiThread] _get_data: 요청 시작 - tag: REST_API_TAG.GET_CALLBELL, url: http://localhost:8080/robot_ec2b/callbell
2026-08-21 10:12:16.908 [session=000416] [DEBUG] [RestApiThread] _get_data: 요청 전송 완료 - tag: REST_API_TAG.GET_CALLBELL, timeout: 30000ms
2026-08-21 10:12:16.909 [session=000416] [INFO] [RestApiThread] _handle_response (CYCLIC 정상) - tag: REST_API_TAG.GET_HOME_POSE, status: 200, pending→2
2026-08-21 10:12:16.913 [session=000416] [INFO] [MainThread] model_manager set_destinations: unchanged (5 items) - emit skipped
2026-08-21 10:12:16.915 [session=000416] [INFO] [MainThread] 홈 위치 수신: (3.12, 1.10)
2026-08-21 10:12:16.915 [session=000416] [INFO] [MainThread] 홈 위치 표시 업데이트: (894.0, 100.9)
2026-08-21 10:12:16.924 [session=000416] [INFO] [MainThread]   홈 위치 서버 → 픽셀 좌표로 변환 및 UI 업데이트: (894.0, 100.9)
2026-08-21 10:12:16.927 [session=000416] [DEBUG] [RestApiThread] _handle_response 호출됨 - tag: REST_API_TAG.GET_CALLBELL, status_code: 200
2026-08-21 10:12:16.929 [session=000416] [INFO] [ThreadPoolExecutor-5_0] 호출벨 데이터 수신: 5개
2026-08-21 10:12:16.933 [session=000416] [INFO] [MainThread] 호출벨-목적지 동기화 완료: 5개 호출벨
2026-08-21 10:12:16.933 [session=000416] [INFO] [MainThread] 목적지 리스트 반환: destinations=[Destination(name='로비', goal_pose=Pose(x=4.241336459631034, y=-2.361104203714551, qw=0.5097087478206948, qz=0.8603470185890456), bell=Bells(treatment='', suction='64012cd7'), idx=0, color='#e53935'), Destination(name='수술실', goal_pose=Pose(x=4.5199271819089395, y=-3.9219605026851503, qw=0.14533446519134308, qz=-0.9893825818294691), bell=Bells(treatment='', suction='64132cd7'), idx=1, color='#e53935'), Destination(name='진료실', goal_pose=Pose(x=0.11980823444488001, y=-3.735511450600503, qw=0.9963649848510123, qz=0.0851869530083222), bell=Bells(treatment='', suction='64252cd7'), idx=2, color='#e53935'), Destination(name='창고', goal_pose=Pose(x=0.2834625688692579, y=-6.793061814598156, qw=0.5257961572167338, qz=0.850610604834031), bell=Bells(treatment='', suction='64372cd7'), idx=3, color='#e53935'), Destination(name='소독실', goal_pose=Pose(x=-3.4045695907217928, y=-7.611793760201744, qw=0.546869706461766, qz=0.8372177280459497), bell=Bells(treatment='', suction='64492cd7'), idx=4, color='#e53935')]
2026-08-21 10:12:16.934 [session=000416] [INFO] [MainThread] 호출벨 리스트 반환: callbells={'64012cd7': {'name': '호출벨 1', 'usage': 'suction', 'destination': '로비'}, '64132cd7': {'name': '호출벨 2', 'usage': 'suction', 'destination': '수술실'}, '64252cd7': {'name': '호출벨 3', 'usage': 'suction', 'destination': '진료실'}, '64372cd7': {'name': '호출벨 4', 'usage': 'suction', 'destination': '창고'}, '64492cd7': {'name': '호출벨 5', 'usage': 'suction', 'destination': '소독실'}}, robot_usages=['treatment', 'suction']
2026-08-21 10:12:16.934 [session=000416] [INFO] [MainThread] 호출벨 리스트 로드: 5개
2026-08-21 10:12:16.934 [session=000416] [INFO] [MainThread] 호출벨 목록 동일 - UI 재생성 생략
2026-08-21 10:12:16.934 [session=000416] [INFO] [MainThread] 호출벨용 용도 목록 로드 요청
2026-08-21 10:12:16.935 [session=000416] [INFO] [MainThread] 호출벨에 용도 목록 전달: 2개
2026-08-21 10:12:16.935 [session=000416] [INFO] [MainThread] 용도 목록 로드: 2개
2026-08-21 10:12:16.935 [session=000416] [INFO] [MainThread] 목적지 목록 로드: 5개
2026-08-21 10:12:16.935 [session=000416] [INFO] [MainThread] 호출벨 관리에 목적지 목록 전달: 5개
2026-08-21 10:12:16.936 [session=000416] [INFO] [MainThread] My IP : 192.168.104.212
2026-08-21 10:12:17.120 [session=000416] [INFO] [ThreadPoolExecutor-8_0] 순차 이동 설정 저장 완료: /home/dentium/robot_GUIs/app/config/sequential_move.json
2026-08-21 10:12:19.394 [session=000416] [INFO] [MainThread] [MAIN_THREAD_HEARTBEAT] GUI main thread alive: thread=MainThread
2026-08-21 10:12:20.073 [session=000416] [INFO] [SSE-SSE_BATTERY_LOW_SHUTDOWN] [SSE_DIAG] connect attempt tag=SSE_BATTERY_LOW_SHUTDOWN, reconnect=114, url=http://localhost:8080/robot_ec2b/events/battery/low_shutdown
2026-08-21 10:12:20.080 [session=000416] [INFO] [SSE-SSE_BATTERY_LOW_SHUTDOWN] [SSE_DIAG] connected tag=SSE_BATTERY_LOW_SHUTDOWN, status=404, reason=Not Found, elapsed=0.01s, content_type=application/json, url=http://localhost:8080/robot_ec2b/events/battery/low_shutdown
2026-08-21 10:12:20.080 [session=000416] [ERROR] [SSE-SSE_BATTERY_LOW_SHUTDOWN] [SSE_DIAG] non-200 response tag=SSE_BATTERY_LOW_SHUTDOWN, status=404, reason=Not Found, url=http://localhost:8080/robot_ec2b/events/battery/low_shutdown
2026-08-21 10:12:20.082 [session=000416] [INFO] [SSE-SSE_BATTERY_LOW_SHUTDOWN] [SSE_DIAG] reconnect wait tag=SSE_BATTERY_LOW_SHUTDOWN, delay=10s, reconnect=115, reason=HTTP 404, url=http://localhost:8080/robot_ec2b/events/battery/low_shutdown
2026-08-21 10:12:24.393 [session=000416] [INFO] [MainThread] [MAIN_THREAD_HEARTBEAT] GUI main thread alive: thread=MainThread
2026-08-21 10:12:26.896 [session=000416] [DEBUG] [RestApiThread] GetCallBellFromRESTAPI 요청 시작
2026-08-21 10:12:26.903 [session=000416] [DEBUG] [RestApiThread] _get_data: 요청 시작 - tag: REST_API_TAG.GET_CALLBELL, url: http://localhost:8080/robot_ec2b/callbell
2026-08-21 10:12:26.904 [session=000416] [DEBUG] [RestApiThread] _get_data: 요청 전송 완료 - tag: REST_API_TAG.GET_CALLBELL, timeout: 30000ms
2026-08-21 10:12:26.912 [session=000416] [INFO] [MainThread] model_manager set_destinations: unchanged (5 items) - emit skipped
2026-08-21 10:12:26.926 [session=000416] [INFO] [MainThread] 홈 위치 수신: (3.12, 1.10)
2026-08-21 10:12:26.926 [session=000416] [INFO] [MainThread] 홈 위치 표시 업데이트: (894.0, 100.9)
2026-08-21 10:12:26.931 [session=000416] [DEBUG] [RestApiThread] _handle_response 호출됨 - tag: REST_API_TAG.GET_CALLBELL, status_code: 200
2026-08-21 10:12:26.933 [session=000416] [INFO] [ThreadPoolExecutor-5_2] 호출벨 데이터 수신: 5개
2026-08-21 10:12:26.935 [session=000416] [INFO] [MainThread]   홈 위치 서버 → 픽셀 좌표로 변환 및 UI 업데이트: (894.0, 100.9)
2026-08-21 10:12:26.939 [session=000416] [INFO] [MainThread] 호출벨-목적지 동기화 완료: 5개 호출벨
2026-08-21 10:12:26.940 [session=000416] [INFO] [MainThread] 목적지 리스트 반환: destinations=[Destination(name='로비', goal_pose=Pose(x=4.241336459631034, y=-2.361104203714551, qw=0.5097087478206948, qz=0.8603470185890456), bell=Bells(treatment='', suction='64012cd7'), idx=0, color='#e53935'), Destination(name='수술실', goal_pose=Pose(x=4.5199271819089395, y=-3.9219605026851503, qw=0.14533446519134308, qz=-0.9893825818294691), bell=Bells(treatment='', suction='64132cd7'), idx=1, color='#e53935'), Destination(name='진료실', goal_pose=Pose(x=0.11980823444488001, y=-3.735511450600503, qw=0.9963649848510123, qz=0.0851869530083222), bell=Bells(treatment='', suction='64252cd7'), idx=2, color='#e53935'), Destination(name='창고', goal_pose=Pose(x=0.2834625688692579, y=-6.793061814598156, qw=0.5257961572167338, qz=0.850610604834031), bell=Bells(treatment='', suction='64372cd7'), idx=3, color='#e53935'), Destination(name='소독실', goal_pose=Pose(x=-3.4045695907217928, y=-7.611793760201744, qw=0.546869706461766, qz=0.8372177280459497), bell=Bells(treatment='', suction='64492cd7'), idx=4, color='#e53935')]
2026-08-21 10:12:26.941 [session=000416] [INFO] [MainThread] 호출벨 리스트 반환: callbells={'64012cd7': {'name': '호출벨 1', 'usage': 'suction', 'destination': '로비'}, '64132cd7': {'name': '호출벨 2', 'usage': 'suction', 'destination': '수술실'}, '64252cd7': {'name': '호출벨 3', 'usage': 'suction', 'destination': '진료실'}, '64372cd7': {'name': '호출벨 4', 'usage': 'suction', 'destination': '창고'}, '64492cd7': {'name': '호출벨 5', 'usage': 'suction', 'destination': '소독실'}}, robot_usages=['treatment', 'suction']
2026-08-21 10:12:26.941 [session=000416] [INFO] [MainThread] 호출벨 리스트 로드: 5개
2026-08-21 10:12:26.942 [session=000416] [INFO] [MainThread] 호출벨 목록 동일 - UI 재생성 생략
2026-08-21 10:12:26.942 [session=000416] [INFO] [MainThread] 호출벨용 용도 목록 로드 요청
2026-08-21 10:12:26.944 [session=000416] [INFO] [MainThread] 호출벨에 용도 목록 전달: 2개
2026-08-21 10:12:26.944 [session=000416] [INFO] [MainThread] 용도 목록 로드: 2개
2026-08-21 10:12:26.944 [session=000416] [INFO] [MainThread] 목적지 목록 로드: 5개
2026-08-21 10:12:26.944 [session=000416] [INFO] [MainThread] 호출벨 관리에 목적지 목록 전달: 5개
2026-08-21 10:12:26.945 [session=000416] [INFO] [MainThread] My IP : 192.168.104.212
2026-08-21 10:12:27.122 [session=000416] [INFO] [ThreadPoolExecutor-8_0] 순차 이동 설정 저장 완료: /home/dentium/robot_GUIs/app/config/sequential_move.json
2026-08-21 10:12:29.394 [session=000416] [INFO] [MainThread] [MAIN_THREAD_HEARTBEAT] GUI main thread alive: thread=MainThread
2026-08-21 10:12:30.085 [session=000416] [INFO] [SSE-SSE_BATTERY_LOW_SHUTDOWN] [SSE_DIAG] connect attempt tag=SSE_BATTERY_LOW_SHUTDOWN, reconnect=115, url=http://localhost:8080/robot_ec2b/events/battery/low_shutdown
2026-08-21 10:12:30.092 [session=000416] [INFO] [SSE-SSE_BATTERY_LOW_SHUTDOWN] [SSE_DIAG] connected tag=SSE_BATTERY_LOW_SHUTDOWN, status=404, reason=Not Found, elapsed=0.01s, content_type=application/json, url=http://localhost:8080/robot_ec2b/events/battery/low_shutdown
2026-08-21 10:12:30.093 [session=000416] [ERROR] [SSE-SSE_BATTERY_LOW_SHUTDOWN] [SSE_DIAG] non-200 response tag=SSE_BATTERY_LOW_SHUTDOWN, status=404, reason=Not Found, url=http://localhost:8080/robot_ec2b/events/battery/low_shutdown
2026-08-21 10:12:30.095 [session=000416] [INFO] [SSE-SSE_BATTERY_LOW_SHUTDOWN] [SSE_DIAG] reconnect wait tag=SSE_BATTERY_LOW_SHUTDOWN, delay=10s, reconnect=116, reason=HTTP 404, url=http://localhost:8080/robot_ec2b/events/battery/low_shutdown
2026-08-21 10:12:34.393 [session=000416] [INFO] [MainThread] [MAIN_THREAD_HEARTBEAT] GUI main thread alive: thread=MainThread
2026-08-21 10:12:36.904 [session=000416] [DEBUG] [RestApiThread] GetCallBellFromRESTAPI 요청 시작
2026-08-21 10:12:36.909 [session=000416] [DEBUG] [RestApiThread] _get_data: 요청 시작 - tag: REST_API_TAG.GET_CALLBELL, url: http://localhost:8080/robot_ec2b/callbell
2026-08-21 10:12:36.910 [session=000416] [DEBUG] [RestApiThread] _get_data: 요청 전송 완료 - tag: REST_API_TAG.GET_CALLBELL, timeout: 30000ms
2026-08-21 10:12:36.933 [session=000416] [INFO] [MainThread] model_manager set_destinations: unchanged (5 items) - emit skipped
2026-08-21 10:12:36.940 [session=000416] [INFO] [MainThread] 홈 위치 수신: (3.12, 1.10)
2026-08-21 10:12:36.940 [session=000416] [INFO] [MainThread] 홈 위치 표시 업데이트: (894.0, 100.9)
2026-08-21 10:12:36.943 [session=000416] [DEBUG] [RestApiThread] _handle_response 호출됨 - tag: REST_API_TAG.GET_CALLBELL, status_code: 200
2026-08-21 10:12:36.944 [session=000416] [INFO] [ThreadPoolExecutor-5_0] 호출벨 데이터 수신: 5개
2026-08-21 10:12:36.948 [session=000416] [INFO] [MainThread]   홈 위치 서버 → 픽셀 좌표로 변환 및 UI 업데이트: (894.0, 100.9)
2026-08-21 10:12:36.951 [session=000416] [INFO] [MainThread] 호출벨-목적지 동기화 완료: 5개 호출벨
2026-08-21 10:12:36.952 [session=000416] [INFO] [MainThread] 목적지 리스트 반환: destinations=[Destination(name='로비', goal_pose=Pose(x=4.241336459631034, y=-2.361104203714551, qw=0.5097087478206948, qz=0.8603470185890456), bell=Bells(treatment='', suction='64012cd7'), idx=0, color='#e53935'), Destination(name='수술실', goal_pose=Pose(x=4.5199271819089395, y=-3.9219605026851503, qw=0.14533446519134308, qz=-0.9893825818294691), bell=Bells(treatment='', suction='64132cd7'), idx=1, color='#e53935'), Destination(name='진료실', goal_pose=Pose(x=0.11980823444488001, y=-3.735511450600503, qw=0.9963649848510123, qz=0.0851869530083222), bell=Bells(treatment='', suction='64252cd7'), idx=2, color='#e53935'), Destination(name='창고', goal_pose=Pose(x=0.2834625688692579, y=-6.793061814598156, qw=0.5257961572167338, qz=0.850610604834031), bell=Bells(treatment='', suction='64372cd7'), idx=3, color='#e53935'), Destination(name='소독실', goal_pose=Pose(x=-3.4045695907217928, y=-7.611793760201744, qw=0.546869706461766, qz=0.8372177280459497), bell=Bells(treatment='', suction='64492cd7'), idx=4, color='#e53935')]
2026-08-21 10:12:36.952 [session=000416] [INFO] [MainThread] 호출벨 리스트 반환: callbells={'64012cd7': {'name': '호출벨 1', 'usage': 'suction', 'destination': '로비'}, '64132cd7': {'name': '호출벨 2', 'usage': 'suction', 'destination': '수술실'}, '64252cd7': {'name': '호출벨 3', 'usage': 'suction', 'destination': '진료실'}, '64372cd7': {'name': '호출벨 4', 'usage': 'suction', 'destination': '창고'}, '64492cd7': {'name': '호출벨 5', 'usage': 'suction', 'destination': '소독실'}}, robot_usages=['treatment', 'suction']
2026-08-21 10:12:36.952 [session=000416] [INFO] [MainThread] 호출벨 리스트 로드: 5개
2026-08-21 10:12:36.953 [session=000416] [INFO] [MainThread] 호출벨 목록 동일 - UI 재생성 생략
2026-08-21 10:12:36.953 [session=000416] [INFO] [MainThread] 호출벨용 용도 목록 로드 요청
2026-08-21 10:12:36.954 [session=000416] [INFO] [MainThread] 호출벨에 용도 목록 전달: 2개
2026-08-21 10:12:36.954 [session=000416] [INFO] [MainThread] 용도 목록 로드: 2개
2026-08-21 10:12:36.954 [session=000416] [INFO] [MainThread] 목적지 목록 로드: 5개
2026-08-21 10:12:36.954 [session=000416] [INFO] [MainThread] 호출벨 관리에 목적지 목록 전달: 5개
2026-08-21 10:12:36.956 [session=000416] [INFO] [MainThread] My IP : 192.168.104.212
2026-08-21 10:12:37.122 [session=000416] [INFO] [ThreadPoolExecutor-8_0] 순차 이동 설정 저장 완료: /home/dentium/robot_GUIs/app/config/sequential_move.json
2026-08-21 10:12:39.394 [session=000416] [INFO] [MainThread] [MAIN_THREAD_HEARTBEAT] GUI main thread alive: thread=MainThread
2026-08-21 10:12:40.096 [session=000416] [INFO] [SSE-SSE_BATTERY_LOW_SHUTDOWN] [SSE_DIAG] connect attempt tag=SSE_BATTERY_LOW_SHUTDOWN, reconnect=116, url=http://localhost:8080/robot_ec2b/events/battery/low_shutdown
2026-08-21 10:12:40.107 [session=000416] [INFO] [SSE-SSE_BATTERY_LOW_SHUTDOWN] [SSE_DIAG] connected tag=SSE_BATTERY_LOW_SHUTDOWN, status=404, reason=Not Found, elapsed=0.01s, content_type=application/json, url=http://localhost:8080/robot_ec2b/events/battery/low_shutdown
2026-08-21 10:12:40.108 [session=000416] [ERROR] [SSE-SSE_BATTERY_LOW_SHUTDOWN] [SSE_DIAG] non-200 response tag=SSE_BATTERY_LOW_SHUTDOWN, status=404, reason=Not Found, url=http://localhost:8080/robot_ec2b/events/battery/low_shutdown
2026-08-21 10:12:40.110 [session=000416] [INFO] [SSE-SSE_BATTERY_LOW_SHUTDOWN] [SSE_DIAG] reconnect wait tag=SSE_BATTERY_LOW_SHUTDOWN, delay=10s, reconnect=117, reason=HTTP 404, url=http://localhost:8080/robot_ec2b/events/battery/low_shutdown
2026-08-21 10:12:44.394 [session=000416] [INFO] [MainThread] [MAIN_THREAD_HEARTBEAT] GUI main thread alive: thread=MainThread
2026-08-21 10:12:46.895 [session=000416] [DEBUG] [RestApiThread] GetCallBellFromRESTAPI 요청 시작
2026-08-21 10:12:46.897 [session=000416] [DEBUG] [RestApiThread] _get_data: 요청 시작 - tag: REST_API_TAG.GET_CALLBELL, url: http://localhost:8080/robot_ec2b/callbell
2026-08-21 10:12:46.900 [session=000416] [DEBUG] [RestApiThread] _get_data: 요청 전송 완료 - tag: REST_API_TAG.GET_CALLBELL, timeout: 30000ms
2026-08-21 10:12:46.919 [session=000416] [INFO] [MainThread] model_manager set_destinations: unchanged (5 items) - emit skipped
2026-08-21 10:12:46.921 [session=000416] [INFO] [MainThread] 홈 위치 수신: (3.12, 1.10)
2026-08-21 10:12:46.922 [session=000416] [INFO] [MainThread] 홈 위치 표시 업데이트: (894.0, 100.9)
2026-08-21 10:12:46.925 [session=000416] [DEBUG] [RestApiThread] _handle_response 호출됨 - tag: REST_API_TAG.GET_CALLBELL, status_code: 200
2026-08-21 10:12:46.926 [session=000416] [INFO] [MainThread]   홈 위치 서버 → 픽셀 좌표로 변환 및 UI 업데이트: (894.0, 100.9)
2026-08-21 10:12:46.926 [session=000416] [INFO] [ThreadPoolExecutor-5_1] 호출벨 데이터 수신: 5개
2026-08-21 10:12:46.930 [session=000416] [INFO] [MainThread] 호출벨-목적지 동기화 완료: 5개 호출벨
2026-08-21 10:12:46.930 [session=000416] [INFO] [MainThread] 목적지 리스트 반환: destinations=[Destination(name='로비', goal_pose=Pose(x=4.241336459631034, y=-2.361104203714551, qw=0.5097087478206948, qz=0.8603470185890456), bell=Bells(treatment='', suction='64012cd7'), idx=0, color='#e53935'), Destination(name='수술실', goal_pose=Pose(x=4.5199271819089395, y=-3.9219605026851503, qw=0.14533446519134308, qz=-0.9893825818294691), bell=Bells(treatment='', suction='64132cd7'), idx=1, color='#e53935'), Destination(name='진료실', goal_pose=Pose(x=0.11980823444488001, y=-3.735511450600503, qw=0.9963649848510123, qz=0.0851869530083222), bell=Bells(treatment='', suction='64252cd7'), idx=2, color='#e53935'), Destination(name='창고', goal_pose=Pose(x=0.2834625688692579, y=-6.793061814598156, qw=0.5257961572167338, qz=0.850610604834031), bell=Bells(treatment='', suction='64372cd7'), idx=3, color='#e53935'), Destination(name='소독실', goal_pose=Pose(x=-3.4045695907217928, y=-7.611793760201744, qw=0.546869706461766, qz=0.8372177280459497), bell=Bells(treatment='', suction='64492cd7'), idx=4, color='#e53935')]
2026-08-21 10:12:46.931 [session=000416] [INFO] [MainThread] 호출벨 리스트 반환: callbells={'64012cd7': {'name': '호출벨 1', 'usage': 'suction', 'destination': '로비'}, '64132cd7': {'name': '호출벨 2', 'usage': 'suction', 'destination': '수술실'}, '64252cd7': {'name': '호출벨 3', 'usage': 'suction', 'destination': '진료실'}, '64372cd7': {'name': '호출벨 4', 'usage': 'suction', 'destination': '창고'}, '64492cd7': {'name': '호출벨 5', 'usage': 'suction', 'destination': '소독실'}}, robot_usages=['treatment', 'suction']
2026-08-21 10:12:46.932 [session=000416] [INFO] [MainThread] 호출벨 리스트 로드: 5개
2026-08-21 10:12:46.932 [session=000416] [INFO] [MainThread] 호출벨 목록 동일 - UI 재생성 생략
2026-08-21 10:12:46.933 [session=000416] [INFO] [MainThread] 호출벨용 용도 목록 로드 요청
2026-08-21 10:12:46.933 [session=000416] [INFO] [MainThread] 호출벨에 용도 목록 전달: 2개
2026-08-21 10:12:46.934 [session=000416] [INFO] [MainThread] 용도 목록 로드: 2개
2026-08-21 10:12:46.934 [session=000416] [INFO] [MainThread] 목적지 목록 로드: 5개
2026-08-21 10:12:46.932 [session=000416] [INFO] [RestApiThread] _handle_response (CYCLIC 정상) - tag: REST_API_TAG.GET_MASTER_IP_ADDRESS, status: 200, pending→0
2026-08-21 10:12:46.934 [session=000416] [INFO] [MainThread] 호출벨 관리에 목적지 목록 전달: 5개
2026-08-21 10:12:46.935 [session=000416] [INFO] [MainThread] My IP : 192.168.104.212
2026-08-21 10:12:46.938 [session=000416] [INFO] [browser-music-sync_0] [BROWSER_MUSIC_SYNC] event=catalog_fetch_started master_base_url=http://127.0.0.1:5051
2026-08-21 10:12:46.982 [session=000416] [INFO] [browser-music-sync_0] [BROWSER_MUSIC_SYNC] event=catalog_fetch_succeeded master_base_url=http://127.0.0.1:5051 item_count=3
2026-08-21 10:12:46.993 [session=000416] [INFO] [RestApiThread] [REST API] 배경 음악 GET 전송: operation=selection_get, url=http://127.0.0.1:5051/api/voice-event-settings/background-music?robot_id=robot_ec2b
2026-08-21 10:12:46.996 [session=000416] [INFO] [RestApiThread] [REST API] 배경 음악 GET 전송: operation=resolved_get, url=http://127.0.0.1:5051/api/voice-event-settings/resolved?robot_id=robot_ec2b
2026-08-21 10:12:47.020 [session=000416] [DEBUG] [RestApiThread] _handle_response 호출됨 - tag: REST_API_TAG.GET_RESOLVED_BACKGROUND_MUSIC, status_code: 200
2026-08-21 10:12:47.021 [session=000416] [DEBUG] [RestApiThread] _handle_response 호출됨 - tag: REST_API_TAG.GET_BACKGROUND_MUSIC_SETTING, status_code: 200
2026-08-21 10:12:47.120 [session=000416] [INFO] [ThreadPoolExecutor-8_0] 순차 이동 설정 저장 완료: /home/dentium/robot_GUIs/app/config/sequential_move.json
2026-08-21 10:12:49.393 [session=000416] [INFO] [MainThread] [MAIN_THREAD_HEARTBEAT] GUI main thread alive: thread=MainThread
2026-08-21 10:12:50.111 [session=000416] [INFO] [SSE-SSE_BATTERY_LOW_SHUTDOWN] [SSE_DIAG] connect attempt tag=SSE_BATTERY_LOW_SHUTDOWN, reconnect=117, url=http://localhost:8080/robot_ec2b/events/battery/low_shutdown
2026-08-21 10:12:50.118 [session=000416] [INFO] [SSE-SSE_BATTERY_LOW_SHUTDOWN] [SSE_DIAG] connected tag=SSE_BATTERY_LOW_SHUTDOWN, status=404, reason=Not Found, elapsed=0.01s, content_type=application/json, url=http://localhost:8080/robot_ec2b/events/battery/low_shutdown
2026-08-21 10:12:50.119 [session=000416] [ERROR] [SSE-SSE_BATTERY_LOW_SHUTDOWN] [SSE_DIAG] non-200 response tag=SSE_BATTERY_LOW_SHUTDOWN, status=404, reason=Not Found, url=http://localhost:8080/robot_ec2b/events/battery/low_shutdown
2026-08-21 10:12:50.123 [session=000416] [INFO] [SSE-SSE_BATTERY_LOW_SHUTDOWN] [SSE_DIAG] reconnect wait tag=SSE_BATTERY_LOW_SHUTDOWN, delay=10s, reconnect=118, reason=HTTP 404, url=http://localhost:8080/robot_ec2b/events/battery/low_shutdown
2026-08-21 10:12:54.394 [session=000416] [INFO] [MainThread] [MAIN_THREAD_HEARTBEAT] GUI main thread alive: thread=MainThread
2026-08-21 10:12:56.903 [session=000416] [DEBUG] [RestApiThread] GetCallBellFromRESTAPI 요청 시작
2026-08-21 10:12:56.911 [session=000416] [DEBUG] [RestApiThread] _get_data: 요청 시작 - tag: REST_API_TAG.GET_CALLBELL, url: http://localhost:8080/robot_ec2b/callbell
2026-08-21 10:12:56.912 [session=000416] [DEBUG] [RestApiThread] _get_data: 요청 전송 완료 - tag: REST_API_TAG.GET_CALLBELL, timeout: 30000ms
2026-08-21 10:12:56.915 [session=000416] [INFO] [MainThread] model_manager set_destinations: unchanged (5 items) - emit skipped
2026-08-21 10:12:56.923 [session=000416] [INFO] [MainThread] 홈 위치 수신: (3.12, 1.10)
2026-08-21 10:12:56.924 [session=000416] [INFO] [MainThread] 홈 위치 표시 업데이트: (894.0, 100.9)
2026-08-21 10:12:56.928 [session=000416] [INFO] [MainThread]   홈 위치 서버 → 픽셀 좌표로 변환 및 UI 업데이트: (894.0, 100.9)
2026-08-21 10:12:56.935 [session=000416] [DEBUG] [RestApiThread] _handle_response 호출됨 - tag: REST_API_TAG.GET_CALLBELL, status_code: 200
2026-08-21 10:12:56.937 [session=000416] [INFO] [ThreadPoolExecutor-5_0] 호출벨 데이터 수신: 5개
2026-08-21 10:12:56.943 [session=000416] [INFO] [MainThread] 호출벨-목적지 동기화 완료: 5개 호출벨
2026-08-21 10:12:56.944 [session=000416] [INFO] [MainThread] 목적지 리스트 반환: destinations=[Destination(name='로비', goal_pose=Pose(x=4.241336459631034, y=-2.361104203714551, qw=0.5097087478206948, qz=0.8603470185890456), bell=Bells(treatment='', suction='64012cd7'), idx=0, color='#e53935'), Destination(name='수술실', goal_pose=Pose(x=4.5199271819089395, y=-3.9219605026851503, qw=0.14533446519134308, qz=-0.9893825818294691), bell=Bells(treatment='', suction='64132cd7'), idx=1, color='#e53935'), Destination(name='진료실', goal_pose=Pose(x=0.11980823444488001, y=-3.735511450600503, qw=0.9963649848510123, qz=0.0851869530083222), bell=Bells(treatment='', suction='64252cd7'), idx=2, color='#e53935'), Destination(name='창고', goal_pose=Pose(x=0.2834625688692579, y=-6.793061814598156, qw=0.5257961572167338, qz=0.850610604834031), bell=Bells(treatment='', suction='64372cd7'), idx=3, color='#e53935'), Destination(name='소독실', goal_pose=Pose(x=-3.4045695907217928, y=-7.611793760201744, qw=0.546869706461766, qz=0.8372177280459497), bell=Bells(treatment='', suction='64492cd7'), idx=4, color='#e53935')]
2026-08-21 10:12:56.944 [session=000416] [INFO] [MainThread] 호출벨 리스트 반환: callbells={'64012cd7': {'name': '호출벨 1', 'usage': 'suction', 'destination': '로비'}, '64132cd7': {'name': '호출벨 2', 'usage': 'suction', 'destination': '수술실'}, '64252cd7': {'name': '호출벨 3', 'usage': 'suction', 'destination': '진료실'}, '64372cd7': {'name': '호출벨 4', 'usage': 'suction', 'destination': '창고'}, '64492cd7': {'name': '호출벨 5', 'usage': 'suction', 'destination': '소독실'}}, robot_usages=['treatment', 'suction']
2026-08-21 10:12:56.944 [session=000416] [INFO] [MainThread] 호출벨 리스트 로드: 5개
2026-08-21 10:12:56.945 [session=000416] [INFO] [MainThread] 호출벨 목록 동일 - UI 재생성 생략
2026-08-21 10:12:56.945 [session=000416] [INFO] [MainThread] 호출벨용 용도 목록 로드 요청
2026-08-21 10:12:56.945 [session=000416] [INFO] [MainThread] 호출벨에 용도 목록 전달: 2개
2026-08-21 10:12:56.945 [session=000416] [INFO] [MainThread] 용도 목록 로드: 2개
2026-08-21 10:12:56.945 [session=000416] [INFO] [MainThread] 목적지 목록 로드: 5개
2026-08-21 10:12:56.946 [session=000416] [INFO] [MainThread] 호출벨 관리에 목적지 목록 전달: 5개
2026-08-21 10:12:56.946 [session=000416] [INFO] [MainThread] My IP : 192.168.104.212
2026-08-21 10:12:57.121 [session=000416] [INFO] [ThreadPoolExecutor-8_0] 순차 이동 설정 저장 완료: /home/dentium/robot_GUIs/app/config/sequential_move.json
2026-08-21 10:12:59.393 [session=000416] [INFO] [MainThread] [MAIN_THREAD_HEARTBEAT] GUI main thread alive: thread=MainThread
2026-08-21 10:13:00.124 [session=000416] [INFO] [SSE-SSE_BATTERY_LOW_SHUTDOWN] [SSE_DIAG] connect attempt tag=SSE_BATTERY_LOW_SHUTDOWN, reconnect=118, url=http://localhost:8080/robot_ec2b/events/battery/low_shutdown
2026-08-21 10:13:00.132 [session=000416] [INFO] [SSE-SSE_BATTERY_LOW_SHUTDOWN] [SSE_DIAG] connected tag=SSE_BATTERY_LOW_SHUTDOWN, status=404, reason=Not Found, elapsed=0.01s, content_type=application/json, url=http://localhost:8080/robot_ec2b/events/battery/low_shutdown
2026-08-21 10:13:00.136 [session=000416] [ERROR] [SSE-SSE_BATTERY_LOW_SHUTDOWN] [SSE_DIAG] non-200 response tag=SSE_BATTERY_LOW_SHUTDOWN, status=404, reason=Not Found, url=http://localhost:8080/robot_ec2b/events/battery/low_shutdown
2026-08-21 10:13:00.140 [session=000416] [INFO] [SSE-SSE_BATTERY_LOW_SHUTDOWN] [SSE_DIAG] reconnect wait tag=SSE_BATTERY_LOW_SHUTDOWN, delay=10s, reconnect=119, reason=HTTP 404, url=http://localhost:8080/robot_ec2b/events/battery/low_shutdown
2026-08-21 10:13:04.394 [session=000416] [INFO] [MainThread] [MAIN_THREAD_HEARTBEAT] GUI main thread alive: thread=MainThread
2026-08-21 10:13:06.902 [session=000416] [DEBUG] [RestApiThread] GetCallBellFromRESTAPI 요청 시작
2026-08-21 10:13:06.905 [session=000416] [DEBUG] [RestApiThread] _get_data: 요청 시작 - tag: REST_API_TAG.GET_CALLBELL, url: http://localhost:8080/robot_ec2b/callbell
2026-08-21 10:13:06.906 [session=000416] [DEBUG] [RestApiThread] _get_data: 요청 전송 완료 - tag: REST_API_TAG.GET_CALLBELL, timeout: 30000ms
2026-08-21 10:13:06.908 [session=000416] [INFO] [MainThread] model_manager set_destinations: unchanged (5 items) - emit skipped
2026-08-21 10:13:06.931 [session=000416] [INFO] [MainThread] 홈 위치 수신: (3.12, 1.10)
2026-08-21 10:13:06.932 [session=000416] [INFO] [MainThread] 홈 위치 표시 업데이트: (894.0, 100.9)
2026-08-21 10:13:06.940 [session=000416] [INFO] [MainThread]   홈 위치 서버 → 픽셀 좌표로 변환 및 UI 업데이트: (894.0, 100.9)
2026-08-21 10:13:06.948 [session=000416] [DEBUG] [RestApiThread] _handle_response 호출됨 - tag: REST_API_TAG.GET_CALLBELL, status_code: 200
2026-08-21 10:13:06.949 [session=000416] [INFO] [ThreadPoolExecutor-5_2] 호출벨 데이터 수신: 5개
2026-08-21 10:13:06.951 [session=000416] [INFO] [MainThread] 호출벨-목적지 동기화 완료: 5개 호출벨
2026-08-21 10:13:06.951 [session=000416] [INFO] [MainThread] 목적지 리스트 반환: destinations=[Destination(name='로비', goal_pose=Pose(x=4.241336459631034, y=-2.361104203714551, qw=0.5097087478206948, qz=0.8603470185890456), bell=Bells(treatment='', suction='64012cd7'), idx=0, color='#e53935'), Destination(name='수술실', goal_pose=Pose(x=4.5199271819089395, y=-3.9219605026851503, qw=0.14533446519134308, qz=-0.9893825818294691), bell=Bells(treatment='', suction='64132cd7'), idx=1, color='#e53935'), Destination(name='진료실', goal_pose=Pose(x=0.11980823444488001, y=-3.735511450600503, qw=0.9963649848510123, qz=0.0851869530083222), bell=Bells(treatment='', suction='64252cd7'), idx=2, color='#e53935'), Destination(name='창고', goal_pose=Pose(x=0.2834625688692579, y=-6.793061814598156, qw=0.5257961572167338, qz=0.850610604834031), bell=Bells(treatment='', suction='64372cd7'), idx=3, color='#e53935'), Destination(name='소독실', goal_pose=Pose(x=-3.4045695907217928, y=-7.611793760201744, qw=0.546869706461766, qz=0.8372177280459497), bell=Bells(treatment='', suction='64492cd7'), idx=4, color='#e53935')]
2026-08-21 10:13:06.952 [session=000416] [INFO] [MainThread] 호출벨 리스트 반환: callbells={'64012cd7': {'name': '호출벨 1', 'usage': 'suction', 'destination': '로비'}, '64132cd7': {'name': '호출벨 2', 'usage': 'suction', 'destination': '수술실'}, '64252cd7': {'name': '호출벨 3', 'usage': 'suction', 'destination': '진료실'}, '64372cd7': {'name': '호출벨 4', 'usage': 'suction', 'destination': '창고'}, '64492cd7': {'name': '호출벨 5', 'usage': 'suction', 'destination': '소독실'}}, robot_usages=['treatment', 'suction']
2026-08-21 10:13:06.952 [session=000416] [INFO] [MainThread] 호출벨 리스트 로드: 5개
2026-08-21 10:13:06.952 [session=000416] [INFO] [MainThread] 호출벨 목록 동일 - UI 재생성 생략
2026-08-21 10:13:06.953 [session=000416] [INFO] [MainThread] 호출벨용 용도 목록 로드 요청
2026-08-21 10:13:06.957 [session=000416] [INFO] [MainThread] 호출벨에 용도 목록 전달: 2개
2026-08-21 10:13:06.960 [session=000416] [INFO] [MainThread] 용도 목록 로드: 2개
2026-08-21 10:13:06.962 [session=000416] [INFO] [MainThread] 목적지 목록 로드: 5개
2026-08-21 10:13:06.964 [session=000416] [INFO] [MainThread] 호출벨 관리에 목적지 목록 전달: 5개
2026-08-21 10:13:06.970 [session=000416] [INFO] [MainThread] My IP : 192.168.104.212
2026-08-21 10:13:07.121 [session=000416] [INFO] [ThreadPoolExecutor-8_0] 순차 이동 설정 저장 완료: /home/dentium/robot_GUIs/app/config/sequential_move.json
2026-08-21 10:13:09.394 [session=000416] [INFO] [MainThread] [MAIN_THREAD_HEARTBEAT] GUI main thread alive: thread=MainThread
2026-08-21 10:13:10.142 [session=000416] [INFO] [SSE-SSE_BATTERY_LOW_SHUTDOWN] [SSE_DIAG] connect attempt tag=SSE_BATTERY_LOW_SHUTDOWN, reconnect=119, url=http://localhost:8080/robot_ec2b/events/battery/low_shutdown
2026-08-21 10:13:10.151 [session=000416] [INFO] [SSE-SSE_BATTERY_LOW_SHUTDOWN] [SSE_DIAG] connected tag=SSE_BATTERY_LOW_SHUTDOWN, status=404, reason=Not Found, elapsed=0.01s, content_type=application/json, url=http://localhost:8080/robot_ec2b/events/battery/low_shutdown
2026-08-21 10:13:10.151 [session=000416] [ERROR] [SSE-SSE_BATTERY_LOW_SHUTDOWN] [SSE_DIAG] non-200 response tag=SSE_BATTERY_LOW_SHUTDOWN, status=404, reason=Not Found, url=http://localhost:8080/robot_ec2b/events/battery/low_shutdown
2026-08-21 10:13:10.153 [session=000416] [INFO] [SSE-SSE_BATTERY_LOW_SHUTDOWN] [SSE_DIAG] reconnect wait tag=SSE_BATTERY_LOW_SHUTDOWN, delay=10s, reconnect=120, reason=HTTP 404, url=http://localhost:8080/robot_ec2b/events/battery/low_shutdown
2026-08-21 10:13:14.395 [session=000416] [INFO] [MainThread] [MAIN_THREAD_HEARTBEAT] GUI main thread alive: thread=MainThread
2026-08-21 10:13:16.897 [session=000416] [DEBUG] [RestApiThread] GetCallBellFromRESTAPI 요청 시작
2026-08-21 10:13:16.903 [session=000416] [DEBUG] [RestApiThread] _get_data: 요청 시작 - tag: REST_API_TAG.GET_CALLBELL, url: http://localhost:8080/robot_ec2b/callbell
2026-08-21 10:13:16.904 [session=000416] [DEBUG] [RestApiThread] _get_data: 요청 전송 완료 - tag: REST_API_TAG.GET_CALLBELL, timeout: 30000ms
2026-08-21 10:13:16.904 [session=000416] [INFO] [RestApiThread] _handle_response (CYCLIC 정상) - tag: REST_API_TAG.GET_DESTINATIONS, status: 200, pending→2
2026-08-21 10:13:16.907 [session=000416] [INFO] [MainThread] model_manager set_destinations: unchanged (5 items) - emit skipped
2026-08-21 10:13:16.909 [session=000416] [DEBUG] [RestApiThread] _handle_response 호출됨 - tag: REST_API_TAG.GET_CALLBELL, status_code: 200
2026-08-21 10:13:16.910 [session=000416] [INFO] [ThreadPoolExecutor-5_1] 호출벨 데이터 수신: 5개
2026-08-21 10:13:16.912 [session=000416] [INFO] [MainThread] 홈 위치 수신: (3.12, 1.10)
2026-08-21 10:13:16.912 [session=000416] [INFO] [MainThread] 홈 위치 표시 업데이트: (894.0, 100.9)
2026-08-21 10:13:16.921 [session=000416] [INFO] [MainThread]   홈 위치 서버 → 픽셀 좌표로 변환 및 UI 업데이트: (894.0, 100.9)
2026-08-21 10:13:16.924 [session=000416] [INFO] [MainThread] 호출벨-목적지 동기화 완료: 5개 호출벨
2026-08-21 10:13:16.925 [session=000416] [INFO] [MainThread] 목적지 리스트 반환: destinations=[Destination(name='로비', goal_pose=Pose(x=4.241336459631034, y=-2.361104203714551, qw=0.5097087478206948, qz=0.8603470185890456), bell=Bells(treatment='', suction='64012cd7'), idx=0, color='#e53935'), Destination(name='수술실', goal_pose=Pose(x=4.5199271819089395, y=-3.9219605026851503, qw=0.14533446519134308, qz=-0.9893825818294691), bell=Bells(treatment='', suction='64132cd7'), idx=1, color='#e53935'), Destination(name='진료실', goal_pose=Pose(x=0.11980823444488001, y=-3.735511450600503, qw=0.9963649848510123, qz=0.0851869530083222), bell=Bells(treatment='', suction='64252cd7'), idx=2, color='#e53935'), Destination(name='창고', goal_pose=Pose(x=0.2834625688692579, y=-6.793061814598156, qw=0.5257961572167338, qz=0.850610604834031), bell=Bells(treatment='', suction='64372cd7'), idx=3, color='#e53935'), Destination(name='소독실', goal_pose=Pose(x=-3.4045695907217928, y=-7.611793760201744, qw=0.546869706461766, qz=0.8372177280459497), bell=Bells(treatment='', suction='64492cd7'), idx=4, color='#e53935')]
2026-08-21 10:13:16.925 [session=000416] [INFO] [MainThread] 호출벨 리스트 반환: callbells={'64012cd7': {'name': '호출벨 1', 'usage': 'suction', 'destination': '로비'}, '64132cd7': {'name': '호출벨 2', 'usage': 'suction', 'destination': '수술실'}, '64252cd7': {'name': '호출벨 3', 'usage': 'suction', 'destination': '진료실'}, '64372cd7': {'name': '호출벨 4', 'usage': 'suction', 'destination': '창고'}, '64492cd7': {'name': '호출벨 5', 'usage': 'suction', 'destination': '소독실'}}, robot_usages=['treatment', 'suction']
2026-08-21 10:13:16.925 [session=000416] [INFO] [MainThread] 호출벨 리스트 로드: 5개
2026-08-21 10:13:16.926 [session=000416] [INFO] [MainThread] 호출벨 목록 동일 - UI 재생성 생략
2026-08-21 10:13:16.926 [session=000416] [INFO] [MainThread] 호출벨용 용도 목록 로드 요청
2026-08-21 10:13:16.926 [session=000416] [INFO] [MainThread] 호출벨에 용도 목록 전달: 2개
2026-08-21 10:13:16.926 [session=000416] [INFO] [MainThread] 용도 목록 로드: 2개
2026-08-21 10:13:16.926 [session=000416] [INFO] [MainThread] 목적지 목록 로드: 5개
2026-08-21 10:13:16.926 [session=000416] [INFO] [MainThread] 호출벨 관리에 목적지 목록 전달: 5개
2026-08-21 10:13:16.927 [session=000416] [INFO] [MainThread] My IP : 192.168.104.212
2026-08-21 10:13:17.098 [session=000416] [INFO] [ThreadPoolExecutor-8_0] 순차 이동 설정 저장 완료: /home/dentium/robot_GUIs/app/config/sequential_move.json
2026-08-21 10:13:19.394 [session=000416] [INFO] [MainThread] [MAIN_THREAD_HEARTBEAT] GUI main thread alive: thread=MainThread
2026-08-21 10:13:20.154 [session=000416] [INFO] [SSE-SSE_BATTERY_LOW_SHUTDOWN] [SSE_DIAG] connect attempt tag=SSE_BATTERY_LOW_SHUTDOWN, reconnect=120, url=http://localhost:8080/robot_ec2b/events/battery/low_shutdown
2026-08-21 10:13:20.162 [session=000416] [INFO] [SSE-SSE_BATTERY_LOW_SHUTDOWN] [SSE_DIAG] connected tag=SSE_BATTERY_LOW_SHUTDOWN, status=404, reason=Not Found, elapsed=0.01s, content_type=application/json, url=http://localhost:8080/robot_ec2b/events/battery/low_shutdown
2026-08-21 10:13:20.162 [session=000416] [ERROR] [SSE-SSE_BATTERY_LOW_SHUTDOWN] [SSE_DIAG] non-200 response tag=SSE_BATTERY_LOW_SHUTDOWN, status=404, reason=Not Found, url=http://localhost:8080/robot_ec2b/events/battery/low_shutdown
2026-08-21 10:13:20.166 [session=000416] [INFO] [SSE-SSE_BATTERY_LOW_SHUTDOWN] [SSE_DIAG] reconnect wait tag=SSE_BATTERY_LOW_SHUTDOWN, delay=10s, reconnect=121, reason=HTTP 404, url=http://localhost:8080/robot_ec2b/events/battery/low_shutdown
2026-08-21 10:13:24.393 [session=000416] [INFO] [MainThread] [MAIN_THREAD_HEARTBEAT] GUI main thread alive: thread=MainThread
2026-08-21 10:13:26.899 [session=000416] [DEBUG] [RestApiThread] GetCallBellFromRESTAPI 요청 시작
2026-08-21 10:13:26.901 [session=000416] [DEBUG] [RestApiThread] _get_data: 요청 시작 - tag: REST_API_TAG.GET_CALLBELL, url: http://localhost:8080/robot_ec2b/callbell
2026-08-21 10:13:26.902 [session=000416] [DEBUG] [RestApiThread] _get_data: 요청 전송 완료 - tag: REST_API_TAG.GET_CALLBELL, timeout: 30000ms
2026-08-21 10:13:26.928 [session=000416] [INFO] [MainThread] model_manager set_destinations: unchanged (5 items) - emit skipped
2026-08-21 10:13:26.930 [session=000416] [INFO] [MainThread] 홈 위치 수신: (3.12, 1.10)
2026-08-21 10:13:26.930 [session=000416] [INFO] [MainThread] 홈 위치 표시 업데이트: (894.0, 100.9)
2026-08-21 10:13:26.933 [session=000416] [INFO] [MainThread]   홈 위치 서버 → 픽셀 좌표로 변환 및 UI 업데이트: (894.0, 100.9)
2026-08-21 10:13:26.945 [session=000416] [DEBUG] [RestApiThread] _handle_response 호출됨 - tag: REST_API_TAG.GET_CALLBELL, status_code: 200
2026-08-21 10:13:26.947 [session=000416] [INFO] [ThreadPoolExecutor-5_2] 호출벨 데이터 수신: 5개
2026-08-21 10:13:26.948 [session=000416] [INFO] [MainThread] 호출벨-목적지 동기화 완료: 5개 호출벨
2026-08-21 10:13:26.949 [session=000416] [INFO] [MainThread] 목적지 리스트 반환: destinations=[Destination(name='로비', goal_pose=Pose(x=4.241336459631034, y=-2.361104203714551, qw=0.5097087478206948, qz=0.8603470185890456), bell=Bells(treatment='', suction='64012cd7'), idx=0, color='#e53935'), Destination(name='수술실', goal_pose=Pose(x=4.5199271819089395, y=-3.9219605026851503, qw=0.14533446519134308, qz=-0.9893825818294691), bell=Bells(treatment='', suction='64132cd7'), idx=1, color='#e53935'), Destination(name='진료실', goal_pose=Pose(x=0.11980823444488001, y=-3.735511450600503, qw=0.9963649848510123, qz=0.0851869530083222), bell=Bells(treatment='', suction='64252cd7'), idx=2, color='#e53935'), Destination(name='창고', goal_pose=Pose(x=0.2834625688692579, y=-6.793061814598156, qw=0.5257961572167338, qz=0.850610604834031), bell=Bells(treatment='', suction='64372cd7'), idx=3, color='#e53935'), Destination(name='소독실', goal_pose=Pose(x=-3.4045695907217928, y=-7.611793760201744, qw=0.546869706461766, qz=0.8372177280459497), bell=Bells(treatment='', suction='64492cd7'), idx=4, color='#e53935')]
2026-08-21 10:13:26.949 [session=000416] [INFO] [MainThread] 호출벨 리스트 반환: callbells={'64012cd7': {'name': '호출벨 1', 'usage': 'suction', 'destination': '로비'}, '64132cd7': {'name': '호출벨 2', 'usage': 'suction', 'destination': '수술실'}, '64252cd7': {'name': '호출벨 3', 'usage': 'suction', 'destination': '진료실'}, '64372cd7': {'name': '호출벨 4', 'usage': 'suction', 'destination': '창고'}, '64492cd7': {'name': '호출벨 5', 'usage': 'suction', 'destination': '소독실'}}, robot_usages=['treatment', 'suction']
2026-08-21 10:13:26.949 [session=000416] [INFO] [MainThread] 호출벨 리스트 로드: 5개
2026-08-21 10:13:26.950 [session=000416] [INFO] [MainThread] 호출벨 목록 동일 - UI 재생성 생략
2026-08-21 10:13:26.950 [session=000416] [INFO] [MainThread] 호출벨용 용도 목록 로드 요청
2026-08-21 10:13:26.950 [session=000416] [INFO] [MainThread] 호출벨에 용도 목록 전달: 2개
2026-08-21 10:13:26.950 [session=000416] [INFO] [MainThread] 용도 목록 로드: 2개
2026-08-21 10:13:26.950 [session=000416] [INFO] [MainThread] 목적지 목록 로드: 5개
2026-08-21 10:13:26.950 [session=000416] [INFO] [MainThread] 호출벨 관리에 목적지 목록 전달: 5개
2026-08-21 10:13:26.957 [session=000416] [INFO] [MainThread] My IP : 192.168.104.212
2026-08-21 10:13:26.959 [session=000416] [INFO] [browser-music-sync_0] [BROWSER_MUSIC_SYNC] event=catalog_fetch_started master_base_url=http://127.0.0.1:5051
2026-08-21 10:13:26.997 [session=000416] [INFO] [browser-music-sync_0] [BROWSER_MUSIC_SYNC] event=catalog_fetch_succeeded master_base_url=http://127.0.0.1:5051 item_count=3
2026-08-21 10:13:27.003 [session=000416] [INFO] [RestApiThread] [REST API] 배경 음악 GET 전송: operation=selection_get, url=http://127.0.0.1:5051/api/voice-event-settings/background-music?robot_id=robot_ec2b
2026-08-21 10:13:27.005 [session=000416] [INFO] [RestApiThread] [REST API] 배경 음악 GET 전송: operation=resolved_get, url=http://127.0.0.1:5051/api/voice-event-settings/resolved?robot_id=robot_ec2b
2026-08-21 10:13:27.036 [session=000416] [DEBUG] [RestApiThread] _handle_response 호출됨 - tag: REST_API_TAG.GET_BACKGROUND_MUSIC_SETTING, status_code: 200
2026-08-21 10:13:27.056 [session=000416] [DEBUG] [RestApiThread] _handle_response 호출됨 - tag: REST_API_TAG.GET_RESOLVED_BACKGROUND_MUSIC, status_code: 200
2026-08-21 10:13:27.120 [session=000416] [INFO] [ThreadPoolExecutor-8_0] 순차 이동 설정 저장 완료: /home/dentium/robot_GUIs/app/config/sequential_move.json
2026-08-21 10:13:29.394 [session=000416] [INFO] [MainThread] [MAIN_THREAD_HEARTBEAT] GUI main thread alive: thread=MainThread
2026-08-21 10:13:30.170 [session=000416] [INFO] [SSE-SSE_BATTERY_LOW_SHUTDOWN] [SSE_DIAG] connect attempt tag=SSE_BATTERY_LOW_SHUTDOWN, reconnect=121, url=http://localhost:8080/robot_ec2b/events/battery/low_shutdown
2026-08-21 10:13:30.180 [session=000416] [INFO] [SSE-SSE_BATTERY_LOW_SHUTDOWN] [SSE_DIAG] connected tag=SSE_BATTERY_LOW_SHUTDOWN, status=404, reason=Not Found, elapsed=0.01s, content_type=application/json, url=http://localhost:8080/robot_ec2b/events/battery/low_shutdown
2026-08-21 10:13:30.181 [session=000416] [ERROR] [SSE-SSE_BATTERY_LOW_SHUTDOWN] [SSE_DIAG] non-200 response tag=SSE_BATTERY_LOW_SHUTDOWN, status=404, reason=Not Found, url=http://localhost:8080/robot_ec2b/events/battery/low_shutdown
2026-08-21 10:13:30.183 [session=000416] [INFO] [SSE-SSE_BATTERY_LOW_SHUTDOWN] [SSE_DIAG] reconnect wait tag=SSE_BATTERY_LOW_SHUTDOWN, delay=10s, reconnect=122, reason=HTTP 404, url=http://localhost:8080/robot_ec2b/events/battery/low_shutdown
2026-08-21 10:13:34.394 [session=000416] [INFO] [MainThread] [MAIN_THREAD_HEARTBEAT] GUI main thread alive: thread=MainThread
2026-08-21 10:13:36.901 [session=000416] [DEBUG] [RestApiThread] GetCallBellFromRESTAPI 요청 시작
2026-08-21 10:13:36.903 [session=000416] [DEBUG] [RestApiThread] _get_data: 요청 시작 - tag: REST_API_TAG.GET_CALLBELL, url: http://localhost:8080/robot_ec2b/callbell
2026-08-21 10:13:36.904 [session=000416] [DEBUG] [RestApiThread] _get_data: 요청 전송 완료 - tag: REST_API_TAG.GET_CALLBELL, timeout: 30000ms
2026-08-21 10:13:36.907 [session=000416] [INFO] [MainThread] model_manager set_destinations: unchanged (5 items) - emit skipped
2026-08-21 10:13:36.915 [session=000416] [INFO] [MainThread] 홈 위치 수신: (3.12, 1.10)
2026-08-21 10:13:36.916 [session=000416] [INFO] [MainThread] 홈 위치 표시 업데이트: (894.0, 100.9)
2026-08-21 10:13:36.922 [session=000416] [DEBUG] [RestApiThread] _handle_response 호출됨 - tag: REST_API_TAG.GET_CALLBELL, status_code: 200
2026-08-21 10:13:36.926 [session=000416] [INFO] [ThreadPoolExecutor-5_2] 호출벨 데이터 수신: 5개
2026-08-21 10:13:36.930 [session=000416] [INFO] [MainThread]   홈 위치 서버 → 픽셀 좌표로 변환 및 UI 업데이트: (894.0, 100.9)
2026-08-21 10:13:36.943 [session=000416] [INFO] [MainThread] 호출벨-목적지 동기화 완료: 5개 호출벨
2026-08-21 10:13:36.944 [session=000416] [INFO] [MainThread] 목적지 리스트 반환: destinations=[Destination(name='로비', goal_pose=Pose(x=4.241336459631034, y=-2.361104203714551, qw=0.5097087478206948, qz=0.8603470185890456), bell=Bells(treatment='', suction='64012cd7'), idx=0, color='#e53935'), Destination(name='수술실', goal_pose=Pose(x=4.5199271819089395, y=-3.9219605026851503, qw=0.14533446519134308, qz=-0.9893825818294691), bell=Bells(treatment='', suction='64132cd7'), idx=1, color='#e53935'), Destination(name='진료실', goal_pose=Pose(x=0.11980823444488001, y=-3.735511450600503, qw=0.9963649848510123, qz=0.0851869530083222), bell=Bells(treatment='', suction='64252cd7'), idx=2, color='#e53935'), Destination(name='창고', goal_pose=Pose(x=0.2834625688692579, y=-6.793061814598156, qw=0.5257961572167338, qz=0.850610604834031), bell=Bells(treatment='', suction='64372cd7'), idx=3, color='#e53935'), Destination(name='소독실', goal_pose=Pose(x=-3.4045695907217928, y=-7.611793760201744, qw=0.546869706461766, qz=0.8372177280459497), bell=Bells(treatment='', suction='64492cd7'), idx=4, color='#e53935')]
2026-08-21 10:13:36.945 [session=000416] [INFO] [MainThread] 호출벨 리스트 반환: callbells={'64012cd7': {'name': '호출벨 1', 'usage': 'suction', 'destination': '로비'}, '64132cd7': {'name': '호출벨 2', 'usage': 'suction', 'destination': '수술실'}, '64252cd7': {'name': '호출벨 3', 'usage': 'suction', 'destination': '진료실'}, '64372cd7': {'name': '호출벨 4', 'usage': 'suction', 'destination': '창고'}, '64492cd7': {'name': '호출벨 5', 'usage': 'suction', 'destination': '소독실'}}, robot_usages=['treatment', 'suction']
2026-08-21 10:13:36.945 [session=000416] [INFO] [MainThread] 호출벨 리스트 로드: 5개
2026-08-21 10:13:36.945 [session=000416] [INFO] [MainThread] 호출벨 목록 동일 - UI 재생성 생략
2026-08-21 10:13:36.946 [session=000416] [INFO] [MainThread] 호출벨용 용도 목록 로드 요청
2026-08-21 10:13:36.946 [session=000416] [INFO] [MainThread] 호출벨에 용도 목록 전달: 2개
2026-08-21 10:13:36.946 [session=000416] [INFO] [MainThread] 용도 목록 로드: 2개
2026-08-21 10:13:36.946 [session=000416] [INFO] [MainThread] 목적지 목록 로드: 5개
2026-08-21 10:13:36.946 [session=000416] [INFO] [MainThread] 호출벨 관리에 목적지 목록 전달: 5개
2026-08-21 10:13:36.947 [session=000416] [INFO] [MainThread] My IP : 192.168.104.212
2026-08-21 10:13:37.122 [session=000416] [INFO] [ThreadPoolExecutor-8_0] 순차 이동 설정 저장 완료: /home/dentium/robot_GUIs/app/config/sequential_move.json
2026-08-21 10:13:39.395 [session=000416] [INFO] [MainThread] [MAIN_THREAD_HEARTBEAT] GUI main thread alive: thread=MainThread
2026-08-21 10:13:40.184 [session=000416] [INFO] [SSE-SSE_BATTERY_LOW_SHUTDOWN] [SSE_DIAG] connect attempt tag=SSE_BATTERY_LOW_SHUTDOWN, reconnect=122, url=http://localhost:8080/robot_ec2b/events/battery/low_shutdown
2026-08-21 10:13:40.195 [session=000416] [INFO] [SSE-SSE_BATTERY_LOW_SHUTDOWN] [SSE_DIAG] connected tag=SSE_BATTERY_LOW_SHUTDOWN, status=404, reason=Not Found, elapsed=0.01s, content_type=application/json, url=http://localhost:8080/robot_ec2b/events/battery/low_shutdown
2026-08-21 10:13:40.196 [session=000416] [ERROR] [SSE-SSE_BATTERY_LOW_SHUTDOWN] [SSE_DIAG] non-200 response tag=SSE_BATTERY_LOW_SHUTDOWN, status=404, reason=Not Found, url=http://localhost:8080/robot_ec2b/events/battery/low_shutdown
2026-08-21 10:13:40.198 [session=000416] [INFO] [SSE-SSE_BATTERY_LOW_SHUTDOWN] [SSE_DIAG] reconnect wait tag=SSE_BATTERY_LOW_SHUTDOWN, delay=10s, reconnect=123, reason=HTTP 404, url=http://localhost:8080/robot_ec2b/events/battery/low_shutdown
2026-08-21 10:13:44.394 [session=000416] [INFO] [MainThread] [MAIN_THREAD_HEARTBEAT] GUI main thread alive: thread=MainThread
2026-08-21 10:13:46.900 [session=000416] [DEBUG] [RestApiThread] GetCallBellFromRESTAPI 요청 시작
2026-08-21 10:13:46.903 [session=000416] [DEBUG] [RestApiThread] _get_data: 요청 시작 - tag: REST_API_TAG.GET_CALLBELL, url: http://localhost:8080/robot_ec2b/callbell
2026-08-21 10:13:46.903 [session=000416] [DEBUG] [RestApiThread] _get_data: 요청 전송 완료 - tag: REST_API_TAG.GET_CALLBELL, timeout: 30000ms
2026-08-21 10:13:46.906 [session=000416] [INFO] [MainThread] model_manager set_destinations: unchanged (5 items) - emit skipped
2026-08-21 10:13:46.908 [session=000416] [INFO] [MainThread] 홈 위치 수신: (3.12, 1.10)
2026-08-21 10:13:46.909 [session=000416] [INFO] [MainThread] 홈 위치 표시 업데이트: (894.0, 100.9)
2026-08-21 10:13:46.914 [session=000416] [INFO] [MainThread]   홈 위치 서버 → 픽셀 좌표로 변환 및 UI 업데이트: (894.0, 100.9)
2026-08-21 10:13:46.916 [session=000416] [DEBUG] [RestApiThread] _handle_response 호출됨 - tag: REST_API_TAG.GET_CALLBELL, status_code: 200
2026-08-21 10:13:46.917 [session=000416] [INFO] [ThreadPoolExecutor-5_1] 호출벨 데이터 수신: 5개
2026-08-21 10:13:46.923 [session=000416] [INFO] [MainThread] 호출벨-목적지 동기화 완료: 5개 호출벨
2026-08-21 10:13:46.923 [session=000416] [INFO] [MainThread] 목적지 리스트 반환: destinations=[Destination(name='로비', goal_pose=Pose(x=4.241336459631034, y=-2.361104203714551, qw=0.5097087478206948, qz=0.8603470185890456), bell=Bells(treatment='', suction='64012cd7'), idx=0, color='#e53935'), Destination(name='수술실', goal_pose=Pose(x=4.5199271819089395, y=-3.9219605026851503, qw=0.14533446519134308, qz=-0.9893825818294691), bell=Bells(treatment='', suction='64132cd7'), idx=1, color='#e53935'), Destination(name='진료실', goal_pose=Pose(x=0.11980823444488001, y=-3.735511450600503, qw=0.9963649848510123, qz=0.0851869530083222), bell=Bells(treatment='', suction='64252cd7'), idx=2, color='#e53935'), Destination(name='창고', goal_pose=Pose(x=0.2834625688692579, y=-6.793061814598156, qw=0.5257961572167338, qz=0.850610604834031), bell=Bells(treatment='', suction='64372cd7'), idx=3, color='#e53935'), Destination(name='소독실', goal_pose=Pose(x=-3.4045695907217928, y=-7.611793760201744, qw=0.546869706461766, qz=0.8372177280459497), bell=Bells(treatment='', suction='64492cd7'), idx=4, color='#e53935')]
2026-08-21 10:13:46.924 [session=000416] [INFO] [MainThread] 호출벨 리스트 반환: callbells={'64012cd7': {'name': '호출벨 1', 'usage': 'suction', 'destination': '로비'}, '64132cd7': {'name': '호출벨 2', 'usage': 'suction', 'destination': '수술실'}, '64252cd7': {'name': '호출벨 3', 'usage': 'suction', 'destination': '진료실'}, '64372cd7': {'name': '호출벨 4', 'usage': 'suction', 'destination': '창고'}, '64492cd7': {'name': '호출벨 5', 'usage': 'suction', 'destination': '소독실'}}, robot_usages=['treatment', 'suction']
2026-08-21 10:13:46.924 [session=000416] [INFO] [MainThread] 호출벨 리스트 로드: 5개
2026-08-21 10:13:46.924 [session=000416] [INFO] [MainThread] 호출벨 목록 동일 - UI 재생성 생략
2026-08-21 10:13:46.924 [session=000416] [INFO] [MainThread] 호출벨용 용도 목록 로드 요청
2026-08-21 10:13:46.925 [session=000416] [INFO] [MainThread] 호출벨에 용도 목록 전달: 2개
2026-08-21 10:13:46.926 [session=000416] [INFO] [MainThread] 용도 목록 로드: 2개
2026-08-21 10:13:46.928 [session=000416] [INFO] [MainThread] 목적지 목록 로드: 5개
2026-08-21 10:13:46.928 [session=000416] [INFO] [MainThread] 호출벨 관리에 목적지 목록 전달: 5개
2026-08-21 10:13:46.930 [session=000416] [INFO] [MainThread] My IP : 192.168.104.212
2026-08-21 10:13:47.095 [session=000416] [INFO] [ThreadPoolExecutor-8_0] 순차 이동 설정 저장 완료: /home/dentium/robot_GUIs/app/config/sequential_move.json
2026-08-21 10:13:49.396 [session=000416] [INFO] [MainThread] [MAIN_THREAD_HEARTBEAT] GUI main thread alive: thread=MainThread
2026-08-21 10:13:50.199 [session=000416] [INFO] [SSE-SSE_BATTERY_LOW_SHUTDOWN] [SSE_DIAG] connect attempt tag=SSE_BATTERY_LOW_SHUTDOWN, reconnect=123, url=http://localhost:8080/robot_ec2b/events/battery/low_shutdown
2026-08-21 10:13:50.211 [session=000416] [INFO] [SSE-SSE_BATTERY_LOW_SHUTDOWN] [SSE_DIAG] connected tag=SSE_BATTERY_LOW_SHUTDOWN, status=404, reason=Not Found, elapsed=0.01s, content_type=application/json, url=http://localhost:8080/robot_ec2b/events/battery/low_shutdown
2026-08-21 10:13:50.212 [session=000416] [ERROR] [SSE-SSE_BATTERY_LOW_SHUTDOWN] [SSE_DIAG] non-200 response tag=SSE_BATTERY_LOW_SHUTDOWN, status=404, reason=Not Found, url=http://localhost:8080/robot_ec2b/events/battery/low_shutdown
2026-08-21 10:13:50.213 [session=000416] [INFO] [SSE-SSE_BATTERY_LOW_SHUTDOWN] [SSE_DIAG] reconnect wait tag=SSE_BATTERY_LOW_SHUTDOWN, delay=10s, reconnect=124, reason=HTTP 404, url=http://localhost:8080/robot_ec2b/events/battery/low_shutdown
2026-08-21 10:13:54.394 [session=000416] [INFO] [MainThread] [MAIN_THREAD_HEARTBEAT] GUI main thread alive: thread=MainThread
2026-08-21 10:13:56.895 [session=000416] [DEBUG] [RestApiThread] GetCallBellFromRESTAPI 요청 시작
2026-08-21 10:13:56.901 [session=000416] [DEBUG] [RestApiThread] _get_data: 요청 시작 - tag: REST_API_TAG.GET_CALLBELL, url: http://localhost:8080/robot_ec2b/callbell
2026-08-21 10:13:56.902 [session=000416] [DEBUG] [RestApiThread] _get_data: 요청 전송 완료 - tag: REST_API_TAG.GET_CALLBELL, timeout: 30000ms
2026-08-21 10:13:56.906 [session=000416] [INFO] [MainThread] model_manager set_destinations: unchanged (5 items) - emit skipped
2026-08-21 10:13:56.907 [session=000416] [INFO] [RestApiThread] _handle_response (CYCLIC 정상) - tag: REST_API_TAG.GET_HOME_POSE, status: 200, pending→2
2026-08-21 10:13:56.909 [session=000416] [INFO] [MainThread] 홈 위치 수신: (3.12, 1.10)
2026-08-21 10:13:56.909 [session=000416] [INFO] [MainThread] 홈 위치 표시 업데이트: (894.0, 100.9)
2026-08-21 10:13:56.915 [session=000416] [DEBUG] [RestApiThread] _handle_response 호출됨 - tag: REST_API_TAG.GET_CALLBELL, status_code: 200
2026-08-21 10:13:56.916 [session=000416] [INFO] [MainThread]   홈 위치 서버 → 픽셀 좌표로 변환 및 UI 업데이트: (894.0, 100.9)
2026-08-21 10:13:56.917 [session=000416] [INFO] [ThreadPoolExecutor-5_0] 호출벨 데이터 수신: 5개
2026-08-21 10:13:56.922 [session=000416] [INFO] [MainThread] My IP : 192.168.104.212
2026-08-21 10:13:56.924 [session=000416] [INFO] [MainThread] 호출벨-목적지 동기화 완료: 5개 호출벨
2026-08-21 10:13:56.925 [session=000416] [INFO] [MainThread] 목적지 리스트 반환: destinations=[Destination(name='로비', goal_pose=Pose(x=4.241336459631034, y=-2.361104203714551, qw=0.5097087478206948, qz=0.8603470185890456), bell=Bells(treatment='', suction='64012cd7'), idx=0, color='#e53935'), Destination(name='수술실', goal_pose=Pose(x=4.5199271819089395, y=-3.9219605026851503, qw=0.14533446519134308, qz=-0.9893825818294691), bell=Bells(treatment='', suction='64132cd7'), idx=1, color='#e53935'), Destination(name='진료실', goal_pose=Pose(x=0.11980823444488001, y=-3.735511450600503, qw=0.9963649848510123, qz=0.0851869530083222), bell=Bells(treatment='', suction='64252cd7'), idx=2, color='#e53935'), Destination(name='창고', goal_pose=Pose(x=0.2834625688692579, y=-6.793061814598156, qw=0.5257961572167338, qz=0.850610604834031), bell=Bells(treatment='', suction='64372cd7'), idx=3, color='#e53935'), Destination(name='소독실', goal_pose=Pose(x=-3.4045695907217928, y=-7.611793760201744, qw=0.546869706461766, qz=0.8372177280459497), bell=Bells(treatment='', suction='64492cd7'), idx=4, color='#e53935')]
2026-08-21 10:13:56.925 [session=000416] [INFO] [MainThread] 호출벨 리스트 반환: callbells={'64012cd7': {'name': '호출벨 1', 'usage': 'suction', 'destination': '로비'}, '64132cd7': {'name': '호출벨 2', 'usage': 'suction', 'destination': '수술실'}, '64252cd7': {'name': '호출벨 3', 'usage': 'suction', 'destination': '진료실'}, '64372cd7': {'name': '호출벨 4', 'usage': 'suction', 'destination': '창고'}, '64492cd7': {'name': '호출벨 5', 'usage': 'suction', 'destination': '소독실'}}, robot_usages=['treatment', 'suction']
2026-08-21 10:13:56.925 [session=000416] [INFO] [MainThread] 호출벨 리스트 로드: 5개
2026-08-21 10:13:56.925 [session=000416] [INFO] [MainThread] 호출벨 목록 동일 - UI 재생성 생략
2026-08-21 10:13:56.926 [session=000416] [INFO] [MainThread] 호출벨용 용도 목록 로드 요청
2026-08-21 10:13:56.926 [session=000416] [INFO] [MainThread] 호출벨에 용도 목록 전달: 2개
2026-08-21 10:13:56.926 [session=000416] [INFO] [MainThread] 용도 목록 로드: 2개
2026-08-21 10:13:56.926 [session=000416] [INFO] [MainThread] 목적지 목록 로드: 5개
2026-08-21 10:13:56.926 [session=000416] [INFO] [MainThread] 호출벨 관리에 목적지 목록 전달: 5개
2026-08-21 10:13:57.098 [session=000416] [INFO] [ThreadPoolExecutor-8_0] 순차 이동 설정 저장 완료: /home/dentium/robot_GUIs/app/config/sequential_move.json
2026-08-21 10:13:59.394 [session=000416] [INFO] [MainThread] [MAIN_THREAD_HEARTBEAT] GUI main thread alive: thread=MainThread
2026-08-21 10:14:00.214 [session=000416] [INFO] [SSE-SSE_BATTERY_LOW_SHUTDOWN] [SSE_DIAG] connect attempt tag=SSE_BATTERY_LOW_SHUTDOWN, reconnect=124, url=http://localhost:8080/robot_ec2b/events/battery/low_shutdown
2026-08-21 10:14:00.232 [session=000416] [INFO] [SSE-SSE_BATTERY_LOW_SHUTDOWN] [SSE_DIAG] connected tag=SSE_BATTERY_LOW_SHUTDOWN, status=404, reason=Not Found, elapsed=0.02s, content_type=application/json, url=http://localhost:8080/robot_ec2b/events/battery/low_shutdown
2026-08-21 10:14:00.232 [session=000416] [ERROR] [SSE-SSE_BATTERY_LOW_SHUTDOWN] [SSE_DIAG] non-200 response tag=SSE_BATTERY_LOW_SHUTDOWN, status=404, reason=Not Found, url=http://localhost:8080/robot_ec2b/events/battery/low_shutdown
2026-08-21 10:14:00.236 [session=000416] [INFO] [SSE-SSE_BATTERY_LOW_SHUTDOWN] [SSE_DIAG] reconnect wait tag=SSE_BATTERY_LOW_SHUTDOWN, delay=10s, reconnect=125, reason=HTTP 404, url=http://localhost:8080/robot_ec2b/events/battery/low_shutdown
2026-08-21 10:14:04.394 [session=000416] [INFO] [MainThread] [MAIN_THREAD_HEARTBEAT] GUI main thread alive: thread=MainThread
2026-08-21 10:14:06.902 [session=000416] [DEBUG] [RestApiThread] GetCallBellFromRESTAPI 요청 시작
2026-08-21 10:14:06.905 [session=000416] [DEBUG] [RestApiThread] _get_data: 요청 시작 - tag: REST_API_TAG.GET_CALLBELL, url: http://localhost:8080/robot_ec2b/callbell
2026-08-21 10:14:06.905 [session=000416] [DEBUG] [RestApiThread] _get_data: 요청 전송 완료 - tag: REST_API_TAG.GET_CALLBELL, timeout: 30000ms
2026-08-21 10:14:06.908 [session=000416] [INFO] [MainThread] model_manager set_destinations: unchanged (5 items) - emit skipped
2026-08-21 10:14:06.911 [session=000416] [INFO] [MainThread] 홈 위치 수신: (3.12, 1.10)
2026-08-21 10:14:06.911 [session=000416] [INFO] [MainThread] 홈 위치 표시 업데이트: (894.0, 100.9)
2026-08-21 10:14:06.916 [session=000416] [INFO] [MainThread]   홈 위치 서버 → 픽셀 좌표로 변환 및 UI 업데이트: (894.0, 100.9)
2026-08-21 10:14:06.927 [session=000416] [DEBUG] [RestApiThread] _handle_response 호출됨 - tag: REST_API_TAG.GET_CALLBELL, status_code: 200
2026-08-21 10:14:06.929 [session=000416] [INFO] [ThreadPoolExecutor-5_2] 호출벨 데이터 수신: 5개
2026-08-21 10:14:06.930 [session=000416] [INFO] [MainThread] 호출벨-목적지 동기화 완료: 5개 호출벨
2026-08-21 10:14:06.932 [session=000416] [INFO] [MainThread] 목적지 리스트 반환: destinations=[Destination(name='로비', goal_pose=Pose(x=4.241336459631034, y=-2.361104203714551, qw=0.5097087478206948, qz=0.8603470185890456), bell=Bells(treatment='', suction='64012cd7'), idx=0, color='#e53935'), Destination(name='수술실', goal_pose=Pose(x=4.5199271819089395, y=-3.9219605026851503, qw=0.14533446519134308, qz=-0.9893825818294691), bell=Bells(treatment='', suction='64132cd7'), idx=1, color='#e53935'), Destination(name='진료실', goal_pose=Pose(x=0.11980823444488001, y=-3.735511450600503, qw=0.9963649848510123, qz=0.0851869530083222), bell=Bells(treatment='', suction='64252cd7'), idx=2, color='#e53935'), Destination(name='창고', goal_pose=Pose(x=0.2834625688692579, y=-6.793061814598156, qw=0.5257961572167338, qz=0.850610604834031), bell=Bells(treatment='', suction='64372cd7'), idx=3, color='#e53935'), Destination(name='소독실', goal_pose=Pose(x=-3.4045695907217928, y=-7.611793760201744, qw=0.546869706461766, qz=0.8372177280459497), bell=Bells(treatment='', suction='64492cd7'), idx=4, color='#e53935')]
2026-08-21 10:14:06.933 [session=000416] [INFO] [MainThread] 호출벨 리스트 반환: callbells={'64012cd7': {'name': '호출벨 1', 'usage': 'suction', 'destination': '로비'}, '64132cd7': {'name': '호출벨 2', 'usage': 'suction', 'destination': '수술실'}, '64252cd7': {'name': '호출벨 3', 'usage': 'suction', 'destination': '진료실'}, '64372cd7': {'name': '호출벨 4', 'usage': 'suction', 'destination': '창고'}, '64492cd7': {'name': '호출벨 5', 'usage': 'suction', 'destination': '소독실'}}, robot_usages=['treatment', 'suction']
2026-08-21 10:14:06.933 [session=000416] [INFO] [MainThread] 호출벨 리스트 로드: 5개
2026-08-21 10:14:06.934 [session=000416] [INFO] [MainThread] 호출벨 목록 동일 - UI 재생성 생략
2026-08-21 10:14:06.934 [session=000416] [INFO] [MainThread] 호출벨용 용도 목록 로드 요청
2026-08-21 10:14:06.935 [session=000416] [INFO] [MainThread] 호출벨에 용도 목록 전달: 2개
2026-08-21 10:14:06.935 [session=000416] [INFO] [MainThread] 용도 목록 로드: 2개
2026-08-21 10:14:06.935 [session=000416] [INFO] [MainThread] 목적지 목록 로드: 5개
2026-08-21 10:14:06.935 [session=000416] [INFO] [MainThread] 호출벨 관리에 목적지 목록 전달: 5개
2026-08-21 10:14:06.936 [session=000416] [INFO] [MainThread] My IP : 192.168.104.212
2026-08-21 10:14:06.939 [session=000416] [INFO] [browser-music-sync_0] [BROWSER_MUSIC_SYNC] event=catalog_fetch_started master_base_url=http://127.0.0.1:5051
2026-08-21 10:14:06.969 [session=000416] [INFO] [browser-music-sync_0] [BROWSER_MUSIC_SYNC] event=catalog_fetch_succeeded master_base_url=http://127.0.0.1:5051 item_count=3
2026-08-21 10:14:06.984 [session=000416] [INFO] [RestApiThread] [REST API] 배경 음악 GET 전송: operation=selection_get, url=http://127.0.0.1:5051/api/voice-event-settings/background-music?robot_id=robot_ec2b
2026-08-21 10:14:06.984 [session=000416] [INFO] [RestApiThread] [REST API] 배경 음악 GET 전송: operation=resolved_get, url=http://127.0.0.1:5051/api/voice-event-settings/resolved?robot_id=robot_ec2b
2026-08-21 10:14:07.007 [session=000416] [DEBUG] [RestApiThread] _handle_response 호출됨 - tag: REST_API_TAG.GET_BACKGROUND_MUSIC_SETTING, status_code: 200
2026-08-21 10:14:07.015 [session=000416] [DEBUG] [RestApiThread] _handle_response 호출됨 - tag: REST_API_TAG.GET_RESOLVED_BACKGROUND_MUSIC, status_code: 200
2026-08-21 10:14:07.095 [session=000416] [INFO] [ThreadPoolExecutor-8_0] 순차 이동 설정 저장 완료: /home/dentium/robot_GUIs/app/config/sequential_move.json
2026-08-21 10:14:09.394 [session=000416] [INFO] [MainThread] [MAIN_THREAD_HEARTBEAT] GUI main thread alive: thread=MainThread
2026-08-21 10:14:10.237 [session=000416] [INFO] [SSE-SSE_BATTERY_LOW_SHUTDOWN] [SSE_DIAG] connect attempt tag=SSE_BATTERY_LOW_SHUTDOWN, reconnect=125, url=http://localhost:8080/robot_ec2b/events/battery/low_shutdown
2026-08-21 10:14:10.247 [session=000416] [INFO] [SSE-SSE_BATTERY_LOW_SHUTDOWN] [SSE_DIAG] connected tag=SSE_BATTERY_LOW_SHUTDOWN, status=404, reason=Not Found, elapsed=0.01s, content_type=application/json, url=http://localhost:8080/robot_ec2b/events/battery/low_shutdown
2026-08-21 10:14:10.247 [session=000416] [ERROR] [SSE-SSE_BATTERY_LOW_SHUTDOWN] [SSE_DIAG] non-200 response tag=SSE_BATTERY_LOW_SHUTDOWN, status=404, reason=Not Found, url=http://localhost:8080/robot_ec2b/events/battery/low_shutdown
2026-08-21 10:14:10.249 [session=000416] [INFO] [SSE-SSE_BATTERY_LOW_SHUTDOWN] [SSE_DIAG] reconnect wait tag=SSE_BATTERY_LOW_SHUTDOWN, delay=10s, reconnect=126, reason=HTTP 404, url=http://localhost:8080/robot_ec2b/events/battery/low_shutdown
2026-08-21 10:14:14.394 [session=000416] [INFO] [MainThread] [MAIN_THREAD_HEARTBEAT] GUI main thread alive: thread=MainThread
2026-08-21 10:14:16.906 [session=000416] [DEBUG] [RestApiThread] GetCallBellFromRESTAPI 요청 시작
2026-08-21 10:14:16.907 [session=000416] [INFO] [MainThread] model_manager set_destinations: unchanged (5 items) - emit skipped
2026-08-21 10:14:16.908 [session=000416] [DEBUG] [RestApiThread] _get_data: 요청 시작 - tag: REST_API_TAG.GET_CALLBELL, url: http://localhost:8080/robot_ec2b/callbell
2026-08-21 10:14:16.910 [session=000416] [DEBUG] [RestApiThread] _get_data: 요청 전송 완료 - tag: REST_API_TAG.GET_CALLBELL, timeout: 30000ms
2026-08-21 10:14:16.915 [session=000416] [DEBUG] [RestApiThread] _handle_response 호출됨 - tag: REST_API_TAG.GET_CALLBELL, status_code: 200
2026-08-21 10:14:16.916 [session=000416] [INFO] [ThreadPoolExecutor-5_2] 호출벨 데이터 수신: 5개
2026-08-21 10:14:16.922 [session=000416] [INFO] [MainThread] 홈 위치 수신: (3.12, 1.10)
2026-08-21 10:14:16.923 [session=000416] [INFO] [MainThread] 홈 위치 표시 업데이트: (894.0, 100.9)
2026-08-21 10:14:16.925 [session=000416] [INFO] [MainThread]   홈 위치 서버 → 픽셀 좌표로 변환 및 UI 업데이트: (894.0, 100.9)
2026-08-21 10:14:16.927 [session=000416] [INFO] [MainThread] 호출벨-목적지 동기화 완료: 5개 호출벨
2026-08-21 10:14:16.928 [session=000416] [INFO] [MainThread] 목적지 리스트 반환: destinations=[Destination(name='로비', goal_pose=Pose(x=4.241336459631034, y=-2.361104203714551, qw=0.5097087478206948, qz=0.8603470185890456), bell=Bells(treatment='', suction='64012cd7'), idx=0, color='#e53935'), Destination(name='수술실', goal_pose=Pose(x=4.5199271819089395, y=-3.9219605026851503, qw=0.14533446519134308, qz=-0.9893825818294691), bell=Bells(treatment='', suction='64132cd7'), idx=1, color='#e53935'), Destination(name='진료실', goal_pose=Pose(x=0.11980823444488001, y=-3.735511450600503, qw=0.9963649848510123, qz=0.0851869530083222), bell=Bells(treatment='', suction='64252cd7'), idx=2, color='#e53935'), Destination(name='창고', goal_pose=Pose(x=0.2834625688692579, y=-6.793061814598156, qw=0.5257961572167338, qz=0.850610604834031), bell=Bells(treatment='', suction='64372cd7'), idx=3, color='#e53935'), Destination(name='소독실', goal_pose=Pose(x=-3.4045695907217928, y=-7.611793760201744, qw=0.546869706461766, qz=0.8372177280459497), bell=Bells(treatment='', suction='64492cd7'), idx=4, color='#e53935')]
2026-08-21 10:14:16.928 [session=000416] [INFO] [MainThread] 호출벨 리스트 반환: callbells={'64012cd7': {'name': '호출벨 1', 'usage': 'suction', 'destination': '로비'}, '64132cd7': {'name': '호출벨 2', 'usage': 'suction', 'destination': '수술실'}, '64252cd7': {'name': '호출벨 3', 'usage': 'suction', 'destination': '진료실'}, '64372cd7': {'name': '호출벨 4', 'usage': 'suction', 'destination': '창고'}, '64492cd7': {'name': '호출벨 5', 'usage': 'suction', 'destination': '소독실'}}, robot_usages=['treatment', 'suction']
2026-08-21 10:14:16.929 [session=000416] [INFO] [MainThread] 호출벨 리스트 로드: 5개
2026-08-21 10:14:16.929 [session=000416] [INFO] [MainThread] 호출벨 목록 동일 - UI 재생성 생략
2026-08-21 10:14:16.929 [session=000416] [INFO] [MainThread] 호출벨용 용도 목록 로드 요청
2026-08-21 10:14:16.930 [session=000416] [INFO] [MainThread] 호출벨에 용도 목록 전달: 2개
2026-08-21 10:14:16.930 [session=000416] [INFO] [MainThread] 용도 목록 로드: 2개
2026-08-21 10:14:16.930 [session=000416] [INFO] [MainThread] 목적지 목록 로드: 5개
2026-08-21 10:14:16.931 [session=000416] [INFO] [MainThread] 호출벨 관리에 목적지 목록 전달: 5개
2026-08-21 10:14:16.931 [session=000416] [INFO] [MainThread] My IP : 192.168.104.212
2026-08-21 10:14:17.117 [session=000416] [INFO] [ThreadPoolExecutor-8_0] 순차 이동 설정 저장 완료: /home/dentium/robot_GUIs/app/config/sequential_move.json
2026-08-21 10:14:19.398 [session=000416] [INFO] [MainThread] [MAIN_THREAD_HEARTBEAT] GUI main thread alive: thread=MainThread
2026-08-21 10:14:20.251 [session=000416] [INFO] [SSE-SSE_BATTERY_LOW_SHUTDOWN] [SSE_DIAG] connect attempt tag=SSE_BATTERY_LOW_SHUTDOWN, reconnect=126, url=http://localhost:8080/robot_ec2b/events/battery/low_shutdown
2026-08-21 10:14:20.259 [session=000416] [INFO] [SSE-SSE_BATTERY_LOW_SHUTDOWN] [SSE_DIAG] connected tag=SSE_BATTERY_LOW_SHUTDOWN, status=404, reason=Not Found, elapsed=0.01s, content_type=application/json, url=http://localhost:8080/robot_ec2b/events/battery/low_shutdown
2026-08-21 10:14:20.260 [session=000416] [ERROR] [SSE-SSE_BATTERY_LOW_SHUTDOWN] [SSE_DIAG] non-200 response tag=SSE_BATTERY_LOW_SHUTDOWN, status=404, reason=Not Found, url=http://localhost:8080/robot_ec2b/events/battery/low_shutdown
2026-08-21 10:14:20.262 [session=000416] [INFO] [SSE-SSE_BATTERY_LOW_SHUTDOWN] [SSE_DIAG] reconnect wait tag=SSE_BATTERY_LOW_SHUTDOWN, delay=10s, reconnect=127, reason=HTTP 404, url=http://localhost:8080/robot_ec2b/events/battery/low_shutdown
2026-08-21 10:14:24.394 [session=000416] [INFO] [MainThread] [MAIN_THREAD_HEARTBEAT] GUI main thread alive: thread=MainThread
2026-08-21 10:14:26.898 [session=000416] [DEBUG] [RestApiThread] GetCallBellFromRESTAPI 요청 시작
2026-08-21 10:14:26.903 [session=000416] [DEBUG] [RestApiThread] _get_data: 요청 시작 - tag: REST_API_TAG.GET_CALLBELL, url: http://localhost:8080/robot_ec2b/callbell
2026-08-21 10:14:26.904 [session=000416] [DEBUG] [RestApiThread] _get_data: 요청 전송 완료 - tag: REST_API_TAG.GET_CALLBELL, timeout: 30000ms
2026-08-21 10:14:26.909 [session=000416] [INFO] [MainThread] model_manager set_destinations: unchanged (5 items) - emit skipped
2026-08-21 10:14:26.924 [session=000416] [INFO] [MainThread] 홈 위치 수신: (3.12, 1.10)
2026-08-21 10:14:26.924 [session=000416] [INFO] [MainThread] 홈 위치 표시 업데이트: (894.0, 100.9)
2026-08-21 10:14:26.928 [session=000416] [INFO] [MainThread]   홈 위치 서버 → 픽셀 좌표로 변환 및 UI 업데이트: (894.0, 100.9)
2026-08-21 10:14:26.940 [session=000416] [DEBUG] [RestApiThread] _handle_response 호출됨 - tag: REST_API_TAG.GET_CALLBELL, status_code: 200
2026-08-21 10:14:26.941 [session=000416] [INFO] [ThreadPoolExecutor-5_2] 호출벨 데이터 수신: 5개
2026-08-21 10:14:26.944 [session=000416] [INFO] [RestApiThread] _handle_response (CYCLIC 정상) - tag: REST_API_TAG.GET_MASTER_IP_ADDRESS, status: 200, pending→0
2026-08-21 10:14:26.947 [session=000416] [INFO] [MainThread] 호출벨-목적지 동기화 완료: 5개 호출벨
2026-08-21 10:14:26.948 [session=000416] [INFO] [MainThread] 목적지 리스트 반환: destinations=[Destination(name='로비', goal_pose=Pose(x=4.241336459631034, y=-2.361104203714551, qw=0.5097087478206948, qz=0.8603470185890456), bell=Bells(treatment='', suction='64012cd7'), idx=0, color='#e53935'), Destination(name='수술실', goal_pose=Pose(x=4.5199271819089395, y=-3.9219605026851503, qw=0.14533446519134308, qz=-0.9893825818294691), bell=Bells(treatment='', suction='64132cd7'), idx=1, color='#e53935'), Destination(name='진료실', goal_pose=Pose(x=0.11980823444488001, y=-3.735511450600503, qw=0.9963649848510123, qz=0.0851869530083222), bell=Bells(treatment='', suction='64252cd7'), idx=2, color='#e53935'), Destination(name='창고', goal_pose=Pose(x=0.2834625688692579, y=-6.793061814598156, qw=0.5257961572167338, qz=0.850610604834031), bell=Bells(treatment='', suction='64372cd7'), idx=3, color='#e53935'), Destination(name='소독실', goal_pose=Pose(x=-3.4045695907217928, y=-7.611793760201744, qw=0.546869706461766, qz=0.8372177280459497), bell=Bells(treatment='', suction='64492cd7'), idx=4, color='#e53935')]
2026-08-21 10:14:26.948 [session=000416] [INFO] [MainThread] 호출벨 리스트 반환: callbells={'64012cd7': {'name': '호출벨 1', 'usage': 'suction', 'destination': '로비'}, '64132cd7': {'name': '호출벨 2', 'usage': 'suction', 'destination': '수술실'}, '64252cd7': {'name': '호출벨 3', 'usage': 'suction', 'destination': '진료실'}, '64372cd7': {'name': '호출벨 4', 'usage': 'suction', 'destination': '창고'}, '64492cd7': {'name': '호출벨 5', 'usage': 'suction', 'destination': '소독실'}}, robot_usages=['treatment', 'suction']
2026-08-21 10:14:26.949 [session=000416] [INFO] [MainThread] 호출벨 리스트 로드: 5개
2026-08-21 10:14:26.949 [session=000416] [INFO] [MainThread] 호출벨 목록 동일 - UI 재생성 생략
2026-08-21 10:14:26.949 [session=000416] [INFO] [MainThread] 호출벨용 용도 목록 로드 요청
2026-08-21 10:14:26.949 [session=000416] [INFO] [MainThread] 호출벨에 용도 목록 전달: 2개
2026-08-21 10:14:26.950 [session=000416] [INFO] [MainThread] 용도 목록 로드: 2개
2026-08-21 10:14:26.950 [session=000416] [INFO] [MainThread] 목적지 목록 로드: 5개
2026-08-21 10:14:26.950 [session=000416] [INFO] [MainThread] 호출벨 관리에 목적지 목록 전달: 5개
2026-08-21 10:14:26.951 [session=000416] [INFO] [MainThread] My IP : 192.168.104.212
2026-08-21 10:14:27.120 [session=000416] [INFO] [ThreadPoolExecutor-8_0] 순차 이동 설정 저장 완료: /home/dentium/robot_GUIs/app/config/sequential_move.json
2026-08-21 10:14:29.401 [session=000416] [INFO] [MainThread] [MAIN_THREAD_HEARTBEAT] GUI main thread alive: thread=MainThread
2026-08-21 10:14:30.263 [session=000416] [INFO] [SSE-SSE_BATTERY_LOW_SHUTDOWN] [SSE_DIAG] connect attempt tag=SSE_BATTERY_LOW_SHUTDOWN, reconnect=127, url=http://localhost:8080/robot_ec2b/events/battery/low_shutdown
2026-08-21 10:14:30.281 [session=000416] [INFO] [SSE-SSE_BATTERY_LOW_SHUTDOWN] [SSE_DIAG] connected tag=SSE_BATTERY_LOW_SHUTDOWN, status=404, reason=Not Found, elapsed=0.02s, content_type=application/json, url=http://localhost:8080/robot_ec2b/events/battery/low_shutdown
2026-08-21 10:14:30.282 [session=000416] [ERROR] [SSE-SSE_BATTERY_LOW_SHUTDOWN] [SSE_DIAG] non-200 response tag=SSE_BATTERY_LOW_SHUTDOWN, status=404, reason=Not Found, url=http://localhost:8080/robot_ec2b/events/battery/low_shutdown
2026-08-21 10:14:30.284 [session=000416] [INFO] [SSE-SSE_BATTERY_LOW_SHUTDOWN] [SSE_DIAG] reconnect wait tag=SSE_BATTERY_LOW_SHUTDOWN, delay=10s, reconnect=128, reason=HTTP 404, url=http://localhost:8080/robot_ec2b/events/battery/low_shutdown
2026-08-21 10:14:34.393 [session=000416] [INFO] [MainThread] [MAIN_THREAD_HEARTBEAT] GUI main thread alive: thread=MainThread
2026-08-21 10:14:36.901 [session=000416] [DEBUG] [RestApiThread] GetCallBellFromRESTAPI 요청 시작
2026-08-21 10:14:36.904 [session=000416] [DEBUG] [RestApiThread] _get_data: 요청 시작 - tag: REST_API_TAG.GET_CALLBELL, url: http://localhost:8080/robot_ec2b/callbell
2026-08-21 10:14:36.905 [session=000416] [DEBUG] [RestApiThread] _get_data: 요청 전송 완료 - tag: REST_API_TAG.GET_CALLBELL, timeout: 30000ms
2026-08-21 10:14:36.909 [session=000416] [INFO] [MainThread] model_manager set_destinations: unchanged (5 items) - emit skipped
2026-08-21 10:14:36.911 [session=000416] [INFO] [MainThread] 홈 위치 수신: (3.12, 1.10)
2026-08-21 10:14:36.912 [session=000416] [INFO] [MainThread] 홈 위치 표시 업데이트: (894.0, 100.9)
2026-08-21 10:14:36.916 [session=000416] [INFO] [MainThread]   홈 위치 서버 → 픽셀 좌표로 변환 및 UI 업데이트: (894.0, 100.9)
2026-08-21 10:14:36.928 [session=000416] [DEBUG] [RestApiThread] _handle_response 호출됨 - tag: REST_API_TAG.GET_CALLBELL, status_code: 200
2026-08-21 10:14:36.929 [session=000416] [INFO] [ThreadPoolExecutor-5_2] 호출벨 데이터 수신: 5개
2026-08-21 10:14:36.931 [session=000416] [INFO] [MainThread] 호출벨-목적지 동기화 완료: 5개 호출벨
2026-08-21 10:14:36.931 [session=000416] [INFO] [MainThread] 목적지 리스트 반환: destinations=[Destination(name='로비', goal_pose=Pose(x=4.241336459631034, y=-2.361104203714551, qw=0.5097087478206948, qz=0.8603470185890456), bell=Bells(treatment='', suction='64012cd7'), idx=0, color='#e53935'), Destination(name='수술실', goal_pose=Pose(x=4.5199271819089395, y=-3.9219605026851503, qw=0.14533446519134308, qz=-0.9893825818294691), bell=Bells(treatment='', suction='64132cd7'), idx=1, color='#e53935'), Destination(name='진료실', goal_pose=Pose(x=0.11980823444488001, y=-3.735511450600503, qw=0.9963649848510123, qz=0.0851869530083222), bell=Bells(treatment='', suction='64252cd7'), idx=2, color='#e53935'), Destination(name='창고', goal_pose=Pose(x=0.2834625688692579, y=-6.793061814598156, qw=0.5257961572167338, qz=0.850610604834031), bell=Bells(treatment='', suction='64372cd7'), idx=3, color='#e53935'), Destination(name='소독실', goal_pose=Pose(x=-3.4045695907217928, y=-7.611793760201744, qw=0.546869706461766, qz=0.8372177280459497), bell=Bells(treatment='', suction='64492cd7'), idx=4, color='#e53935')]
2026-08-21 10:14:36.932 [session=000416] [INFO] [MainThread] 호출벨 리스트 반환: callbells={'64012cd7': {'name': '호출벨 1', 'usage': 'suction', 'destination': '로비'}, '64132cd7': {'name': '호출벨 2', 'usage': 'suction', 'destination': '수술실'}, '64252cd7': {'name': '호출벨 3', 'usage': 'suction', 'destination': '진료실'}, '64372cd7': {'name': '호출벨 4', 'usage': 'suction', 'destination': '창고'}, '64492cd7': {'name': '호출벨 5', 'usage': 'suction', 'destination': '소독실'}}, robot_usages=['treatment', 'suction']
2026-08-21 10:14:36.932 [session=000416] [INFO] [MainThread] 호출벨 리스트 로드: 5개
2026-08-21 10:14:36.932 [session=000416] [INFO] [MainThread] 호출벨 목록 동일 - UI 재생성 생략
2026-08-21 10:14:36.932 [session=000416] [INFO] [MainThread] 호출벨용 용도 목록 로드 요청
2026-08-21 10:14:36.932 [session=000416] [INFO] [MainThread] 호출벨에 용도 목록 전달: 2개
2026-08-21 10:14:36.934 [session=000416] [INFO] [MainThread] 용도 목록 로드: 2개
2026-08-21 10:14:36.936 [session=000416] [INFO] [MainThread] 목적지 목록 로드: 5개
2026-08-21 10:14:36.937 [session=000416] [INFO] [MainThread] 호출벨 관리에 목적지 목록 전달: 5개
2026-08-21 10:14:36.939 [session=000416] [INFO] [MainThread] My IP : 192.168.104.212
2026-08-21 10:14:37.096 [session=000416] [INFO] [ThreadPoolExecutor-8_0] 순차 이동 설정 저장 완료: /home/dentium/robot_GUIs/app/config/sequential_move.json
2026-08-21 10:14:39.394 [session=000416] [INFO] [MainThread] [MAIN_THREAD_HEARTBEAT] GUI main thread alive: thread=MainThread
2026-08-21 10:14:40.286 [session=000416] [INFO] [SSE-SSE_BATTERY_LOW_SHUTDOWN] [SSE_DIAG] connect attempt tag=SSE_BATTERY_LOW_SHUTDOWN, reconnect=128, url=http://localhost:8080/robot_ec2b/events/battery/low_shutdown
2026-08-21 10:14:40.299 [session=000416] [INFO] [SSE-SSE_BATTERY_LOW_SHUTDOWN] [SSE_DIAG] connected tag=SSE_BATTERY_LOW_SHUTDOWN, status=404, reason=Not Found, elapsed=0.01s, content_type=application/json, url=http://localhost:8080/robot_ec2b/events/battery/low_shutdown
2026-08-21 10:14:40.299 [session=000416] [ERROR] [SSE-SSE_BATTERY_LOW_SHUTDOWN] [SSE_DIAG] non-200 response tag=SSE_BATTERY_LOW_SHUTDOWN, status=404, reason=Not Found, url=http://localhost:8080/robot_ec2b/events/battery/low_shutdown
2026-08-21 10:14:40.301 [session=000416] [INFO] [SSE-SSE_BATTERY_LOW_SHUTDOWN] [SSE_DIAG] reconnect wait tag=SSE_BATTERY_LOW_SHUTDOWN, delay=10s, reconnect=129, reason=HTTP 404, url=http://localhost:8080/robot_ec2b/events/battery/low_shutdown
2026-08-21 10:14:44.395 [session=000416] [INFO] [MainThread] [MAIN_THREAD_HEARTBEAT] GUI main thread alive: thread=MainThread
2026-08-21 10:14:46.910 [session=000416] [DEBUG] [RestApiThread] GetCallBellFromRESTAPI 요청 시작
2026-08-21 10:14:46.913 [session=000416] [DEBUG] [RestApiThread] _get_data: 요청 시작 - tag: REST_API_TAG.GET_CALLBELL, url: http://localhost:8080/robot_ec2b/callbell
2026-08-21 10:14:46.914 [session=000416] [DEBUG] [RestApiThread] _get_data: 요청 전송 완료 - tag: REST_API_TAG.GET_CALLBELL, timeout: 30000ms
2026-08-21 10:14:46.916 [session=000416] [INFO] [MainThread] model_manager set_destinations: unchanged (5 items) - emit skipped
2026-08-21 10:14:46.918 [session=000416] [INFO] [MainThread] 홈 위치 수신: (3.12, 1.10)
2026-08-21 10:14:46.919 [session=000416] [INFO] [MainThread] 홈 위치 표시 업데이트: (894.0, 100.9)
2026-08-21 10:14:46.926 [session=000416] [INFO] [MainThread]   홈 위치 서버 → 픽셀 좌표로 변환 및 UI 업데이트: (894.0, 100.9)
2026-08-21 10:14:46.931 [session=000416] [DEBUG] [RestApiThread] _handle_response 호출됨 - tag: REST_API_TAG.GET_CALLBELL, status_code: 200
2026-08-21 10:14:46.932 [session=000416] [INFO] [ThreadPoolExecutor-5_0] 호출벨 데이터 수신: 5개
2026-08-21 10:14:46.933 [session=000416] [INFO] [MainThread] My IP : 192.168.104.212
2026-08-21 10:14:46.935 [session=000416] [INFO] [browser-music-sync_0] [BROWSER_MUSIC_SYNC] event=catalog_fetch_started master_base_url=http://127.0.0.1:5051
2026-08-21 10:14:46.942 [session=000416] [INFO] [MainThread] 호출벨-목적지 동기화 완료: 5개 호출벨
2026-08-21 10:14:46.942 [session=000416] [INFO] [MainThread] 목적지 리스트 반환: destinations=[Destination(name='로비', goal_pose=Pose(x=4.241336459631034, y=-2.361104203714551, qw=0.5097087478206948, qz=0.8603470185890456), bell=Bells(treatment='', suction='64012cd7'), idx=0, color='#e53935'), Destination(name='수술실', goal_pose=Pose(x=4.5199271819089395, y=-3.9219605026851503, qw=0.14533446519134308, qz=-0.9893825818294691), bell=Bells(treatment='', suction='64132cd7'), idx=1, color='#e53935'), Destination(name='진료실', goal_pose=Pose(x=0.11980823444488001, y=-3.735511450600503, qw=0.9963649848510123, qz=0.0851869530083222), bell=Bells(treatment='', suction='64252cd7'), idx=2, color='#e53935'), Destination(name='창고', goal_pose=Pose(x=0.2834625688692579, y=-6.793061814598156, qw=0.5257961572167338, qz=0.850610604834031), bell=Bells(treatment='', suction='64372cd7'), idx=3, color='#e53935'), Destination(name='소독실', goal_pose=Pose(x=-3.4045695907217928, y=-7.611793760201744, qw=0.546869706461766, qz=0.8372177280459497), bell=Bells(treatment='', suction='64492cd7'), idx=4, color='#e53935')]
2026-08-21 10:14:46.943 [session=000416] [INFO] [MainThread] 호출벨 리스트 반환: callbells={'64012cd7': {'name': '호출벨 1', 'usage': 'suction', 'destination': '로비'}, '64132cd7': {'name': '호출벨 2', 'usage': 'suction', 'destination': '수술실'}, '64252cd7': {'name': '호출벨 3', 'usage': 'suction', 'destination': '진료실'}, '64372cd7': {'name': '호출벨 4', 'usage': 'suction', 'destination': '창고'}, '64492cd7': {'name': '호출벨 5', 'usage': 'suction', 'destination': '소독실'}}, robot_usages=['treatment', 'suction']
2026-08-21 10:14:46.943 [session=000416] [INFO] [MainThread] 호출벨 리스트 로드: 5개
2026-08-21 10:14:46.944 [session=000416] [INFO] [MainThread] 호출벨 목록 동일 - UI 재생성 생략
2026-08-21 10:14:46.944 [session=000416] [INFO] [MainThread] 호출벨용 용도 목록 로드 요청
2026-08-21 10:14:46.944 [session=000416] [INFO] [MainThread] 호출벨에 용도 목록 전달: 2개
2026-08-21 10:14:46.945 [session=000416] [INFO] [MainThread] 용도 목록 로드: 2개
2026-08-21 10:14:46.945 [session=000416] [INFO] [MainThread] 목적지 목록 로드: 5개
2026-08-21 10:14:46.945 [session=000416] [INFO] [MainThread] 호출벨 관리에 목적지 목록 전달: 5개
2026-08-21 10:14:46.983 [session=000416] [INFO] [browser-music-sync_0] [BROWSER_MUSIC_SYNC] event=catalog_fetch_succeeded master_base_url=http://127.0.0.1:5051 item_count=3
2026-08-21 10:14:46.990 [session=000416] [INFO] [RestApiThread] [REST API] 배경 음악 GET 전송: operation=selection_get, url=http://127.0.0.1:5051/api/voice-event-settings/background-music?robot_id=robot_ec2b
2026-08-21 10:14:46.992 [session=000416] [INFO] [RestApiThread] [REST API] 배경 음악 GET 전송: operation=resolved_get, url=http://127.0.0.1:5051/api/voice-event-settings/resolved?robot_id=robot_ec2b
2026-08-21 10:14:47.013 [session=000416] [DEBUG] [RestApiThread] _handle_response 호출됨 - tag: REST_API_TAG.GET_BACKGROUND_MUSIC_SETTING, status_code: 200
2026-08-21 10:14:47.018 [session=000416] [DEBUG] [RestApiThread] _handle_response 호출됨 - tag: REST_API_TAG.GET_RESOLVED_BACKGROUND_MUSIC, status_code: 200
2026-08-21 10:14:47.119 [session=000416] [INFO] [ThreadPoolExecutor-8_0] 순차 이동 설정 저장 완료: /home/dentium/robot_GUIs/app/config/sequential_move.json
2026-08-21 10:14:49.394 [session=000416] [INFO] [MainThread] [MAIN_THREAD_HEARTBEAT] GUI main thread alive: thread=MainThread
2026-08-21 10:14:50.302 [session=000416] [INFO] [SSE-SSE_BATTERY_LOW_SHUTDOWN] [SSE_DIAG] connect attempt tag=SSE_BATTERY_LOW_SHUTDOWN, reconnect=129, url=http://localhost:8080/robot_ec2b/events/battery/low_shutdown
2026-08-21 10:14:50.317 [session=000416] [INFO] [SSE-SSE_BATTERY_LOW_SHUTDOWN] [SSE_DIAG] connected tag=SSE_BATTERY_LOW_SHUTDOWN, status=404, reason=Not Found, elapsed=0.02s, content_type=application/json, url=http://localhost:8080/robot_ec2b/events/battery/low_shutdown
2026-08-21 10:14:50.318 [session=000416] [ERROR] [SSE-SSE_BATTERY_LOW_SHUTDOWN] [SSE_DIAG] non-200 response tag=SSE_BATTERY_LOW_SHUTDOWN, status=404, reason=Not Found, url=http://localhost:8080/robot_ec2b/events/battery/low_shutdown
2026-08-21 10:14:50.319 [session=000416] [INFO] [SSE-SSE_BATTERY_LOW_SHUTDOWN] [SSE_DIAG] reconnect wait tag=SSE_BATTERY_LOW_SHUTDOWN, delay=10s, reconnect=130, reason=HTTP 404, url=http://localhost:8080/robot_ec2b/events/battery/low_shutdown
2026-08-21 10:14:54.393 [session=000416] [INFO] [MainThread] [MAIN_THREAD_HEARTBEAT] GUI main thread alive: thread=MainThread
2026-08-21 10:14:56.896 [session=000416] [DEBUG] [RestApiThread] GetCallBellFromRESTAPI 요청 시작
2026-08-21 10:14:56.899 [session=000416] [DEBUG] [RestApiThread] _get_data: 요청 시작 - tag: REST_API_TAG.GET_CALLBELL, url: http://localhost:8080/robot_ec2b/callbell
2026-08-21 10:14:56.903 [session=000416] [DEBUG] [RestApiThread] _get_data: 요청 전송 완료 - tag: REST_API_TAG.GET_CALLBELL, timeout: 30000ms
2026-08-21 10:14:56.904 [session=000416] [INFO] [RestApiThread] _handle_response (CYCLIC 정상) - tag: REST_API_TAG.GET_DESTINATIONS, status: 200, pending→2
2026-08-21 10:14:56.909 [session=000416] [INFO] [MainThread] model_manager set_destinations: unchanged (5 items) - emit skipped
2026-08-21 10:14:56.910 [session=000416] [DEBUG] [RestApiThread] _handle_response 호출됨 - tag: REST_API_TAG.GET_CALLBELL, status_code: 200
2026-08-21 10:14:56.911 [session=000416] [INFO] [ThreadPoolExecutor-5_1] 호출벨 데이터 수신: 5개
2026-08-21 10:14:56.912 [session=000416] [INFO] [MainThread] 홈 위치 수신: (3.12, 1.10)
2026-08-21 10:14:56.914 [session=000416] [INFO] [MainThread] 홈 위치 표시 업데이트: (894.0, 100.9)
2026-08-21 10:14:56.917 [session=000416] [INFO] [MainThread]   홈 위치 서버 → 픽셀 좌표로 변환 및 UI 업데이트: (894.0, 100.9)
2026-08-21 10:14:56.921 [session=000416] [INFO] [MainThread] 호출벨-목적지 동기화 완료: 5개 호출벨
2026-08-21 10:14:56.921 [session=000416] [INFO] [MainThread] 목적지 리스트 반환: destinations=[Destination(name='로비', goal_pose=Pose(x=4.241336459631034, y=-2.361104203714551, qw=0.5097087478206948, qz=0.8603470185890456), bell=Bells(treatment='', suction='64012cd7'), idx=0, color='#e53935'), Destination(name='수술실', goal_pose=Pose(x=4.5199271819089395, y=-3.9219605026851503, qw=0.14533446519134308, qz=-0.9893825818294691), bell=Bells(treatment='', suction='64132cd7'), idx=1, color='#e53935'), Destination(name='진료실', goal_pose=Pose(x=0.11980823444488001, y=-3.735511450600503, qw=0.9963649848510123, qz=0.0851869530083222), bell=Bells(treatment='', suction='64252cd7'), idx=2, color='#e53935'), Destination(name='창고', goal_pose=Pose(x=0.2834625688692579, y=-6.793061814598156, qw=0.5257961572167338, qz=0.850610604834031), bell=Bells(treatment='', suction='64372cd7'), idx=3, color='#e53935'), Destination(name='소독실', goal_pose=Pose(x=-3.4045695907217928, y=-7.611793760201744, qw=0.546869706461766, qz=0.8372177280459497), bell=Bells(treatment='', suction='64492cd7'), idx=4, color='#e53935')]
2026-08-21 10:14:56.922 [session=000416] [INFO] [MainThread] 호출벨 리스트 반환: callbells={'64012cd7': {'name': '호출벨 1', 'usage': 'suction', 'destination': '로비'}, '64132cd7': {'name': '호출벨 2', 'usage': 'suction', 'destination': '수술실'}, '64252cd7': {'name': '호출벨 3', 'usage': 'suction', 'destination': '진료실'}, '64372cd7': {'name': '호출벨 4', 'usage': 'suction', 'destination': '창고'}, '64492cd7': {'name': '호출벨 5', 'usage': 'suction', 'destination': '소독실'}}, robot_usages=['treatment', 'suction']
2026-08-21 10:14:56.925 [session=000416] [INFO] [MainThread] 호출벨 리스트 로드: 5개
2026-08-21 10:14:56.928 [session=000416] [INFO] [MainThread] 호출벨 목록 동일 - UI 재생성 생략
2026-08-21 10:14:56.929 [session=000416] [INFO] [MainThread] 호출벨용 용도 목록 로드 요청
2026-08-21 10:14:56.930 [session=000416] [INFO] [MainThread] 호출벨에 용도 목록 전달: 2개
2026-08-21 10:14:56.930 [session=000416] [INFO] [MainThread] 용도 목록 로드: 2개
2026-08-21 10:14:56.931 [session=000416] [INFO] [MainThread] 목적지 목록 로드: 5개
2026-08-21 10:14:56.931 [session=000416] [INFO] [MainThread] 호출벨 관리에 목적지 목록 전달: 5개
2026-08-21 10:14:56.945 [session=000416] [INFO] [MainThread] My IP : 192.168.104.212
2026-08-21 10:14:57.096 [session=000416] [INFO] [ThreadPoolExecutor-8_0] 순차 이동 설정 저장 완료: /home/dentium/robot_GUIs/app/config/sequential_move.json
2026-08-21 10:14:59.394 [session=000416] [INFO] [MainThread] [MAIN_THREAD_HEARTBEAT] GUI main thread alive: thread=MainThread
2026-08-21 10:15:00.321 [session=000416] [INFO] [SSE-SSE_BATTERY_LOW_SHUTDOWN] [SSE_DIAG] connect attempt tag=SSE_BATTERY_LOW_SHUTDOWN, reconnect=130, url=http://localhost:8080/robot_ec2b/events/battery/low_shutdown
2026-08-21 10:15:00.335 [session=000416] [INFO] [SSE-SSE_BATTERY_LOW_SHUTDOWN] [SSE_DIAG] connected tag=SSE_BATTERY_LOW_SHUTDOWN, status=404, reason=Not Found, elapsed=0.01s, content_type=application/json, url=http://localhost:8080/robot_ec2b/events/battery/low_shutdown
2026-08-21 10:15:00.336 [session=000416] [ERROR] [SSE-SSE_BATTERY_LOW_SHUTDOWN] [SSE_DIAG] non-200 response tag=SSE_BATTERY_LOW_SHUTDOWN, status=404, reason=Not Found, url=http://localhost:8080/robot_ec2b/events/battery/low_shutdown
2026-08-21 10:15:00.338 [session=000416] [INFO] [SSE-SSE_BATTERY_LOW_SHUTDOWN] [SSE_DIAG] reconnect wait tag=SSE_BATTERY_LOW_SHUTDOWN, delay=10s, reconnect=131, reason=HTTP 404, url=http://localhost:8080/robot_ec2b/events/battery/low_shutdown
2026-08-21 10:15:04.394 [session=000416] [INFO] [MainThread] [MAIN_THREAD_HEARTBEAT] GUI main thread alive: thread=MainThread
2026-08-21 10:15:06.901 [session=000416] [DEBUG] [RestApiThread] GetCallBellFromRESTAPI 요청 시작
2026-08-21 10:15:06.904 [session=000416] [DEBUG] [RestApiThread] _get_data: 요청 시작 - tag: REST_API_TAG.GET_CALLBELL, url: http://localhost:8080/robot_ec2b/callbell
2026-08-21 10:15:06.905 [session=000416] [DEBUG] [RestApiThread] _get_data: 요청 전송 완료 - tag: REST_API_TAG.GET_CALLBELL, timeout: 30000ms
2026-08-21 10:15:06.908 [session=000416] [INFO] [MainThread] model_manager set_destinations: unchanged (5 items) - emit skipped
2026-08-21 10:15:06.926 [session=000416] [INFO] [MainThread] 홈 위치 수신: (3.12, 1.10)
2026-08-21 10:15:06.926 [session=000416] [INFO] [MainThread] 홈 위치 표시 업데이트: (894.0, 100.9)
2026-08-21 10:15:06.930 [session=000416] [INFO] [MainThread]   홈 위치 서버 → 픽셀 좌표로 변환 및 UI 업데이트: (894.0, 100.9)
2026-08-21 10:15:06.936 [session=000416] [DEBUG] [RestApiThread] _handle_response 호출됨 - tag: REST_API_TAG.GET_CALLBELL, status_code: 200
2026-08-21 10:15:06.937 [session=000416] [INFO] [ThreadPoolExecutor-5_2] 호출벨 데이터 수신: 5개
2026-08-21 10:15:06.939 [session=000416] [INFO] [MainThread] 호출벨-목적지 동기화 완료: 5개 호출벨
2026-08-21 10:15:06.939 [session=000416] [INFO] [MainThread] 목적지 리스트 반환: destinations=[Destination(name='로비', goal_pose=Pose(x=4.241336459631034, y=-2.361104203714551, qw=0.5097087478206948, qz=0.8603470185890456), bell=Bells(treatment='', suction='64012cd7'), idx=0, color='#e53935'), Destination(name='수술실', goal_pose=Pose(x=4.5199271819089395, y=-3.9219605026851503, qw=0.14533446519134308, qz=-0.9893825818294691), bell=Bells(treatment='', suction='64132cd7'), idx=1, color='#e53935'), Destination(name='진료실', goal_pose=Pose(x=0.11980823444488001, y=-3.735511450600503, qw=0.9963649848510123, qz=0.0851869530083222), bell=Bells(treatment='', suction='64252cd7'), idx=2, color='#e53935'), Destination(name='창고', goal_pose=Pose(x=0.2834625688692579, y=-6.793061814598156, qw=0.5257961572167338, qz=0.850610604834031), bell=Bells(treatment='', suction='64372cd7'), idx=3, color='#e53935'), Destination(name='소독실', goal_pose=Pose(x=-3.4045695907217928, y=-7.611793760201744, qw=0.546869706461766, qz=0.8372177280459497), bell=Bells(treatment='', suction='64492cd7'), idx=4, color='#e53935')]
2026-08-21 10:15:06.940 [session=000416] [INFO] [MainThread] 호출벨 리스트 반환: callbells={'64012cd7': {'name': '호출벨 1', 'usage': 'suction', 'destination': '로비'}, '64132cd7': {'name': '호출벨 2', 'usage': 'suction', 'destination': '수술실'}, '64252cd7': {'name': '호출벨 3', 'usage': 'suction', 'destination': '진료실'}, '64372cd7': {'name': '호출벨 4', 'usage': 'suction', 'destination': '창고'}, '64492cd7': {'name': '호출벨 5', 'usage': 'suction', 'destination': '소독실'}}, robot_usages=['treatment', 'suction']
2026-08-21 10:15:06.941 [session=000416] [INFO] [MainThread] 호출벨 리스트 로드: 5개
2026-08-21 10:15:06.941 [session=000416] [INFO] [MainThread] 호출벨 목록 동일 - UI 재생성 생략
2026-08-21 10:15:06.942 [session=000416] [INFO] [MainThread] 호출벨용 용도 목록 로드 요청
2026-08-21 10:15:06.942 [session=000416] [INFO] [MainThread] 호출벨에 용도 목록 전달: 2개
2026-08-21 10:15:06.942 [session=000416] [INFO] [MainThread] 용도 목록 로드: 2개
2026-08-21 10:15:06.943 [session=000416] [INFO] [MainThread] 목적지 목록 로드: 5개
2026-08-21 10:15:06.943 [session=000416] [INFO] [MainThread] 호출벨 관리에 목적지 목록 전달: 5개
2026-08-21 10:15:06.944 [session=000416] [INFO] [MainThread] My IP : 192.168.104.212
2026-08-21 10:15:07.120 [session=000416] [INFO] [ThreadPoolExecutor-8_0] 순차 이동 설정 저장 완료: /home/dentium/robot_GUIs/app/config/sequential_move.json
2026-08-21 10:15:09.395 [session=000416] [INFO] [MainThread] [MAIN_THREAD_HEARTBEAT] GUI main thread alive: thread=MainThread
2026-08-21 10:15:10.339 [session=000416] [INFO] [SSE-SSE_BATTERY_LOW_SHUTDOWN] [SSE_DIAG] connect attempt tag=SSE_BATTERY_LOW_SHUTDOWN, reconnect=131, url=http://localhost:8080/robot_ec2b/events/battery/low_shutdown
2026-08-21 10:15:10.354 [session=000416] [INFO] [SSE-SSE_BATTERY_LOW_SHUTDOWN] [SSE_DIAG] connected tag=SSE_BATTERY_LOW_SHUTDOWN, status=404, reason=Not Found, elapsed=0.02s, content_type=application/json, url=http://localhost:8080/robot_ec2b/events/battery/low_shutdown
2026-08-21 10:15:10.355 [session=000416] [ERROR] [SSE-SSE_BATTERY_LOW_SHUTDOWN] [SSE_DIAG] non-200 response tag=SSE_BATTERY_LOW_SHUTDOWN, status=404, reason=Not Found, url=http://localhost:8080/robot_ec2b/events/battery/low_shutdown
2026-08-21 10:15:10.358 [session=000416] [INFO] [SSE-SSE_BATTERY_LOW_SHUTDOWN] [SSE_DIAG] reconnect wait tag=SSE_BATTERY_LOW_SHUTDOWN, delay=10s, reconnect=132, reason=HTTP 404, url=http://localhost:8080/robot_ec2b/events/battery/low_shutdown
2026-08-21 10:15:14.395 [session=000416] [INFO] [MainThread] [MAIN_THREAD_HEARTBEAT] GUI main thread alive: thread=MainThread
2026-08-21 10:15:16.895 [session=000416] [DEBUG] [RestApiThread] GetCallBellFromRESTAPI 요청 시작
2026-08-21 10:15:16.898 [session=000416] [DEBUG] [RestApiThread] _get_data: 요청 시작 - tag: REST_API_TAG.GET_CALLBELL, url: http://localhost:8080/robot_ec2b/callbell
2026-08-21 10:15:16.903 [session=000416] [DEBUG] [RestApiThread] _get_data: 요청 전송 완료 - tag: REST_API_TAG.GET_CALLBELL, timeout: 30000ms
2026-08-21 10:15:16.906 [session=000416] [INFO] [MainThread] model_manager set_destinations: unchanged (5 items) - emit skipped
2026-08-21 10:15:16.921 [session=000416] [INFO] [MainThread] 홈 위치 수신: (3.12, 1.10)
2026-08-21 10:15:16.924 [session=000416] [INFO] [MainThread] 홈 위치 표시 업데이트: (894.0, 100.9)
2026-08-21 10:15:16.932 [session=000416] [INFO] [MainThread]   홈 위치 서버 → 픽셀 좌표로 변환 및 UI 업데이트: (894.0, 100.9)
2026-08-21 10:15:16.939 [session=000416] [DEBUG] [RestApiThread] _handle_response 호출됨 - tag: REST_API_TAG.GET_CALLBELL, status_code: 200
2026-08-21 10:15:16.944 [session=000416] [INFO] [ThreadPoolExecutor-5_1] 호출벨 데이터 수신: 5개
2026-08-21 10:15:16.948 [session=000416] [INFO] [MainThread] My IP : 192.168.104.212
2026-08-21 10:15:16.951 [session=000416] [INFO] [MainThread] 호출벨-목적지 동기화 완료: 5개 호출벨
2026-08-21 10:15:16.951 [session=000416] [INFO] [MainThread] 목적지 리스트 반환: destinations=[Destination(name='로비', goal_pose=Pose(x=4.241336459631034, y=-2.361104203714551, qw=0.5097087478206948, qz=0.8603470185890456), bell=Bells(treatment='', suction='64012cd7'), idx=0, color='#e53935'), Destination(name='수술실', goal_pose=Pose(x=4.5199271819089395, y=-3.9219605026851503, qw=0.14533446519134308, qz=-0.9893825818294691), bell=Bells(treatment='', suction='64132cd7'), idx=1, color='#e53935'), Destination(name='진료실', goal_pose=Pose(x=0.11980823444488001, y=-3.735511450600503, qw=0.9963649848510123, qz=0.0851869530083222), bell=Bells(treatment='', suction='64252cd7'), idx=2, color='#e53935'), Destination(name='창고', goal_pose=Pose(x=0.2834625688692579, y=-6.793061814598156, qw=0.5257961572167338, qz=0.850610604834031), bell=Bells(treatment='', suction='64372cd7'), idx=3, color='#e53935'), Destination(name='소독실', goal_pose=Pose(x=-3.4045695907217928, y=-7.611793760201744, qw=0.546869706461766, qz=0.8372177280459497), bell=Bells(treatment='', suction='64492cd7'), idx=4, color='#e53935')]
2026-08-21 10:15:16.952 [session=000416] [INFO] [MainThread] 호출벨 리스트 반환: callbells={'64012cd7': {'name': '호출벨 1', 'usage': 'suction', 'destination': '로비'}, '64132cd7': {'name': '호출벨 2', 'usage': 'suction', 'destination': '수술실'}, '64252cd7': {'name': '호출벨 3', 'usage': 'suction', 'destination': '진료실'}, '64372cd7': {'name': '호출벨 4', 'usage': 'suction', 'destination': '창고'}, '64492cd7': {'name': '호출벨 5', 'usage': 'suction', 'destination': '소독실'}}, robot_usages=['treatment', 'suction']
2026-08-21 10:15:16.952 [session=000416] [INFO] [MainThread] 호출벨 리스트 로드: 5개
2026-08-21 10:15:16.953 [session=000416] [INFO] [MainThread] 호출벨 목록 동일 - UI 재생성 생략
2026-08-21 10:15:16.954 [session=000416] [INFO] [MainThread] 호출벨용 용도 목록 로드 요청
2026-08-21 10:15:16.954 [session=000416] [INFO] [MainThread] 호출벨에 용도 목록 전달: 2개
2026-08-21 10:15:16.954 [session=000416] [INFO] [MainThread] 용도 목록 로드: 2개
2026-08-21 10:15:16.959 [session=000416] [INFO] [MainThread] 목적지 목록 로드: 5개
2026-08-21 10:15:16.960 [session=000416] [INFO] [MainThread] 호출벨 관리에 목적지 목록 전달: 5개
2026-08-21 10:15:17.120 [session=000416] [INFO] [ThreadPoolExecutor-8_0] 순차 이동 설정 저장 완료: /home/dentium/robot_GUIs/app/config/sequential_move.json
2026-08-21 10:15:19.393 [session=000416] [INFO] [MainThread] [MAIN_THREAD_HEARTBEAT] GUI main thread alive: thread=MainThread
2026-08-21 10:15:20.359 [session=000416] [INFO] [SSE-SSE_BATTERY_LOW_SHUTDOWN] [SSE_DIAG] connect attempt tag=SSE_BATTERY_LOW_SHUTDOWN, reconnect=132, url=http://localhost:8080/robot_ec2b/events/battery/low_shutdown
2026-08-21 10:15:20.371 [session=000416] [INFO] [SSE-SSE_BATTERY_LOW_SHUTDOWN] [SSE_DIAG] connected tag=SSE_BATTERY_LOW_SHUTDOWN, status=404, reason=Not Found, elapsed=0.01s, content_type=application/json, url=http://localhost:8080/robot_ec2b/events/battery/low_shutdown
2026-08-21 10:15:20.374 [session=000416] [ERROR] [SSE-SSE_BATTERY_LOW_SHUTDOWN] [SSE_DIAG] non-200 response tag=SSE_BATTERY_LOW_SHUTDOWN, status=404, reason=Not Found, url=http://localhost:8080/robot_ec2b/events/battery/low_shutdown
2026-08-21 10:15:20.377 [session=000416] [INFO] [SSE-SSE_BATTERY_LOW_SHUTDOWN] [SSE_DIAG] reconnect wait tag=SSE_BATTERY_LOW_SHUTDOWN, delay=10s, reconnect=133, reason=HTTP 404, url=http://localhost:8080/robot_ec2b/events/battery/low_shutdown
2026-08-21 10:15:24.393 [session=000416] [INFO] [MainThread] [MAIN_THREAD_HEARTBEAT] GUI main thread alive: thread=MainThread
2026-08-21 10:15:26.896 [session=000416] [DEBUG] [RestApiThread] GetCallBellFromRESTAPI 요청 시작
2026-08-21 10:15:26.899 [session=000416] [DEBUG] [RestApiThread] _get_data: 요청 시작 - tag: REST_API_TAG.GET_CALLBELL, url: http://localhost:8080/robot_ec2b/callbell
2026-08-21 10:15:26.906 [session=000416] [DEBUG] [RestApiThread] _get_data: 요청 전송 완료 - tag: REST_API_TAG.GET_CALLBELL, timeout: 30000ms
2026-08-21 10:15:26.925 [session=000416] [INFO] [MainThread] model_manager set_destinations: unchanged (5 items) - emit skipped
2026-08-21 10:15:26.932 [session=000416] [INFO] [MainThread] 홈 위치 수신: (3.12, 1.10)
2026-08-21 10:15:26.932 [session=000416] [INFO] [MainThread] 홈 위치 표시 업데이트: (894.0, 100.9)
2026-08-21 10:15:26.935 [session=000416] [INFO] [MainThread]   홈 위치 서버 → 픽셀 좌표로 변환 및 UI 업데이트: (894.0, 100.9)
2026-08-21 10:15:26.938 [session=000416] [DEBUG] [RestApiThread] _handle_response 호출됨 - tag: REST_API_TAG.GET_CALLBELL, status_code: 200
2026-08-21 10:15:26.939 [session=000416] [INFO] [ThreadPoolExecutor-5_2] 호출벨 데이터 수신: 5개
2026-08-21 10:15:26.940 [session=000416] [INFO] [MainThread] 호출벨-목적지 동기화 완료: 5개 호출벨
2026-08-21 10:15:26.941 [session=000416] [INFO] [MainThread] 목적지 리스트 반환: destinations=[Destination(name='로비', goal_pose=Pose(x=4.241336459631034, y=-2.361104203714551, qw=0.5097087478206948, qz=0.8603470185890456), bell=Bells(treatment='', suction='64012cd7'), idx=0, color='#e53935'), Destination(name='수술실', goal_pose=Pose(x=4.5199271819089395, y=-3.9219605026851503, qw=0.14533446519134308, qz=-0.9893825818294691), bell=Bells(treatment='', suction='64132cd7'), idx=1, color='#e53935'), Destination(name='진료실', goal_pose=Pose(x=0.11980823444488001, y=-3.735511450600503, qw=0.9963649848510123, qz=0.0851869530083222), bell=Bells(treatment='', suction='64252cd7'), idx=2, color='#e53935'), Destination(name='창고', goal_pose=Pose(x=0.2834625688692579, y=-6.793061814598156, qw=0.5257961572167338, qz=0.850610604834031), bell=Bells(treatment='', suction='64372cd7'), idx=3, color='#e53935'), Destination(name='소독실', goal_pose=Pose(x=-3.4045695907217928, y=-7.611793760201744, qw=0.546869706461766, qz=0.8372177280459497), bell=Bells(treatment='', suction='64492cd7'), idx=4, color='#e53935')]
2026-08-21 10:15:26.942 [session=000416] [INFO] [MainThread] 호출벨 리스트 반환: callbells={'64012cd7': {'name': '호출벨 1', 'usage': 'suction', 'destination': '로비'}, '64132cd7': {'name': '호출벨 2', 'usage': 'suction', 'destination': '수술실'}, '64252cd7': {'name': '호출벨 3', 'usage': 'suction', 'destination': '진료실'}, '64372cd7': {'name': '호출벨 4', 'usage': 'suction', 'destination': '창고'}, '64492cd7': {'name': '호출벨 5', 'usage': 'suction', 'destination': '소독실'}}, robot_usages=['treatment', 'suction']
2026-08-21 10:15:26.943 [session=000416] [INFO] [MainThread] 호출벨 리스트 로드: 5개
2026-08-21 10:15:26.943 [session=000416] [INFO] [MainThread] 호출벨 목록 동일 - UI 재생성 생략
2026-08-21 10:15:26.943 [session=000416] [INFO] [MainThread] 호출벨용 용도 목록 로드 요청
2026-08-21 10:15:26.943 [session=000416] [INFO] [MainThread] 호출벨에 용도 목록 전달: 2개
2026-08-21 10:15:26.944 [session=000416] [INFO] [MainThread] 용도 목록 로드: 2개
2026-08-21 10:15:26.944 [session=000416] [INFO] [MainThread] 목적지 목록 로드: 5개
2026-08-21 10:15:26.944 [session=000416] [INFO] [MainThread] 호출벨 관리에 목적지 목록 전달: 5개
2026-08-21 10:15:26.945 [session=000416] [INFO] [MainThread] My IP : 192.168.104.212
2026-08-21 10:15:26.948 [session=000416] [INFO] [browser-music-sync_0] [BROWSER_MUSIC_SYNC] event=catalog_fetch_started master_base_url=http://127.0.0.1:5051
2026-08-21 10:15:26.980 [session=000416] [INFO] [browser-music-sync_0] [BROWSER_MUSIC_SYNC] event=catalog_fetch_succeeded master_base_url=http://127.0.0.1:5051 item_count=3
2026-08-21 10:15:26.986 [session=000416] [INFO] [RestApiThread] [REST API] 배경 음악 GET 전송: operation=selection_get, url=http://127.0.0.1:5051/api/voice-event-settings/background-music?robot_id=robot_ec2b
2026-08-21 10:15:26.987 [session=000416] [INFO] [RestApiThread] [REST API] 배경 음악 GET 전송: operation=resolved_get, url=http://127.0.0.1:5051/api/voice-event-settings/resolved?robot_id=robot_ec2b
2026-08-21 10:15:27.009 [session=000416] [DEBUG] [RestApiThread] _handle_response 호출됨 - tag: REST_API_TAG.GET_BACKGROUND_MUSIC_SETTING, status_code: 200
2026-08-21 10:15:27.016 [session=000416] [DEBUG] [RestApiThread] _handle_response 호출됨 - tag: REST_API_TAG.GET_RESOLVED_BACKGROUND_MUSIC, status_code: 200
2026-08-21 10:15:27.120 [session=000416] [INFO] [ThreadPoolExecutor-8_0] 순차 이동 설정 저장 완료: /home/dentium/robot_GUIs/app/config/sequential_move.json
2026-08-21 10:15:29.393 [session=000416] [INFO] [MainThread] [MAIN_THREAD_HEARTBEAT] GUI main thread alive: thread=MainThread
2026-08-21 10:15:30.380 [session=000416] [INFO] [SSE-SSE_BATTERY_LOW_SHUTDOWN] [SSE_DIAG] connect attempt tag=SSE_BATTERY_LOW_SHUTDOWN, reconnect=133, url=http://localhost:8080/robot_ec2b/events/battery/low_shutdown
2026-08-21 10:15:30.401 [session=000416] [INFO] [SSE-SSE_BATTERY_LOW_SHUTDOWN] [SSE_DIAG] connected tag=SSE_BATTERY_LOW_SHUTDOWN, status=404, reason=Not Found, elapsed=0.02s, content_type=application/json, url=http://localhost:8080/robot_ec2b/events/battery/low_shutdown
2026-08-21 10:15:30.402 [session=000416] [ERROR] [SSE-SSE_BATTERY_LOW_SHUTDOWN] [SSE_DIAG] non-200 response tag=SSE_BATTERY_LOW_SHUTDOWN, status=404, reason=Not Found, url=http://localhost:8080/robot_ec2b/events/battery/low_shutdown
2026-08-21 10:15:30.404 [session=000416] [INFO] [SSE-SSE_BATTERY_LOW_SHUTDOWN] [SSE_DIAG] reconnect wait tag=SSE_BATTERY_LOW_SHUTDOWN, delay=10s, reconnect=134, reason=HTTP 404, url=http://localhost:8080/robot_ec2b/events/battery/low_shutdown
2026-08-21 10:15:34.394 [session=000416] [INFO] [MainThread] [MAIN_THREAD_HEARTBEAT] GUI main thread alive: thread=MainThread
2026-08-21 10:15:36.895 [session=000416] [DEBUG] [RestApiThread] GetCallBellFromRESTAPI 요청 시작
2026-08-21 10:15:36.898 [session=000416] [DEBUG] [RestApiThread] _get_data: 요청 시작 - tag: REST_API_TAG.GET_CALLBELL, url: http://localhost:8080/robot_ec2b/callbell
2026-08-21 10:15:36.903 [session=000416] [DEBUG] [RestApiThread] _get_data: 요청 전송 완료 - tag: REST_API_TAG.GET_CALLBELL, timeout: 30000ms
2026-08-21 10:15:36.909 [session=000416] [INFO] [RestApiThread] _handle_response (CYCLIC 정상) - tag: REST_API_TAG.GET_HOME_POSE, status: 200, pending→2
2026-08-21 10:15:36.911 [session=000416] [INFO] [MainThread] model_manager set_destinations: unchanged (5 items) - emit skipped
2026-08-21 10:15:36.912 [session=000416] [INFO] [MainThread] 홈 위치 수신: (3.12, 1.10)
2026-08-21 10:15:36.913 [session=000416] [INFO] [MainThread] 홈 위치 표시 업데이트: (894.0, 100.9)
2026-08-21 10:15:36.916 [session=000416] [INFO] [MainThread]   홈 위치 서버 → 픽셀 좌표로 변환 및 UI 업데이트: (894.0, 100.9)
2026-08-21 10:15:36.920 [session=000416] [DEBUG] [RestApiThread] _handle_response 호출됨 - tag: REST_API_TAG.GET_CALLBELL, status_code: 200
2026-08-21 10:15:36.922 [session=000416] [INFO] [ThreadPoolExecutor-5_1] 호출벨 데이터 수신: 5개
2026-08-21 10:15:36.927 [session=000416] [INFO] [MainThread] 호출벨-목적지 동기화 완료: 5개 호출벨
2026-08-21 10:15:36.927 [session=000416] [INFO] [MainThread] 목적지 리스트 반환: destinations=[Destination(name='로비', goal_pose=Pose(x=4.241336459631034, y=-2.361104203714551, qw=0.5097087478206948, qz=0.8603470185890456), bell=Bells(treatment='', suction='64012cd7'), idx=0, color='#e53935'), Destination(name='수술실', goal_pose=Pose(x=4.5199271819089395, y=-3.9219605026851503, qw=0.14533446519134308, qz=-0.9893825818294691), bell=Bells(treatment='', suction='64132cd7'), idx=1, color='#e53935'), Destination(name='진료실', goal_pose=Pose(x=0.11980823444488001, y=-3.735511450600503, qw=0.9963649848510123, qz=0.0851869530083222), bell=Bells(treatment='', suction='64252cd7'), idx=2, color='#e53935'), Destination(name='창고', goal_pose=Pose(x=0.2834625688692579, y=-6.793061814598156, qw=0.5257961572167338, qz=0.850610604834031), bell=Bells(treatment='', suction='64372cd7'), idx=3, color='#e53935'), Destination(name='소독실', goal_pose=Pose(x=-3.4045695907217928, y=-7.611793760201744, qw=0.546869706461766, qz=0.8372177280459497), bell=Bells(treatment='', suction='64492cd7'), idx=4, color='#e53935')]
2026-08-21 10:15:36.927 [session=000416] [INFO] [MainThread] 호출벨 리스트 반환: callbells={'64012cd7': {'name': '호출벨 1', 'usage': 'suction', 'destination': '로비'}, '64132cd7': {'name': '호출벨 2', 'usage': 'suction', 'destination': '수술실'}, '64252cd7': {'name': '호출벨 3', 'usage': 'suction', 'destination': '진료실'}, '64372cd7': {'name': '호출벨 4', 'usage': 'suction', 'destination': '창고'}, '64492cd7': {'name': '호출벨 5', 'usage': 'suction', 'destination': '소독실'}}, robot_usages=['treatment', 'suction']
2026-08-21 10:15:36.928 [session=000416] [INFO] [MainThread] 호출벨 리스트 로드: 5개
2026-08-21 10:15:36.928 [session=000416] [INFO] [MainThread] 호출벨 목록 동일 - UI 재생성 생략
2026-08-21 10:15:36.928 [session=000416] [INFO] [MainThread] 호출벨용 용도 목록 로드 요청
2026-08-21 10:15:36.928 [session=000416] [INFO] [MainThread] 호출벨에 용도 목록 전달: 2개
2026-08-21 10:15:36.929 [session=000416] [INFO] [MainThread] 용도 목록 로드: 2개
2026-08-21 10:15:36.930 [session=000416] [INFO] [MainThread] 목적지 목록 로드: 5개
2026-08-21 10:15:36.931 [session=000416] [INFO] [MainThread] 호출벨 관리에 목적지 목록 전달: 5개
2026-08-21 10:15:36.931 [session=000416] [INFO] [MainThread] My IP : 192.168.104.212
2026-08-21 10:15:37.095 [session=000416] [INFO] [ThreadPoolExecutor-8_0] 순차 이동 설정 저장 완료: /home/dentium/robot_GUIs/app/config/sequential_move.json
2026-08-21 10:15:39.393 [session=000416] [INFO] [MainThread] [MAIN_THREAD_HEARTBEAT] GUI main thread alive: thread=MainThread
2026-08-21 10:15:40.405 [session=000416] [INFO] [SSE-SSE_BATTERY_LOW_SHUTDOWN] [SSE_DIAG] connect attempt tag=SSE_BATTERY_LOW_SHUTDOWN, reconnect=134, url=http://localhost:8080/robot_ec2b/events/battery/low_shutdown
2026-08-21 10:15:40.419 [session=000416] [INFO] [SSE-SSE_BATTERY_LOW_SHUTDOWN] [SSE_DIAG] connected tag=SSE_BATTERY_LOW_SHUTDOWN, status=404, reason=Not Found, elapsed=0.01s, content_type=application/json, url=http://localhost:8080/robot_ec2b/events/battery/low_shutdown
2026-08-21 10:15:40.420 [session=000416] [ERROR] [SSE-SSE_BATTERY_LOW_SHUTDOWN] [SSE_DIAG] non-200 response tag=SSE_BATTERY_LOW_SHUTDOWN, status=404, reason=Not Found, url=http://localhost:8080/robot_ec2b/events/battery/low_shutdown
2026-08-21 10:15:40.421 [session=000416] [INFO] [SSE-SSE_BATTERY_LOW_SHUTDOWN] [SSE_DIAG] reconnect wait tag=SSE_BATTERY_LOW_SHUTDOWN, delay=10s, reconnect=135, reason=HTTP 404, url=http://localhost:8080/robot_ec2b/events/battery/low_shutdown
2026-08-21 10:15:44.394 [session=000416] [INFO] [MainThread] [MAIN_THREAD_HEARTBEAT] GUI main thread alive: thread=MainThread
2026-08-21 10:15:46.902 [session=000416] [DEBUG] [RestApiThread] GetCallBellFromRESTAPI 요청 시작
2026-08-21 10:15:46.908 [session=000416] [DEBUG] [RestApiThread] _get_data: 요청 시작 - tag: REST_API_TAG.GET_CALLBELL, url: http://localhost:8080/robot_ec2b/callbell
2026-08-21 10:15:46.909 [session=000416] [DEBUG] [RestApiThread] _get_data: 요청 전송 완료 - tag: REST_API_TAG.GET_CALLBELL, timeout: 30000ms
2026-08-21 10:15:46.919 [session=000416] [INFO] [MainThread] model_manager set_destinations: unchanged (5 items) - emit skipped
2026-08-21 10:15:46.920 [session=000416] [INFO] [MainThread] 홈 위치 수신: (3.12, 1.10)
2026-08-21 10:15:46.925 [session=000416] [INFO] [MainThread] 홈 위치 표시 업데이트: (894.0, 100.9)
2026-08-21 10:15:46.930 [session=000416] [DEBUG] [RestApiThread] _handle_response 호출됨 - tag: REST_API_TAG.GET_CALLBELL, status_code: 200
2026-08-21 10:15:46.930 [session=000416] [INFO] [ThreadPoolExecutor-5_2] 호출벨 데이터 수신: 5개
2026-08-21 10:15:46.932 [session=000416] [INFO] [MainThread]   홈 위치 서버 → 픽셀 좌표로 변환 및 UI 업데이트: (894.0, 100.9)
2026-08-21 10:15:46.934 [session=000416] [INFO] [MainThread] 호출벨-목적지 동기화 완료: 5개 호출벨
2026-08-21 10:15:46.935 [session=000416] [INFO] [MainThread] 목적지 리스트 반환: destinations=[Destination(name='로비', goal_pose=Pose(x=4.241336459631034, y=-2.361104203714551, qw=0.5097087478206948, qz=0.8603470185890456), bell=Bells(treatment='', suction='64012cd7'), idx=0, color='#e53935'), Destination(name='수술실', goal_pose=Pose(x=4.5199271819089395, y=-3.9219605026851503, qw=0.14533446519134308, qz=-0.9893825818294691), bell=Bells(treatment='', suction='64132cd7'), idx=1, color='#e53935'), Destination(name='진료실', goal_pose=Pose(x=0.11980823444488001, y=-3.735511450600503, qw=0.9963649848510123, qz=0.0851869530083222), bell=Bells(treatment='', suction='64252cd7'), idx=2, color='#e53935'), Destination(name='창고', goal_pose=Pose(x=0.2834625688692579, y=-6.793061814598156, qw=0.5257961572167338, qz=0.850610604834031), bell=Bells(treatment='', suction='64372cd7'), idx=3, color='#e53935'), Destination(name='소독실', goal_pose=Pose(x=-3.4045695907217928, y=-7.611793760201744, qw=0.546869706461766, qz=0.8372177280459497), bell=Bells(treatment='', suction='64492cd7'), idx=4, color='#e53935')]
2026-08-21 10:15:46.935 [session=000416] [INFO] [MainThread] 호출벨 리스트 반환: callbells={'64012cd7': {'name': '호출벨 1', 'usage': 'suction', 'destination': '로비'}, '64132cd7': {'name': '호출벨 2', 'usage': 'suction', 'destination': '수술실'}, '64252cd7': {'name': '호출벨 3', 'usage': 'suction', 'destination': '진료실'}, '64372cd7': {'name': '호출벨 4', 'usage': 'suction', 'destination': '창고'}, '64492cd7': {'name': '호출벨 5', 'usage': 'suction', 'destination': '소독실'}}, robot_usages=['treatment', 'suction']
2026-08-21 10:15:46.935 [session=000416] [INFO] [MainThread] 호출벨 리스트 로드: 5개
2026-08-21 10:15:46.936 [session=000416] [INFO] [MainThread] 호출벨 목록 동일 - UI 재생성 생략
2026-08-21 10:15:46.936 [session=000416] [INFO] [MainThread] 호출벨용 용도 목록 로드 요청
2026-08-21 10:15:46.936 [session=000416] [INFO] [MainThread] 호출벨에 용도 목록 전달: 2개
2026-08-21 10:15:46.936 [session=000416] [INFO] [MainThread] 용도 목록 로드: 2개
2026-08-21 10:15:46.936 [session=000416] [INFO] [MainThread] 목적지 목록 로드: 5개
2026-08-21 10:15:46.936 [session=000416] [INFO] [MainThread] 호출벨 관리에 목적지 목록 전달: 5개
2026-08-21 10:15:46.945 [session=000416] [INFO] [MainThread] My IP : 192.168.104.212
2026-08-21 10:15:47.121 [session=000416] [INFO] [ThreadPoolExecutor-8_0] 순차 이동 설정 저장 완료: /home/dentium/robot_GUIs/app/config/sequential_move.json
2026-08-21 10:15:49.393 [session=000416] [INFO] [MainThread] [MAIN_THREAD_HEARTBEAT] GUI main thread alive: thread=MainThread
2026-08-21 10:15:50.426 [session=000416] [INFO] [SSE-SSE_BATTERY_LOW_SHUTDOWN] [SSE_DIAG] connect attempt tag=SSE_BATTERY_LOW_SHUTDOWN, reconnect=135, url=http://localhost:8080/robot_ec2b/events/battery/low_shutdown
2026-08-21 10:15:50.444 [session=000416] [INFO] [SSE-SSE_BATTERY_LOW_SHUTDOWN] [SSE_DIAG] connected tag=SSE_BATTERY_LOW_SHUTDOWN, status=404, reason=Not Found, elapsed=0.02s, content_type=application/json, url=http://localhost:8080/robot_ec2b/events/battery/low_shutdown
2026-08-21 10:15:50.445 [session=000416] [ERROR] [SSE-SSE_BATTERY_LOW_SHUTDOWN] [SSE_DIAG] non-200 response tag=SSE_BATTERY_LOW_SHUTDOWN, status=404, reason=Not Found, url=http://localhost:8080/robot_ec2b/events/battery/low_shutdown
2026-08-21 10:15:50.449 [session=000416] [INFO] [SSE-SSE_BATTERY_LOW_SHUTDOWN] [SSE_DIAG] reconnect wait tag=SSE_BATTERY_LOW_SHUTDOWN, delay=10s, reconnect=136, reason=HTTP 404, url=http://localhost:8080/robot_ec2b/events/battery/low_shutdown
2026-08-21 10:15:54.393 [session=000416] [INFO] [MainThread] [MAIN_THREAD_HEARTBEAT] GUI main thread alive: thread=MainThread
2026-08-21 10:15:56.896 [session=000416] [DEBUG] [RestApiThread] GetCallBellFromRESTAPI 요청 시작
2026-08-21 10:15:56.902 [session=000416] [DEBUG] [RestApiThread] _get_data: 요청 시작 - tag: REST_API_TAG.GET_CALLBELL, url: http://localhost:8080/robot_ec2b/callbell
2026-08-21 10:15:56.903 [session=000416] [DEBUG] [RestApiThread] _get_data: 요청 전송 완료 - tag: REST_API_TAG.GET_CALLBELL, timeout: 30000ms
2026-08-21 10:15:56.905 [session=000416] [INFO] [MainThread] model_manager set_destinations: unchanged (5 items) - emit skipped
2026-08-21 10:15:56.908 [session=000416] [INFO] [MainThread] 홈 위치 수신: (3.12, 1.10)
2026-08-21 10:15:56.908 [session=000416] [INFO] [MainThread] 홈 위치 표시 업데이트: (894.0, 100.9)
2026-08-21 10:15:56.909 [session=000416] [DEBUG] [RestApiThread] _handle_response 호출됨 - tag: REST_API_TAG.GET_CALLBELL, status_code: 200
2026-08-21 10:15:56.913 [session=000416] [INFO] [MainThread]   홈 위치 서버 → 픽셀 좌표로 변환 및 UI 업데이트: (894.0, 100.9)
2026-08-21 10:15:56.915 [session=000416] [INFO] [ThreadPoolExecutor-5_2] 호출벨 데이터 수신: 5개
2026-08-21 10:15:56.917 [session=000416] [INFO] [MainThread] My IP : 192.168.104.212
2026-08-21 10:15:56.919 [session=000416] [INFO] [MainThread] 호출벨-목적지 동기화 완료: 5개 호출벨
2026-08-21 10:15:56.919 [session=000416] [INFO] [MainThread] 목적지 리스트 반환: destinations=[Destination(name='로비', goal_pose=Pose(x=4.241336459631034, y=-2.361104203714551, qw=0.5097087478206948, qz=0.8603470185890456), bell=Bells(treatment='', suction='64012cd7'), idx=0, color='#e53935'), Destination(name='수술실', goal_pose=Pose(x=4.5199271819089395, y=-3.9219605026851503, qw=0.14533446519134308, qz=-0.9893825818294691), bell=Bells(treatment='', suction='64132cd7'), idx=1, color='#e53935'), Destination(name='진료실', goal_pose=Pose(x=0.11980823444488001, y=-3.735511450600503, qw=0.9963649848510123, qz=0.0851869530083222), bell=Bells(treatment='', suction='64252cd7'), idx=2, color='#e53935'), Destination(name='창고', goal_pose=Pose(x=0.2834625688692579, y=-6.793061814598156, qw=0.5257961572167338, qz=0.850610604834031), bell=Bells(treatment='', suction='64372cd7'), idx=3, color='#e53935'), Destination(name='소독실', goal_pose=Pose(x=-3.4045695907217928, y=-7.611793760201744, qw=0.546869706461766, qz=0.8372177280459497), bell=Bells(treatment='', suction='64492cd7'), idx=4, color='#e53935')]
2026-08-21 10:15:56.920 [session=000416] [INFO] [MainThread] 호출벨 리스트 반환: callbells={'64012cd7': {'name': '호출벨 1', 'usage': 'suction', 'destination': '로비'}, '64132cd7': {'name': '호출벨 2', 'usage': 'suction', 'destination': '수술실'}, '64252cd7': {'name': '호출벨 3', 'usage': 'suction', 'destination': '진료실'}, '64372cd7': {'name': '호출벨 4', 'usage': 'suction', 'destination': '창고'}, '64492cd7': {'name': '호출벨 5', 'usage': 'suction', 'destination': '소독실'}}, robot_usages=['treatment', 'suction']
2026-08-21 10:15:56.920 [session=000416] [INFO] [MainThread] 호출벨 리스트 로드: 5개
2026-08-21 10:15:56.920 [session=000416] [INFO] [MainThread] 호출벨 목록 동일 - UI 재생성 생략
2026-08-21 10:15:56.920 [session=000416] [INFO] [MainThread] 호출벨용 용도 목록 로드 요청
2026-08-21 10:15:56.921 [session=000416] [INFO] [MainThread] 호출벨에 용도 목록 전달: 2개
2026-08-21 10:15:56.921 [session=000416] [INFO] [MainThread] 용도 목록 로드: 2개
2026-08-21 10:15:56.921 [session=000416] [INFO] [MainThread] 목적지 목록 로드: 5개
2026-08-21 10:15:56.921 [session=000416] [INFO] [MainThread] 호출벨 관리에 목적지 목록 전달: 5개
2026-08-21 10:15:57.095 [session=000416] [INFO] [ThreadPoolExecutor-8_0] 순차 이동 설정 저장 완료: /home/dentium/robot_GUIs/app/config/sequential_move.json
2026-08-21 10:15:59.393 [session=000416] [INFO] [MainThread] [MAIN_THREAD_HEARTBEAT] GUI main thread alive: thread=MainThread
2026-08-21 10:16:00.455 [session=000416] [INFO] [SSE-SSE_BATTERY_LOW_SHUTDOWN] [SSE_DIAG] connect attempt tag=SSE_BATTERY_LOW_SHUTDOWN, reconnect=136, url=http://localhost:8080/robot_ec2b/events/battery/low_shutdown
2026-08-21 10:16:00.466 [session=000416] [INFO] [SSE-SSE_BATTERY_LOW_SHUTDOWN] [SSE_DIAG] connected tag=SSE_BATTERY_LOW_SHUTDOWN, status=404, reason=Not Found, elapsed=0.01s, content_type=application/json, url=http://localhost:8080/robot_ec2b/events/battery/low_shutdown
2026-08-21 10:16:00.467 [session=000416] [ERROR] [SSE-SSE_BATTERY_LOW_SHUTDOWN] [SSE_DIAG] non-200 response tag=SSE_BATTERY_LOW_SHUTDOWN, status=404, reason=Not Found, url=http://localhost:8080/robot_ec2b/events/battery/low_shutdown
2026-08-21 10:16:00.471 [session=000416] [INFO] [SSE-SSE_BATTERY_LOW_SHUTDOWN] [SSE_DIAG] reconnect wait tag=SSE_BATTERY_LOW_SHUTDOWN, delay=10s, reconnect=137, reason=HTTP 404, url=http://localhost:8080/robot_ec2b/events/battery/low_shutdown
2026-08-21 10:16:04.394 [session=000416] [INFO] [MainThread] [MAIN_THREAD_HEARTBEAT] GUI main thread alive: thread=MainThread
2026-08-21 10:16:06.896 [session=000416] [DEBUG] [RestApiThread] GetCallBellFromRESTAPI 요청 시작
2026-08-21 10:16:06.899 [session=000416] [DEBUG] [RestApiThread] _get_data: 요청 시작 - tag: REST_API_TAG.GET_CALLBELL, url: http://localhost:8080/robot_ec2b/callbell
2026-08-21 10:16:06.900 [session=000416] [DEBUG] [RestApiThread] _get_data: 요청 전송 완료 - tag: REST_API_TAG.GET_CALLBELL, timeout: 30000ms
2026-08-21 10:16:06.917 [session=000416] [INFO] [MainThread] model_manager set_destinations: unchanged (5 items) - emit skipped
2026-08-21 10:16:06.919 [session=000416] [INFO] [MainThread] 홈 위치 수신: (3.12, 1.10)
2026-08-21 10:16:06.919 [session=000416] [INFO] [MainThread] 홈 위치 표시 업데이트: (894.0, 100.9)
2026-08-21 10:16:06.922 [session=000416] [INFO] [MainThread]   홈 위치 서버 → 픽셀 좌표로 변환 및 UI 업데이트: (894.0, 100.9)
2026-08-21 10:16:06.929 [session=000416] [DEBUG] [RestApiThread] _handle_response 호출됨 - tag: REST_API_TAG.GET_CALLBELL, status_code: 200
2026-08-21 10:16:06.931 [session=000416] [INFO] [ThreadPoolExecutor-5_0] 호출벨 데이터 수신: 5개
2026-08-21 10:16:06.935 [session=000416] [INFO] [MainThread] 호출벨-목적지 동기화 완료: 5개 호출벨
2026-08-21 10:16:06.936 [session=000416] [INFO] [MainThread] 목적지 리스트 반환: destinations=[Destination(name='로비', goal_pose=Pose(x=4.241336459631034, y=-2.361104203714551, qw=0.5097087478206948, qz=0.8603470185890456), bell=Bells(treatment='', suction='64012cd7'), idx=0, color='#e53935'), Destination(name='수술실', goal_pose=Pose(x=4.5199271819089395, y=-3.9219605026851503, qw=0.14533446519134308, qz=-0.9893825818294691), bell=Bells(treatment='', suction='64132cd7'), idx=1, color='#e53935'), Destination(name='진료실', goal_pose=Pose(x=0.11980823444488001, y=-3.735511450600503, qw=0.9963649848510123, qz=0.0851869530083222), bell=Bells(treatment='', suction='64252cd7'), idx=2, color='#e53935'), Destination(name='창고', goal_pose=Pose(x=0.2834625688692579, y=-6.793061814598156, qw=0.5257961572167338, qz=0.850610604834031), bell=Bells(treatment='', suction='64372cd7'), idx=3, color='#e53935'), Destination(name='소독실', goal_pose=Pose(x=-3.4045695907217928, y=-7.611793760201744, qw=0.546869706461766, qz=0.8372177280459497), bell=Bells(treatment='', suction='64492cd7'), idx=4, color='#e53935')]
2026-08-21 10:16:06.936 [session=000416] [INFO] [MainThread] 호출벨 리스트 반환: callbells={'64012cd7': {'name': '호출벨 1', 'usage': 'suction', 'destination': '로비'}, '64132cd7': {'name': '호출벨 2', 'usage': 'suction', 'destination': '수술실'}, '64252cd7': {'name': '호출벨 3', 'usage': 'suction', 'destination': '진료실'}, '64372cd7': {'name': '호출벨 4', 'usage': 'suction', 'destination': '창고'}, '64492cd7': {'name': '호출벨 5', 'usage': 'suction', 'destination': '소독실'}}, robot_usages=['treatment', 'suction']
2026-08-21 10:16:06.936 [session=000416] [INFO] [MainThread] 호출벨 리스트 로드: 5개
2026-08-21 10:16:06.936 [session=000416] [INFO] [MainThread] 호출벨 목록 동일 - UI 재생성 생략
2026-08-21 10:16:06.937 [session=000416] [INFO] [MainThread] 호출벨용 용도 목록 로드 요청
2026-08-21 10:16:06.937 [session=000416] [INFO] [MainThread] 호출벨에 용도 목록 전달: 2개
2026-08-21 10:16:06.937 [session=000416] [INFO] [MainThread] 용도 목록 로드: 2개
2026-08-21 10:16:06.937 [session=000416] [INFO] [MainThread] 목적지 목록 로드: 5개
2026-08-21 10:16:06.937 [session=000416] [INFO] [RestApiThread] _handle_response (CYCLIC 정상) - tag: REST_API_TAG.GET_MASTER_IP_ADDRESS, status: 200, pending→0
2026-08-21 10:16:06.938 [session=000416] [INFO] [MainThread] 호출벨 관리에 목적지 목록 전달: 5개
2026-08-21 10:16:06.940 [session=000416] [INFO] [MainThread] My IP : 192.168.104.212
2026-08-21 10:16:06.942 [session=000416] [INFO] [browser-music-sync_0] [BROWSER_MUSIC_SYNC] event=catalog_fetch_started master_base_url=http://127.0.0.1:5051
2026-08-21 10:16:06.971 [session=000416] [INFO] [browser-music-sync_0] [BROWSER_MUSIC_SYNC] event=catalog_fetch_succeeded master_base_url=http://127.0.0.1:5051 item_count=3
2026-08-21 10:16:06.980 [session=000416] [INFO] [RestApiThread] [REST API] 배경 음악 GET 전송: operation=selection_get, url=http://127.0.0.1:5051/api/voice-event-settings/background-music?robot_id=robot_ec2b
2026-08-21 10:16:06.981 [session=000416] [INFO] [RestApiThread] [REST API] 배경 음악 GET 전송: operation=resolved_get, url=http://127.0.0.1:5051/api/voice-event-settings/resolved?robot_id=robot_ec2b
2026-08-21 10:16:06.995 [session=000416] [DEBUG] [RestApiThread] _handle_response 호출됨 - tag: REST_API_TAG.GET_BACKGROUND_MUSIC_SETTING, status_code: 200
2026-08-21 10:16:07.006 [session=000416] [DEBUG] [RestApiThread] _handle_response 호출됨 - tag: REST_API_TAG.GET_RESOLVED_BACKGROUND_MUSIC, status_code: 200
2026-08-21 10:16:07.116 [session=000416] [INFO] [ThreadPoolExecutor-8_0] 순차 이동 설정 저장 완료: /home/dentium/robot_GUIs/app/config/sequential_move.json
2026-08-21 10:16:09.393 [session=000416] [INFO] [MainThread] [MAIN_THREAD_HEARTBEAT] GUI main thread alive: thread=MainThread
2026-08-21 10:16:10.472 [session=000416] [INFO] [SSE-SSE_BATTERY_LOW_SHUTDOWN] [SSE_DIAG] connect attempt tag=SSE_BATTERY_LOW_SHUTDOWN, reconnect=137, url=http://localhost:8080/robot_ec2b/events/battery/low_shutdown
2026-08-21 10:16:10.491 [session=000416] [INFO] [SSE-SSE_BATTERY_LOW_SHUTDOWN] [SSE_DIAG] connected tag=SSE_BATTERY_LOW_SHUTDOWN, status=404, reason=Not Found, elapsed=0.02s, content_type=application/json, url=http://localhost:8080/robot_ec2b/events/battery/low_shutdown
2026-08-21 10:16:10.492 [session=000416] [ERROR] [SSE-SSE_BATTERY_LOW_SHUTDOWN] [SSE_DIAG] non-200 response tag=SSE_BATTERY_LOW_SHUTDOWN, status=404, reason=Not Found, url=http://localhost:8080/robot_ec2b/events/battery/low_shutdown
2026-08-21 10:16:10.497 [session=000416] [INFO] [SSE-SSE_BATTERY_LOW_SHUTDOWN] [SSE_DIAG] reconnect wait tag=SSE_BATTERY_LOW_SHUTDOWN, delay=10s, reconnect=138, reason=HTTP 404, url=http://localhost:8080/robot_ec2b/events/battery/low_shutdown
2026-08-21 10:16:14.398 [session=000416] [INFO] [MainThread] [MAIN_THREAD_HEARTBEAT] GUI main thread alive: thread=MainThread
2026-08-21 10:16:16.900 [session=000416] [DEBUG] [RestApiThread] GetCallBellFromRESTAPI 요청 시작
2026-08-21 10:16:16.902 [session=000416] [DEBUG] [RestApiThread] _get_data: 요청 시작 - tag: REST_API_TAG.GET_CALLBELL, url: http://localhost:8080/robot_ec2b/callbell
2026-08-21 10:16:16.903 [session=000416] [DEBUG] [RestApiThread] _get_data: 요청 전송 완료 - tag: REST_API_TAG.GET_CALLBELL, timeout: 30000ms
2026-08-21 10:16:16.906 [session=000416] [INFO] [MainThread] model_manager set_destinations: unchanged (5 items) - emit skipped
2026-08-21 10:16:16.908 [session=000416] [INFO] [MainThread] 홈 위치 수신: (3.12, 1.10)
2026-08-21 10:16:16.908 [session=000416] [INFO] [MainThread] 홈 위치 표시 업데이트: (894.0, 100.9)
2026-08-21 10:16:16.918 [session=000416] [INFO] [MainThread]   홈 위치 서버 → 픽셀 좌표로 변환 및 UI 업데이트: (894.0, 100.9)
2026-08-21 10:16:16.920 [session=000416] [INFO] [MainThread] My IP : 192.168.104.212
2026-08-21 10:16:16.921 [session=000416] [DEBUG] [RestApiThread] _handle_response 호출됨 - tag: REST_API_TAG.GET_CALLBELL, status_code: 200
2026-08-21 10:16:16.922 [session=000416] [INFO] [ThreadPoolExecutor-5_0] 호출벨 데이터 수신: 5개
2026-08-21 10:16:16.927 [session=000416] [INFO] [MainThread] 호출벨-목적지 동기화 완료: 5개 호출벨
2026-08-21 10:16:16.929 [session=000416] [INFO] [MainThread] 목적지 리스트 반환: destinations=[Destination(name='로비', goal_pose=Pose(x=4.241336459631034, y=-2.361104203714551, qw=0.5097087478206948, qz=0.8603470185890456), bell=Bells(treatment='', suction='64012cd7'), idx=0, color='#e53935'), Destination(name='수술실', goal_pose=Pose(x=4.5199271819089395, y=-3.9219605026851503, qw=0.14533446519134308, qz=-0.9893825818294691), bell=Bells(treatment='', suction='64132cd7'), idx=1, color='#e53935'), Destination(name='진료실', goal_pose=Pose(x=0.11980823444488001, y=-3.735511450600503, qw=0.9963649848510123, qz=0.0851869530083222), bell=Bells(treatment='', suction='64252cd7'), idx=2, color='#e53935'), Destination(name='창고', goal_pose=Pose(x=0.2834625688692579, y=-6.793061814598156, qw=0.5257961572167338, qz=0.850610604834031), bell=Bells(treatment='', suction='64372cd7'), idx=3, color='#e53935'), Destination(name='소독실', goal_pose=Pose(x=-3.4045695907217928, y=-7.611793760201744, qw=0.546869706461766, qz=0.8372177280459497), bell=Bells(treatment='', suction='64492cd7'), idx=4, color='#e53935')]
2026-08-21 10:16:16.930 [session=000416] [INFO] [MainThread] 호출벨 리스트 반환: callbells={'64012cd7': {'name': '호출벨 1', 'usage': 'suction', 'destination': '로비'}, '64132cd7': {'name': '호출벨 2', 'usage': 'suction', 'destination': '수술실'}, '64252cd7': {'name': '호출벨 3', 'usage': 'suction', 'destination': '진료실'}, '64372cd7': {'name': '호출벨 4', 'usage': 'suction', 'destination': '창고'}, '64492cd7': {'name': '호출벨 5', 'usage': 'suction', 'destination': '소독실'}}, robot_usages=['treatment', 'suction']
2026-08-21 10:16:16.930 [session=000416] [INFO] [MainThread] 호출벨 리스트 로드: 5개
2026-08-21 10:16:16.930 [session=000416] [INFO] [MainThread] 호출벨 목록 동일 - UI 재생성 생략
2026-08-21 10:16:16.930 [session=000416] [INFO] [MainThread] 호출벨용 용도 목록 로드 요청
2026-08-21 10:16:16.930 [session=000416] [INFO] [MainThread] 호출벨에 용도 목록 전달: 2개
2026-08-21 10:16:16.930 [session=000416] [INFO] [MainThread] 용도 목록 로드: 2개
2026-08-21 10:16:16.931 [session=000416] [INFO] [MainThread] 목적지 목록 로드: 5개
2026-08-21 10:16:16.931 [session=000416] [INFO] [MainThread] 호출벨 관리에 목적지 목록 전달: 5개
2026-08-21 10:16:17.096 [session=000416] [INFO] [ThreadPoolExecutor-8_0] 순차 이동 설정 저장 완료: /home/dentium/robot_GUIs/app/config/sequential_move.json
2026-08-21 10:16:19.394 [session=000416] [INFO] [MainThread] [MAIN_THREAD_HEARTBEAT] GUI main thread alive: thread=MainThread
2026-08-21 10:16:20.503 [session=000416] [INFO] [SSE-SSE_BATTERY_LOW_SHUTDOWN] [SSE_DIAG] connect attempt tag=SSE_BATTERY_LOW_SHUTDOWN, reconnect=138, url=http://localhost:8080/robot_ec2b/events/battery/low_shutdown
2026-08-21 10:16:20.519 [session=000416] [INFO] [SSE-SSE_BATTERY_LOW_SHUTDOWN] [SSE_DIAG] connected tag=SSE_BATTERY_LOW_SHUTDOWN, status=404, reason=Not Found, elapsed=0.02s, content_type=application/json, url=http://localhost:8080/robot_ec2b/events/battery/low_shutdown
2026-08-21 10:16:20.520 [session=000416] [ERROR] [SSE-SSE_BATTERY_LOW_SHUTDOWN] [SSE_DIAG] non-200 response tag=SSE_BATTERY_LOW_SHUTDOWN, status=404, reason=Not Found, url=http://localhost:8080/robot_ec2b/events/battery/low_shutdown
2026-08-21 10:16:20.521 [session=000416] [INFO] [SSE-SSE_BATTERY_LOW_SHUTDOWN] [SSE_DIAG] reconnect wait tag=SSE_BATTERY_LOW_SHUTDOWN, delay=10s, reconnect=139, reason=HTTP 404, url=http://localhost:8080/robot_ec2b/events/battery/low_shutdown
2026-08-21 10:16:24.394 [session=000416] [INFO] [MainThread] [MAIN_THREAD_HEARTBEAT] GUI main thread alive: thread=MainThread
2026-08-21 10:16:26.905 [session=000416] [DEBUG] [RestApiThread] GetCallBellFromRESTAPI 요청 시작
2026-08-21 10:16:26.908 [session=000416] [DEBUG] [RestApiThread] _get_data: 요청 시작 - tag: REST_API_TAG.GET_CALLBELL, url: http://localhost:8080/robot_ec2b/callbell
2026-08-21 10:16:26.909 [session=000416] [DEBUG] [RestApiThread] _get_data: 요청 전송 완료 - tag: REST_API_TAG.GET_CALLBELL, timeout: 30000ms
2026-08-21 10:16:26.912 [session=000416] [INFO] [MainThread] model_manager set_destinations: unchanged (5 items) - emit skipped
2026-08-21 10:16:26.933 [session=000416] [DEBUG] [RestApiThread] _handle_response 호출됨 - tag: REST_API_TAG.GET_CALLBELL, status_code: 200
2026-08-21 10:16:26.934 [session=000416] [INFO] [ThreadPoolExecutor-5_1] 호출벨 데이터 수신: 5개
2026-08-21 10:16:26.936 [session=000416] [INFO] [MainThread] 호출벨-목적지 동기화 완료: 5개 호출벨
2026-08-21 10:16:26.936 [session=000416] [INFO] [MainThread] 목적지 리스트 반환: destinations=[Destination(name='로비', goal_pose=Pose(x=4.241336459631034, y=-2.361104203714551, qw=0.5097087478206948, qz=0.8603470185890456), bell=Bells(treatment='', suction='64012cd7'), idx=0, color='#e53935'), Destination(name='수술실', goal_pose=Pose(x=4.5199271819089395, y=-3.9219605026851503, qw=0.14533446519134308, qz=-0.9893825818294691), bell=Bells(treatment='', suction='64132cd7'), idx=1, color='#e53935'), Destination(name='진료실', goal_pose=Pose(x=0.11980823444488001, y=-3.735511450600503, qw=0.9963649848510123, qz=0.0851869530083222), bell=Bells(treatment='', suction='64252cd7'), idx=2, color='#e53935'), Destination(name='창고', goal_pose=Pose(x=0.2834625688692579, y=-6.793061814598156, qw=0.5257961572167338, qz=0.850610604834031), bell=Bells(treatment='', suction='64372cd7'), idx=3, color='#e53935'), Destination(name='소독실', goal_pose=Pose(x=-3.4045695907217928, y=-7.611793760201744, qw=0.546869706461766, qz=0.8372177280459497), bell=Bells(treatment='', suction='64492cd7'), idx=4, color='#e53935')]
2026-08-21 10:16:26.936 [session=000416] [INFO] [MainThread] 호출벨 리스트 반환: callbells={'64012cd7': {'name': '호출벨 1', 'usage': 'suction', 'destination': '로비'}, '64132cd7': {'name': '호출벨 2', 'usage': 'suction', 'destination': '수술실'}, '64252cd7': {'name': '호출벨 3', 'usage': 'suction', 'destination': '진료실'}, '64372cd7': {'name': '호출벨 4', 'usage': 'suction', 'destination': '창고'}, '64492cd7': {'name': '호출벨 5', 'usage': 'suction', 'destination': '소독실'}}, robot_usages=['treatment', 'suction']
2026-08-21 10:16:26.937 [session=000416] [INFO] [MainThread] 호출벨 리스트 로드: 5개
2026-08-21 10:16:26.937 [session=000416] [INFO] [MainThread] 호출벨 목록 동일 - UI 재생성 생략
2026-08-21 10:16:26.938 [session=000416] [INFO] [MainThread] 호출벨용 용도 목록 로드 요청
2026-08-21 10:16:26.939 [session=000416] [INFO] [MainThread] 호출벨에 용도 목록 전달: 2개
2026-08-21 10:16:26.939 [session=000416] [INFO] [MainThread] 용도 목록 로드: 2개
2026-08-21 10:16:26.940 [session=000416] [INFO] [MainThread] 목적지 목록 로드: 5개
2026-08-21 10:16:26.940 [session=000416] [INFO] [MainThread] 호출벨 관리에 목적지 목록 전달: 5개
2026-08-21 10:16:26.941 [session=000416] [INFO] [MainThread] 홈 위치 수신: (3.12, 1.10)
2026-08-21 10:16:26.942 [session=000416] [INFO] [MainThread] 홈 위치 표시 업데이트: (894.0, 100.9)
2026-08-21 10:16:26.946 [session=000416] [INFO] [MainThread]   홈 위치 서버 → 픽셀 좌표로 변환 및 UI 업데이트: (894.0, 100.9)
2026-08-21 10:16:26.951 [session=000416] [INFO] [MainThread] My IP : 192.168.104.212
2026-08-21 10:16:27.123 [session=000416] [INFO] [ThreadPoolExecutor-8_0] 순차 이동 설정 저장 완료: /home/dentium/robot_GUIs/app/config/sequential_move.json
2026-08-21 10:16:29.394 [session=000416] [INFO] [MainThread] [MAIN_THREAD_HEARTBEAT] GUI main thread alive: thread=MainThread
2026-08-21 10:16:30.522 [session=000416] [INFO] [SSE-SSE_BATTERY_LOW_SHUTDOWN] [SSE_DIAG] connect attempt tag=SSE_BATTERY_LOW_SHUTDOWN, reconnect=139, url=http://localhost:8080/robot_ec2b/events/battery/low_shutdown
2026-08-21 10:16:30.544 [session=000416] [INFO] [SSE-SSE_BATTERY_LOW_SHUTDOWN] [SSE_DIAG] connected tag=SSE_BATTERY_LOW_SHUTDOWN, status=404, reason=Not Found, elapsed=0.02s, content_type=application/json, url=http://localhost:8080/robot_ec2b/events/battery/low_shutdown
2026-08-21 10:16:30.545 [session=000416] [ERROR] [SSE-SSE_BATTERY_LOW_SHUTDOWN] [SSE_DIAG] non-200 response tag=SSE_BATTERY_LOW_SHUTDOWN, status=404, reason=Not Found, url=http://localhost:8080/robot_ec2b/events/battery/low_shutdown
2026-08-21 10:16:30.549 [session=000416] [INFO] [SSE-SSE_BATTERY_LOW_SHUTDOWN] [SSE_DIAG] reconnect wait tag=SSE_BATTERY_LOW_SHUTDOWN, delay=10s, reconnect=140, reason=HTTP 404, url=http://localhost:8080/robot_ec2b/events/battery/low_shutdown
2026-08-21 10:16:34.394 [session=000416] [INFO] [MainThread] [MAIN_THREAD_HEARTBEAT] GUI main thread alive: thread=MainThread
2026-08-21 10:16:36.898 [session=000416] [DEBUG] [RestApiThread] GetCallBellFromRESTAPI 요청 시작
2026-08-21 10:16:36.904 [session=000416] [DEBUG] [RestApiThread] _get_data: 요청 시작 - tag: REST_API_TAG.GET_CALLBELL, url: http://localhost:8080/robot_ec2b/callbell
2026-08-21 10:16:36.905 [session=000416] [DEBUG] [RestApiThread] _get_data: 요청 전송 완료 - tag: REST_API_TAG.GET_CALLBELL, timeout: 30000ms
2026-08-21 10:16:36.906 [session=000416] [INFO] [RestApiThread] _handle_response (CYCLIC 정상) - tag: REST_API_TAG.GET_DESTINATIONS, status: 200, pending→3
2026-08-21 10:16:36.908 [session=000416] [INFO] [MainThread] model_manager set_destinations: unchanged (5 items) - emit skipped
2026-08-21 10:16:36.910 [session=000416] [INFO] [MainThread] 홈 위치 수신: (3.12, 1.10)
2026-08-21 10:16:36.911 [session=000416] [INFO] [MainThread] 홈 위치 표시 업데이트: (894.0, 100.9)
2026-08-21 10:16:36.914 [session=000416] [INFO] [MainThread]   홈 위치 서버 → 픽셀 좌표로 변환 및 UI 업데이트: (894.0, 100.9)
2026-08-21 10:16:36.922 [session=000416] [DEBUG] [RestApiThread] _handle_response 호출됨 - tag: REST_API_TAG.GET_CALLBELL, status_code: 200
2026-08-21 10:16:36.923 [session=000416] [INFO] [ThreadPoolExecutor-5_1] 호출벨 데이터 수신: 5개
2026-08-21 10:16:36.928 [session=000416] [INFO] [MainThread] 호출벨-목적지 동기화 완료: 5개 호출벨
2026-08-21 10:16:36.929 [session=000416] [INFO] [MainThread] 목적지 리스트 반환: destinations=[Destination(name='로비', goal_pose=Pose(x=4.241336459631034, y=-2.361104203714551, qw=0.5097087478206948, qz=0.8603470185890456), bell=Bells(treatment='', suction='64012cd7'), idx=0, color='#e53935'), Destination(name='수술실', goal_pose=Pose(x=4.5199271819089395, y=-3.9219605026851503, qw=0.14533446519134308, qz=-0.9893825818294691), bell=Bells(treatment='', suction='64132cd7'), idx=1, color='#e53935'), Destination(name='진료실', goal_pose=Pose(x=0.11980823444488001, y=-3.735511450600503, qw=0.9963649848510123, qz=0.0851869530083222), bell=Bells(treatment='', suction='64252cd7'), idx=2, color='#e53935'), Destination(name='창고', goal_pose=Pose(x=0.2834625688692579, y=-6.793061814598156, qw=0.5257961572167338, qz=0.850610604834031), bell=Bells(treatment='', suction='64372cd7'), idx=3, color='#e53935'), Destination(name='소독실', goal_pose=Pose(x=-3.4045695907217928, y=-7.611793760201744, qw=0.546869706461766, qz=0.8372177280459497), bell=Bells(treatment='', suction='64492cd7'), idx=4, color='#e53935')]
2026-08-21 10:16:36.930 [session=000416] [INFO] [MainThread] 호출벨 리스트 반환: callbells={'64012cd7': {'name': '호출벨 1', 'usage': 'suction', 'destination': '로비'}, '64132cd7': {'name': '호출벨 2', 'usage': 'suction', 'destination': '수술실'}, '64252cd7': {'name': '호출벨 3', 'usage': 'suction', 'destination': '진료실'}, '64372cd7': {'name': '호출벨 4', 'usage': 'suction', 'destination': '창고'}, '64492cd7': {'name': '호출벨 5', 'usage': 'suction', 'destination': '소독실'}}, robot_usages=['treatment', 'suction']
2026-08-21 10:16:36.930 [session=000416] [INFO] [MainThread] 호출벨 리스트 로드: 5개
2026-08-21 10:16:36.931 [session=000416] [INFO] [MainThread] 호출벨 목록 동일 - UI 재생성 생략
2026-08-21 10:16:36.932 [session=000416] [INFO] [MainThread] 호출벨용 용도 목록 로드 요청
2026-08-21 10:16:36.932 [session=000416] [INFO] [MainThread] 호출벨에 용도 목록 전달: 2개
2026-08-21 10:16:36.932 [session=000416] [INFO] [MainThread] 용도 목록 로드: 2개
2026-08-21 10:16:36.932 [session=000416] [INFO] [MainThread] 목적지 목록 로드: 5개
2026-08-21 10:16:36.933 [session=000416] [INFO] [MainThread] 호출벨 관리에 목적지 목록 전달: 5개
2026-08-21 10:16:36.936 [session=000416] [INFO] [MainThread] My IP : 192.168.104.212
2026-08-21 10:16:37.096 [session=000416] [INFO] [ThreadPoolExecutor-8_0] 순차 이동 설정 저장 완료: /home/dentium/robot_GUIs/app/config/sequential_move.json
2026-08-21 10:16:39.394 [session=000416] [INFO] [MainThread] [MAIN_THREAD_HEARTBEAT] GUI main thread alive: thread=MainThread
2026-08-21 10:16:40.552 [session=000416] [INFO] [SSE-SSE_BATTERY_LOW_SHUTDOWN] [SSE_DIAG] connect attempt tag=SSE_BATTERY_LOW_SHUTDOWN, reconnect=140, url=http://localhost:8080/robot_ec2b/events/battery/low_shutdown
2026-08-21 10:16:40.563 [session=000416] [INFO] [SSE-SSE_BATTERY_LOW_SHUTDOWN] [SSE_DIAG] connected tag=SSE_BATTERY_LOW_SHUTDOWN, status=404, reason=Not Found, elapsed=0.01s, content_type=application/json, url=http://localhost:8080/robot_ec2b/events/battery/low_shutdown
2026-08-21 10:16:40.565 [session=000416] [ERROR] [SSE-SSE_BATTERY_LOW_SHUTDOWN] [SSE_DIAG] non-200 response tag=SSE_BATTERY_LOW_SHUTDOWN, status=404, reason=Not Found, url=http://localhost:8080/robot_ec2b/events/battery/low_shutdown
2026-08-21 10:16:40.566 [session=000416] [INFO] [SSE-SSE_BATTERY_LOW_SHUTDOWN] [SSE_DIAG] reconnect wait tag=SSE_BATTERY_LOW_SHUTDOWN, delay=10s, reconnect=141, reason=HTTP 404, url=http://localhost:8080/robot_ec2b/events/battery/low_shutdown
2026-08-21 10:16:44.394 [session=000416] [INFO] [MainThread] [MAIN_THREAD_HEARTBEAT] GUI main thread alive: thread=MainThread
2026-08-21 10:16:46.905 [session=000416] [DEBUG] [RestApiThread] GetCallBellFromRESTAPI 요청 시작
2026-08-21 10:16:46.908 [session=000416] [DEBUG] [RestApiThread] _get_data: 요청 시작 - tag: REST_API_TAG.GET_CALLBELL, url: http://localhost:8080/robot_ec2b/callbell
2026-08-21 10:16:46.909 [session=000416] [DEBUG] [RestApiThread] _get_data: 요청 전송 완료 - tag: REST_API_TAG.GET_CALLBELL, timeout: 30000ms
2026-08-21 10:16:46.914 [session=000416] [INFO] [MainThread] model_manager set_destinations: unchanged (5 items) - emit skipped
2026-08-21 10:16:46.915 [session=000416] [DEBUG] [RestApiThread] _handle_response 호출됨 - tag: REST_API_TAG.GET_CALLBELL, status_code: 200
2026-08-21 10:16:46.917 [session=000416] [INFO] [ThreadPoolExecutor-5_1] 호출벨 데이터 수신: 5개
2026-08-21 10:16:46.918 [session=000416] [INFO] [MainThread] 홈 위치 수신: (3.12, 1.10)
2026-08-21 10:16:46.918 [session=000416] [INFO] [MainThread] 홈 위치 표시 업데이트: (894.0, 100.9)
2026-08-21 10:16:46.922 [session=000416] [INFO] [MainThread]   홈 위치 서버 → 픽셀 좌표로 변환 및 UI 업데이트: (894.0, 100.9)
2026-08-21 10:16:46.927 [session=000416] [INFO] [MainThread] 호출벨-목적지 동기화 완료: 5개 호출벨
2026-08-21 10:16:46.928 [session=000416] [INFO] [MainThread] 목적지 리스트 반환: destinations=[Destination(name='로비', goal_pose=Pose(x=4.241336459631034, y=-2.361104203714551, qw=0.5097087478206948, qz=0.8603470185890456), bell=Bells(treatment='', suction='64012cd7'), idx=0, color='#e53935'), Destination(name='수술실', goal_pose=Pose(x=4.5199271819089395, y=-3.9219605026851503, qw=0.14533446519134308, qz=-0.9893825818294691), bell=Bells(treatment='', suction='64132cd7'), idx=1, color='#e53935'), Destination(name='진료실', goal_pose=Pose(x=0.11980823444488001, y=-3.735511450600503, qw=0.9963649848510123, qz=0.0851869530083222), bell=Bells(treatment='', suction='64252cd7'), idx=2, color='#e53935'), Destination(name='창고', goal_pose=Pose(x=0.2834625688692579, y=-6.793061814598156, qw=0.5257961572167338, qz=0.850610604834031), bell=Bells(treatment='', suction='64372cd7'), idx=3, color='#e53935'), Destination(name='소독실', goal_pose=Pose(x=-3.4045695907217928, y=-7.611793760201744, qw=0.546869706461766, qz=0.8372177280459497), bell=Bells(treatment='', suction='64492cd7'), idx=4, color='#e53935')]
2026-08-21 10:16:46.928 [session=000416] [INFO] [MainThread] 호출벨 리스트 반환: callbells={'64012cd7': {'name': '호출벨 1', 'usage': 'suction', 'destination': '로비'}, '64132cd7': {'name': '호출벨 2', 'usage': 'suction', 'destination': '수술실'}, '64252cd7': {'name': '호출벨 3', 'usage': 'suction', 'destination': '진료실'}, '64372cd7': {'name': '호출벨 4', 'usage': 'suction', 'destination': '창고'}, '64492cd7': {'name': '호출벨 5', 'usage': 'suction', 'destination': '소독실'}}, robot_usages=['treatment', 'suction']
2026-08-21 10:16:46.928 [session=000416] [INFO] [MainThread] 호출벨 리스트 로드: 5개
2026-08-21 10:16:46.928 [session=000416] [INFO] [MainThread] 호출벨 목록 동일 - UI 재생성 생략
2026-08-21 10:16:46.929 [session=000416] [INFO] [MainThread] 호출벨용 용도 목록 로드 요청
2026-08-21 10:16:46.929 [session=000416] [INFO] [MainThread] 호출벨에 용도 목록 전달: 2개
2026-08-21 10:16:46.929 [session=000416] [INFO] [MainThread] 용도 목록 로드: 2개
2026-08-21 10:16:46.929 [session=000416] [INFO] [MainThread] 목적지 목록 로드: 5개
2026-08-21 10:16:46.929 [session=000416] [INFO] [MainThread] 호출벨 관리에 목적지 목록 전달: 5개
2026-08-21 10:16:46.932 [session=000416] [INFO] [MainThread] My IP : 192.168.104.212
2026-08-21 10:16:46.934 [session=000416] [INFO] [browser-music-sync_0] [BROWSER_MUSIC_SYNC] event=catalog_fetch_started master_base_url=http://127.0.0.1:5051
2026-08-21 10:16:46.958 [session=000416] [INFO] [browser-music-sync_0] [BROWSER_MUSIC_SYNC] event=catalog_fetch_succeeded master_base_url=http://127.0.0.1:5051 item_count=3
2026-08-21 10:16:46.970 [session=000416] [INFO] [RestApiThread] [REST API] 배경 음악 GET 전송: operation=selection_get, url=http://127.0.0.1:5051/api/voice-event-settings/background-music?robot_id=robot_ec2b
2026-08-21 10:16:46.971 [session=000416] [INFO] [RestApiThread] [REST API] 배경 음악 GET 전송: operation=resolved_get, url=http://127.0.0.1:5051/api/voice-event-settings/resolved?robot_id=robot_ec2b
2026-08-21 10:16:47.003 [session=000416] [DEBUG] [RestApiThread] _handle_response 호출됨 - tag: REST_API_TAG.GET_BACKGROUND_MUSIC_SETTING, status_code: 200
2026-08-21 10:16:47.006 [session=000416] [DEBUG] [RestApiThread] _handle_response 호출됨 - tag: REST_API_TAG.GET_RESOLVED_BACKGROUND_MUSIC, status_code: 200
2026-08-21 10:16:47.097 [session=000416] [INFO] [ThreadPoolExecutor-8_0] 순차 이동 설정 저장 완료: /home/dentium/robot_GUIs/app/config/sequential_move.json
2026-08-21 10:16:49.394 [session=000416] [INFO] [MainThread] [MAIN_THREAD_HEARTBEAT] GUI main thread alive: thread=MainThread
2026-08-21 10:16:50.568 [session=000416] [INFO] [SSE-SSE_BATTERY_LOW_SHUTDOWN] [SSE_DIAG] connect attempt tag=SSE_BATTERY_LOW_SHUTDOWN, reconnect=141, url=http://localhost:8080/robot_ec2b/events/battery/low_shutdown
2026-08-21 10:16:50.586 [session=000416] [INFO] [SSE-SSE_BATTERY_LOW_SHUTDOWN] [SSE_DIAG] connected tag=SSE_BATTERY_LOW_SHUTDOWN, status=404, reason=Not Found, elapsed=0.02s, content_type=application/json, url=http://localhost:8080/robot_ec2b/events/battery/low_shutdown
2026-08-21 10:16:50.586 [session=000416] [ERROR] [SSE-SSE_BATTERY_LOW_SHUTDOWN] [SSE_DIAG] non-200 response tag=SSE_BATTERY_LOW_SHUTDOWN, status=404, reason=Not Found, url=http://localhost:8080/robot_ec2b/events/battery/low_shutdown
2026-08-21 10:16:50.588 [session=000416] [INFO] [SSE-SSE_BATTERY_LOW_SHUTDOWN] [SSE_DIAG] reconnect wait tag=SSE_BATTERY_LOW_SHUTDOWN, delay=10s, reconnect=142, reason=HTTP 404, url=http://localhost:8080/robot_ec2b/events/battery/low_shutdown
2026-08-21 10:16:54.394 [session=000416] [INFO] [MainThread] [MAIN_THREAD_HEARTBEAT] GUI main thread alive: thread=MainThread
2026-08-21 10:16:56.905 [session=000416] [DEBUG] [RestApiThread] GetCallBellFromRESTAPI 요청 시작
2026-08-21 10:16:56.907 [session=000416] [DEBUG] [RestApiThread] _get_data: 요청 시작 - tag: REST_API_TAG.GET_CALLBELL, url: http://localhost:8080/robot_ec2b/callbell
2026-08-21 10:16:56.908 [session=000416] [DEBUG] [RestApiThread] _get_data: 요청 전송 완료 - tag: REST_API_TAG.GET_CALLBELL, timeout: 30000ms
2026-08-21 10:16:56.910 [session=000416] [INFO] [MainThread] model_manager set_destinations: unchanged (5 items) - emit skipped
2026-08-21 10:16:56.917 [session=000416] [INFO] [MainThread] 홈 위치 수신: (3.12, 1.10)
2026-08-21 10:16:56.917 [session=000416] [INFO] [MainThread] 홈 위치 표시 업데이트: (894.0, 100.9)
2026-08-21 10:16:56.918 [session=000416] [DEBUG] [RestApiThread] _handle_response 호출됨 - tag: REST_API_TAG.GET_CALLBELL, status_code: 200
2026-08-21 10:16:56.919 [session=000416] [INFO] [ThreadPoolExecutor-5_0] 호출벨 데이터 수신: 5개
2026-08-21 10:16:56.928 [session=000416] [INFO] [MainThread]   홈 위치 서버 → 픽셀 좌표로 변환 및 UI 업데이트: (894.0, 100.9)
2026-08-21 10:16:56.940 [session=000416] [INFO] [MainThread] 호출벨-목적지 동기화 완료: 5개 호출벨
2026-08-21 10:16:56.941 [session=000416] [INFO] [MainThread] 목적지 리스트 반환: destinations=[Destination(name='로비', goal_pose=Pose(x=4.241336459631034, y=-2.361104203714551, qw=0.5097087478206948, qz=0.8603470185890456), bell=Bells(treatment='', suction='64012cd7'), idx=0, color='#e53935'), Destination(name='수술실', goal_pose=Pose(x=4.5199271819089395, y=-3.9219605026851503, qw=0.14533446519134308, qz=-0.9893825818294691), bell=Bells(treatment='', suction='64132cd7'), idx=1, color='#e53935'), Destination(name='진료실', goal_pose=Pose(x=0.11980823444488001, y=-3.735511450600503, qw=0.9963649848510123, qz=0.0851869530083222), bell=Bells(treatment='', suction='64252cd7'), idx=2, color='#e53935'), Destination(name='창고', goal_pose=Pose(x=0.2834625688692579, y=-6.793061814598156, qw=0.5257961572167338, qz=0.850610604834031), bell=Bells(treatment='', suction='64372cd7'), idx=3, color='#e53935'), Destination(name='소독실', goal_pose=Pose(x=-3.4045695907217928, y=-7.611793760201744, qw=0.546869706461766, qz=0.8372177280459497), bell=Bells(treatment='', suction='64492cd7'), idx=4, color='#e53935')]
2026-08-21 10:16:56.941 [session=000416] [INFO] [MainThread] 호출벨 리스트 반환: callbells={'64012cd7': {'name': '호출벨 1', 'usage': 'suction', 'destination': '로비'}, '64132cd7': {'name': '호출벨 2', 'usage': 'suction', 'destination': '수술실'}, '64252cd7': {'name': '호출벨 3', 'usage': 'suction', 'destination': '진료실'}, '64372cd7': {'name': '호출벨 4', 'usage': 'suction', 'destination': '창고'}, '64492cd7': {'name': '호출벨 5', 'usage': 'suction', 'destination': '소독실'}}, robot_usages=['treatment', 'suction']
2026-08-21 10:16:56.941 [session=000416] [INFO] [MainThread] 호출벨 리스트 로드: 5개
2026-08-21 10:16:56.942 [session=000416] [INFO] [MainThread] 호출벨 목록 동일 - UI 재생성 생략
2026-08-21 10:16:56.942 [session=000416] [INFO] [MainThread] 호출벨용 용도 목록 로드 요청
2026-08-21 10:16:56.943 [session=000416] [INFO] [MainThread] 호출벨에 용도 목록 전달: 2개
2026-08-21 10:16:56.943 [session=000416] [INFO] [MainThread] 용도 목록 로드: 2개
2026-08-21 10:16:56.944 [session=000416] [INFO] [MainThread] 목적지 목록 로드: 5개
2026-08-21 10:16:56.944 [session=000416] [INFO] [MainThread] 호출벨 관리에 목적지 목록 전달: 5개
2026-08-21 10:16:56.945 [session=000416] [INFO] [MainThread] My IP : 192.168.104.212
2026-08-21 10:16:57.121 [session=000416] [INFO] [ThreadPoolExecutor-8_0] 순차 이동 설정 저장 완료: /home/dentium/robot_GUIs/app/config/sequential_move.json
2026-08-21 10:16:59.394 [session=000416] [INFO] [MainThread] [MAIN_THREAD_HEARTBEAT] GUI main thread alive: thread=MainThread
2026-08-21 10:17:00.589 [session=000416] [INFO] [SSE-SSE_BATTERY_LOW_SHUTDOWN] [SSE_DIAG] connect attempt tag=SSE_BATTERY_LOW_SHUTDOWN, reconnect=142, url=http://localhost:8080/robot_ec2b/events/battery/low_shutdown
2026-08-21 10:17:00.600 [session=000416] [INFO] [SSE-SSE_BATTERY_LOW_SHUTDOWN] [SSE_DIAG] connected tag=SSE_BATTERY_LOW_SHUTDOWN, status=404, reason=Not Found, elapsed=0.01s, content_type=application/json, url=http://localhost:8080/robot_ec2b/events/battery/low_shutdown
2026-08-21 10:17:00.601 [session=000416] [ERROR] [SSE-SSE_BATTERY_LOW_SHUTDOWN] [SSE_DIAG] non-200 response tag=SSE_BATTERY_LOW_SHUTDOWN, status=404, reason=Not Found, url=http://localhost:8080/robot_ec2b/events/battery/low_shutdown
2026-08-21 10:17:00.603 [session=000416] [INFO] [SSE-SSE_BATTERY_LOW_SHUTDOWN] [SSE_DIAG] reconnect wait tag=SSE_BATTERY_LOW_SHUTDOWN, delay=10s, reconnect=143, reason=HTTP 404, url=http://localhost:8080/robot_ec2b/events/battery/low_shutdown
2026-08-21 10:17:04.394 [session=000416] [INFO] [MainThread] [MAIN_THREAD_HEARTBEAT] GUI main thread alive: thread=MainThread
2026-08-21 10:17:06.900 [session=000416] [DEBUG] [RestApiThread] GetCallBellFromRESTAPI 요청 시작
2026-08-21 10:17:06.905 [session=000416] [DEBUG] [RestApiThread] _get_data: 요청 시작 - tag: REST_API_TAG.GET_CALLBELL, url: http://localhost:8080/robot_ec2b/callbell
2026-08-21 10:17:06.906 [session=000416] [DEBUG] [RestApiThread] _get_data: 요청 전송 완료 - tag: REST_API_TAG.GET_CALLBELL, timeout: 30000ms
2026-08-21 10:17:06.909 [session=000416] [INFO] [MainThread] model_manager set_destinations: unchanged (5 items) - emit skipped
2026-08-21 10:17:06.929 [session=000416] [INFO] [MainThread] 홈 위치 수신: (3.12, 1.10)
2026-08-21 10:17:06.929 [session=000416] [INFO] [MainThread] 홈 위치 표시 업데이트: (894.0, 100.9)
2026-08-21 10:17:06.932 [session=000416] [INFO] [MainThread]   홈 위치 서버 → 픽셀 좌표로 변환 및 UI 업데이트: (894.0, 100.9)
2026-08-21 10:17:06.944 [session=000416] [DEBUG] [RestApiThread] _handle_response 호출됨 - tag: REST_API_TAG.GET_CALLBELL, status_code: 200
2026-08-21 10:17:06.946 [session=000416] [INFO] [ThreadPoolExecutor-5_2] 호출벨 데이터 수신: 5개
2026-08-21 10:17:06.950 [session=000416] [INFO] [MainThread] 호출벨-목적지 동기화 완료: 5개 호출벨
2026-08-21 10:17:06.952 [session=000416] [INFO] [MainThread] 목적지 리스트 반환: destinations=[Destination(name='로비', goal_pose=Pose(x=4.241336459631034, y=-2.361104203714551, qw=0.5097087478206948, qz=0.8603470185890456), bell=Bells(treatment='', suction='64012cd7'), idx=0, color='#e53935'), Destination(name='수술실', goal_pose=Pose(x=4.5199271819089395, y=-3.9219605026851503, qw=0.14533446519134308, qz=-0.9893825818294691), bell=Bells(treatment='', suction='64132cd7'), idx=1, color='#e53935'), Destination(name='진료실', goal_pose=Pose(x=0.11980823444488001, y=-3.735511450600503, qw=0.9963649848510123, qz=0.0851869530083222), bell=Bells(treatment='', suction='64252cd7'), idx=2, color='#e53935'), Destination(name='창고', goal_pose=Pose(x=0.2834625688692579, y=-6.793061814598156, qw=0.5257961572167338, qz=0.850610604834031), bell=Bells(treatment='', suction='64372cd7'), idx=3, color='#e53935'), Destination(name='소독실', goal_pose=Pose(x=-3.4045695907217928, y=-7.611793760201744, qw=0.546869706461766, qz=0.8372177280459497), bell=Bells(treatment='', suction='64492cd7'), idx=4, color='#e53935')]
2026-08-21 10:17:06.953 [session=000416] [INFO] [MainThread] 호출벨 리스트 반환: callbells={'64012cd7': {'name': '호출벨 1', 'usage': 'suction', 'destination': '로비'}, '64132cd7': {'name': '호출벨 2', 'usage': 'suction', 'destination': '수술실'}, '64252cd7': {'name': '호출벨 3', 'usage': 'suction', 'destination': '진료실'}, '64372cd7': {'name': '호출벨 4', 'usage': 'suction', 'destination': '창고'}, '64492cd7': {'name': '호출벨 5', 'usage': 'suction', 'destination': '소독실'}}, robot_usages=['treatment', 'suction']
2026-08-21 10:17:06.953 [session=000416] [INFO] [MainThread] 호출벨 리스트 로드: 5개
2026-08-21 10:17:06.954 [session=000416] [INFO] [MainThread] 호출벨 목록 동일 - UI 재생성 생략
2026-08-21 10:17:06.955 [session=000416] [INFO] [MainThread] 호출벨용 용도 목록 로드 요청
2026-08-21 10:17:06.955 [session=000416] [INFO] [MainThread] 호출벨에 용도 목록 전달: 2개
2026-08-21 10:17:06.956 [session=000416] [INFO] [MainThread] 용도 목록 로드: 2개
2026-08-21 10:17:06.956 [session=000416] [INFO] [MainThread] 목적지 목록 로드: 5개
2026-08-21 10:17:06.956 [session=000416] [INFO] [MainThread] 호출벨 관리에 목적지 목록 전달: 5개
2026-08-21 10:17:06.957 [session=000416] [INFO] [MainThread] My IP : 192.168.104.212
2026-08-21 10:17:07.121 [session=000416] [INFO] [ThreadPoolExecutor-8_0] 순차 이동 설정 저장 완료: /home/dentium/robot_GUIs/app/config/sequential_move.json
2026-08-21 10:17:09.393 [session=000416] [INFO] [MainThread] [MAIN_THREAD_HEARTBEAT] GUI main thread alive: thread=MainThread
2026-08-21 10:17:10.604 [session=000416] [INFO] [SSE-SSE_BATTERY_LOW_SHUTDOWN] [SSE_DIAG] connect attempt tag=SSE_BATTERY_LOW_SHUTDOWN, reconnect=143, url=http://localhost:8080/robot_ec2b/events/battery/low_shutdown
2026-08-21 10:17:10.625 [session=000416] [INFO] [SSE-SSE_BATTERY_LOW_SHUTDOWN] [SSE_DIAG] connected tag=SSE_BATTERY_LOW_SHUTDOWN, status=404, reason=Not Found, elapsed=0.02s, content_type=application/json, url=http://localhost:8080/robot_ec2b/events/battery/low_shutdown
2026-08-21 10:17:10.625 [session=000416] [ERROR] [SSE-SSE_BATTERY_LOW_SHUTDOWN] [SSE_DIAG] non-200 response tag=SSE_BATTERY_LOW_SHUTDOWN, status=404, reason=Not Found, url=http://localhost:8080/robot_ec2b/events/battery/low_shutdown
2026-08-21 10:17:10.628 [session=000416] [INFO] [SSE-SSE_BATTERY_LOW_SHUTDOWN] [SSE_DIAG] reconnect wait tag=SSE_BATTERY_LOW_SHUTDOWN, delay=10s, reconnect=144, reason=HTTP 404, url=http://localhost:8080/robot_ec2b/events/battery/low_shutdown
2026-08-21 10:17:14.395 [session=000416] [INFO] [MainThread] [MAIN_THREAD_HEARTBEAT] GUI main thread alive: thread=MainThread
2026-08-21 10:17:16.896 [session=000416] [DEBUG] [RestApiThread] GetCallBellFromRESTAPI 요청 시작
2026-08-21 10:17:16.898 [session=000416] [DEBUG] [RestApiThread] _get_data: 요청 시작 - tag: REST_API_TAG.GET_CALLBELL, url: http://localhost:8080/robot_ec2b/callbell
2026-08-21 10:17:16.905 [session=000416] [DEBUG] [RestApiThread] _get_data: 요청 전송 완료 - tag: REST_API_TAG.GET_CALLBELL, timeout: 30000ms
2026-08-21 10:17:16.909 [session=000416] [INFO] [MainThread] model_manager set_destinations: unchanged (5 items) - emit skipped
2026-08-21 10:17:16.910 [session=000416] [INFO] [RestApiThread] _handle_response (CYCLIC 정상) - tag: REST_API_TAG.GET_HOME_POSE, status: 200, pending→2
2026-08-21 10:17:16.918 [session=000416] [INFO] [MainThread] 홈 위치 수신: (3.12, 1.10)
2026-08-21 10:17:16.919 [session=000416] [INFO] [MainThread] 홈 위치 표시 업데이트: (894.0, 100.9)
2026-08-21 10:17:16.923 [session=000416] [INFO] [MainThread]   홈 위치 서버 → 픽셀 좌표로 변환 및 UI 업데이트: (894.0, 100.9)
2026-08-21 10:17:16.935 [session=000416] [INFO] [MainThread] My IP : 192.168.104.212
2026-08-21 10:17:16.935 [session=000416] [DEBUG] [RestApiThread] _handle_response 호출됨 - tag: REST_API_TAG.GET_CALLBELL, status_code: 200
2026-08-21 10:17:16.937 [session=000416] [INFO] [ThreadPoolExecutor-5_2] 호출벨 데이터 수신: 5개
2026-08-21 10:17:16.941 [session=000416] [INFO] [MainThread] 호출벨-목적지 동기화 완료: 5개 호출벨
2026-08-21 10:17:16.942 [session=000416] [INFO] [MainThread] 목적지 리스트 반환: destinations=[Destination(name='로비', goal_pose=Pose(x=4.241336459631034, y=-2.361104203714551, qw=0.5097087478206948, qz=0.8603470185890456), bell=Bells(treatment='', suction='64012cd7'), idx=0, color='#e53935'), Destination(name='수술실', goal_pose=Pose(x=4.5199271819089395, y=-3.9219605026851503, qw=0.14533446519134308, qz=-0.9893825818294691), bell=Bells(treatment='', suction='64132cd7'), idx=1, color='#e53935'), Destination(name='진료실', goal_pose=Pose(x=0.11980823444488001, y=-3.735511450600503, qw=0.9963649848510123, qz=0.0851869530083222), bell=Bells(treatment='', suction='64252cd7'), idx=2, color='#e53935'), Destination(name='창고', goal_pose=Pose(x=0.2834625688692579, y=-6.793061814598156, qw=0.5257961572167338, qz=0.850610604834031), bell=Bells(treatment='', suction='64372cd7'), idx=3, color='#e53935'), Destination(name='소독실', goal_pose=Pose(x=-3.4045695907217928, y=-7.611793760201744, qw=0.546869706461766, qz=0.8372177280459497), bell=Bells(treatment='', suction='64492cd7'), idx=4, color='#e53935')]
2026-08-21 10:17:16.942 [session=000416] [INFO] [MainThread] 호출벨 리스트 반환: callbells={'64012cd7': {'name': '호출벨 1', 'usage': 'suction', 'destination': '로비'}, '64132cd7': {'name': '호출벨 2', 'usage': 'suction', 'destination': '수술실'}, '64252cd7': {'name': '호출벨 3', 'usage': 'suction', 'destination': '진료실'}, '64372cd7': {'name': '호출벨 4', 'usage': 'suction', 'destination': '창고'}, '64492cd7': {'name': '호출벨 5', 'usage': 'suction', 'destination': '소독실'}}, robot_usages=['treatment', 'suction']
2026-08-21 10:17:16.943 [session=000416] [INFO] [MainThread] 호출벨 리스트 로드: 5개
2026-08-21 10:17:16.943 [session=000416] [INFO] [MainThread] 호출벨 목록 동일 - UI 재생성 생략
2026-08-21 10:17:16.943 [session=000416] [INFO] [MainThread] 호출벨용 용도 목록 로드 요청
2026-08-21 10:17:16.943 [session=000416] [INFO] [MainThread] 호출벨에 용도 목록 전달: 2개
2026-08-21 10:17:16.944 [session=000416] [INFO] [MainThread] 용도 목록 로드: 2개
2026-08-21 10:17:16.944 [session=000416] [INFO] [MainThread] 목적지 목록 로드: 5개
2026-08-21 10:17:16.944 [session=000416] [INFO] [MainThread] 호출벨 관리에 목적지 목록 전달: 5개
2026-08-21 10:17:17.097 [session=000416] [INFO] [ThreadPoolExecutor-8_0] 순차 이동 설정 저장 완료: /home/dentium/robot_GUIs/app/config/sequential_move.json
2026-08-21 10:17:19.394 [session=000416] [INFO] [MainThread] [MAIN_THREAD_HEARTBEAT] GUI main thread alive: thread=MainThread
2026-08-21 10:17:20.632 [session=000416] [INFO] [SSE-SSE_BATTERY_LOW_SHUTDOWN] [SSE_DIAG] connect attempt tag=SSE_BATTERY_LOW_SHUTDOWN, reconnect=144, url=http://localhost:8080/robot_ec2b/events/battery/low_shutdown
2026-08-21 10:17:20.644 [session=000416] [INFO] [SSE-SSE_BATTERY_LOW_SHUTDOWN] [SSE_DIAG] connected tag=SSE_BATTERY_LOW_SHUTDOWN, status=404, reason=Not Found, elapsed=0.01s, content_type=application/json, url=http://localhost:8080/robot_ec2b/events/battery/low_shutdown
2026-08-21 10:17:20.645 [session=000416] [ERROR] [SSE-SSE_BATTERY_LOW_SHUTDOWN] [SSE_DIAG] non-200 response tag=SSE_BATTERY_LOW_SHUTDOWN, status=404, reason=Not Found, url=http://localhost:8080/robot_ec2b/events/battery/low_shutdown
2026-08-21 10:17:20.646 [session=000416] [INFO] [SSE-SSE_BATTERY_LOW_SHUTDOWN] [SSE_DIAG] reconnect wait tag=SSE_BATTERY_LOW_SHUTDOWN, delay=10s, reconnect=145, reason=HTTP 404, url=http://localhost:8080/robot_ec2b/events/battery/low_shutdown
2026-08-21 10:17:24.393 [session=000416] [INFO] [MainThread] [MAIN_THREAD_HEARTBEAT] GUI main thread alive: thread=MainThread
2026-08-21 10:17:26.904 [session=000416] [DEBUG] [RestApiThread] GetCallBellFromRESTAPI 요청 시작
2026-08-21 10:17:26.907 [session=000416] [DEBUG] [RestApiThread] _get_data: 요청 시작 - tag: REST_API_TAG.GET_CALLBELL, url: http://localhost:8080/robot_ec2b/callbell
2026-08-21 10:17:26.908 [session=000416] [DEBUG] [RestApiThread] _get_data: 요청 전송 완료 - tag: REST_API_TAG.GET_CALLBELL, timeout: 30000ms
2026-08-21 10:17:26.911 [session=000416] [INFO] [MainThread] model_manager set_destinations: unchanged (5 items) - emit skipped
2026-08-21 10:17:26.914 [session=000416] [INFO] [MainThread] 홈 위치 수신: (3.12, 1.10)
2026-08-21 10:17:26.916 [session=000416] [INFO] [MainThread] 홈 위치 표시 업데이트: (894.0, 100.9)
2026-08-21 10:17:26.921 [session=000416] [DEBUG] [RestApiThread] _handle_response 호출됨 - tag: REST_API_TAG.GET_CALLBELL, status_code: 200
2026-08-21 10:17:26.922 [session=000416] [INFO] [ThreadPoolExecutor-5_1] 호출벨 데이터 수신: 5개
2026-08-21 10:17:26.924 [session=000416] [INFO] [MainThread]   홈 위치 서버 → 픽셀 좌표로 변환 및 UI 업데이트: (894.0, 100.9)
2026-08-21 10:17:26.934 [session=000416] [INFO] [MainThread] 호출벨-목적지 동기화 완료: 5개 호출벨
2026-08-21 10:17:26.934 [session=000416] [INFO] [MainThread] 목적지 리스트 반환: destinations=[Destination(name='로비', goal_pose=Pose(x=4.241336459631034, y=-2.361104203714551, qw=0.5097087478206948, qz=0.8603470185890456), bell=Bells(treatment='', suction='64012cd7'), idx=0, color='#e53935'), Destination(name='수술실', goal_pose=Pose(x=4.5199271819089395, y=-3.9219605026851503, qw=0.14533446519134308, qz=-0.9893825818294691), bell=Bells(treatment='', suction='64132cd7'), idx=1, color='#e53935'), Destination(name='진료실', goal_pose=Pose(x=0.11980823444488001, y=-3.735511450600503, qw=0.9963649848510123, qz=0.0851869530083222), bell=Bells(treatment='', suction='64252cd7'), idx=2, color='#e53935'), Destination(name='창고', goal_pose=Pose(x=0.2834625688692579, y=-6.793061814598156, qw=0.5257961572167338, qz=0.850610604834031), bell=Bells(treatment='', suction='64372cd7'), idx=3, color='#e53935'), Destination(name='소독실', goal_pose=Pose(x=-3.4045695907217928, y=-7.611793760201744, qw=0.546869706461766, qz=0.8372177280459497), bell=Bells(treatment='', suction='64492cd7'), idx=4, color='#e53935')]
2026-08-21 10:17:26.935 [session=000416] [INFO] [MainThread] 호출벨 리스트 반환: callbells={'64012cd7': {'name': '호출벨 1', 'usage': 'suction', 'destination': '로비'}, '64132cd7': {'name': '호출벨 2', 'usage': 'suction', 'destination': '수술실'}, '64252cd7': {'name': '호출벨 3', 'usage': 'suction', 'destination': '진료실'}, '64372cd7': {'name': '호출벨 4', 'usage': 'suction', 'destination': '창고'}, '64492cd7': {'name': '호출벨 5', 'usage': 'suction', 'destination': '소독실'}}, robot_usages=['treatment', 'suction']
2026-08-21 10:17:26.935 [session=000416] [INFO] [MainThread] 호출벨 리스트 로드: 5개
2026-08-21 10:17:26.935 [session=000416] [INFO] [MainThread] 호출벨 목록 동일 - UI 재생성 생략
2026-08-21 10:17:26.935 [session=000416] [INFO] [MainThread] 호출벨용 용도 목록 로드 요청
2026-08-21 10:17:26.935 [session=000416] [INFO] [MainThread] 호출벨에 용도 목록 전달: 2개
2026-08-21 10:17:26.936 [session=000416] [INFO] [MainThread] 용도 목록 로드: 2개
2026-08-21 10:17:26.936 [session=000416] [INFO] [MainThread] 목적지 목록 로드: 5개
2026-08-21 10:17:26.936 [session=000416] [INFO] [MainThread] 호출벨 관리에 목적지 목록 전달: 5개
2026-08-21 10:17:26.937 [session=000416] [INFO] [MainThread] My IP : 192.168.104.212
2026-08-21 10:17:26.939 [session=000416] [INFO] [browser-music-sync_0] [BROWSER_MUSIC_SYNC] event=catalog_fetch_started master_base_url=http://127.0.0.1:5051
2026-08-21 10:17:26.983 [session=000416] [INFO] [browser-music-sync_0] [BROWSER_MUSIC_SYNC] event=catalog_fetch_succeeded master_base_url=http://127.0.0.1:5051 item_count=3
2026-08-21 10:17:26.991 [session=000416] [INFO] [RestApiThread] [REST API] 배경 음악 GET 전송: operation=selection_get, url=http://127.0.0.1:5051/api/voice-event-settings/background-music?robot_id=robot_ec2b
2026-08-21 10:17:26.992 [session=000416] [INFO] [RestApiThread] [REST API] 배경 음악 GET 전송: operation=resolved_get, url=http://127.0.0.1:5051/api/voice-event-settings/resolved?robot_id=robot_ec2b
2026-08-21 10:17:27.011 [session=000416] [DEBUG] [RestApiThread] _handle_response 호출됨 - tag: REST_API_TAG.GET_BACKGROUND_MUSIC_SETTING, status_code: 200
2026-08-21 10:17:27.016 [session=000416] [DEBUG] [RestApiThread] _handle_response 호출됨 - tag: REST_API_TAG.GET_RESOLVED_BACKGROUND_MUSIC, status_code: 200
2026-08-21 10:17:27.118 [session=000416] [INFO] [ThreadPoolExecutor-8_0] 순차 이동 설정 저장 완료: /home/dentium/robot_GUIs/app/config/sequential_move.json
2026-08-21 10:17:29.394 [session=000416] [INFO] [MainThread] [MAIN_THREAD_HEARTBEAT] GUI main thread alive: thread=MainThread
2026-08-21 10:17:30.648 [session=000416] [INFO] [SSE-SSE_BATTERY_LOW_SHUTDOWN] [SSE_DIAG] connect attempt tag=SSE_BATTERY_LOW_SHUTDOWN, reconnect=145, url=http://localhost:8080/robot_ec2b/events/battery/low_shutdown
2026-08-21 10:17:30.661 [session=000416] [INFO] [SSE-SSE_BATTERY_LOW_SHUTDOWN] [SSE_DIAG] connected tag=SSE_BATTERY_LOW_SHUTDOWN, status=404, reason=Not Found, elapsed=0.01s, content_type=application/json, url=http://localhost:8080/robot_ec2b/events/battery/low_shutdown
2026-08-21 10:17:30.662 [session=000416] [ERROR] [SSE-SSE_BATTERY_LOW_SHUTDOWN] [SSE_DIAG] non-200 response tag=SSE_BATTERY_LOW_SHUTDOWN, status=404, reason=Not Found, url=http://localhost:8080/robot_ec2b/events/battery/low_shutdown
2026-08-21 10:17:30.663 [session=000416] [INFO] [SSE-SSE_BATTERY_LOW_SHUTDOWN] [SSE_DIAG] reconnect wait tag=SSE_BATTERY_LOW_SHUTDOWN, delay=10s, reconnect=146, reason=HTTP 404, url=http://localhost:8080/robot_ec2b/events/battery/low_shutdown
2026-08-21 10:17:34.394 [session=000416] [INFO] [MainThread] [MAIN_THREAD_HEARTBEAT] GUI main thread alive: thread=MainThread
2026-08-21 10:17:36.902 [session=000416] [DEBUG] [RestApiThread] GetCallBellFromRESTAPI 요청 시작
2026-08-21 10:17:36.905 [session=000416] [DEBUG] [RestApiThread] _get_data: 요청 시작 - tag: REST_API_TAG.GET_CALLBELL, url: http://localhost:8080/robot_ec2b/callbell
2026-08-21 10:17:36.907 [session=000416] [DEBUG] [RestApiThread] _get_data: 요청 전송 완료 - tag: REST_API_TAG.GET_CALLBELL, timeout: 30000ms
2026-08-21 10:17:36.910 [session=000416] [INFO] [MainThread] model_manager set_destinations: unchanged (5 items) - emit skipped
2026-08-21 10:17:36.912 [session=000416] [INFO] [MainThread] 홈 위치 수신: (3.12, 1.10)
2026-08-21 10:17:36.914 [session=000416] [INFO] [MainThread] 홈 위치 표시 업데이트: (894.0, 100.9)
2026-08-21 10:17:36.921 [session=000416] [INFO] [MainThread]   홈 위치 서버 → 픽셀 좌표로 변환 및 UI 업데이트: (894.0, 100.9)
2026-08-21 10:17:36.922 [session=000416] [DEBUG] [RestApiThread] _handle_response 호출됨 - tag: REST_API_TAG.GET_CALLBELL, status_code: 200
2026-08-21 10:17:36.926 [session=000416] [INFO] [ThreadPoolExecutor-5_2] 호출벨 데이터 수신: 5개
2026-08-21 10:17:36.936 [session=000416] [INFO] [MainThread] 호출벨-목적지 동기화 완료: 5개 호출벨
2026-08-21 10:17:36.936 [session=000416] [INFO] [MainThread] 목적지 리스트 반환: destinations=[Destination(name='로비', goal_pose=Pose(x=4.241336459631034, y=-2.361104203714551, qw=0.5097087478206948, qz=0.8603470185890456), bell=Bells(treatment='', suction='64012cd7'), idx=0, color='#e53935'), Destination(name='수술실', goal_pose=Pose(x=4.5199271819089395, y=-3.9219605026851503, qw=0.14533446519134308, qz=-0.9893825818294691), bell=Bells(treatment='', suction='64132cd7'), idx=1, color='#e53935'), Destination(name='진료실', goal_pose=Pose(x=0.11980823444488001, y=-3.735511450600503, qw=0.9963649848510123, qz=0.0851869530083222), bell=Bells(treatment='', suction='64252cd7'), idx=2, color='#e53935'), Destination(name='창고', goal_pose=Pose(x=0.2834625688692579, y=-6.793061814598156, qw=0.5257961572167338, qz=0.850610604834031), bell=Bells(treatment='', suction='64372cd7'), idx=3, color='#e53935'), Destination(name='소독실', goal_pose=Pose(x=-3.4045695907217928, y=-7.611793760201744, qw=0.546869706461766, qz=0.8372177280459497), bell=Bells(treatment='', suction='64492cd7'), idx=4, color='#e53935')]
2026-08-21 10:17:36.936 [session=000416] [INFO] [MainThread] 호출벨 리스트 반환: callbells={'64012cd7': {'name': '호출벨 1', 'usage': 'suction', 'destination': '로비'}, '64132cd7': {'name': '호출벨 2', 'usage': 'suction', 'destination': '수술실'}, '64252cd7': {'name': '호출벨 3', 'usage': 'suction', 'destination': '진료실'}, '64372cd7': {'name': '호출벨 4', 'usage': 'suction', 'destination': '창고'}, '64492cd7': {'name': '호출벨 5', 'usage': 'suction', 'destination': '소독실'}}, robot_usages=['treatment', 'suction']
2026-08-21 10:17:36.937 [session=000416] [INFO] [MainThread] 호출벨 리스트 로드: 5개
2026-08-21 10:17:36.937 [session=000416] [INFO] [MainThread] 호출벨 목록 동일 - UI 재생성 생략
2026-08-21 10:17:36.937 [session=000416] [INFO] [MainThread] 호출벨용 용도 목록 로드 요청
2026-08-21 10:17:36.937 [session=000416] [INFO] [MainThread] 호출벨에 용도 목록 전달: 2개
2026-08-21 10:17:36.937 [session=000416] [INFO] [MainThread] 용도 목록 로드: 2개
2026-08-21 10:17:36.938 [session=000416] [INFO] [MainThread] 목적지 목록 로드: 5개
2026-08-21 10:17:36.938 [session=000416] [INFO] [MainThread] 호출벨 관리에 목적지 목록 전달: 5개
2026-08-21 10:17:36.938 [session=000416] [INFO] [MainThread] My IP : 192.168.104.212
2026-08-21 10:17:37.097 [session=000416] [INFO] [ThreadPoolExecutor-8_0] 순차 이동 설정 저장 완료: /home/dentium/robot_GUIs/app/config/sequential_move.json
2026-08-21 10:17:39.394 [session=000416] [INFO] [MainThread] [MAIN_THREAD_HEARTBEAT] GUI main thread alive: thread=MainThread
2026-08-21 10:17:40.665 [session=000416] [INFO] [SSE-SSE_BATTERY_LOW_SHUTDOWN] [SSE_DIAG] connect attempt tag=SSE_BATTERY_LOW_SHUTDOWN, reconnect=146, url=http://localhost:8080/robot_ec2b/events/battery/low_shutdown
2026-08-21 10:17:40.685 [session=000416] [INFO] [SSE-SSE_BATTERY_LOW_SHUTDOWN] [SSE_DIAG] connected tag=SSE_BATTERY_LOW_SHUTDOWN, status=404, reason=Not Found, elapsed=0.02s, content_type=application/json, url=http://localhost:8080/robot_ec2b/events/battery/low_shutdown
2026-08-21 10:17:40.686 [session=000416] [ERROR] [SSE-SSE_BATTERY_LOW_SHUTDOWN] [SSE_DIAG] non-200 response tag=SSE_BATTERY_LOW_SHUTDOWN, status=404, reason=Not Found, url=http://localhost:8080/robot_ec2b/events/battery/low_shutdown
2026-08-21 10:17:40.687 [session=000416] [INFO] [SSE-SSE_BATTERY_LOW_SHUTDOWN] [SSE_DIAG] reconnect wait tag=SSE_BATTERY_LOW_SHUTDOWN, delay=10s, reconnect=147, reason=HTTP 404, url=http://localhost:8080/robot_ec2b/events/battery/low_shutdown
2026-08-21 10:17:44.394 [session=000416] [INFO] [MainThread] [MAIN_THREAD_HEARTBEAT] GUI main thread alive: thread=MainThread
2026-08-21 10:17:46.905 [session=000416] [DEBUG] [RestApiThread] GetCallBellFromRESTAPI 요청 시작
2026-08-21 10:17:46.908 [session=000416] [DEBUG] [RestApiThread] _get_data: 요청 시작 - tag: REST_API_TAG.GET_CALLBELL, url: http://localhost:8080/robot_ec2b/callbell
2026-08-21 10:17:46.912 [session=000416] [DEBUG] [RestApiThread] _get_data: 요청 전송 완료 - tag: REST_API_TAG.GET_CALLBELL, timeout: 30000ms
2026-08-21 10:17:46.918 [session=000416] [INFO] [MainThread] model_manager set_destinations: unchanged (5 items) - emit skipped
2026-08-21 10:17:46.920 [session=000416] [INFO] [MainThread] 홈 위치 수신: (3.12, 1.10)
2026-08-21 10:17:46.921 [session=000416] [INFO] [MainThread] 홈 위치 표시 업데이트: (894.0, 100.9)
2026-08-21 10:17:46.924 [session=000416] [DEBUG] [RestApiThread] _handle_response 호출됨 - tag: REST_API_TAG.GET_CALLBELL, status_code: 200
2026-08-21 10:17:46.925 [session=000416] [INFO] [ThreadPoolExecutor-5_1] 호출벨 데이터 수신: 5개
2026-08-21 10:17:46.927 [session=000416] [INFO] [MainThread]   홈 위치 서버 → 픽셀 좌표로 변환 및 UI 업데이트: (894.0, 100.9)
2026-08-21 10:17:46.927 [session=000416] [INFO] [RestApiThread] _handle_response (CYCLIC 정상) - tag: REST_API_TAG.GET_MASTER_IP_ADDRESS, status: 200, pending→0
2026-08-21 10:17:46.932 [session=000416] [INFO] [MainThread] 호출벨-목적지 동기화 완료: 5개 호출벨
2026-08-21 10:17:46.936 [session=000416] [INFO] [MainThread] 목적지 리스트 반환: destinations=[Destination(name='로비', goal_pose=Pose(x=4.241336459631034, y=-2.361104203714551, qw=0.5097087478206948, qz=0.8603470185890456), bell=Bells(treatment='', suction='64012cd7'), idx=0, color='#e53935'), Destination(name='수술실', goal_pose=Pose(x=4.5199271819089395, y=-3.9219605026851503, qw=0.14533446519134308, qz=-0.9893825818294691), bell=Bells(treatment='', suction='64132cd7'), idx=1, color='#e53935'), Destination(name='진료실', goal_pose=Pose(x=0.11980823444488001, y=-3.735511450600503, qw=0.9963649848510123, qz=0.0851869530083222), bell=Bells(treatment='', suction='64252cd7'), idx=2, color='#e53935'), Destination(name='창고', goal_pose=Pose(x=0.2834625688692579, y=-6.793061814598156, qw=0.5257961572167338, qz=0.850610604834031), bell=Bells(treatment='', suction='64372cd7'), idx=3, color='#e53935'), Destination(name='소독실', goal_pose=Pose(x=-3.4045695907217928, y=-7.611793760201744, qw=0.546869706461766, qz=0.8372177280459497), bell=Bells(treatment='', suction='64492cd7'), idx=4, color='#e53935')]
2026-08-21 10:17:46.937 [session=000416] [INFO] [MainThread] 호출벨 리스트 반환: callbells={'64012cd7': {'name': '호출벨 1', 'usage': 'suction', 'destination': '로비'}, '64132cd7': {'name': '호출벨 2', 'usage': 'suction', 'destination': '수술실'}, '64252cd7': {'name': '호출벨 3', 'usage': 'suction', 'destination': '진료실'}, '64372cd7': {'name': '호출벨 4', 'usage': 'suction', 'destination': '창고'}, '64492cd7': {'name': '호출벨 5', 'usage': 'suction', 'destination': '소독실'}}, robot_usages=['treatment', 'suction']
2026-08-21 10:17:46.937 [session=000416] [INFO] [MainThread] 호출벨 리스트 로드: 5개
2026-08-21 10:17:46.937 [session=000416] [INFO] [MainThread] 호출벨 목록 동일 - UI 재생성 생략
2026-08-21 10:17:46.937 [session=000416] [INFO] [MainThread] 호출벨용 용도 목록 로드 요청
2026-08-21 10:17:46.937 [session=000416] [INFO] [MainThread] 호출벨에 용도 목록 전달: 2개
2026-08-21 10:17:46.938 [session=000416] [INFO] [MainThread] 용도 목록 로드: 2개
2026-08-21 10:17:46.938 [session=000416] [INFO] [MainThread] 목적지 목록 로드: 5개
2026-08-21 10:17:46.938 [session=000416] [INFO] [MainThread] 호출벨 관리에 목적지 목록 전달: 5개
2026-08-21 10:17:46.943 [session=000416] [INFO] [MainThread] My IP : 192.168.104.212
2026-08-21 10:17:47.120 [session=000416] [INFO] [ThreadPoolExecutor-8_0] 순차 이동 설정 저장 완료: /home/dentium/robot_GUIs/app/config/sequential_move.json
2026-08-21 10:17:49.394 [session=000416] [INFO] [MainThread] [MAIN_THREAD_HEARTBEAT] GUI main thread alive: thread=MainThread
2026-08-21 10:17:50.688 [session=000416] [INFO] [SSE-SSE_BATTERY_LOW_SHUTDOWN] [SSE_DIAG] connect attempt tag=SSE_BATTERY_LOW_SHUTDOWN, reconnect=147, url=http://localhost:8080/robot_ec2b/events/battery/low_shutdown
2026-08-21 10:17:50.702 [session=000416] [INFO] [SSE-SSE_BATTERY_LOW_SHUTDOWN] [SSE_DIAG] connected tag=SSE_BATTERY_LOW_SHUTDOWN, status=404, reason=Not Found, elapsed=0.01s, content_type=application/json, url=http://localhost:8080/robot_ec2b/events/battery/low_shutdown
2026-08-21 10:17:50.703 [session=000416] [ERROR] [SSE-SSE_BATTERY_LOW_SHUTDOWN] [SSE_DIAG] non-200 response tag=SSE_BATTERY_LOW_SHUTDOWN, status=404, reason=Not Found, url=http://localhost:8080/robot_ec2b/events/battery/low_shutdown
2026-08-21 10:17:50.704 [session=000416] [INFO] [SSE-SSE_BATTERY_LOW_SHUTDOWN] [SSE_DIAG] reconnect wait tag=SSE_BATTERY_LOW_SHUTDOWN, delay=10s, reconnect=148, reason=HTTP 404, url=http://localhost:8080/robot_ec2b/events/battery/low_shutdown
2026-08-21 10:17:54.394 [session=000416] [INFO] [MainThread] [MAIN_THREAD_HEARTBEAT] GUI main thread alive: thread=MainThread
2026-08-21 10:17:56.897 [session=000416] [DEBUG] [RestApiThread] GetCallBellFromRESTAPI 요청 시작
2026-08-21 10:17:56.907 [session=000416] [DEBUG] [RestApiThread] _get_data: 요청 시작 - tag: REST_API_TAG.GET_CALLBELL, url: http://localhost:8080/robot_ec2b/callbell
2026-08-21 10:17:56.908 [session=000416] [DEBUG] [RestApiThread] _get_data: 요청 전송 완료 - tag: REST_API_TAG.GET_CALLBELL, timeout: 30000ms
2026-08-21 10:17:56.912 [session=000416] [INFO] [MainThread] model_manager set_destinations: unchanged (5 items) - emit skipped
2026-08-21 10:17:56.914 [session=000416] [INFO] [MainThread] 홈 위치 수신: (3.12, 1.10)
2026-08-21 10:17:56.915 [session=000416] [INFO] [MainThread] 홈 위치 표시 업데이트: (894.0, 100.9)
2026-08-21 10:17:56.919 [session=000416] [INFO] [MainThread]   홈 위치 서버 → 픽셀 좌표로 변환 및 UI 업데이트: (894.0, 100.9)
2026-08-21 10:17:56.925 [session=000416] [DEBUG] [RestApiThread] _handle_response 호출됨 - tag: REST_API_TAG.GET_CALLBELL, status_code: 200
2026-08-21 10:17:56.926 [session=000416] [INFO] [ThreadPoolExecutor-5_0] 호출벨 데이터 수신: 5개
2026-08-21 10:17:56.935 [session=000416] [INFO] [MainThread] 호출벨-목적지 동기화 완료: 5개 호출벨
2026-08-21 10:17:56.936 [session=000416] [INFO] [MainThread] 목적지 리스트 반환: destinations=[Destination(name='로비', goal_pose=Pose(x=4.241336459631034, y=-2.361104203714551, qw=0.5097087478206948, qz=0.8603470185890456), bell=Bells(treatment='', suction='64012cd7'), idx=0, color='#e53935'), Destination(name='수술실', goal_pose=Pose(x=4.5199271819089395, y=-3.9219605026851503, qw=0.14533446519134308, qz=-0.9893825818294691), bell=Bells(treatment='', suction='64132cd7'), idx=1, color='#e53935'), Destination(name='진료실', goal_pose=Pose(x=0.11980823444488001, y=-3.735511450600503, qw=0.9963649848510123, qz=0.0851869530083222), bell=Bells(treatment='', suction='64252cd7'), idx=2, color='#e53935'), Destination(name='창고', goal_pose=Pose(x=0.2834625688692579, y=-6.793061814598156, qw=0.5257961572167338, qz=0.850610604834031), bell=Bells(treatment='', suction='64372cd7'), idx=3, color='#e53935'), Destination(name='소독실', goal_pose=Pose(x=-3.4045695907217928, y=-7.611793760201744, qw=0.546869706461766, qz=0.8372177280459497), bell=Bells(treatment='', suction='64492cd7'), idx=4, color='#e53935')]
2026-08-21 10:17:56.936 [session=000416] [INFO] [MainThread] 호출벨 리스트 반환: callbells={'64012cd7': {'name': '호출벨 1', 'usage': 'suction', 'destination': '로비'}, '64132cd7': {'name': '호출벨 2', 'usage': 'suction', 'destination': '수술실'}, '64252cd7': {'name': '호출벨 3', 'usage': 'suction', 'destination': '진료실'}, '64372cd7': {'name': '호출벨 4', 'usage': 'suction', 'destination': '창고'}, '64492cd7': {'name': '호출벨 5', 'usage': 'suction', 'destination': '소독실'}}, robot_usages=['treatment', 'suction']
2026-08-21 10:17:56.937 [session=000416] [INFO] [MainThread] 호출벨 리스트 로드: 5개
2026-08-21 10:17:56.937 [session=000416] [INFO] [MainThread] 호출벨 목록 동일 - UI 재생성 생략
2026-08-21 10:17:56.937 [session=000416] [INFO] [MainThread] 호출벨용 용도 목록 로드 요청
2026-08-21 10:17:56.937 [session=000416] [INFO] [MainThread] 호출벨에 용도 목록 전달: 2개
2026-08-21 10:17:56.938 [session=000416] [INFO] [MainThread] 용도 목록 로드: 2개
2026-08-21 10:17:56.938 [session=000416] [INFO] [MainThread] 목적지 목록 로드: 5개
2026-08-21 10:17:56.938 [session=000416] [INFO] [MainThread] 호출벨 관리에 목적지 목록 전달: 5개
2026-08-21 10:17:56.939 [session=000416] [INFO] [MainThread] My IP : 192.168.104.212
2026-08-21 10:17:57.096 [session=000416] [INFO] [ThreadPoolExecutor-8_0] 순차 이동 설정 저장 완료: /home/dentium/robot_GUIs/app/config/sequential_move.json
2026-08-21 10:17:59.393 [session=000416] [INFO] [MainThread] [MAIN_THREAD_HEARTBEAT] GUI main thread alive: thread=MainThread
2026-08-21 10:18:00.706 [session=000416] [INFO] [SSE-SSE_BATTERY_LOW_SHUTDOWN] [SSE_DIAG] connect attempt tag=SSE_BATTERY_LOW_SHUTDOWN, reconnect=148, url=http://localhost:8080/robot_ec2b/events/battery/low_shutdown
2026-08-21 10:18:00.727 [session=000416] [INFO] [SSE-SSE_BATTERY_LOW_SHUTDOWN] [SSE_DIAG] connected tag=SSE_BATTERY_LOW_SHUTDOWN, status=404, reason=Not Found, elapsed=0.02s, content_type=application/json, url=http://localhost:8080/robot_ec2b/events/battery/low_shutdown
2026-08-21 10:18:00.731 [session=000416] [ERROR] [SSE-SSE_BATTERY_LOW_SHUTDOWN] [SSE_DIAG] non-200 response tag=SSE_BATTERY_LOW_SHUTDOWN, status=404, reason=Not Found, url=http://localhost:8080/robot_ec2b/events/battery/low_shutdown
2026-08-21 10:18:00.732 [session=000416] [INFO] [SSE-SSE_BATTERY_LOW_SHUTDOWN] [SSE_DIAG] reconnect wait tag=SSE_BATTERY_LOW_SHUTDOWN, delay=10s, reconnect=149, reason=HTTP 404, url=http://localhost:8080/robot_ec2b/events/battery/low_shutdown
2026-08-21 10:18:04.394 [session=000416] [INFO] [MainThread] [MAIN_THREAD_HEARTBEAT] GUI main thread alive: thread=MainThread
2026-08-21 10:18:06.899 [session=000416] [DEBUG] [RestApiThread] GetCallBellFromRESTAPI 요청 시작
2026-08-21 10:18:06.905 [session=000416] [DEBUG] [RestApiThread] _get_data: 요청 시작 - tag: REST_API_TAG.GET_CALLBELL, url: http://localhost:8080/robot_ec2b/callbell
2026-08-21 10:18:06.908 [session=000416] [DEBUG] [RestApiThread] _get_data: 요청 전송 완료 - tag: REST_API_TAG.GET_CALLBELL, timeout: 30000ms
2026-08-21 10:18:06.912 [session=000416] [INFO] [MainThread] model_manager set_destinations: unchanged (5 items) - emit skipped
2026-08-21 10:18:06.914 [session=000416] [INFO] [MainThread] 홈 위치 수신: (3.12, 1.10)
2026-08-21 10:18:06.915 [session=000416] [INFO] [MainThread] 홈 위치 표시 업데이트: (894.0, 100.9)
2026-08-21 10:18:06.918 [session=000416] [INFO] [MainThread]   홈 위치 서버 → 픽셀 좌표로 변환 및 UI 업데이트: (894.0, 100.9)
2026-08-21 10:18:06.925 [session=000416] [DEBUG] [RestApiThread] _handle_response 호출됨 - tag: REST_API_TAG.GET_CALLBELL, status_code: 200
2026-08-21 10:18:06.926 [session=000416] [INFO] [ThreadPoolExecutor-5_1] 호출벨 데이터 수신: 5개
2026-08-21 10:18:06.931 [session=000416] [INFO] [MainThread] 호출벨-목적지 동기화 완료: 5개 호출벨
2026-08-21 10:18:06.932 [session=000416] [INFO] [MainThread] 목적지 리스트 반환: destinations=[Destination(name='로비', goal_pose=Pose(x=4.241336459631034, y=-2.361104203714551, qw=0.5097087478206948, qz=0.8603470185890456), bell=Bells(treatment='', suction='64012cd7'), idx=0, color='#e53935'), Destination(name='수술실', goal_pose=Pose(x=4.5199271819089395, y=-3.9219605026851503, qw=0.14533446519134308, qz=-0.9893825818294691), bell=Bells(treatment='', suction='64132cd7'), idx=1, color='#e53935'), Destination(name='진료실', goal_pose=Pose(x=0.11980823444488001, y=-3.735511450600503, qw=0.9963649848510123, qz=0.0851869530083222), bell=Bells(treatment='', suction='64252cd7'), idx=2, color='#e53935'), Destination(name='창고', goal_pose=Pose(x=0.2834625688692579, y=-6.793061814598156, qw=0.5257961572167338, qz=0.850610604834031), bell=Bells(treatment='', suction='64372cd7'), idx=3, color='#e53935'), Destination(name='소독실', goal_pose=Pose(x=-3.4045695907217928, y=-7.611793760201744, qw=0.546869706461766, qz=0.8372177280459497), bell=Bells(treatment='', suction='64492cd7'), idx=4, color='#e53935')]
2026-08-21 10:18:06.932 [session=000416] [INFO] [MainThread] 호출벨 리스트 반환: callbells={'64012cd7': {'name': '호출벨 1', 'usage': 'suction', 'destination': '로비'}, '64132cd7': {'name': '호출벨 2', 'usage': 'suction', 'destination': '수술실'}, '64252cd7': {'name': '호출벨 3', 'usage': 'suction', 'destination': '진료실'}, '64372cd7': {'name': '호출벨 4', 'usage': 'suction', 'destination': '창고'}, '64492cd7': {'name': '호출벨 5', 'usage': 'suction', 'destination': '소독실'}}, robot_usages=['treatment', 'suction']
2026-08-21 10:18:06.932 [session=000416] [INFO] [MainThread] 호출벨 리스트 로드: 5개
2026-08-21 10:18:06.933 [session=000416] [INFO] [MainThread] 호출벨 목록 동일 - UI 재생성 생략
2026-08-21 10:18:06.934 [session=000416] [INFO] [MainThread] 호출벨용 용도 목록 로드 요청
2026-08-21 10:18:06.935 [session=000416] [INFO] [MainThread] 호출벨에 용도 목록 전달: 2개
2026-08-21 10:18:06.935 [session=000416] [INFO] [MainThread] 용도 목록 로드: 2개
2026-08-21 10:18:06.935 [session=000416] [INFO] [MainThread] 목적지 목록 로드: 5개
2026-08-21 10:18:06.935 [session=000416] [INFO] [MainThread] 호출벨 관리에 목적지 목록 전달: 5개
2026-08-21 10:18:06.936 [session=000416] [INFO] [MainThread] My IP : 192.168.104.212
2026-08-21 10:18:06.938 [session=000416] [INFO] [browser-music-sync_0] [BROWSER_MUSIC_SYNC] event=catalog_fetch_started master_base_url=http://127.0.0.1:5051
2026-08-21 10:18:06.969 [session=000416] [INFO] [browser-music-sync_0] [BROWSER_MUSIC_SYNC] event=catalog_fetch_succeeded master_base_url=http://127.0.0.1:5051 item_count=3
2026-08-21 10:18:06.978 [session=000416] [INFO] [RestApiThread] [REST API] 배경 음악 GET 전송: operation=selection_get, url=http://127.0.0.1:5051/api/voice-event-settings/background-music?robot_id=robot_ec2b
2026-08-21 10:18:06.982 [session=000416] [INFO] [RestApiThread] [REST API] 배경 음악 GET 전송: operation=resolved_get, url=http://127.0.0.1:5051/api/voice-event-settings/resolved?robot_id=robot_ec2b
2026-08-21 10:18:07.003 [session=000416] [DEBUG] [RestApiThread] _handle_response 호출됨 - tag: REST_API_TAG.GET_BACKGROUND_MUSIC_SETTING, status_code: 200
2026-08-21 10:18:07.006 [session=000416] [DEBUG] [RestApiThread] _handle_response 호출됨 - tag: REST_API_TAG.GET_RESOLVED_BACKGROUND_MUSIC, status_code: 200
2026-08-21 10:18:07.096 [session=000416] [INFO] [ThreadPoolExecutor-8_0] 순차 이동 설정 저장 완료: /home/dentium/robot_GUIs/app/config/sequential_move.json
2026-08-21 10:18:09.394 [session=000416] [INFO] [MainThread] [MAIN_THREAD_HEARTBEAT] GUI main thread alive: thread=MainThread
2026-08-21 10:18:10.735 [session=000416] [INFO] [SSE-SSE_BATTERY_LOW_SHUTDOWN] [SSE_DIAG] connect attempt tag=SSE_BATTERY_LOW_SHUTDOWN, reconnect=149, url=http://localhost:8080/robot_ec2b/events/battery/low_shutdown
2026-08-21 10:18:10.750 [session=000416] [INFO] [SSE-SSE_BATTERY_LOW_SHUTDOWN] [SSE_DIAG] connected tag=SSE_BATTERY_LOW_SHUTDOWN, status=404, reason=Not Found, elapsed=0.02s, content_type=application/json, url=http://localhost:8080/robot_ec2b/events/battery/low_shutdown
2026-08-21 10:18:10.750 [session=000416] [ERROR] [SSE-SSE_BATTERY_LOW_SHUTDOWN] [SSE_DIAG] non-200 response tag=SSE_BATTERY_LOW_SHUTDOWN, status=404, reason=Not Found, url=http://localhost:8080/robot_ec2b/events/battery/low_shutdown
2026-08-21 10:18:10.752 [session=000416] [INFO] [SSE-SSE_BATTERY_LOW_SHUTDOWN] [SSE_DIAG] reconnect wait tag=SSE_BATTERY_LOW_SHUTDOWN, delay=10s, reconnect=150, reason=HTTP 404, url=http://localhost:8080/robot_ec2b/events/battery/low_shutdown
2026-08-21 10:18:14.395 [session=000416] [INFO] [MainThread] [MAIN_THREAD_HEARTBEAT] GUI main thread alive: thread=MainThread
2026-08-21 10:18:16.898 [session=000416] [DEBUG] [RestApiThread] GetCallBellFromRESTAPI 요청 시작
2026-08-21 10:18:16.903 [session=000416] [DEBUG] [RestApiThread] _get_data: 요청 시작 - tag: REST_API_TAG.GET_CALLBELL, url: http://localhost:8080/robot_ec2b/callbell
2026-08-21 10:18:16.905 [session=000416] [DEBUG] [RestApiThread] _get_data: 요청 전송 완료 - tag: REST_API_TAG.GET_CALLBELL, timeout: 30000ms
2026-08-21 10:18:16.907 [session=000416] [INFO] [RestApiThread] _handle_response (CYCLIC 정상) - tag: REST_API_TAG.GET_DESTINATIONS, status: 200, pending→3
2026-08-21 10:18:16.909 [session=000416] [INFO] [MainThread] model_manager set_destinations: unchanged (5 items) - emit skipped
2026-08-21 10:18:16.913 [session=000416] [INFO] [MainThread] 홈 위치 수신: (3.12, 1.10)
2026-08-21 10:18:16.914 [session=000416] [INFO] [MainThread] 홈 위치 표시 업데이트: (894.0, 100.9)
2026-08-21 10:18:16.913 [session=000416] [DEBUG] [RestApiThread] _handle_response 호출됨 - tag: REST_API_TAG.GET_CALLBELL, status_code: 200
2026-08-21 10:18:16.919 [session=000416] [INFO] [ThreadPoolExecutor-5_1] 호출벨 데이터 수신: 5개
2026-08-21 10:18:16.921 [session=000416] [INFO] [MainThread]   홈 위치 서버 → 픽셀 좌표로 변환 및 UI 업데이트: (894.0, 100.9)
2026-08-21 10:18:16.923 [session=000416] [INFO] [MainThread] My IP : 192.168.104.212
2026-08-21 10:18:16.925 [session=000416] [INFO] [MainThread] 호출벨-목적지 동기화 완료: 5개 호출벨
2026-08-21 10:18:16.925 [session=000416] [INFO] [MainThread] 목적지 리스트 반환: destinations=[Destination(name='로비', goal_pose=Pose(x=4.241336459631034, y=-2.361104203714551, qw=0.5097087478206948, qz=0.8603470185890456), bell=Bells(treatment='', suction='64012cd7'), idx=0, color='#e53935'), Destination(name='수술실', goal_pose=Pose(x=4.5199271819089395, y=-3.9219605026851503, qw=0.14533446519134308, qz=-0.9893825818294691), bell=Bells(treatment='', suction='64132cd7'), idx=1, color='#e53935'), Destination(name='진료실', goal_pose=Pose(x=0.11980823444488001, y=-3.735511450600503, qw=0.9963649848510123, qz=0.0851869530083222), bell=Bells(treatment='', suction='64252cd7'), idx=2, color='#e53935'), Destination(name='창고', goal_pose=Pose(x=0.2834625688692579, y=-6.793061814598156, qw=0.5257961572167338, qz=0.850610604834031), bell=Bells(treatment='', suction='64372cd7'), idx=3, color='#e53935'), Destination(name='소독실', goal_pose=Pose(x=-3.4045695907217928, y=-7.611793760201744, qw=0.546869706461766, qz=0.8372177280459497), bell=Bells(treatment='', suction='64492cd7'), idx=4, color='#e53935')]
2026-08-21 10:18:16.926 [session=000416] [INFO] [MainThread] 호출벨 리스트 반환: callbells={'64012cd7': {'name': '호출벨 1', 'usage': 'suction', 'destination': '로비'}, '64132cd7': {'name': '호출벨 2', 'usage': 'suction', 'destination': '수술실'}, '64252cd7': {'name': '호출벨 3', 'usage': 'suction', 'destination': '진료실'}, '64372cd7': {'name': '호출벨 4', 'usage': 'suction', 'destination': '창고'}, '64492cd7': {'name': '호출벨 5', 'usage': 'suction', 'destination': '소독실'}}, robot_usages=['treatment', 'suction']
2026-08-21 10:18:16.926 [session=000416] [INFO] [MainThread] 호출벨 리스트 로드: 5개
2026-08-21 10:18:16.926 [session=000416] [INFO] [MainThread] 호출벨 목록 동일 - UI 재생성 생략
2026-08-21 10:18:16.930 [session=000416] [INFO] [MainThread] 호출벨용 용도 목록 로드 요청
2026-08-21 10:18:16.930 [session=000416] [INFO] [MainThread] 호출벨에 용도 목록 전달: 2개
2026-08-21 10:18:16.930 [session=000416] [INFO] [MainThread] 용도 목록 로드: 2개
2026-08-21 10:18:16.930 [session=000416] [INFO] [MainThread] 목적지 목록 로드: 5개
2026-08-21 10:18:16.930 [session=000416] [INFO] [MainThread] 호출벨 관리에 목적지 목록 전달: 5개
2026-08-21 10:18:17.096 [session=000416] [INFO] [ThreadPoolExecutor-8_0] 순차 이동 설정 저장 완료: /home/dentium/robot_GUIs/app/config/sequential_move.json
2026-08-21 10:18:19.395 [session=000416] [INFO] [MainThread] [MAIN_THREAD_HEARTBEAT] GUI main thread alive: thread=MainThread
2026-08-21 10:18:20.756 [session=000416] [INFO] [SSE-SSE_BATTERY_LOW_SHUTDOWN] [SSE_DIAG] connect attempt tag=SSE_BATTERY_LOW_SHUTDOWN, reconnect=150, url=http://localhost:8080/robot_ec2b/events/battery/low_shutdown
2026-08-21 10:18:20.768 [session=000416] [INFO] [SSE-SSE_BATTERY_LOW_SHUTDOWN] [SSE_DIAG] connected tag=SSE_BATTERY_LOW_SHUTDOWN, status=404, reason=Not Found, elapsed=0.01s, content_type=application/json, url=http://localhost:8080/robot_ec2b/events/battery/low_shutdown
2026-08-21 10:18:20.769 [session=000416] [ERROR] [SSE-SSE_BATTERY_LOW_SHUTDOWN] [SSE_DIAG] non-200 response tag=SSE_BATTERY_LOW_SHUTDOWN, status=404, reason=Not Found, url=http://localhost:8080/robot_ec2b/events/battery/low_shutdown
2026-08-21 10:18:20.771 [session=000416] [INFO] [SSE-SSE_BATTERY_LOW_SHUTDOWN] [SSE_DIAG] reconnect wait tag=SSE_BATTERY_LOW_SHUTDOWN, delay=10s, reconnect=151, reason=HTTP 404, url=http://localhost:8080/robot_ec2b/events/battery/low_shutdown
2026-08-21 10:18:24.394 [session=000416] [INFO] [MainThread] [MAIN_THREAD_HEARTBEAT] GUI main thread alive: thread=MainThread
2026-08-21 10:18:26.900 [session=000416] [DEBUG] [RestApiThread] GetCallBellFromRESTAPI 요청 시작
2026-08-21 10:18:26.907 [session=000416] [DEBUG] [RestApiThread] _get_data: 요청 시작 - tag: REST_API_TAG.GET_CALLBELL, url: http://localhost:8080/robot_ec2b/callbell
2026-08-21 10:18:26.908 [session=000416] [DEBUG] [RestApiThread] _get_data: 요청 전송 완료 - tag: REST_API_TAG.GET_CALLBELL, timeout: 30000ms
2026-08-21 10:18:26.911 [session=000416] [INFO] [MainThread] model_manager set_destinations: unchanged (5 items) - emit skipped
2026-08-21 10:18:26.922 [session=000416] [INFO] [MainThread] 홈 위치 수신: (3.12, 1.10)
2026-08-21 10:18:26.923 [session=000416] [INFO] [MainThread] 홈 위치 표시 업데이트: (894.0, 100.9)
2026-08-21 10:18:26.925 [session=000416] [DEBUG] [RestApiThread] _handle_response 호출됨 - tag: REST_API_TAG.GET_CALLBELL, status_code: 200
2026-08-21 10:18:26.932 [session=000416] [INFO] [ThreadPoolExecutor-5_0] 호출벨 데이터 수신: 5개
2026-08-21 10:18:26.935 [session=000416] [INFO] [MainThread]   홈 위치 서버 → 픽셀 좌표로 변환 및 UI 업데이트: (894.0, 100.9)
2026-08-21 10:18:26.937 [session=000416] [INFO] [MainThread] 호출벨-목적지 동기화 완료: 5개 호출벨
2026-08-21 10:18:26.938 [session=000416] [INFO] [MainThread] 목적지 리스트 반환: destinations=[Destination(name='로비', goal_pose=Pose(x=4.241336459631034, y=-2.361104203714551, qw=0.5097087478206948, qz=0.8603470185890456), bell=Bells(treatment='', suction='64012cd7'), idx=0, color='#e53935'), Destination(name='수술실', goal_pose=Pose(x=4.5199271819089395, y=-3.9219605026851503, qw=0.14533446519134308, qz=-0.9893825818294691), bell=Bells(treatment='', suction='64132cd7'), idx=1, color='#e53935'), Destination(name='진료실', goal_pose=Pose(x=0.11980823444488001, y=-3.735511450600503, qw=0.9963649848510123, qz=0.0851869530083222), bell=Bells(treatment='', suction='64252cd7'), idx=2, color='#e53935'), Destination(name='창고', goal_pose=Pose(x=0.2834625688692579, y=-6.793061814598156, qw=0.5257961572167338, qz=0.850610604834031), bell=Bells(treatment='', suction='64372cd7'), idx=3, color='#e53935'), Destination(name='소독실', goal_pose=Pose(x=-3.4045695907217928, y=-7.611793760201744, qw=0.546869706461766, qz=0.8372177280459497), bell=Bells(treatment='', suction='64492cd7'), idx=4, color='#e53935')]
2026-08-21 10:18:26.938 [session=000416] [INFO] [MainThread] 호출벨 리스트 반환: callbells={'64012cd7': {'name': '호출벨 1', 'usage': 'suction', 'destination': '로비'}, '64132cd7': {'name': '호출벨 2', 'usage': 'suction', 'destination': '수술실'}, '64252cd7': {'name': '호출벨 3', 'usage': 'suction', 'destination': '진료실'}, '64372cd7': {'name': '호출벨 4', 'usage': 'suction', 'destination': '창고'}, '64492cd7': {'name': '호출벨 5', 'usage': 'suction', 'destination': '소독실'}}, robot_usages=['treatment', 'suction']
2026-08-21 10:18:26.938 [session=000416] [INFO] [MainThread] 호출벨 리스트 로드: 5개
2026-08-21 10:18:26.938 [session=000416] [INFO] [MainThread] 호출벨 목록 동일 - UI 재생성 생략
2026-08-21 10:18:26.938 [session=000416] [INFO] [MainThread] 호출벨용 용도 목록 로드 요청
2026-08-21 10:18:26.939 [session=000416] [INFO] [MainThread] 호출벨에 용도 목록 전달: 2개
2026-08-21 10:18:26.939 [session=000416] [INFO] [MainThread] 용도 목록 로드: 2개
2026-08-21 10:18:26.939 [session=000416] [INFO] [MainThread] 목적지 목록 로드: 5개
2026-08-21 10:18:26.939 [session=000416] [INFO] [MainThread] 호출벨 관리에 목적지 목록 전달: 5개
2026-08-21 10:18:26.940 [session=000416] [INFO] [MainThread] My IP : 192.168.104.212
2026-08-21 10:18:27.121 [session=000416] [INFO] [ThreadPoolExecutor-8_0] 순차 이동 설정 저장 완료: /home/dentium/robot_GUIs/app/config/sequential_move.json
2026-08-21 10:18:29.396 [session=000416] [INFO] [MainThread] [MAIN_THREAD_HEARTBEAT] GUI main thread alive: thread=MainThread
2026-08-21 10:18:30.773 [session=000416] [INFO] [SSE-SSE_BATTERY_LOW_SHUTDOWN] [SSE_DIAG] connect attempt tag=SSE_BATTERY_LOW_SHUTDOWN, reconnect=151, url=http://localhost:8080/robot_ec2b/events/battery/low_shutdown
2026-08-21 10:18:30.792 [session=000416] [INFO] [SSE-SSE_BATTERY_LOW_SHUTDOWN] [SSE_DIAG] connected tag=SSE_BATTERY_LOW_SHUTDOWN, status=404, reason=Not Found, elapsed=0.02s, content_type=application/json, url=http://localhost:8080/robot_ec2b/events/battery/low_shutdown
2026-08-21 10:18:30.792 [session=000416] [ERROR] [SSE-SSE_BATTERY_LOW_SHUTDOWN] [SSE_DIAG] non-200 response tag=SSE_BATTERY_LOW_SHUTDOWN, status=404, reason=Not Found, url=http://localhost:8080/robot_ec2b/events/battery/low_shutdown
2026-08-21 10:18:30.794 [session=000416] [INFO] [SSE-SSE_BATTERY_LOW_SHUTDOWN] [SSE_DIAG] reconnect wait tag=SSE_BATTERY_LOW_SHUTDOWN, delay=10s, reconnect=152, reason=HTTP 404, url=http://localhost:8080/robot_ec2b/events/battery/low_shutdown
2026-08-21 10:18:34.394 [session=000416] [INFO] [MainThread] [MAIN_THREAD_HEARTBEAT] GUI main thread alive: thread=MainThread
2026-08-21 10:18:36.901 [session=000416] [DEBUG] [RestApiThread] GetCallBellFromRESTAPI 요청 시작
2026-08-21 10:18:36.904 [session=000416] [DEBUG] [RestApiThread] _get_data: 요청 시작 - tag: REST_API_TAG.GET_CALLBELL, url: http://localhost:8080/robot_ec2b/callbell
2026-08-21 10:18:36.905 [session=000416] [DEBUG] [RestApiThread] _get_data: 요청 전송 완료 - tag: REST_API_TAG.GET_CALLBELL, timeout: 30000ms
2026-08-21 10:18:36.908 [session=000416] [INFO] [MainThread] model_manager set_destinations: unchanged (5 items) - emit skipped
2026-08-21 10:18:36.910 [session=000416] [DEBUG] [RestApiThread] _handle_response 호출됨 - tag: REST_API_TAG.GET_CALLBELL, status_code: 200
2026-08-21 10:18:36.911 [session=000416] [INFO] [MainThread] 홈 위치 수신: (3.12, 1.10)
2026-08-21 10:18:36.912 [session=000416] [INFO] [MainThread] 홈 위치 표시 업데이트: (894.0, 100.9)
2026-08-21 10:18:36.912 [session=000416] [INFO] [ThreadPoolExecutor-5_2] 호출벨 데이터 수신: 5개
2026-08-21 10:18:36.916 [session=000416] [INFO] [MainThread]   홈 위치 서버 → 픽셀 좌표로 변환 및 UI 업데이트: (894.0, 100.9)
2026-08-21 10:18:36.921 [session=000416] [INFO] [MainThread] 호출벨-목적지 동기화 완료: 5개 호출벨
2026-08-21 10:18:36.922 [session=000416] [INFO] [MainThread] 목적지 리스트 반환: destinations=[Destination(name='로비', goal_pose=Pose(x=4.241336459631034, y=-2.361104203714551, qw=0.5097087478206948, qz=0.8603470185890456), bell=Bells(treatment='', suction='64012cd7'), idx=0, color='#e53935'), Destination(name='수술실', goal_pose=Pose(x=4.5199271819089395, y=-3.9219605026851503, qw=0.14533446519134308, qz=-0.9893825818294691), bell=Bells(treatment='', suction='64132cd7'), idx=1, color='#e53935'), Destination(name='진료실', goal_pose=Pose(x=0.11980823444488001, y=-3.735511450600503, qw=0.9963649848510123, qz=0.0851869530083222), bell=Bells(treatment='', suction='64252cd7'), idx=2, color='#e53935'), Destination(name='창고', goal_pose=Pose(x=0.2834625688692579, y=-6.793061814598156, qw=0.5257961572167338, qz=0.850610604834031), bell=Bells(treatment='', suction='64372cd7'), idx=3, color='#e53935'), Destination(name='소독실', goal_pose=Pose(x=-3.4045695907217928, y=-7.611793760201744, qw=0.546869706461766, qz=0.8372177280459497), bell=Bells(treatment='', suction='64492cd7'), idx=4, color='#e53935')]
2026-08-21 10:18:36.922 [session=000416] [INFO] [MainThread] 호출벨 리스트 반환: callbells={'64012cd7': {'name': '호출벨 1', 'usage': 'suction', 'destination': '로비'}, '64132cd7': {'name': '호출벨 2', 'usage': 'suction', 'destination': '수술실'}, '64252cd7': {'name': '호출벨 3', 'usage': 'suction', 'destination': '진료실'}, '64372cd7': {'name': '호출벨 4', 'usage': 'suction', 'destination': '창고'}, '64492cd7': {'name': '호출벨 5', 'usage': 'suction', 'destination': '소독실'}}, robot_usages=['treatment', 'suction']
2026-08-21 10:18:36.923 [session=000416] [INFO] [MainThread] 호출벨 리스트 로드: 5개
2026-08-21 10:18:36.923 [session=000416] [INFO] [MainThread] 호출벨 목록 동일 - UI 재생성 생략
2026-08-21 10:18:36.924 [session=000416] [INFO] [MainThread] 호출벨용 용도 목록 로드 요청
2026-08-21 10:18:36.924 [session=000416] [INFO] [MainThread] 호출벨에 용도 목록 전달: 2개
2026-08-21 10:18:36.924 [session=000416] [INFO] [MainThread] 용도 목록 로드: 2개
2026-08-21 10:18:36.924 [session=000416] [INFO] [MainThread] 목적지 목록 로드: 5개
2026-08-21 10:18:36.925 [session=000416] [INFO] [MainThread] 호출벨 관리에 목적지 목록 전달: 5개
2026-08-21 10:18:36.932 [session=000416] [INFO] [MainThread] My IP : 192.168.104.212
2026-08-21 10:18:37.095 [session=000416] [INFO] [ThreadPoolExecutor-8_0] 순차 이동 설정 저장 완료: /home/dentium/robot_GUIs/app/config/sequential_move.json
2026-08-21 10:18:39.393 [session=000416] [INFO] [MainThread] [MAIN_THREAD_HEARTBEAT] GUI main thread alive: thread=MainThread
2026-08-21 10:18:40.796 [session=000416] [INFO] [SSE-SSE_BATTERY_LOW_SHUTDOWN] [SSE_DIAG] connect attempt tag=SSE_BATTERY_LOW_SHUTDOWN, reconnect=152, url=http://localhost:8080/robot_ec2b/events/battery/low_shutdown
2026-08-21 10:18:40.811 [session=000416] [INFO] [SSE-SSE_BATTERY_LOW_SHUTDOWN] [SSE_DIAG] connected tag=SSE_BATTERY_LOW_SHUTDOWN, status=404, reason=Not Found, elapsed=0.01s, content_type=application/json, url=http://localhost:8080/robot_ec2b/events/battery/low_shutdown
2026-08-21 10:18:40.813 [session=000416] [ERROR] [SSE-SSE_BATTERY_LOW_SHUTDOWN] [SSE_DIAG] non-200 response tag=SSE_BATTERY_LOW_SHUTDOWN, status=404, reason=Not Found, url=http://localhost:8080/robot_ec2b/events/battery/low_shutdown
2026-08-21 10:18:40.815 [session=000416] [INFO] [SSE-SSE_BATTERY_LOW_SHUTDOWN] [SSE_DIAG] reconnect wait tag=SSE_BATTERY_LOW_SHUTDOWN, delay=10s, reconnect=153, reason=HTTP 404, url=http://localhost:8080/robot_ec2b/events/battery/low_shutdown
2026-08-21 10:18:44.395 [session=000416] [INFO] [MainThread] [MAIN_THREAD_HEARTBEAT] GUI main thread alive: thread=MainThread
2026-08-21 10:18:46.897 [session=000416] [DEBUG] [RestApiThread] GetCallBellFromRESTAPI 요청 시작
2026-08-21 10:18:46.902 [session=000416] [DEBUG] [RestApiThread] _get_data: 요청 시작 - tag: REST_API_TAG.GET_CALLBELL, url: http://localhost:8080/robot_ec2b/callbell
2026-08-21 10:18:46.903 [session=000416] [DEBUG] [RestApiThread] _get_data: 요청 전송 완료 - tag: REST_API_TAG.GET_CALLBELL, timeout: 30000ms
2026-08-21 10:18:46.908 [session=000416] [INFO] [MainThread] model_manager set_destinations: unchanged (5 items) - emit skipped
2026-08-21 10:18:46.909 [session=000416] [INFO] [MainThread] 홈 위치 수신: (3.12, 1.10)
2026-08-21 10:18:46.910 [session=000416] [INFO] [MainThread] 홈 위치 표시 업데이트: (894.0, 100.9)
2026-08-21 10:18:46.910 [session=000416] [DEBUG] [RestApiThread] _handle_response 호출됨 - tag: REST_API_TAG.GET_CALLBELL, status_code: 200
2026-08-21 10:18:46.916 [session=000416] [INFO] [MainThread]   홈 위치 서버 → 픽셀 좌표로 변환 및 UI 업데이트: (894.0, 100.9)
2026-08-21 10:18:46.918 [session=000416] [INFO] [ThreadPoolExecutor-5_1] 호출벨 데이터 수신: 5개
2026-08-21 10:18:46.924 [session=000416] [INFO] [MainThread] My IP : 192.168.104.212
2026-08-21 10:18:46.929 [session=000416] [INFO] [MainThread] 호출벨-목적지 동기화 완료: 5개 호출벨
2026-08-21 10:18:46.932 [session=000416] [INFO] [browser-music-sync_0] [BROWSER_MUSIC_SYNC] event=catalog_fetch_started master_base_url=http://127.0.0.1:5051
2026-08-21 10:18:46.932 [session=000416] [INFO] [MainThread] 목적지 리스트 반환: destinations=[Destination(name='로비', goal_pose=Pose(x=4.241336459631034, y=-2.361104203714551, qw=0.5097087478206948, qz=0.8603470185890456), bell=Bells(treatment='', suction='64012cd7'), idx=0, color='#e53935'), Destination(name='수술실', goal_pose=Pose(x=4.5199271819089395, y=-3.9219605026851503, qw=0.14533446519134308, qz=-0.9893825818294691), bell=Bells(treatment='', suction='64132cd7'), idx=1, color='#e53935'), Destination(name='진료실', goal_pose=Pose(x=0.11980823444488001, y=-3.735511450600503, qw=0.9963649848510123, qz=0.0851869530083222), bell=Bells(treatment='', suction='64252cd7'), idx=2, color='#e53935'), Destination(name='창고', goal_pose=Pose(x=0.2834625688692579, y=-6.793061814598156, qw=0.5257961572167338, qz=0.850610604834031), bell=Bells(treatment='', suction='64372cd7'), idx=3, color='#e53935'), Destination(name='소독실', goal_pose=Pose(x=-3.4045695907217928, y=-7.611793760201744, qw=0.546869706461766, qz=0.8372177280459497), bell=Bells(treatment='', suction='64492cd7'), idx=4, color='#e53935')]
2026-08-21 10:18:46.937 [session=000416] [INFO] [MainThread] 호출벨 리스트 반환: callbells={'64012cd7': {'name': '호출벨 1', 'usage': 'suction', 'destination': '로비'}, '64132cd7': {'name': '호출벨 2', 'usage': 'suction', 'destination': '수술실'}, '64252cd7': {'name': '호출벨 3', 'usage': 'suction', 'destination': '진료실'}, '64372cd7': {'name': '호출벨 4', 'usage': 'suction', 'destination': '창고'}, '64492cd7': {'name': '호출벨 5', 'usage': 'suction', 'destination': '소독실'}}, robot_usages=['treatment', 'suction']
2026-08-21 10:18:46.937 [session=000416] [INFO] [MainThread] 호출벨 리스트 로드: 5개
2026-08-21 10:18:46.938 [session=000416] [INFO] [MainThread] 호출벨 목록 동일 - UI 재생성 생략
2026-08-21 10:18:46.938 [session=000416] [INFO] [MainThread] 호출벨용 용도 목록 로드 요청
2026-08-21 10:18:46.938 [session=000416] [INFO] [MainThread] 호출벨에 용도 목록 전달: 2개
2026-08-21 10:18:46.939 [session=000416] [INFO] [MainThread] 용도 목록 로드: 2개
2026-08-21 10:18:46.939 [session=000416] [INFO] [MainThread] 목적지 목록 로드: 5개
2026-08-21 10:18:46.941 [session=000416] [INFO] [MainThread] 호출벨 관리에 목적지 목록 전달: 5개
2026-08-21 10:18:46.965 [session=000416] [INFO] [browser-music-sync_0] [BROWSER_MUSIC_SYNC] event=catalog_fetch_succeeded master_base_url=http://127.0.0.1:5051 item_count=3
2026-08-21 10:18:46.987 [session=000416] [INFO] [RestApiThread] [REST API] 배경 음악 GET 전송: operation=selection_get, url=http://127.0.0.1:5051/api/voice-event-settings/background-music?robot_id=robot_ec2b
2026-08-21 10:18:46.988 [session=000416] [INFO] [RestApiThread] [REST API] 배경 음악 GET 전송: operation=resolved_get, url=http://127.0.0.1:5051/api/voice-event-settings/resolved?robot_id=robot_ec2b
2026-08-21 10:18:47.013 [session=000416] [DEBUG] [RestApiThread] _handle_response 호출됨 - tag: REST_API_TAG.GET_BACKGROUND_MUSIC_SETTING, status_code: 200
2026-08-21 10:18:47.018 [session=000416] [DEBUG] [RestApiThread] _handle_response 호출됨 - tag: REST_API_TAG.GET_RESOLVED_BACKGROUND_MUSIC, status_code: 200
2026-08-21 10:18:47.096 [session=000416] [INFO] [ThreadPoolExecutor-8_0] 순차 이동 설정 저장 완료: /home/dentium/robot_GUIs/app/config/sequential_move.json
2026-08-21 10:18:49.394 [session=000416] [INFO] [MainThread] [MAIN_THREAD_HEARTBEAT] GUI main thread alive: thread=MainThread
2026-08-21 10:18:50.819 [session=000416] [INFO] [SSE-SSE_BATTERY_LOW_SHUTDOWN] [SSE_DIAG] connect attempt tag=SSE_BATTERY_LOW_SHUTDOWN, reconnect=153, url=http://localhost:8080/robot_ec2b/events/battery/low_shutdown
2026-08-21 10:18:50.830 [session=000416] [INFO] [SSE-SSE_BATTERY_LOW_SHUTDOWN] [SSE_DIAG] connected tag=SSE_BATTERY_LOW_SHUTDOWN, status=404, reason=Not Found, elapsed=0.01s, content_type=application/json, url=http://localhost:8080/robot_ec2b/events/battery/low_shutdown
2026-08-21 10:18:50.833 [session=000416] [ERROR] [SSE-SSE_BATTERY_LOW_SHUTDOWN] [SSE_DIAG] non-200 response tag=SSE_BATTERY_LOW_SHUTDOWN, status=404, reason=Not Found, url=http://localhost:8080/robot_ec2b/events/battery/low_shutdown
2026-08-21 10:18:50.835 [session=000416] [INFO] [SSE-SSE_BATTERY_LOW_SHUTDOWN] [SSE_DIAG] reconnect wait tag=SSE_BATTERY_LOW_SHUTDOWN, delay=10s, reconnect=154, reason=HTTP 404, url=http://localhost:8080/robot_ec2b/events/battery/low_shutdown
2026-08-21 10:18:54.394 [session=000416] [INFO] [MainThread] [MAIN_THREAD_HEARTBEAT] GUI main thread alive: thread=MainThread
2026-08-21 10:18:56.896 [session=000416] [DEBUG] [RestApiThread] GetCallBellFromRESTAPI 요청 시작
2026-08-21 10:18:56.901 [session=000416] [DEBUG] [RestApiThread] _get_data: 요청 시작 - tag: REST_API_TAG.GET_CALLBELL, url: http://localhost:8080/robot_ec2b/callbell
2026-08-21 10:18:56.903 [session=000416] [DEBUG] [RestApiThread] _get_data: 요청 전송 완료 - tag: REST_API_TAG.GET_CALLBELL, timeout: 30000ms
2026-08-21 10:18:56.911 [session=000416] [INFO] [MainThread] model_manager set_destinations: unchanged (5 items) - emit skipped
2026-08-21 10:18:56.916 [session=000416] [INFO] [RestApiThread] _handle_response (CYCLIC 정상) - tag: REST_API_TAG.GET_HOME_POSE, status: 200, pending→2
2026-08-21 10:18:56.920 [session=000416] [INFO] [MainThread] 홈 위치 수신: (3.12, 1.10)
2026-08-21 10:18:56.920 [session=000416] [INFO] [MainThread] 홈 위치 표시 업데이트: (894.0, 100.9)
2026-08-21 10:18:56.923 [session=000416] [INFO] [MainThread]   홈 위치 서버 → 픽셀 좌표로 변환 및 UI 업데이트: (894.0, 100.9)
2026-08-21 10:18:56.926 [session=000416] [DEBUG] [RestApiThread] _handle_response 호출됨 - tag: REST_API_TAG.GET_CALLBELL, status_code: 200
2026-08-21 10:18:56.930 [session=000416] [INFO] [ThreadPoolExecutor-5_2] 호출벨 데이터 수신: 5개
2026-08-21 10:18:56.934 [session=000416] [INFO] [MainThread] 호출벨-목적지 동기화 완료: 5개 호출벨
2026-08-21 10:18:56.935 [session=000416] [INFO] [MainThread] 목적지 리스트 반환: destinations=[Destination(name='로비', goal_pose=Pose(x=4.241336459631034, y=-2.361104203714551, qw=0.5097087478206948, qz=0.8603470185890456), bell=Bells(treatment='', suction='64012cd7'), idx=0, color='#e53935'), Destination(name='수술실', goal_pose=Pose(x=4.5199271819089395, y=-3.9219605026851503, qw=0.14533446519134308, qz=-0.9893825818294691), bell=Bells(treatment='', suction='64132cd7'), idx=1, color='#e53935'), Destination(name='진료실', goal_pose=Pose(x=0.11980823444488001, y=-3.735511450600503, qw=0.9963649848510123, qz=0.0851869530083222), bell=Bells(treatment='', suction='64252cd7'), idx=2, color='#e53935'), Destination(name='창고', goal_pose=Pose(x=0.2834625688692579, y=-6.793061814598156, qw=0.5257961572167338, qz=0.850610604834031), bell=Bells(treatment='', suction='64372cd7'), idx=3, color='#e53935'), Destination(name='소독실', goal_pose=Pose(x=-3.4045695907217928, y=-7.611793760201744, qw=0.546869706461766, qz=0.8372177280459497), bell=Bells(treatment='', suction='64492cd7'), idx=4, color='#e53935')]
2026-08-21 10:18:56.936 [session=000416] [INFO] [MainThread] 호출벨 리스트 반환: callbells={'64012cd7': {'name': '호출벨 1', 'usage': 'suction', 'destination': '로비'}, '64132cd7': {'name': '호출벨 2', 'usage': 'suction', 'destination': '수술실'}, '64252cd7': {'name': '호출벨 3', 'usage': 'suction', 'destination': '진료실'}, '64372cd7': {'name': '호출벨 4', 'usage': 'suction', 'destination': '창고'}, '64492cd7': {'name': '호출벨 5', 'usage': 'suction', 'destination': '소독실'}}, robot_usages=['treatment', 'suction']
2026-08-21 10:18:56.937 [session=000416] [INFO] [MainThread] 호출벨 리스트 로드: 5개
2026-08-21 10:18:56.938 [session=000416] [INFO] [MainThread] 호출벨 목록 동일 - UI 재생성 생략
2026-08-21 10:18:56.939 [session=000416] [INFO] [MainThread] 호출벨용 용도 목록 로드 요청
2026-08-21 10:18:56.939 [session=000416] [INFO] [MainThread] 호출벨에 용도 목록 전달: 2개
2026-08-21 10:18:56.939 [session=000416] [INFO] [MainThread] 용도 목록 로드: 2개
2026-08-21 10:18:56.939 [session=000416] [INFO] [MainThread] 목적지 목록 로드: 5개
2026-08-21 10:18:56.939 [session=000416] [INFO] [MainThread] 호출벨 관리에 목적지 목록 전달: 5개
2026-08-21 10:18:56.940 [session=000416] [INFO] [MainThread] My IP : 192.168.104.212
2026-08-21 10:18:57.116 [session=000416] [INFO] [ThreadPoolExecutor-8_0] 순차 이동 설정 저장 완료: /home/dentium/robot_GUIs/app/config/sequential_move.json
2026-08-21 10:18:59.394 [session=000416] [INFO] [MainThread] [MAIN_THREAD_HEARTBEAT] GUI main thread alive: thread=MainThread
2026-08-21 10:19:00.837 [session=000416] [INFO] [SSE-SSE_BATTERY_LOW_SHUTDOWN] [SSE_DIAG] connect attempt tag=SSE_BATTERY_LOW_SHUTDOWN, reconnect=154, url=http://localhost:8080/robot_ec2b/events/battery/low_shutdown
2026-08-21 10:19:00.847 [session=000416] [INFO] [SSE-SSE_BATTERY_LOW_SHUTDOWN] [SSE_DIAG] connected tag=SSE_BATTERY_LOW_SHUTDOWN, status=404, reason=Not Found, elapsed=0.01s, content_type=application/json, url=http://localhost:8080/robot_ec2b/events/battery/low_shutdown
2026-08-21 10:19:00.848 [session=000416] [ERROR] [SSE-SSE_BATTERY_LOW_SHUTDOWN] [SSE_DIAG] non-200 response tag=SSE_BATTERY_LOW_SHUTDOWN, status=404, reason=Not Found, url=http://localhost:8080/robot_ec2b/events/battery/low_shutdown
2026-08-21 10:19:00.851 [session=000416] [INFO] [SSE-SSE_BATTERY_LOW_SHUTDOWN] [SSE_DIAG] reconnect wait tag=SSE_BATTERY_LOW_SHUTDOWN, delay=10s, reconnect=155, reason=HTTP 404, url=http://localhost:8080/robot_ec2b/events/battery/low_shutdown
2026-08-21 10:19:04.394 [session=000416] [INFO] [MainThread] [MAIN_THREAD_HEARTBEAT] GUI main thread alive: thread=MainThread
2026-08-21 10:19:06.898 [session=000416] [DEBUG] [RestApiThread] GetCallBellFromRESTAPI 요청 시작
2026-08-21 10:19:06.906 [session=000416] [DEBUG] [RestApiThread] _get_data: 요청 시작 - tag: REST_API_TAG.GET_CALLBELL, url: http://localhost:8080/robot_ec2b/callbell
2026-08-21 10:19:06.908 [session=000416] [DEBUG] [RestApiThread] _get_data: 요청 전송 완료 - tag: REST_API_TAG.GET_CALLBELL, timeout: 30000ms
2026-08-21 10:19:06.936 [session=000416] [INFO] [MainThread] model_manager set_destinations: unchanged (5 items) - emit skipped
2026-08-21 10:19:06.938 [session=000416] [INFO] [MainThread] 홈 위치 수신: (3.12, 1.10)
2026-08-21 10:19:06.938 [session=000416] [INFO] [MainThread] 홈 위치 표시 업데이트: (894.0, 100.9)
2026-08-21 10:19:06.940 [session=000416] [INFO] [MainThread]   홈 위치 서버 → 픽셀 좌표로 변환 및 UI 업데이트: (894.0, 100.9)
2026-08-21 10:19:06.944 [session=000416] [DEBUG] [RestApiThread] _handle_response 호출됨 - tag: REST_API_TAG.GET_CALLBELL, status_code: 200
2026-08-21 10:19:06.945 [session=000416] [INFO] [ThreadPoolExecutor-5_0] 호출벨 데이터 수신: 5개
2026-08-21 10:19:06.947 [session=000416] [INFO] [MainThread] 호출벨-목적지 동기화 완료: 5개 호출벨
2026-08-21 10:19:06.948 [session=000416] [INFO] [MainThread] 목적지 리스트 반환: destinations=[Destination(name='로비', goal_pose=Pose(x=4.241336459631034, y=-2.361104203714551, qw=0.5097087478206948, qz=0.8603470185890456), bell=Bells(treatment='', suction='64012cd7'), idx=0, color='#e53935'), Destination(name='수술실', goal_pose=Pose(x=4.5199271819089395, y=-3.9219605026851503, qw=0.14533446519134308, qz=-0.9893825818294691), bell=Bells(treatment='', suction='64132cd7'), idx=1, color='#e53935'), Destination(name='진료실', goal_pose=Pose(x=0.11980823444488001, y=-3.735511450600503, qw=0.9963649848510123, qz=0.0851869530083222), bell=Bells(treatment='', suction='64252cd7'), idx=2, color='#e53935'), Destination(name='창고', goal_pose=Pose(x=0.2834625688692579, y=-6.793061814598156, qw=0.5257961572167338, qz=0.850610604834031), bell=Bells(treatment='', suction='64372cd7'), idx=3, color='#e53935'), Destination(name='소독실', goal_pose=Pose(x=-3.4045695907217928, y=-7.611793760201744, qw=0.546869706461766, qz=0.8372177280459497), bell=Bells(treatment='', suction='64492cd7'), idx=4, color='#e53935')]
2026-08-21 10:19:06.949 [session=000416] [INFO] [MainThread] 호출벨 리스트 반환: callbells={'64012cd7': {'name': '호출벨 1', 'usage': 'suction', 'destination': '로비'}, '64132cd7': {'name': '호출벨 2', 'usage': 'suction', 'destination': '수술실'}, '64252cd7': {'name': '호출벨 3', 'usage': 'suction', 'destination': '진료실'}, '64372cd7': {'name': '호출벨 4', 'usage': 'suction', 'destination': '창고'}, '64492cd7': {'name': '호출벨 5', 'usage': 'suction', 'destination': '소독실'}}, robot_usages=['treatment', 'suction']
2026-08-21 10:19:06.950 [session=000416] [INFO] [MainThread] 호출벨 리스트 로드: 5개
2026-08-21 10:19:06.950 [session=000416] [INFO] [MainThread] 호출벨 목록 동일 - UI 재생성 생략
2026-08-21 10:19:06.950 [session=000416] [INFO] [MainThread] 호출벨용 용도 목록 로드 요청
2026-08-21 10:19:06.951 [session=000416] [INFO] [MainThread] 호출벨에 용도 목록 전달: 2개
2026-08-21 10:19:06.951 [session=000416] [INFO] [MainThread] 용도 목록 로드: 2개
2026-08-21 10:19:06.951 [session=000416] [INFO] [MainThread] 목적지 목록 로드: 5개
2026-08-21 10:19:06.952 [session=000416] [INFO] [MainThread] 호출벨 관리에 목적지 목록 전달: 5개
2026-08-21 10:19:06.958 [session=000416] [INFO] [MainThread] My IP : 192.168.104.212
2026-08-21 10:19:07.120 [session=000416] [INFO] [ThreadPoolExecutor-8_0] 순차 이동 설정 저장 완료: /home/dentium/robot_GUIs/app/config/sequential_move.json
2026-08-21 10:19:09.394 [session=000416] [INFO] [MainThread] [MAIN_THREAD_HEARTBEAT] GUI main thread alive: thread=MainThread
2026-08-21 10:19:10.852 [session=000416] [INFO] [SSE-SSE_BATTERY_LOW_SHUTDOWN] [SSE_DIAG] connect attempt tag=SSE_BATTERY_LOW_SHUTDOWN, reconnect=155, url=http://localhost:8080/robot_ec2b/events/battery/low_shutdown
2026-08-21 10:19:10.867 [session=000416] [INFO] [SSE-SSE_BATTERY_LOW_SHUTDOWN] [SSE_DIAG] connected tag=SSE_BATTERY_LOW_SHUTDOWN, status=404, reason=Not Found, elapsed=0.01s, content_type=application/json, url=http://localhost:8080/robot_ec2b/events/battery/low_shutdown
2026-08-21 10:19:10.868 [session=000416] [ERROR] [SSE-SSE_BATTERY_LOW_SHUTDOWN] [SSE_DIAG] non-200 response tag=SSE_BATTERY_LOW_SHUTDOWN, status=404, reason=Not Found, url=http://localhost:8080/robot_ec2b/events/battery/low_shutdown
2026-08-21 10:19:10.869 [session=000416] [INFO] [SSE-SSE_BATTERY_LOW_SHUTDOWN] [SSE_DIAG] reconnect wait tag=SSE_BATTERY_LOW_SHUTDOWN, delay=10s, reconnect=156, reason=HTTP 404, url=http://localhost:8080/robot_ec2b/events/battery/low_shutdown
2026-08-21 10:19:14.395 [session=000416] [INFO] [MainThread] [MAIN_THREAD_HEARTBEAT] GUI main thread alive: thread=MainThread
2026-08-21 10:19:16.897 [session=000416] [DEBUG] [RestApiThread] GetCallBellFromRESTAPI 요청 시작
2026-08-21 10:19:16.905 [session=000416] [DEBUG] [RestApiThread] _get_data: 요청 시작 - tag: REST_API_TAG.GET_CALLBELL, url: http://localhost:8080/robot_ec2b/callbell
2026-08-21 10:19:16.907 [session=000416] [DEBUG] [RestApiThread] _get_data: 요청 전송 완료 - tag: REST_API_TAG.GET_CALLBELL, timeout: 30000ms
2026-08-21 10:19:16.910 [session=000416] [INFO] [MainThread] model_manager set_destinations: unchanged (5 items) - emit skipped
2026-08-21 10:19:16.916 [session=000416] [DEBUG] [RestApiThread] _handle_response 호출됨 - tag: REST_API_TAG.GET_CALLBELL, status_code: 200
2026-08-21 10:19:16.918 [session=000416] [INFO] [ThreadPoolExecutor-5_2] 호출벨 데이터 수신: 5개
2026-08-21 10:19:16.920 [session=000416] [INFO] [MainThread] 홈 위치 수신: (3.12, 1.10)
2026-08-21 10:19:16.921 [session=000416] [INFO] [MainThread] 홈 위치 표시 업데이트: (894.0, 100.9)
2026-08-21 10:19:16.924 [session=000416] [INFO] [MainThread]   홈 위치 서버 → 픽셀 좌표로 변환 및 UI 업데이트: (894.0, 100.9)
2026-08-21 10:19:16.925 [session=000416] [INFO] [MainThread] 호출벨-목적지 동기화 완료: 5개 호출벨
2026-08-21 10:19:16.926 [session=000416] [INFO] [MainThread] 목적지 리스트 반환: destinations=[Destination(name='로비', goal_pose=Pose(x=4.241336459631034, y=-2.361104203714551, qw=0.5097087478206948, qz=0.8603470185890456), bell=Bells(treatment='', suction='64012cd7'), idx=0, color='#e53935'), Destination(name='수술실', goal_pose=Pose(x=4.5199271819089395, y=-3.9219605026851503, qw=0.14533446519134308, qz=-0.9893825818294691), bell=Bells(treatment='', suction='64132cd7'), idx=1, color='#e53935'), Destination(name='진료실', goal_pose=Pose(x=0.11980823444488001, y=-3.735511450600503, qw=0.9963649848510123, qz=0.0851869530083222), bell=Bells(treatment='', suction='64252cd7'), idx=2, color='#e53935'), Destination(name='창고', goal_pose=Pose(x=0.2834625688692579, y=-6.793061814598156, qw=0.5257961572167338, qz=0.850610604834031), bell=Bells(treatment='', suction='64372cd7'), idx=3, color='#e53935'), Destination(name='소독실', goal_pose=Pose(x=-3.4045695907217928, y=-7.611793760201744, qw=0.546869706461766, qz=0.8372177280459497), bell=Bells(treatment='', suction='64492cd7'), idx=4, color='#e53935')]
2026-08-21 10:19:16.926 [session=000416] [INFO] [MainThread] 호출벨 리스트 반환: callbells={'64012cd7': {'name': '호출벨 1', 'usage': 'suction', 'destination': '로비'}, '64132cd7': {'name': '호출벨 2', 'usage': 'suction', 'destination': '수술실'}, '64252cd7': {'name': '호출벨 3', 'usage': 'suction', 'destination': '진료실'}, '64372cd7': {'name': '호출벨 4', 'usage': 'suction', 'destination': '창고'}, '64492cd7': {'name': '호출벨 5', 'usage': 'suction', 'destination': '소독실'}}, robot_usages=['treatment', 'suction']
2026-08-21 10:19:16.926 [session=000416] [INFO] [MainThread] 호출벨 리스트 로드: 5개
2026-08-21 10:19:16.927 [session=000416] [INFO] [MainThread] 호출벨 목록 동일 - UI 재생성 생략
2026-08-21 10:19:16.927 [session=000416] [INFO] [MainThread] 호출벨용 용도 목록 로드 요청
2026-08-21 10:19:16.935 [session=000416] [INFO] [MainThread] 호출벨에 용도 목록 전달: 2개
2026-08-21 10:19:16.936 [session=000416] [INFO] [MainThread] 용도 목록 로드: 2개
2026-08-21 10:19:16.936 [session=000416] [INFO] [MainThread] 목적지 목록 로드: 5개
2026-08-21 10:19:16.936 [session=000416] [INFO] [MainThread] 호출벨 관리에 목적지 목록 전달: 5개
2026-08-21 10:19:16.938 [session=000416] [INFO] [MainThread] My IP : 192.168.104.212
2026-08-21 10:19:17.098 [session=000416] [INFO] [ThreadPoolExecutor-8_0] 순차 이동 설정 저장 완료: /home/dentium/robot_GUIs/app/config/sequential_move.json
2026-08-21 10:19:19.393 [session=000416] [INFO] [MainThread] [MAIN_THREAD_HEARTBEAT] GUI main thread alive: thread=MainThread
2026-08-21 10:19:20.871 [session=000416] [INFO] [SSE-SSE_BATTERY_LOW_SHUTDOWN] [SSE_DIAG] connect attempt tag=SSE_BATTERY_LOW_SHUTDOWN, reconnect=156, url=http://localhost:8080/robot_ec2b/events/battery/low_shutdown
2026-08-21 10:19:20.896 [session=000416] [INFO] [SSE-SSE_BATTERY_LOW_SHUTDOWN] [SSE_DIAG] connected tag=SSE_BATTERY_LOW_SHUTDOWN, status=404, reason=Not Found, elapsed=0.03s, content_type=application/json, url=http://localhost:8080/robot_ec2b/events/battery/low_shutdown
2026-08-21 10:19:20.897 [session=000416] [ERROR] [SSE-SSE_BATTERY_LOW_SHUTDOWN] [SSE_DIAG] non-200 response tag=SSE_BATTERY_LOW_SHUTDOWN, status=404, reason=Not Found, url=http://localhost:8080/robot_ec2b/events/battery/low_shutdown
2026-08-21 10:19:20.898 [session=000416] [INFO] [SSE-SSE_BATTERY_LOW_SHUTDOWN] [SSE_DIAG] reconnect wait tag=SSE_BATTERY_LOW_SHUTDOWN, delay=10s, reconnect=157, reason=HTTP 404, url=http://localhost:8080/robot_ec2b/events/battery/low_shutdown
2026-08-21 10:19:24.394 [session=000416] [INFO] [MainThread] [MAIN_THREAD_HEARTBEAT] GUI main thread alive: thread=MainThread
