시간,로봇,로봇 상태,목적지 이동 명령 상태
2026-08-18 15:48:03,robot_ec2b,LOCKED,CANCELED
2026-08-18 15:47:51,robot_ec2b,MOVING,ACTIVE
2026-08-18 15:47:51,robot_ec2b,STANDBY,ACTIVE
2026-08-18 15:47:48,robot_ec2b,STANDBY,REACHED
2026-08-18 15:47:46,robot_ec2b,LOCKED,REACHED
2026-08-18 15:47:45,robot_ec2b,MANUAL,REACHED
2026-08-18 15:47:25,robot_ec2b,MOVING,ACTIVE
2026-08-18 15:47:25,robot_ec2b,STANDBY,ACTIVE
2026-08-18 15:47:22,robot_ec2b,STANDBY,REACHED
2026-08-18 15:47:20,robot_ec2b,LOCKED,REACHED
2026-08-18 15:47:20,robot_ec2b,STANDBY,REACHED
2026-08-18 15:47:19,robot_ec2b,MOVING,REACHED
2026-08-18 15:46:54,robot_ec2b,MOVING,ACTIVE
2026-08-18 15:46:54,robot_ec2b,STANDBY,ACTIVE
2026-08-18 15:46:51,robot_ec2b,STANDBY,REACHED
2026-08-18 15:46:49,robot_ec2b,LOCKED,REACHED
2026-08-18 15:46:49,robot_ec2b,MANUAL,REACHED
2026-08-18 15:46:28,robot_ec2b,MOVING,ACTIVE
2026-08-18 15:46:26,robot_ec2b,STANDBY,REACHED
2026-08-18 15:46:23,robot_ec2b,LOCKED,REACHED
2026-08-18 15:46:23,robot_ec2b,MANUAL,REACHED
2026-08-18 15:45:56,robot_ec2b,MOVING,ACTIVE
2026-08-18 15:45:56,robot_ec2b,STANDBY,ACTIVE
2026-08-18 15:45:53,robot_ec2b,STANDBY,REACHED
2026-08-18 15:45:51,robot_ec2b,LOCKED,REACHED
2026-08-18 15:45:51,robot_ec2b,MANUAL,REACHED
2026-08-18 15:45:31,robot_ec2b,MOVING,ACTIVE
2026-08-18 15:45:31,robot_ec2b,STANDBY,ACTIVE
2026-08-18 15:45:28,robot_ec2b,STANDBY,REACHED
2026-08-18 15:45:26,robot_ec2b,LOCKED,REACHED
2026-08-18 15:45:25,robot_ec2b,MOVING,REACHED
2026-08-18 15:45:01,robot_ec2b,MOVING,ACTIVE
2026-08-18 15:45:01,robot_ec2b,STANDBY,ACTIVE
2026-08-18 15:44:58,robot_ec2b,STANDBY,REACHED
2026-08-18 15:44:56,robot_ec2b,LOCKED,REACHED
2026-08-18 15:44:55,robot_ec2b,MOVING,REACHED
2026-08-18 15:44:35,robot_ec2b,MOVING,ACTIVE
2026-08-18 15:44:35,robot_ec2b,STANDBY,ACTIVE
2026-08-18 15:44:32,robot_ec2b,STANDBY,REACHED
2026-08-18 15:44:30,robot_ec2b,LOCKED,REACHED
2026-08-18 15:44:29,robot_ec2b,MOVING,REACHED
2026-08-18 15:44:01,robot_ec2b,MOVING,ACTIVE
2026-08-18 15:44:01,robot_ec2b,STANDBY,ACTIVE
2026-08-18 15:43:58,robot_ec2b,STANDBY,REACHED
2026-08-18 15:43:56,robot_ec2b,LOCKED,REACHED
2026-08-18 15:43:55,robot_ec2b,MANUAL,REACHED
2026-08-18 15:43:35,robot_ec2b,MOVING,ACTIVE
2026-08-18 15:43:35,robot_ec2b,STANDBY,ACTIVE
2026-08-18 15:43:32,robot_ec2b,STANDBY,REACHED
2026-08-18 15:43:30,robot_ec2b,LOCKED,REACHED
2026-08-18 15:43:29,robot_ec2b,MOVING,REACHED
2026-08-18 15:43:08,robot_ec2b,MOVING,ACTIVE
2026-08-18 15:43:08,robot_ec2b,STANDBY,ACTIVE
2026-08-18 15:43:05,robot_ec2b,STANDBY,REACHED
2026-08-18 15:43:03,robot_ec2b,LOCKED,REACHED
2026-08-18 15:43:02,robot_ec2b,STANDBY,REACHED
2026-08-18 15:43:02,robot_ec2b,MOVING,REACHED
2026-08-18 15:42:41,robot_ec2b,MOVING,ACTIVE
2026-08-18 15:42:39,robot_ec2b,STANDBY,REACHED
2026-08-18 15:42:36,robot_ec2b,LOCKED,REACHED
2026-08-18 15:42:36,robot_ec2b,STANDBY,REACHED
2026-08-18 15:42:35,robot_ec2b,MOVING,REACHED
2026-08-18 15:42:09,robot_ec2b,MOVING,ACTIVE
2026-08-18 15:42:08,robot_ec2b,STANDBY,ACTIVE
2026-08-18 15:42:06,robot_ec2b,STANDBY,REACHED
2026-08-18 15:42:03,robot_ec2b,LOCKED,REACHED
2026-08-18 15:42:03,robot_ec2b,STANDBY,REACHED
2026-08-18 15:42:02,robot_ec2b,MOVING,REACHED
2026-08-18 15:41:43,robot_ec2b,MOVING,ACTIVE
2026-08-18 15:41:42,robot_ec2b,STANDBY,ACTIVE
2026-08-18 15:41:40,robot_ec2b,STANDBY,REACHED
2026-08-18 15:41:37,robot_ec2b,LOCKED,REACHED
2026-08-18 15:41:37,robot_ec2b,MANUAL,REACHED
2026-08-18 15:41:12,robot_ec2b,MOVING,ACTIVE
2026-08-18 15:41:12,robot_ec2b,STANDBY,ACTIVE
2026-08-18 15:41:10,robot_ec2b,STANDBY,REACHED
2026-08-18 15:41:07,robot_ec2b,LOCKED,REACHED
2026-08-18 15:41:07,robot_ec2b,MOVING,REACHED
2026-08-18 15:40:47,robot_ec2b,MOVING,ACTIVE
2026-08-18 15:40:46,robot_ec2b,STANDBY,ACTIVE
2026-08-18 15:40:44,robot_ec2b,STANDBY,REACHED
2026-08-18 15:40:41,robot_ec2b,LOCKED,REACHED
2026-08-18 15:40:41,robot_ec2b,STANDBY,REACHED
2026-08-18 15:40:40,robot_ec2b,MOVING,REACHED
2026-08-18 15:40:16,robot_ec2b,MOVING,ACTIVE
2026-08-18 15:40:16,robot_ec2b,STANDBY,ACTIVE
2026-08-18 15:40:13,robot_ec2b,STANDBY,REACHED
2026-08-18 15:40:11,robot_ec2b,LOCKED,REACHED
2026-08-18 15:40:11,robot_ec2b,MANUAL,REACHED
2026-08-18 15:39:50,robot_ec2b,MOVING,ACTIVE
2026-08-18 15:39:48,robot_ec2b,STANDBY,REACHED
2026-08-18 15:39:45,robot_ec2b,LOCKED,REACHED
2026-08-18 15:39:45,robot_ec2b,STANDBY,REACHED
2026-08-18 15:39:44,robot_ec2b,MOVING,REACHED
2026-08-18 15:39:23,robot_ec2b,MOVING,ACTIVE
2026-08-18 15:39:21,robot_ec2b,STANDBY,REACHED
2026-08-18 15:39:18,robot_ec2b,LOCKED,REACHED
2026-08-18 15:39:17,robot_ec2b,STANDBY,REACHED
2026-08-18 15:39:17,robot_ec2b,MOVING,REACHED
2026-08-18 15:38:57,robot_ec2b,MOVING,ACTIVE
2026-08-18 15:38:56,robot_ec2b,STANDBY,ACTIVE
2026-08-18 15:38:54,robot_ec2b,STANDBY,REACHED
2026-08-18 15:38:51,robot_ec2b,LOCKED,REACHED
2026-08-18 15:38:51,robot_ec2b,MOVING,REACHED
2026-08-18 15:38:29,robot_ec2b,MOVING,ACTIVE
2026-08-18 15:38:28,robot_ec2b,STANDBY,ACTIVE
2026-08-18 15:38:26,robot_ec2b,STANDBY,REACHED
2026-08-18 15:38:23,robot_ec2b,LOCKED,REACHED
2026-08-18 15:38:23,robot_ec2b,MANUAL,REACHED
2026-08-18 15:38:02,robot_ec2b,MOVING,ACTIVE
2026-08-18 15:38:01,robot_ec2b,STANDBY,ACTIVE
2026-08-18 15:37:59,robot_ec2b,STANDBY,REACHED
2026-08-18 15:37:56,robot_ec2b,LOCKED,REACHED
2026-08-18 15:37:55,robot_ec2b,STANDBY,REACHED
2026-08-18 15:37:55,robot_ec2b,MOVING,REACHED
2026-08-18 15:37:29,robot_ec2b,MOVING,ACTIVE
2026-08-18 15:37:27,robot_ec2b,STANDBY,REACHED
2026-08-18 15:37:24,robot_ec2b,LOCKED,REACHED
2026-08-18 15:37:24,robot_ec2b,STANDBY,REACHED
2026-08-18 15:37:23,robot_ec2b,MANUAL,REACHED
2026-08-18 15:37:01,robot_ec2b,MOVING,ACTIVE
2026-08-18 15:37:01,robot_ec2b,STANDBY,ACTIVE
2026-08-18 15:36:58,robot_ec2b,STANDBY,REACHED
2026-08-18 15:36:56,robot_ec2b,LOCKED,REACHED
2026-08-18 15:36:55,robot_ec2b,MANUAL,REACHED
2026-08-18 15:36:26,robot_ec2b,MOVING,ACTIVE
2026-08-18 15:36:26,robot_ec2b,STANDBY,ACTIVE
2026-08-18 15:36:23,robot_ec2b,STANDBY,REACHED
2026-08-18 15:36:21,robot_ec2b,LOCKED,REACHED
2026-08-18 15:36:20,robot_ec2b,STANDBY,REACHED
2026-08-18 15:36:20,robot_ec2b,MANUAL,REACHED
2026-08-18 15:35:59,robot_ec2b,MOVING,ACTIVE
2026-08-18 15:35:59,robot_ec2b,STANDBY,ACTIVE
2026-08-18 15:35:56,robot_ec2b,STANDBY,REACHED
2026-08-18 15:35:54,robot_ec2b,LOCKED,REACHED
2026-08-18 15:35:53,robot_ec2b,STANDBY,REACHED
2026-08-18 15:35:53,robot_ec2b,MOVING,REACHED
2026-08-18 15:35:32,robot_ec2b,MOVING,ACTIVE
2026-08-18 15:35:32,robot_ec2b,STANDBY,ACTIVE
2026-08-18 15:35:29,robot_ec2b,STANDBY,REACHED
2026-08-18 15:35:27,robot_ec2b,LOCKED,REACHED
2026-08-18 15:35:27,robot_ec2b,STANDBY,REACHED
2026-08-18 15:35:26,robot_ec2b,MOVING,REACHED
2026-08-18 15:35:06,robot_ec2b,MOVING,ACTIVE
2026-08-18 15:35:06,robot_ec2b,STANDBY,ACTIVE
2026-08-18 15:35:04,robot_ec2b,STANDBY,REACHED
2026-08-18 15:35:01,robot_ec2b,LOCKED,REACHED
2026-08-18 15:35:01,robot_ec2b,STANDBY,REACHED
2026-08-18 15:35:00,robot_ec2b,MOVING,REACHED
2026-08-18 15:34:41,robot_ec2b,MOVING,ACTIVE
2026-08-18 15:34:40,robot_ec2b,STANDBY,ACTIVE
2026-08-18 15:34:38,robot_ec2b,STANDBY,REACHED
2026-08-18 15:34:35,robot_ec2b,LOCKED,REACHED
2026-08-18 15:34:35,robot_ec2b,STANDBY,REACHED
2026-08-18 15:34:34,robot_ec2b,MOVING,REACHED
2026-08-18 15:34:15,robot_ec2b,MOVING,ACTIVE
2026-08-18 15:34:14,robot_ec2b,STANDBY,ACTIVE
2026-08-18 15:34:12,robot_ec2b,STANDBY,REACHED
2026-08-18 15:34:09,robot_ec2b,LOCKED,REACHED
2026-08-18 15:34:09,robot_ec2b,MOVING,REACHED
2026-08-18 15:33:49,robot_ec2b,MOVING,ACTIVE
2026-08-18 15:33:48,robot_ec2b,STANDBY,ACTIVE
2026-08-18 15:33:46,robot_ec2b,STANDBY,REACHED
2026-08-18 15:33:43,robot_ec2b,LOCKED,REACHED
2026-08-18 15:33:43,robot_ec2b,STANDBY,REACHED
2026-08-18 15:33:42,robot_ec2b,MANUAL,REACHED
2026-08-18 15:33:22,robot_ec2b,MOVING,ACTIVE
2026-08-18 15:33:21,robot_ec2b,STANDBY,ACTIVE
2026-08-18 15:33:19,robot_ec2b,STANDBY,REACHED
2026-08-18 15:33:16,robot_ec2b,LOCKED,REACHED
2026-08-18 15:33:16,robot_ec2b,MOVING,REACHED
2026-08-18 15:32:56,robot_ec2b,MOVING,ACTIVE
2026-08-18 15:32:55,robot_ec2b,STANDBY,ACTIVE
2026-08-18 15:32:53,robot_ec2b,STANDBY,REACHED
2026-08-18 15:32:51,robot_ec2b,LOCKED,REACHED
2026-08-18 15:32:50,robot_ec2b,STANDBY,REACHED
2026-08-18 15:32:50,robot_ec2b,MANUAL,REACHED
2026-08-18 15:32:49,robot_ec2b,MOVING,REACHED
2026-08-18 15:32:30,robot_ec2b,MOVING,ACTIVE
2026-08-18 15:32:27,robot_ec2b,STANDBY,REACHED
2026-08-18 15:32:25,robot_ec2b,LOCKED,REACHED
2026-08-18 15:32:24,robot_ec2b,MANUAL,REACHED
2026-08-18 15:32:00,robot_ec2b,MOVING,ACTIVE
2026-08-18 15:32:00,robot_ec2b,STANDBY,ACTIVE
2026-08-18 15:31:57,robot_ec2b,STANDBY,REACHED
2026-08-18 15:31:55,robot_ec2b,LOCKED,REACHED
2026-08-18 15:31:54,robot_ec2b,STANDBY,REACHED
2026-08-18 15:31:54,robot_ec2b,MANUAL,REACHED
2026-08-18 15:31:34,robot_ec2b,MOVING,ACTIVE
2026-08-18 15:31:33,robot_ec2b,STANDBY,ACTIVE
2026-08-18 15:31:31,robot_ec2b,STANDBY,REACHED
2026-08-18 15:31:29,robot_ec2b,LOCKED,REACHED
2026-08-18 15:31:28,robot_ec2b,MANUAL,REACHED
2026-08-18 15:31:04,robot_ec2b,MOVING,ACTIVE
2026-08-18 15:31:03,robot_ec2b,STANDBY,ACTIVE
2026-08-18 15:31:01,robot_ec2b,STANDBY,REACHED
2026-08-18 15:30:58,robot_ec2b,LOCKED,REACHED
2026-08-18 15:30:38,robot_ec2b,MOVING,ACTIVE
2026-08-18 15:30:37,robot_ec2b,STANDBY,ACTIVE
2026-08-18 15:30:35,robot_ec2b,STANDBY,REACHED
2026-08-18 15:30:33,robot_ec2b,LOCKED,REACHED
2026-08-18 15:30:32,robot_ec2b,STANDBY,REACHED
2026-08-18 15:30:05,robot_ec2b,MOVING,ACTIVE
2026-08-18 15:30:04,robot_ec2b,STANDBY,ACTIVE
2026-08-18 15:30:02,robot_ec2b,STANDBY,REACHED
2026-08-18 15:30:00,robot_ec2b,LOCKED,REACHED
2026-08-18 15:29:59,robot_ec2b,STANDBY,REACHED
2026-08-18 15:29:59,robot_ec2b,MANUAL,REACHED
2026-08-18 15:29:58,robot_ec2b,MOVING,REACHED
2026-08-18 15:29:39,robot_ec2b,MOVING,ACTIVE
2026-08-18 15:29:38,robot_ec2b,STANDBY,ACTIVE
2026-08-18 15:29:36,robot_ec2b,STANDBY,REACHED
2026-08-18 15:29:33,robot_ec2b,LOCKED,REACHED
2026-08-18 15:29:13,robot_ec2b,MOVING,ACTIVE
2026-08-18 15:29:12,robot_ec2b,STANDBY,ACTIVE
2026-08-18 15:29:10,robot_ec2b,STANDBY,REACHED
2026-08-18 15:29:08,robot_ec2b,LOCKED,REACHED
2026-08-18 15:29:07,robot_ec2b,STANDBY,REACHED
2026-08-18 15:29:07,robot_ec2b,MANUAL,REACHED
2026-08-18 15:29:06,robot_ec2b,MOVING,REACHED
2026-08-18 15:28:47,robot_ec2b,MOVING,ACTIVE
2026-08-18 15:28:44,robot_ec2b,STANDBY,REACHED
2026-08-18 15:28:42,robot_ec2b,LOCKED,REACHED
2026-08-18 15:28:41,robot_ec2b,MANUAL,REACHED
2026-08-18 15:28:17,robot_ec2b,MOVING,ACTIVE
2026-08-18 15:28:17,robot_ec2b,STANDBY,ACTIVE
2026-08-18 15:28:14,robot_ec2b,STANDBY,REACHED
2026-08-18 15:28:12,robot_ec2b,LOCKED,REACHED
2026-08-18 15:28:11,robot_ec2b,STANDBY,REACHED
2026-08-18 15:28:11,robot_ec2b,MANUAL,REACHED
2026-08-18 15:27:51,robot_ec2b,MOVING,ACTIVE
2026-08-18 15:27:51,robot_ec2b,STANDBY,ACTIVE
2026-08-18 15:27:48,robot_ec2b,STANDBY,REACHED
2026-08-18 15:27:46,robot_ec2b,LOCKED,REACHED
2026-08-18 15:27:45,robot_ec2b,MANUAL,REACHED
2026-08-18 15:27:21,robot_ec2b,MOVING,ACTIVE
2026-08-18 15:27:21,robot_ec2b,STANDBY,ACTIVE
2026-08-18 15:27:18,robot_ec2b,STANDBY,REACHED
2026-08-18 15:27:16,robot_ec2b,LOCKED,REACHED
2026-08-18 15:27:15,robot_ec2b,MOVING,REACHED
2026-08-18 15:26:55,robot_ec2b,MOVING,ACTIVE
2026-08-18 15:26:55,robot_ec2b,STANDBY,ACTIVE
2026-08-18 15:26:52,robot_ec2b,STANDBY,REACHED
2026-08-18 15:26:50,robot_ec2b,LOCKED,REACHED
2026-08-18 15:26:49,robot_ec2b,MOVING,REACHED
2026-08-18 15:26:26,robot_ec2b,MOVING,ACTIVE
2026-08-18 15:26:26,robot_ec2b,STANDBY,ACTIVE
2026-08-18 15:26:23,robot_ec2b,STANDBY,REACHED
2026-08-18 15:26:21,robot_ec2b,LOCKED,REACHED
2026-08-18 15:26:21,robot_ec2b,STANDBY,REACHED
2026-08-18 15:26:20,robot_ec2b,MOVING,REACHED
2026-08-18 15:26:00,robot_ec2b,MOVING,ACTIVE
2026-08-18 15:26:00,robot_ec2b,STANDBY,ACTIVE
2026-08-18 15:25:58,robot_ec2b,STANDBY,REACHED
2026-08-18 15:25:55,robot_ec2b,LOCKED,REACHED
2026-08-18 15:25:55,robot_ec2b,STANDBY,REACHED
2026-08-18 15:25:54,robot_ec2b,MOVING,REACHED
2026-08-18 15:25:29,robot_ec2b,MOVING,ACTIVE
2026-08-18 15:25:27,robot_ec2b,STANDBY,REACHED
2026-08-18 15:25:24,robot_ec2b,LOCKED,REACHED
2026-08-18 15:25:24,robot_ec2b,MANUAL,REACHED
2026-08-18 15:25:04,robot_ec2b,MOVING,ACTIVE
2026-08-18 15:25:03,robot_ec2b,STANDBY,ACTIVE
2026-08-18 15:25:01,robot_ec2b,STANDBY,REACHED
2026-08-18 15:24:58,robot_ec2b,LOCKED,REACHED
2026-08-18 15:24:58,robot_ec2b,MANUAL,REACHED
2026-08-18 15:24:27,robot_ec2b,MOVING,ACTIVE
2026-08-18 15:24:26,robot_ec2b,STANDBY,ACTIVE
2026-08-18 15:24:24,robot_ec2b,STANDBY,REACHED
2026-08-18 15:24:21,robot_ec2b,LOCKED,REACHED
2026-08-18 15:24:21,robot_ec2b,STANDBY,REACHED
2026-08-18 15:24:20,robot_ec2b,MOVING,REACHED
2026-08-18 15:24:01,robot_ec2b,MOVING,ACTIVE
2026-08-18 15:24:00,robot_ec2b,STANDBY,ACTIVE
2026-08-18 15:23:58,robot_ec2b,STANDBY,REACHED
2026-08-18 15:23:55,robot_ec2b,LOCKED,REACHED
2026-08-18 15:23:55,robot_ec2b,MOVING,REACHED
2026-08-18 15:23:32,robot_ec2b,MOVING,ACTIVE
2026-08-18 15:23:30,robot_ec2b,STANDBY,REACHED
2026-08-18 15:23:27,robot_ec2b,LOCKED,REACHED
2026-08-18 15:23:27,robot_ec2b,MOVING,REACHED
2026-08-18 15:23:07,robot_ec2b,MOVING,ACTIVE
2026-08-18 15:23:06,robot_ec2b,STANDBY,ACTIVE
2026-08-18 15:23:04,robot_ec2b,STANDBY,REACHED
2026-08-18 15:23:01,robot_ec2b,LOCKED,REACHED
2026-08-18 15:23:01,robot_ec2b,STANDBY,REACHED
2026-08-18 15:23:00,robot_ec2b,MOVING,REACHED
2026-08-18 15:22:37,robot_ec2b,MOVING,ACTIVE
2026-08-18 15:22:36,robot_ec2b,STANDBY,ACTIVE
2026-08-18 15:22:34,robot_ec2b,STANDBY,REACHED
2026-08-18 15:22:31,robot_ec2b,LOCKED,REACHED
2026-08-18 15:22:31,robot_ec2b,MANUAL,REACHED
2026-08-18 15:22:11,robot_ec2b,MOVING,ACTIVE
2026-08-18 15:22:10,robot_ec2b,STANDBY,ACTIVE
2026-08-18 15:22:08,robot_ec2b,STANDBY,REACHED
2026-08-18 15:22:05,robot_ec2b,LOCKED,REACHED
2026-08-18 15:22:05,robot_ec2b,MANUAL,REACHED
2026-08-18 15:21:43,robot_ec2b,MOVING,ACTIVE
2026-08-18 15:21:42,robot_ec2b,STANDBY,ACTIVE
2026-08-18 15:21:40,robot_ec2b,STANDBY,REACHED
2026-08-18 15:21:38,robot_ec2b,LOCKED,REACHED
2026-08-18 15:21:37,robot_ec2b,STANDBY,REACHED
2026-08-18 15:21:36,robot_ec2b,MOVING,REACHED
2026-08-18 15:21:16,robot_ec2b,MOVING,ACTIVE
2026-08-18 15:21:13,robot_ec2b,STANDBY,REACHED
2026-08-18 15:21:11,robot_ec2b,LOCKED,REACHED
2026-08-18 15:21:10,robot_ec2b,MANUAL,REACHED
2026-08-18 15:20:46,robot_ec2b,MOVING,ACTIVE
2026-08-18 15:20:46,robot_ec2b,STANDBY,ACTIVE
2026-08-18 15:20:43,robot_ec2b,STANDBY,REACHED
2026-08-18 15:20:41,robot_ec2b,LOCKED,REACHED
2026-08-18 15:20:40,robot_ec2b,MANUAL,REACHED
2026-08-18 15:20:20,robot_ec2b,MOVING,ACTIVE
2026-08-18 15:20:20,robot_ec2b,STANDBY,ACTIVE
2026-08-18 15:20:17,robot_ec2b,STANDBY,REACHED
2026-08-18 15:20:15,robot_ec2b,LOCKED,REACHED
2026-08-18 15:20:14,robot_ec2b,STANDBY,REACHED
2026-08-18 15:20:14,robot_ec2b,MANUAL,REACHED
2026-08-18 15:19:50,robot_ec2b,MOVING,ACTIVE
2026-08-18 15:19:50,robot_ec2b,STANDBY,ACTIVE
2026-08-18 15:19:47,robot_ec2b,STANDBY,REACHED
2026-08-18 15:19:45,robot_ec2b,LOCKED,REACHED
2026-08-18 15:19:44,robot_ec2b,STANDBY,REACHED
2026-08-18 15:19:44,robot_ec2b,MANUAL,REACHED
2026-08-18 15:19:24,robot_ec2b,MOVING,ACTIVE
2026-08-18 15:19:24,robot_ec2b,STANDBY,ACTIVE
2026-08-18 15:19:21,robot_ec2b,STANDBY,REACHED
2026-08-18 15:19:19,robot_ec2b,LOCKED,REACHED
2026-08-18 15:19:18,robot_ec2b,MOVING,REACHED
2026-08-18 15:18:55,robot_ec2b,MOVING,ACTIVE
2026-08-18 15:18:52,robot_ec2b,STANDBY,REACHED
2026-08-18 15:18:50,robot_ec2b,LOCKED,REACHED
2026-08-18 15:18:49,robot_ec2b,MOVING,REACHED
2026-08-18 15:18:29,robot_ec2b,MOVING,ACTIVE
2026-08-18 15:18:29,robot_ec2b,STANDBY,ACTIVE
2026-08-18 15:18:26,robot_ec2b,STANDBY,REACHED
2026-08-18 15:18:24,robot_ec2b,LOCKED,REACHED
2026-08-18 15:18:23,robot_ec2b,MANUAL,REACHED
2026-08-18 15:17:56,robot_ec2b,MOVING,ACTIVE
2026-08-18 15:17:56,robot_ec2b,STANDBY,ACTIVE
2026-08-18 15:17:53,robot_ec2b,STANDBY,REACHED
2026-08-18 15:17:51,robot_ec2b,LOCKED,REACHED
2026-08-18 15:17:50,robot_ec2b,STANDBY,REACHED
2026-08-18 15:17:50,robot_ec2b,MOVING,REACHED
2026-08-18 15:17:30,robot_ec2b,MOVING,ACTIVE
2026-08-18 15:17:30,robot_ec2b,STANDBY,ACTIVE
2026-08-18 15:17:27,robot_ec2b,STANDBY,REACHED
2026-08-18 15:17:25,robot_ec2b,LOCKED,REACHED
2026-08-18 15:17:25,robot_ec2b,MANUAL,REACHED
2026-08-18 15:17:00,robot_ec2b,MOVING,ACTIVE
2026-08-18 15:17:00,robot_ec2b,STANDBY,ACTIVE
2026-08-18 15:16:57,robot_ec2b,STANDBY,REACHED
2026-08-18 15:16:55,robot_ec2b,LOCKED,REACHED
2026-08-18 15:16:55,robot_ec2b,STANDBY,REACHED
2026-08-18 15:16:54,robot_ec2b,MANUAL,REACHED
2026-08-18 15:16:35,robot_ec2b,MOVING,ACTIVE
2026-08-18 15:16:34,robot_ec2b,STANDBY,ACTIVE
2026-08-18 15:16:32,robot_ec2b,STANDBY,REACHED
2026-08-18 15:16:29,robot_ec2b,LOCKED,REACHED
2026-08-18 15:16:29,robot_ec2b,STANDBY,REACHED
2026-08-18 15:16:28,robot_ec2b,MANUAL,REACHED
2026-08-18 15:16:02,robot_ec2b,MOVING,ACTIVE
2026-08-18 15:16:02,robot_ec2b,STANDBY,ACTIVE
2026-08-18 15:15:59,robot_ec2b,STANDBY,REACHED
2026-08-18 15:15:57,robot_ec2b,LOCKED,REACHED
2026-08-18 15:15:57,robot_ec2b,MOVING,REACHED
2026-08-18 15:15:36,robot_ec2b,MOVING,ACTIVE
2026-08-18 15:15:34,robot_ec2b,STANDBY,REACHED
2026-08-18 15:15:31,robot_ec2b,LOCKED,REACHED
2026-08-18 15:15:31,robot_ec2b,STANDBY,REACHED
2026-08-18 15:15:30,robot_ec2b,MOVING,REACHED
2026-08-18 15:15:09,robot_ec2b,MOVING,ACTIVE
2026-08-18 15:15:08,robot_ec2b,STANDBY,ACTIVE
2026-08-18 15:15:06,robot_ec2b,STANDBY,REACHED
2026-08-18 15:15:03,robot_ec2b,LOCKED,REACHED
2026-08-18 15:15:03,robot_ec2b,MANUAL,REACHED
2026-08-18 15:14:43,robot_ec2b,MOVING,ACTIVE
2026-08-18 15:14:42,robot_ec2b,STANDBY,ACTIVE
2026-08-18 15:14:40,robot_ec2b,STANDBY,REACHED
2026-08-18 15:14:37,robot_ec2b,LOCKED,REACHED
2026-08-18 15:14:37,robot_ec2b,MOVING,REACHED
2026-08-18 15:14:15,robot_ec2b,MOVING,ACTIVE
2026-08-18 15:14:14,robot_ec2b,STANDBY,ACTIVE
2026-08-18 15:14:12,robot_ec2b,STANDBY,REACHED
2026-08-18 15:14:09,robot_ec2b,LOCKED,REACHED
2026-08-18 15:14:09,robot_ec2b,MOVING,REACHED
2026-08-18 15:13:49,robot_ec2b,MOVING,ACTIVE
2026-08-18 15:13:48,robot_ec2b,STANDBY,ACTIVE
2026-08-18 15:13:46,robot_ec2b,STANDBY,REACHED
2026-08-18 15:13:43,robot_ec2b,LOCKED,REACHED
2026-08-18 15:13:43,robot_ec2b,STANDBY,REACHED
2026-08-18 15:13:42,robot_ec2b,MOVING,REACHED
2026-08-18 15:13:18,robot_ec2b,MOVING,ACTIVE
2026-08-18 15:13:17,robot_ec2b,STANDBY,ACTIVE
2026-08-18 15:13:15,robot_ec2b,STANDBY,REACHED
2026-08-18 15:13:12,robot_ec2b,LOCKED,REACHED
2026-08-18 15:13:12,robot_ec2b,MOVING,REACHED
2026-08-18 15:12:52,robot_ec2b,MOVING,ACTIVE
2026-08-18 15:12:51,robot_ec2b,STANDBY,ACTIVE
2026-08-18 15:12:49,robot_ec2b,STANDBY,REACHED
2026-08-18 15:12:46,robot_ec2b,LOCKED,REACHED
2026-08-18 15:12:46,robot_ec2b,MOVING,REACHED
2026-08-18 15:12:22,robot_ec2b,MOVING,ACTIVE
2026-08-18 15:12:21,robot_ec2b,STANDBY,ACTIVE
2026-08-18 15:12:19,robot_ec2b,STANDBY,REACHED
2026-08-18 15:12:16,robot_ec2b,LOCKED,REACHED
2026-08-18 15:12:16,robot_ec2b,MOVING,REACHED
2026-08-18 15:11:56,robot_ec2b,MOVING,ACTIVE
2026-08-18 15:11:55,robot_ec2b,STANDBY,ACTIVE
2026-08-18 15:11:53,robot_ec2b,STANDBY,REACHED
2026-08-18 15:11:51,robot_ec2b,LOCKED,REACHED
2026-08-18 15:11:50,robot_ec2b,STANDBY,REACHED
2026-08-18 15:11:49,robot_ec2b,MOVING,REACHED
2026-08-18 15:11:26,robot_ec2b,MOVING,ACTIVE
2026-08-18 15:11:25,robot_ec2b,STANDBY,ACTIVE
2026-08-18 15:11:23,robot_ec2b,STANDBY,REACHED
2026-08-18 15:11:21,robot_ec2b,LOCKED,REACHED
2026-08-18 15:11:20,robot_ec2b,STANDBY,REACHED
2026-08-18 15:11:20,robot_ec2b,MANUAL,REACHED
2026-08-18 15:11:00,robot_ec2b,MOVING,ACTIVE
2026-08-18 15:10:59,robot_ec2b,STANDBY,ACTIVE
2026-08-18 15:10:57,robot_ec2b,STANDBY,REACHED
2026-08-18 15:10:55,robot_ec2b,LOCKED,REACHED
2026-08-18 15:10:54,robot_ec2b,STANDBY,REACHED
2026-08-18 15:10:54,robot_ec2b,MANUAL,REACHED
2026-08-18 15:10:29,robot_ec2b,MOVING,ACTIVE
2026-08-18 15:10:29,robot_ec2b,STANDBY,ACTIVE
2026-08-18 15:10:26,robot_ec2b,STANDBY,REACHED
2026-08-18 15:10:24,robot_ec2b,LOCKED,REACHED
2026-08-18 15:10:23,robot_ec2b,MOVING,REACHED
2026-08-18 15:10:03,robot_ec2b,MOVING,ACTIVE
2026-08-18 15:10:03,robot_ec2b,STANDBY,ACTIVE
2026-08-18 15:10:00,robot_ec2b,STANDBY,REACHED
2026-08-18 15:09:58,robot_ec2b,LOCKED,REACHED
2026-08-18 15:09:57,robot_ec2b,MANUAL,REACHED
2026-08-18 15:09:33,robot_ec2b,MOVING,ACTIVE
2026-08-18 15:09:33,robot_ec2b,STANDBY,ACTIVE
2026-08-18 15:09:30,robot_ec2b,STANDBY,REACHED
2026-08-18 15:09:28,robot_ec2b,LOCKED,REACHED
2026-08-18 15:09:27,robot_ec2b,MANUAL,REACHED
2026-08-18 15:09:07,robot_ec2b,MOVING,ACTIVE
2026-08-18 15:09:07,robot_ec2b,STANDBY,ACTIVE
2026-08-18 15:09:04,robot_ec2b,STANDBY,REACHED
2026-08-18 15:09:02,robot_ec2b,LOCKED,REACHED
2026-08-18 15:09:02,robot_ec2b,STANDBY,REACHED
2026-08-18 15:09:01,robot_ec2b,MOVING,REACHED
2026-08-18 15:08:38,robot_ec2b,MOVING,ACTIVE
2026-08-18 15:08:36,robot_ec2b,STANDBY,REACHED
2026-08-18 15:08:33,robot_ec2b,LOCKED,REACHED
2026-08-18 15:08:33,robot_ec2b,MOVING,REACHED
2026-08-18 15:08:13,robot_ec2b,MOVING,ACTIVE
2026-08-18 15:08:12,robot_ec2b,STANDBY,ACTIVE
2026-08-18 15:08:10,robot_ec2b,STANDBY,REACHED
2026-08-18 15:08:07,robot_ec2b,LOCKED,REACHED
2026-08-18 15:08:07,robot_ec2b,STANDBY,REACHED
2026-08-18 15:07:43,robot_ec2b,MOVING,ACTIVE
2026-08-18 15:07:42,robot_ec2b,STANDBY,ACTIVE
2026-08-18 15:07:40,robot_ec2b,STANDBY,REACHED
2026-08-18 15:07:37,robot_ec2b,LOCKED,REACHED
2026-08-18 15:07:37,robot_ec2b,MANUAL,REACHED
2026-08-18 15:07:36,robot_ec2b,MOVING,REACHED
2026-08-18 15:07:17,robot_ec2b,MOVING,ACTIVE
2026-08-18 15:07:16,robot_ec2b,STANDBY,ACTIVE
2026-08-18 15:07:14,robot_ec2b,STANDBY,REACHED
2026-08-18 15:07:11,robot_ec2b,LOCKED,REACHED
2026-08-18 15:07:11,robot_ec2b,STANDBY,REACHED
2026-08-18 15:07:10,robot_ec2b,MOVING,REACHED
2026-08-18 15:06:47,robot_ec2b,MOVING,ACTIVE
2026-08-18 15:06:46,robot_ec2b,STANDBY,ACTIVE
2026-08-18 15:06:44,robot_ec2b,STANDBY,REACHED
2026-08-18 15:06:42,robot_ec2b,LOCKED,REACHED
2026-08-18 15:06:41,robot_ec2b,STANDBY,REACHED
2026-08-18 15:06:41,robot_ec2b,MANUAL,REACHED
2026-08-18 15:06:21,robot_ec2b,MOVING,ACTIVE
2026-08-18 15:06:20,robot_ec2b,STANDBY,ACTIVE
2026-08-18 15:06:18,robot_ec2b,STANDBY,REACHED
2026-08-18 15:06:16,robot_ec2b,LOCKED,REACHED
2026-08-18 15:06:15,robot_ec2b,STANDBY,REACHED
2026-08-18 15:06:15,robot_ec2b,MANUAL,REACHED
2026-08-18 15:05:48,robot_ec2b,MOVING,ACTIVE
2026-08-18 15:05:48,robot_ec2b,STANDBY,ACTIVE
2026-08-18 15:05:45,robot_ec2b,STANDBY,REACHED
2026-08-18 15:05:43,robot_ec2b,LOCKED,REACHED
2026-08-18 15:05:42,robot_ec2b,STANDBY,REACHED
2026-08-18 15:05:42,robot_ec2b,MOVING,REACHED
2026-08-18 15:05:22,robot_ec2b,MOVING,ACTIVE
2026-08-18 15:05:22,robot_ec2b,STANDBY,ACTIVE
2026-08-18 15:05:19,robot_ec2b,STANDBY,REACHED
2026-08-18 15:05:17,robot_ec2b,LOCKED,REACHED
2026-08-18 15:05:16,robot_ec2b,MOVING,REACHED
2026-08-18 15:04:56,robot_ec2b,MOVING,ACTIVE
2026-08-18 15:04:56,robot_ec2b,STANDBY,ACTIVE
2026-08-18 15:04:53,robot_ec2b,STANDBY,REACHED
2026-08-18 15:04:51,robot_ec2b,LOCKED,REACHED
2026-08-18 15:04:50,robot_ec2b,MOVING,REACHED
2026-08-18 15:04:30,robot_ec2b,MOVING,ACTIVE
2026-08-18 15:04:30,robot_ec2b,STANDBY,ACTIVE
2026-08-18 15:04:27,robot_ec2b,STANDBY,REACHED
2026-08-18 15:04:25,robot_ec2b,LOCKED,REACHED
2026-08-18 15:04:24,robot_ec2b,MOVING,REACHED
2026-08-18 15:03:58,robot_ec2b,MOVING,ACTIVE
2026-08-18 15:03:58,robot_ec2b,STANDBY,ACTIVE
2026-08-18 15:03:55,robot_ec2b,STANDBY,REACHED
2026-08-18 15:03:53,robot_ec2b,LOCKED,REACHED
2026-08-18 15:03:52,robot_ec2b,MANUAL,REACHED
2026-08-18 15:03:32,robot_ec2b,MOVING,ACTIVE
2026-08-18 15:03:32,robot_ec2b,STANDBY,ACTIVE
2026-08-18 15:03:29,robot_ec2b,STANDBY,REACHED
2026-08-18 15:03:27,robot_ec2b,LOCKED,REACHED
2026-08-18 15:03:27,robot_ec2b,STANDBY,REACHED
2026-08-18 15:03:26,robot_ec2b,MOVING,REACHED
2026-08-18 15:03:06,robot_ec2b,MOVING,ACTIVE
2026-08-18 15:03:04,robot_ec2b,STANDBY,REACHED
2026-08-18 15:03:01,robot_ec2b,LOCKED,REACHED
2026-08-18 15:03:01,robot_ec2b,MANUAL,REACHED
2026-08-18 15:02:41,robot_ec2b,MOVING,ACTIVE
2026-08-18 15:02:40,robot_ec2b,STANDBY,ACTIVE
2026-08-18 15:02:38,robot_ec2b,STANDBY,REACHED
2026-08-18 15:02:35,robot_ec2b,LOCKED,REACHED
2026-08-18 15:02:35,robot_ec2b,STANDBY,REACHED
2026-08-18 15:02:34,robot_ec2b,MOVING,REACHED
2026-08-18 15:02:10,robot_ec2b,MOVING,ACTIVE
2026-08-18 15:02:09,robot_ec2b,STANDBY,ACTIVE
2026-08-18 15:02:07,robot_ec2b,STANDBY,REACHED
2026-08-18 15:02:04,robot_ec2b,LOCKED,REACHED
2026-08-18 15:02:04,robot_ec2b,MANUAL,REACHED
2026-08-18 15:02:03,robot_ec2b,MOVING,REACHED
2026-08-18 15:01:44,robot_ec2b,MOVING,ACTIVE
2026-08-18 15:01:43,robot_ec2b,STANDBY,ACTIVE
2026-08-18 15:01:41,robot_ec2b,STANDBY,REACHED
2026-08-18 15:01:39,robot_ec2b,LOCKED,REACHED
2026-08-18 15:01:38,robot_ec2b,STANDBY,REACHED
2026-08-18 15:01:37,robot_ec2b,MOVING,REACHED
2026-08-18 15:01:15,robot_ec2b,MOVING,ACTIVE
2026-08-18 15:01:14,robot_ec2b,STANDBY,ACTIVE
2026-08-18 15:01:12,robot_ec2b,STANDBY,REACHED
2026-08-18 15:01:10,robot_ec2b,LOCKED,REACHED
2026-08-18 15:01:09,robot_ec2b,STANDBY,REACHED
2026-08-18 15:01:09,robot_ec2b,MOVING,REACHED
2026-08-18 15:00:49,robot_ec2b,MOVING,ACTIVE
2026-08-18 15:00:49,robot_ec2b,STANDBY,ACTIVE
2026-08-18 15:00:46,robot_ec2b,STANDBY,REACHED
2026-08-18 15:00:44,robot_ec2b,LOCKED,REACHED
2026-08-18 15:00:43,robot_ec2b,MANUAL,REACHED
2026-08-18 15:00:19,robot_ec2b,MOVING,ACTIVE
2026-08-18 15:00:19,robot_ec2b,STANDBY,ACTIVE
2026-08-18 15:00:16,robot_ec2b,STANDBY,REACHED
2026-08-18 15:00:14,robot_ec2b,LOCKED,REACHED
2026-08-18 15:00:13,robot_ec2b,MOVING,REACHED
2026-08-18 14:59:53,robot_ec2b,MOVING,ACTIVE
2026-08-18 14:59:53,robot_ec2b,STANDBY,ACTIVE
2026-08-18 14:59:50,robot_ec2b,STANDBY,REACHED
2026-08-18 14:59:48,robot_ec2b,LOCKED,REACHED
2026-08-18 14:59:47,robot_ec2b,STANDBY,REACHED
2026-08-18 14:59:23,robot_ec2b,MOVING,ACTIVE
2026-08-18 14:59:23,robot_ec2b,STANDBY,ACTIVE
2026-08-18 14:59:20,robot_ec2b,STANDBY,REACHED
2026-08-18 14:59:18,robot_ec2b,LOCKED,REACHED
2026-08-18 14:59:18,robot_ec2b,STANDBY,REACHED
2026-08-18 14:59:17,robot_ec2b,MOVING,REACHED
2026-08-18 14:58:57,robot_ec2b,MOVING,ACTIVE
2026-08-18 14:58:57,robot_ec2b,STANDBY,ACTIVE
2026-08-18 14:58:55,robot_ec2b,STANDBY,REACHED
2026-08-18 14:58:52,robot_ec2b,LOCKED,REACHED
2026-08-18 14:58:52,robot_ec2b,MOVING,REACHED
2026-08-18 14:58:28,robot_ec2b,MOVING,ACTIVE
2026-08-18 14:58:27,robot_ec2b,STANDBY,ACTIVE
2026-08-18 14:58:25,robot_ec2b,STANDBY,REACHED
2026-08-18 14:58:22,robot_ec2b,LOCKED,REACHED
2026-08-18 14:58:22,robot_ec2b,STANDBY,REACHED
2026-08-18 14:58:21,robot_ec2b,MOVING,REACHED
2026-08-18 14:58:02,robot_ec2b,MOVING,ACTIVE
2026-08-18 14:58:01,robot_ec2b,STANDBY,ACTIVE
2026-08-18 14:57:59,robot_ec2b,STANDBY,REACHED
2026-08-18 14:57:56,robot_ec2b,LOCKED,REACHED
2026-08-18 14:57:56,robot_ec2b,STANDBY,REACHED
2026-08-18 14:57:55,robot_ec2b,MOVING,REACHED
2026-08-18 14:57:31,robot_ec2b,MOVING,ACTIVE
2026-08-18 14:57:30,robot_ec2b,STANDBY,ACTIVE
2026-08-18 14:57:28,robot_ec2b,STANDBY,REACHED
2026-08-18 14:57:25,robot_ec2b,LOCKED,REACHED
2026-08-18 14:57:25,robot_ec2b,MOVING,REACHED
2026-08-18 14:57:05,robot_ec2b,MOVING,ACTIVE
2026-08-18 14:57:04,robot_ec2b,STANDBY,ACTIVE
2026-08-18 14:57:02,robot_ec2b,STANDBY,REACHED
2026-08-18 14:57:00,robot_ec2b,LOCKED,REACHED
2026-08-18 14:56:59,robot_ec2b,STANDBY,REACHED
2026-08-18 14:56:58,robot_ec2b,MOVING,REACHED
2026-08-18 14:56:32,robot_ec2b,MOVING,ACTIVE
2026-08-18 14:56:31,robot_ec2b,STANDBY,ACTIVE
2026-08-18 14:56:29,robot_ec2b,STANDBY,REACHED
2026-08-18 14:56:27,robot_ec2b,LOCKED,REACHED
2026-08-18 14:56:26,robot_ec2b,STANDBY,REACHED
2026-08-18 14:56:26,robot_ec2b,MANUAL,REACHED
2026-08-18 14:56:25,robot_ec2b,MOVING,REACHED
2026-08-18 14:56:05,robot_ec2b,MOVING,ACTIVE
2026-08-18 14:56:05,robot_ec2b,STANDBY,ACTIVE
2026-08-18 14:56:02,robot_ec2b,STANDBY,REACHED
2026-08-18 14:56:00,robot_ec2b,LOCKED,REACHED
2026-08-18 14:55:59,robot_ec2b,MOVING,REACHED
2026-08-18 14:55:39,robot_ec2b,MOVING,ACTIVE
2026-08-18 14:55:39,robot_ec2b,STANDBY,ACTIVE
2026-08-18 14:55:36,robot_ec2b,STANDBY,REACHED
2026-08-18 14:55:34,robot_ec2b,LOCKED,REACHED
2026-08-18 14:55:33,robot_ec2b,STANDBY,REACHED
2026-08-18 14:55:33,robot_ec2b,MOVING,REACHED
2026-08-18 14:55:13,robot_ec2b,MOVING,ACTIVE
2026-08-18 14:55:13,robot_ec2b,STANDBY,ACTIVE
2026-08-18 14:55:10,robot_ec2b,STANDBY,REACHED
2026-08-18 14:55:08,robot_ec2b,LOCKED,REACHED
2026-08-18 14:55:07,robot_ec2b,STANDBY,REACHED
2026-08-18 14:55:07,robot_ec2b,MANUAL,REACHED
2026-08-18 14:54:46,robot_ec2b,MOVING,ACTIVE
2026-08-18 14:54:46,robot_ec2b,STANDBY,ACTIVE
2026-08-18 14:54:43,robot_ec2b,STANDBY,REACHED
2026-08-18 14:54:41,robot_ec2b,LOCKED,REACHED
2026-08-18 14:54:41,robot_ec2b,STANDBY,REACHED
2026-08-18 14:54:40,robot_ec2b,MANUAL,REACHED
2026-08-18 14:54:20,robot_ec2b,MOVING,ACTIVE
2026-08-18 14:54:20,robot_ec2b,STANDBY,ACTIVE
2026-08-18 14:54:17,robot_ec2b,STANDBY,REACHED
2026-08-18 14:54:15,robot_ec2b,LOCKED,REACHED
2026-08-18 14:54:15,robot_ec2b,STANDBY,REACHED
2026-08-18 14:54:14,robot_ec2b,MANUAL,REACHED
2026-08-18 14:54:14,robot_ec2b,MOVING,REACHED
2026-08-18 14:53:50,robot_ec2b,MOVING,ACTIVE
2026-08-18 14:53:49,robot_ec2b,STANDBY,ACTIVE
2026-08-18 14:53:47,robot_ec2b,STANDBY,REACHED
2026-08-18 14:53:44,robot_ec2b,LOCKED,REACHED
2026-08-18 14:53:44,robot_ec2b,MANUAL,REACHED
2026-08-18 14:53:24,robot_ec2b,MOVING,ACTIVE
2026-08-18 14:53:23,robot_ec2b,STANDBY,ACTIVE
2026-08-18 14:53:21,robot_ec2b,STANDBY,REACHED
2026-08-18 14:53:18,robot_ec2b,LOCKED,REACHED
2026-08-18 14:53:18,robot_ec2b,STANDBY,REACHED
2026-08-18 14:53:17,robot_ec2b,MOVING,REACHED
2026-08-18 14:52:58,robot_ec2b,MOVING,ACTIVE
2026-08-18 14:52:57,robot_ec2b,STANDBY,ACTIVE
2026-08-18 14:52:55,robot_ec2b,STANDBY,REACHED
2026-08-18 14:52:52,robot_ec2b,LOCKED,REACHED
2026-08-18 14:52:52,robot_ec2b,MANUAL,REACHED
2026-08-18 14:52:32,robot_ec2b,MOVING,ACTIVE
2026-08-18 14:52:31,robot_ec2b,STANDBY,ACTIVE
2026-08-18 14:52:29,robot_ec2b,STANDBY,REACHED
2026-08-18 14:52:27,robot_ec2b,LOCKED,REACHED
2026-08-18 14:52:26,robot_ec2b,STANDBY,REACHED
2026-08-18 14:52:26,robot_ec2b,MANUAL,REACHED
2026-08-18 14:52:00,robot_ec2b,MOVING,ACTIVE
2026-08-18 14:51:59,robot_ec2b,STANDBY,ACTIVE
2026-08-18 14:51:57,robot_ec2b,STANDBY,REACHED
2026-08-18 14:51:55,robot_ec2b,LOCKED,REACHED
2026-08-18 14:51:54,robot_ec2b,STANDBY,REACHED
2026-08-18 14:51:54,robot_ec2b,MOVING,REACHED
2026-08-18 14:51:34,robot_ec2b,MOVING,ACTIVE
2026-08-18 14:51:31,robot_ec2b,STANDBY,REACHED
2026-08-18 14:51:29,robot_ec2b,LOCKED,REACHED
2026-08-18 14:51:28,robot_ec2b,STANDBY,REACHED
2026-08-18 14:51:28,robot_ec2b,MOVING,REACHED
2026-08-18 14:51:04,robot_ec2b,MOVING,ACTIVE
2026-08-18 14:51:04,robot_ec2b,STANDBY,ACTIVE
2026-08-18 14:51:01,robot_ec2b,STANDBY,REACHED
2026-08-18 14:50:59,robot_ec2b,LOCKED,REACHED
2026-08-18 14:50:58,robot_ec2b,STANDBY,REACHED
2026-08-18 14:50:58,robot_ec2b,MOVING,REACHED
2026-08-18 14:50:38,robot_ec2b,MOVING,ACTIVE
2026-08-18 14:50:38,robot_ec2b,STANDBY,ACTIVE
2026-08-18 14:50:35,robot_ec2b,STANDBY,REACHED
2026-08-18 14:50:33,robot_ec2b,LOCKED,REACHED
2026-08-18 14:50:32,robot_ec2b,MOVING,REACHED
2026-08-18 14:50:10,robot_ec2b,MOVING,ACTIVE
2026-08-18 14:50:10,robot_ec2b,STANDBY,ACTIVE
2026-08-18 14:50:07,robot_ec2b,STANDBY,REACHED
2026-08-18 14:50:05,robot_ec2b,LOCKED,REACHED
2026-08-18 14:50:05,robot_ec2b,STANDBY,REACHED
2026-08-18 14:50:04,robot_ec2b,MOVING,REACHED
2026-08-18 14:49:44,robot_ec2b,MOVING,ACTIVE
2026-08-18 14:49:44,robot_ec2b,STANDBY,ACTIVE
2026-08-18 14:49:42,robot_ec2b,STANDBY,REACHED
2026-08-18 14:49:39,robot_ec2b,LOCKED,REACHED
2026-08-18 14:49:38,robot_ec2b,STANDBY,REACHED
2026-08-18 14:49:38,robot_ec2b,MOVING,REACHED
2026-08-18 14:49:14,robot_ec2b,MOVING,ACTIVE
2026-08-18 14:49:13,robot_ec2b,STANDBY,ACTIVE
2026-08-18 14:49:11,robot_ec2b,STANDBY,REACHED
2026-08-18 14:49:08,robot_ec2b,LOCKED,REACHED
2026-08-18 14:49:08,robot_ec2b,MOVING,REACHED
2026-08-18 14:48:48,robot_ec2b,MOVING,ACTIVE
2026-08-18 14:48:47,robot_ec2b,STANDBY,ACTIVE
2026-08-18 14:48:45,robot_ec2b,STANDBY,REACHED
2026-08-18 14:48:42,robot_ec2b,LOCKED,REACHED
2026-08-18 14:48:42,robot_ec2b,STANDBY,REACHED
2026-08-18 14:48:41,robot_ec2b,MANUAL,REACHED
2026-08-18 14:48:19,robot_ec2b,MOVING,ACTIVE
2026-08-18 14:48:18,robot_ec2b,STANDBY,ACTIVE
2026-08-18 14:48:16,robot_ec2b,STANDBY,REACHED
2026-08-18 14:48:14,robot_ec2b,LOCKED,REACHED
2026-08-18 14:48:13,robot_ec2b,STANDBY,REACHED
2026-08-18 14:48:13,robot_ec2b,MOVING,REACHED
2026-08-18 14:47:53,robot_ec2b,MOVING,ACTIVE
2026-08-18 14:47:52,robot_ec2b,STANDBY,ACTIVE
2026-08-18 14:47:50,robot_ec2b,STANDBY,REACHED
2026-08-18 14:47:47,robot_ec2b,LOCKED,REACHED
2026-08-18 14:47:47,robot_ec2b,MOVING,REACHED
2026-08-18 14:47:25,robot_ec2b,MOVING,ACTIVE
2026-08-18 14:47:24,robot_ec2b,STANDBY,ACTIVE
2026-08-18 14:47:22,robot_ec2b,STANDBY,REACHED
2026-08-18 14:47:20,robot_ec2b,LOCKED,REACHED
2026-08-18 14:47:19,robot_ec2b,STANDBY,REACHED
2026-08-18 14:47:19,robot_ec2b,MANUAL,REACHED
2026-08-18 14:46:59,robot_ec2b,MOVING,ACTIVE
2026-08-18 14:46:58,robot_ec2b,STANDBY,ACTIVE
2026-08-18 14:46:56,robot_ec2b,STANDBY,REACHED
2026-08-18 14:46:54,robot_ec2b,LOCKED,REACHED
2026-08-18 14:46:53,robot_ec2b,STANDBY,REACHED
2026-08-18 14:46:53,robot_ec2b,MOVING,REACHED
2026-08-18 14:46:30,robot_ec2b,MOVING,ACTIVE
2026-08-18 14:46:29,robot_ec2b,STANDBY,ACTIVE
2026-08-18 14:46:27,robot_ec2b,STANDBY,REACHED
2026-08-18 14:46:25,robot_ec2b,LOCKED,REACHED
2026-08-18 14:46:24,robot_ec2b,STANDBY,REACHED
2026-08-18 14:46:24,robot_ec2b,MOVING,REACHED
2026-08-18 14:46:04,robot_ec2b,MOVING,ACTIVE
2026-08-18 14:46:01,robot_ec2b,STANDBY,REACHED
2026-08-18 14:45:59,robot_ec2b,LOCKED,REACHED
2026-08-18 14:45:58,robot_ec2b,MANUAL,REACHED
2026-08-18 14:45:35,robot_ec2b,MOVING,ACTIVE
2026-08-18 14:45:34,robot_ec2b,STANDBY,ACTIVE
2026-08-18 14:45:32,robot_ec2b,STANDBY,REACHED
2026-08-18 14:45:30,robot_ec2b,LOCKED,REACHED
2026-08-18 14:45:29,robot_ec2b,MOVING,REACHED
2026-08-18 14:45:09,robot_ec2b,MOVING,ACTIVE
2026-08-18 14:45:09,robot_ec2b,STANDBY,ACTIVE
2026-08-18 14:45:06,robot_ec2b,STANDBY,REACHED
2026-08-18 14:45:04,robot_ec2b,LOCKED,REACHED
2026-08-18 14:45:03,robot_ec2b,STANDBY,REACHED
2026-08-18 14:45:03,robot_ec2b,MOVING,REACHED
2026-08-18 14:44:39,robot_ec2b,MOVING,ACTIVE
2026-08-18 14:44:39,robot_ec2b,STANDBY,ACTIVE
2026-08-18 14:44:36,robot_ec2b,STANDBY,REACHED
2026-08-18 14:44:34,robot_ec2b,LOCKED,REACHED
2026-08-18 14:44:33,robot_ec2b,STANDBY,REACHED
2026-08-18 14:44:33,robot_ec2b,MOVING,REACHED
2026-08-18 14:44:13,robot_ec2b,MOVING,ACTIVE
2026-08-18 14:44:13,robot_ec2b,STANDBY,ACTIVE
2026-08-18 14:44:10,robot_ec2b,STANDBY,REACHED
2026-08-18 14:44:08,robot_ec2b,LOCKED,REACHED
2026-08-18 14:44:07,robot_ec2b,MOVING,REACHED
2026-08-18 14:43:44,robot_ec2b,MOVING,ACTIVE
2026-08-18 14:43:44,robot_ec2b,STANDBY,ACTIVE
2026-08-18 14:43:41,robot_ec2b,STANDBY,REACHED
2026-08-18 14:43:39,robot_ec2b,LOCKED,REACHED
2026-08-18 14:43:39,robot_ec2b,MANUAL,REACHED
2026-08-18 14:43:38,robot_ec2b,MOVING,REACHED
2026-08-18 14:43:18,robot_ec2b,MOVING,ACTIVE
2026-08-18 14:43:18,robot_ec2b,STANDBY,ACTIVE
2026-08-18 14:43:15,robot_ec2b,STANDBY,REACHED
2026-08-18 14:43:13,robot_ec2b,LOCKED,REACHED
2026-08-18 14:43:13,robot_ec2b,MANUAL,REACHED
2026-08-18 14:42:48,robot_ec2b,MOVING,ACTIVE
2026-08-18 14:42:47,robot_ec2b,STANDBY,ACTIVE
2026-08-18 14:42:45,robot_ec2b,STANDBY,REACHED
2026-08-18 14:42:42,robot_ec2b,LOCKED,REACHED
2026-08-18 14:42:42,robot_ec2b,MOVING,REACHED
2026-08-18 14:42:22,robot_ec2b,MOVING,ACTIVE
2026-08-18 14:42:22,robot_ec2b,STANDBY,ACTIVE
2026-08-18 14:42:20,robot_ec2b,STANDBY,REACHED
2026-08-18 14:42:17,robot_ec2b,LOCKED,REACHED
2026-08-18 14:42:17,robot_ec2b,MOVING,REACHED
2026-08-18 14:41:52,robot_ec2b,MOVING,ACTIVE
2026-08-18 14:41:50,robot_ec2b,STANDBY,REACHED
2026-08-18 14:41:47,robot_ec2b,LOCKED,REACHED
2026-08-18 14:41:47,robot_ec2b,MANUAL,REACHED
2026-08-18 14:41:46,robot_ec2b,MOVING,REACHED
2026-08-18 14:41:27,robot_ec2b,MOVING,ACTIVE
2026-08-18 14:41:26,robot_ec2b,STANDBY,ACTIVE
2026-08-18 14:41:24,robot_ec2b,STANDBY,REACHED
2026-08-18 14:41:21,robot_ec2b,LOCKED,REACHED
2026-08-18 14:41:21,robot_ec2b,STANDBY,REACHED
2026-08-18 14:41:20,robot_ec2b,MOVING,REACHED
2026-08-18 14:41:01,robot_ec2b,MOVING,ACTIVE
2026-08-18 14:41:00,robot_ec2b,STANDBY,ACTIVE
2026-08-18 14:40:58,robot_ec2b,STANDBY,REACHED
2026-08-18 14:40:55,robot_ec2b,LOCKED,REACHED
2026-08-18 14:40:55,robot_ec2b,MANUAL,REACHED
2026-08-18 14:40:54,robot_ec2b,MOVING,REACHED
2026-08-18 14:40:35,robot_ec2b,MOVING,ACTIVE
2026-08-18 14:40:34,robot_ec2b,STANDBY,ACTIVE
2026-08-18 14:40:32,robot_ec2b,STANDBY,REACHED
2026-08-18 14:40:29,robot_ec2b,LOCKED,REACHED
2026-08-18 14:40:29,robot_ec2b,MOVING,REACHED
2026-08-18 14:40:05,robot_ec2b,MOVING,ACTIVE
2026-08-18 14:40:04,robot_ec2b,STANDBY,ACTIVE
2026-08-18 14:40:02,robot_ec2b,STANDBY,REACHED
2026-08-18 14:39:59,robot_ec2b,LOCKED,REACHED
2026-08-18 14:39:59,robot_ec2b,MOVING,REACHED
2026-08-18 14:39:39,robot_ec2b,MOVING,ACTIVE
2026-08-18 14:39:38,robot_ec2b,STANDBY,ACTIVE
2026-08-18 14:39:36,robot_ec2b,STANDBY,REACHED
2026-08-18 14:39:34,robot_ec2b,LOCKED,REACHED
2026-08-18 14:39:33,robot_ec2b,STANDBY,REACHED
2026-08-18 14:39:33,robot_ec2b,MOVING,REACHED
2026-08-18 14:39:09,robot_ec2b,MOVING,ACTIVE
2026-08-18 14:39:08,robot_ec2b,STANDBY,ACTIVE
2026-08-18 14:39:06,robot_ec2b,STANDBY,REACHED
2026-08-18 14:39:04,robot_ec2b,LOCKED,REACHED
2026-08-18 14:39:03,robot_ec2b,STANDBY,REACHED
2026-08-18 14:39:03,robot_ec2b,MANUAL,REACHED
2026-08-18 14:38:43,robot_ec2b,MOVING,ACTIVE
2026-08-18 14:38:42,robot_ec2b,STANDBY,ACTIVE
2026-08-18 14:38:40,robot_ec2b,STANDBY,REACHED
2026-08-18 14:38:38,robot_ec2b,LOCKED,REACHED
2026-08-18 14:38:37,robot_ec2b,MANUAL,REACHED
2026-08-18 14:38:37,robot_ec2b,MOVING,REACHED
2026-08-18 14:38:13,robot_ec2b,MOVING,ACTIVE
2026-08-18 14:38:10,robot_ec2b,STANDBY,REACHED
2026-08-18 14:38:08,robot_ec2b,LOCKED,REACHED
2026-08-18 14:38:07,robot_ec2b,MOVING,REACHED
2026-08-18 14:37:47,robot_ec2b,MOVING,ACTIVE
2026-08-18 14:37:47,robot_ec2b,STANDBY,ACTIVE
2026-08-18 14:37:44,robot_ec2b,STANDBY,REACHED
2026-08-18 14:37:42,robot_ec2b,LOCKED,REACHED
2026-08-18 14:37:41,robot_ec2b,MANUAL,REACHED
2026-08-18 14:37:13,robot_ec2b,MOVING,ACTIVE
2026-08-18 14:37:13,robot_ec2b,STANDBY,ACTIVE
2026-08-18 14:37:10,robot_ec2b,STANDBY,REACHED
2026-08-18 14:37:08,robot_ec2b,LOCKED,REACHED
2026-08-18 14:37:07,robot_ec2b,MANUAL,REACHED
2026-08-18 14:37:07,robot_ec2b,MOVING,REACHED
2026-08-18 14:36:47,robot_ec2b,MOVING,ACTIVE
2026-08-18 14:36:47,robot_ec2b,STANDBY,ACTIVE
2026-08-18 14:36:44,robot_ec2b,STANDBY,REACHED
2026-08-18 14:36:42,robot_ec2b,LOCKED,REACHED
2026-08-18 14:36:41,robot_ec2b,MOVING,REACHED
2026-08-18 14:36:17,robot_ec2b,MOVING,ACTIVE
2026-08-18 14:36:17,robot_ec2b,STANDBY,ACTIVE
2026-08-18 14:36:14,robot_ec2b,STANDBY,REACHED
2026-08-18 14:36:12,robot_ec2b,LOCKED,REACHED
2026-08-18 14:36:11,robot_ec2b,STANDBY,REACHED
2026-08-18 14:36:11,robot_ec2b,MOVING,REACHED
2026-08-18 14:35:51,robot_ec2b,MOVING,ACTIVE
2026-08-18 14:35:51,robot_ec2b,STANDBY,ACTIVE
2026-08-18 14:35:48,robot_ec2b,STANDBY,REACHED
2026-08-18 14:35:46,robot_ec2b,LOCKED,REACHED
2026-08-18 14:35:46,robot_ec2b,STANDBY,REACHED
2026-08-18 14:35:45,robot_ec2b,MOVING,REACHED
2026-08-18 14:35:22,robot_ec2b,MOVING,ACTIVE
2026-08-18 14:35:21,robot_ec2b,STANDBY,ACTIVE
2026-08-18 14:35:19,robot_ec2b,STANDBY,REACHED
2026-08-18 14:35:16,robot_ec2b,LOCKED,REACHED
2026-08-18 14:35:16,robot_ec2b,STANDBY,REACHED
2026-08-18 14:35:15,robot_ec2b,MANUAL,REACHED
2026-08-18 14:35:15,robot_ec2b,MOVING,REACHED
2026-08-18 14:34:55,robot_ec2b,MOVING,ACTIVE
2026-08-18 14:34:55,robot_ec2b,STANDBY,ACTIVE
2026-08-18 14:34:52,robot_ec2b,STANDBY,REACHED
2026-08-18 14:34:50,robot_ec2b,LOCKED,REACHED
2026-08-18 14:34:50,robot_ec2b,MOVING,REACHED
2026-08-18 14:34:26,robot_ec2b,MOVING,ACTIVE
2026-08-18 14:34:26,robot_ec2b,STANDBY,ACTIVE
2026-08-18 14:34:23,robot_ec2b,STANDBY,REACHED
2026-08-18 14:34:21,robot_ec2b,LOCKED,REACHED
2026-08-18 14:34:20,robot_ec2b,MOVING,REACHED
2026-08-18 14:34:00,robot_ec2b,MOVING,ACTIVE
2026-08-18 14:34:00,robot_ec2b,STANDBY,ACTIVE
2026-08-18 14:33:57,robot_ec2b,STANDBY,REACHED
2026-08-18 14:33:55,robot_ec2b,LOCKED,REACHED
2026-08-18 14:33:55,robot_ec2b,STANDBY,REACHED
2026-08-18 14:33:54,robot_ec2b,MANUAL,REACHED
2026-08-18 14:33:54,robot_ec2b,MOVING,REACHED
2026-08-18 14:33:29,robot_ec2b,MOVING,ACTIVE
2026-08-18 14:33:29,robot_ec2b,STANDBY,ACTIVE
2026-08-18 14:33:26,robot_ec2b,STANDBY,REACHED
2026-08-18 14:33:24,robot_ec2b,LOCKED,REACHED
2026-08-18 14:33:24,robot_ec2b,MANUAL,REACHED
2026-08-18 14:33:23,robot_ec2b,MOVING,REACHED
2026-08-18 14:33:03,robot_ec2b,MOVING,ACTIVE
2026-08-18 14:33:01,robot_ec2b,STANDBY,REACHED
2026-08-18 14:32:58,robot_ec2b,LOCKED,REACHED
2026-08-18 14:32:58,robot_ec2b,STANDBY,REACHED
2026-08-18 14:32:57,robot_ec2b,MANUAL,REACHED
2026-08-18 14:32:57,robot_ec2b,MOVING,REACHED
2026-08-18 14:32:33,robot_ec2b,MOVING,ACTIVE
2026-08-18 14:32:32,robot_ec2b,STANDBY,ACTIVE
2026-08-18 14:32:30,robot_ec2b,STANDBY,REACHED
2026-08-18 14:32:27,robot_ec2b,LOCKED,REACHED
2026-08-18 14:32:27,robot_ec2b,STANDBY,REACHED
2026-08-18 14:32:26,robot_ec2b,MOVING,REACHED
2026-08-18 14:32:07,robot_ec2b,MOVING,ACTIVE
2026-08-18 14:32:06,robot_ec2b,STANDBY,ACTIVE
2026-08-18 14:32:04,robot_ec2b,STANDBY,REACHED
2026-08-18 14:32:02,robot_ec2b,LOCKED,REACHED
2026-08-18 14:32:01,robot_ec2b,STANDBY,REACHED
2026-08-18 14:32:01,robot_ec2b,MOVING,REACHED
2026-08-18 14:31:41,robot_ec2b,MOVING,ACTIVE
2026-08-18 14:31:40,robot_ec2b,STANDBY,ACTIVE
2026-08-18 14:31:38,robot_ec2b,STANDBY,REACHED
2026-08-18 14:31:36,robot_ec2b,LOCKED,REACHED
2026-08-18 14:31:35,robot_ec2b,STANDBY,REACHED
2026-08-18 14:31:35,robot_ec2b,MANUAL,REACHED
2026-08-18 14:31:15,robot_ec2b,MOVING,ACTIVE
2026-08-18 14:31:14,robot_ec2b,STANDBY,ACTIVE
2026-08-18 14:31:12,robot_ec2b,STANDBY,REACHED
2026-08-18 14:31:10,robot_ec2b,LOCKED,REACHED
2026-08-18 14:31:09,robot_ec2b,MANUAL,REACHED
2026-08-18 14:31:09,robot_ec2b,MOVING,REACHED
2026-08-18 14:30:48,robot_ec2b,MOVING,ACTIVE
2026-08-18 14:30:47,robot_ec2b,STANDBY,ACTIVE
2026-08-18 14:30:45,robot_ec2b,STANDBY,REACHED
2026-08-18 14:30:43,robot_ec2b,LOCKED,REACHED
2026-08-18 14:30:42,robot_ec2b,MOVING,REACHED
2026-08-18 14:30:22,robot_ec2b,MOVING,ACTIVE
2026-08-18 14:30:19,robot_ec2b,STANDBY,REACHED
2026-08-18 14:30:17,robot_ec2b,LOCKED,REACHED
2026-08-18 14:30:16,robot_ec2b,MOVING,REACHED
2026-08-18 14:29:52,robot_ec2b,MOVING,ACTIVE
2026-08-18 14:29:52,robot_ec2b,STANDBY,ACTIVE
2026-08-18 14:29:49,robot_ec2b,STANDBY,REACHED
2026-08-18 14:29:47,robot_ec2b,LOCKED,REACHED
2026-08-18 14:29:46,robot_ec2b,STANDBY,REACHED
2026-08-18 14:29:46,robot_ec2b,MOVING,REACHED
2026-08-18 14:29:26,robot_ec2b,MOVING,ACTIVE
2026-08-18 14:29:26,robot_ec2b,STANDBY,ACTIVE
2026-08-18 14:29:23,robot_ec2b,STANDBY,REACHED
2026-08-18 14:29:21,robot_ec2b,LOCKED,REACHED
2026-08-18 14:29:20,robot_ec2b,MOVING,REACHED
2026-08-18 14:28:56,robot_ec2b,MOVING,ACTIVE
2026-08-18 14:28:56,robot_ec2b,STANDBY,ACTIVE
2026-08-18 14:28:53,robot_ec2b,STANDBY,REACHED
2026-08-18 14:28:51,robot_ec2b,LOCKED,REACHED
2026-08-18 14:28:51,robot_ec2b,STANDBY,REACHED
2026-08-18 14:28:50,robot_ec2b,MOVING,REACHED
2026-08-18 14:28:30,robot_ec2b,MOVING,ACTIVE
2026-08-18 14:28:30,robot_ec2b,STANDBY,ACTIVE
2026-08-18 14:28:27,robot_ec2b,STANDBY,REACHED
2026-08-18 14:28:25,robot_ec2b,LOCKED,REACHED
2026-08-18 14:28:25,robot_ec2b,MANUAL,REACHED
2026-08-18 14:28:02,robot_ec2b,MOVING,ACTIVE
2026-08-18 14:28:00,robot_ec2b,STANDBY,REACHED
2026-08-18 14:27:57,robot_ec2b,LOCKED,REACHED
2026-08-18 14:27:57,robot_ec2b,MANUAL,REACHED
2026-08-18 14:27:56,robot_ec2b,MOVING,REACHED
2026-08-18 14:27:37,robot_ec2b,MOVING,ACTIVE
2026-08-18 14:27:36,robot_ec2b,STANDBY,ACTIVE
2026-08-18 14:27:34,robot_ec2b,STANDBY,REACHED
2026-08-18 14:27:31,robot_ec2b,LOCKED,REACHED
2026-08-18 14:27:31,robot_ec2b,MANUAL,REACHED
2026-08-18 14:27:07,robot_ec2b,MOVING,ACTIVE
2026-08-18 14:27:06,robot_ec2b,STANDBY,ACTIVE
2026-08-18 14:27:04,robot_ec2b,STANDBY,REACHED
2026-08-18 14:27:01,robot_ec2b,LOCKED,REACHED
2026-08-18 14:27:01,robot_ec2b,MOVING,REACHED
2026-08-18 14:26:41,robot_ec2b,MOVING,ACTIVE
2026-08-18 14:26:40,robot_ec2b,STANDBY,ACTIVE
2026-08-18 14:26:38,robot_ec2b,STANDBY,REACHED
2026-08-18 14:26:36,robot_ec2b,LOCKED,REACHED
2026-08-18 14:26:35,robot_ec2b,STANDBY,REACHED
2026-08-18 14:26:34,robot_ec2b,MOVING,REACHED
2026-08-18 14:26:08,robot_ec2b,MOVING,ACTIVE
2026-08-18 14:26:07,robot_ec2b,STANDBY,ACTIVE
2026-08-18 14:26:05,robot_ec2b,STANDBY,REACHED
2026-08-18 14:26:03,robot_ec2b,LOCKED,REACHED
2026-08-18 14:26:02,robot_ec2b,STANDBY,REACHED
2026-08-18 14:25:42,robot_ec2b,MOVING,ACTIVE
2026-08-18 14:25:41,robot_ec2b,STANDBY,ACTIVE
2026-08-18 14:25:39,robot_ec2b,STANDBY,REACHED
2026-08-18 14:25:37,robot_ec2b,LOCKED,REACHED
2026-08-18 14:25:36,robot_ec2b,MANUAL,REACHED
2026-08-18 14:25:36,robot_ec2b,MOVING,REACHED
2026-08-18 14:25:13,robot_ec2b,MOVING,ACTIVE
2026-08-18 14:25:13,robot_ec2b,STANDBY,ACTIVE
2026-08-18 14:25:10,robot_ec2b,STANDBY,REACHED
2026-08-18 14:25:08,robot_ec2b,LOCKED,REACHED
2026-08-18 14:25:07,robot_ec2b,MOVING,REACHED
2026-08-18 14:24:47,robot_ec2b,MOVING,ACTIVE
2026-08-18 14:24:47,robot_ec2b,STANDBY,ACTIVE
2026-08-18 14:24:44,robot_ec2b,STANDBY,REACHED
2026-08-18 14:24:42,robot_ec2b,LOCKED,REACHED
2026-08-18 14:24:41,robot_ec2b,STANDBY,REACHED
2026-08-18 14:24:41,robot_ec2b,MOVING,REACHED
2026-08-18 14:24:21,robot_ec2b,MOVING,ACTIVE
2026-08-18 14:24:21,robot_ec2b,STANDBY,ACTIVE
2026-08-18 14:24:18,robot_ec2b,STANDBY,REACHED
2026-08-18 14:24:16,robot_ec2b,LOCKED,REACHED
2026-08-18 14:24:15,robot_ec2b,STANDBY,REACHED
2026-08-18 14:24:15,robot_ec2b,MOVING,REACHED
2026-08-18 14:23:55,robot_ec2b,MOVING,ACTIVE
2026-08-18 14:23:55,robot_ec2b,STANDBY,ACTIVE
2026-08-18 14:23:52,robot_ec2b,STANDBY,REACHED
2026-08-18 14:23:50,robot_ec2b,LOCKED,REACHED
2026-08-18 14:23:50,robot_ec2b,STANDBY,REACHED
2026-08-18 14:23:49,robot_ec2b,MANUAL,REACHED
2026-08-18 14:23:49,robot_ec2b,MOVING,REACHED
2026-08-18 14:23:25,robot_ec2b,MOVING,ACTIVE
2026-08-18 14:23:23,robot_ec2b,STANDBY,REACHED
2026-08-18 14:23:20,robot_ec2b,LOCKED,REACHED
2026-08-18 14:23:20,robot_ec2b,MOVING,REACHED
2026-08-18 14:23:00,robot_ec2b,MOVING,ACTIVE
2026-08-18 14:22:59,robot_ec2b,STANDBY,ACTIVE
2026-08-18 14:22:57,robot_ec2b,STANDBY,REACHED
2026-08-18 14:22:54,robot_ec2b,LOCKED,REACHED
2026-08-18 14:22:54,robot_ec2b,STANDBY,REACHED
2026-08-18 14:22:53,robot_ec2b,MOVING,REACHED
2026-08-18 14:22:29,robot_ec2b,MOVING,ACTIVE
2026-08-18 14:22:29,robot_ec2b,STANDBY,ACTIVE
2026-08-18 14:22:26,robot_ec2b,STANDBY,REACHED
2026-08-18 14:22:24,robot_ec2b,LOCKED,REACHED
2026-08-18 14:22:24,robot_ec2b,MOVING,REACHED
2026-08-18 14:22:04,robot_ec2b,MOVING,ACTIVE
2026-08-18 14:22:03,robot_ec2b,STANDBY,ACTIVE
2026-08-18 14:22:01,robot_ec2b,STANDBY,REACHED
2026-08-18 14:21:58,robot_ec2b,LOCKED,REACHED
2026-08-18 14:21:57,robot_ec2b,STANDBY,REACHED
2026-08-18 14:21:57,robot_ec2b,MOVING,REACHED
2026-08-18 14:21:33,robot_ec2b,MOVING,ACTIVE
2026-08-18 14:21:32,robot_ec2b,STANDBY,ACTIVE
2026-08-18 14:21:30,robot_ec2b,STANDBY,REACHED
2026-08-18 14:21:27,robot_ec2b,LOCKED,REACHED
2026-08-18 14:21:27,robot_ec2b,STANDBY,REACHED
2026-08-18 14:21:26,robot_ec2b,MOVING,REACHED
2026-08-18 14:21:07,robot_ec2b,MOVING,ACTIVE
2026-08-18 14:21:06,robot_ec2b,STANDBY,ACTIVE
2026-08-18 14:21:04,robot_ec2b,STANDBY,REACHED
2026-08-18 14:21:02,robot_ec2b,LOCKED,REACHED
2026-08-18 14:21:01,robot_ec2b,STANDBY,REACHED
2026-08-18 14:21:01,robot_ec2b,MOVING,REACHED
2026-08-18 14:20:37,robot_ec2b,MOVING,ACTIVE
2026-08-18 14:20:36,robot_ec2b,STANDBY,ACTIVE
2026-08-18 14:20:34,robot_ec2b,STANDBY,REACHED
2026-08-18 14:20:32,robot_ec2b,LOCKED,REACHED
2026-08-18 14:20:31,robot_ec2b,STANDBY,REACHED
2026-08-18 14:20:30,robot_ec2b,MOVING,REACHED
2026-08-18 14:20:11,robot_ec2b,MOVING,ACTIVE
2026-08-18 14:20:10,robot_ec2b,STANDBY,ACTIVE
2026-08-18 14:20:08,robot_ec2b,STANDBY,REACHED
2026-08-18 14:20:06,robot_ec2b,LOCKED,REACHED
2026-08-18 14:20:05,robot_ec2b,MANUAL,REACHED
2026-08-18 14:20:05,robot_ec2b,MOVING,REACHED
2026-08-18 14:19:37,robot_ec2b,MOVING,ACTIVE
2026-08-18 14:19:34,robot_ec2b,STANDBY,REACHED
2026-08-18 14:19:32,robot_ec2b,LOCKED,REACHED
2026-08-18 14:19:31,robot_ec2b,STANDBY,REACHED
2026-08-18 14:19:31,robot_ec2b,MOVING,REACHED
2026-08-18 14:19:11,robot_ec2b,MOVING,ACTIVE
2026-08-18 14:19:11,robot_ec2b,STANDBY,ACTIVE
2026-08-18 14:19:08,robot_ec2b,STANDBY,REACHED
2026-08-18 14:19:06,robot_ec2b,LOCKED,REACHED
2026-08-18 14:19:05,robot_ec2b,MOVING,REACHED
2026-08-18 14:18:42,robot_ec2b,MOVING,ACTIVE
2026-08-18 14:18:42,robot_ec2b,STANDBY,ACTIVE
2026-08-18 14:18:39,robot_ec2b,STANDBY,REACHED
2026-08-18 14:18:37,robot_ec2b,LOCKED,REACHED
2026-08-18 14:18:36,robot_ec2b,STANDBY,REACHED
2026-08-18 14:18:16,robot_ec2b,MOVING,ACTIVE
2026-08-18 14:18:16,robot_ec2b,STANDBY,ACTIVE
2026-08-18 14:18:13,robot_ec2b,STANDBY,REACHED
2026-08-18 14:18:11,robot_ec2b,LOCKED,REACHED
2026-08-18 14:18:11,robot_ec2b,STANDBY,REACHED
2026-08-18 14:18:10,robot_ec2b,MOVING,REACHED
2026-08-18 14:17:44,robot_ec2b,MOVING,ACTIVE
2026-08-18 14:17:44,robot_ec2b,STANDBY,ACTIVE
2026-08-18 14:17:42,robot_ec2b,STANDBY,REACHED
2026-08-18 14:17:39,robot_ec2b,LOCKED,REACHED
2026-08-18 14:17:39,robot_ec2b,STANDBY,REACHED
2026-08-18 14:17:38,robot_ec2b,MANUAL,REACHED
2026-08-18 14:17:38,robot_ec2b,MOVING,REACHED
2026-08-18 14:17:18,robot_ec2b,MOVING,ACTIVE
2026-08-18 14:17:17,robot_ec2b,STANDBY,ACTIVE
2026-08-18 14:17:15,robot_ec2b,STANDBY,REACHED
2026-08-18 14:17:12,robot_ec2b,LOCKED,REACHED
2026-08-18 14:17:12,robot_ec2b,STANDBY,REACHED
2026-08-18 14:17:11,robot_ec2b,MANUAL,REACHED
2026-08-18 14:16:48,robot_ec2b,MOVING,ACTIVE
2026-08-18 14:16:47,robot_ec2b,STANDBY,ACTIVE
2026-08-18 14:16:45,robot_ec2b,STANDBY,REACHED
2026-08-18 14:16:42,robot_ec2b,LOCKED,REACHED
2026-08-18 14:16:42,robot_ec2b,MOVING,REACHED
2026-08-18 14:16:22,robot_ec2b,MOVING,ACTIVE
2026-08-18 14:16:21,robot_ec2b,STANDBY,ACTIVE
2026-08-18 14:16:19,robot_ec2b,STANDBY,REACHED
2026-08-18 14:16:17,robot_ec2b,LOCKED,REACHED
2026-08-18 14:16:16,robot_ec2b,STANDBY,REACHED
2026-08-18 14:16:16,robot_ec2b,MANUAL,REACHED
2026-08-18 14:16:15,robot_ec2b,MOVING,REACHED
2026-08-18 14:15:51,robot_ec2b,MOVING,ACTIVE
2026-08-18 14:15:50,robot_ec2b,STANDBY,ACTIVE
2026-08-18 14:15:48,robot_ec2b,STANDBY,REACHED
2026-08-18 14:15:46,robot_ec2b,LOCKED,REACHED
2026-08-18 14:15:45,robot_ec2b,STANDBY,REACHED
2026-08-18 14:15:45,robot_ec2b,MANUAL,REACHED
2026-08-18 14:15:44,robot_ec2b,MOVING,REACHED
2026-08-18 14:15:25,robot_ec2b,MOVING,ACTIVE
2026-08-18 14:15:22,robot_ec2b,STANDBY,REACHED
2026-08-18 14:15:20,robot_ec2b,LOCKED,REACHED
2026-08-18 14:15:19,robot_ec2b,STANDBY,REACHED
2026-08-18 14:15:19,robot_ec2b,MOVING,REACHED
2026-08-18 14:14:55,robot_ec2b,MOVING,ACTIVE
2026-08-18 14:14:55,robot_ec2b,STANDBY,ACTIVE
2026-08-18 14:14:52,robot_ec2b,STANDBY,REACHED
2026-08-18 14:14:50,robot_ec2b,LOCKED,REACHED
2026-08-18 14:14:49,robot_ec2b,STANDBY,REACHED
2026-08-18 14:14:49,robot_ec2b,MOVING,REACHED
2026-08-18 14:14:29,robot_ec2b,MOVING,ACTIVE
2026-08-18 14:14:29,robot_ec2b,STANDBY,ACTIVE
2026-08-18 14:14:26,robot_ec2b,STANDBY,REACHED
2026-08-18 14:14:24,robot_ec2b,LOCKED,REACHED
2026-08-18 14:14:24,robot_ec2b,STANDBY,REACHED
2026-08-18 14:14:23,robot_ec2b,MOVING,REACHED
2026-08-18 14:13:59,robot_ec2b,MOVING,ACTIVE
2026-08-18 14:13:59,robot_ec2b,STANDBY,ACTIVE
2026-08-18 14:13:56,robot_ec2b,STANDBY,REACHED
2026-08-18 14:13:54,robot_ec2b,LOCKED,REACHED
2026-08-18 14:13:54,robot_ec2b,STANDBY,REACHED
2026-08-18 14:13:53,robot_ec2b,MOVING,REACHED
2026-08-18 14:13:33,robot_ec2b,MOVING,ACTIVE
2026-08-18 14:13:33,robot_ec2b,STANDBY,ACTIVE
2026-08-18 14:13:31,robot_ec2b,STANDBY,REACHED
2026-08-18 14:13:28,robot_ec2b,LOCKED,REACHED
2026-08-18 14:13:28,robot_ec2b,STANDBY,REACHED
2026-08-18 14:13:27,robot_ec2b,MOVING,REACHED
2026-08-18 14:13:03,robot_ec2b,MOVING,ACTIVE
2026-08-18 14:13:01,robot_ec2b,STANDBY,REACHED
2026-08-18 14:12:58,robot_ec2b,LOCKED,REACHED
2026-08-18 14:12:58,robot_ec2b,MOVING,REACHED
2026-08-18 14:12:38,robot_ec2b,MOVING,ACTIVE
2026-08-18 14:12:37,robot_ec2b,STANDBY,ACTIVE
2026-08-18 14:12:35,robot_ec2b,STANDBY,REACHED
2026-08-18 14:12:32,robot_ec2b,LOCKED,REACHED
2026-08-18 14:12:32,robot_ec2b,MANUAL,REACHED
2026-08-18 14:12:06,robot_ec2b,MOVING,ACTIVE
2026-08-18 14:12:05,robot_ec2b,STANDBY,ACTIVE
2026-08-18 14:12:03,robot_ec2b,STANDBY,REACHED
2026-08-18 14:12:00,robot_ec2b,LOCKED,REACHED
2026-08-18 14:12:00,robot_ec2b,STANDBY,REACHED
2026-08-18 14:11:59,robot_ec2b,MOVING,REACHED
2026-08-18 14:11:40,robot_ec2b,MOVING,ACTIVE
2026-08-18 14:11:39,robot_ec2b,STANDBY,ACTIVE
2026-08-18 14:11:37,robot_ec2b,STANDBY,REACHED
2026-08-18 14:11:35,robot_ec2b,LOCKED,REACHED
2026-08-18 14:11:34,robot_ec2b,STANDBY,REACHED
2026-08-18 14:11:33,robot_ec2b,MOVING,REACHED
2026-08-18 14:11:10,robot_ec2b,MOVING,ACTIVE
2026-08-18 14:11:09,robot_ec2b,STANDBY,ACTIVE
2026-08-18 14:11:07,robot_ec2b,STANDBY,REACHED
2026-08-18 14:11:05,robot_ec2b,LOCKED,REACHED
2026-08-18 14:11:04,robot_ec2b,STANDBY,REACHED
2026-08-18 14:11:04,robot_ec2b,MOVING,REACHED
2026-08-18 14:10:44,robot_ec2b,MOVING,ACTIVE
2026-08-18 14:10:43,robot_ec2b,STANDBY,ACTIVE
2026-08-18 14:10:41,robot_ec2b,STANDBY,REACHED
2026-08-18 14:10:39,robot_ec2b,LOCKED,REACHED
2026-08-18 14:10:38,robot_ec2b,STANDBY,REACHED
2026-08-18 14:10:37,robot_ec2b,MOVING,REACHED
2026-08-18 14:10:14,robot_ec2b,MOVING,ACTIVE
2026-08-18 14:10:13,robot_ec2b,STANDBY,ACTIVE
2026-08-18 14:10:11,robot_ec2b,STANDBY,REACHED
2026-08-18 14:10:09,robot_ec2b,LOCKED,REACHED
2026-08-18 14:10:08,robot_ec2b,MANUAL,REACHED
2026-08-18 14:09:48,robot_ec2b,MOVING,ACTIVE
2026-08-18 14:09:47,robot_ec2b,STANDBY,ACTIVE
2026-08-18 14:09:45,robot_ec2b,STANDBY,REACHED
2026-08-18 14:09:43,robot_ec2b,LOCKED,REACHED
2026-08-18 14:09:42,robot_ec2b,MANUAL,REACHED
2026-08-18 14:09:42,robot_ec2b,MOVING,REACHED
2026-08-18 14:09:18,robot_ec2b,MOVING,ACTIVE
2026-08-18 14:09:17,robot_ec2b,STANDBY,ACTIVE
2026-08-18 14:09:15,robot_ec2b,STANDBY,REACHED
2026-08-18 14:09:13,robot_ec2b,LOCKED,REACHED
2026-08-18 14:09:12,robot_ec2b,STANDBY,REACHED
2026-08-18 14:09:12,robot_ec2b,MANUAL,REACHED
2026-08-18 14:09:11,robot_ec2b,MOVING,REACHED
2026-08-18 14:08:51,robot_ec2b,MOVING,ACTIVE
2026-08-18 14:08:51,robot_ec2b,STANDBY,ACTIVE
2026-08-18 14:08:48,robot_ec2b,STANDBY,REACHED
2026-08-18 14:08:46,robot_ec2b,LOCKED,REACHED
2026-08-18 14:08:45,robot_ec2b,STANDBY,REACHED
2026-08-18 14:08:45,robot_ec2b,MOVING,REACHED
2026-08-18 14:08:21,robot_ec2b,MOVING,ACTIVE
2026-08-18 14:08:21,robot_ec2b,STANDBY,ACTIVE
2026-08-18 14:08:18,robot_ec2b,STANDBY,REACHED
2026-08-18 14:08:16,robot_ec2b,LOCKED,REACHED
2026-08-18 14:08:15,robot_ec2b,MANUAL,REACHED
2026-08-18 14:08:15,robot_ec2b,MOVING,REACHED
2026-08-18 14:07:55,robot_ec2b,MOVING,ACTIVE
2026-08-18 14:07:55,robot_ec2b,STANDBY,ACTIVE
2026-08-18 14:07:52,robot_ec2b,STANDBY,REACHED
2026-08-18 14:07:50,robot_ec2b,LOCKED,REACHED
2026-08-18 14:07:50,robot_ec2b,STANDBY,REACHED
2026-08-18 14:07:49,robot_ec2b,MANUAL,REACHED
2026-08-18 14:07:49,robot_ec2b,MOVING,REACHED
2026-08-18 14:07:23,robot_ec2b,MOVING,ACTIVE
2026-08-18 14:07:23,robot_ec2b,STANDBY,ACTIVE
2026-08-18 14:07:20,robot_ec2b,STANDBY,REACHED
2026-08-18 14:07:18,robot_ec2b,LOCKED,REACHED
2026-08-18 14:07:18,robot_ec2b,MANUAL,REACHED
2026-08-18 14:07:17,robot_ec2b,MOVING,REACHED
2026-08-18 14:06:57,robot_ec2b,MOVING,ACTIVE
2026-08-18 14:06:57,robot_ec2b,STANDBY,ACTIVE
2026-08-18 14:06:55,robot_ec2b,STANDBY,REACHED
2026-08-18 14:06:52,robot_ec2b,LOCKED,REACHED
2026-08-18 14:06:52,robot_ec2b,MOVING,REACHED
2026-08-18 14:06:29,robot_ec2b,MOVING,ACTIVE
2026-08-18 14:06:28,robot_ec2b,STANDBY,ACTIVE
2026-08-18 14:06:26,robot_ec2b,STANDBY,REACHED
2026-08-18 14:06:23,robot_ec2b,LOCKED,REACHED
2026-08-18 14:06:23,robot_ec2b,MANUAL,REACHED
2026-08-18 14:06:22,robot_ec2b,MOVING,REACHED
2026-08-18 14:06:03,robot_ec2b,MOVING,ACTIVE
2026-08-18 14:06:02,robot_ec2b,STANDBY,ACTIVE
2026-08-18 14:06:00,robot_ec2b,STANDBY,REACHED
2026-08-18 14:05:57,robot_ec2b,LOCKED,REACHED
2026-08-18 14:05:57,robot_ec2b,MOVING,REACHED
2026-08-18 14:05:33,robot_ec2b,MOVING,ACTIVE
2026-08-18 14:05:32,robot_ec2b,STANDBY,ACTIVE
2026-08-18 14:05:30,robot_ec2b,STANDBY,REACHED
2026-08-18 14:05:28,robot_ec2b,LOCKED,REACHED
2026-08-18 14:05:27,robot_ec2b,STANDBY,REACHED
2026-08-18 14:05:27,robot_ec2b,MANUAL,REACHED
2026-08-18 14:05:07,robot_ec2b,MOVING,ACTIVE
2026-08-18 14:05:06,robot_ec2b,STANDBY,ACTIVE
2026-08-18 14:05:04,robot_ec2b,STANDBY,REACHED
2026-08-18 14:05:02,robot_ec2b,LOCKED,REACHED
2026-08-18 14:05:01,robot_ec2b,STANDBY,REACHED
2026-08-18 14:05:01,robot_ec2b,MOVING,REACHED
2026-08-18 14:04:41,robot_ec2b,MOVING,ACTIVE
2026-08-18 14:04:40,robot_ec2b,STANDBY,ACTIVE
2026-08-18 14:04:38,robot_ec2b,STANDBY,REACHED
2026-08-18 14:04:36,robot_ec2b,LOCKED,REACHED
2026-08-18 14:04:35,robot_ec2b,STANDBY,REACHED
2026-08-18 14:04:35,robot_ec2b,MOVING,REACHED
2026-08-18 14:04:15,robot_ec2b,MOVING,ACTIVE
2026-08-18 14:04:15,robot_ec2b,STANDBY,ACTIVE
2026-08-18 14:04:12,robot_ec2b,STANDBY,REACHED
2026-08-18 14:04:10,robot_ec2b,LOCKED,REACHED
2026-08-18 14:04:09,robot_ec2b,MOVING,REACHED
2026-08-18 14:03:49,robot_ec2b,MOVING,ACTIVE
2026-08-18 14:03:46,robot_ec2b,STANDBY,REACHED
2026-08-18 14:03:44,robot_ec2b,LOCKED,REACHED
2026-08-18 14:03:43,robot_ec2b,MOVING,REACHED
2026-08-18 14:03:24,robot_ec2b,MOVING,ACTIVE
2026-08-18 14:03:23,robot_ec2b,STANDBY,ACTIVE
2026-08-18 14:03:21,robot_ec2b,STANDBY,REACHED
2026-08-18 14:03:19,robot_ec2b,LOCKED,REACHED
2026-08-18 14:03:18,robot_ec2b,MOVING,REACHED
2026-08-18 14:02:54,robot_ec2b,MOVING,ACTIVE
2026-08-18 14:02:51,robot_ec2b,STANDBY,REACHED
2026-08-18 14:02:49,robot_ec2b,LOCKED,REACHED
2026-08-18 14:02:48,robot_ec2b,STANDBY,REACHED
2026-08-18 14:02:48,robot_ec2b,MOVING,REACHED
2026-08-18 14:02:28,robot_ec2b,MOVING,ACTIVE
2026-08-18 14:02:28,robot_ec2b,STANDBY,ACTIVE
2026-08-18 14:02:25,robot_ec2b,STANDBY,REACHED
2026-08-18 14:02:23,robot_ec2b,LOCKED,REACHED
2026-08-18 14:02:22,robot_ec2b,STANDBY,REACHED
2026-08-18 14:02:22,robot_ec2b,MANUAL,REACHED
2026-08-18 14:02:00,robot_ec2b,MOVING,ACTIVE
2026-08-18 14:02:00,robot_ec2b,STANDBY,ACTIVE
2026-08-18 14:01:57,robot_ec2b,STANDBY,REACHED
2026-08-18 14:01:55,robot_ec2b,LOCKED,REACHED
2026-08-18 14:01:55,robot_ec2b,STANDBY,REACHED
2026-08-18 14:01:54,robot_ec2b,MANUAL,REACHED
2026-08-18 14:01:54,robot_ec2b,MOVING,REACHED
2026-08-18 14:01:34,robot_ec2b,MOVING,ACTIVE
2026-08-18 14:01:34,robot_ec2b,STANDBY,ACTIVE
2026-08-18 14:01:31,robot_ec2b,STANDBY,REACHED
2026-08-18 14:01:29,robot_ec2b,LOCKED,REACHED
2026-08-18 14:01:29,robot_ec2b,STANDBY,REACHED
2026-08-18 14:01:28,robot_ec2b,MANUAL,REACHED
2026-08-18 14:01:28,robot_ec2b,MOVING,REACHED
2026-08-18 14:01:01,robot_ec2b,MOVING,ACTIVE
2026-08-18 14:01:01,robot_ec2b,STANDBY,ACTIVE
2026-08-18 14:00:58,robot_ec2b,STANDBY,REACHED
2026-08-18 14:00:56,robot_ec2b,LOCKED,REACHED
2026-08-18 14:00:56,robot_ec2b,STANDBY,REACHED
2026-08-18 14:00:55,robot_ec2b,MANUAL,REACHED
2026-08-18 14:00:35,robot_ec2b,MOVING,ACTIVE
2026-08-18 14:00:33,robot_ec2b,STANDBY,REACHED
2026-08-18 14:00:30,robot_ec2b,LOCKED,REACHED
2026-08-18 14:00:30,robot_ec2b,STANDBY,REACHED
2026-08-18 14:00:29,robot_ec2b,MOVING,REACHED
2026-08-18 14:00:06,robot_ec2b,MOVING,ACTIVE
2026-08-18 14:00:05,robot_ec2b,STANDBY,ACTIVE
2026-08-18 14:00:03,robot_ec2b,STANDBY,REACHED
2026-08-18 14:00:01,robot_ec2b,LOCKED,REACHED
2026-08-18 14:00:00,robot_ec2b,STANDBY,REACHED
2026-08-18 13:59:59,robot_ec2b,MOVING,REACHED
2026-08-18 13:59:40,robot_ec2b,MOVING,ACTIVE
2026-08-18 13:59:39,robot_ec2b,STANDBY,ACTIVE
2026-08-18 13:59:37,robot_ec2b,STANDBY,REACHED
2026-08-18 13:59:35,robot_ec2b,LOCKED,REACHED
2026-08-18 13:59:34,robot_ec2b,STANDBY,REACHED
2026-08-18 13:59:34,robot_ec2b,MOVING,REACHED
2026-08-18 13:59:12,robot_ec2b,MOVING,ACTIVE
2026-08-18 13:59:11,robot_ec2b,STANDBY,ACTIVE
2026-08-18 13:59:09,robot_ec2b,STANDBY,REACHED
2026-08-18 13:59:07,robot_ec2b,LOCKED,REACHED
2026-08-18 13:59:06,robot_ec2b,STANDBY,REACHED
2026-08-18 13:59:06,robot_ec2b,MOVING,REACHED
2026-08-18 13:58:46,robot_ec2b,MOVING,ACTIVE
2026-08-18 13:58:45,robot_ec2b,STANDBY,ACTIVE
2026-08-18 13:58:43,robot_ec2b,STANDBY,REACHED
2026-08-18 13:58:41,robot_ec2b,LOCKED,REACHED
2026-08-18 13:58:40,robot_ec2b,STANDBY,REACHED
2026-08-18 13:58:40,robot_ec2b,MOVING,REACHED
2026-08-18 13:58:20,robot_ec2b,MOVING,ACTIVE
2026-08-18 13:58:19,robot_ec2b,STANDBY,ACTIVE
2026-08-18 13:58:17,robot_ec2b,STANDBY,REACHED
2026-08-18 13:58:15,robot_ec2b,LOCKED,REACHED
2026-08-18 13:58:14,robot_ec2b,MOVING,REACHED
2026-08-18 13:57:55,robot_ec2b,MOVING,ACTIVE
2026-08-18 13:57:54,robot_ec2b,STANDBY,ACTIVE
2026-08-18 13:57:52,robot_ec2b,STANDBY,REACHED
2026-08-18 13:57:50,robot_ec2b,LOCKED,REACHED
2026-08-18 13:57:49,robot_ec2b,STANDBY,REACHED
2026-08-18 13:57:49,robot_ec2b,MANUAL,REACHED
2026-08-18 13:57:25,robot_ec2b,MOVING,ACTIVE
2026-08-18 13:57:25,robot_ec2b,STANDBY,ACTIVE
2026-08-18 13:57:22,robot_ec2b,STANDBY,REACHED
2026-08-18 13:57:20,robot_ec2b,LOCKED,REACHED
2026-08-18 13:57:19,robot_ec2b,STANDBY,REACHED
2026-08-18 13:57:19,robot_ec2b,MOVING,REACHED
2026-08-18 13:56:59,robot_ec2b,MOVING,ACTIVE
2026-08-18 13:56:59,robot_ec2b,STANDBY,ACTIVE
2026-08-18 13:56:56,robot_ec2b,STANDBY,REACHED
2026-08-18 13:56:54,robot_ec2b,LOCKED,REACHED
2026-08-18 13:56:54,robot_ec2b,STANDBY,REACHED
2026-08-18 13:56:53,robot_ec2b,MOVING,REACHED
2026-08-18 13:56:29,robot_ec2b,MOVING,ACTIVE
2026-08-18 13:56:29,robot_ec2b,STANDBY,ACTIVE
2026-08-18 13:56:26,robot_ec2b,STANDBY,REACHED
2026-08-18 13:56:24,robot_ec2b,LOCKED,REACHED
2026-08-18 13:56:24,robot_ec2b,STANDBY,REACHED
2026-08-18 13:56:23,robot_ec2b,MANUAL,REACHED
2026-08-18 13:56:03,robot_ec2b,MOVING,ACTIVE
2026-08-18 13:56:03,robot_ec2b,STANDBY,ACTIVE
2026-08-18 13:56:00,robot_ec2b,STANDBY,REACHED
2026-08-18 13:55:58,robot_ec2b,LOCKED,REACHED
2026-08-18 13:55:58,robot_ec2b,MANUAL,REACHED
2026-08-18 13:55:57,robot_ec2b,MOVING,REACHED
2026-08-18 13:55:33,robot_ec2b,MOVING,ACTIVE
2026-08-18 13:55:33,robot_ec2b,STANDBY,ACTIVE
2026-08-18 13:55:30,robot_ec2b,STANDBY,REACHED
2026-08-18 13:55:28,robot_ec2b,LOCKED,REACHED
2026-08-18 13:55:28,robot_ec2b,MOVING,REACHED
2026-08-18 13:55:08,robot_ec2b,MOVING,ACTIVE
2026-08-18 13:55:08,robot_ec2b,STANDBY,ACTIVE
2026-08-18 13:55:05,robot_ec2b,STANDBY,REACHED
2026-08-18 13:55:03,robot_ec2b,LOCKED,REACHED
2026-08-18 13:55:03,robot_ec2b,MOVING,REACHED
2026-08-18 13:54:40,robot_ec2b,MOVING,ACTIVE
2026-08-18 13:54:39,robot_ec2b,STANDBY,ACTIVE
2026-08-18 13:54:37,robot_ec2b,STANDBY,REACHED
2026-08-18 13:54:34,robot_ec2b,LOCKED,REACHED
2026-08-18 13:54:34,robot_ec2b,MANUAL,REACHED
2026-08-18 13:54:33,robot_ec2b,MOVING,REACHED
2026-08-18 13:54:14,robot_ec2b,MOVING,ACTIVE
2026-08-18 13:54:13,robot_ec2b,STANDBY,ACTIVE
2026-08-18 13:54:11,robot_ec2b,STANDBY,REACHED
2026-08-18 13:54:08,robot_ec2b,LOCKED,REACHED
2026-08-18 13:54:08,robot_ec2b,MANUAL,REACHED
2026-08-18 13:54:07,robot_ec2b,MOVING,REACHED
2026-08-18 13:53:44,robot_ec2b,MOVING,ACTIVE
2026-08-18 13:53:43,robot_ec2b,STANDBY,ACTIVE
2026-08-18 13:53:41,robot_ec2b,STANDBY,REACHED
2026-08-18 13:53:39,robot_ec2b,LOCKED,REACHED
2026-08-18 13:53:38,robot_ec2b,MANUAL,REACHED
2026-08-18 13:53:38,robot_ec2b,MOVING,REACHED
2026-08-18 13:53:18,robot_ec2b,MOVING,ACTIVE
2026-08-18 13:53:17,robot_ec2b,STANDBY,ACTIVE
2026-08-18 13:53:15,robot_ec2b,STANDBY,REACHED
2026-08-18 13:53:13,robot_ec2b,LOCKED,REACHED
2026-08-18 13:53:12,robot_ec2b,STANDBY,REACHED
2026-08-18 13:53:12,robot_ec2b,MANUAL,REACHED
2026-08-18 13:53:11,robot_ec2b,MOVING,REACHED
2026-08-18 13:52:47,robot_ec2b,MOVING,ACTIVE
2026-08-18 13:52:46,robot_ec2b,STANDBY,ACTIVE
2026-08-18 13:52:44,robot_ec2b,STANDBY,REACHED
2026-08-18 13:52:42,robot_ec2b,LOCKED,REACHED
2026-08-18 13:52:41,robot_ec2b,STANDBY,REACHED
2026-08-18 13:52:41,robot_ec2b,MOVING,REACHED
2026-08-18 13:52:21,robot_ec2b,MOVING,ACTIVE
2026-08-18 13:52:21,robot_ec2b,STANDBY,ACTIVE
2026-08-18 13:52:18,robot_ec2b,STANDBY,REACHED
2026-08-18 13:52:16,robot_ec2b,LOCKED,REACHED
2026-08-18 13:52:15,robot_ec2b,STANDBY,REACHED
2026-08-18 13:52:15,robot_ec2b,MANUAL,REACHED
2026-08-18 13:52:14,robot_ec2b,MOVING,REACHED
2026-08-18 13:51:50,robot_ec2b,MOVING,ACTIVE
2026-08-18 13:51:50,robot_ec2b,STANDBY,ACTIVE
2026-08-18 13:51:47,robot_ec2b,STANDBY,REACHED
2026-08-18 13:51:45,robot_ec2b,LOCKED,REACHED
2026-08-18 13:51:45,robot_ec2b,STANDBY,REACHED
2026-08-18 13:51:44,robot_ec2b,MOVING,REACHED
2026-08-18 13:51:24,robot_ec2b,MOVING,ACTIVE
2026-08-18 13:51:24,robot_ec2b,STANDBY,ACTIVE
2026-08-18 13:51:21,robot_ec2b,STANDBY,REACHED
2026-08-18 13:51:19,robot_ec2b,LOCKED,REACHED
2026-08-18 13:51:18,robot_ec2b,MOVING,REACHED
2026-08-18 13:50:54,robot_ec2b,MOVING,ACTIVE
2026-08-18 13:50:54,robot_ec2b,STANDBY,ACTIVE
2026-08-18 13:50:51,robot_ec2b,STANDBY,REACHED
2026-08-18 13:50:49,robot_ec2b,LOCKED,REACHED
2026-08-18 13:50:48,robot_ec2b,STANDBY,REACHED
2026-08-18 13:50:48,robot_ec2b,MOVING,REACHED
2026-08-18 13:50:28,robot_ec2b,MOVING,ACTIVE
2026-08-18 13:50:28,robot_ec2b,STANDBY,ACTIVE
2026-08-18 13:50:25,robot_ec2b,STANDBY,REACHED
2026-08-18 13:50:23,robot_ec2b,LOCKED,REACHED
2026-08-18 13:50:23,robot_ec2b,MANUAL,REACHED
2026-08-18 13:50:22,robot_ec2b,MOVING,REACHED
2026-08-18 13:49:58,robot_ec2b,MOVING,ACTIVE
2026-08-18 13:49:58,robot_ec2b,STANDBY,ACTIVE
2026-08-18 13:49:56,robot_ec2b,STANDBY,REACHED
2026-08-18 13:49:53,robot_ec2b,LOCKED,REACHED
2026-08-18 13:49:53,robot_ec2b,STANDBY,REACHED
2026-08-18 13:49:52,robot_ec2b,MOVING,REACHED
2026-08-18 13:49:33,robot_ec2b,MOVING,ACTIVE
2026-08-18 13:49:32,robot_ec2b,STANDBY,ACTIVE
2026-08-18 13:49:30,robot_ec2b,STANDBY,REACHED
2026-08-18 13:49:27,robot_ec2b,LOCKED,REACHED
2026-08-18 13:49:27,robot_ec2b,STANDBY,REACHED
2026-08-18 13:49:26,robot_ec2b,MOVING,REACHED
2026-08-18 13:49:03,robot_ec2b,MOVING,ACTIVE
2026-08-18 13:49:02,robot_ec2b,STANDBY,ACTIVE
2026-08-18 13:49:00,robot_ec2b,STANDBY,REACHED
2026-08-18 13:48:58,robot_ec2b,LOCKED,REACHED
2026-08-18 13:48:57,robot_ec2b,STANDBY,REACHED
2026-08-18 13:48:56,robot_ec2b,MOVING,REACHED
2026-08-18 13:48:37,robot_ec2b,MOVING,ACTIVE
2026-08-18 13:48:36,robot_ec2b,STANDBY,ACTIVE
2026-08-18 13:48:34,robot_ec2b,STANDBY,REACHED
2026-08-18 13:48:32,robot_ec2b,LOCKED,REACHED
2026-08-18 13:48:31,robot_ec2b,STANDBY,REACHED
2026-08-18 13:48:31,robot_ec2b,MOVING,REACHED
2026-08-18 13:48:09,robot_ec2b,MOVING,ACTIVE
2026-08-18 13:48:08,robot_ec2b,STANDBY,ACTIVE
2026-08-18 13:48:06,robot_ec2b,STANDBY,REACHED
2026-08-18 13:48:04,robot_ec2b,LOCKED,REACHED
2026-08-18 13:48:03,robot_ec2b,STANDBY,REACHED
2026-08-18 13:48:03,robot_ec2b,MANUAL,REACHED
2026-08-18 13:48:02,robot_ec2b,MOVING,REACHED
2026-08-18 13:47:43,robot_ec2b,MOVING,ACTIVE
2026-08-18 13:47:40,robot_ec2b,STANDBY,REACHED
2026-08-18 13:47:38,robot_ec2b,LOCKED,REACHED
2026-08-18 13:47:37,robot_ec2b,MANUAL,REACHED
2026-08-18 13:47:37,robot_ec2b,MOVING,REACHED
2026-08-18 13:47:13,robot_ec2b,MOVING,ACTIVE
2026-08-18 13:47:13,robot_ec2b,STANDBY,ACTIVE
2026-08-18 13:47:10,robot_ec2b,STANDBY,REACHED
2026-08-18 13:47:08,robot_ec2b,LOCKED,REACHED
2026-08-18 13:47:07,robot_ec2b,MANUAL,REACHED
2026-08-18 13:47:07,robot_ec2b,MOVING,REACHED
2026-08-18 13:46:47,robot_ec2b,MOVING,ACTIVE
2026-08-18 13:46:47,robot_ec2b,STANDBY,ACTIVE
2026-08-18 13:46:44,robot_ec2b,STANDBY,REACHED
2026-08-18 13:46:42,robot_ec2b,LOCKED,REACHED
2026-08-18 13:46:42,robot_ec2b,STANDBY,REACHED
2026-08-18 13:46:41,robot_ec2b,MANUAL,REACHED
2026-08-18 13:46:41,robot_ec2b,MOVING,REACHED
2026-08-18 13:46:20,robot_ec2b,MOVING,ACTIVE
2026-08-18 13:46:20,robot_ec2b,STANDBY,ACTIVE
2026-08-18 13:46:17,robot_ec2b,STANDBY,REACHED
2026-08-18 13:46:15,robot_ec2b,LOCKED,REACHED
2026-08-18 13:46:15,robot_ec2b,MANUAL,REACHED
2026-08-18 13:46:14,robot_ec2b,MOVING,REACHED
2026-08-18 13:45:54,robot_ec2b,MOVING,ACTIVE
2026-08-18 13:45:54,robot_ec2b,STANDBY,ACTIVE
2026-08-18 13:45:51,robot_ec2b,STANDBY,REACHED
2026-08-18 13:45:49,robot_ec2b,LOCKED,REACHED
2026-08-18 13:45:48,robot_ec2b,MOVING,REACHED
2026-08-18 13:45:30,robot_ec2b,MOVING,ACTIVE
2026-08-18 13:45:30,robot_ec2b,STANDBY,ACTIVE
2026-08-18 13:45:27,robot_ec2b,STANDBY,REACHED
2026-08-18 13:45:25,robot_ec2b,LOCKED,REACHED
2026-08-18 13:45:24,robot_ec2b,STANDBY,REACHED
2026-08-18 13:45:21,robot_ec2b,STANDBY,UNKNOWN
2026-08-18 13:45:14,robot_ec2b,LOCKED,UNKNOWN
2026-08-18 12:47:37,robot_ec2b,STANDBY,UNKNOWN
2026-08-18 12:47:29,robot_ec2b,ERROR,UNKNOWN
2026-08-18 12:46:15,robot_ec2b,LOCKED,CANCELED
2026-08-18 12:45:53,robot_ec2b,STANDBY,CANCELED
2026-08-18 12:45:47,robot_ec2b,LOCKED,CANCELED
2026-08-18 11:43:23,robot_ec2b,STANDBY,CANCELED
2026-08-18 11:43:23,robot_ec2b,STANDBY,ACTIVE
2026-08-18 11:43:20,robot_ec2b,STANDBY,REACHED
2026-08-18 11:43:17,robot_ec2b,LOCKED,REACHED
2026-08-18 11:43:17,robot_ec2b,MANUAL,REACHED
2026-08-18 11:42:52,robot_ec2b,MOVING,ACTIVE
2026-08-18 11:42:52,robot_ec2b,STANDBY,ACTIVE
2026-08-18 11:42:49,robot_ec2b,STANDBY,REACHED
2026-08-18 11:42:47,robot_ec2b,LOCKED,REACHED
2026-08-18 11:42:46,robot_ec2b,STANDBY,REACHED
2026-08-18 11:42:46,robot_ec2b,MOVING,REACHED
2026-08-18 11:42:26,robot_ec2b,MOVING,ACTIVE
2026-08-18 11:42:26,robot_ec2b,STANDBY,ACTIVE
2026-08-18 11:42:23,robot_ec2b,STANDBY,REACHED
2026-08-18 11:42:20,robot_ec2b,LOCKED,REACHED
2026-08-18 11:42:00,robot_ec2b,MOVING,ACTIVE
2026-08-18 11:42:00,robot_ec2b,STANDBY,ACTIVE
2026-08-18 11:41:57,robot_ec2b,STANDBY,REACHED
2026-08-18 11:41:54,robot_ec2b,LOCKED,REACHED
2026-08-18 11:41:54,robot_ec2b,MANUAL,REACHED
2026-08-18 11:41:34,robot_ec2b,MOVING,ACTIVE
2026-08-18 11:41:34,robot_ec2b,STANDBY,ACTIVE
2026-08-18 11:41:31,robot_ec2b,STANDBY,REACHED
2026-08-18 11:41:29,robot_ec2b,LOCKED,REACHED
2026-08-18 11:41:29,robot_ec2b,STANDBY,REACHED
2026-08-18 11:41:01,robot_ec2b,MOVING,ACTIVE
2026-08-18 11:41:01,robot_ec2b,STANDBY,ACTIVE
2026-08-18 11:40:58,robot_ec2b,STANDBY,REACHED
2026-08-18 11:40:56,robot_ec2b,LOCKED,REACHED
2026-08-18 11:40:56,robot_ec2b,STANDBY,REACHED
2026-08-18 11:40:55,robot_ec2b,MANUAL,REACHED
2026-08-18 11:40:35,robot_ec2b,MOVING,ACTIVE
2026-08-18 11:40:35,robot_ec2b,STANDBY,ACTIVE
2026-08-18 11:40:32,robot_ec2b,STANDBY,REACHED
2026-08-18 11:40:30,robot_ec2b,LOCKED,REACHED
2026-08-18 11:40:29,robot_ec2b,MANUAL,REACHED
2026-08-18 11:40:05,robot_ec2b,MOVING,ACTIVE
2026-08-18 11:40:03,robot_ec2b,STANDBY,REACHED
2026-08-18 11:40:00,robot_ec2b,LOCKED,REACHED
2026-08-18 11:39:59,robot_ec2b,MANUAL,REACHED
2026-08-18 11:39:40,robot_ec2b,MOVING,ACTIVE
2026-08-18 11:39:39,robot_ec2b,STANDBY,ACTIVE
2026-08-18 11:39:37,robot_ec2b,STANDBY,REACHED
2026-08-18 11:39:34,robot_ec2b,LOCKED,REACHED
2026-08-18 11:39:34,robot_ec2b,MOVING,REACHED
2026-08-18 11:39:09,robot_ec2b,MOVING,ACTIVE
2026-08-18 11:39:06,robot_ec2b,STANDBY,REACHED
2026-08-18 11:39:04,robot_ec2b,LOCKED,REACHED
2026-08-18 11:39:03,robot_ec2b,MANUAL,REACHED
2026-08-18 11:39:03,robot_ec2b,MOVING,REACHED
2026-08-18 11:38:43,robot_ec2b,MOVING,ACTIVE
2026-08-18 11:38:40,robot_ec2b,STANDBY,REACHED
2026-08-18 11:38:38,robot_ec2b,LOCKED,REACHED
2026-08-18 11:38:37,robot_ec2b,STANDBY,REACHED
2026-08-18 11:38:37,robot_ec2b,MANUAL,REACHED
2026-08-18 11:38:13,robot_ec2b,MOVING,ACTIVE
2026-08-18 11:38:10,robot_ec2b,STANDBY,REACHED
2026-08-18 11:38:08,robot_ec2b,LOCKED,REACHED
2026-08-18 11:38:07,robot_ec2b,STANDBY,REACHED
2026-08-18 11:38:07,robot_ec2b,MOVING,REACHED
2026-08-18 11:37:46,robot_ec2b,MOVING,ACTIVE
2026-08-18 11:37:44,robot_ec2b,STANDBY,REACHED
2026-08-18 11:37:42,robot_ec2b,LOCKED,REACHED
2026-08-18 11:37:41,robot_ec2b,MANUAL,REACHED
2026-08-18 11:37:41,robot_ec2b,MOVING,REACHED
2026-08-18 11:37:18,robot_ec2b,MOVING,ACTIVE
2026-08-18 11:37:18,robot_ec2b,STANDBY,ACTIVE
2026-08-18 11:37:15,robot_ec2b,STANDBY,REACHED
2026-08-18 11:37:13,robot_ec2b,LOCKED,REACHED
2026-08-18 11:36:52,robot_ec2b,MOVING,ACTIVE
2026-08-18 11:36:52,robot_ec2b,STANDBY,ACTIVE
2026-08-18 11:36:50,robot_ec2b,STANDBY,REACHED
2026-08-18 11:36:47,robot_ec2b,LOCKED,REACHED
2026-08-18 11:36:47,robot_ec2b,STANDBY,REACHED
2026-08-18 11:36:46,robot_ec2b,MANUAL,REACHED
2026-08-18 11:36:46,robot_ec2b,MOVING,REACHED
2026-08-18 11:36:22,robot_ec2b,MOVING,ACTIVE
2026-08-18 11:36:20,robot_ec2b,STANDBY,REACHED
2026-08-18 11:36:17,robot_ec2b,LOCKED,REACHED
2026-08-18 11:36:17,robot_ec2b,STANDBY,REACHED
2026-08-18 11:36:16,robot_ec2b,MOVING,REACHED
2026-08-18 11:35:56,robot_ec2b,MOVING,ACTIVE
2026-08-18 11:35:53,robot_ec2b,STANDBY,REACHED
2026-08-18 11:35:51,robot_ec2b,LOCKED,REACHED
2026-08-18 11:35:50,robot_ec2b,STANDBY,REACHED
2026-08-18 11:35:50,robot_ec2b,MOVING,REACHED
2026-08-18 11:35:26,robot_ec2b,MOVING,ACTIVE
2026-08-18 11:35:26,robot_ec2b,STANDBY,ACTIVE
2026-08-18 11:35:24,robot_ec2b,STANDBY,REACHED
2026-08-18 11:35:21,robot_ec2b,LOCKED,REACHED
2026-08-18 11:35:21,robot_ec2b,MANUAL,REACHED
2026-08-18 11:35:00,robot_ec2b,MOVING,ACTIVE
2026-08-18 11:34:58,robot_ec2b,STANDBY,REACHED
2026-08-18 11:34:55,robot_ec2b,LOCKED,REACHED
2026-08-18 11:34:55,robot_ec2b,STANDBY,REACHED
2026-08-18 11:34:30,robot_ec2b,MOVING,ACTIVE
2026-08-18 11:34:30,robot_ec2b,STANDBY,ACTIVE
2026-08-18 11:34:28,robot_ec2b,STANDBY,REACHED
2026-08-18 11:34:25,robot_ec2b,LOCKED,REACHED
2026-08-18 11:34:24,robot_ec2b,STANDBY,REACHED
2026-08-18 11:34:05,robot_ec2b,MOVING,ACTIVE
2026-08-18 11:34:04,robot_ec2b,STANDBY,ACTIVE
2026-08-18 11:34:02,robot_ec2b,STANDBY,REACHED
2026-08-18 11:33:59,robot_ec2b,LOCKED,REACHED
2026-08-18 11:33:59,robot_ec2b,STANDBY,REACHED
2026-08-18 11:33:58,robot_ec2b,MANUAL,REACHED
2026-08-18 11:33:58,robot_ec2b,MOVING,REACHED
2026-08-18 11:33:33,robot_ec2b,MOVING,ACTIVE
2026-08-18 11:33:32,robot_ec2b,STANDBY,ACTIVE
2026-08-18 11:33:30,robot_ec2b,STANDBY,REACHED
2026-08-18 11:33:27,robot_ec2b,LOCKED,REACHED
2026-08-18 11:33:26,robot_ec2b,STANDBY,REACHED
2026-08-18 11:33:06,robot_ec2b,MOVING,ACTIVE
2026-08-18 11:33:03,robot_ec2b,STANDBY,REACHED
2026-08-18 11:33:02,robot_ec2b,LOCKED,REACHED
2026-08-18 11:33:01,robot_ec2b,STANDBY,REACHED
2026-08-18 11:33:00,robot_ec2b,MANUAL,REACHED
2026-08-18 11:32:40,robot_ec2b,MOVING,ACTIVE
2026-08-18 11:32:38,robot_ec2b,STANDBY,REACHED
2026-08-18 11:32:35,robot_ec2b,LOCKED,REACHED
2026-08-18 11:32:35,robot_ec2b,MOVING,REACHED
2026-08-18 11:32:15,robot_ec2b,MOVING,ACTIVE
2026-08-18 11:32:12,robot_ec2b,STANDBY,REACHED
2026-08-18 11:32:10,robot_ec2b,LOCKED,REACHED
2026-08-18 11:32:08,robot_ec2b,STANDBY,REACHED
2026-08-18 11:31:45,robot_ec2b,MOVING,ACTIVE
2026-08-18 11:31:42,robot_ec2b,STANDBY,REACHED
2026-08-18 11:31:40,robot_ec2b,LOCKED,REACHED
2026-08-18 11:31:39,robot_ec2b,STANDBY,REACHED
2026-08-18 11:31:39,robot_ec2b,MOVING,REACHED
2026-08-18 11:31:19,robot_ec2b,MOVING,ACTIVE
2026-08-18 11:31:16,robot_ec2b,STANDBY,REACHED
2026-08-18 11:31:14,robot_ec2b,LOCKED,REACHED
2026-08-18 11:31:13,robot_ec2b,MOVING,REACHED
2026-08-18 11:30:49,robot_ec2b,MOVING,ACTIVE
2026-08-18 11:30:46,robot_ec2b,STANDBY,REACHED
2026-08-18 11:30:43,robot_ec2b,LOCKED,REACHED
2026-08-18 11:30:23,robot_ec2b,MOVING,ACTIVE
2026-08-18 11:30:23,robot_ec2b,STANDBY,ACTIVE
2026-08-18 11:30:20,robot_ec2b,STANDBY,REACHED
2026-08-18 11:30:18,robot_ec2b,LOCKED,REACHED
2026-08-18 11:29:57,robot_ec2b,MOVING,ACTIVE
2026-08-18 11:29:57,robot_ec2b,STANDBY,ACTIVE
2026-08-18 11:29:54,robot_ec2b,STANDBY,REACHED
2026-08-18 11:29:52,robot_ec2b,LOCKED,REACHED
2026-08-18 11:29:51,robot_ec2b,STANDBY,REACHED
2026-08-18 11:29:31,robot_ec2b,MOVING,ACTIVE
2026-08-18 11:29:31,robot_ec2b,STANDBY,ACTIVE
2026-08-18 11:29:29,robot_ec2b,STANDBY,REACHED
2026-08-18 11:29:26,robot_ec2b,LOCKED,REACHED
2026-08-18 11:29:26,robot_ec2b,STANDBY,REACHED
2026-08-18 11:29:25,robot_ec2b,MOVING,REACHED
2026-08-18 11:29:01,robot_ec2b,MOVING,ACTIVE
2026-08-18 11:28:59,robot_ec2b,STANDBY,REACHED
2026-08-18 11:28:56,robot_ec2b,LOCKED,REACHED
2026-08-18 11:28:55,robot_ec2b,MANUAL,REACHED
2026-08-18 11:28:35,robot_ec2b,MOVING,ACTIVE
2026-08-18 11:28:35,robot_ec2b,STANDBY,ACTIVE
2026-08-18 11:28:33,robot_ec2b,STANDBY,REACHED
2026-08-18 11:28:30,robot_ec2b,LOCKED,REACHED
2026-08-18 11:28:30,robot_ec2b,MOVING,REACHED
2026-08-18 11:28:02,robot_ec2b,MOVING,ACTIVE
2026-08-18 11:28:02,robot_ec2b,STANDBY,ACTIVE
2026-08-18 11:28:00,robot_ec2b,STANDBY,REACHED
2026-08-18 11:27:57,robot_ec2b,LOCKED,REACHED
2026-08-18 11:27:57,robot_ec2b,MOVING,REACHED
2026-08-18 11:27:36,robot_ec2b,MOVING,ACTIVE
2026-08-18 11:27:36,robot_ec2b,STANDBY,ACTIVE
2026-08-18 11:27:34,robot_ec2b,STANDBY,REACHED
2026-08-18 11:27:31,robot_ec2b,LOCKED,REACHED
2026-08-18 11:27:30,robot_ec2b,STANDBY,REACHED
2026-08-18 11:27:07,robot_ec2b,MOVING,ACTIVE
2026-08-18 11:27:06,robot_ec2b,STANDBY,ACTIVE
2026-08-18 11:27:04,robot_ec2b,STANDBY,REACHED
2026-08-18 11:27:01,robot_ec2b,LOCKED,REACHED
2026-08-18 11:27:00,robot_ec2b,MOVING,REACHED
2026-08-18 11:26:41,robot_ec2b,MOVING,ACTIVE
2026-08-18 11:26:38,robot_ec2b,STANDBY,REACHED
2026-08-18 11:26:36,robot_ec2b,LOCKED,REACHED
2026-08-18 11:26:35,robot_ec2b,STANDBY,REACHED
2026-08-18 11:26:35,robot_ec2b,MOVING,REACHED
2026-08-18 11:26:12,robot_ec2b,MOVING,ACTIVE
2026-08-18 11:26:09,robot_ec2b,STANDBY,REACHED
2026-08-18 11:26:07,robot_ec2b,LOCKED,REACHED
2026-08-18 11:26:06,robot_ec2b,STANDBY,REACHED
2026-08-18 11:26:06,robot_ec2b,MOVING,REACHED
2026-08-18 11:25:46,robot_ec2b,MOVING,ACTIVE
2026-08-18 11:25:43,robot_ec2b,STANDBY,REACHED
2026-08-18 11:25:41,robot_ec2b,LOCKED,REACHED
2026-08-18 11:25:40,robot_ec2b,MANUAL,REACHED
2026-08-18 11:25:40,robot_ec2b,MOVING,REACHED
2026-08-18 11:25:16,robot_ec2b,MOVING,ACTIVE
2026-08-18 11:25:13,robot_ec2b,STANDBY,REACHED
2026-08-18 11:25:11,robot_ec2b,LOCKED,REACHED
2026-08-18 11:25:10,robot_ec2b,MOVING,REACHED
2026-08-18 11:24:50,robot_ec2b,MOVING,ACTIVE
2026-08-18 11:24:49,robot_ec2b,STANDBY,ACTIVE
2026-08-18 11:24:47,robot_ec2b,STANDBY,REACHED
2026-08-18 11:24:45,robot_ec2b,LOCKED,REACHED
2026-08-18 11:24:44,robot_ec2b,STANDBY,REACHED
2026-08-18 11:24:43,robot_ec2b,MOVING,REACHED
2026-08-18 11:24:17,robot_ec2b,MOVING,ACTIVE
2026-08-18 11:24:17,robot_ec2b,STANDBY,ACTIVE
2026-08-18 11:24:14,robot_ec2b,STANDBY,REACHED
2026-08-18 11:24:11,robot_ec2b,LOCKED,REACHED
2026-08-18 11:23:51,robot_ec2b,MOVING,ACTIVE
2026-08-18 11:23:51,robot_ec2b,STANDBY,ACTIVE
2026-08-18 11:23:48,robot_ec2b,STANDBY,REACHED
2026-08-18 11:23:46,robot_ec2b,LOCKED,REACHED
2026-08-18 11:23:45,robot_ec2b,MANUAL,REACHED
2026-08-18 11:23:23,robot_ec2b,MOVING,ACTIVE
2026-08-18 11:23:23,robot_ec2b,STANDBY,ACTIVE
2026-08-18 11:23:20,robot_ec2b,STANDBY,REACHED
2026-08-18 11:23:18,robot_ec2b,LOCKED,REACHED
2026-08-18 11:23:18,robot_ec2b,MANUAL,REACHED
2026-08-18 11:22:57,robot_ec2b,MOVING,ACTIVE
2026-08-18 11:22:57,robot_ec2b,STANDBY,ACTIVE
2026-08-18 11:22:55,robot_ec2b,STANDBY,REACHED
2026-08-18 11:22:52,robot_ec2b,LOCKED,REACHED
2026-08-18 11:22:51,robot_ec2b,STANDBY,REACHED
2026-08-18 11:22:26,robot_ec2b,MOVING,ACTIVE
2026-08-18 11:22:24,robot_ec2b,STANDBY,REACHED
2026-08-18 11:22:21,robot_ec2b,LOCKED,REACHED
2026-08-18 11:22:20,robot_ec2b,STANDBY,REACHED
2026-08-18 11:22:20,robot_ec2b,MOVING,REACHED
2026-08-18 11:22:00,robot_ec2b,MOVING,ACTIVE
2026-08-18 11:22:00,robot_ec2b,STANDBY,ACTIVE
2026-08-18 11:21:57,robot_ec2b,STANDBY,REACHED
2026-08-18 11:21:55,robot_ec2b,LOCKED,REACHED
2026-08-18 11:21:54,robot_ec2b,MOVING,REACHED
2026-08-18 11:21:29,robot_ec2b,MOVING,ACTIVE
2026-08-18 11:21:27,robot_ec2b,STANDBY,REACHED
2026-08-18 11:21:24,robot_ec2b,LOCKED,REACHED
2026-08-18 11:21:23,robot_ec2b,MANUAL,REACHED
2026-08-18 11:21:04,robot_ec2b,MOVING,ACTIVE
2026-08-18 11:21:03,robot_ec2b,STANDBY,ACTIVE
2026-08-18 11:21:01,robot_ec2b,STANDBY,REACHED
2026-08-18 11:20:58,robot_ec2b,LOCKED,REACHED
2026-08-18 11:20:57,robot_ec2b,MOVING,REACHED
2026-08-18 11:20:33,robot_ec2b,MOVING,ACTIVE
2026-08-18 11:20:31,robot_ec2b,STANDBY,REACHED
2026-08-18 11:20:29,robot_ec2b,LOCKED,REACHED
2026-08-18 11:20:28,robot_ec2b,STANDBY,REACHED
2026-08-18 11:20:28,robot_ec2b,MOVING,REACHED
2026-08-18 11:20:07,robot_ec2b,MOVING,ACTIVE
2026-08-18 11:20:05,robot_ec2b,STANDBY,REACHED
2026-08-18 11:20:03,robot_ec2b,LOCKED,REACHED
2026-08-18 11:20:02,robot_ec2b,MANUAL,REACHED
2026-08-18 11:20:02,robot_ec2b,MOVING,REACHED
2026-08-18 11:19:41,robot_ec2b,MOVING,ACTIVE
2026-08-18 11:19:39,robot_ec2b,STANDBY,REACHED
2026-08-18 11:19:37,robot_ec2b,LOCKED,REACHED
2026-08-18 11:19:36,robot_ec2b,STANDBY,REACHED
2026-08-18 11:19:36,robot_ec2b,MOVING,REACHED
2026-08-18 11:19:15,robot_ec2b,MOVING,ACTIVE
2026-08-18 11:19:13,robot_ec2b,STANDBY,REACHED
2026-08-18 11:19:11,robot_ec2b,LOCKED,REACHED
2026-08-18 11:19:10,robot_ec2b,STANDBY,REACHED
2026-08-18 11:19:09,robot_ec2b,MANUAL,REACHED
2026-08-18 11:18:47,robot_ec2b,MOVING,ACTIVE
2026-08-18 11:18:47,robot_ec2b,STANDBY,ACTIVE
2026-08-18 11:18:44,robot_ec2b,STANDBY,REACHED
2026-08-18 11:18:42,robot_ec2b,LOCKED,REACHED
2026-08-18 11:18:41,robot_ec2b,STANDBY,REACHED
2026-08-18 11:18:41,robot_ec2b,MOVING,REACHED
2026-08-18 11:18:21,robot_ec2b,MOVING,ACTIVE
2026-08-18 11:18:21,robot_ec2b,STANDBY,ACTIVE
2026-08-18 11:18:18,robot_ec2b,STANDBY,REACHED
2026-08-18 11:18:16,robot_ec2b,LOCKED,REACHED
2026-08-18 11:18:15,robot_ec2b,STANDBY,REACHED
2026-08-18 11:18:15,robot_ec2b,MOVING,REACHED
2026-08-18 11:17:52,robot_ec2b,MOVING,ACTIVE
2026-08-18 11:17:52,robot_ec2b,STANDBY,ACTIVE
2026-08-18 11:17:49,robot_ec2b,STANDBY,REACHED
2026-08-18 11:17:47,robot_ec2b,LOCKED,REACHED
2026-08-18 11:17:47,robot_ec2b,MANUAL,REACHED
2026-08-18 11:17:26,robot_ec2b,MOVING,ACTIVE
2026-08-18 11:17:26,robot_ec2b,STANDBY,ACTIVE
2026-08-18 11:17:24,robot_ec2b,STANDBY,REACHED
2026-08-18 11:17:21,robot_ec2b,LOCKED,REACHED
2026-08-18 11:17:21,robot_ec2b,MANUAL,REACHED
2026-08-18 11:16:56,robot_ec2b,MOVING,ACTIVE
2026-08-18 11:16:55,robot_ec2b,STANDBY,ACTIVE
2026-08-18 11:16:53,robot_ec2b,STANDBY,REACHED
2026-08-18 11:16:50,robot_ec2b,LOCKED,REACHED
2026-08-18 11:16:50,robot_ec2b,STANDBY,REACHED
2026-08-18 11:16:30,robot_ec2b,MOVING,ACTIVE
2026-08-18 11:16:29,robot_ec2b,STANDBY,ACTIVE
2026-08-18 11:16:27,robot_ec2b,STANDBY,REACHED
2026-08-18 11:16:24,robot_ec2b,LOCKED,REACHED
2026-08-18 11:16:24,robot_ec2b,MOVING,REACHED
2026-08-18 11:15:57,robot_ec2b,MOVING,ACTIVE
2026-08-18 11:15:54,robot_ec2b,STANDBY,REACHED
2026-08-18 11:15:53,robot_ec2b,LOCKED,REACHED
2026-08-18 11:15:52,robot_ec2b,MANUAL,REACHED
2026-08-18 11:15:52,robot_ec2b,MOVING,REACHED
2026-08-18 11:15:31,robot_ec2b,MOVING,ACTIVE
2026-08-18 11:15:29,robot_ec2b,STANDBY,REACHED
2026-08-18 11:15:27,robot_ec2b,LOCKED,REACHED
2026-08-18 11:15:26,robot_ec2b,STANDBY,REACHED
2026-08-18 11:15:01,robot_ec2b,MOVING,ACTIVE
2026-08-18 11:14:58,robot_ec2b,STANDBY,REACHED
2026-08-18 11:14:56,robot_ec2b,LOCKED,REACHED
2026-08-18 11:14:55,robot_ec2b,STANDBY,REACHED
2026-08-18 11:14:55,robot_ec2b,MOVING,REACHED
2026-08-18 11:14:35,robot_ec2b,MOVING,ACTIVE
2026-08-18 11:14:32,robot_ec2b,STANDBY,REACHED
2026-08-18 11:14:30,robot_ec2b,LOCKED,REACHED
2026-08-18 11:14:29,robot_ec2b,STANDBY,REACHED
2026-08-18 11:14:29,robot_ec2b,MOVING,REACHED
2026-08-18 11:14:01,robot_ec2b,MOVING,ACTIVE
2026-08-18 11:14:01,robot_ec2b,STANDBY,ACTIVE
2026-08-18 11:13:58,robot_ec2b,STANDBY,REACHED
2026-08-18 11:13:56,robot_ec2b,LOCKED,REACHED
2026-08-18 11:13:35,robot_ec2b,MOVING,ACTIVE
2026-08-18 11:13:35,robot_ec2b,STANDBY,ACTIVE
2026-08-18 11:13:32,robot_ec2b,STANDBY,REACHED
2026-08-18 11:13:30,robot_ec2b,LOCKED,REACHED
2026-08-18 11:13:29,robot_ec2b,STANDBY,REACHED
2026-08-18 11:13:29,robot_ec2b,MOVING,REACHED
2026-08-18 11:13:04,robot_ec2b,MOVING,ACTIVE
2026-08-18 11:13:04,robot_ec2b,STANDBY,ACTIVE
2026-08-18 11:13:02,robot_ec2b,STANDBY,REACHED
2026-08-18 11:12:59,robot_ec2b,LOCKED,REACHED
2026-08-18 11:12:59,robot_ec2b,STANDBY,REACHED
2026-08-18 11:12:38,robot_ec2b,MOVING,ACTIVE
2026-08-18 11:12:38,robot_ec2b,STANDBY,ACTIVE
2026-08-18 11:12:35,robot_ec2b,STANDBY,REACHED
2026-08-18 11:12:33,robot_ec2b,LOCKED,REACHED
2026-08-18 11:12:32,robot_ec2b,STANDBY,REACHED
2026-08-18 11:12:08,robot_ec2b,MOVING,ACTIVE
2026-08-18 11:12:07,robot_ec2b,STANDBY,ACTIVE
2026-08-18 11:12:04,robot_ec2b,STANDBY,REACHED
2026-08-18 11:12:02,robot_ec2b,LOCKED,REACHED
2026-08-18 11:12:01,robot_ec2b,MANUAL,REACHED
2026-08-18 11:11:42,robot_ec2b,MOVING,ACTIVE
2026-08-18 11:11:41,robot_ec2b,STANDBY,ACTIVE
2026-08-18 11:11:39,robot_ec2b,STANDBY,REACHED
2026-08-18 11:11:36,robot_ec2b,LOCKED,REACHED
2026-08-18 11:11:36,robot_ec2b,STANDBY,REACHED
2026-08-18 11:11:11,robot_ec2b,MOVING,ACTIVE
2026-08-18 11:11:08,robot_ec2b,STANDBY,REACHED
2026-08-18 11:11:05,robot_ec2b,LOCKED,REACHED
2026-08-18 11:11:05,robot_ec2b,STANDBY,REACHED
2026-08-18 11:11:04,robot_ec2b,MOVING,REACHED
2026-08-18 11:10:44,robot_ec2b,MOVING,ACTIVE
2026-08-18 11:10:41,robot_ec2b,STANDBY,REACHED
2026-08-18 11:10:39,robot_ec2b,LOCKED,REACHED
2026-08-18 11:10:38,robot_ec2b,STANDBY,REACHED
2026-08-18 11:10:38,robot_ec2b,MOVING,REACHED
2026-08-18 11:10:13,robot_ec2b,MOVING,ACTIVE
2026-08-18 11:10:10,robot_ec2b,STANDBY,REACHED
2026-08-18 11:10:08,robot_ec2b,LOCKED,REACHED
2026-08-18 11:10:07,robot_ec2b,MANUAL,REACHED
2026-08-18 11:10:07,robot_ec2b,MOVING,REACHED
2026-08-18 11:09:46,robot_ec2b,MOVING,ACTIVE
2026-08-18 11:09:44,robot_ec2b,STANDBY,REACHED
2026-08-18 11:09:42,robot_ec2b,LOCKED,REACHED
2026-08-18 11:09:41,robot_ec2b,STANDBY,REACHED
2026-08-18 11:09:41,robot_ec2b,MOVING,REACHED
2026-08-18 11:09:16,robot_ec2b,MOVING,ACTIVE
2026-08-18 11:09:13,robot_ec2b,STANDBY,REACHED
2026-08-18 11:09:10,robot_ec2b,LOCKED,REACHED
2026-08-18 11:09:10,robot_ec2b,MOVING,REACHED
2026-08-18 11:08:50,robot_ec2b,MOVING,ACTIVE
2026-08-18 11:08:47,robot_ec2b,STANDBY,REACHED
2026-08-18 11:08:44,robot_ec2b,LOCKED,REACHED
2026-08-18 11:08:44,robot_ec2b,STANDBY,REACHED
2026-08-18 11:08:44,robot_ec2b,MOVING,REACHED
2026-08-18 11:08:21,robot_ec2b,MOVING,ACTIVE
2026-08-18 11:08:20,robot_ec2b,STANDBY,ACTIVE
2026-08-18 11:08:18,robot_ec2b,STANDBY,REACHED
2026-08-18 11:08:16,robot_ec2b,LOCKED,REACHED
2026-08-18 11:08:15,robot_ec2b,STANDBY,REACHED
2026-08-18 11:08:14,robot_ec2b,MOVING,REACHED
2026-08-18 11:07:55,robot_ec2b,MOVING,ACTIVE
2026-08-18 11:07:52,robot_ec2b,STANDBY,REACHED
2026-08-18 11:07:49,robot_ec2b,LOCKED,REACHED
2026-08-18 11:07:27,robot_ec2b,MOVING,ACTIVE
2026-08-18 11:07:26,robot_ec2b,STANDBY,ACTIVE
2026-08-18 11:07:24,robot_ec2b,STANDBY,REACHED
2026-08-18 11:07:22,robot_ec2b,LOCKED,REACHED
2026-08-18 11:07:21,robot_ec2b,MOVING,REACHED
2026-08-18 11:07:01,robot_ec2b,MOVING,ACTIVE
2026-08-18 11:07:01,robot_ec2b,STANDBY,ACTIVE
2026-08-18 11:06:58,robot_ec2b,STANDBY,REACHED
2026-08-18 11:06:56,robot_ec2b,LOCKED,REACHED
2026-08-18 11:06:55,robot_ec2b,STANDBY,REACHED
2026-08-18 11:06:55,robot_ec2b,MOVING,REACHED
2026-08-18 11:06:30,robot_ec2b,MOVING,ACTIVE
2026-08-18 11:06:30,robot_ec2b,STANDBY,ACTIVE
2026-08-18 11:06:27,robot_ec2b,STANDBY,REACHED
2026-08-18 11:06:25,robot_ec2b,LOCKED,REACHED
2026-08-18 11:06:24,robot_ec2b,STANDBY,REACHED
2026-08-18 11:06:24,robot_ec2b,MOVING,REACHED
2026-08-18 11:06:03,robot_ec2b,MOVING,ACTIVE
2026-08-18 11:06:03,robot_ec2b,STANDBY,ACTIVE
2026-08-18 11:06:01,robot_ec2b,STANDBY,REACHED
2026-08-18 11:05:58,robot_ec2b,LOCKED,REACHED
2026-08-18 11:05:58,robot_ec2b,STANDBY,REACHED
2026-08-18 11:05:57,robot_ec2b,MANUAL,REACHED
2026-08-18 11:05:57,robot_ec2b,MOVING,REACHED
2026-08-18 11:05:32,robot_ec2b,MOVING,ACTIVE
2026-08-18 11:05:32,robot_ec2b,STANDBY,ACTIVE
2026-08-18 11:05:30,robot_ec2b,STANDBY,REACHED
2026-08-18 11:05:27,robot_ec2b,LOCKED,REACHED
2026-08-18 11:05:27,robot_ec2b,MANUAL,REACHED
2026-08-18 11:05:06,robot_ec2b,MOVING,ACTIVE
2026-08-18 11:05:06,robot_ec2b,STANDBY,ACTIVE
2026-08-18 11:05:04,robot_ec2b,STANDBY,REACHED
2026-08-18 11:05:01,robot_ec2b,LOCKED,REACHED
2026-08-18 11:05:01,robot_ec2b,MANUAL,REACHED
2026-08-18 11:04:36,robot_ec2b,MOVING,ACTIVE
2026-08-18 11:04:35,robot_ec2b,STANDBY,ACTIVE
2026-08-18 11:04:32,robot_ec2b,STANDBY,REACHED
2026-08-18 11:04:30,robot_ec2b,LOCKED,REACHED
2026-08-18 11:04:30,robot_ec2b,MOVING,REACHED
2026-08-18 11:04:10,robot_ec2b,MOVING,ACTIVE
2026-08-18 11:04:07,robot_ec2b,STANDBY,REACHED
2026-08-18 11:04:04,robot_ec2b,LOCKED,REACHED
2026-08-18 11:04:04,robot_ec2b,STANDBY,REACHED
2026-08-18 11:03:39,robot_ec2b,MOVING,ACTIVE
2026-08-18 11:03:36,robot_ec2b,STANDBY,REACHED
2026-08-18 11:03:34,robot_ec2b,LOCKED,REACHED
2026-08-18 11:03:33,robot_ec2b,MANUAL,REACHED
2026-08-18 11:03:33,robot_ec2b,MOVING,REACHED
2026-08-18 11:03:13,robot_ec2b,MOVING,ACTIVE
2026-08-18 11:03:10,robot_ec2b,STANDBY,REACHED
2026-08-18 11:03:08,robot_ec2b,LOCKED,REACHED
2026-08-18 11:03:07,robot_ec2b,MANUAL,REACHED
2026-08-18 11:03:07,robot_ec2b,MOVING,REACHED
2026-08-18 11:02:47,robot_ec2b,MOVING,ACTIVE
2026-08-18 11:02:44,robot_ec2b,STANDBY,REACHED
2026-08-18 11:02:41,robot_ec2b,LOCKED,REACHED
2026-08-18 11:02:41,robot_ec2b,MANUAL,REACHED
2026-08-18 11:02:41,robot_ec2b,MOVING,REACHED
2026-08-18 11:02:20,robot_ec2b,MOVING,ACTIVE
2026-08-18 11:02:18,robot_ec2b,STANDBY,REACHED
2026-08-18 11:02:16,robot_ec2b,LOCKED,REACHED
2026-08-18 11:02:15,robot_ec2b,MOVING,REACHED
2026-08-18 11:01:53,robot_ec2b,MOVING,ACTIVE
2026-08-18 11:01:50,robot_ec2b,STANDBY,REACHED
2026-08-18 11:01:48,robot_ec2b,LOCKED,REACHED
2026-08-18 11:01:47,robot_ec2b,MANUAL,REACHED
2026-08-18 11:01:47,robot_ec2b,MOVING,REACHED
2026-08-18 11:01:27,robot_ec2b,MOVING,ACTIVE
2026-08-18 11:01:24,robot_ec2b,STANDBY,REACHED
2026-08-18 11:01:21,robot_ec2b,LOCKED,REACHED
2026-08-18 11:01:21,robot_ec2b,MOVING,REACHED
2026-08-18 11:00:57,robot_ec2b,MOVING,ACTIVE
2026-08-18 11:00:54,robot_ec2b,STANDBY,REACHED
2026-08-18 11:00:51,robot_ec2b,LOCKED,REACHED
2026-08-18 11:00:51,robot_ec2b,STANDBY,REACHED
2026-08-18 11:00:50,robot_ec2b,MOVING,REACHED
2026-08-18 11:00:31,robot_ec2b,MOVING,ACTIVE
2026-08-18 11:00:31,robot_ec2b,STANDBY,ACTIVE
2026-08-18 11:00:28,robot_ec2b,STANDBY,REACHED
2026-08-18 11:00:26,robot_ec2b,LOCKED,REACHED
2026-08-18 11:00:25,robot_ec2b,MANUAL,REACHED
2026-08-18 11:00:25,robot_ec2b,MOVING,REACHED
2026-08-18 11:00:02,robot_ec2b,MOVING,ACTIVE
2026-08-18 11:00:02,robot_ec2b,STANDBY,ACTIVE
2026-08-18 10:59:59,robot_ec2b,STANDBY,REACHED
2026-08-18 10:59:57,robot_ec2b,LOCKED,REACHED
2026-08-18 10:59:57,robot_ec2b,STANDBY,REACHED
2026-08-18 10:59:56,robot_ec2b,MOVING,REACHED
2026-08-18 10:59:36,robot_ec2b,MOVING,ACTIVE
2026-08-18 10:59:36,robot_ec2b,STANDBY,ACTIVE
2026-08-18 10:59:33,robot_ec2b,STANDBY,REACHED
2026-08-18 10:59:31,robot_ec2b,LOCKED,REACHED
2026-08-18 10:59:30,robot_ec2b,MANUAL,REACHED
2026-08-18 10:59:06,robot_ec2b,MOVING,ACTIVE
2026-08-18 10:59:06,robot_ec2b,STANDBY,ACTIVE
2026-08-18 10:59:04,robot_ec2b,STANDBY,REACHED
2026-08-18 10:59:01,robot_ec2b,LOCKED,REACHED
2026-08-18 10:59:01,robot_ec2b,STANDBY,REACHED
2026-08-18 10:59:00,robot_ec2b,MANUAL,REACHED
2026-08-18 10:59:00,robot_ec2b,MOVING,REACHED
2026-08-18 10:58:40,robot_ec2b,MOVING,ACTIVE
2026-08-18 10:58:37,robot_ec2b,STANDBY,REACHED
2026-08-18 10:58:35,robot_ec2b,LOCKED,REACHED
2026-08-18 10:58:34,robot_ec2b,MOVING,REACHED
2026-08-18 10:58:10,robot_ec2b,MOVING,ACTIVE
2026-08-18 10:58:09,robot_ec2b,STANDBY,ACTIVE
2026-08-18 10:58:07,robot_ec2b,STANDBY,REACHED
2026-08-18 10:58:04,robot_ec2b,LOCKED,REACHED
2026-08-18 10:58:04,robot_ec2b,STANDBY,REACHED
2026-08-18 10:57:44,robot_ec2b,MOVING,ACTIVE
2026-08-18 10:57:43,robot_ec2b,STANDBY,ACTIVE
2026-08-18 10:57:40,robot_ec2b,STANDBY,REACHED
2026-08-18 10:57:38,robot_ec2b,LOCKED,REACHED
2026-08-18 10:57:38,robot_ec2b,MANUAL,REACHED
2026-08-18 10:57:13,robot_ec2b,MOVING,ACTIVE
2026-08-18 10:57:10,robot_ec2b,STANDBY,REACHED
2026-08-18 10:57:08,robot_ec2b,LOCKED,REACHED
2026-08-18 10:57:07,robot_ec2b,STANDBY,REACHED
2026-08-18 10:57:07,robot_ec2b,MANUAL,REACHED
2026-08-18 10:56:47,robot_ec2b,MOVING,ACTIVE
2026-08-18 10:56:44,robot_ec2b,STANDBY,REACHED
2026-08-18 10:56:42,robot_ec2b,LOCKED,REACHED
2026-08-18 10:56:41,robot_ec2b,STANDBY,REACHED
2026-08-18 10:56:41,robot_ec2b,MOVING,REACHED
2026-08-18 10:56:17,robot_ec2b,MOVING,ACTIVE
2026-08-18 10:56:14,robot_ec2b,STANDBY,REACHED
2026-08-18 10:56:11,robot_ec2b,LOCKED,REACHED
2026-08-18 10:56:11,robot_ec2b,MOVING,REACHED
2026-08-18 10:55:51,robot_ec2b,MOVING,ACTIVE
2026-08-18 10:55:51,robot_ec2b,STANDBY,ACTIVE
2026-08-18 10:55:48,robot_ec2b,STANDBY,REACHED
2026-08-18 10:55:46,robot_ec2b,LOCKED,REACHED
2026-08-18 10:55:45,robot_ec2b,MANUAL,REACHED
2026-08-18 10:55:22,robot_ec2b,MOVING,ACTIVE
2026-08-18 10:55:19,robot_ec2b,STANDBY,REACHED
2026-08-18 10:55:17,robot_ec2b,LOCKED,REACHED
2026-08-18 10:55:16,robot_ec2b,MANUAL,REACHED
2026-08-18 10:54:56,robot_ec2b,MOVING,ACTIVE
2026-08-18 10:54:53,robot_ec2b,STANDBY,REACHED
2026-08-18 10:54:50,robot_ec2b,LOCKED,REACHED
2026-08-18 10:54:50,robot_ec2b,MANUAL,REACHED
2026-08-18 10:54:26,robot_ec2b,MOVING,ACTIVE
2026-08-18 10:54:23,robot_ec2b,STANDBY,REACHED
2026-08-18 10:54:20,robot_ec2b,LOCKED,REACHED
2026-08-18 10:54:20,robot_ec2b,STANDBY,REACHED
2026-08-18 10:54:19,robot_ec2b,STANDBY,ACTIVE
2026-08-18 10:54:17,robot_ec2b,STANDBY,REACHED
2026-08-18 10:54:09,robot_ec2b,LOCKED,REACHED
2026-08-18 10:54:05,robot_ec2b,STANDBY,REACHED
2026-08-18 10:54:04,robot_ec2b,LOCKED,REACHED
2026-08-18 10:54:03,robot_ec2b,STANDBY,REACHED
2026-08-18 10:54:03,robot_ec2b,MANUAL,REACHED
2026-08-18 10:53:43,robot_ec2b,MOVING,ACTIVE
2026-08-18 10:53:43,robot_ec2b,STANDBY,ACTIVE
2026-08-18 10:53:40,robot_ec2b,STANDBY,REACHED
2026-08-18 10:53:39,robot_ec2b,LOCKED,REACHED
2026-08-18 10:53:39,robot_ec2b,STANDBY,REACHED
2026-08-18 10:53:38,robot_ec2b,MOVING,REACHED
2026-08-18 10:53:18,robot_ec2b,MOVING,ACTIVE
2026-08-18 10:53:18,robot_ec2b,STANDBY,ACTIVE
2026-08-18 10:53:15,robot_ec2b,STANDBY,UNKNOWN
2026-08-18 10:52:56,robot_ec2b,LOCKED,UNKNOWN
2026-08-18 10:52:53,robot_ec2b,STANDBY,UNKNOWN
2026-08-18 10:52:53,robot_ec2b,MANUAL,UNKNOWN
2026-08-18 10:52:51,robot_ec2b,STANDBY,UNKNOWN
2026-08-18 10:52:34,robot_ec2b,MANUAL,UNKNOWN
2026-08-18 10:52:34,robot_ec2b,STANDBY,UNKNOWN
2026-08-18 10:52:06,robot_ec2b,MANUAL,UNKNOWN
2026-08-18 10:52:03,robot_ec2b,STANDBY,UNKNOWN
2026-08-18 10:51:59,robot_ec2b,MANUAL,UNKNOWN
2026-08-18 07:19:25,robot_ec2b,CHARGING,UNKNOWN
2026-08-18 07:19:18,robot_ec2b,ERROR,UNKNOWN
2026-08-18 07:19:17,robot_ec2b,CHARGING,UNKNOWN
2026-08-18 15:49:16,robot_ec2b,ERROR,UNKNOWN
2026-08-18 15:49:23,robot_ec2b,STANDBY,UNKNOWN
2026-08-18 15:49:49,robot_ec2b,LOCKED,UNKNOWN
2026-08-18 15:49:56,robot_ec2b,STANDBY,UNKNOWN
2026-08-18 15:49:58,robot_ec2b,STANDBY,REACHED
2026-08-18 15:50:00,robot_ec2b,LOCKED,REACHED
2026-08-18 15:50:02,robot_ec2b,STANDBY,REACHED
2026-08-18 15:50:04,robot_ec2b,STANDBY,ACTIVE
2026-08-18 15:50:05,robot_ec2b,MOVING,ACTIVE
2026-08-18 15:50:25,robot_ec2b,MOVING,REACHED
2026-08-18 15:50:25,robot_ec2b,LOCKED,REACHED
2026-08-18 15:50:28,robot_ec2b,STANDBY,REACHED
2026-08-18 15:50:30,robot_ec2b,STANDBY,ACTIVE
2026-08-18 15:50:31,robot_ec2b,MOVING,ACTIVE
2026-08-18 15:50:37,robot_ec2b,MOVING,CANCELED
2026-08-18 15:50:37,robot_ec2b,LOCKED,CANCELED
2026-08-18 15:52:08,robot_ec2b,STANDBY,CANCELED
2026-08-18 15:52:12,robot_ec2b,MANUAL,CANCELED
2026-08-18 15:52:13,robot_ec2b,STANDBY,CANCELED
2026-08-18 15:52:31,robot_ec2b,LOCKED,CANCELED
2026-08-18 15:52:37,robot_ec2b,STANDBY,CANCELED
2026-08-18 15:52:40,robot_ec2b,STANDBY,ACTIVE
2026-08-18 15:52:40,robot_ec2b,MOVING,ACTIVE
2026-08-18 15:52:56,robot_ec2b,MOVING,REACHED
2026-08-18 15:52:57,robot_ec2b,MANUAL,REACHED
2026-08-18 15:52:57,robot_ec2b,STANDBY,REACHED
2026-08-18 15:52:58,robot_ec2b,LOCKED,REACHED
2026-08-18 15:53:00,robot_ec2b,STANDBY,REACHED
2026-08-18 15:53:02,robot_ec2b,STANDBY,ACTIVE
2026-08-18 15:53:03,robot_ec2b,MOVING,ACTIVE
2026-08-18 15:53:27,robot_ec2b,MOVING,REACHED
2026-08-18 15:53:28,robot_ec2b,STANDBY,REACHED
2026-08-18 15:53:29,robot_ec2b,LOCKED,REACHED
2026-08-18 15:53:31,robot_ec2b,STANDBY,REACHED
2026-08-18 15:53:33,robot_ec2b,STANDBY,ACTIVE
2026-08-18 15:53:34,robot_ec2b,MOVING,ACTIVE
2026-08-18 15:53:54,robot_ec2b,MOVING,REACHED
2026-08-18 15:53:54,robot_ec2b,LOCKED,REACHED
2026-08-18 15:53:57,robot_ec2b,STANDBY,REACHED
2026-08-18 15:53:59,robot_ec2b,STANDBY,ACTIVE
2026-08-18 15:54:00,robot_ec2b,MOVING,ACTIVE
2026-08-18 15:54:19,robot_ec2b,MOVING,REACHED
2026-08-18 15:54:20,robot_ec2b,STANDBY,REACHED
2026-08-18 15:54:21,robot_ec2b,LOCKED,REACHED
2026-08-18 15:54:23,robot_ec2b,STANDBY,REACHED
2026-08-18 15:54:25,robot_ec2b,STANDBY,ACTIVE
2026-08-18 15:54:26,robot_ec2b,MOVING,ACTIVE
2026-08-18 15:54:45,robot_ec2b,MOVING,REACHED
2026-08-18 15:54:46,robot_ec2b,MANUAL,REACHED
2026-08-18 15:54:46,robot_ec2b,LOCKED,REACHED
2026-08-18 15:54:49,robot_ec2b,STANDBY,REACHED
2026-08-18 15:54:51,robot_ec2b,STANDBY,ACTIVE
2026-08-18 15:54:52,robot_ec2b,MOVING,ACTIVE
2026-08-18 15:55:15,robot_ec2b,MOVING,REACHED
2026-08-18 15:55:15,robot_ec2b,LOCKED,REACHED
2026-08-18 15:55:18,robot_ec2b,STANDBY,REACHED
2026-08-18 15:55:20,robot_ec2b,STANDBY,ACTIVE
2026-08-18 15:55:20,robot_ec2b,MOVING,ACTIVE
2026-08-18 15:55:40,robot_ec2b,MOVING,REACHED
2026-08-18 15:55:41,robot_ec2b,STANDBY,REACHED
2026-08-18 15:55:41,robot_ec2b,LOCKED,REACHED
2026-08-18 15:55:44,robot_ec2b,STANDBY,REACHED
2026-08-18 15:55:46,robot_ec2b,STANDBY,ACTIVE
2026-08-18 15:55:46,robot_ec2b,MOVING,ACTIVE
2026-08-18 15:56:09,robot_ec2b,MANUAL,REACHED
2026-08-18 15:56:09,robot_ec2b,LOCKED,REACHED
2026-08-18 15:56:12,robot_ec2b,STANDBY,REACHED
2026-08-18 15:56:14,robot_ec2b,STANDBY,ACTIVE
2026-08-18 15:56:14,robot_ec2b,MOVING,ACTIVE
2026-08-18 15:56:34,robot_ec2b,MOVING,REACHED
2026-08-18 15:56:35,robot_ec2b,MANUAL,REACHED
2026-08-18 15:56:35,robot_ec2b,LOCKED,REACHED
2026-08-18 15:56:38,robot_ec2b,STANDBY,REACHED
2026-08-18 15:56:40,robot_ec2b,STANDBY,ACTIVE
2026-08-18 15:56:40,robot_ec2b,MOVING,ACTIVE
2026-08-18 15:57:04,robot_ec2b,MOVING,REACHED
2026-08-18 15:57:05,robot_ec2b,MANUAL,REACHED
2026-08-18 15:57:05,robot_ec2b,LOCKED,REACHED
2026-08-18 15:57:08,robot_ec2b,STANDBY,REACHED
2026-08-18 15:57:10,robot_ec2b,MOVING,ACTIVE
2026-08-18 15:57:30,robot_ec2b,MOVING,REACHED
2026-08-18 15:57:31,robot_ec2b,STANDBY,REACHED
2026-08-18 15:57:31,robot_ec2b,LOCKED,REACHED
2026-08-18 15:57:34,robot_ec2b,STANDBY,REACHED
2026-08-18 15:57:36,robot_ec2b,STANDBY,ACTIVE
2026-08-18 15:57:36,robot_ec2b,MOVING,ACTIVE
2026-08-18 15:57:58,robot_ec2b,MOVING,REACHED
2026-08-18 15:57:59,robot_ec2b,LOCKED,REACHED
2026-08-18 15:58:01,robot_ec2b,STANDBY,REACHED
2026-08-18 15:58:03,robot_ec2b,STANDBY,ACTIVE
2026-08-18 15:58:04,robot_ec2b,MOVING,ACTIVE
2026-08-18 15:58:23,robot_ec2b,MOVING,REACHED
2026-08-18 15:58:24,robot_ec2b,MANUAL,REACHED
2026-08-18 15:58:24,robot_ec2b,STANDBY,REACHED
2026-08-18 15:58:25,robot_ec2b,LOCKED,REACHED
2026-08-18 15:58:27,robot_ec2b,STANDBY,REACHED
2026-08-18 15:58:30,robot_ec2b,MOVING,ACTIVE
2026-08-18 15:58:52,robot_ec2b,MOVING,REACHED
2026-08-18 15:58:52,robot_ec2b,STANDBY,REACHED
2026-08-18 15:58:53,robot_ec2b,LOCKED,REACHED
2026-08-18 15:58:55,robot_ec2b,STANDBY,REACHED
2026-08-18 15:58:57,robot_ec2b,STANDBY,ACTIVE
2026-08-18 15:58:58,robot_ec2b,MOVING,ACTIVE
2026-08-18 15:59:18,robot_ec2b,MOVING,REACHED
2026-08-18 15:59:18,robot_ec2b,STANDBY,REACHED
2026-08-18 15:59:19,robot_ec2b,LOCKED,REACHED
2026-08-18 15:59:21,robot_ec2b,STANDBY,REACHED
2026-08-18 15:59:23,robot_ec2b,STANDBY,ACTIVE
2026-08-18 15:59:24,robot_ec2b,MOVING,ACTIVE
2026-08-18 15:59:45,robot_ec2b,MOVING,REACHED
2026-08-18 15:59:46,robot_ec2b,MANUAL,REACHED
2026-08-18 15:59:46,robot_ec2b,LOCKED,REACHED
2026-08-18 15:59:49,robot_ec2b,STANDBY,REACHED
2026-08-18 15:59:51,robot_ec2b,MOVING,ACTIVE
2026-08-18 16:00:11,robot_ec2b,MOVING,REACHED
2026-08-18 16:00:11,robot_ec2b,MANUAL,REACHED
2026-08-18 16:00:12,robot_ec2b,STANDBY,REACHED
2026-08-18 16:00:12,robot_ec2b,LOCKED,REACHED
2026-08-18 16:00:14,robot_ec2b,STANDBY,REACHED
2026-08-18 16:00:17,robot_ec2b,STANDBY,ACTIVE
2026-08-18 16:00:17,robot_ec2b,MOVING,ACTIVE
2026-08-18 16:00:39,robot_ec2b,MOVING,REACHED
2026-08-18 16:00:39,robot_ec2b,MANUAL,REACHED
2026-08-18 16:00:40,robot_ec2b,STANDBY,REACHED
2026-08-18 16:00:40,robot_ec2b,LOCKED,REACHED
2026-08-18 16:00:43,robot_ec2b,STANDBY,REACHED
2026-08-18 16:00:45,robot_ec2b,STANDBY,ACTIVE
2026-08-18 16:00:45,robot_ec2b,MOVING,ACTIVE
2026-08-18 16:01:05,robot_ec2b,MOVING,REACHED
2026-08-18 16:01:05,robot_ec2b,STANDBY,REACHED
2026-08-18 16:01:06,robot_ec2b,LOCKED,REACHED
2026-08-18 16:01:08,robot_ec2b,STANDBY,REACHED
2026-08-18 16:01:11,robot_ec2b,STANDBY,ACTIVE
2026-08-18 16:01:11,robot_ec2b,MOVING,ACTIVE
2026-08-18 16:01:31,robot_ec2b,MOVING,REACHED
2026-08-18 16:01:32,robot_ec2b,LOCKED,REACHED
2026-08-18 16:01:34,robot_ec2b,STANDBY,REACHED
2026-08-18 16:01:37,robot_ec2b,STANDBY,ACTIVE
2026-08-18 16:01:37,robot_ec2b,MOVING,ACTIVE
2026-08-18 16:01:57,robot_ec2b,MOVING,REACHED
2026-08-18 16:01:57,robot_ec2b,MANUAL,REACHED
2026-08-18 16:01:58,robot_ec2b,LOCKED,REACHED
2026-08-18 16:02:00,robot_ec2b,STANDBY,REACHED
2026-08-18 16:02:02,robot_ec2b,STANDBY,ACTIVE
2026-08-18 16:02:03,robot_ec2b,MOVING,ACTIVE
2026-08-18 16:02:23,robot_ec2b,MOVING,REACHED
2026-08-18 16:02:24,robot_ec2b,LOCKED,REACHED
2026-08-18 16:02:26,robot_ec2b,STANDBY,REACHED
2026-08-18 16:02:28,robot_ec2b,STANDBY,ACTIVE
2026-08-18 16:02:29,robot_ec2b,MOVING,ACTIVE
2026-08-18 16:02:49,robot_ec2b,MOVING,REACHED
2026-08-18 16:02:49,robot_ec2b,STANDBY,REACHED
2026-08-18 16:02:50,robot_ec2b,LOCKED,REACHED
2026-08-18 16:02:52,robot_ec2b,STANDBY,REACHED
2026-08-18 16:02:54,robot_ec2b,STANDBY,ACTIVE
2026-08-18 16:02:55,robot_ec2b,MOVING,ACTIVE
2026-08-18 16:03:15,robot_ec2b,MOVING,REACHED
2026-08-18 16:03:15,robot_ec2b,STANDBY,REACHED
2026-08-18 16:03:16,robot_ec2b,LOCKED,REACHED
2026-08-18 16:03:18,robot_ec2b,STANDBY,REACHED
2026-08-18 16:03:20,robot_ec2b,STANDBY,ACTIVE
2026-08-18 16:03:21,robot_ec2b,MOVING,ACTIVE
2026-08-18 16:03:41,robot_ec2b,MOVING,REACHED
2026-08-18 16:03:41,robot_ec2b,STANDBY,REACHED
2026-08-18 16:03:42,robot_ec2b,LOCKED,REACHED
2026-08-18 16:03:44,robot_ec2b,STANDBY,REACHED
2026-08-18 16:03:46,robot_ec2b,STANDBY,ACTIVE
2026-08-18 16:03:47,robot_ec2b,MOVING,ACTIVE
2026-08-18 16:04:15,robot_ec2b,MOVING,REACHED
2026-08-18 16:04:15,robot_ec2b,LOCKED,REACHED
2026-08-18 16:04:18,robot_ec2b,STANDBY,REACHED
2026-08-18 16:04:20,robot_ec2b,STANDBY,ACTIVE
2026-08-18 16:04:21,robot_ec2b,MOVING,ACTIVE
2026-08-18 16:04:40,robot_ec2b,MOVING,REACHED
2026-08-18 16:04:41,robot_ec2b,STANDBY,REACHED
2026-08-18 16:04:42,robot_ec2b,LOCKED,REACHED
2026-08-18 16:04:44,robot_ec2b,STANDBY,REACHED
2026-08-18 16:04:46,robot_ec2b,STANDBY,ACTIVE
2026-08-18 16:04:47,robot_ec2b,MOVING,ACTIVE
2026-08-18 16:05:09,robot_ec2b,MOVING,REACHED
2026-08-18 16:05:10,robot_ec2b,STANDBY,REACHED
2026-08-18 16:05:10,robot_ec2b,LOCKED,REACHED
2026-08-18 16:05:13,robot_ec2b,STANDBY,REACHED
2026-08-18 16:05:15,robot_ec2b,STANDBY,ACTIVE
2026-08-18 16:05:16,robot_ec2b,MOVING,ACTIVE
2026-08-18 16:05:35,robot_ec2b,MOVING,REACHED
2026-08-18 16:05:36,robot_ec2b,MANUAL,REACHED
2026-08-18 16:05:36,robot_ec2b,LOCKED,REACHED
2026-08-18 16:05:39,robot_ec2b,STANDBY,REACHED
2026-08-18 16:05:41,robot_ec2b,STANDBY,ACTIVE
2026-08-18 16:05:42,robot_ec2b,MOVING,ACTIVE
2026-08-18 16:06:04,robot_ec2b,MOVING,REACHED
2026-08-18 16:06:04,robot_ec2b,LOCKED,REACHED
2026-08-18 16:06:06,robot_ec2b,STANDBY,REACHED
2026-08-18 16:06:09,robot_ec2b,STANDBY,ACTIVE
2026-08-18 16:06:09,robot_ec2b,MOVING,ACTIVE
2026-08-18 16:06:30,robot_ec2b,MOVING,REACHED
2026-08-18 16:06:30,robot_ec2b,LOCKED,REACHED
2026-08-18 16:06:32,robot_ec2b,STANDBY,REACHED
2026-08-18 16:06:35,robot_ec2b,STANDBY,ACTIVE
2026-08-18 16:06:35,robot_ec2b,MOVING,ACTIVE
2026-08-18 16:06:56,robot_ec2b,MOVING,REACHED
2026-08-18 16:06:56,robot_ec2b,LOCKED,REACHED
2026-08-18 16:06:59,robot_ec2b,STANDBY,REACHED
2026-08-18 16:07:01,robot_ec2b,STANDBY,ACTIVE
2026-08-18 16:07:01,robot_ec2b,MOVING,ACTIVE
2026-08-18 16:07:21,robot_ec2b,MOVING,REACHED
2026-08-18 16:07:21,robot_ec2b,MANUAL,REACHED
2026-08-18 16:07:22,robot_ec2b,STANDBY,REACHED
2026-08-18 16:07:22,robot_ec2b,LOCKED,REACHED
2026-08-18 16:07:25,robot_ec2b,STANDBY,REACHED
2026-08-18 16:07:27,robot_ec2b,MOVING,ACTIVE
2026-08-18 16:07:48,robot_ec2b,MOVING,REACHED
2026-08-18 16:07:49,robot_ec2b,STANDBY,REACHED
2026-08-18 16:07:49,robot_ec2b,LOCKED,REACHED
2026-08-18 16:07:52,robot_ec2b,STANDBY,REACHED
2026-08-18 16:07:54,robot_ec2b,STANDBY,ACTIVE
2026-08-18 16:07:54,robot_ec2b,MOVING,ACTIVE
2026-08-18 16:08:14,robot_ec2b,MOVING,REACHED
2026-08-18 16:08:14,robot_ec2b,STANDBY,REACHED
2026-08-18 16:08:15,robot_ec2b,LOCKED,REACHED
2026-08-18 16:08:18,robot_ec2b,STANDBY,REACHED
2026-08-18 16:08:20,robot_ec2b,STANDBY,ACTIVE
2026-08-18 16:08:20,robot_ec2b,MOVING,ACTIVE
2026-08-18 16:08:49,robot_ec2b,MOVING,REACHED
2026-08-18 16:08:49,robot_ec2b,STANDBY,REACHED
2026-08-18 16:08:50,robot_ec2b,LOCKED,REACHED
2026-08-18 16:08:52,robot_ec2b,STANDBY,REACHED
2026-08-18 16:08:55,robot_ec2b,STANDBY,ACTIVE
2026-08-18 16:08:55,robot_ec2b,MOVING,ACTIVE
2026-08-18 16:09:15,robot_ec2b,MOVING,REACHED
2026-08-18 16:09:16,robot_ec2b,LOCKED,REACHED
2026-08-18 16:09:18,robot_ec2b,STANDBY,REACHED
2026-08-18 16:09:21,robot_ec2b,STANDBY,ACTIVE
2026-08-18 16:09:21,robot_ec2b,MOVING,ACTIVE
2026-08-18 16:09:45,robot_ec2b,MOVING,REACHED
2026-08-18 16:09:46,robot_ec2b,STANDBY,REACHED
2026-08-18 16:09:47,robot_ec2b,LOCKED,REACHED
2026-08-18 16:09:49,robot_ec2b,STANDBY,REACHED
2026-08-18 16:09:51,robot_ec2b,STANDBY,ACTIVE
2026-08-18 16:09:52,robot_ec2b,MOVING,ACTIVE
2026-08-18 16:10:12,robot_ec2b,MOVING,REACHED
2026-08-18 16:10:12,robot_ec2b,STANDBY,REACHED
2026-08-18 16:10:13,robot_ec2b,LOCKED,REACHED
2026-08-18 16:10:15,robot_ec2b,STANDBY,REACHED
2026-08-18 16:10:17,robot_ec2b,STANDBY,ACTIVE
2026-08-18 16:10:18,robot_ec2b,MOVING,ACTIVE
2026-08-18 16:10:42,robot_ec2b,MOVING,REACHED
2026-08-18 16:10:42,robot_ec2b,STANDBY,REACHED
2026-08-18 16:10:43,robot_ec2b,LOCKED,REACHED
2026-08-18 16:10:45,robot_ec2b,STANDBY,REACHED
2026-08-18 16:10:47,robot_ec2b,STANDBY,ACTIVE
2026-08-18 16:10:48,robot_ec2b,MOVING,ACTIVE
2026-08-18 16:11:07,robot_ec2b,MOVING,REACHED
2026-08-18 16:11:08,robot_ec2b,MANUAL,REACHED
2026-08-18 16:11:08,robot_ec2b,STANDBY,REACHED
2026-08-18 16:11:09,robot_ec2b,LOCKED,REACHED
2026-08-18 16:11:11,robot_ec2b,STANDBY,REACHED
2026-08-18 16:11:13,robot_ec2b,STANDBY,ACTIVE
2026-08-18 16:11:14,robot_ec2b,MOVING,ACTIVE
2026-08-18 16:11:37,robot_ec2b,MANUAL,REACHED
2026-08-18 16:11:37,robot_ec2b,LOCKED,REACHED
2026-08-18 16:11:40,robot_ec2b,STANDBY,REACHED
2026-08-18 16:11:42,robot_ec2b,STANDBY,ACTIVE
2026-08-18 16:11:43,robot_ec2b,MOVING,ACTIVE
2026-08-18 16:12:02,robot_ec2b,MOVING,REACHED
2026-08-18 16:12:03,robot_ec2b,STANDBY,REACHED
2026-08-18 16:12:03,robot_ec2b,LOCKED,REACHED
2026-08-18 16:12:06,robot_ec2b,STANDBY,REACHED
2026-08-18 16:12:08,robot_ec2b,STANDBY,ACTIVE
2026-08-18 16:12:08,robot_ec2b,MOVING,ACTIVE
2026-08-18 16:12:33,robot_ec2b,MOVING,REACHED
2026-08-18 16:12:34,robot_ec2b,STANDBY,REACHED
2026-08-18 16:12:34,robot_ec2b,LOCKED,REACHED
2026-08-18 16:12:37,robot_ec2b,STANDBY,REACHED
2026-08-18 16:12:39,robot_ec2b,STANDBY,ACTIVE
2026-08-18 16:12:39,robot_ec2b,MOVING,ACTIVE
2026-08-18 16:12:59,robot_ec2b,MOVING,REACHED
2026-08-18 16:13:00,robot_ec2b,MANUAL,REACHED
2026-08-18 16:13:00,robot_ec2b,LOCKED,REACHED
2026-08-18 16:13:02,robot_ec2b,STANDBY,REACHED
2026-08-18 16:13:05,robot_ec2b,STANDBY,ACTIVE
2026-08-18 16:13:05,robot_ec2b,MOVING,ACTIVE
2026-08-18 16:13:31,robot_ec2b,MOVING,REACHED
2026-08-18 16:13:32,robot_ec2b,LOCKED,REACHED
2026-08-18 16:13:34,robot_ec2b,STANDBY,REACHED
2026-08-18 16:13:37,robot_ec2b,STANDBY,ACTIVE
2026-08-18 16:13:37,robot_ec2b,MOVING,ACTIVE
2026-08-18 16:14:00,robot_ec2b,MANUAL,REACHED
2026-08-18 16:14:00,robot_ec2b,STANDBY,REACHED
2026-08-18 16:14:01,robot_ec2b,LOCKED,REACHED
2026-08-18 16:14:03,robot_ec2b,STANDBY,REACHED
2026-08-18 16:14:06,robot_ec2b,STANDBY,ACTIVE
2026-08-18 16:14:06,robot_ec2b,MOVING,ACTIVE
2026-08-18 16:14:24,robot_ec2b,MOVING,REACHED
2026-08-18 16:14:25,robot_ec2b,LOCKED,REACHED
2026-08-18 16:14:27,robot_ec2b,STANDBY,REACHED
2026-08-18 16:14:29,robot_ec2b,STANDBY,ACTIVE
2026-08-18 16:14:30,robot_ec2b,MOVING,ACTIVE
2026-08-18 16:14:50,robot_ec2b,MOVING,REACHED
2026-08-18 16:14:50,robot_ec2b,STANDBY,REACHED
2026-08-18 16:14:51,robot_ec2b,LOCKED,REACHED
2026-08-18 16:14:53,robot_ec2b,STANDBY,REACHED
2026-08-18 16:14:56,robot_ec2b,STANDBY,ACTIVE
2026-08-18 16:14:56,robot_ec2b,MOVING,ACTIVE
2026-08-18 16:15:20,robot_ec2b,MOVING,REACHED
2026-08-18 16:15:20,robot_ec2b,STANDBY,REACHED
2026-08-18 16:15:21,robot_ec2b,LOCKED,REACHED
2026-08-18 16:15:23,robot_ec2b,STANDBY,REACHED
2026-08-18 16:15:25,robot_ec2b,STANDBY,ACTIVE
2026-08-18 16:15:26,robot_ec2b,MOVING,ACTIVE
2026-08-18 16:15:46,robot_ec2b,MOVING,REACHED
2026-08-18 16:15:46,robot_ec2b,STANDBY,REACHED
2026-08-18 16:15:47,robot_ec2b,LOCKED,REACHED
2026-08-18 16:15:49,robot_ec2b,STANDBY,REACHED
2026-08-18 16:15:51,robot_ec2b,STANDBY,ACTIVE
2026-08-18 16:15:52,robot_ec2b,MOVING,ACTIVE
2026-08-18 16:16:16,robot_ec2b,MOVING,REACHED
2026-08-18 16:16:16,robot_ec2b,STANDBY,REACHED
2026-08-18 16:16:17,robot_ec2b,LOCKED,REACHED
2026-08-18 16:16:19,robot_ec2b,STANDBY,REACHED
2026-08-18 16:16:21,robot_ec2b,STANDBY,ACTIVE
2026-08-18 16:16:22,robot_ec2b,MOVING,ACTIVE
2026-08-18 16:16:42,robot_ec2b,MANUAL,REACHED
2026-08-18 16:16:42,robot_ec2b,STANDBY,REACHED
2026-08-18 16:16:43,robot_ec2b,LOCKED,REACHED
2026-08-18 16:16:45,robot_ec2b,STANDBY,REACHED
2026-08-18 16:16:47,robot_ec2b,STANDBY,ACTIVE
2026-08-18 16:16:48,robot_ec2b,MOVING,ACTIVE
2026-08-18 16:17:11,robot_ec2b,MOVING,REACHED
2026-08-18 16:17:11,robot_ec2b,MANUAL,REACHED
2026-08-18 16:17:12,robot_ec2b,STANDBY,REACHED
2026-08-18 16:17:12,robot_ec2b,LOCKED,REACHED
2026-08-18 16:17:15,robot_ec2b,STANDBY,REACHED
2026-08-18 16:17:17,robot_ec2b,MOVING,ACTIVE
2026-08-18 16:17:37,robot_ec2b,MOVING,REACHED
2026-08-18 16:17:38,robot_ec2b,STANDBY,REACHED
2026-08-18 16:17:38,robot_ec2b,LOCKED,REACHED
2026-08-18 16:17:40,robot_ec2b,STANDBY,REACHED
2026-08-18 16:17:43,robot_ec2b,STANDBY,ACTIVE
2026-08-18 16:17:43,robot_ec2b,MOVING,ACTIVE
2026-08-18 16:18:07,robot_ec2b,MOVING,REACHED
2026-08-18 16:18:07,robot_ec2b,STANDBY,REACHED
2026-08-18 16:18:08,robot_ec2b,LOCKED,REACHED
2026-08-18 16:18:10,robot_ec2b,STANDBY,REACHED
2026-08-18 16:18:13,robot_ec2b,STANDBY,ACTIVE
2026-08-18 16:18:13,robot_ec2b,MOVING,ACTIVE
2026-08-18 16:18:33,robot_ec2b,MOVING,REACHED
2026-08-18 16:18:34,robot_ec2b,MANUAL,REACHED
2026-08-18 16:18:34,robot_ec2b,LOCKED,REACHED
2026-08-18 16:18:37,robot_ec2b,STANDBY,REACHED
2026-08-18 16:18:39,robot_ec2b,STANDBY,ACTIVE
2026-08-18 16:18:39,robot_ec2b,MOVING,ACTIVE
2026-08-18 16:19:02,robot_ec2b,MOVING,REACHED
2026-08-18 16:19:02,robot_ec2b,STANDBY,REACHED
2026-08-18 16:19:03,robot_ec2b,LOCKED,REACHED
2026-08-18 16:19:06,robot_ec2b,STANDBY,REACHED
2026-08-18 16:19:08,robot_ec2b,STANDBY,ACTIVE
2026-08-18 16:19:08,robot_ec2b,MOVING,ACTIVE
2026-08-18 16:19:28,robot_ec2b,MOVING,REACHED
2026-08-18 16:19:29,robot_ec2b,STANDBY,REACHED
2026-08-18 16:19:29,robot_ec2b,LOCKED,REACHED
2026-08-18 16:19:31,robot_ec2b,STANDBY,REACHED
2026-08-18 16:19:34,robot_ec2b,STANDBY,ACTIVE
2026-08-18 16:19:34,robot_ec2b,MOVING,ACTIVE
2026-08-18 16:19:58,robot_ec2b,MOVING,REACHED
2026-08-18 16:19:59,robot_ec2b,LOCKED,REACHED
2026-08-18 16:20:01,robot_ec2b,STANDBY,REACHED
2026-08-18 16:20:04,robot_ec2b,STANDBY,ACTIVE
2026-08-18 16:20:04,robot_ec2b,MOVING,ACTIVE
2026-08-18 16:20:24,robot_ec2b,MANUAL,REACHED
2026-08-18 16:20:25,robot_ec2b,LOCKED,REACHED
2026-08-18 16:20:27,robot_ec2b,STANDBY,REACHED
2026-08-18 16:20:29,robot_ec2b,STANDBY,ACTIVE
2026-08-18 16:20:30,robot_ec2b,MOVING,ACTIVE
2026-08-18 16:20:55,robot_ec2b,MOVING,REACHED
2026-08-18 16:20:55,robot_ec2b,STANDBY,REACHED
2026-08-18 16:20:56,robot_ec2b,LOCKED,REACHED
2026-08-18 16:20:58,robot_ec2b,STANDBY,REACHED
2026-08-18 16:21:00,robot_ec2b,STANDBY,ACTIVE
2026-08-18 16:21:01,robot_ec2b,MOVING,ACTIVE
2026-08-18 16:21:21,robot_ec2b,MOVING,REACHED
2026-08-18 16:21:21,robot_ec2b,MANUAL,REACHED
2026-08-18 16:21:22,robot_ec2b,LOCKED,REACHED
2026-08-18 16:21:24,robot_ec2b,STANDBY,REACHED
2026-08-18 16:21:26,robot_ec2b,STANDBY,ACTIVE
2026-08-18 16:21:27,robot_ec2b,MOVING,ACTIVE
2026-08-18 16:21:53,robot_ec2b,MOVING,REACHED
2026-08-18 16:21:53,robot_ec2b,LOCKED,REACHED
2026-08-18 16:21:56,robot_ec2b,STANDBY,REACHED
2026-08-18 16:21:58,robot_ec2b,STANDBY,ACTIVE
2026-08-18 16:21:59,robot_ec2b,MOVING,ACTIVE
2026-08-18 16:22:18,robot_ec2b,MOVING,REACHED
2026-08-18 16:22:18,robot_ec2b,STANDBY,REACHED
2026-08-18 16:22:19,robot_ec2b,LOCKED,REACHED
2026-08-18 16:22:22,robot_ec2b,STANDBY,REACHED
2026-08-18 16:22:24,robot_ec2b,MOVING,ACTIVE
2026-08-18 16:22:48,robot_ec2b,MOVING,REACHED
2026-08-18 16:22:49,robot_ec2b,MANUAL,REACHED
2026-08-18 16:22:49,robot_ec2b,LOCKED,REACHED
2026-08-18 16:22:51,robot_ec2b,STANDBY,REACHED
2026-08-18 16:22:54,robot_ec2b,STANDBY,ACTIVE
2026-08-18 16:22:54,robot_ec2b,MOVING,ACTIVE
2026-08-18 16:23:14,robot_ec2b,MANUAL,REACHED
2026-08-18 16:23:15,robot_ec2b,STANDBY,REACHED
2026-08-18 16:23:15,robot_ec2b,LOCKED,REACHED
2026-08-18 16:23:17,robot_ec2b,STANDBY,REACHED
2026-08-18 16:23:20,robot_ec2b,STANDBY,ACTIVE
2026-08-18 16:23:20,robot_ec2b,MOVING,ACTIVE
2026-08-18 16:23:43,robot_ec2b,MOVING,REACHED
2026-08-18 16:23:44,robot_ec2b,STANDBY,REACHED
2026-08-18 16:23:44,robot_ec2b,LOCKED,REACHED
2026-08-18 16:23:46,robot_ec2b,STANDBY,REACHED
2026-08-18 16:23:49,robot_ec2b,STANDBY,ACTIVE
2026-08-18 16:23:49,robot_ec2b,MOVING,ACTIVE
2026-08-18 16:24:09,robot_ec2b,MANUAL,REACHED
2026-08-18 16:24:10,robot_ec2b,LOCKED,REACHED
2026-08-18 16:24:12,robot_ec2b,STANDBY,REACHED
2026-08-18 16:24:15,robot_ec2b,STANDBY,ACTIVE
2026-08-18 16:24:15,robot_ec2b,MOVING,ACTIVE
2026-08-18 16:24:39,robot_ec2b,MOVING,REACHED
2026-08-18 16:24:39,robot_ec2b,STANDBY,REACHED
2026-08-18 16:24:40,robot_ec2b,LOCKED,REACHED
2026-08-18 16:24:42,robot_ec2b,STANDBY,REACHED
2026-08-18 16:24:44,robot_ec2b,STANDBY,ACTIVE
2026-08-18 16:24:45,robot_ec2b,MOVING,ACTIVE
2026-08-18 16:25:05,robot_ec2b,MOVING,REACHED
2026-08-18 16:25:05,robot_ec2b,STANDBY,REACHED
2026-08-18 16:25:06,robot_ec2b,LOCKED,REACHED
2026-08-18 16:25:08,robot_ec2b,STANDBY,REACHED
2026-08-18 16:25:10,robot_ec2b,STANDBY,ACTIVE
2026-08-18 16:25:11,robot_ec2b,MOVING,ACTIVE
2026-08-18 16:25:35,robot_ec2b,MANUAL,REACHED
2026-08-18 16:25:35,robot_ec2b,STANDBY,REACHED
2026-08-18 16:25:36,robot_ec2b,LOCKED,REACHED
2026-08-18 16:25:38,robot_ec2b,STANDBY,REACHED
2026-08-18 16:25:40,robot_ec2b,STANDBY,ACTIVE
2026-08-18 16:25:41,robot_ec2b,MOVING,ACTIVE
2026-08-18 16:26:01,robot_ec2b,MOVING,REACHED
2026-08-18 16:26:01,robot_ec2b,STANDBY,REACHED
2026-08-18 16:26:02,robot_ec2b,LOCKED,REACHED
2026-08-18 16:26:04,robot_ec2b,STANDBY,REACHED
2026-08-18 16:26:06,robot_ec2b,STANDBY,ACTIVE
2026-08-18 16:26:07,robot_ec2b,MOVING,ACTIVE
2026-08-18 16:26:30,robot_ec2b,MANUAL,REACHED
2026-08-18 16:26:31,robot_ec2b,STANDBY,REACHED
2026-08-18 16:26:31,robot_ec2b,LOCKED,REACHED
2026-08-18 16:26:34,robot_ec2b,STANDBY,REACHED
2026-08-18 16:26:36,robot_ec2b,STANDBY,ACTIVE
2026-08-18 16:26:37,robot_ec2b,MOVING,ACTIVE
2026-08-18 16:26:56,robot_ec2b,MANUAL,REACHED
2026-08-18 16:26:57,robot_ec2b,STANDBY,REACHED
2026-08-18 16:26:57,robot_ec2b,LOCKED,REACHED
2026-08-18 16:27:00,robot_ec2b,STANDBY,REACHED
2026-08-18 16:27:02,robot_ec2b,MOVING,ACTIVE
2026-08-18 16:27:26,robot_ec2b,MOVING,REACHED
2026-08-18 16:27:26,robot_ec2b,LOCKED,REACHED
2026-08-18 16:27:28,robot_ec2b,STANDBY,REACHED
2026-08-18 16:27:31,robot_ec2b,STANDBY,ACTIVE
2026-08-18 16:27:31,robot_ec2b,MOVING,ACTIVE
2026-08-18 16:27:51,robot_ec2b,MOVING,REACHED
2026-08-18 16:27:51,robot_ec2b,MANUAL,REACHED
2026-08-18 16:27:52,robot_ec2b,STANDBY,REACHED
2026-08-18 16:27:52,robot_ec2b,LOCKED,REACHED
2026-08-18 16:27:55,robot_ec2b,STANDBY,REACHED
2026-08-18 16:27:57,robot_ec2b,STANDBY,ACTIVE
2026-08-18 16:27:57,robot_ec2b,MOVING,ACTIVE
2026-08-18 16:28:22,robot_ec2b,MOVING,REACHED
2026-08-18 16:28:22,robot_ec2b,LOCKED,REACHED
2026-08-18 16:28:24,robot_ec2b,STANDBY,REACHED
2026-08-18 16:28:27,robot_ec2b,STANDBY,ACTIVE
2026-08-18 16:28:27,robot_ec2b,MOVING,ACTIVE
2026-08-18 16:28:47,robot_ec2b,MOVING,REACHED
2026-08-18 16:28:48,robot_ec2b,STANDBY,REACHED
2026-08-18 16:28:48,robot_ec2b,LOCKED,REACHED
2026-08-18 16:28:51,robot_ec2b,STANDBY,REACHED
2026-08-18 16:28:53,robot_ec2b,MOVING,ACTIVE
2026-08-18 16:29:17,robot_ec2b,MOVING,REACHED
2026-08-18 16:29:18,robot_ec2b,MANUAL,REACHED
2026-08-18 16:29:18,robot_ec2b,LOCKED,REACHED
2026-08-18 16:29:20,robot_ec2b,STANDBY,REACHED
2026-08-18 16:29:23,robot_ec2b,STANDBY,ACTIVE
2026-08-18 16:29:23,robot_ec2b,MOVING,ACTIVE
2026-08-18 16:29:44,robot_ec2b,MANUAL,REACHED
2026-08-18 16:29:44,robot_ec2b,LOCKED,REACHED
2026-08-18 16:29:47,robot_ec2b,STANDBY,REACHED
2026-08-18 16:29:49,robot_ec2b,MOVING,ACTIVE
2026-08-18 16:30:12,robot_ec2b,MOVING,REACHED
2026-08-18 16:30:13,robot_ec2b,MANUAL,REACHED
2026-08-18 16:30:13,robot_ec2b,LOCKED,REACHED
2026-08-18 16:30:15,robot_ec2b,STANDBY,REACHED
2026-08-18 16:30:18,robot_ec2b,MOVING,ACTIVE
2026-08-18 16:30:38,robot_ec2b,MOVING,REACHED
2026-08-18 16:30:39,robot_ec2b,STANDBY,REACHED
2026-08-18 16:30:39,robot_ec2b,LOCKED,REACHED
2026-08-18 16:30:41,robot_ec2b,STANDBY,REACHED
2026-08-18 16:30:44,robot_ec2b,STANDBY,ACTIVE
2026-08-18 16:30:44,robot_ec2b,MOVING,ACTIVE
2026-08-18 16:31:09,robot_ec2b,MOVING,REACHED
2026-08-18 16:31:09,robot_ec2b,STANDBY,REACHED
2026-08-18 16:31:10,robot_ec2b,LOCKED,REACHED
2026-08-18 16:31:12,robot_ec2b,STANDBY,REACHED
2026-08-18 16:31:15,robot_ec2b,STANDBY,ACTIVE
2026-08-18 16:31:15,robot_ec2b,MOVING,ACTIVE
2026-08-18 16:31:35,robot_ec2b,MANUAL,REACHED
2026-08-18 16:31:35,robot_ec2b,STANDBY,REACHED
2026-08-18 16:31:36,robot_ec2b,LOCKED,REACHED
2026-08-18 16:31:38,robot_ec2b,STANDBY,REACHED
2026-08-18 16:31:41,robot_ec2b,MOVING,ACTIVE
2026-08-18 16:32:05,robot_ec2b,MOVING,REACHED
2026-08-18 16:32:06,robot_ec2b,LOCKED,REACHED
2026-08-18 16:32:08,robot_ec2b,STANDBY,REACHED
2026-08-18 16:32:10,robot_ec2b,STANDBY,ACTIVE
2026-08-18 16:32:11,robot_ec2b,MOVING,ACTIVE
2026-08-18 16:32:31,robot_ec2b,MOVING,REACHED
2026-08-18 16:32:32,robot_ec2b,STANDBY,REACHED
2026-08-18 16:32:33,robot_ec2b,LOCKED,REACHED
2026-08-18 16:32:35,robot_ec2b,STANDBY,REACHED
2026-08-18 16:32:37,robot_ec2b,STANDBY,ACTIVE
2026-08-18 16:32:38,robot_ec2b,MOVING,ACTIVE
2026-08-18 16:33:02,robot_ec2b,MOVING,REACHED
2026-08-18 16:33:02,robot_ec2b,STANDBY,REACHED
2026-08-18 16:33:03,robot_ec2b,LOCKED,REACHED
2026-08-18 16:33:05,robot_ec2b,STANDBY,REACHED
2026-08-18 16:33:07,robot_ec2b,STANDBY,ACTIVE
2026-08-18 16:33:08,robot_ec2b,MOVING,ACTIVE
2026-08-18 16:33:27,robot_ec2b,MOVING,REACHED
2026-08-18 16:33:28,robot_ec2b,STANDBY,REACHED
2026-08-18 16:33:28,robot_ec2b,LOCKED,REACHED
2026-08-18 16:33:31,robot_ec2b,STANDBY,REACHED
2026-08-18 16:33:33,robot_ec2b,STANDBY,ACTIVE
2026-08-18 16:33:34,robot_ec2b,MOVING,ACTIVE
2026-08-18 16:33:54,robot_ec2b,MOVING,REACHED
2026-08-18 16:33:55,robot_ec2b,STANDBY,REACHED
2026-08-18 16:33:55,robot_ec2b,LOCKED,REACHED
2026-08-18 16:33:58,robot_ec2b,STANDBY,REACHED
2026-08-18 16:34:00,robot_ec2b,MOVING,ACTIVE
2026-08-18 16:34:20,robot_ec2b,MOVING,REACHED
2026-08-18 16:34:20,robot_ec2b,STANDBY,REACHED
2026-08-18 16:34:21,robot_ec2b,LOCKED,REACHED
2026-08-18 16:34:23,robot_ec2b,STANDBY,REACHED
2026-08-18 16:34:26,robot_ec2b,STANDBY,ACTIVE
2026-08-18 16:34:26,robot_ec2b,MOVING,ACTIVE
2026-08-18 16:34:50,robot_ec2b,MOVING,REACHED
2026-08-18 16:34:51,robot_ec2b,STANDBY,REACHED
2026-08-18 16:34:51,robot_ec2b,LOCKED,REACHED
2026-08-18 16:34:53,robot_ec2b,STANDBY,REACHED
2026-08-18 16:34:56,robot_ec2b,STANDBY,ACTIVE
2026-08-18 16:34:56,robot_ec2b,MOVING,ACTIVE
2026-08-18 16:35:16,robot_ec2b,MOVING,REACHED
2026-08-18 16:35:17,robot_ec2b,STANDBY,REACHED
2026-08-18 16:35:17,robot_ec2b,LOCKED,REACHED
2026-08-18 16:35:19,robot_ec2b,STANDBY,REACHED
2026-08-18 16:35:22,robot_ec2b,STANDBY,ACTIVE
2026-08-18 16:35:22,robot_ec2b,MOVING,ACTIVE
2026-08-18 16:35:48,robot_ec2b,MOVING,REACHED
2026-08-18 16:35:49,robot_ec2b,LOCKED,REACHED
2026-08-18 16:35:51,robot_ec2b,STANDBY,REACHED
2026-08-18 16:35:54,robot_ec2b,STANDBY,ACTIVE
2026-08-18 16:35:54,robot_ec2b,MOVING,ACTIVE
2026-08-18 16:36:13,robot_ec2b,MOVING,REACHED
2026-08-18 16:36:14,robot_ec2b,LOCKED,REACHED
2026-08-18 16:36:16,robot_ec2b,STANDBY,REACHED
2026-08-18 16:36:18,robot_ec2b,STANDBY,ACTIVE
2026-08-18 16:36:19,robot_ec2b,MOVING,ACTIVE
2026-08-18 16:36:43,robot_ec2b,MOVING,REACHED
2026-08-18 16:36:44,robot_ec2b,LOCKED,REACHED
2026-08-18 16:36:46,robot_ec2b,STANDBY,REACHED
2026-08-18 16:36:49,robot_ec2b,STANDBY,ACTIVE
2026-08-18 16:36:49,robot_ec2b,MOVING,ACTIVE
2026-08-18 16:37:09,robot_ec2b,MOVING,REACHED
2026-08-18 16:37:09,robot_ec2b,STANDBY,REACHED
2026-08-18 16:37:10,robot_ec2b,LOCKED,REACHED
2026-08-18 16:37:12,robot_ec2b,STANDBY,REACHED
2026-08-18 16:37:15,robot_ec2b,STANDBY,ACTIVE
2026-08-18 16:37:15,robot_ec2b,MOVING,ACTIVE
2026-08-18 16:37:38,robot_ec2b,MOVING,REACHED
2026-08-18 16:37:38,robot_ec2b,STANDBY,REACHED
2026-08-18 16:37:39,robot_ec2b,LOCKED,REACHED
2026-08-18 16:37:41,robot_ec2b,STANDBY,REACHED
2026-08-18 16:37:44,robot_ec2b,STANDBY,ACTIVE
2026-08-18 16:37:44,robot_ec2b,MOVING,ACTIVE
2026-08-18 16:38:04,robot_ec2b,MOVING,REACHED
2026-08-18 16:38:05,robot_ec2b,LOCKED,REACHED
2026-08-18 16:38:07,robot_ec2b,STANDBY,REACHED
2026-08-18 16:38:09,robot_ec2b,STANDBY,ACTIVE
2026-08-18 16:38:10,robot_ec2b,MOVING,ACTIVE
2026-08-18 16:38:35,robot_ec2b,MOVING,REACHED
2026-08-18 16:38:36,robot_ec2b,STANDBY,REACHED
2026-08-18 16:38:37,robot_ec2b,LOCKED,REACHED
2026-08-18 16:38:39,robot_ec2b,STANDBY,REACHED
2026-08-18 16:38:41,robot_ec2b,STANDBY,ACTIVE
2026-08-18 16:38:42,robot_ec2b,MOVING,ACTIVE
2026-08-18 16:39:02,robot_ec2b,MOVING,REACHED
2026-08-18 16:39:02,robot_ec2b,STANDBY,REACHED
2026-08-18 16:39:03,robot_ec2b,LOCKED,REACHED
2026-08-18 16:39:05,robot_ec2b,STANDBY,REACHED
2026-08-18 16:39:07,robot_ec2b,STANDBY,ACTIVE
2026-08-18 16:39:08,robot_ec2b,MOVING,ACTIVE
2026-08-18 16:39:33,robot_ec2b,MOVING,REACHED
2026-08-18 16:39:33,robot_ec2b,STANDBY,REACHED
2026-08-18 16:39:34,robot_ec2b,LOCKED,REACHED
2026-08-18 16:39:36,robot_ec2b,STANDBY,REACHED
2026-08-18 16:39:38,robot_ec2b,STANDBY,ACTIVE
2026-08-18 16:39:39,robot_ec2b,MOVING,ACTIVE
2026-08-18 16:39:59,robot_ec2b,MOVING,REACHED
2026-08-18 16:39:59,robot_ec2b,STANDBY,REACHED
2026-08-18 16:40:00,robot_ec2b,LOCKED,REACHED
2026-08-18 16:40:02,robot_ec2b,STANDBY,REACHED
2026-08-18 16:40:04,robot_ec2b,STANDBY,ACTIVE
2026-08-18 16:40:05,robot_ec2b,MOVING,ACTIVE
2026-08-18 16:40:29,robot_ec2b,MANUAL,REACHED
2026-08-18 16:40:29,robot_ec2b,STANDBY,REACHED
2026-08-18 16:40:30,robot_ec2b,LOCKED,REACHED
2026-08-18 16:40:32,robot_ec2b,STANDBY,REACHED
2026-08-18 16:40:34,robot_ec2b,STANDBY,ACTIVE
2026-08-18 16:40:35,robot_ec2b,MOVING,ACTIVE
2026-08-18 16:40:55,robot_ec2b,MOVING,REACHED
2026-08-18 16:40:55,robot_ec2b,STANDBY,REACHED
2026-08-18 16:40:56,robot_ec2b,LOCKED,REACHED
2026-08-18 16:40:58,robot_ec2b,STANDBY,REACHED
2026-08-18 16:41:00,robot_ec2b,STANDBY,ACTIVE
2026-08-18 16:41:01,robot_ec2b,MOVING,ACTIVE
2026-08-18 16:41:24,robot_ec2b,MANUAL,REACHED
2026-08-18 16:41:25,robot_ec2b,LOCKED,REACHED
2026-08-18 16:41:27,robot_ec2b,STANDBY,REACHED
2026-08-18 16:41:29,robot_ec2b,STANDBY,ACTIVE
2026-08-18 16:41:30,robot_ec2b,MOVING,ACTIVE
2026-08-18 16:41:50,robot_ec2b,MOVING,REACHED
2026-08-18 16:41:50,robot_ec2b,MANUAL,REACHED
2026-08-18 16:41:51,robot_ec2b,LOCKED,REACHED
2026-08-18 16:41:53,robot_ec2b,STANDBY,REACHED
2026-08-18 16:41:55,robot_ec2b,STANDBY,ACTIVE
2026-08-18 16:41:56,robot_ec2b,MOVING,ACTIVE
2026-08-18 16:42:19,robot_ec2b,MANUAL,REACHED
2026-08-18 16:42:20,robot_ec2b,LOCKED,REACHED
2026-08-18 16:42:22,robot_ec2b,STANDBY,REACHED
2026-08-18 16:42:24,robot_ec2b,STANDBY,ACTIVE
2026-08-18 16:42:25,robot_ec2b,MOVING,ACTIVE
2026-08-18 16:42:45,robot_ec2b,MOVING,REACHED
2026-08-18 16:42:46,robot_ec2b,LOCKED,REACHED
2026-08-18 16:42:48,robot_ec2b,STANDBY,REACHED
2026-08-18 16:42:50,robot_ec2b,STANDBY,ACTIVE
2026-08-18 16:42:51,robot_ec2b,MOVING,ACTIVE
2026-08-18 16:43:11,robot_ec2b,MOVING,REACHED
2026-08-18 16:43:11,robot_ec2b,STANDBY,REACHED
2026-08-18 16:43:12,robot_ec2b,LOCKED,REACHED
2026-08-18 16:43:14,robot_ec2b,STANDBY,REACHED
2026-08-18 16:43:16,robot_ec2b,STANDBY,ACTIVE
2026-08-18 16:43:17,robot_ec2b,MOVING,ACTIVE
2026-08-18 16:43:36,robot_ec2b,MOVING,REACHED
2026-08-18 16:43:37,robot_ec2b,MANUAL,REACHED
2026-08-18 16:43:37,robot_ec2b,STANDBY,REACHED
2026-08-18 16:43:38,robot_ec2b,LOCKED,REACHED
2026-08-18 16:43:40,robot_ec2b,STANDBY,REACHED
2026-08-18 16:43:42,robot_ec2b,STANDBY,ACTIVE
2026-08-18 16:43:43,robot_ec2b,MOVING,ACTIVE
2026-08-18 16:44:04,robot_ec2b,MOVING,REACHED
2026-08-18 16:44:05,robot_ec2b,STANDBY,REACHED
2026-08-18 16:44:06,robot_ec2b,LOCKED,REACHED
2026-08-18 16:44:08,robot_ec2b,STANDBY,REACHED
2026-08-18 16:44:10,robot_ec2b,STANDBY,ACTIVE
2026-08-18 16:44:11,robot_ec2b,MOVING,ACTIVE
2026-08-18 16:44:31,robot_ec2b,MOVING,REACHED
2026-08-18 16:44:31,robot_ec2b,LOCKED,REACHED
2026-08-18 16:44:34,robot_ec2b,STANDBY,REACHED
2026-08-18 16:44:36,robot_ec2b,STANDBY,ACTIVE
2026-08-18 16:44:37,robot_ec2b,MOVING,ACTIVE
2026-08-18 16:44:57,robot_ec2b,MOVING,REACHED
2026-08-18 16:44:57,robot_ec2b,STANDBY,REACHED
2026-08-18 16:44:58,robot_ec2b,LOCKED,REACHED
2026-08-18 16:45:00,robot_ec2b,STANDBY,REACHED
2026-08-18 16:45:02,robot_ec2b,STANDBY,ACTIVE
2026-08-18 16:45:03,robot_ec2b,MOVING,ACTIVE
2026-08-18 16:45:23,robot_ec2b,MOVING,REACHED
2026-08-18 16:45:24,robot_ec2b,STANDBY,REACHED
2026-08-18 16:45:25,robot_ec2b,LOCKED,REACHED
2026-08-18 16:45:27,robot_ec2b,STANDBY,REACHED
2026-08-18 16:45:29,robot_ec2b,STANDBY,ACTIVE
2026-08-18 16:45:30,robot_ec2b,MOVING,ACTIVE
2026-08-18 16:45:58,robot_ec2b,STANDBY,REACHED
2026-08-18 16:45:59,robot_ec2b,LOCKED,REACHED
2026-08-18 16:46:02,robot_ec2b,STANDBY,REACHED
2026-08-18 16:46:04,robot_ec2b,STANDBY,ACTIVE
2026-08-18 16:46:05,robot_ec2b,MOVING,ACTIVE
2026-08-18 16:46:25,robot_ec2b,MOVING,REACHED
2026-08-18 16:46:25,robot_ec2b,LOCKED,REACHED
2026-08-18 16:46:28,robot_ec2b,STANDBY,REACHED
2026-08-18 16:46:30,robot_ec2b,MOVING,ACTIVE
2026-08-18 16:46:51,robot_ec2b,MOVING,REACHED
2026-08-18 16:46:52,robot_ec2b,STANDBY,REACHED
2026-08-18 16:46:52,robot_ec2b,LOCKED,REACHED
2026-08-18 16:46:54,robot_ec2b,STANDBY,REACHED
2026-08-18 16:46:57,robot_ec2b,MOVING,ACTIVE
2026-08-18 16:47:18,robot_ec2b,MOVING,REACHED
2026-08-18 16:47:18,robot_ec2b,LOCKED,REACHED
2026-08-18 16:47:20,robot_ec2b,STANDBY,REACHED
2026-08-18 16:47:23,robot_ec2b,STANDBY,ACTIVE
2026-08-18 16:47:23,robot_ec2b,MOVING,ACTIVE
2026-08-18 16:47:44,robot_ec2b,MANUAL,REACHED
2026-08-18 16:47:44,robot_ec2b,LOCKED,REACHED
2026-08-18 16:47:46,robot_ec2b,STANDBY,REACHED
2026-08-18 16:47:49,robot_ec2b,STANDBY,ACTIVE
2026-08-18 16:47:49,robot_ec2b,MOVING,ACTIVE
2026-08-18 16:48:10,robot_ec2b,MANUAL,REACHED
2026-08-18 16:48:10,robot_ec2b,LOCKED,REACHED
2026-08-18 16:48:12,robot_ec2b,STANDBY,REACHED
2026-08-18 16:48:15,robot_ec2b,STANDBY,ACTIVE
2026-08-18 16:48:15,robot_ec2b,MOVING,ACTIVE
2026-08-18 16:48:42,robot_ec2b,MOVING,REACHED
2026-08-18 16:48:42,robot_ec2b,MANUAL,REACHED
2026-08-18 16:48:43,robot_ec2b,STANDBY,REACHED
2026-08-18 16:48:43,robot_ec2b,LOCKED,REACHED
2026-08-18 16:48:45,robot_ec2b,STANDBY,REACHED
2026-08-18 16:48:48,robot_ec2b,STANDBY,ACTIVE
2026-08-18 16:48:48,robot_ec2b,MOVING,ACTIVE
2026-08-18 16:49:08,robot_ec2b,MOVING,REACHED
2026-08-18 16:49:09,robot_ec2b,MANUAL,REACHED
2026-08-18 16:49:09,robot_ec2b,LOCKED,REACHED
2026-08-18 16:49:11,robot_ec2b,STANDBY,REACHED
2026-08-18 16:49:14,robot_ec2b,STANDBY,ACTIVE
2026-08-18 16:49:14,robot_ec2b,MOVING,ACTIVE
2026-08-18 16:49:37,robot_ec2b,MOVING,REACHED
2026-08-18 16:49:38,robot_ec2b,MANUAL,REACHED
2026-08-18 16:49:38,robot_ec2b,LOCKED,REACHED
2026-08-18 16:49:40,robot_ec2b,STANDBY,REACHED
2026-08-18 16:49:43,robot_ec2b,STANDBY,ACTIVE
2026-08-18 16:49:43,robot_ec2b,MOVING,ACTIVE
2026-08-18 16:50:03,robot_ec2b,MOVING,REACHED
2026-08-18 16:50:04,robot_ec2b,STANDBY,REACHED
2026-08-18 16:50:04,robot_ec2b,LOCKED,REACHED
2026-08-18 16:50:06,robot_ec2b,STANDBY,REACHED
2026-08-18 16:50:09,robot_ec2b,STANDBY,ACTIVE
2026-08-18 16:50:09,robot_ec2b,MOVING,ACTIVE
2026-08-18 16:50:34,robot_ec2b,MOVING,REACHED
2026-08-18 16:50:34,robot_ec2b,MANUAL,REACHED
2026-08-18 16:50:35,robot_ec2b,LOCKED,REACHED
2026-08-18 16:50:37,robot_ec2b,STANDBY,REACHED
2026-08-18 16:50:40,robot_ec2b,STANDBY,ACTIVE
2026-08-18 16:50:40,robot_ec2b,MOVING,ACTIVE
2026-08-18 16:51:00,robot_ec2b,MOVING,REACHED
2026-08-18 16:51:00,robot_ec2b,MANUAL,REACHED
2026-08-18 16:51:01,robot_ec2b,LOCKED,REACHED
2026-08-18 16:51:03,robot_ec2b,STANDBY,REACHED
2026-08-18 16:51:06,robot_ec2b,MOVING,ACTIVE
2026-08-18 16:51:33,robot_ec2b,MOVING,REACHED
2026-08-18 16:51:33,robot_ec2b,STANDBY,REACHED
2026-08-18 16:51:34,robot_ec2b,LOCKED,REACHED
2026-08-18 16:51:36,robot_ec2b,STANDBY,REACHED
2026-08-18 16:51:38,robot_ec2b,STANDBY,ACTIVE
2026-08-18 16:51:39,robot_ec2b,MOVING,ACTIVE
2026-08-18 16:51:58,robot_ec2b,MOVING,REACHED
2026-08-18 16:51:59,robot_ec2b,LOCKED,REACHED
2026-08-18 16:52:01,robot_ec2b,STANDBY,REACHED
2026-08-18 16:52:03,robot_ec2b,STANDBY,ACTIVE
2026-08-18 16:52:04,robot_ec2b,MOVING,ACTIVE
2026-08-18 16:52:28,robot_ec2b,MOVING,REACHED
2026-08-18 16:52:29,robot_ec2b,LOCKED,REACHED
2026-08-18 16:52:31,robot_ec2b,STANDBY,REACHED
2026-08-18 16:52:34,robot_ec2b,MOVING,ACTIVE
2026-08-18 16:52:54,robot_ec2b,MOVING,REACHED
2026-08-18 16:52:54,robot_ec2b,STANDBY,REACHED
2026-08-18 16:52:55,robot_ec2b,LOCKED,REACHED
2026-08-18 16:52:57,robot_ec2b,STANDBY,REACHED
2026-08-18 16:52:59,robot_ec2b,STANDBY,ACTIVE
2026-08-18 16:53:00,robot_ec2b,MOVING,ACTIVE
2026-08-18 16:53:28,robot_ec2b,MOVING,REACHED
2026-08-18 16:53:28,robot_ec2b,MANUAL,REACHED
2026-08-18 16:53:29,robot_ec2b,LOCKED,REACHED
2026-08-18 16:53:31,robot_ec2b,STANDBY,REACHED
2026-08-18 16:53:33,robot_ec2b,STANDBY,ACTIVE
2026-08-18 16:53:34,robot_ec2b,MOVING,ACTIVE
2026-08-18 16:53:53,robot_ec2b,MOVING,REACHED
2026-08-18 16:53:54,robot_ec2b,STANDBY,REACHED
2026-08-18 16:53:55,robot_ec2b,LOCKED,REACHED
2026-08-18 16:53:57,robot_ec2b,STANDBY,REACHED
2026-08-18 16:53:59,robot_ec2b,STANDBY,ACTIVE
2026-08-18 16:54:00,robot_ec2b,MOVING,ACTIVE
2026-08-18 16:54:22,robot_ec2b,MOVING,REACHED
2026-08-18 16:54:22,robot_ec2b,MANUAL,REACHED
2026-08-18 16:54:23,robot_ec2b,LOCKED,REACHED
2026-08-18 16:54:25,robot_ec2b,STANDBY,REACHED
2026-08-18 16:54:27,robot_ec2b,STANDBY,ACTIVE
2026-08-18 16:54:28,robot_ec2b,MOVING,ACTIVE
2026-08-18 16:54:48,robot_ec2b,MOVING,REACHED
2026-08-18 16:54:48,robot_ec2b,STANDBY,REACHED
2026-08-18 16:54:49,robot_ec2b,LOCKED,REACHED
2026-08-18 16:54:51,robot_ec2b,STANDBY,REACHED
2026-08-18 16:54:53,robot_ec2b,STANDBY,ACTIVE
2026-08-18 16:54:54,robot_ec2b,MOVING,ACTIVE
2026-08-18 16:55:19,robot_ec2b,LOCKED,REACHED
2026-08-18 16:55:22,robot_ec2b,STANDBY,REACHED
2026-08-18 16:55:24,robot_ec2b,STANDBY,ACTIVE
2026-08-18 16:55:25,robot_ec2b,MOVING,ACTIVE
2026-08-18 16:55:45,robot_ec2b,MANUAL,REACHED
2026-08-18 16:55:46,robot_ec2b,LOCKED,REACHED
2026-08-18 16:55:48,robot_ec2b,STANDBY,REACHED
2026-08-18 16:55:50,robot_ec2b,STANDBY,ACTIVE
2026-08-18 16:55:51,robot_ec2b,MOVING,ACTIVE
2026-08-18 16:56:16,robot_ec2b,MOVING,REACHED
2026-08-18 16:56:16,robot_ec2b,STANDBY,REACHED
2026-08-18 16:56:17,robot_ec2b,LOCKED,REACHED
2026-08-18 16:56:19,robot_ec2b,STANDBY,REACHED
2026-08-18 16:56:21,robot_ec2b,STANDBY,ACTIVE
2026-08-18 16:56:22,robot_ec2b,MOVING,ACTIVE
2026-08-18 16:56:42,robot_ec2b,MOVING,REACHED
2026-08-18 16:56:42,robot_ec2b,STANDBY,REACHED
2026-08-18 16:56:43,robot_ec2b,LOCKED,REACHED
2026-08-18 16:56:45,robot_ec2b,STANDBY,REACHED
2026-08-18 16:56:47,robot_ec2b,STANDBY,ACTIVE
2026-08-18 16:56:48,robot_ec2b,MOVING,ACTIVE
2026-08-18 16:57:12,robot_ec2b,MOVING,REACHED
2026-08-18 16:57:12,robot_ec2b,STANDBY,REACHED
2026-08-18 16:57:13,robot_ec2b,LOCKED,REACHED
2026-08-18 16:57:15,robot_ec2b,STANDBY,REACHED
2026-08-18 16:57:17,robot_ec2b,STANDBY,ACTIVE
2026-08-18 16:57:18,robot_ec2b,MOVING,ACTIVE
2026-08-18 16:57:38,robot_ec2b,MANUAL,REACHED
2026-08-18 16:57:39,robot_ec2b,LOCKED,REACHED
2026-08-18 16:57:41,robot_ec2b,STANDBY,REACHED
2026-08-18 16:57:43,robot_ec2b,STANDBY,ACTIVE
2026-08-18 16:57:44,robot_ec2b,MOVING,ACTIVE
2026-08-18 16:58:08,robot_ec2b,MANUAL,REACHED
2026-08-18 16:58:09,robot_ec2b,LOCKED,REACHED
2026-08-18 16:58:11,robot_ec2b,STANDBY,REACHED
2026-08-18 16:58:13,robot_ec2b,STANDBY,ACTIVE
2026-08-18 16:58:14,robot_ec2b,MOVING,ACTIVE
2026-08-18 16:58:34,robot_ec2b,MANUAL,REACHED
2026-08-18 16:58:35,robot_ec2b,LOCKED,REACHED
2026-08-18 16:58:37,robot_ec2b,STANDBY,REACHED
2026-08-18 16:58:39,robot_ec2b,STANDBY,ACTIVE
2026-08-18 16:58:40,robot_ec2b,MOVING,ACTIVE
2026-08-18 16:59:03,robot_ec2b,MANUAL,REACHED
2026-08-18 16:59:04,robot_ec2b,LOCKED,REACHED
2026-08-18 16:59:06,robot_ec2b,STANDBY,REACHED
2026-08-18 16:59:08,robot_ec2b,STANDBY,ACTIVE
2026-08-18 16:59:09,robot_ec2b,MOVING,ACTIVE
2026-08-18 16:59:29,robot_ec2b,MOVING,REACHED
2026-08-18 16:59:29,robot_ec2b,MANUAL,REACHED
2026-08-18 16:59:30,robot_ec2b,LOCKED,REACHED
2026-08-18 16:59:32,robot_ec2b,STANDBY,REACHED
2026-08-18 16:59:34,robot_ec2b,STANDBY,ACTIVE
2026-08-18 16:59:35,robot_ec2b,MOVING,ACTIVE
2026-08-18 16:59:59,robot_ec2b,MOVING,REACHED
2026-08-18 17:00:00,robot_ec2b,STANDBY,REACHED
2026-08-18 17:00:01,robot_ec2b,LOCKED,REACHED
2026-08-18 17:00:03,robot_ec2b,STANDBY,REACHED
2026-08-18 17:00:05,robot_ec2b,STANDBY,ACTIVE
2026-08-18 17:00:06,robot_ec2b,MOVING,ACTIVE
2026-08-18 17:00:26,robot_ec2b,STANDBY,REACHED
2026-08-18 17:00:27,robot_ec2b,LOCKED,REACHED
2026-08-18 17:00:29,robot_ec2b,STANDBY,REACHED
2026-08-18 17:00:31,robot_ec2b,STANDBY,ACTIVE
2026-08-18 17:00:32,robot_ec2b,MOVING,ACTIVE
2026-08-18 17:00:59,robot_ec2b,STANDBY,REACHED
2026-08-18 17:00:59,robot_ec2b,LOCKED,REACHED
2026-08-18 17:01:02,robot_ec2b,STANDBY,REACHED
2026-08-18 17:01:04,robot_ec2b,STANDBY,ACTIVE
2026-08-18 17:01:05,robot_ec2b,MOVING,ACTIVE
2026-08-18 17:01:25,robot_ec2b,MANUAL,REACHED
2026-08-18 17:01:25,robot_ec2b,LOCKED,REACHED
2026-08-18 17:01:28,robot_ec2b,STANDBY,REACHED
2026-08-18 17:01:30,robot_ec2b,MOVING,ACTIVE
2026-08-18 17:01:51,robot_ec2b,MANUAL,REACHED
2026-08-18 17:01:51,robot_ec2b,LOCKED,REACHED
2026-08-18 17:01:53,robot_ec2b,STANDBY,REACHED
2026-08-18 17:01:56,robot_ec2b,MOVING,ACTIVE
2026-08-18 17:02:17,robot_ec2b,MANUAL,REACHED
2026-08-18 17:02:18,robot_ec2b,STANDBY,REACHED
2026-08-18 17:02:18,robot_ec2b,LOCKED,REACHED
2026-08-18 17:02:20,robot_ec2b,STANDBY,REACHED
2026-08-18 17:02:23,robot_ec2b,STANDBY,ACTIVE
2026-08-18 17:02:23,robot_ec2b,MOVING,ACTIVE
2026-08-18 17:02:43,robot_ec2b,MOVING,REACHED
2026-08-18 17:02:44,robot_ec2b,STANDBY,REACHED
2026-08-18 17:02:44,robot_ec2b,LOCKED,REACHED
2026-08-18 17:02:46,robot_ec2b,STANDBY,REACHED
2026-08-18 17:02:49,robot_ec2b,STANDBY,ACTIVE
2026-08-18 17:02:49,robot_ec2b,MOVING,ACTIVE
2026-08-18 17:03:09,robot_ec2b,MOVING,REACHED
2026-08-18 17:03:10,robot_ec2b,STANDBY,REACHED
2026-08-18 17:03:10,robot_ec2b,LOCKED,REACHED
2026-08-18 17:03:12,robot_ec2b,STANDBY,REACHED
2026-08-18 17:03:15,robot_ec2b,STANDBY,ACTIVE
2026-08-18 17:03:15,robot_ec2b,MOVING,ACTIVE
2026-08-18 17:03:38,robot_ec2b,MOVING,REACHED
2026-08-18 17:03:38,robot_ec2b,MANUAL,REACHED
2026-08-18 17:03:39,robot_ec2b,LOCKED,REACHED
2026-08-18 17:03:41,robot_ec2b,STANDBY,REACHED
2026-08-18 17:03:44,robot_ec2b,STANDBY,ACTIVE
2026-08-18 17:03:44,robot_ec2b,MOVING,ACTIVE
2026-08-18 17:04:04,robot_ec2b,MOVING,REACHED
2026-08-18 17:04:05,robot_ec2b,LOCKED,REACHED
2026-08-18 17:04:07,robot_ec2b,STANDBY,REACHED
2026-08-18 17:04:10,robot_ec2b,STANDBY,ACTIVE
2026-08-18 17:04:10,robot_ec2b,MOVING,ACTIVE
2026-08-18 17:04:33,robot_ec2b,MOVING,REACHED
2026-08-18 17:04:33,robot_ec2b,STANDBY,REACHED
2026-08-18 17:04:34,robot_ec2b,LOCKED,REACHED
2026-08-18 17:04:36,robot_ec2b,STANDBY,REACHED
2026-08-18 17:04:39,robot_ec2b,STANDBY,ACTIVE
2026-08-18 17:04:39,robot_ec2b,MOVING,ACTIVE
2026-08-18 17:04:59,robot_ec2b,MOVING,REACHED
2026-08-18 17:04:59,robot_ec2b,STANDBY,REACHED
2026-08-18 17:05:00,robot_ec2b,LOCKED,REACHED
2026-08-18 17:05:02,robot_ec2b,STANDBY,REACHED
2026-08-18 17:05:05,robot_ec2b,STANDBY,ACTIVE
2026-08-18 17:05:05,robot_ec2b,MOVING,ACTIVE
2026-08-18 17:05:32,robot_ec2b,MOVING,REACHED
2026-08-18 17:05:32,robot_ec2b,STANDBY,REACHED
2026-08-18 17:05:33,robot_ec2b,LOCKED,REACHED
2026-08-18 17:05:35,robot_ec2b,STANDBY,REACHED
2026-08-18 17:05:38,robot_ec2b,STANDBY,ACTIVE
2026-08-18 17:05:38,robot_ec2b,MOVING,ACTIVE
2026-08-18 17:05:58,robot_ec2b,MOVING,REACHED
2026-08-18 17:05:59,robot_ec2b,LOCKED,REACHED
2026-08-18 17:06:01,robot_ec2b,STANDBY,REACHED
2026-08-18 17:06:04,robot_ec2b,STANDBY,ACTIVE
2026-08-18 17:06:04,robot_ec2b,MOVING,ACTIVE
2026-08-18 17:06:27,robot_ec2b,MOVING,REACHED
2026-08-18 17:06:27,robot_ec2b,STANDBY,REACHED
2026-08-18 17:06:28,robot_ec2b,LOCKED,REACHED
2026-08-18 17:06:30,robot_ec2b,STANDBY,REACHED
2026-08-18 17:06:33,robot_ec2b,MOVING,ACTIVE
2026-08-18 17:06:53,robot_ec2b,MOVING,REACHED
2026-08-18 17:06:53,robot_ec2b,STANDBY,REACHED
2026-08-18 17:06:54,robot_ec2b,LOCKED,REACHED
2026-08-18 17:06:56,robot_ec2b,STANDBY,REACHED
2026-08-18 17:06:58,robot_ec2b,STANDBY,ACTIVE
2026-08-18 17:06:59,robot_ec2b,MOVING,ACTIVE
2026-08-18 17:07:23,robot_ec2b,MOVING,REACHED
2026-08-18 17:07:23,robot_ec2b,STANDBY,REACHED
2026-08-18 17:07:24,robot_ec2b,LOCKED,REACHED
2026-08-18 17:07:26,robot_ec2b,STANDBY,REACHED
2026-08-18 17:07:28,robot_ec2b,STANDBY,ACTIVE
2026-08-18 17:07:29,robot_ec2b,MOVING,ACTIVE
2026-08-18 17:07:49,robot_ec2b,MANUAL,REACHED
2026-08-18 17:07:50,robot_ec2b,LOCKED,REACHED
2026-08-18 17:07:52,robot_ec2b,STANDBY,REACHED
2026-08-18 17:07:54,robot_ec2b,STANDBY,ACTIVE
2026-08-18 17:07:55,robot_ec2b,MOVING,ACTIVE
2026-08-18 17:08:19,robot_ec2b,MOVING,REACHED
2026-08-18 17:08:19,robot_ec2b,STANDBY,REACHED
2026-08-18 17:08:20,robot_ec2b,LOCKED,REACHED
2026-08-18 17:08:22,robot_ec2b,STANDBY,REACHED
2026-08-18 17:08:24,robot_ec2b,STANDBY,ACTIVE
2026-08-18 17:08:25,robot_ec2b,MOVING,ACTIVE
2026-08-18 17:08:45,robot_ec2b,MOVING,REACHED
2026-08-18 17:08:45,robot_ec2b,STANDBY,REACHED
2026-08-18 17:08:46,robot_ec2b,LOCKED,REACHED
2026-08-18 17:08:48,robot_ec2b,STANDBY,REACHED
2026-08-18 17:08:50,robot_ec2b,STANDBY,ACTIVE
2026-08-18 17:08:51,robot_ec2b,MOVING,ACTIVE
2026-08-18 17:09:15,robot_ec2b,MOVING,REACHED
2026-08-18 17:09:15,robot_ec2b,STANDBY,REACHED
2026-08-18 17:09:16,robot_ec2b,LOCKED,REACHED
2026-08-18 17:09:18,robot_ec2b,STANDBY,REACHED
2026-08-18 17:09:20,robot_ec2b,STANDBY,ACTIVE
2026-08-18 17:09:21,robot_ec2b,MOVING,ACTIVE
2026-08-18 17:09:41,robot_ec2b,MOVING,REACHED
2026-08-18 17:09:41,robot_ec2b,LOCKED,REACHED
2026-08-18 17:09:44,robot_ec2b,STANDBY,REACHED
2026-08-18 17:09:46,robot_ec2b,STANDBY,ACTIVE
2026-08-18 17:09:47,robot_ec2b,MOVING,ACTIVE
2026-08-18 17:10:10,robot_ec2b,MOVING,REACHED
2026-08-18 17:10:10,robot_ec2b,LOCKED,REACHED
2026-08-18 17:10:13,robot_ec2b,STANDBY,REACHED
2026-08-18 17:10:15,robot_ec2b,STANDBY,ACTIVE
2026-08-18 17:10:16,robot_ec2b,MOVING,ACTIVE
2026-08-18 17:10:36,robot_ec2b,MOVING,REACHED
2026-08-18 17:10:36,robot_ec2b,MANUAL,REACHED
2026-08-18 17:10:37,robot_ec2b,LOCKED,REACHED
2026-08-18 17:10:39,robot_ec2b,STANDBY,REACHED
2026-08-18 17:10:41,robot_ec2b,STANDBY,ACTIVE
2026-08-18 17:10:42,robot_ec2b,MOVING,ACTIVE
2026-08-18 17:11:06,robot_ec2b,MANUAL,REACHED
2026-08-18 17:11:07,robot_ec2b,LOCKED,REACHED
2026-08-18 17:11:09,robot_ec2b,STANDBY,REACHED
2026-08-18 17:11:11,robot_ec2b,STANDBY,ACTIVE
2026-08-18 17:11:12,robot_ec2b,MOVING,ACTIVE
2026-08-18 17:11:32,robot_ec2b,MANUAL,REACHED
2026-08-18 17:11:32,robot_ec2b,STANDBY,REACHED
2026-08-18 17:11:33,robot_ec2b,LOCKED,REACHED
2026-08-18 17:11:35,robot_ec2b,STANDBY,REACHED
2026-08-18 17:11:37,robot_ec2b,STANDBY,ACTIVE
2026-08-18 17:11:38,robot_ec2b,MOVING,ACTIVE
2026-08-18 17:12:15,robot_ec2b,STANDBY,REACHED
2026-08-18 17:12:16,robot_ec2b,LOCKED,REACHED
2026-08-18 17:12:18,robot_ec2b,STANDBY,REACHED
2026-08-18 17:12:20,robot_ec2b,STANDBY,ACTIVE
2026-08-18 17:12:21,robot_ec2b,MOVING,ACTIVE
2026-08-18 17:12:41,robot_ec2b,MOVING,REACHED
2026-08-18 17:12:41,robot_ec2b,STANDBY,REACHED
2026-08-18 17:12:42,robot_ec2b,LOCKED,REACHED
2026-08-18 17:12:44,robot_ec2b,STANDBY,REACHED
2026-08-18 17:12:46,robot_ec2b,STANDBY,ACTIVE
2026-08-18 17:12:47,robot_ec2b,MOVING,ACTIVE
2026-08-18 17:13:09,robot_ec2b,MOVING,REACHED
2026-08-18 17:13:10,robot_ec2b,STANDBY,REACHED
2026-08-18 17:13:11,robot_ec2b,LOCKED,REACHED
2026-08-18 17:13:13,robot_ec2b,STANDBY,REACHED
2026-08-18 17:13:15,robot_ec2b,STANDBY,ACTIVE
2026-08-18 17:13:16,robot_ec2b,MOVING,ACTIVE
2026-08-18 17:13:36,robot_ec2b,MOVING,REACHED
2026-08-18 17:13:37,robot_ec2b,MANUAL,REACHED
2026-08-18 17:13:37,robot_ec2b,LOCKED,REACHED
2026-08-18 17:13:40,robot_ec2b,STANDBY,REACHED
2026-08-18 17:13:42,robot_ec2b,STANDBY,ACTIVE
2026-08-18 17:13:43,robot_ec2b,MOVING,ACTIVE
2026-08-18 17:14:07,robot_ec2b,MOVING,REACHED
2026-08-18 17:14:08,robot_ec2b,STANDBY,REACHED
2026-08-18 17:14:08,robot_ec2b,LOCKED,REACHED
2026-08-18 17:14:11,robot_ec2b,STANDBY,REACHED
2026-08-18 17:14:13,robot_ec2b,STANDBY,ACTIVE
2026-08-18 17:14:14,robot_ec2b,MOVING,ACTIVE
2026-08-18 17:14:34,robot_ec2b,MOVING,REACHED
2026-08-18 17:14:34,robot_ec2b,LOCKED,REACHED
2026-08-18 17:14:36,robot_ec2b,STANDBY,REACHED
2026-08-18 17:14:39,robot_ec2b,MOVING,ACTIVE
2026-08-18 17:15:04,robot_ec2b,MOVING,REACHED
2026-08-18 17:15:05,robot_ec2b,STANDBY,REACHED
2026-08-18 17:15:05,robot_ec2b,LOCKED,REACHED
2026-08-18 17:15:07,robot_ec2b,STANDBY,REACHED
2026-08-18 17:15:10,robot_ec2b,MOVING,ACTIVE
2026-08-18 17:15:31,robot_ec2b,MOVING,REACHED
2026-08-18 17:15:31,robot_ec2b,LOCKED,REACHED
2026-08-18 17:15:33,robot_ec2b,STANDBY,REACHED
2026-08-18 17:15:36,robot_ec2b,STANDBY,ACTIVE
2026-08-18 17:15:36,robot_ec2b,MOVING,ACTIVE
2026-08-18 17:15:59,robot_ec2b,MOVING,REACHED
2026-08-18 17:16:00,robot_ec2b,STANDBY,REACHED
2026-08-18 17:16:00,robot_ec2b,LOCKED,REACHED
2026-08-18 17:16:02,robot_ec2b,STANDBY,REACHED
2026-08-18 17:16:05,robot_ec2b,MOVING,ACTIVE
2026-08-18 17:16:26,robot_ec2b,MOVING,REACHED
2026-08-18 17:16:26,robot_ec2b,STANDBY,REACHED
2026-08-18 17:16:27,robot_ec2b,LOCKED,REACHED
2026-08-18 17:16:29,robot_ec2b,STANDBY,REACHED
2026-08-18 17:16:32,robot_ec2b,STANDBY,ACTIVE
2026-08-18 17:16:32,robot_ec2b,MOVING,ACTIVE
2026-08-18 17:16:55,robot_ec2b,MANUAL,REACHED
2026-08-18 17:16:55,robot_ec2b,LOCKED,REACHED
2026-08-18 17:16:57,robot_ec2b,STANDBY,REACHED
2026-08-18 17:17:00,robot_ec2b,STANDBY,ACTIVE
2026-08-18 17:17:00,robot_ec2b,MOVING,ACTIVE
2026-08-18 17:17:20,robot_ec2b,MOVING,REACHED
2026-08-18 17:17:20,robot_ec2b,STANDBY,REACHED
2026-08-18 17:17:21,robot_ec2b,LOCKED,REACHED
2026-08-18 17:17:23,robot_ec2b,STANDBY,REACHED
2026-08-18 17:17:26,robot_ec2b,STANDBY,ACTIVE
2026-08-18 17:17:26,robot_ec2b,MOVING,ACTIVE
2026-08-18 17:17:46,robot_ec2b,MANUAL,REACHED
2026-08-18 17:17:47,robot_ec2b,STANDBY,REACHED
2026-08-18 17:17:47,robot_ec2b,LOCKED,REACHED
2026-08-18 17:17:49,robot_ec2b,STANDBY,REACHED
2026-08-18 17:17:52,robot_ec2b,STANDBY,ACTIVE
2026-08-18 17:17:52,robot_ec2b,MOVING,ACTIVE
2026-08-18 17:18:12,robot_ec2b,MOVING,REACHED
2026-08-18 17:18:13,robot_ec2b,LOCKED,REACHED
2026-08-18 17:18:15,robot_ec2b,STANDBY,REACHED
2026-08-18 17:18:18,robot_ec2b,STANDBY,ACTIVE
2026-08-18 17:18:18,robot_ec2b,MOVING,ACTIVE
2026-08-18 17:18:45,robot_ec2b,MANUAL,REACHED
2026-08-18 17:18:46,robot_ec2b,STANDBY,REACHED
2026-08-18 17:18:46,robot_ec2b,LOCKED,REACHED
2026-08-18 17:18:48,robot_ec2b,STANDBY,REACHED
2026-08-18 17:18:51,robot_ec2b,STANDBY,ACTIVE
2026-08-18 17:18:51,robot_ec2b,MOVING,ACTIVE
2026-08-18 17:19:11,robot_ec2b,MOVING,REACHED
2026-08-18 17:19:12,robot_ec2b,LOCKED,REACHED
2026-08-18 17:19:14,robot_ec2b,STANDBY,REACHED
2026-08-18 17:19:17,robot_ec2b,STANDBY,ACTIVE
2026-08-18 17:19:17,robot_ec2b,MOVING,ACTIVE
2026-08-18 17:19:42,robot_ec2b,MANUAL,REACHED
2026-08-18 17:19:43,robot_ec2b,LOCKED,REACHED
2026-08-18 17:19:45,robot_ec2b,STANDBY,REACHED
2026-08-18 17:19:48,robot_ec2b,STANDBY,ACTIVE
2026-08-18 17:19:48,robot_ec2b,MOVING,ACTIVE
2026-08-18 17:20:08,robot_ec2b,MOVING,REACHED
2026-08-18 17:20:08,robot_ec2b,STANDBY,REACHED
2026-08-18 17:20:09,robot_ec2b,LOCKED,REACHED
2026-08-18 17:20:11,robot_ec2b,STANDBY,REACHED
2026-08-18 17:20:14,robot_ec2b,STANDBY,ACTIVE
2026-08-18 17:20:14,robot_ec2b,MOVING,ACTIVE
2026-08-18 17:20:39,robot_ec2b,MANUAL,REACHED
2026-08-18 17:20:40,robot_ec2b,LOCKED,REACHED
2026-08-18 17:20:42,robot_ec2b,STANDBY,REACHED
2026-08-18 17:20:45,robot_ec2b,MOVING,ACTIVE
2026-08-18 17:21:05,robot_ec2b,MOVING,REACHED
2026-08-18 17:21:05,robot_ec2b,STANDBY,REACHED
2026-08-18 17:21:06,robot_ec2b,LOCKED,REACHED
2026-08-18 17:21:08,robot_ec2b,STANDBY,REACHED
2026-08-18 17:21:10,robot_ec2b,STANDBY,ACTIVE
2026-08-18 17:21:11,robot_ec2b,MOVING,ACTIVE
2026-08-18 17:21:38,robot_ec2b,MOVING,REACHED
2026-08-18 17:21:39,robot_ec2b,STANDBY,REACHED
2026-08-18 17:21:40,robot_ec2b,LOCKED,REACHED
2026-08-18 17:21:42,robot_ec2b,STANDBY,REACHED
2026-08-18 17:21:44,robot_ec2b,STANDBY,ACTIVE
2026-08-18 17:21:45,robot_ec2b,MOVING,ACTIVE
2026-08-18 17:22:05,robot_ec2b,MOVING,REACHED
2026-08-18 17:22:06,robot_ec2b,STANDBY,REACHED
2026-08-18 17:22:07,robot_ec2b,LOCKED,REACHED
2026-08-18 17:22:09,robot_ec2b,STANDBY,REACHED
2026-08-18 17:22:11,robot_ec2b,STANDBY,ACTIVE
2026-08-18 17:22:12,robot_ec2b,MOVING,ACTIVE
2026-08-18 17:22:40,robot_ec2b,MOVING,REACHED
2026-08-18 17:22:40,robot_ec2b,MANUAL,REACHED
2026-08-18 17:22:41,robot_ec2b,LOCKED,REACHED
2026-08-18 17:22:43,robot_ec2b,STANDBY,REACHED
2026-08-18 17:22:45,robot_ec2b,STANDBY,ACTIVE
2026-08-18 17:22:46,robot_ec2b,MOVING,ACTIVE
2026-08-18 17:23:06,robot_ec2b,MOVING,REACHED
2026-08-18 17:23:06,robot_ec2b,LOCKED,REACHED
2026-08-18 17:23:09,robot_ec2b,STANDBY,REACHED
2026-08-18 17:23:11,robot_ec2b,STANDBY,ACTIVE
2026-08-18 17:23:12,robot_ec2b,MOVING,ACTIVE
2026-08-18 17:23:36,robot_ec2b,MANUAL,REACHED
2026-08-18 17:23:36,robot_ec2b,LOCKED,REACHED
2026-08-18 17:23:39,robot_ec2b,STANDBY,REACHED
2026-08-18 17:23:41,robot_ec2b,STANDBY,ACTIVE
2026-08-18 17:23:42,robot_ec2b,MOVING,ACTIVE
2026-08-18 17:24:02,robot_ec2b,MOVING,REACHED
2026-08-18 17:24:02,robot_ec2b,LOCKED,REACHED
2026-08-18 17:24:05,robot_ec2b,STANDBY,REACHED
2026-08-18 17:24:07,robot_ec2b,STANDBY,ACTIVE
2026-08-18 17:24:08,robot_ec2b,MOVING,ACTIVE
2026-08-18 17:24:30,robot_ec2b,MANUAL,REACHED
2026-08-18 17:24:31,robot_ec2b,LOCKED,REACHED
2026-08-18 17:24:33,robot_ec2b,STANDBY,REACHED
2026-08-18 17:24:35,robot_ec2b,STANDBY,ACTIVE
2026-08-18 17:24:36,robot_ec2b,MOVING,ACTIVE
2026-08-18 17:24:56,robot_ec2b,MANUAL,REACHED
2026-08-18 17:24:56,robot_ec2b,STANDBY,REACHED
2026-08-18 17:24:57,robot_ec2b,LOCKED,REACHED
2026-08-18 17:24:59,robot_ec2b,STANDBY,REACHED
2026-08-18 17:25:01,robot_ec2b,STANDBY,ACTIVE
2026-08-18 17:25:02,robot_ec2b,MOVING,ACTIVE
2026-08-18 17:25:24,robot_ec2b,MANUAL,REACHED
2026-08-18 17:25:25,robot_ec2b,LOCKED,REACHED
2026-08-18 17:25:27,robot_ec2b,STANDBY,REACHED
2026-08-18 17:25:29,robot_ec2b,STANDBY,ACTIVE
2026-08-18 17:25:30,robot_ec2b,MOVING,ACTIVE
2026-08-18 17:25:50,robot_ec2b,MOVING,REACHED
2026-08-18 17:25:50,robot_ec2b,STANDBY,REACHED
2026-08-18 17:25:51,robot_ec2b,LOCKED,REACHED
2026-08-18 17:25:53,robot_ec2b,STANDBY,REACHED
2026-08-18 17:25:55,robot_ec2b,STANDBY,ACTIVE
2026-08-18 17:25:56,robot_ec2b,MOVING,ACTIVE
2026-08-18 17:26:20,robot_ec2b,MOVING,REACHED
2026-08-18 17:26:21,robot_ec2b,STANDBY,REACHED
2026-08-18 17:26:22,robot_ec2b,LOCKED,REACHED
2026-08-18 17:26:24,robot_ec2b,STANDBY,REACHED
2026-08-18 17:26:26,robot_ec2b,STANDBY,ACTIVE
2026-08-18 17:26:27,robot_ec2b,MOVING,ACTIVE
2026-08-18 17:26:47,robot_ec2b,MANUAL,REACHED
2026-08-18 17:26:48,robot_ec2b,LOCKED,REACHED
2026-08-18 17:26:50,robot_ec2b,STANDBY,REACHED
2026-08-18 17:26:52,robot_ec2b,STANDBY,ACTIVE
2026-08-18 17:26:53,robot_ec2b,MOVING,ACTIVE
2026-08-18 17:27:19,robot_ec2b,LOCKED,REACHED
2026-08-18 17:27:22,robot_ec2b,STANDBY,REACHED
2026-08-18 17:27:24,robot_ec2b,STANDBY,ACTIVE
2026-08-18 17:27:25,robot_ec2b,MOVING,ACTIVE
2026-08-18 17:27:45,robot_ec2b,MANUAL,REACHED
2026-08-18 17:27:45,robot_ec2b,STANDBY,REACHED
2026-08-18 17:27:46,robot_ec2b,LOCKED,REACHED
2026-08-18 17:27:48,robot_ec2b,STANDBY,REACHED
2026-08-18 17:27:50,robot_ec2b,STANDBY,ACTIVE
2026-08-18 17:27:51,robot_ec2b,MOVING,ACTIVE
2026-08-18 17:28:14,robot_ec2b,MOVING,REACHED
2026-08-18 17:28:15,robot_ec2b,STANDBY,REACHED
2026-08-18 17:28:16,robot_ec2b,LOCKED,REACHED
2026-08-18 17:28:18,robot_ec2b,STANDBY,REACHED
2026-08-18 17:28:20,robot_ec2b,STANDBY,ACTIVE
2026-08-18 17:28:21,robot_ec2b,MOVING,ACTIVE
2026-08-18 17:28:41,robot_ec2b,MOVING,REACHED
2026-08-18 17:28:41,robot_ec2b,LOCKED,REACHED
2026-08-18 17:28:44,robot_ec2b,STANDBY,REACHED
2026-08-18 17:28:46,robot_ec2b,STANDBY,ACTIVE
2026-08-18 17:28:47,robot_ec2b,MOVING,ACTIVE
2026-08-18 17:29:11,robot_ec2b,MANUAL,REACHED
2026-08-18 17:29:11,robot_ec2b,LOCKED,REACHED
2026-08-18 17:29:14,robot_ec2b,STANDBY,REACHED
2026-08-18 17:29:16,robot_ec2b,MOVING,ACTIVE
2026-08-18 17:29:36,robot_ec2b,MOVING,REACHED
2026-08-18 17:29:37,robot_ec2b,MANUAL,REACHED
2026-08-18 17:29:37,robot_ec2b,LOCKED,REACHED
2026-08-18 17:29:39,robot_ec2b,STANDBY,REACHED
2026-08-18 17:29:42,robot_ec2b,MOVING,ACTIVE
2026-08-18 17:30:06,robot_ec2b,MOVING,REACHED
2026-08-18 17:30:07,robot_ec2b,STANDBY,REACHED
2026-08-18 17:30:07,robot_ec2b,LOCKED,REACHED
2026-08-18 17:30:09,robot_ec2b,STANDBY,REACHED
2026-08-18 17:30:12,robot_ec2b,STANDBY,ACTIVE
2026-08-18 17:30:12,robot_ec2b,MOVING,ACTIVE
2026-08-18 17:30:32,robot_ec2b,MOVING,REACHED
2026-08-18 17:30:33,robot_ec2b,STANDBY,REACHED
2026-08-18 17:30:33,robot_ec2b,LOCKED,REACHED
2026-08-18 17:30:35,robot_ec2b,STANDBY,REACHED
2026-08-18 17:30:38,robot_ec2b,STANDBY,ACTIVE
2026-08-18 17:30:38,robot_ec2b,MOVING,ACTIVE
2026-08-18 17:31:04,robot_ec2b,MOVING,REACHED
2026-08-18 17:31:05,robot_ec2b,MANUAL,REACHED
2026-08-18 17:31:05,robot_ec2b,LOCKED,REACHED
2026-08-18 17:31:07,robot_ec2b,STANDBY,REACHED
2026-08-18 17:31:10,robot_ec2b,MOVING,ACTIVE
2026-08-18 17:31:31,robot_ec2b,LOCKED,REACHED
2026-08-18 17:31:33,robot_ec2b,STANDBY,REACHED
2026-08-18 17:31:36,robot_ec2b,STANDBY,ACTIVE
2026-08-18 17:31:36,robot_ec2b,MOVING,ACTIVE
2026-08-18 17:32:05,robot_ec2b,MOVING,REACHED
2026-08-18 17:32:06,robot_ec2b,STANDBY,REACHED
2026-08-18 17:32:06,robot_ec2b,LOCKED,REACHED
2026-08-18 17:32:08,robot_ec2b,STANDBY,REACHED
2026-08-18 17:32:11,robot_ec2b,STANDBY,ACTIVE
2026-08-18 17:32:11,robot_ec2b,MOVING,ACTIVE
2026-08-18 17:32:31,robot_ec2b,MOVING,REACHED
2026-08-18 17:32:32,robot_ec2b,LOCKED,REACHED
2026-08-18 17:32:34,robot_ec2b,STANDBY,REACHED
2026-08-18 17:32:37,robot_ec2b,STANDBY,ACTIVE
2026-08-18 17:32:37,robot_ec2b,MOVING,ACTIVE
2026-08-18 17:32:57,robot_ec2b,MOVING,REACHED
2026-08-18 17:32:58,robot_ec2b,LOCKED,REACHED
2026-08-18 17:33:00,robot_ec2b,STANDBY,REACHED
2026-08-18 17:33:03,robot_ec2b,STANDBY,ACTIVE
2026-08-18 17:33:03,robot_ec2b,MOVING,ACTIVE
2026-08-18 17:33:23,robot_ec2b,MOVING,REACHED
2026-08-18 17:33:24,robot_ec2b,LOCKED,REACHED
2026-08-18 17:33:26,robot_ec2b,STANDBY,REACHED
2026-08-18 17:33:29,robot_ec2b,MOVING,ACTIVE
2026-08-18 17:33:49,robot_ec2b,MOVING,REACHED
2026-08-18 17:33:50,robot_ec2b,LOCKED,REACHED
2026-08-18 17:33:52,robot_ec2b,STANDBY,REACHED
2026-08-18 17:33:55,robot_ec2b,MOVING,ACTIVE
2026-08-18 17:34:16,robot_ec2b,MANUAL,REACHED
2026-08-18 17:34:16,robot_ec2b,STANDBY,REACHED
2026-08-18 17:34:17,robot_ec2b,LOCKED,REACHED
2026-08-18 17:34:19,robot_ec2b,STANDBY,REACHED
2026-08-18 17:34:21,robot_ec2b,STANDBY,ACTIVE
2026-08-18 17:34:22,robot_ec2b,MOVING,ACTIVE
2026-08-18 17:34:50,robot_ec2b,MANUAL,REACHED
2026-08-18 17:34:51,robot_ec2b,LOCKED,REACHED
2026-08-18 17:34:53,robot_ec2b,STANDBY,REACHED
2026-08-18 17:34:55,robot_ec2b,STANDBY,ACTIVE
2026-08-18 17:34:56,robot_ec2b,MOVING,ACTIVE
2026-08-18 17:35:16,robot_ec2b,MANUAL,REACHED
2026-08-18 17:35:17,robot_ec2b,LOCKED,REACHED
2026-08-18 17:35:19,robot_ec2b,STANDBY,REACHED
2026-08-18 17:35:21,robot_ec2b,STANDBY,ACTIVE
2026-08-18 17:35:22,robot_ec2b,MOVING,ACTIVE
2026-08-18 17:35:42,robot_ec2b,MOVING,REACHED
2026-08-18 17:35:43,robot_ec2b,LOCKED,REACHED
2026-08-18 17:35:45,robot_ec2b,STANDBY,REACHED
2026-08-18 17:35:47,robot_ec2b,STANDBY,ACTIVE
2026-08-18 17:35:48,robot_ec2b,MOVING,ACTIVE
2026-08-18 17:36:08,robot_ec2b,MOVING,REACHED
2026-08-18 17:36:09,robot_ec2b,MANUAL,REACHED
2026-08-18 17:36:09,robot_ec2b,STANDBY,REACHED
2026-08-18 17:36:10,robot_ec2b,LOCKED,REACHED
2026-08-18 17:36:12,robot_ec2b,STANDBY,REACHED
2026-08-18 17:36:15,robot_ec2b,MOVING,ACTIVE
2026-08-18 17:36:40,robot_ec2b,MOVING,REACHED
2026-08-18 17:36:40,robot_ec2b,STANDBY,REACHED
2026-08-18 17:36:41,robot_ec2b,LOCKED,REACHED
2026-08-18 17:36:43,robot_ec2b,STANDBY,REACHED
2026-08-18 17:36:46,robot_ec2b,MOVING,ACTIVE
2026-08-18 17:37:06,robot_ec2b,MOVING,REACHED
2026-08-18 17:37:06,robot_ec2b,MANUAL,REACHED
2026-08-18 17:37:07,robot_ec2b,LOCKED,REACHED
2026-08-18 17:37:09,robot_ec2b,STANDBY,REACHED
2026-08-18 17:37:11,robot_ec2b,STANDBY,ACTIVE
2026-08-18 17:37:12,robot_ec2b,MOVING,ACTIVE
2026-08-18 17:37:34,robot_ec2b,MOVING,REACHED
2026-08-18 17:37:34,robot_ec2b,MANUAL,REACHED
2026-08-18 17:37:35,robot_ec2b,LOCKED,REACHED
2026-08-18 17:37:37,robot_ec2b,STANDBY,REACHED
2026-08-18 17:37:39,robot_ec2b,STANDBY,ACTIVE
2026-08-18 17:37:40,robot_ec2b,MOVING,ACTIVE
2026-08-18 17:38:00,robot_ec2b,MOVING,REACHED
2026-08-18 17:38:00,robot_ec2b,LOCKED,REACHED
2026-08-18 17:38:03,robot_ec2b,STANDBY,REACHED
2026-08-18 17:38:05,robot_ec2b,STANDBY,ACTIVE
2026-08-18 17:38:06,robot_ec2b,MOVING,ACTIVE
2026-08-18 17:38:32,robot_ec2b,MOVING,REACHED
2026-08-18 17:38:33,robot_ec2b,STANDBY,REACHED
2026-08-18 17:38:33,robot_ec2b,LOCKED,REACHED
2026-08-18 17:38:36,robot_ec2b,STANDBY,REACHED
2026-08-18 17:38:38,robot_ec2b,STANDBY,ACTIVE
2026-08-18 17:38:39,robot_ec2b,MOVING,ACTIVE
2026-08-18 17:38:59,robot_ec2b,MOVING,REACHED
2026-08-18 17:38:59,robot_ec2b,LOCKED,REACHED
2026-08-18 17:39:02,robot_ec2b,STANDBY,REACHED
2026-08-18 17:39:04,robot_ec2b,STANDBY,ACTIVE
2026-08-18 17:39:05,robot_ec2b,MOVING,ACTIVE
2026-08-18 17:39:28,robot_ec2b,MOVING,REACHED
2026-08-18 17:39:29,robot_ec2b,STANDBY,REACHED
2026-08-18 17:39:29,robot_ec2b,LOCKED,REACHED
2026-08-18 17:39:32,robot_ec2b,STANDBY,REACHED
2026-08-18 17:39:34,robot_ec2b,STANDBY,ACTIVE
2026-08-18 17:39:35,robot_ec2b,MOVING,ACTIVE
2026-08-18 17:39:55,robot_ec2b,MANUAL,REACHED
2026-08-18 17:39:55,robot_ec2b,LOCKED,REACHED
2026-08-18 17:39:58,robot_ec2b,STANDBY,REACHED
2026-08-18 17:40:00,robot_ec2b,STANDBY,ACTIVE
2026-08-18 17:40:01,robot_ec2b,MOVING,ACTIVE
2026-08-18 17:40:26,robot_ec2b,MOVING,REACHED
2026-08-18 17:40:26,robot_ec2b,LOCKED,REACHED
2026-08-18 17:40:29,robot_ec2b,STANDBY,REACHED
2026-08-18 17:40:31,robot_ec2b,STANDBY,ACTIVE
2026-08-18 17:40:32,robot_ec2b,MOVING,ACTIVE
2026-08-18 17:40:52,robot_ec2b,LOCKED,REACHED
2026-08-18 17:40:55,robot_ec2b,STANDBY,REACHED
2026-08-18 17:40:57,robot_ec2b,STANDBY,ACTIVE
2026-08-18 17:40:58,robot_ec2b,MOVING,ACTIVE
2026-08-18 17:41:22,robot_ec2b,MANUAL,REACHED
2026-08-18 17:41:22,robot_ec2b,STANDBY,REACHED
2026-08-18 17:41:23,robot_ec2b,LOCKED,REACHED
2026-08-18 17:41:25,robot_ec2b,STANDBY,REACHED
2026-08-18 17:41:27,robot_ec2b,STANDBY,ACTIVE
2026-08-18 17:41:28,robot_ec2b,MOVING,ACTIVE
2026-08-18 17:41:48,robot_ec2b,LOCKED,REACHED
2026-08-18 17:41:51,robot_ec2b,STANDBY,REACHED
2026-08-18 17:41:53,robot_ec2b,STANDBY,ACTIVE
2026-08-18 17:41:54,robot_ec2b,MOVING,ACTIVE
2026-08-18 17:42:22,robot_ec2b,MOVING,REACHED
2026-08-18 17:42:22,robot_ec2b,STANDBY,REACHED
2026-08-18 17:42:23,robot_ec2b,LOCKED,REACHED
2026-08-18 17:42:25,robot_ec2b,STANDBY,REACHED
2026-08-18 17:42:27,robot_ec2b,STANDBY,ACTIVE
2026-08-18 17:42:28,robot_ec2b,MOVING,ACTIVE
2026-08-18 17:42:48,robot_ec2b,MOVING,REACHED
2026-08-18 17:42:48,robot_ec2b,LOCKED,REACHED
2026-08-18 17:42:51,robot_ec2b,STANDBY,REACHED
2026-08-18 17:42:53,robot_ec2b,STANDBY,ACTIVE
2026-08-18 17:42:54,robot_ec2b,MOVING,ACTIVE
2026-08-18 17:43:15,robot_ec2b,MOVING,REACHED
2026-08-18 17:43:15,robot_ec2b,LOCKED,REACHED
2026-08-18 17:43:18,robot_ec2b,STANDBY,REACHED
2026-08-18 17:43:20,robot_ec2b,STANDBY,ACTIVE
2026-08-18 17:43:21,robot_ec2b,MOVING,ACTIVE
2026-08-18 17:43:41,robot_ec2b,MOVING,REACHED
2026-08-18 17:43:42,robot_ec2b,STANDBY,REACHED
2026-08-18 17:43:43,robot_ec2b,LOCKED,REACHED
2026-08-18 17:43:45,robot_ec2b,STANDBY,REACHED
2026-08-18 17:43:47,robot_ec2b,STANDBY,ACTIVE
2026-08-18 17:43:48,robot_ec2b,MOVING,ACTIVE
2026-08-18 17:44:15,robot_ec2b,MANUAL,REACHED
2026-08-18 17:44:16,robot_ec2b,LOCKED,REACHED
2026-08-18 17:44:18,robot_ec2b,STANDBY,REACHED
2026-08-18 17:44:20,robot_ec2b,STANDBY,ACTIVE
2026-08-18 17:44:21,robot_ec2b,MOVING,ACTIVE
2026-08-18 17:44:41,robot_ec2b,MOVING,REACHED
2026-08-18 17:44:41,robot_ec2b,STANDBY,REACHED
2026-08-18 17:44:42,robot_ec2b,LOCKED,REACHED
2026-08-18 17:44:44,robot_ec2b,STANDBY,REACHED
2026-08-18 17:44:46,robot_ec2b,STANDBY,ACTIVE
2026-08-18 17:44:47,robot_ec2b,MOVING,ACTIVE
2026-08-18 17:45:07,robot_ec2b,MOVING,REACHED
2026-08-18 17:45:08,robot_ec2b,STANDBY,REACHED
2026-08-18 17:45:08,robot_ec2b,LOCKED,REACHED
2026-08-18 17:45:11,robot_ec2b,STANDBY,REACHED
2026-08-18 17:45:13,robot_ec2b,STANDBY,ACTIVE
2026-08-18 17:45:14,robot_ec2b,MOVING,ACTIVE
2026-08-18 17:45:34,robot_ec2b,MOVING,REACHED
2026-08-18 17:45:35,robot_ec2b,STANDBY,REACHED
2026-08-18 17:45:35,robot_ec2b,LOCKED,REACHED
2026-08-18 17:45:38,robot_ec2b,STANDBY,REACHED
2026-08-18 17:45:40,robot_ec2b,MOVING,ACTIVE
2026-08-18 17:46:08,robot_ec2b,MANUAL,REACHED
2026-08-18 17:46:08,robot_ec2b,LOCKED,REACHED
2026-08-18 17:46:10,robot_ec2b,STANDBY,REACHED
2026-08-18 17:46:13,robot_ec2b,MOVING,ACTIVE
2026-08-18 17:46:34,robot_ec2b,MOVING,REACHED
2026-08-18 17:46:34,robot_ec2b,STANDBY,REACHED
2026-08-18 17:46:35,robot_ec2b,LOCKED,REACHED
2026-08-18 17:46:37,robot_ec2b,STANDBY,REACHED
2026-08-18 17:46:40,robot_ec2b,STANDBY,ACTIVE
2026-08-18 17:46:40,robot_ec2b,MOVING,ACTIVE
2026-08-18 17:47:05,robot_ec2b,MOVING,REACHED
2026-08-18 17:47:06,robot_ec2b,STANDBY,REACHED
2026-08-18 17:47:06,robot_ec2b,LOCKED,REACHED
2026-08-18 17:47:08,robot_ec2b,STANDBY,REACHED
2026-08-18 17:47:11,robot_ec2b,STANDBY,ACTIVE
2026-08-18 17:47:11,robot_ec2b,MOVING,ACTIVE
2026-08-18 17:47:31,robot_ec2b,MOVING,REACHED
2026-08-18 17:47:32,robot_ec2b,STANDBY,REACHED
2026-08-18 17:47:32,robot_ec2b,LOCKED,REACHED
2026-08-18 17:47:34,robot_ec2b,STANDBY,REACHED
2026-08-18 17:47:37,robot_ec2b,STANDBY,ACTIVE
2026-08-18 17:47:37,robot_ec2b,MOVING,ACTIVE
2026-08-18 17:48:03,robot_ec2b,MANUAL,REACHED
2026-08-18 17:48:03,robot_ec2b,LOCKED,REACHED
2026-08-18 17:48:05,robot_ec2b,STANDBY,REACHED
2026-08-18 17:48:08,robot_ec2b,STANDBY,ACTIVE
2026-08-18 17:48:08,robot_ec2b,MOVING,ACTIVE
2026-08-18 17:48:28,robot_ec2b,MOVING,REACHED
2026-08-18 17:48:29,robot_ec2b,STANDBY,REACHED
2026-08-18 17:48:29,robot_ec2b,LOCKED,REACHED
2026-08-18 17:48:31,robot_ec2b,STANDBY,REACHED
2026-08-18 17:48:34,robot_ec2b,STANDBY,ACTIVE
2026-08-18 17:48:34,robot_ec2b,MOVING,ACTIVE
2026-08-18 17:49:02,robot_ec2b,MOVING,REACHED
2026-08-18 17:49:02,robot_ec2b,LOCKED,REACHED
2026-08-18 17:49:04,robot_ec2b,STANDBY,REACHED
2026-08-18 17:49:07,robot_ec2b,STANDBY,ACTIVE
2026-08-18 17:49:07,robot_ec2b,MOVING,ACTIVE
2026-08-18 17:49:28,robot_ec2b,MANUAL,REACHED
2026-08-18 17:49:28,robot_ec2b,LOCKED,REACHED
2026-08-18 17:49:30,robot_ec2b,STANDBY,REACHED
2026-08-18 17:49:33,robot_ec2b,MOVING,ACTIVE
2026-08-18 17:49:58,robot_ec2b,MOVING,REACHED
2026-08-18 17:49:58,robot_ec2b,STANDBY,REACHED
2026-08-18 17:49:59,robot_ec2b,LOCKED,REACHED
2026-08-18 17:50:01,robot_ec2b,STANDBY,REACHED
2026-08-18 17:50:04,robot_ec2b,STANDBY,ACTIVE
2026-08-18 17:50:04,robot_ec2b,MOVING,ACTIVE
2026-08-18 17:50:24,robot_ec2b,MOVING,REACHED
2026-08-18 17:50:24,robot_ec2b,STANDBY,REACHED
2026-08-18 17:50:25,robot_ec2b,LOCKED,REACHED
2026-08-18 17:50:27,robot_ec2b,STANDBY,REACHED
2026-08-18 17:50:30,robot_ec2b,STANDBY,ACTIVE
2026-08-18 17:50:30,robot_ec2b,MOVING,ACTIVE
2026-08-18 17:50:55,robot_ec2b,MOVING,REACHED
2026-08-18 17:50:55,robot_ec2b,STANDBY,REACHED
2026-08-18 17:50:56,robot_ec2b,LOCKED,REACHED
2026-08-18 17:50:58,robot_ec2b,STANDBY,REACHED
2026-08-18 17:51:01,robot_ec2b,STANDBY,ACTIVE
2026-08-18 17:51:01,robot_ec2b,MOVING,ACTIVE
2026-08-18 17:51:22,robot_ec2b,MOVING,REACHED
2026-08-18 17:51:22,robot_ec2b,STANDBY,REACHED
2026-08-18 17:51:23,robot_ec2b,LOCKED,REACHED
2026-08-18 17:51:25,robot_ec2b,STANDBY,REACHED
2026-08-18 17:51:28,robot_ec2b,STANDBY,ACTIVE
2026-08-18 17:51:28,robot_ec2b,MOVING,ACTIVE
2026-08-18 17:51:49,robot_ec2b,MANUAL,REACHED
2026-08-18 17:51:49,robot_ec2b,STANDBY,REACHED
2026-08-18 17:51:50,robot_ec2b,LOCKED,REACHED
2026-08-18 17:51:52,robot_ec2b,STANDBY,REACHED
2026-08-18 17:51:55,robot_ec2b,STANDBY,ACTIVE
2026-08-18 17:51:55,robot_ec2b,MOVING,ACTIVE
2026-08-18 17:52:15,robot_ec2b,MOVING,REACHED
2026-08-18 17:52:16,robot_ec2b,LOCKED,REACHED
2026-08-18 17:52:18,robot_ec2b,STANDBY,REACHED
2026-08-18 17:52:21,robot_ec2b,STANDBY,ACTIVE
2026-08-18 17:52:21,robot_ec2b,MOVING,ACTIVE
2026-08-18 17:52:45,robot_ec2b,MANUAL,REACHED
2026-08-18 17:52:45,robot_ec2b,STANDBY,REACHED
2026-08-18 17:52:46,robot_ec2b,LOCKED,REACHED
2026-08-18 17:52:48,robot_ec2b,STANDBY,REACHED
2026-08-18 17:52:51,robot_ec2b,MOVING,ACTIVE
2026-08-18 17:53:11,robot_ec2b,MANUAL,REACHED
2026-08-18 17:53:11,robot_ec2b,STANDBY,REACHED
2026-08-18 17:53:12,robot_ec2b,LOCKED,REACHED
2026-08-18 17:53:14,robot_ec2b,STANDBY,REACHED
2026-08-18 17:53:17,robot_ec2b,MOVING,ACTIVE
2026-08-18 17:53:40,robot_ec2b,MOVING,REACHED
2026-08-18 17:53:41,robot_ec2b,LOCKED,REACHED
2026-08-18 17:53:43,robot_ec2b,STANDBY,REACHED
2026-08-18 17:53:46,robot_ec2b,MOVING,ACTIVE
2026-08-18 17:54:06,robot_ec2b,MANUAL,REACHED
2026-08-18 17:54:07,robot_ec2b,LOCKED,REACHED
2026-08-18 17:54:09,robot_ec2b,STANDBY,REACHED
2026-08-18 17:54:12,robot_ec2b,MOVING,ACTIVE
2026-08-18 17:54:37,robot_ec2b,STANDBY,REACHED
2026-08-18 17:54:38,robot_ec2b,LOCKED,REACHED
2026-08-18 17:54:40,robot_ec2b,STANDBY,REACHED
2026-08-18 17:54:43,robot_ec2b,MOVING,ACTIVE
2026-08-18 17:55:03,robot_ec2b,MOVING,REACHED
2026-08-18 17:55:04,robot_ec2b,LOCKED,REACHED
2026-08-18 17:55:06,robot_ec2b,STANDBY,REACHED
2026-08-18 17:55:09,robot_ec2b,MOVING,ACTIVE
2026-08-18 17:55:33,robot_ec2b,MOVING,REACHED
2026-08-18 17:55:34,robot_ec2b,LOCKED,REACHED
2026-08-18 17:55:36,robot_ec2b,STANDBY,REACHED
2026-08-18 17:55:39,robot_ec2b,MOVING,ACTIVE
2026-08-18 17:55:59,robot_ec2b,MOVING,REACHED
2026-08-18 17:55:59,robot_ec2b,STANDBY,REACHED
2026-08-18 17:56:00,robot_ec2b,LOCKED,REACHED
2026-08-18 17:56:02,robot_ec2b,STANDBY,REACHED
2026-08-18 17:56:05,robot_ec2b,STANDBY,ACTIVE
2026-08-18 17:56:05,robot_ec2b,MOVING,ACTIVE
2026-08-18 17:56:25,robot_ec2b,MOVING,REACHED
2026-08-18 17:56:25,robot_ec2b,STANDBY,REACHED
2026-08-18 17:56:26,robot_ec2b,LOCKED,REACHED
2026-08-18 17:56:28,robot_ec2b,STANDBY,REACHED
2026-08-18 17:56:31,robot_ec2b,STANDBY,ACTIVE
2026-08-18 17:56:31,robot_ec2b,MOVING,ACTIVE
2026-08-18 17:56:51,robot_ec2b,MANUAL,REACHED
2026-08-18 17:56:52,robot_ec2b,LOCKED,REACHED
2026-08-18 17:56:54,robot_ec2b,STANDBY,REACHED
2026-08-18 17:56:57,robot_ec2b,MOVING,ACTIVE
2026-08-18 17:57:20,robot_ec2b,MANUAL,REACHED
2026-08-18 17:57:20,robot_ec2b,STANDBY,REACHED
2026-08-18 17:57:21,robot_ec2b,LOCKED,REACHED
2026-08-18 17:57:23,robot_ec2b,STANDBY,REACHED
2026-08-18 17:57:26,robot_ec2b,MOVING,ACTIVE
2026-08-18 17:57:46,robot_ec2b,MANUAL,REACHED
2026-08-18 17:57:46,robot_ec2b,STANDBY,REACHED
2026-08-18 17:57:47,robot_ec2b,LOCKED,REACHED
2026-08-18 17:57:49,robot_ec2b,STANDBY,REACHED
2026-08-18 17:57:52,robot_ec2b,MOVING,ACTIVE
2026-08-18 17:58:16,robot_ec2b,MANUAL,REACHED
2026-08-18 17:58:17,robot_ec2b,LOCKED,REACHED
2026-08-18 17:58:19,robot_ec2b,STANDBY,REACHED
2026-08-18 17:58:21,robot_ec2b,STANDBY,ACTIVE
2026-08-18 17:58:22,robot_ec2b,MOVING,ACTIVE
2026-08-18 17:58:42,robot_ec2b,STANDBY,REACHED
2026-08-18 17:58:43,robot_ec2b,LOCKED,REACHED
2026-08-18 17:58:45,robot_ec2b,STANDBY,REACHED
2026-08-18 17:58:47,robot_ec2b,STANDBY,ACTIVE
2026-08-18 17:58:48,robot_ec2b,MOVING,ACTIVE
2026-08-18 17:59:14,robot_ec2b,MOVING,REACHED
2026-08-18 17:59:14,robot_ec2b,STANDBY,REACHED
2026-08-18 17:59:15,robot_ec2b,LOCKED,REACHED
2026-08-18 17:59:17,robot_ec2b,STANDBY,REACHED
2026-08-18 17:59:19,robot_ec2b,STANDBY,ACTIVE
2026-08-18 17:59:20,robot_ec2b,MOVING,ACTIVE
2026-08-18 17:59:40,robot_ec2b,MANUAL,REACHED
2026-08-18 17:59:40,robot_ec2b,LOCKED,REACHED
2026-08-18 17:59:43,robot_ec2b,STANDBY,REACHED
2026-08-18 17:59:45,robot_ec2b,STANDBY,ACTIVE
2026-08-18 17:59:46,robot_ec2b,MOVING,ACTIVE
2026-08-18 18:00:08,robot_ec2b,LOCKED,REACHED
2026-08-18 18:00:11,robot_ec2b,STANDBY,REACHED
2026-08-18 18:00:13,robot_ec2b,STANDBY,ACTIVE
2026-08-18 18:00:14,robot_ec2b,MOVING,ACTIVE
2026-08-18 18:00:34,robot_ec2b,MOVING,REACHED
2026-08-18 18:00:34,robot_ec2b,STANDBY,REACHED
2026-08-18 18:00:35,robot_ec2b,LOCKED,REACHED
2026-08-18 18:00:37,robot_ec2b,STANDBY,REACHED
2026-08-18 18:00:39,robot_ec2b,STANDBY,ACTIVE
2026-08-18 18:00:40,robot_ec2b,MOVING,ACTIVE
2026-08-18 18:01:03,robot_ec2b,STANDBY,REACHED
2026-08-18 18:01:04,robot_ec2b,LOCKED,REACHED
2026-08-18 18:01:06,robot_ec2b,STANDBY,REACHED
2026-08-18 18:01:08,robot_ec2b,STANDBY,ACTIVE
2026-08-18 18:01:09,robot_ec2b,MOVING,ACTIVE
2026-08-18 18:01:28,robot_ec2b,MOVING,REACHED
2026-08-18 18:01:29,robot_ec2b,STANDBY,REACHED
2026-08-18 18:01:29,robot_ec2b,LOCKED,REACHED
2026-08-18 18:01:32,robot_ec2b,STANDBY,REACHED
2026-08-18 18:01:34,robot_ec2b,STANDBY,ACTIVE
2026-08-18 18:01:35,robot_ec2b,MOVING,ACTIVE
2026-08-18 18:02:00,robot_ec2b,MOVING,REACHED
2026-08-18 18:02:00,robot_ec2b,LOCKED,REACHED
2026-08-18 18:02:03,robot_ec2b,STANDBY,REACHED
2026-08-18 18:02:05,robot_ec2b,STANDBY,ACTIVE
2026-08-18 18:02:06,robot_ec2b,MOVING,ACTIVE
2026-08-18 18:02:26,robot_ec2b,MOVING,REACHED
2026-08-18 18:02:26,robot_ec2b,LOCKED,REACHED
2026-08-18 18:02:29,robot_ec2b,STANDBY,REACHED
2026-08-18 18:02:31,robot_ec2b,STANDBY,ACTIVE
2026-08-18 18:02:32,robot_ec2b,MOVING,ACTIVE
2026-08-18 18:02:53,robot_ec2b,MANUAL,REACHED
2026-08-18 18:02:53,robot_ec2b,LOCKED,REACHED
2026-08-18 18:02:56,robot_ec2b,STANDBY,REACHED
2026-08-18 18:02:58,robot_ec2b,STANDBY,ACTIVE
2026-08-18 18:02:59,robot_ec2b,MOVING,ACTIVE
2026-08-18 18:03:19,robot_ec2b,MOVING,REACHED
2026-08-18 18:03:19,robot_ec2b,LOCKED,REACHED
2026-08-18 18:03:22,robot_ec2b,STANDBY,REACHED
2026-08-18 18:03:24,robot_ec2b,MOVING,ACTIVE
2026-08-18 18:03:46,robot_ec2b,MOVING,REACHED
2026-08-18 18:03:47,robot_ec2b,STANDBY,REACHED
2026-08-18 18:03:47,robot_ec2b,LOCKED,REACHED
2026-08-18 18:03:50,robot_ec2b,STANDBY,REACHED
2026-08-18 18:03:52,robot_ec2b,STANDBY,ACTIVE
2026-08-18 18:03:53,robot_ec2b,MOVING,ACTIVE
2026-08-18 18:04:13,robot_ec2b,MANUAL,REACHED
2026-08-18 18:04:13,robot_ec2b,LOCKED,REACHED
2026-08-18 18:04:16,robot_ec2b,STANDBY,REACHED
2026-08-18 18:04:18,robot_ec2b,MOVING,ACTIVE
2026-08-18 18:04:42,robot_ec2b,MOVING,REACHED
2026-08-18 18:04:43,robot_ec2b,STANDBY,REACHED
2026-08-18 18:04:43,robot_ec2b,LOCKED,REACHED
2026-08-18 18:04:46,robot_ec2b,STANDBY,REACHED
2026-08-18 18:04:48,robot_ec2b,MOVING,ACTIVE
2026-08-18 18:05:08,robot_ec2b,MOVING,REACHED
2026-08-18 18:05:09,robot_ec2b,STANDBY,REACHED
2026-08-18 18:05:09,robot_ec2b,LOCKED,REACHED
2026-08-18 18:05:12,robot_ec2b,STANDBY,REACHED
2026-08-18 18:05:14,robot_ec2b,MOVING,ACTIVE
2026-08-18 18:05:36,robot_ec2b,MOVING,REACHED
2026-08-18 18:05:37,robot_ec2b,STANDBY,REACHED
2026-08-18 18:05:37,robot_ec2b,LOCKED,REACHED
2026-08-18 18:05:39,robot_ec2b,STANDBY,REACHED
2026-08-18 18:05:42,robot_ec2b,MOVING,ACTIVE
2026-08-18 18:06:02,robot_ec2b,MANUAL,REACHED
2026-08-18 18:06:03,robot_ec2b,STANDBY,REACHED
2026-08-18 18:06:03,robot_ec2b,LOCKED,REACHED
2026-08-18 18:06:05,robot_ec2b,STANDBY,REACHED
2026-08-18 18:06:08,robot_ec2b,STANDBY,ACTIVE
2026-08-18 18:06:08,robot_ec2b,MOVING,ACTIVE
2026-08-18 18:06:29,robot_ec2b,MOVING,REACHED
2026-08-18 18:06:30,robot_ec2b,STANDBY,REACHED
2026-08-18 18:06:30,robot_ec2b,LOCKED,REACHED
2026-08-18 18:06:32,robot_ec2b,STANDBY,REACHED
2026-08-18 18:06:35,robot_ec2b,MOVING,ACTIVE
2026-08-18 18:06:55,robot_ec2b,MOVING,REACHED
2026-08-18 18:06:56,robot_ec2b,STANDBY,REACHED
2026-08-18 18:06:56,robot_ec2b,LOCKED,REACHED
2026-08-18 18:06:58,robot_ec2b,STANDBY,REACHED
2026-08-18 18:07:01,robot_ec2b,MOVING,ACTIVE
2026-08-18 18:07:21,robot_ec2b,MOVING,REACHED
2026-08-18 18:07:22,robot_ec2b,STANDBY,REACHED
2026-08-18 18:07:22,robot_ec2b,LOCKED,REACHED
2026-08-18 18:07:24,robot_ec2b,STANDBY,REACHED
2026-08-18 18:07:27,robot_ec2b,MOVING,ACTIVE
2026-08-18 18:07:48,robot_ec2b,MOVING,REACHED
2026-08-18 18:07:48,robot_ec2b,LOCKED,REACHED
2026-08-18 18:07:50,robot_ec2b,STANDBY,REACHED
2026-08-18 18:07:53,robot_ec2b,STANDBY,ACTIVE
2026-08-18 18:07:53,robot_ec2b,MOVING,ACTIVE
2026-08-18 18:08:15,robot_ec2b,MOVING,REACHED
2026-08-18 18:08:15,robot_ec2b,LOCKED,REACHED
2026-08-18 18:08:18,robot_ec2b,STANDBY,REACHED
2026-08-18 18:08:20,robot_ec2b,MOVING,ACTIVE
2026-08-18 18:08:41,robot_ec2b,MANUAL,REACHED
2026-08-18 18:08:41,robot_ec2b,LOCKED,REACHED
2026-08-18 18:08:44,robot_ec2b,STANDBY,REACHED
2026-08-18 18:08:46,robot_ec2b,STANDBY,ACTIVE
2026-08-18 18:08:47,robot_ec2b,MOVING,ACTIVE
2026-08-18 18:09:14,robot_ec2b,MOVING,REACHED
2026-08-18 18:09:15,robot_ec2b,STANDBY,REACHED
2026-08-18 18:09:15,robot_ec2b,LOCKED,REACHED
2026-08-18 18:09:18,robot_ec2b,STANDBY,REACHED
2026-08-18 18:09:20,robot_ec2b,MOVING,ACTIVE
2026-08-18 18:09:40,robot_ec2b,MOVING,REACHED
2026-08-18 18:09:41,robot_ec2b,STANDBY,REACHED
2026-08-18 18:09:41,robot_ec2b,LOCKED,REACHED
2026-08-18 18:09:43,robot_ec2b,STANDBY,REACHED
2026-08-18 18:09:46,robot_ec2b,MOVING,ACTIVE
2026-08-18 18:10:14,robot_ec2b,MANUAL,REACHED
2026-08-18 18:10:14,robot_ec2b,LOCKED,REACHED
2026-08-18 18:10:16,robot_ec2b,STANDBY,REACHED
2026-08-18 18:10:19,robot_ec2b,MOVING,ACTIVE
2026-08-18 18:10:39,robot_ec2b,MOVING,REACHED
2026-08-18 18:10:40,robot_ec2b,STANDBY,REACHED
2026-08-18 18:10:40,robot_ec2b,LOCKED,REACHED
2026-08-18 18:10:42,robot_ec2b,STANDBY,REACHED
2026-08-18 18:10:45,robot_ec2b,STANDBY,ACTIVE
2026-08-18 18:10:45,robot_ec2b,MOVING,ACTIVE
2026-08-18 18:11:10,robot_ec2b,MANUAL,REACHED
2026-08-18 18:11:10,robot_ec2b,LOCKED,REACHED
2026-08-18 18:11:12,robot_ec2b,STANDBY,REACHED
2026-08-18 18:11:15,robot_ec2b,STANDBY,ACTIVE
2026-08-18 18:11:15,robot_ec2b,MOVING,ACTIVE
2026-08-18 18:11:35,robot_ec2b,MOVING,REACHED
2026-08-18 18:11:36,robot_ec2b,MANUAL,REACHED
2026-08-18 18:11:36,robot_ec2b,LOCKED,REACHED
2026-08-18 18:11:38,robot_ec2b,STANDBY,REACHED
2026-08-18 18:11:41,robot_ec2b,MOVING,ACTIVE
2026-08-18 18:12:06,robot_ec2b,MOVING,REACHED
2026-08-18 18:12:06,robot_ec2b,MANUAL,REACHED
2026-08-18 18:12:07,robot_ec2b,STANDBY,REACHED
2026-08-18 18:12:07,robot_ec2b,LOCKED,REACHED
2026-08-18 18:12:09,robot_ec2b,STANDBY,REACHED
2026-08-18 18:12:12,robot_ec2b,STANDBY,ACTIVE
2026-08-18 18:12:12,robot_ec2b,MOVING,ACTIVE
2026-08-18 18:12:33,robot_ec2b,MANUAL,REACHED
2026-08-18 18:12:33,robot_ec2b,LOCKED,REACHED
2026-08-18 18:12:35,robot_ec2b,STANDBY,REACHED
2026-08-18 18:12:38,robot_ec2b,STANDBY,ACTIVE
2026-08-18 18:12:38,robot_ec2b,MOVING,ACTIVE
2026-08-18 18:13:00,robot_ec2b,MOVING,REACHED
2026-08-18 18:13:00,robot_ec2b,STANDBY,REACHED
2026-08-18 18:13:01,robot_ec2b,LOCKED,REACHED
2026-08-18 18:13:03,robot_ec2b,STANDBY,REACHED
2026-08-18 18:13:06,robot_ec2b,STANDBY,ACTIVE
2026-08-18 18:13:06,robot_ec2b,MOVING,ACTIVE
2026-08-18 18:13:27,robot_ec2b,MANUAL,REACHED
2026-08-18 18:13:27,robot_ec2b,STANDBY,REACHED
2026-08-18 18:13:28,robot_ec2b,LOCKED,REACHED
2026-08-18 18:13:30,robot_ec2b,STANDBY,REACHED
2026-08-18 18:13:33,robot_ec2b,STANDBY,ACTIVE
2026-08-18 18:13:33,robot_ec2b,MOVING,ACTIVE
2026-08-18 18:14:01,robot_ec2b,MOVING,REACHED
2026-08-18 18:14:01,robot_ec2b,STANDBY,REACHED
2026-08-18 18:14:02,robot_ec2b,LOCKED,REACHED
2026-08-18 18:14:04,robot_ec2b,STANDBY,REACHED
2026-08-18 18:14:07,robot_ec2b,MOVING,ACTIVE
2026-08-18 18:14:27,robot_ec2b,STANDBY,REACHED
2026-08-18 18:14:28,robot_ec2b,LOCKED,REACHED
2026-08-18 18:14:30,robot_ec2b,STANDBY,REACHED
2026-08-18 18:14:33,robot_ec2b,MOVING,ACTIVE
2026-08-18 18:14:56,robot_ec2b,MOVING,REACHED
2026-08-18 18:14:57,robot_ec2b,STANDBY,REACHED
2026-08-18 18:14:58,robot_ec2b,LOCKED,REACHED
2026-08-18 18:15:00,robot_ec2b,STANDBY,REACHED
2026-08-18 18:15:03,robot_ec2b,MOVING,ACTIVE
2026-08-18 18:15:23,robot_ec2b,MANUAL,REACHED
2026-08-18 18:15:23,robot_ec2b,STANDBY,REACHED
2026-08-18 18:15:24,robot_ec2b,LOCKED,REACHED
2026-08-18 18:15:26,robot_ec2b,STANDBY,REACHED
2026-08-18 18:15:28,robot_ec2b,STANDBY,ACTIVE
2026-08-18 18:15:29,robot_ec2b,MOVING,ACTIVE
2026-08-18 18:15:51,robot_ec2b,MANUAL,REACHED
2026-08-18 18:15:52,robot_ec2b,LOCKED,REACHED
2026-08-18 18:15:54,robot_ec2b,STANDBY,REACHED
2026-08-18 18:15:56,robot_ec2b,STANDBY,ACTIVE
2026-08-18 18:15:57,robot_ec2b,MOVING,ACTIVE
2026-08-18 18:16:17,robot_ec2b,MANUAL,REACHED
2026-08-18 18:16:17,robot_ec2b,STANDBY,REACHED
2026-08-18 18:16:18,robot_ec2b,LOCKED,REACHED
2026-08-18 18:16:20,robot_ec2b,STANDBY,REACHED
2026-08-18 18:16:23,robot_ec2b,MOVING,ACTIVE
2026-08-18 18:16:48,robot_ec2b,MANUAL,REACHED
2026-08-18 18:16:48,robot_ec2b,STANDBY,REACHED
2026-08-18 18:16:49,robot_ec2b,LOCKED,REACHED
2026-08-18 18:16:51,robot_ec2b,STANDBY,REACHED
2026-08-18 18:16:53,robot_ec2b,STANDBY,ACTIVE
2026-08-18 18:16:54,robot_ec2b,MOVING,ACTIVE
2026-08-18 18:17:14,robot_ec2b,STANDBY,REACHED
2026-08-18 18:17:15,robot_ec2b,LOCKED,REACHED
2026-08-18 18:17:17,robot_ec2b,STANDBY,REACHED
2026-08-18 18:17:19,robot_ec2b,STANDBY,ACTIVE
2026-08-18 18:17:20,robot_ec2b,MOVING,ACTIVE
2026-08-18 18:17:43,robot_ec2b,MOVING,REACHED
2026-08-18 18:17:43,robot_ec2b,STANDBY,REACHED
2026-08-18 18:17:44,robot_ec2b,LOCKED,REACHED
2026-08-18 18:17:46,robot_ec2b,STANDBY,REACHED
2026-08-18 18:17:49,robot_ec2b,MOVING,ACTIVE
2026-08-18 18:18:09,robot_ec2b,MOVING,REACHED
2026-08-18 18:18:10,robot_ec2b,STANDBY,REACHED
2026-08-18 18:18:11,robot_ec2b,LOCKED,REACHED
2026-08-18 18:18:13,robot_ec2b,STANDBY,REACHED
2026-08-18 18:18:15,robot_ec2b,STANDBY,ACTIVE
2026-08-18 18:18:16,robot_ec2b,MOVING,ACTIVE
2026-08-18 18:18:40,robot_ec2b,MOVING,REACHED
2026-08-18 18:18:41,robot_ec2b,STANDBY,REACHED
2026-08-18 18:18:42,robot_ec2b,LOCKED,REACHED
2026-08-18 18:18:44,robot_ec2b,STANDBY,REACHED
2026-08-18 18:18:46,robot_ec2b,STANDBY,ACTIVE
2026-08-18 18:18:47,robot_ec2b,MOVING,ACTIVE
2026-08-18 18:19:07,robot_ec2b,MOVING,REACHED
2026-08-18 18:19:07,robot_ec2b,STANDBY,REACHED
2026-08-18 18:19:08,robot_ec2b,LOCKED,REACHED
2026-08-18 18:19:10,robot_ec2b,STANDBY,REACHED
2026-08-18 18:19:12,robot_ec2b,STANDBY,ACTIVE
2026-08-18 18:19:13,robot_ec2b,MOVING,ACTIVE
2026-08-18 18:19:37,robot_ec2b,STANDBY,REACHED
2026-08-18 18:19:37,robot_ec2b,LOCKED,REACHED
2026-08-18 18:19:40,robot_ec2b,STANDBY,REACHED
2026-08-18 18:19:42,robot_ec2b,STANDBY,ACTIVE
2026-08-18 18:19:43,robot_ec2b,MOVING,ACTIVE
2026-08-18 18:20:03,robot_ec2b,MOVING,REACHED
2026-08-18 18:20:04,robot_ec2b,STANDBY,REACHED
2026-08-18 18:20:04,robot_ec2b,LOCKED,REACHED
2026-08-18 18:20:07,robot_ec2b,STANDBY,REACHED
2026-08-18 18:20:09,robot_ec2b,STANDBY,ACTIVE
2026-08-18 18:20:10,robot_ec2b,MOVING,ACTIVE
2026-08-18 18:20:31,robot_ec2b,MANUAL,REACHED
2026-08-18 18:20:31,robot_ec2b,LOCKED,REACHED
2026-08-18 18:20:34,robot_ec2b,STANDBY,REACHED
2026-08-18 18:20:36,robot_ec2b,STANDBY,ACTIVE
2026-08-18 18:20:37,robot_ec2b,MOVING,ACTIVE
2026-08-18 18:20:57,robot_ec2b,MOVING,REACHED
2026-08-18 18:20:57,robot_ec2b,LOCKED,REACHED
2026-08-18 18:21:00,robot_ec2b,STANDBY,REACHED
2026-08-18 18:21:02,robot_ec2b,MOVING,ACTIVE
2026-08-18 18:21:26,robot_ec2b,MOVING,REACHED
2026-08-18 18:21:27,robot_ec2b,STANDBY,REACHED
2026-08-18 18:21:27,robot_ec2b,LOCKED,REACHED
2026-08-18 18:21:30,robot_ec2b,STANDBY,REACHED
2026-08-18 18:21:32,robot_ec2b,MOVING,ACTIVE
2026-08-18 18:21:52,robot_ec2b,MANUAL,REACHED
2026-08-18 18:21:53,robot_ec2b,STANDBY,REACHED
2026-08-18 18:21:53,robot_ec2b,LOCKED,REACHED
2026-08-18 18:21:55,robot_ec2b,STANDBY,REACHED
2026-08-18 18:21:58,robot_ec2b,STANDBY,ACTIVE
2026-08-18 18:21:58,robot_ec2b,MOVING,ACTIVE
2026-08-18 18:22:24,robot_ec2b,STANDBY,REACHED
2026-08-18 18:22:25,robot_ec2b,LOCKED,REACHED
2026-08-18 18:22:27,robot_ec2b,STANDBY,REACHED
2026-08-18 18:22:30,robot_ec2b,STANDBY,ACTIVE
2026-08-18 18:22:30,robot_ec2b,MOVING,ACTIVE
2026-08-18 18:22:51,robot_ec2b,MANUAL,REACHED
2026-08-18 18:22:52,robot_ec2b,LOCKED,REACHED
2026-08-18 18:22:54,robot_ec2b,STANDBY,REACHED
2026-08-18 18:22:57,robot_ec2b,STANDBY,ACTIVE
2026-08-18 18:22:57,robot_ec2b,MOVING,ACTIVE
2026-08-18 18:23:20,robot_ec2b,MOVING,REACHED
2026-08-18 18:23:21,robot_ec2b,LOCKED,REACHED
2026-08-18 18:23:23,robot_ec2b,STANDBY,REACHED
2026-08-18 18:23:26,robot_ec2b,STANDBY,ACTIVE
2026-08-18 18:23:26,robot_ec2b,MOVING,ACTIVE
2026-08-18 18:23:47,robot_ec2b,MOVING,REACHED
2026-08-18 18:23:47,robot_ec2b,STANDBY,REACHED
2026-08-18 18:23:48,robot_ec2b,LOCKED,REACHED
2026-08-18 18:23:50,robot_ec2b,STANDBY,REACHED
2026-08-18 18:23:53,robot_ec2b,STANDBY,ACTIVE
2026-08-18 18:23:53,robot_ec2b,MOVING,ACTIVE
2026-08-18 18:24:15,robot_ec2b,STANDBY,REACHED
2026-08-18 18:24:16,robot_ec2b,LOCKED,REACHED
2026-08-18 18:24:18,robot_ec2b,STANDBY,REACHED
2026-08-18 18:24:21,robot_ec2b,MOVING,ACTIVE
2026-08-18 18:24:41,robot_ec2b,MANUAL,REACHED
2026-08-18 18:24:42,robot_ec2b,LOCKED,REACHED
2026-08-18 18:24:44,robot_ec2b,STANDBY,REACHED
2026-08-18 18:24:47,robot_ec2b,MOVING,ACTIVE
2026-08-18 18:25:13,robot_ec2b,MANUAL,REACHED
2026-08-18 18:25:13,robot_ec2b,STANDBY,REACHED
2026-08-18 18:25:14,robot_ec2b,LOCKED,REACHED
2026-08-18 18:25:16,robot_ec2b,STANDBY,REACHED
2026-08-18 18:25:18,robot_ec2b,STANDBY,ACTIVE
2026-08-18 18:25:19,robot_ec2b,MOVING,ACTIVE
2026-08-18 18:25:39,robot_ec2b,MANUAL,REACHED
2026-08-18 18:25:40,robot_ec2b,LOCKED,REACHED
2026-08-18 18:25:42,robot_ec2b,STANDBY,REACHED
2026-08-18 18:25:44,robot_ec2b,STANDBY,ACTIVE
2026-08-18 18:25:45,robot_ec2b,MOVING,ACTIVE
2026-08-18 18:26:07,robot_ec2b,LOCKED,REACHED
2026-08-18 18:26:10,robot_ec2b,STANDBY,REACHED
2026-08-18 18:26:12,robot_ec2b,STANDBY,ACTIVE
2026-08-18 18:26:13,robot_ec2b,MOVING,ACTIVE
2026-08-18 18:26:33,robot_ec2b,MANUAL,REACHED
2026-08-18 18:26:34,robot_ec2b,LOCKED,REACHED
2026-08-18 18:26:36,robot_ec2b,STANDBY,REACHED
2026-08-18 18:26:38,robot_ec2b,STANDBY,ACTIVE
2026-08-18 18:26:39,robot_ec2b,MOVING,ACTIVE
2026-08-18 18:27:05,robot_ec2b,MOVING,REACHED
2026-08-18 18:27:06,robot_ec2b,STANDBY,REACHED
2026-08-18 18:27:07,robot_ec2b,LOCKED,REACHED
2026-08-18 18:27:09,robot_ec2b,STANDBY,REACHED
2026-08-18 18:27:11,robot_ec2b,STANDBY,ACTIVE
2026-08-18 18:27:12,robot_ec2b,MOVING,ACTIVE
2026-08-18 18:27:32,robot_ec2b,MOVING,REACHED
2026-08-18 18:27:32,robot_ec2b,LOCKED,REACHED
2026-08-18 18:27:35,robot_ec2b,STANDBY,REACHED
2026-08-18 18:27:37,robot_ec2b,STANDBY,ACTIVE
2026-08-18 18:27:38,robot_ec2b,MOVING,ACTIVE
2026-08-18 18:28:06,robot_ec2b,MANUAL,REACHED
2026-08-18 18:28:06,robot_ec2b,LOCKED,REACHED
2026-08-18 18:28:09,robot_ec2b,STANDBY,REACHED
2026-08-18 18:28:11,robot_ec2b,STANDBY,ACTIVE
2026-08-18 18:28:12,robot_ec2b,MOVING,ACTIVE
2026-08-18 18:28:32,robot_ec2b,MOVING,REACHED
2026-08-18 18:28:32,robot_ec2b,LOCKED,REACHED
2026-08-18 18:28:35,robot_ec2b,STANDBY,REACHED
2026-08-18 18:28:37,robot_ec2b,STANDBY,ACTIVE
2026-08-18 18:28:38,robot_ec2b,MOVING,ACTIVE
2026-08-18 18:29:04,robot_ec2b,MOVING,REACHED
2026-08-18 18:29:05,robot_ec2b,STANDBY,REACHED
2026-08-18 18:29:05,robot_ec2b,LOCKED,REACHED
2026-08-18 18:29:08,robot_ec2b,STANDBY,REACHED
2026-08-18 18:29:10,robot_ec2b,STANDBY,ACTIVE
2026-08-18 18:29:11,robot_ec2b,MOVING,ACTIVE
2026-08-18 18:29:31,robot_ec2b,MOVING,REACHED
2026-08-18 18:29:32,robot_ec2b,STANDBY,REACHED
2026-08-18 18:29:32,robot_ec2b,LOCKED,REACHED
2026-08-18 18:29:35,robot_ec2b,STANDBY,REACHED
2026-08-18 18:29:37,robot_ec2b,STANDBY,ACTIVE
2026-08-18 18:29:38,robot_ec2b,MOVING,ACTIVE
2026-08-18 18:30:04,robot_ec2b,MOVING,REACHED
2026-08-18 18:30:04,robot_ec2b,LOCKED,REACHED
2026-08-18 18:30:07,robot_ec2b,STANDBY,REACHED
2026-08-18 18:30:09,robot_ec2b,STANDBY,ACTIVE
2026-08-18 18:30:10,robot_ec2b,MOVING,ACTIVE
2026-08-18 18:30:30,robot_ec2b,MANUAL,REACHED
2026-08-18 18:30:30,robot_ec2b,LOCKED,REACHED
2026-08-18 18:30:33,robot_ec2b,STANDBY,REACHED
2026-08-18 18:30:35,robot_ec2b,STANDBY,ACTIVE
2026-08-18 18:30:36,robot_ec2b,MOVING,ACTIVE
2026-08-18 18:31:00,robot_ec2b,MANUAL,REACHED
2026-08-18 18:31:01,robot_ec2b,STANDBY,REACHED
2026-08-18 18:31:01,robot_ec2b,LOCKED,REACHED
2026-08-18 18:31:04,robot_ec2b,STANDBY,REACHED
2026-08-18 18:31:06,robot_ec2b,STANDBY,ACTIVE
2026-08-18 18:31:07,robot_ec2b,MOVING,ACTIVE
2026-08-18 18:31:27,robot_ec2b,MANUAL,REACHED
2026-08-18 18:31:28,robot_ec2b,STANDBY,REACHED
2026-08-18 18:31:28,robot_ec2b,LOCKED,REACHED
2026-08-18 18:31:31,robot_ec2b,STANDBY,REACHED
2026-08-18 18:31:33,robot_ec2b,STANDBY,ACTIVE
2026-08-18 18:31:34,robot_ec2b,MOVING,ACTIVE
2026-08-18 18:31:58,robot_ec2b,MOVING,REACHED
2026-08-18 18:31:59,robot_ec2b,STANDBY,REACHED
2026-08-18 18:31:59,robot_ec2b,LOCKED,REACHED
2026-08-18 18:32:02,robot_ec2b,STANDBY,REACHED
2026-08-18 18:32:04,robot_ec2b,MOVING,ACTIVE
2026-08-18 18:32:24,robot_ec2b,MOVING,REACHED
2026-08-18 18:32:25,robot_ec2b,STANDBY,REACHED
2026-08-18 18:32:25,robot_ec2b,LOCKED,REACHED
2026-08-18 18:32:28,robot_ec2b,STANDBY,REACHED
2026-08-18 18:32:30,robot_ec2b,MOVING,ACTIVE
2026-08-18 18:33:00,robot_ec2b,MANUAL,REACHED
2026-08-18 18:33:00,robot_ec2b,LOCKED,REACHED
2026-08-18 18:33:02,robot_ec2b,STANDBY,REACHED
2026-08-18 18:33:05,robot_ec2b,MOVING,ACTIVE
2026-08-18 18:33:26,robot_ec2b,STANDBY,REACHED
2026-08-18 18:33:26,robot_ec2b,LOCKED,REACHED
2026-08-18 18:33:28,robot_ec2b,STANDBY,REACHED
2026-08-18 18:33:31,robot_ec2b,STANDBY,ACTIVE
2026-08-18 18:33:31,robot_ec2b,MOVING,ACTIVE
2026-08-18 18:33:55,robot_ec2b,MOVING,REACHED
2026-08-18 18:33:56,robot_ec2b,STANDBY,REACHED
2026-08-18 18:33:56,robot_ec2b,LOCKED,REACHED
2026-08-18 18:33:58,robot_ec2b,STANDBY,REACHED
2026-08-18 18:34:01,robot_ec2b,MOVING,ACTIVE
2026-08-18 18:34:21,robot_ec2b,MOVING,REACHED
2026-08-18 18:34:22,robot_ec2b,STANDBY,REACHED
2026-08-18 18:34:22,robot_ec2b,LOCKED,REACHED
2026-08-18 18:34:24,robot_ec2b,STANDBY,REACHED
2026-08-18 18:34:27,robot_ec2b,MOVING,ACTIVE
2026-08-18 18:34:50,robot_ec2b,MOVING,REACHED
2026-08-18 18:34:51,robot_ec2b,LOCKED,REACHED
2026-08-18 18:34:53,robot_ec2b,STANDBY,REACHED
2026-08-18 18:34:56,robot_ec2b,STANDBY,ACTIVE
2026-08-18 18:34:56,robot_ec2b,MOVING,ACTIVE
2026-08-18 18:35:16,robot_ec2b,MOVING,REACHED
2026-08-18 18:35:17,robot_ec2b,LOCKED,REACHED
2026-08-18 18:35:19,robot_ec2b,STANDBY,REACHED
2026-08-18 18:35:22,robot_ec2b,STANDBY,ACTIVE
2026-08-18 18:35:22,robot_ec2b,MOVING,ACTIVE
2026-08-18 18:35:46,robot_ec2b,MANUAL,REACHED
2026-08-18 18:35:46,robot_ec2b,STANDBY,REACHED
2026-08-18 18:35:47,robot_ec2b,LOCKED,REACHED
2026-08-18 18:35:49,robot_ec2b,STANDBY,REACHED
2026-08-18 18:35:52,robot_ec2b,STANDBY,ACTIVE
2026-08-18 18:35:52,robot_ec2b,MOVING,ACTIVE
